# https://github.com/mikedh/trimesh

o m16.off
v 0.53153800 0.06804790 0.33036200
v 0.49336600 0.08179830 0.34845600
v 0.55069500 0.05884010 0.32359100
v 0.56241700 0.05143650 0.32138400
v 0.54092100 0.07279940 0.32798300
v 0.55271400 0.06287260 0.32296100
v 0.53742300 0.06762800 0.32678300
v 0.51300600 0.07373670 0.33627200
v 0.51539000 0.08048840 0.33891500
v 0.51424300 0.07128810 0.34074000
v 0.50576100 0.07465250 0.33903900
v 0.50237200 0.07379710 0.34097200
v 0.54233400 0.06992530 0.32859100
v 0.49407800 0.07168960 0.35000000
v 0.49026600 0.07997420 0.35037100
v 0.49144300 0.07436060 0.34397500
v 0.49208600 0.08064500 0.34506000
v 0.48957900 0.07143280 0.34871200
v 0.49264800 0.07020630 0.34675700
v 0.49440900 0.07765890 0.35101500
v 0.54006300 0.06877680 0.33083900
v 0.55296700 0.06282990 0.32473900
v 0.49077900 0.07465730 0.35146800
v 0.50373800 0.07458890 0.34697400
v 0.50428800 0.07489720 0.34573600
v 0.50396100 0.07972130 0.34444000
v 0.55047700 0.05693300 0.32574900
v 0.51336400 0.07681740 0.34140100
v 0.51327000 0.07006400 0.33856200
v 0.51413500 0.07949670 0.33677700
v 0.51194900 0.07148170 0.34022500
v 0.53359100 0.07324490 0.33292800
v 0.51303000 0.07418230 0.34147100
v 0.51542900 0.07685340 0.34104200
v 0.53183400 0.07283930 0.32908500
v 0.53234700 0.07565380 0.32984800
v 0.51100200 0.08117010 0.33961700
v 0.50192200 0.08174590 0.34288400
v 0.53408800 0.07544430 0.33099500
v 0.48894100 0.07955690 0.34713700
v 0.48854200 0.07499470 0.34613800
v 0.53242600 0.07745250 0.33168400
v 0.51157100 0.08003580 0.34182100
v 0.50089400 0.07764070 0.34021700
v 0.50274100 0.07939370 0.34170500
v 0.51146600 0.07189840 0.33873900
v 0.53606900 0.06408550 0.32954300
v 0.51242600 0.07899410 0.33787700
v 0.56073700 0.04852980 0.32245400
v 0.54042400 0.07166120 0.32666300
v 0.50915100 0.07869400 0.33810400
v 0.55187700 0.05946610 0.32629900
v 0.50982100 0.07105070 0.34127500
v 0.56141800 0.04907410 0.32318000
v 0.50933100 0.07185710 0.33899600
v 0.50264900 0.07042860 0.34465300
v 0.50359700 0.07201710 0.34370300
v 0.50143000 0.07148360 0.34138600
v 0.53757700 0.06445410 0.33097700
v 0.53273800 0.06843030 0.33287200
v 0.53202900 0.06733960 0.33185200
v 0.50324300 0.08043700 0.34595900
v 0.51327200 0.07983650 0.33963000
v 0.51139300 0.07470200 0.33743500
v 0.67367000 0.25350800 0.24147800
v 0.67939200 0.26545700 0.24372100
v 0.67083900 0.26057600 0.23265400
v 0.68217800 0.25587100 0.23659400
v 0.67447700 0.26801100 0.23622200
v 0.47388000 0.07410260 0.35189500
v 0.75152200 0.22186600 0.21033200
v 0.80125800 0.18983500 0.18781900
v 0.46998700 0.07991260 0.34645700
v 0.80382600 0.19376500 0.18325000
v 0.49340100 0.04757090 0.31947900
v 0.48547400 0.04998030 0.32948400
v 0.48867000 0.05129650 0.31165300
v 0.67873400 0.25877400 0.23152400
v 0.75168800 0.22260700 0.20613400
v 0.77205900 0.21580100 0.20625700
v 0.48274400 0.05460040 0.31088500
v 0.80617900 0.19054400 0.19269800
v 0.80787000 0.19538700 0.18469000
v 0.72395500 0.24035800 0.21645300
v 0.48087800 0.06131950 0.31249300
v 0.49951200 0.06864730 0.30994200
v 0.49184600 0.07317780 0.30625500
v 0.48996500 0.07155900 0.31177900
v 0.50111200 0.06055020 0.30061900
v 0.78548700 0.21073600 0.19376600
v 0.50179800 0.06259520 0.30892900
v 0.80803900 0.19601900 0.19186700
v 0.80929500 0.19616000 0.18727300
v 0.78452200 0.21344900 0.19881500
v 0.67997400 0.26260200 0.23226100
v 0.93316600 0.12807800 0.15909900
v 0.97149900 0.09984690 0.14992600
v 0.82507100 0.18768000 0.18224600
v 0.67029300 0.25488400 0.23746700
v 0.89955900 0.15037400 0.16870000
v 0.82867900 0.18167200 0.18415600
v 0.68367100 0.25979900 0.23989700
v 0.81003300 0.18945800 0.18774500
v 0.96875200 0.09806700 0.15022900
v 0.97092500 0.09868980 0.15176900
v 0.82478900 0.18835600 0.18636600
v 0.66684000 0.27013600 0.24646700
v 0.93685700 0.12643800 0.16047100
v 0.65434600 0.26546700 0.25052300
v 0.96983400 0.09908460 0.14907200
v 0.65975800 0.25928900 0.25402500
v 0.89670400 0.14579600 0.16874700
v 0.82916600 0.18258300 0.18142500
v 0.93685700 0.12325100 0.15843300
v 0.65693100 0.24855100 0.24855000
v 0.48917100 0.06650370 0.29854700
v 0.81044800 0.19210600 0.18973400
v 0.93571400 0.12305500 0.16139200
v 0.88929800 0.15320700 0.17425300
v 0.93656400 0.12518100 0.16200500
v 0.66264500 0.26733200 0.24104700
v 0.48590700 0.05432670 0.30190900
v 0.67761700 0.25631200 0.24546800
v 0.49518400 0.05572810 0.31650600
v 0.66920300 0.26404000 0.25211100
v 0.65700200 0.26399800 0.25500400
v 0.62951700 0.24478300 0.26058500
v 0.49181400 0.05355120 0.33002500
v 0.50572900 0.08518290 0.29492200
v 0.49783300 0.07236400 0.29574300
v 0.63177700 0.24683900 0.25436100
v 0.50403200 0.08204680 0.29079400
v 0.65746900 0.25098600 0.25920900
v 0.51718800 0.07498150 0.29607500
v 0.97473900 0.09583200 0.14925200
v 0.61516800 0.20788300 0.27154200
v 0.62500200 0.21483100 0.26591300
v 0.51508900 0.07746710 0.30000000
v 0.50227500 0.06256360 0.30051200
v 0.50638800 0.08087690 0.28680600
v 0.60399100 0.20662200 0.26063200
v 0.61314000 0.21121400 0.25751800
v 0.51040400 0.07810280 0.28522100
v 0.48021700 0.04790040 0.31473000
v 0.47861000 0.05045290 0.32690900
v 0.50371100 0.06700020 0.29075900
v 0.50169500 0.06880770 0.30139200
v 0.48372900 0.06944810 0.30359400
v 0.48230000 0.06384380 0.30099200
v 0.65127200 0.25650600 0.26262500
v 0.49748000 0.06797970 0.30070200
v 0.58839100 0.18717700 0.27680500
v 0.58445200 0.17523900 0.28032200
v 0.50921500 0.08191440 0.30106700
v 0.64508500 0.26216100 0.25194100
v 0.62291700 0.21204400 0.26166800
v 0.62247700 0.21590600 0.25712300
v 0.51617700 0.07378340 0.29109000
v 0.51470900 0.07589520 0.28687400
v 0.49520300 0.05693810 0.29634200
v 0.68225400 0.26464500 0.23551300
v 0.47785800 0.06459850 0.31469300
v 0.48475500 0.06631640 0.31476300
v 0.48008300 0.07785450 0.32790200
v 0.47179200 0.08041300 0.33812900
v 0.48319800 0.07019950 0.34946200
v 0.48640400 0.07463780 0.34721500
v 0.68326600 0.26052600 0.23636600
v 0.46890600 0.07126150 0.34384600
v 0.65937800 0.25685500 0.24960200
v 0.49128300 0.05997860 0.29656400
v 0.46866200 0.07592940 0.34030400
v 0.47393500 0.05487360 0.32344400
v 0.49739100 0.05948090 0.29858500
v 0.47531600 0.05730660 0.31377600
v 0.48846500 0.06082450 0.29557600
v 0.49082800 0.06845160 0.31965400
v 0.48611800 0.07937830 0.34377500
v 0.49757100 0.05348250 0.30638700
v 0.48635500 0.07769600 0.33080700
v 0.47788100 0.06768190 0.34948200
v 0.47589100 0.08410610 0.34434500
v 0.47245700 0.06805060 0.34730900
v 0.49940400 0.06374690 0.30116100
v 0.49668500 0.06462360 0.29172600
v 0.64794800 0.25511200 0.24359900
v 0.49585500 0.06380130 0.32152200
v 0.49772000 0.05609850 0.32216800
v 0.48023200 0.08347800 0.34712700
v 0.49228000 0.06443140 0.31801700
v 0.65884100 0.25402900 0.24381000
v 0.48044600 0.07688920 0.35210300
v 0.67965200 0.25589700 0.23381500
v 0.80734200 0.18913600 0.18595800
v 0.65565400 0.26057900 0.24625300
v 0.64616700 0.25918000 0.26087300
v 0.50004600 0.05911530 0.29424000
v 0.49511600 0.06899860 0.30208300
v 0.51600300 0.22076400 0.18641100
v 0.51944900 0.21956900 0.16979700
v 0.51499400 0.22254000 0.16975100
v 0.64038400 0.04474730 0.02510660
v 0.52811900 0.23149500 0.17143400
v 0.51557400 0.22973500 0.16597300
v 0.52805000 0.22125300 0.16695200
v 0.52269700 0.23496400 0.16887000
v 0.52032900 0.22495900 0.16041200
v 0.52409900 0.22330400 0.16047500
v 0.54850700 0.18841400 0.12795000
v 0.56248500 0.16315800 0.11263900
v 0.55838500 0.17806100 0.11576600
v 0.57141900 0.14915000 0.09783240
v 0.56677100 0.16417200 0.11606800
v 0.55136700 0.18539400 0.12983700
v 0.45351200 0.07848980 0.34345100
v 0.45654500 0.06708880 0.30929200
v 0.45228400 0.06237230 0.30701200
v 0.56194800 0.17863700 0.11586100
v 0.57646200 0.15304000 0.09895280
v 0.55592500 0.18790100 0.12930900
v 0.57990700 0.15023600 0.10370900
v 0.57671400 0.14385000 0.10006600
v 0.47189700 0.06535970 0.29935100
v 0.63774300 0.04425780 0.02699530
v 0.61045100 0.09669470 0.05965300
v 0.57501900 0.14580200 0.09726650
v 0.60245000 0.10798400 0.06473080
v 0.46473400 0.07135960 0.29485900
v 0.58519400 0.13391400 0.08998690
v 0.62592800 0.07052670 0.03862030
v 0.61159500 0.10191900 0.06154640
v 0.57925000 0.14590500 0.10085500
v 0.51265200 0.22602600 0.20135800
v 0.51889900 0.22362400 0.18936900
v 0.63991300 0.04467650 0.02814450
v 0.63870500 0.04487900 0.02500000
v 0.57681400 0.14533800 0.10572200
v 0.62612300 0.07345110 0.03853730
v 0.58158000 0.14183300 0.09040150
v 0.61334900 0.09766750 0.05353480
v 0.62819400 0.07139970 0.04106460
v 0.62633800 0.06983600 0.04028040
v 0.62807800 0.07358590 0.03973820
v 0.57888600 0.14918900 0.09862830
v 0.51124000 0.22891000 0.19002500
v 0.51308300 0.23299700 0.17967700
v 0.51640300 0.22850600 0.19188500
v 0.52780600 0.22718800 0.17740200
v 0.49926400 0.15995800 0.23576000
v 0.50924800 0.18914000 0.21255000
v 0.46164800 0.07256530 0.29494100
v 0.47553900 0.08257750 0.28452200
v 0.46981300 0.07107420 0.30188500
v 0.45474000 0.07188310 0.30432000
v 0.52123000 0.22006200 0.19620200
v 0.47603500 0.07833140 0.27852200
v 0.45383700 0.05620070 0.30377000
v 0.45981700 0.05313140 0.30256700
v 0.49367300 0.18766100 0.21459500
v 0.45223200 0.04883940 0.30674900
v 0.49517600 0.18190300 0.21389700
v 0.45695800 0.04769490 0.32007200
v 0.46163500 0.08058280 0.27554600
v 0.44943000 0.07032920 0.34701300
v 0.50444100 0.18245000 0.21289500
v 0.50188300 0.18886900 0.20707800
v 0.47313500 0.07714450 0.27473700
v 0.46818200 0.07704140 0.27324000
v 0.46153000 0.07384530 0.28149700
v 0.46217600 0.07741220 0.28688800
v 0.46499500 0.08781220 0.28344800
v 0.50366000 0.21484200 0.20744800
v 0.50061600 0.21360700 0.20361300
v 0.45913400 0.07777310 0.34452500
v 0.46188000 0.08569820 0.28021600
v 0.45716800 0.06944050 0.29250500
v 0.51821300 0.22356700 0.19997400
v 0.46718200 0.05691870 0.30660400
v 0.46957200 0.08722940 0.28514700
v 0.45490900 0.05773490 0.29442600
v 0.49664400 0.16117500 0.23921200
v 0.46852000 0.07733560 0.28912300
v 0.46277400 0.06180110 0.28762400
v 0.44642800 0.07100040 0.33906100
v 0.44719900 0.05793330 0.30867200
v 0.45912500 0.06447750 0.28930700
v 0.44745700 0.06573270 0.34144600
v 0.44802600 0.05365830 0.31772800
v 0.46155500 0.07538200 0.32638400
v 0.47122900 0.07161470 0.28720800
v 0.46348200 0.06861550 0.31309600
v 0.46410900 0.07469180 0.33930000
v 0.45173200 0.06136510 0.34270800
v 0.51552400 0.21379900 0.18634600
v 0.51185900 0.22197100 0.18573600
v 0.45848900 0.05793900 0.33847300
v 0.45476200 0.07572370 0.32496200
v 0.44896000 0.07599640 0.33723300
v 0.44977900 0.06505100 0.31039600
v 0.57114200 0.14474600 0.10199300
v 0.46515900 0.06946900 0.34181700
v 0.46319100 0.06396970 0.34283100
v 0.63984000 0.04376110 0.02646950
v 0.52715700 0.22381500 0.16197600
v 0.52831900 0.23137100 0.16281000
v 0.52216100 0.23120800 0.16032700
v 0.52841600 0.22741700 0.16167700
v 0.50987300 0.22555100 0.18702800
v 0.50455600 0.21906800 0.18714700
v 0.52081800 0.21606900 0.19156300
v 0.52990000 0.22519200 0.16434700
v 0.46782200 0.07023440 0.28109000
v 0.46220300 0.06615960 0.28405600
v 0.46731700 0.05674460 0.29602900
v 0.45863900 0.06770460 0.34897500
v 0.46881400 0.05046110 0.31055700
v 0.46886100 0.06399000 0.31291200
v 0.45583800 0.07445390 0.29892600
v 0.46823500 0.06898260 0.29386600
v 0.46892000 0.06425910 0.29075000
v 0.46452000 0.07466310 0.30305600
v 0.50619700 0.22707200 0.19487800
v 0.52107600 0.23351800 0.18302100
v 0.46460600 0.06503500 0.31045100
v 0.52581200 0.23004100 0.16037500
v 0.52269900 0.22778400 0.15946500
v 0.47094300 0.05639720 0.31170300
v 0.46664100 0.06475600 0.29031100
v 0.46871800 0.06579120 0.28602700
v 0.45498700 0.06663290 0.28970200
v 0.45107600 0.06703210 0.29620400
v 0.46241600 0.04705370 0.30775700
v 0.24587100 0.22274500 0.19178100
v 0.25191900 0.23109100 0.18658500
v 0.25222200 0.21654600 0.17883300
v 0.24153400 0.21891300 0.17573700
v 0.41413100 0.06670030 0.35087600
v 0.19022200 0.17835000 0.15952300
v 0.17436700 0.16184700 0.15271500
v 0.19007400 0.17307800 0.16224500
v 0.16612200 0.14982000 0.15239200
v 0.40991100 0.04740480 0.30819200
v 0.41142900 0.04820280 0.32143500
v 0.14423000 0.13870300 0.13954800
v 0.17059100 0.16606600 0.15601800
v 0.18143100 0.16917100 0.16301300
v 0.14483800 0.13489500 0.14810900
v 0.15797900 0.15419400 0.15423300
v 0.14249300 0.13765500 0.14533700
v 0.14270800 0.13099200 0.13989400
v 0.14286500 0.13052600 0.14360500
v 0.02775900 0.02773700 0.09601080
v 0.40904700 0.06781460 0.31261900
v 0.41323100 0.07580200 0.30133300
v 0.41428600 0.07300860 0.30666800
v 0.11149700 0.10803100 0.12991700
v 0.07602310 0.08110220 0.12236000
v 0.41797900 0.06846890 0.29834100
v 0.14180500 0.13354600 0.14556800
v 0.40386900 0.07280380 0.29695800
v 0.05038630 0.05719860 0.10944400
v 0.02709120 0.02972410 0.09505900
v 0.05185980 0.05432100 0.10668900
v 0.27368000 0.21452900 0.20118800
v 0.27376900 0.21751400 0.20633600
v 0.05037500 0.05265020 0.10806500
v 0.09412310 0.09185300 0.12551600
v 0.05324370 0.05604040 0.11132400
v 0.07676070 0.08394900 0.11961300
v 0.23508700 0.21364000 0.18161900
v 0.14087400 0.13555000 0.14133000
v 0.41476600 0.07801450 0.34610700
v 0.05115250 0.05710560 0.10694300
v 0.23676200 0.21098600 0.18269500
v 0.24515700 0.21165000 0.18743700
v 0.23753600 0.21201000 0.17805400
v 0.23992200 0.21162400 0.17754600
v 0.26628300 0.23294600 0.19649800
v 0.24822100 0.21157800 0.18150900
v 0.27722100 0.22904500 0.20028800
v 0.27683200 0.22276300 0.19444000
v 0.27707500 0.22118300 0.21030300
v 0.40713300 0.07544260 0.29849300
v 0.40453000 0.07588240 0.30547000
v 0.39714000 0.06678580 0.30129300
v 0.28127800 0.22723100 0.19622800
v 0.41613300 0.06156380 0.29735300
v 0.41365200 0.05593760 0.30444200
v 0.41671600 0.06343580 0.30880400
v 0.39709400 0.07063700 0.29071800
v 0.38685000 0.07806200 0.28262500
v 0.32756300 0.15668600 0.24439200
v 0.41995500 0.05241230 0.30960400
v 0.29982000 0.18814800 0.22089500
v 0.41896900 0.07132680 0.34860000
v 0.38834100 0.08138350 0.28948900
v 0.40054000 0.06966690 0.28531100
v 0.38879300 0.07796940 0.27803200
v 0.39285600 0.07951580 0.27537300
v 0.30662800 0.18254200 0.22022300
v 0.30552400 0.18996500 0.21384200
v 0.34847400 0.14334200 0.25750800
v 0.33145600 0.15751600 0.24811200
v 0.39384500 0.08657670 0.29018700
v 0.29144100 0.21439400 0.21755900
v 0.39847000 0.07699410 0.29320900
v 0.02867900 0.02908700 0.09347830
v 0.40442000 0.07524260 0.28407400
v 0.31754700 0.18239800 0.22067500
v 0.28751500 0.22145800 0.19386900
v 0.41892100 0.06586260 0.31220900
v 0.42155700 0.05887030 0.31034900
v 0.41010200 0.06614090 0.29129000
v 0.41256200 0.07068400 0.29394000
v 0.32116400 0.18361600 0.22418300
v 0.39915400 0.08336820 0.27684800
v 0.29750400 0.21384600 0.21639400
v 0.39922800 0.07235470 0.30407700
v 0.39980700 0.08765950 0.28282200
v 0.39730200 0.08861530 0.28695600
v 0.40395200 0.07903700 0.28962800
v 0.41014300 0.07302960 0.29652300
v 0.41279400 0.06670210 0.29091100
v 0.40633400 0.06364230 0.28952200
v 0.39805900 0.05767550 0.31315700
v 0.26556600 0.22292200 0.19976600
v 0.40533700 0.06943030 0.31527800
v 0.40680400 0.07559390 0.32878300
v 0.39989900 0.06491530 0.31503300
v 0.23574500 0.21883200 0.18029500
v 0.14795700 0.13360800 0.13818200
v 0.40414200 0.07443290 0.34173700
v 0.42183300 0.07069240 0.34147900
v 0.26832100 0.23443900 0.19105100
v 0.42097700 0.06471960 0.34285800
v 0.40100600 0.06636940 0.33678000
v 0.28269100 0.22708100 0.20742600
v 0.40495000 0.06346550 0.34468700
v 0.40172800 0.06800720 0.29360200
v 0.41272600 0.06998640 0.31425900
v 0.41934500 0.07572310 0.33973200
v 0.41359200 0.07605040 0.32769300
v 0.41030800 0.06047370 0.34543100
v 0.41640800 0.06095460 0.34475500
v 0.02500000 0.02500000 0.09320720
v 0.02941300 0.02772060 0.09445830
v 0.28933100 0.22636200 0.20313800
v 0.14720900 0.13131100 0.14669700
v 0.23871000 0.22299400 0.18011700
v 0.23838700 0.21731900 0.17667300
v 0.14886700 0.13076600 0.14189900
v 0.40676400 0.07044870 0.34992000
v 0.40911700 0.07729060 0.34709700
v 0.40000700 0.05146980 0.31202900
v 0.40529100 0.06554620 0.29134500
v 0.27251700 0.22469400 0.19984900
v 0.23552500 0.21767100 0.18465800
v 0.40785800 0.05715010 0.29570000
v 0.40464100 0.05507950 0.30572800
v 0.39962900 0.06032860 0.29940300
v 0.40163400 0.06218220 0.31081600
v 0.39891400 0.06781560 0.29400900
v 0.27074800 0.22874200 0.18689600
v 0.25379600 0.22492900 0.17861800
v 0.27740900 0.21431600 0.19451100
v 0.27932400 0.22260900 0.19376000
v 0.39766500 0.20860300 0.19388500
v 0.40861800 0.21130900 0.20988000
v 0.41264300 0.21288400 0.19198100
v 0.39894700 0.21538200 0.19148500
v 0.40497300 0.20295400 0.19138600
v 0.41105900 0.20624600 0.19108300
v 0.40565100 0.21835600 0.19457800
v 0.40678800 0.21587300 0.20413900
v 0.39021000 0.17318500 0.13869200
v 0.39476500 0.19001200 0.15937600
v 0.40197400 0.20763700 0.18736000
v 0.44479200 0.05823100 0.30479400
v 0.38473100 0.16569900 0.12411100
v 0.43263800 0.06723060 0.30658000
v 0.39154200 0.18540200 0.14443200
v 0.43996700 0.06072830 0.29161200
v 0.39892800 0.18778100 0.15644800
v 0.44014500 0.06255040 0.30320800
v 0.42092300 0.06655020 0.29436700
v 0.40383000 0.20225100 0.17972000
v 0.42341100 0.05989800 0.29299600
v 0.39570400 0.17330300 0.13797300
v 0.42333800 0.06678360 0.28732500
v 0.42290400 0.07182210 0.29738800
v 0.40535200 0.21384100 0.18684500
v 0.43602400 0.07022530 0.28861900
v 0.40252800 0.21351000 0.18717400
v 0.39233200 0.18109200 0.13418600
v 0.38944900 0.16852200 0.12147200
v 0.43400700 0.06534110 0.28525100
v 0.39472400 0.16558000 0.12188000
v 0.39918600 0.18820100 0.14979100
v 0.39078900 0.16068800 0.12047100
v 0.38689600 0.15572600 0.11054100
v 0.37968900 0.14228100 0.08643240
v 0.40286000 0.20706400 0.21690600
v 0.38659800 0.16250700 0.12138900
v 0.41377200 0.21167100 0.20189200
v 0.41268500 0.20886000 0.20685600
v 0.38271200 0.13957400 0.08310290
v 0.37422400 0.11556600 0.05186030
v 0.36950300 0.09764650 0.03551070
v 0.40038700 0.20981500 0.18766800
v 0.37143800 0.09900160 0.03358250
v 0.37614300 0.11746700 0.05125400
v 0.40398600 0.21701800 0.18886500
v 0.38158000 0.13561600 0.07206730
v 0.37628900 0.13507500 0.07189870
v 0.39314300 0.15978700 0.12426500
v 0.37277400 0.11873400 0.05244720
v 0.40405400 0.20860900 0.20854800
v 0.37100000 0.09748580 0.03485160
v 0.38745900 0.16589200 0.12079800
v 0.40517700 0.20337300 0.20525500
v 0.36936700 0.09948730 0.03394800
v 0.37856700 0.13675400 0.07077620
v 0.43412700 0.07247250 0.27885400
v 0.39151400 0.16559400 0.11995400
v 0.43079100 0.07337900 0.29115500
v 0.37488000 0.12002300 0.05142880
v 0.40184400 0.20264700 0.20363700
v 0.44196500 0.06754590 0.29292900
v 0.43984600 0.07281250 0.29616200
v 0.40043300 0.21072000 0.20434100
v 0.43196500 0.07357820 0.30246200
v 0.40863600 0.16838200 0.22924100
v 0.40704000 0.17421000 0.23087700
v 0.42501500 0.06190720 0.30453800
v 0.42034500 0.08005090 0.27728000
v 0.43523600 0.08609880 0.27908900
v 0.42801500 0.05467060 0.29950300
v 0.42482700 0.15001000 0.24574800
v 0.41734000 0.20734300 0.21321900
v 0.42654000 0.04843960 0.30370000
v 0.41462300 0.19909300 0.22368000
v 0.43143700 0.08773570 0.28183200
v 0.42513100 0.07716880 0.27189600
v 0.41021200 0.17485900 0.22178500
v 0.42937200 0.07034310 0.34382900
v 0.41537400 0.17256300 0.22215000
v 0.43003600 0.07745880 0.27091100
v 0.43518300 0.06639390 0.34503100
v 0.40948000 0.19882700 0.22461300
v 0.42249700 0.08512190 0.28142600
v 0.42657600 0.08752450 0.28262200
v 0.43443100 0.07947560 0.27237400
v 0.41970500 0.17277000 0.22469300
v 0.37001600 0.09655560 0.03203670
v 0.42497800 0.15214700 0.23997500
v 0.43636000 0.08287310 0.27535200
v 0.41840200 0.20374200 0.20870000
v 0.41611300 0.19942200 0.20495700
v 0.42500900 0.07254160 0.27969500
v 0.43621000 0.07789180 0.34025500
v 0.42953300 0.06986910 0.27850400
v 0.43705300 0.05506210 0.29882800
v 0.43519600 0.07759010 0.28062400
v 0.43156200 0.05647940 0.28972500
v 0.43010600 0.07987340 0.28491500
v 0.42412500 0.07662940 0.28300900
v 0.43099600 0.06297430 0.28334900
v 0.42669000 0.07448780 0.33528900
v 0.42771600 0.06508220 0.28576300
v 0.42973200 0.07521810 0.32225600
v 0.42298100 0.06416780 0.30844200
v 0.42591700 0.06977860 0.28948700
v 0.42896900 0.06901460 0.30883900
v 0.44342000 0.06172330 0.33190500
v 0.39970100 0.20037300 0.20975500
v 0.44422800 0.06991060 0.33576100
v 0.42093700 0.05686750 0.30710000
v 0.42529300 0.06928780 0.33758100
v 0.42684700 0.04973530 0.31618400
v 0.42703200 0.06337660 0.33849800
v 0.43660000 0.07563730 0.32196500
v 0.44203700 0.07507500 0.33397900
v 0.43646700 0.06940880 0.30833400
v 0.38680600 0.15994000 0.12545700
v 0.43825200 0.06130780 0.33976900
v 0.43232700 0.06026080 0.33946700
v 0.43760900 0.04890190 0.31498700
v 0.43866600 0.06815930 0.28621200
v 0.40934300 0.19618300 0.20337100
v 0.44320500 0.05211760 0.30390200
v 0.44215200 0.06550410 0.30682300
v 0.41067200 0.20376000 0.20411700
v 0.41197800 0.20358900 0.20108500
v 0.43099400 0.07643390 0.29718900
v 0.40941400 0.21336800 0.18746800
v 0.40658200 0.20859500 0.18616800
v 0.40973500 0.21081300 0.21567700
v 0.43678900 0.04797630 0.30242700
v 0.44165700 0.07059190 0.34293600
v 0.43222200 0.07763460 0.34042900
v 0.40818300 0.09970620 0.35135900
v 0.39930700 0.10022200 0.34811700
v 0.20643200 0.03989450 0.36775100
v 0.40107000 0.08663360 0.34612500
v 0.40431900 0.08536840 0.35449200
v 0.19979000 0.04214510 0.36486100
v 0.35339200 0.04235420 0.36731000
v 0.34581500 0.04077400 0.36404900
v 0.39199400 0.08588990 0.34479200
v 0.38973500 0.07967980 0.34629400
v 0.19949900 0.03615860 0.37687500
v 0.20704200 0.03964540 0.37557400
v 0.20575800 0.04031730 0.37675400
v 0.20543400 0.04054340 0.37705700
v 0.20012100 0.03684280 0.37573300
v 0.20066700 0.04215230 0.37560600
v 0.32663000 0.07366970 0.45661500
v 0.20017900 0.04196160 0.37928100
v 0.20508600 0.04060950 0.37894600
v 0.20330600 0.03736820 0.37703900
v 0.20240000 0.04126910 0.37695700
v 0.20266100 0.04122970 0.37789800
v 0.19960900 0.03970330 0.37877400
v 0.20230400 0.03901240 0.37767700
v 0.20245400 0.03787760 0.37712600
v 0.20823700 0.03899400 0.37750700
v 0.20580900 0.04041060 0.37853900
v 0.20516800 0.03492950 0.37564800
v 0.20486200 0.03399560 0.37627500
v 0.20547700 0.03502740 0.37755800
v 0.20442700 0.03609040 0.37650400
v 0.20366700 0.03712880 0.37774800
v 0.20321600 0.03770540 0.37879200
v 0.20240500 0.03756190 0.37841800
v 0.19910300 0.03742400 0.37613800
v 0.20038700 0.03587970 0.37624300
v 0.20056400 0.03622570 0.37798500
v 0.19690200 0.04219380 0.36788800
v 0.40244500 0.09992660 0.39486100
v 0.40093300 0.08661010 0.39767900
v 0.40547900 0.08836620 0.39138600
v 0.40952100 0.09556590 0.38681800
v 0.39830100 0.07937170 0.39398700
v 0.40424700 0.08542450 0.38933200
v 0.40967500 0.09398060 0.36338300
v 0.40970000 0.09393580 0.38003800
v 0.40372900 0.08175510 0.38117600
v 0.39183600 0.08659320 0.40052200
v 0.39816000 0.09989360 0.39561400
v 0.38214300 0.06903430 0.37184600
v 0.38803600 0.08986280 0.39712800
v 0.40185400 0.10246100 0.35113200
v 0.38815200 0.08591810 0.39824000
v 0.38914100 0.07962450 0.39738300
v 0.20964600 0.03939480 0.36438900
v 0.20375700 0.04096930 0.37943200
v 0.39201100 0.08591510 0.39889300
v 0.38344900 0.07974500 0.39626500
v 0.38553400 0.08512300 0.39736900
v 0.38596100 0.08516320 0.34634400
v 0.39024200 0.09353230 0.34721600
v 0.39128300 0.08648610 0.34326200
v 0.40937800 0.09527580 0.35634000
v 0.32326100 0.06770600 0.44941700
v 0.38341000 0.08018900 0.34705400
v 0.39754900 0.10197800 0.37192100
v 0.40402900 0.08223120 0.36205400
v 0.40548300 0.08862150 0.35204800
v 0.40055000 0.08580540 0.34781100
v 0.38877000 0.07600020 0.39307900
v 0.39710700 0.07118300 0.36939100
v 0.39729500 0.07278410 0.37979800
v 0.38794800 0.07113930 0.38086700
v 0.38156400 0.07073230 0.36358500
v 0.38820400 0.07121050 0.36268300
v 0.39800300 0.07893400 0.34996300
v 0.38754900 0.07596390 0.35044900
v 0.38795700 0.06949720 0.37182400
v 0.39622100 0.08855860 0.34431000
v 0.41165800 0.10110300 0.37170900
v 0.40550600 0.10330200 0.38522600
v 0.20379300 0.04098110 0.37641500
v 0.41028500 0.10184500 0.35981200
v 0.40734000 0.10242200 0.37195300
v 0.41043000 0.10206800 0.38133700
v 0.40556700 0.10359800 0.36066400
v 0.39445800 0.10111600 0.39171800
v 0.40321100 0.10258900 0.37172200
v 0.39647500 0.10236700 0.36632200
v 0.19877700 0.04308000 0.36774400
v 0.39808400 0.10142800 0.37197900
v 0.40169300 0.10392900 0.38192400
v 0.32324000 0.06767310 0.29432700
v 0.40164400 0.10390800 0.36161800
v 0.32564000 0.05106080 0.31958000
v 0.33107100 0.09857900 0.46480200
v 0.32941000 0.03970280 0.35906600
v 0.32990700 0.03785460 0.37175900
v 0.33156000 0.03658810 0.36466500
v 0.33018700 0.04437520 0.34378400
v 0.32946400 0.03966590 0.38457800
v 0.32485000 0.07340690 0.45608400
v 0.32366500 0.05811670 0.43786400
v 0.33157100 0.03647640 0.37818200
v 0.33158900 0.03906620 0.35435100
v 0.33217500 0.04170890 0.34633600
v 0.32365600 0.05809920 0.30582800
v 0.19687600 0.04222910 0.37568300
v 0.19672700 0.04388670 0.37153700
v 0.19752400 0.04186830 0.37531800
v 0.19911400 0.04227480 0.37321200
v 0.19731600 0.04450790 0.37366800
v 0.19988200 0.03609860 0.36782800
v 0.20029800 0.03579570 0.36656800
v 0.20442400 0.03454460 0.36740000
v 0.40117400 0.10246600 0.39259200
v 0.20528100 0.04061870 0.36680600
v 0.20344100 0.03763730 0.36672600
v 0.20230000 0.03899750 0.36602900
v 0.20368300 0.04081550 0.36717400
v 0.20275700 0.03800580 0.36480500
v 0.20550800 0.04058750 0.36552100
v 0.19991200 0.03682490 0.36550200
v 0.20493300 0.03425600 0.36798200
v 0.20213300 0.04155870 0.36348900
v 0.20054800 0.04183600 0.36798700
v 0.19910300 0.03742460 0.36752800
v 0.20584000 0.04023230 0.36500100
v 0.20564800 0.04044600 0.36659100
v 0.20749000 0.03945680 0.36465700
v 0.20539300 0.03526160 0.36591800
v 0.20580500 0.03447690 0.36748200
v 0.32660700 0.07346470 0.28711400
v 0.20847500 0.03901800 0.36682100
v 0.20300000 0.03707650 0.36585100
v 0.20241300 0.03789760 0.36652200
v 0.20340900 0.04104520 0.36451200
v 0.20461600 0.04074740 0.36431600
v 0.20372600 0.03731590 0.36548000
v 0.20075700 0.04187600 0.36371800
v 0.20084700 0.03620980 0.36651000
v 0.20269500 0.04127680 0.36549600
v 0.32473200 0.07452610 0.28737300
v 0.20253500 0.04137320 0.36655200
v 0.20471900 0.03433030 0.36663400
v 0.20745700 0.03943370 0.36805400
v 0.20432200 0.04103180 0.36793500
v 0.20598100 0.04005590 0.37196100
v 0.20156000 0.04195440 0.36794300
v 0.32472300 0.06495040 0.29440900
v 0.20189700 0.04182940 0.37588300
v 0.19922600 0.04241110 0.37009300
v 0.25031400 0.04725210 0.41055700
v 0.23321100 0.04386310 0.37428900
v 0.22626800 0.04836990 0.39739100
v 0.29011800 0.07402980 0.45758100
v 0.20944000 0.03918720 0.37845300
v 0.22488100 0.04396360 0.38089900
v 0.25419800 0.03984840 0.38200800
v 0.30589000 0.03949010 0.40112700
v 0.29845900 0.05567210 0.43906600
v 0.30529600 0.04785940 0.42521300
v 0.26297200 0.03962130 0.39256300
v 0.31485700 0.05646980 0.43876400
v 0.23731200 0.04912540 0.40470000
v 0.26619900 0.05426110 0.43048800
v 0.20729500 0.03947680 0.37902500
v 0.20580100 0.03452410 0.37615000
v 0.26938500 0.04653240 0.41779500
v 0.31306600 0.06586830 0.45063100
v 0.22541100 0.05362860 0.40912000
v 0.29414800 0.04128450 0.40769300
v 0.32568400 0.05109100 0.42428000
v 0.27764900 0.03754500 0.39384700
v 0.23955400 0.04471910 0.38494100
v 0.26324600 0.06336540 0.44048600
v 0.24196600 0.07013700 0.44089800
v 0.24466400 0.05429640 0.42194500
v 0.29650200 0.06521940 0.45057200
v 0.39650200 0.10235100 0.37719200
v 0.34704200 0.04442230 0.35407300
v 0.34304000 0.03695760 0.36927900
v 0.40048200 0.08582240 0.39599200
v 0.22582100 0.04236550 0.37119400
v 0.39260200 0.09868780 0.34873600
v 0.39896400 0.17205200 0.37945200
v 0.39448700 0.10104500 0.35196100
v 0.17674800 0.14132300 0.37649300
v 0.23948400 0.15342700 0.29312400
v 0.25744300 0.04686760 0.32991300
v 0.36006100 0.19871500 0.30724500
v 0.29448600 0.24551000 0.35771000
v 0.32472500 0.06493150 0.44925000
v 0.40828400 0.09990010 0.39221600
v 0.24063800 0.04366320 0.37598600
v 0.31299400 0.06601910 0.29282300
v 0.28668300 0.03397360 0.37801900
v 0.18106600 0.14173100 0.39277300
v 0.39853300 0.16815400 0.39471700
v 0.27442200 0.03438830 0.37715800
v 0.35093800 0.10063500 0.45916200
v 0.23606600 0.15130500 0.44916100
v 0.40256500 0.15766100 0.37987400
v 0.18436300 0.16146900 0.38445200
v 0.35066400 0.06804110 0.30530000
v 0.32788200 0.04909870 0.31912200
v 0.29683100 0.13623600 0.27265700
v 0.37144000 0.19056600 0.31196000
v 0.28315800 0.11295700 0.46968100
v 0.20470400 0.03577780 0.37772700
v 0.22680000 0.12622100 0.44978300
v 0.20519300 0.04068690 0.37570500
v 0.34653000 0.19092500 0.45290900
v 0.33376800 0.19353800 0.45567700
v 0.19190300 0.06605110 0.39946200
v 0.28443500 0.22270200 0.42569300
v 0.26662500 0.21778200 0.42405300
v 0.39598900 0.10247800 0.38431200
v 0.36545800 0.05595920 0.36842900
v 0.35680000 0.06945970 0.43508800
v 0.34231600 0.04033270 0.38783800
v 0.39205400 0.10257700 0.40543000
v 0.26215800 0.10787800 0.46401800
v 0.31528700 0.19477300 0.45618800
v 0.21731800 0.13658500 0.44158200
v 0.39310700 0.18019000 0.40039800
v 0.27550900 0.24502300 0.38127600
v 0.26243700 0.22793000 0.33425100
v 0.18513000 0.12242800 0.33266700
v 0.31830800 0.13932600 0.27259200
v 0.33448000 0.09826420 0.27975100
v 0.35073300 0.08613510 0.28971600
v 0.37042600 0.07151700 0.32772800
v 0.33628200 0.05699120 0.30847500
v 0.33067700 0.04536850 0.33389000
v 0.21731800 0.13658500 0.30206800
v 0.35129700 0.23423400 0.37637400
v 0.21899600 0.21475400 0.37236200
v 0.20512300 0.04076220 0.38090100
v 0.40393900 0.14199400 0.37692800
v 0.19964900 0.04217330 0.36749300
v 0.20035300 0.15171000 0.42009600
v 0.30121600 0.22429100 0.42636000
v 0.39709600 0.14165400 0.41540500
v 0.37984000 0.07665780 0.34379900
v 0.36526600 0.18361700 0.44485200
v 0.20017400 0.05992690 0.40253000
v 0.24841700 0.13883600 0.45836900
v 0.23724600 0.07577820 0.44269000
v 0.36518900 0.05608450 0.37692000
v 0.37488900 0.06718420 0.35507800
v 0.38549000 0.08653900 0.34564800
v 0.35655800 0.06176800 0.31980000
v 0.35134800 0.07635580 0.29709600
v 0.28314200 0.09420710 0.27832400
v 0.28574700 0.08169130 0.28237100
v 0.27317800 0.04677540 0.32466000
v 0.38436600 0.11950100 0.30598900
v 0.22353600 0.10403100 0.29559400
v 0.27169200 0.20337900 0.30293900
v 0.40351300 0.14008700 0.36485200
v 0.20240200 0.17699600 0.33976300
v 0.25517100 0.23935500 0.37193500
v 0.32756700 0.08638850 0.28117700
v 0.33164100 0.03915700 0.38977400
v 0.38977500 0.09377830 0.39649100
v 0.17801500 0.10871000 0.39273100
v 0.38527600 0.19277700 0.40406600
v 0.31655500 0.04077760 0.34323900
v 0.29935000 0.05544800 0.30489900
v 0.23041600 0.16553400 0.44079200
v 0.31673100 0.15950900 0.46949900
v 0.31343800 0.17807700 0.46456700
v 0.35707100 0.12041100 0.46022500
v 0.22013700 0.06724410 0.42469800
v 0.32134700 0.08504540 0.46284500
v 0.29459400 0.03387010 0.36721600
v 0.35632200 0.08699380 0.45129300
v 0.27053000 0.03808980 0.35084500
v 0.35070600 0.04084990 0.37518200
v 0.32550900 0.05611380 0.43835900
v 0.25151400 0.06300610 0.30700400
v 0.33023800 0.04415070 0.39912800
v 0.31909700 0.04031680 0.39675800
v 0.21181500 0.05540230 0.40653800
v 0.24599500 0.04208150 0.36603800
v 0.29491800 0.13597400 0.47087800
v 0.39233400 0.14643100 0.42621000
v 0.21070900 0.12205200 0.43960500
v 0.36006100 0.19871500 0.43640500
v 0.22115900 0.04635150 0.35090200
v 0.18559900 0.07881850 0.39801700
v 0.29863800 0.23500300 0.41107600
v 0.39414000 0.10680800 0.33956300
v 0.28112400 0.23346600 0.41057300
v 0.27830400 0.24002600 0.39723700
v 0.33414800 0.11957500 0.27591000
v 0.33761700 0.14038400 0.27572200
v 0.39385700 0.18471800 0.38247500
v 0.24834500 0.10359700 0.28432100
v 0.24119600 0.11615800 0.28545300
v 0.17784500 0.12378400 0.39016600
v 0.18914500 0.05643950 0.37826000
v 0.31365000 0.24422900 0.35765300
v 0.39218400 0.14634700 0.31718600
v 0.38534800 0.15359200 0.30711100
v 0.19430500 0.18213000 0.35866700
v 0.24721600 0.19353000 0.30761100
v 0.29068900 0.15517700 0.27544700
v 0.28951300 0.17447500 0.28075300
v 0.21017700 0.12122700 0.30444700
v 0.20271300 0.11152400 0.31093600
v 0.31581200 0.17812600 0.27907400
v 0.37984500 0.13105400 0.29776300
v 0.35521800 0.04297330 0.37220900
v 0.35634100 0.05642590 0.33142900
v 0.33376800 0.19353800 0.28802400
v 0.31237000 0.19451400 0.28738700
v 0.31385100 0.20993200 0.30000500
v 0.33383200 0.08231900 0.28436000
v 0.20819500 0.14505700 0.31211400
v 0.20035300 0.15171000 0.32356900
v 0.19351100 0.05693360 0.35134600
v 0.19888400 0.04374370 0.36200400
v 0.20945400 0.05749080 0.33614500
v 0.38483100 0.19347200 0.33953100
v 0.37398200 0.20617200 0.33604300
v 0.39486300 0.15211200 0.32411500
v 0.26662500 0.21778200 0.31959700
v 0.24415500 0.21597700 0.33147900
v 0.19799500 0.13198200 0.31775200
v 0.17793800 0.10826900 0.35153600
v 0.17886600 0.09278260 0.35625300
v 0.36193700 0.21624500 0.33320200
v 0.40225300 0.15951700 0.36543300
v 0.18264100 0.07942760 0.35297900
v 0.29629600 0.24166600 0.34619800
v 0.31466000 0.24064100 0.34622400
v 0.31612100 0.23418300 0.33283100
v 0.29863800 0.23500300 0.33259000
v 0.18409000 0.16151400 0.36061900
v 0.27685900 0.24311600 0.35400200
v 0.28112400 0.23346600 0.33309200
v 0.39902800 0.17182700 0.36422800
v 0.17695300 0.14171100 0.36616000
v 0.33336600 0.23958800 0.38973800
v 0.33445900 0.24098000 0.37252600
v 0.31296800 0.24520000 0.37166600
v 0.24778300 0.20953000 0.42146500
v 0.19220000 0.18136700 0.37180400
v 0.18211300 0.16011200 0.37163000
v 0.28322100 0.09423640 0.46533700
v 0.38098200 0.06849430 0.37185500
v 0.36896800 0.07142730 0.41932600
v 0.34851400 0.07721590 0.44901100
v 0.37231100 0.13467300 0.45296100
v 0.22364900 0.08708740 0.44234700
v 0.21391400 0.09348270 0.43814200
v 0.33840000 0.16046600 0.46637100
v 0.33289600 0.17811100 0.46326300
v 0.25494700 0.17957700 0.44902400
v 0.23925000 0.18866900 0.43399600
v 0.18983400 0.13715500 0.41357700
v 0.34265500 0.03694330 0.37555800
v 0.31466000 0.24064100 0.39744200
v 0.33078900 0.04510960 0.40886200
v 0.32761400 0.04934840 0.42470000
v 0.38153000 0.07078630 0.38029800
v 0.32539900 0.07642800 0.45704700
v 0.33087500 0.08294000 0.46035500
v 0.32565900 0.05602000 0.30522900
v 0.22792500 0.20557700 0.33446900
v 0.19737200 0.10020400 0.31857700
v 0.37679300 0.15978400 0.29875600
v 0.19885700 0.04366220 0.38140700
v 0.25489800 0.03876330 0.37277300
v 0.25727400 0.23652100 0.38961500
v 0.37334700 0.06165130 0.36958000
v 0.35787600 0.04757600 0.37482800
v 0.18144100 0.07872930 0.38456200
v 0.17906400 0.09318220 0.38855100
v 0.33314300 0.05634070 0.43635300
v 0.22808500 0.20479100 0.41027300
v 0.24256100 0.21829400 0.40760100
v 0.33687900 0.05077580 0.42292700
v 0.36268200 0.21523400 0.41103700
v 0.37419900 0.20572600 0.40788000
v 0.30170000 0.07386360 0.45876100
v 0.19276100 0.05652080 0.39029000
v 0.37677000 0.11634400 0.44691300
v 0.37984500 0.13105400 0.44588800
v 0.21321800 0.16719400 0.42507800
v 0.38594500 0.12657500 0.43650800
v 0.22646700 0.10668200 0.45019300
v 0.33407500 0.20794100 0.44296600
v 0.34765800 0.20430200 0.44060800
v 0.34504400 0.17672700 0.45998200
v 0.39782200 0.13021100 0.40562000
v 0.36191800 0.17249600 0.45225000
v 0.19299900 0.08106790 0.41131100
v 0.19714700 0.10014300 0.42484200
v 0.20251400 0.11109800 0.43244600
v 0.28594300 0.19098400 0.45466300
v 0.28716600 0.17417400 0.46251300
v 0.37144000 0.19056600 0.43174100
v 0.25442600 0.19661400 0.43763600
v 0.37766500 0.15980000 0.44389200
v 0.38582900 0.15333300 0.43592400
v 0.27169200 0.20337900 0.44071100
v 0.20770000 0.07573910 0.42291800
v 0.18426000 0.09244500 0.40376300
v 0.26989900 0.14712300 0.46539600
v 0.27424900 0.13027200 0.46883100
v 0.40039800 0.15058700 0.39763200
v 0.36174800 0.15732500 0.45607300
v 0.35817400 0.13843000 0.46025500
v 0.31506600 0.23150100 0.41592100
v 0.19066600 0.15973900 0.40035600
v 0.20106900 0.17712600 0.40223000
v 0.34949000 0.23314900 0.38873000
v 0.24175800 0.09952380 0.45619300
v 0.25051900 0.08245870 0.45113300
v 0.36356000 0.22377300 0.38641300
v 0.31502300 0.11865100 0.47056200
v 0.32063100 0.09784230 0.46630000
v 0.19878800 0.04307280 0.37591000
v 0.38193400 0.10740500 0.43600300
v 0.39273800 0.09888490 0.39462100
v 0.23868500 0.04411270 0.37053400
v 0.18951300 0.05638810 0.36397000
v 0.23603300 0.22809900 0.37232200
v 0.36338500 0.22330400 0.35482000
v 0.40246100 0.12624800 0.37522000
v 0.19097300 0.13678500 0.32826400
v 0.26287700 0.16416900 0.28506600
v 0.36764700 0.10159100 0.29391800
v 0.22179300 0.05135440 0.33955900
v 0.23025300 0.04926630 0.34288300
v 0.29556000 0.09530060 0.46692900
v 0.23885700 0.04443770 0.36111200
v 0.29932900 0.08187380 0.46302700
v 0.26555700 0.03602380 0.36577100
v 0.33137200 0.06523790 0.44830500
v 0.33027300 0.07300780 0.45606000
v 0.27276800 0.05429440 0.31163200
v 0.31431900 0.05638790 0.30484800
v 0.33065700 0.07302060 0.28771900
v 0.35776200 0.10151600 0.28720500
v 0.36178800 0.08792540 0.29585000
v 0.35762800 0.05723900 0.41182500
v 0.35546500 0.05240410 0.34525500
v 0.33047200 0.06587760 0.29429000
v 0.31460200 0.07493840 0.28536600
v 0.30850900 0.03473010 0.36902900
v 0.24377700 0.07058240 0.30182800
v 0.37294300 0.06171470 0.37597800
v 0.26641600 0.03550870 0.37519400
v 0.25228200 0.04186420 0.35359000
v 0.37558400 0.08632280 0.42871900
v 0.23255700 0.05459680 0.32947300
v 0.37733900 0.07880890 0.41211800
v 0.38333700 0.09378180 0.32334800
v 0.37522700 0.09094870 0.30945400
v 0.37812700 0.10129000 0.30557400
v 0.21624700 0.05453730 0.33640700
v 0.32170200 0.09742910 0.27754700
v 0.35262300 0.04584970 0.35937100
v 0.35820900 0.04796040 0.36887200
v 0.30295500 0.08133200 0.28069400
v 0.31842000 0.11847400 0.27353600
v 0.25681600 0.09136770 0.28640600
v 0.29961800 0.04766310 0.31866000
v 0.36006800 0.13799100 0.28428600
v 0.36050900 0.15710500 0.28689200
v 0.27621300 0.13072700 0.27445400
v 0.23990100 0.07628120 0.29952100
v 0.23265200 0.06978210 0.30701900
v 0.26770900 0.14656500 0.27877300
v 0.20094300 0.07723110 0.32602800
v 0.19428500 0.08665470 0.32806400
v 0.38870800 0.16334100 0.31620700
v 0.22512900 0.06258660 0.32229700
v 0.28337200 0.19024500 0.28931800
v 0.21841400 0.06833390 0.31913400
v 0.35880700 0.11883500 0.28423400
v 0.19107600 0.11912700 0.32324600
v 0.20622600 0.06769720 0.32842700
v 0.39730800 0.12875800 0.33676000
v 0.31499900 0.15948700 0.27408900
v 0.40248300 0.12571700 0.36859200
v 0.33407500 0.20794100 0.30073500
v 0.34765800 0.20430200 0.30304200
v 0.34832400 0.21685900 0.32058600
v 0.22763700 0.16392200 0.30413100
v 0.22123000 0.17566000 0.31569000
v 0.39300100 0.18165200 0.34478600
v 0.21446700 0.19349700 0.33818400
v 0.17919200 0.12474200 0.34849100
v 0.18516500 0.06629260 0.36162900
v 0.34889000 0.22794600 0.33998700
v 0.33327700 0.23943900 0.35334300
v 0.37542600 0.21199800 0.35692500
v 0.38563100 0.19858100 0.35843800
v 0.18395600 0.06729180 0.37246300
v 0.39360300 0.18539800 0.36418500
v 0.20447700 0.19953500 0.37215400
v 0.27449000 0.24525400 0.36714900
v 0.17440500 0.12351300 0.37114700
v 0.20205000 0.04156540 0.38025600
v 0.31365000 0.24422900 0.38601200
v 0.29567900 0.24468400 0.38995400
v 0.23757900 0.22565500 0.38947100
v 0.22274200 0.17984500 0.42636000
v 0.28822800 0.20768500 0.44260700
v 0.31097900 0.20994100 0.44368200
v 0.38189200 0.07560350 0.35167600
v 0.33067400 0.08368150 0.28313400
v 0.23960300 0.11567700 0.45748600
v 0.38668200 0.10760300 0.42638300
v 0.39050600 0.12086500 0.42528300
v 0.39462300 0.10971000 0.40481200
v 0.31434300 0.07502740 0.45846700
v 0.35771300 0.06113750 0.42091100
v 0.33219200 0.04158440 0.39685000
v 0.35838300 0.05483410 0.39770800
v 0.37425900 0.10158300 0.44301700
v 0.19792000 0.04406860 0.37565800
v 0.38277700 0.09173450 0.41903100
v 0.38148200 0.07853560 0.39822000
v 0.19376800 0.18105600 0.38551600
v 0.36100000 0.06948620 0.31369000
v 0.20867800 0.19689400 0.39441800
v 0.18550300 0.06596660 0.38365200
v 0.37387600 0.08181870 0.31804700
v 0.33398700 0.22817300 0.41489700
v 0.29646000 0.06523110 0.29302700
v 0.18406400 0.10673200 0.40963900
v 0.19107600 0.11912700 0.42041900
v 0.38077000 0.17412800 0.43362500
v 0.29860700 0.04151460 0.33491000
v 0.25964200 0.16304200 0.45765900
v 0.24434100 0.04306250 0.37190600
v 0.20307700 0.04304770 0.38382200
v 0.37231100 0.13467300 0.29068900
v 0.31639800 0.13918700 0.47115400
v 0.36969700 0.11813800 0.29002300
v 0.37677000 0.11634400 0.29673700
v 0.21531000 0.08641730 0.30748700
v 0.23036900 0.09252940 0.29499900
v 0.33289600 0.17811100 0.28038700
v 0.33654600 0.16046300 0.27675000
v 0.19321300 0.06646200 0.34219300
v 0.25216400 0.17839100 0.29540100
v 0.39832900 0.16933200 0.34925400
v 0.40137400 0.15393900 0.35243700
v 0.35320000 0.04672310 0.38492500
v 0.18319900 0.14140900 0.34542900
v 0.19065600 0.15851500 0.34280900
v 0.29268500 0.24673200 0.37106900
v 0.20842600 0.03904880 0.37656800
v 0.19761300 0.04432950 0.36846000
v 0.39599900 0.10244600 0.35912500
v 0.35328600 0.04342230 0.37908300
v 0.34728800 0.04566210 0.39293900
v 0.34602200 0.04116050 0.38027900
v 0.34401200 0.04549100 0.39802100
v 0.20819500 0.14505700 0.43153600
v 0.19799500 0.13198200 0.42589800
v 0.29359000 0.15599400 0.46846000
v 0.33625500 0.11995800 0.46724800
v 0.36969700 0.11813800 0.45367800
v 0.36474500 0.10214100 0.45264000
v 0.30473400 0.03422320 0.37457600
v 0.38201000 0.07566570 0.39198200
v 0.23320400 0.06975230 0.43688700
v 0.37458800 0.06814350 0.39312700
v 0.36958700 0.08918430 0.44041900
v 0.33565000 0.14030300 0.46849200
v 0.36156100 0.07797390 0.43984500
v 0.28626600 0.08164890 0.46140900
v 0.26243700 0.22793000 0.40941500
v 0.37505700 0.21217900 0.38721900
v 0.19953200 0.04218920 0.37645600
v 0.38855500 0.16392000 0.42740600
v 0.39495600 0.15235700 0.41922600
v 0.18347200 0.12152600 0.40782700
v 0.21133300 0.03893550 0.37220800
v 0.17939100 0.08007070 0.37192100
v 0.36470500 0.22535500 0.37182900
v 0.34880100 0.22267100 0.41399600
v 0.35076500 0.23418200 0.36261400
v 0.20527300 0.19897100 0.38354700
v 0.21974600 0.21240500 0.38880300
v 0.21938000 0.21188400 0.35446400
v 0.20593600 0.19857000 0.35662900
v 0.30121600 0.22429100 0.31729000
v 0.28443500 0.22270200 0.31795700
v 0.28822800 0.20768500 0.30104300
v 0.18907600 0.07766110 0.33999300
v 0.18811300 0.06735110 0.35062800
v 0.34653000 0.19092500 0.29074100
v 0.34504400 0.17672700 0.28366800
v 0.22680000 0.12622100 0.29386700
v 0.39701500 0.14169900 0.32802000
v 0.28117700 0.11277400 0.27429900
v 0.17664900 0.09270860 0.37233800
v 0.38923600 0.11543400 0.31778900
v 0.17455700 0.10685300 0.37195800
v 0.24322700 0.04845700 0.33573000
v 0.37593500 0.21405200 0.37144000
v 0.38550700 0.20065100 0.37640800
v 0.23668700 0.22480700 0.35374500
v 0.25771800 0.23665700 0.35405800
v 0.24948400 0.05425130 0.31899200
v 0.30199000 0.07395300 0.28488800
v 0.31767400 0.22383000 0.31749500
v 0.33307000 0.22807800 0.32799100
v 0.34210000 0.03928660 0.35848500
v 0.18412200 0.09208580 0.34047600
v 0.18401100 0.10683300 0.33423200
v 0.36393200 0.17185300 0.29258800
v 0.36337200 0.18464800 0.29791100
v 0.38065000 0.17367800 0.30948300
v 0.24641300 0.13819600 0.28608000
v 0.34036500 0.05143700 0.32261800
v 0.36176100 0.07759200 0.30469400
v 0.34377200 0.04583850 0.34416100
v 0.29745000 0.09477220 0.27680900
v 0.29991900 0.11609400 0.27314500
v 0.31590500 0.04902490 0.31870100
v 0.28982800 0.07417780 0.28601300
v 0.20434400 0.04176320 0.36111800
v 0.27604000 0.03440410 0.36555600
v 0.23208700 0.04440640 0.36581100
v 0.29470600 0.03723180 0.34857100
v 0.48948700 0.12327300 0.34735500
v 0.49640700 0.12894500 0.36082100
v 0.50643600 0.12014900 0.36103600
v 0.50421500 0.12474300 0.36401900
v 0.50082700 0.11841900 0.34934200
v 0.50170600 0.11725400 0.39161300
v 0.50188500 0.12383300 0.35842400
v 0.49625200 0.12005700 0.39292900
v 0.50418200 0.12474500 0.37584600
v 0.49230600 0.13057100 0.36301400
v 0.49228500 0.13010800 0.36323400
v 0.49235500 0.13053900 0.37681800
v 0.48420600 0.12387100 0.39188800
v 0.48466200 0.12110500 0.34738300
v 0.48945500 0.12327000 0.39253700
v 0.49230400 0.12874300 0.38099900
v 0.49228400 0.12821500 0.38095800
v 0.49631100 0.12005400 0.34699700
v 0.49644100 0.11758700 0.34573800
v 0.49805500 0.12004200 0.39048900
v 0.49778700 0.11464400 0.34641000
v 0.50083200 0.11841600 0.39051700
v 0.48583800 0.12510500 0.39018400
v 0.49017300 0.12927700 0.37869000
v 0.49470300 0.12776000 0.38070900
v 0.48729500 0.12082600 0.39287900
v 0.49548900 0.12921600 0.36289000
v 0.48457800 0.12108300 0.39254300
v 0.48406900 0.12333000 0.34837600
v 0.48459500 0.12148600 0.34684100
v 0.50365200 0.12442500 0.37568000
v 0.50019600 0.11502900 0.39287300
v 0.49797200 0.11462200 0.39336500
v 0.49846000 0.11475000 0.34618100
v 0.50152100 0.11632100 0.34786000
v 0.50646400 0.12017200 0.37878900
v 0.49799400 0.12011200 0.34933500
v 0.49643700 0.12892400 0.37902200
v 0.49228900 0.12821300 0.35890300
v 0.48751900 0.12134100 0.39338600
v 0.50357400 0.12172900 0.38169400
v 0.50436100 0.12189200 0.38167900
v 0.49609700 0.11722100 0.39384100
v 0.50594300 0.11963500 0.37874100
v 0.48950000 0.12285600 0.34775700
v 0.49228400 0.13010900 0.37662300
v 0.49641700 0.12848600 0.36105000
v 0.50070000 0.11929900 0.34911900
v 0.49469600 0.12774300 0.35919400
v 0.48743700 0.12084800 0.34689900
v 0.48894500 0.12449400 0.34937000
v 0.48411800 0.12365300 0.34789600
v 0.49595100 0.11987300 0.39247200
v 0.50532600 0.12151800 0.36391300
v 0.50115800 0.12613100 0.36127500
v 0.50178400 0.12654400 0.36149600
v 0.50116200 0.11588500 0.34821900
v 0.50188600 0.12381100 0.38143400
v 0.50357400 0.12172800 0.35816800
v 0.50182500 0.12657600 0.37841100
v 0.48894900 0.12449100 0.39049200
v 0.49241700 0.12869100 0.35882100
v 0.49017300 0.12927700 0.36117000
v 0.50365300 0.12442400 0.36418300
v 0.50427300 0.12197800 0.35812000
v 0.48598900 0.12505200 0.34973200
v 0.49566500 0.11957900 0.34696000
v 0.50594300 0.11963500 0.36112200
v 0.48570700 0.12531300 0.34917600
v 0.48406900 0.12333000 0.39148600
v 0.48950000 0.12285800 0.39210400
v 0.49550900 0.12925900 0.37697200
v 0.49641700 0.12848500 0.37881300
v 0.50531100 0.12155000 0.37593200
v 0.49919500 0.12022100 0.39050300
v 0.50116200 0.11588500 0.39164300
v 0.50115800 0.12613200 0.37858700
v 0.51373800 0.07418170 0.38854300
v 0.51334500 0.05844190 0.35636200
v 0.51650500 0.06109210 0.35590700
v 0.51381300 0.03870330 0.35934200
v 0.50314300 0.12193200 0.35828900
v 0.50552500 0.11983700 0.36032600
v 0.51116100 0.04538840 0.35719100
v 0.51328800 0.04548990 0.35691700
v 0.49877000 0.11969800 0.34961400
v 0.50091100 0.11765800 0.34915500
v 0.49757600 0.11489900 0.34636200
v 0.49470200 0.12771100 0.35927800
v 0.48910300 0.12401200 0.34920700
v 0.49037500 0.12889000 0.37923600
v 0.49518200 0.12126100 0.39072000
v 0.50595000 0.07294320 0.35205500
v 0.51241300 0.07265790 0.35190500
v 0.50972600 0.05666010 0.35743000
v 0.51320400 0.08282480 0.34873200
v 0.52411600 0.06454210 0.37507600
v 0.51008600 0.07554910 0.35058900
v 0.51210400 0.07918290 0.34973200
v 0.51473700 0.03720210 0.36087000
v 0.51064700 0.06961640 0.35375100
v 0.51319800 0.07325150 0.38800800
v 0.51502400 0.07008600 0.38609500
v 0.50357900 0.06688050 0.35585600
v 0.48517300 0.12086000 0.39263900
v 0.52112700 0.04707010 0.35743100
v 0.48412400 0.12325200 0.39142700
v 0.52092400 0.06185260 0.35607900
v 0.48427200 0.12157100 0.39220200
v 0.50117800 0.11636900 0.39132900
v 0.52375500 0.05105720 0.38094000
v 0.51775500 0.07242140 0.35566600
v 0.50404500 0.06638770 0.38388800
v 0.52297300 0.05444710 0.35722100
v 0.50001800 0.06473450 0.35956700
v 0.50972600 0.07034440 0.38635800
v 0.52068900 0.06110890 0.38377700
v 0.51329200 0.05755030 0.38336600
v 0.50701700 0.05627990 0.36005000
v 0.51163100 0.04411270 0.38262700
v 0.51147600 0.04655910 0.38297900
v 0.51457900 0.07122150 0.35323500
v 0.51865900 0.08070990 0.35834700
v 0.51882000 0.07738370 0.35713500
v 0.52125800 0.04623260 0.38202000
v 0.51291600 0.04029480 0.38125700
v 0.50955300 0.05750040 0.38249600
v 0.51667300 0.06170200 0.38388100
v 0.49030600 0.07520650 0.38459300
v 0.50848400 0.07524900 0.39076300
v 0.49691100 0.07735590 0.38844900
v 0.52259100 0.06569060 0.35757900
v 0.49544600 0.07134880 0.38494600
v 0.48005300 0.07958320 0.40104100
v 0.51700000 0.07808370 0.35522700
v 0.46111000 0.07487410 0.40287000
v 0.52385100 0.05127240 0.35908500
v 0.52420400 0.05864280 0.35903800
v 0.51987100 0.08253200 0.37395000
v 0.52428000 0.05995440 0.36452600
v 0.52368400 0.06779990 0.36378100
v 0.52201500 0.05089980 0.38275300
v 0.52429400 0.05827820 0.38077900
v 0.52008600 0.08108410 0.36569200
v 0.51825100 0.08007420 0.38253100
v 0.52284500 0.05765820 0.38280400
v 0.51399600 0.07420550 0.35217900
v 0.52251200 0.06495510 0.38250800
v 0.51906200 0.08223060 0.37934200
v 0.52352800 0.06650720 0.37872600
v 0.46028100 0.12148500 0.39072000
v 0.52257200 0.04653910 0.35890500
v 0.51926000 0.08262840 0.36175400
v 0.52030100 0.08380520 0.36587200
v 0.49597800 0.11990000 0.39243100
v 0.50369700 0.12438300 0.36420400
v 0.50371200 0.12431400 0.37566100
v 0.48040600 0.07982060 0.33767900
v 0.41608300 0.07296390 0.33213500
v 0.42393000 0.07026830 0.33633300
v 0.51259400 0.07702720 0.38892900
v 0.51801400 0.08737360 0.37801800
v 0.51894200 0.08154490 0.38243900
v 0.51665600 0.07786250 0.38630500
v 0.51440900 0.08081760 0.38747100
v 0.51990300 0.08367450 0.37803700
v 0.51700100 0.08413480 0.38329100
v 0.50257600 0.06707010 0.38433500
v 0.51215000 0.07290670 0.38870900
v 0.51002600 0.07571500 0.38939200
v 0.40423900 0.07099310 0.39702100
v 0.41478900 0.07335140 0.39748300
v 0.50635300 0.07302630 0.38777900
v 0.52018200 0.08394270 0.37233700
v 0.45202700 0.07142800 0.33277700
v 0.52361100 0.05180960 0.37415900
v 0.45419800 0.07061610 0.33726800
v 0.52219200 0.04618850 0.37404800
v 0.52325000 0.06390640 0.37283000
v 0.49651900 0.06771700 0.36023200
v 0.50656300 0.07886950 0.39213000
v 0.50945700 0.07903040 0.39209700
v 0.50522900 0.07304650 0.37014600
v 0.52152700 0.06329240 0.37167600
v 0.51436100 0.08087400 0.36999700
v 0.51681500 0.08088160 0.37066000
v 0.48948300 0.12282200 0.39212400
v 0.51516700 0.04094780 0.37184700
v 0.51242800 0.04009750 0.37256700
v 0.41936200 0.07234260 0.39687300
v 0.41859400 0.07354710 0.40042500
v 0.51664800 0.04776510 0.37125300
v 0.52032600 0.04736230 0.37202100
v 0.51778700 0.06074620 0.37070400
v 0.50599300 0.05665360 0.37176400
v 0.49894800 0.06409540 0.37531300
v 0.49792900 0.06377180 0.37293700
v 0.49869400 0.06426610 0.36777700
v 0.49984800 0.06479300 0.38027600
v 0.49797800 0.06382590 0.36713100
v 0.51245200 0.03825130 0.37403400
v 0.50385900 0.05786400 0.37290200
v 0.50623300 0.05306530 0.37323000
v 0.50699500 0.05648290 0.37971000
v 0.49915800 0.06482840 0.35941000
v 0.51025600 0.04498510 0.38061000
v 0.39683300 0.07541400 0.38709300
v 0.50923800 0.04504810 0.37612100
v 0.50031300 0.06764870 0.37091400
v 0.51400400 0.03839330 0.37311100
v 0.51504500 0.03747220 0.37562700
v 0.51737200 0.03952290 0.37304300
v 0.42524600 0.07058470 0.40599900
v 0.52259500 0.04648480 0.38088200
v 0.51849100 0.03966800 0.37463100
v 0.51512700 0.03629390 0.37539200
v 0.44053000 0.07390580 0.40604800
v 0.43648100 0.07399810 0.40598600
v 0.51682800 0.03575210 0.37127700
v 0.51478100 0.03562350 0.37550700
v 0.51783700 0.08811390 0.38384700
v 0.43504500 0.07521790 0.41477300
v 0.51575600 0.03538720 0.37350500
v 0.51766000 0.03463170 0.36921900
v 0.50973200 0.07906410 0.34794400
v 0.51587500 0.03742400 0.37885700
v 0.50640000 0.07902340 0.34758000
v 0.49043400 0.12019900 0.34698900
v 0.48946600 0.12280800 0.34773800
v 0.51692500 0.03589360 0.37505300
v 0.41859400 0.07354710 0.33943200
v 0.41936200 0.07234260 0.34298900
v 0.51817400 0.03575060 0.37043000
v 0.50112000 0.07932060 0.34902800
v 0.51599700 0.03618470 0.37522700
v 0.51781100 0.03378910 0.37140900
v 0.51647600 0.03755270 0.37816800
v 0.51686000 0.03652860 0.37602700
v 0.48440300 0.08142480 0.40295800
v 0.41605200 0.07296590 0.40803800
v 0.51705000 0.03446970 0.37711000
v 0.51737900 0.03327960 0.37387400
v 0.51738500 0.03515190 0.37472000
v 0.40171000 0.07116230 0.33936700
v 0.51644800 0.03776590 0.37604200
v 0.51620700 0.03326940 0.37246400
v 0.51473100 0.03721490 0.37910900
v 0.51403900 0.03707450 0.37830300
v 0.51472000 0.03471420 0.37765900
v 0.39743500 0.07225540 0.39405300
v 0.51830400 0.03749990 0.36612500
v 0.43020700 0.07079690 0.40345700
v 0.43900900 0.07221540 0.40225400
v 0.41314900 0.06733040 0.38879600
v 0.40572900 0.06925190 0.39078900
v 0.51404400 0.03718980 0.37602700
v 0.45109500 0.07141950 0.40732500
v 0.51553800 0.03298440 0.37520600
v 0.42685300 0.11971100 0.38713600
v 0.42081800 0.11768400 0.38709900
v 0.51037500 0.11430200 0.37902800
v 0.50522300 0.12145100 0.37600300
v 0.44693400 0.07016850 0.33647400
v 0.44053000 0.07390580 0.33381000
v 0.49139800 0.11961300 0.39284000
v 0.48531800 0.12471700 0.39037200
v 0.47974000 0.12474500 0.38799600
v 0.48679800 0.12072900 0.39271800
v 0.48804300 0.12123400 0.39277300
v 0.43110600 0.12169200 0.38110900
v 0.49639800 0.06582820 0.36898700
v 0.49788400 0.06796550 0.36993100
v 0.46149600 0.11106800 0.40558400
v 0.49040100 0.12949100 0.36175900
v 0.49035300 0.12905300 0.36063900
v 0.43683900 0.12184800 0.38040900
v 0.51533600 0.03547430 0.36762500
v 0.51389800 0.03751480 0.37369100
v 0.51549600 0.03419190 0.36982700
v 0.51474700 0.08169140 0.38865200
v 0.51671300 0.03535130 0.36752500
v 0.51612500 0.03584230 0.36952900
v 0.51338400 0.08038670 0.34948500
v 0.51716900 0.03590690 0.36400000
v 0.39685800 0.07526980 0.35271000
v 0.51467800 0.03734250 0.36423300
v 0.51563300 0.03298700 0.36700900
v 0.51883200 0.08619560 0.36901900
v 0.51972700 0.08347300 0.36802100
v 0.49816500 0.12611700 0.35901200
v 0.51514300 0.03586900 0.36479100
v 0.51420500 0.03640100 0.37273600
v 0.43016300 0.07080560 0.33638800
v 0.43648100 0.07399810 0.33387600
v 0.51408200 0.03706890 0.36141900
v 0.41469800 0.06838570 0.34909400
v 0.40572900 0.06925190 0.34907300
v 0.51506900 0.03356000 0.36366700
v 0.51676300 0.03397820 0.36819300
v 0.48038800 0.07923230 0.34022700
v 0.51672600 0.03400180 0.36238300
v 0.51698600 0.03329910 0.36500100
v 0.51633500 0.03756810 0.36130400
v 0.51628800 0.03638460 0.36439000
v 0.51578600 0.03572140 0.36665800
v 0.51519300 0.03596640 0.36926400
v 0.51411700 0.03702890 0.36364300
v 0.51274800 0.03801090 0.36531900
v 0.51776100 0.07220700 0.38418600
v 0.51651000 0.03773720 0.36366300
v 0.51808700 0.03963520 0.36006400
v 0.43841700 0.07222930 0.33761600
v 0.52329000 0.06341770 0.36703800
v 0.50162600 0.12604200 0.36221000
v 0.51830200 0.04158280 0.36732500
v 0.52346700 0.05199720 0.36604000
v 0.51824900 0.03951420 0.36573300
v 0.49639800 0.06582820 0.37087500
v 0.40029600 0.07139950 0.34857600
v 0.51915300 0.08089460 0.36784600
v 0.51890300 0.04031890 0.37848700
v 0.51895300 0.04181140 0.38062400
v 0.51910100 0.08179580 0.35785600
v 0.51985800 0.08356110 0.36138900
v 0.51322700 0.07376280 0.35105700
v 0.44007800 0.07536190 0.41492900
v 0.51694600 0.07826530 0.35383300
v 0.50262900 0.06708780 0.35544100
v 0.50839000 0.07055120 0.35265300
v 0.50042700 0.06975270 0.35505400
v 0.50641400 0.07599740 0.34882200
v 0.50835000 0.07515080 0.34907500
v 0.49827800 0.07733830 0.35093600
v 0.49593400 0.07119340 0.35478100
v 0.51818100 0.08759590 0.36348600
v 0.51259400 0.07702720 0.35093400
v 0.51295600 0.03801650 0.37884500
v 0.51744200 0.08492030 0.35761800
v 0.49568500 0.06665240 0.37310300
v 0.51664100 0.07740990 0.38519900
v 0.47408100 0.07450340 0.40042900
v 0.46823300 0.07350190 0.40074400
v 0.48927200 0.07007860 0.37312800
v 0.49896100 0.06499510 0.38043000
v 0.49619700 0.06779260 0.37946900
v 0.49557700 0.06666550 0.36706400
v 0.50628400 0.07588230 0.39095800
v 0.42326000 0.07058280 0.40055300
v 0.49914900 0.12653000 0.37601900
v 0.51690500 0.08595070 0.35679300
v 0.49721800 0.12691300 0.38034500
v 0.40422500 0.07091000 0.34305700
v 0.41468000 0.07349620 0.34193200
v 0.51436800 0.08073210 0.35242100
v 0.51802200 0.08816770 0.37039700
v 0.51547500 0.03359640 0.36217300
v 0.51670600 0.08549210 0.38366300
v 0.51645400 0.03382240 0.37755100
v 0.51543000 0.03364450 0.37771000
v 0.51781600 0.08912090 0.36207800
v 0.51802800 0.08932000 0.37662700
v 0.52226200 0.04614340 0.36560200
v 0.44684300 0.07031180 0.40362200
v 0.50630500 0.05609540 0.36806400
v 0.49904600 0.06554630 0.36853900
v 0.50292700 0.07348370 0.36989500
v 0.51246400 0.04012460 0.36734900
v 0.52016600 0.04732430 0.36789200
v 0.51696400 0.08109740 0.36918400
v 0.51496200 0.04081910 0.36796500
v 0.49985600 0.06986100 0.38484400
v 0.49637500 0.12843700 0.37889600
v 0.51731900 0.04847750 0.36865000
v 0.51378400 0.08024280 0.36996800
v 0.51768800 0.08854770 0.36993700
v 0.51901200 0.08192510 0.37197500
v 0.51911800 0.08421150 0.37081700
v 0.50538000 0.07306710 0.36976800
v 0.48225100 0.07968760 0.33186800
v 0.51805700 0.08820600 0.36952500
v 0.52092100 0.06195530 0.36850500
v 0.50982700 0.07921870 0.36990500
v 0.50162600 0.12604200 0.37765300
v 0.51382100 0.03835580 0.36682100
v 0.44017600 0.07531330 0.32502400
v 0.43504300 0.07514970 0.32535300
v 0.49227200 0.13003000 0.36320600
v 0.40198700 0.07633530 0.37323600
v 0.40045000 0.08416690 0.37441700
v 0.40045000 0.08416690 0.36544400
v 0.46856100 0.07385120 0.33804900
v 0.47450300 0.07477250 0.33927000
v 0.51286800 0.03807090 0.36105200
v 0.49633100 0.11997400 0.34798500
v 0.50111300 0.12586700 0.36070800
v 0.50182500 0.12368100 0.35854300
v 0.49636300 0.12434300 0.35386400
v 0.49752500 0.12014200 0.34904800
v 0.49639200 0.12846500 0.36097500
v 0.49873100 0.06468750 0.37172000
v 0.49865500 0.06415210 0.37243100
v 0.50011800 0.11896400 0.34951000
v 0.50115600 0.11637300 0.34855900
v 0.50047400 0.11530100 0.34783200
v 0.48745300 0.12086900 0.34700700
v 0.43851400 0.06325070 0.34777300
v 0.42679800 0.06647700 0.34438600
v 0.50421000 0.10927800 0.34858000
v 0.49669900 0.11602800 0.34623700
v 0.47084300 0.07018930 0.34748400
v 0.49573200 0.11874400 0.34674900
v 0.44956900 0.06146650 0.37046100
v 0.45330600 0.06151370 0.36024500
v 0.49886100 0.11453700 0.34698800
v 0.44599100 0.08115360 0.42042000
v 0.50107400 0.12573900 0.37912100
v 0.47528600 0.07494280 0.34239400
v 0.49752500 0.12014200 0.39081500
v 0.41883200 0.11471300 0.39261900
v 0.50404700 0.12255900 0.36563700
v 0.50088500 0.11778000 0.39067300
v 0.49887900 0.11453200 0.39290900
v 0.50045400 0.11527000 0.39206700
v 0.50213800 0.12318800 0.38147000
v 0.44902900 0.10044400 0.41316700
v 0.45339400 0.06148980 0.37973400
v 0.50171800 0.08126930 0.39976500
v 0.49849800 0.07997240 0.39167200
v 0.51944000 0.08964090 0.36999700
v 0.51881200 0.09982300 0.37231900
v 0.51847400 0.08961330 0.36112900
v 0.51825000 0.08818320 0.38239400
v 0.50362200 0.12288700 0.37398600
v 0.42316500 0.06213680 0.37932700
v 0.49691200 0.09933700 0.40096300
v 0.50645900 0.10947600 0.38959000
v 0.48822400 0.12469600 0.39023000
v 0.42366800 0.06951850 0.34122100
v 0.43924900 0.06060390 0.36915200
v 0.48660800 0.12505200 0.39009200
v 0.49225900 0.12815600 0.38090000
v 0.48982900 0.07954000 0.39416200
v 0.40167200 0.08637170 0.40120800
v 0.43918600 0.06036780 0.37997700
v 0.40845500 0.08431450 0.40699900
v 0.46516700 0.08262640 0.41701700
v 0.49899300 0.08534810 0.40401300
v 0.45910300 0.06613200 0.39209500
v 0.45816400 0.06321230 0.38592900
v 0.41234900 0.07435120 0.41068000
v 0.45498400 0.12065200 0.38947500
v 0.48953400 0.12761900 0.38463100
v 0.47530000 0.07494150 0.39747200
v 0.45798800 0.11953700 0.39379700
v 0.48753300 0.07920250 0.39539300
v 0.48180200 0.10073100 0.33420200
v 0.49555200 0.11049700 0.34439100
v 0.50436000 0.12085600 0.35889600
v 0.43022500 0.07883340 0.41868100
v 0.48633100 0.08413260 0.41062500
v 0.45529800 0.08283240 0.41979100
v 0.42173700 0.07463700 0.41585800
v 0.42702900 0.09570210 0.41212300
v 0.48975600 0.11080500 0.39792600
v 0.49539600 0.12912500 0.36290100
v 0.45927900 0.06625260 0.34770300
v 0.51840000 0.09002720 0.35882100
v 0.51783700 0.08723800 0.35606100
v 0.49832300 0.10991200 0.34496200
v 0.43194000 0.11213900 0.40147500
v 0.45783600 0.06312010 0.37013500
v 0.50588000 0.11982200 0.37797000
v 0.42814200 0.10190700 0.40927600
v 0.47540000 0.11357100 0.40125800
v 0.46310000 0.06390270 0.38010800
v 0.46078300 0.07290690 0.39899600
v 0.44821600 0.11624700 0.39733100
v 0.46804100 0.07021040 0.39449900
v 0.50088500 0.12488500 0.37347600
v 0.42758300 0.11666700 0.39540900
v 0.46991100 0.06720480 0.38643500
v 0.40967500 0.06992340 0.38530000
v 0.45085600 0.06614470 0.39609000
v 0.40137200 0.07519740 0.40135800
v 0.45405200 0.07040040 0.40232900
v 0.44547100 0.08784640 0.41861300
v 0.49203300 0.08998750 0.40612200
v 0.49934000 0.11960300 0.39021000
v 0.48211200 0.07959390 0.40772400
v 0.49754600 0.11053000 0.39485400
v 0.46523700 0.07726930 0.41199200
v 0.50265900 0.12257200 0.36982600
v 0.50046800 0.12513500 0.36661800
v 0.48368200 0.08410890 0.32823500
v 0.42354400 0.06295630 0.36957000
v 0.48370800 0.07282140 0.35456200
v 0.48361300 0.07098040 0.36149000
v 0.49160100 0.08479460 0.33181500
v 0.50530200 0.12150100 0.36389900
v 0.46546600 0.12045700 0.39431500
v 0.41632800 0.06554360 0.38324900
v 0.43838700 0.06586240 0.39637400
v 0.41372100 0.09777320 0.40505100
v 0.46811300 0.10743700 0.40717500
v 0.50813800 0.08025800 0.39483800
v 0.42809800 0.07541510 0.41811900
v 0.51258000 0.08885610 0.39134400
v 0.49754700 0.10853800 0.39612700
v 0.48505000 0.11448900 0.39600500
v 0.50547500 0.11982200 0.37955900
v 0.46032300 0.07651430 0.41302700
v 0.48919400 0.12394300 0.39074900
v 0.51031500 0.11435000 0.36083300
v 0.49523300 0.10633700 0.34139400
v 0.48330200 0.09307570 0.33188900
v 0.48330200 0.06986230 0.36921300
v 0.50697100 0.11698400 0.36672100
v 0.44488500 0.11814600 0.39047000
v 0.41950100 0.06671960 0.35008000
v 0.50529100 0.11247000 0.38854100
v 0.40543000 0.07333380 0.35618800
v 0.42322100 0.06308680 0.35465900
v 0.41447400 0.06650260 0.35242600
v 0.43843000 0.06136650 0.35330800
v 0.45994500 0.11619400 0.40057100
v 0.46436300 0.06501050 0.35392100
v 0.43515500 0.11637500 0.39661200
v 0.40599300 0.07533550 0.36952300
v 0.51301400 0.08292570 0.39137800
v 0.41152000 0.07072290 0.36046200
v 0.48495600 0.12852000 0.38239700
v 0.50228700 0.09140820 0.40074500
v 0.39847700 0.07184330 0.39202200
v 0.45422600 0.07907670 0.42009800
v 0.50863700 0.09759380 0.39387400
v 0.48651900 0.08120450 0.40949000
v 0.49402900 0.08107000 0.40461600
v 0.49375400 0.08185370 0.40724700
v 0.48711300 0.10081500 0.40401400
v 0.45529400 0.09692760 0.41449300
v 0.41706300 0.08519380 0.41201100
v 0.51419800 0.10731000 0.37994700
v 0.50434200 0.12095200 0.38106600
v 0.49610700 0.11714500 0.39369300
v 0.49747500 0.11495700 0.39357100
v 0.49611000 0.12768900 0.37228800
v 0.48363500 0.07112890 0.37877000
v 0.49101800 0.12965800 0.36995400
v 0.48358400 0.07296270 0.38563300
v 0.49990300 0.08554970 0.33646900
v 0.42290600 0.06223240 0.36007600
v 0.51965200 0.09359340 0.37037800
v 0.41123200 0.07185290 0.37082800
v 0.41971600 0.11142100 0.39803700
v 0.50325800 0.12190000 0.38163900
v 0.41152000 0.07072290 0.37939500
v 0.50152300 0.12451900 0.38072300
v 0.43673300 0.09613200 0.41417700
v 0.40583400 0.07354570 0.38287200
v 0.39933400 0.07512220 0.38475600
v 0.48868600 0.10813100 0.40027500
v 0.48159600 0.12715400 0.38532700
v 0.43960800 0.12118700 0.38496800
v 0.50319700 0.11910800 0.38505400
v 0.48005300 0.11878500 0.39229000
v 0.39911700 0.07490530 0.35462900
v 0.44011400 0.11399300 0.39980300
v 0.48846100 0.11462500 0.34486200
v 0.50899900 0.11554300 0.36986200
v 0.46708000 0.07127140 0.34353800
v 0.48720400 0.12981500 0.36967500
v 0.46032900 0.07284350 0.34072800
v 0.46312600 0.06387280 0.35980700
v 0.47373300 0.06789690 0.36574700
v 0.50587500 0.11981500 0.36183400
v 0.43361400 0.12105300 0.38680500
v 0.51238400 0.07954220 0.39026800
v 0.43489300 0.10799200 0.40615000
v 0.45065000 0.10889500 0.40650700
v 0.46973700 0.10193200 0.40930000
v 0.42299800 0.06331390 0.38575500
v 0.50624200 0.10403200 0.39335900
v 0.43861000 0.11963800 0.38980900
v 0.41797600 0.06603750 0.36944000
v 0.47548300 0.12134800 0.38830500
v 0.48862100 0.11466900 0.39496600
v 0.48708600 0.07872200 0.34501400
v 0.48847000 0.07978890 0.34357800
v 0.45792700 0.11742900 0.39798600
v 0.50321100 0.11915700 0.35486400
v 0.50818500 0.08025390 0.34503300
v 0.43969600 0.06136600 0.38658800
v 0.49470700 0.12772800 0.38059700
v 0.49009300 0.07176850 0.37963100
v 0.49542900 0.12912700 0.37696700
v 0.48478900 0.08174220 0.41156800
v 0.49006000 0.07174480 0.36016000
v 0.43912600 0.06039110 0.35978800
v 0.40564200 0.10031200 0.39855900
v 0.43274200 0.08655700 0.41726200
v 0.45626500 0.06305730 0.35361300
v 0.44952900 0.06600470 0.34373200
v 0.50016400 0.11960300 0.38862900
v 0.50284300 0.08198520 0.40094600
v 0.43791300 0.07764320 0.41975800
v 0.41712600 0.07735440 0.41383200
v 0.42667100 0.11288200 0.40025200
v 0.41981900 0.06625490 0.38936700
v 0.43845200 0.06582670 0.34352000
v 0.47153400 0.11753800 0.39761300
v 0.49632900 0.12431600 0.38605400
v 0.42881200 0.10752200 0.40573300
v 0.49398000 0.07842650 0.38872300
v 0.50626200 0.11015200 0.35063900
v 0.46777500 0.08242210 0.32349800
v 0.50492300 0.09161360 0.34125100
v 0.51220100 0.08762690 0.34801000
v 0.49912300 0.12656200 0.36376200
v 0.48801200 0.11218700 0.34232800
v 0.41617200 0.11600800 0.38539900
v 0.47416200 0.12780500 0.37570000
v 0.44520300 0.12068200 0.37836300
v 0.42749800 0.06647960 0.39571500
v 0.43871000 0.06335190 0.39226100
v 0.44788100 0.10068200 0.32693700
v 0.40299300 0.09333520 0.33963700
v 0.42614700 0.07255730 0.41167700
v 0.49224900 0.13003300 0.37666200
v 0.45821500 0.12272800 0.37004900
v 0.47384200 0.07980220 0.41507300
v 0.45452900 0.12244900 0.35755500
v 0.47382300 0.06790100 0.37314100
v 0.43886200 0.12159700 0.35629200
v 0.42301300 0.10844700 0.33720100
v 0.42395600 0.11538600 0.34403800
v 0.41644700 0.11533100 0.35170000
v 0.46001100 0.11647700 0.33962400
v 0.45258600 0.12152200 0.36995300
v 0.51428400 0.10676800 0.35941800
v 0.48953500 0.07975630 0.39625400
v 0.46877900 0.12053500 0.34648600
v 0.41006800 0.10943300 0.38998700
v 0.41004500 0.07303430 0.40662500
v 0.41630300 0.11688800 0.38124600
v 0.40173000 0.07634040 0.36443900
v 0.40172400 0.07120700 0.40057600
v 0.48932500 0.07008740 0.36669800
v 0.47996200 0.11872000 0.34747500
v 0.40126700 0.07851330 0.33816600
v 0.48411700 0.12321100 0.34843900
v 0.51666800 0.10569100 0.36917100
v 0.44266800 0.12013700 0.37010100
v 0.48820700 0.12467800 0.34964600
v 0.41638600 0.11122300 0.34460300
v 0.48487200 0.11925500 0.34703600
v 0.41078200 0.10667500 0.39542300
v 0.46345900 0.12372100 0.37759400
v 0.51292800 0.10051200 0.38818400
v 0.51075100 0.10554800 0.38813600
v 0.49574400 0.08115880 0.33564500
v 0.49048000 0.08103390 0.33583900
v 0.47572400 0.12562600 0.38432100
v 0.43745300 0.12147900 0.36194100
v 0.40654900 0.10155200 0.34175400
v 0.46351800 0.12007800 0.34489000
v 0.43627200 0.07739090 0.32027100
v 0.47040400 0.11751900 0.34195100
v 0.44945600 0.07873440 0.31954600
v 0.41499100 0.09793370 0.33422000
v 0.49862600 0.09585710 0.33844500
v 0.50274600 0.08190230 0.33888000
v 0.42805900 0.11878600 0.36977300
v 0.46064800 0.07680460 0.32637900
v 0.49701300 0.08008200 0.34735600
v 0.42918800 0.11340400 0.33978000
v 0.42362000 0.11206800 0.33999100
v 0.48230700 0.12669200 0.35353800
v 0.47900800 0.12552700 0.35293600
v 0.46050000 0.12158000 0.34929100
v 0.51860700 0.09996810 0.36583000
v 0.48642000 0.08117300 0.33048300
v 0.40635900 0.10785900 0.37981500
v 0.49325600 0.08184890 0.33233500
v 0.42185300 0.07457040 0.32397600
v 0.44582200 0.12019200 0.35633700
v 0.45462000 0.12241400 0.36082100
v 0.48491300 0.12850700 0.35747500
v 0.51598100 0.10058900 0.35743000
v 0.49003900 0.07960060 0.34569600
v 0.44890000 0.08798280 0.32138000
v 0.45423700 0.08173970 0.31969100
v 0.46141200 0.07491810 0.33708100
v 0.47683600 0.11368500 0.33927900
v 0.42771300 0.07119870 0.33232500
v 0.44502000 0.11539300 0.34181900
v 0.46160900 0.11183400 0.33496000
v 0.47366800 0.07974860 0.32474900
v 0.47371500 0.12680800 0.35938000
v 0.42535900 0.07775630 0.32250500
v 0.45561700 0.08682840 0.32153800
v 0.47287200 0.12086700 0.34953500
v 0.42827400 0.07542720 0.32170500
v 0.45646000 0.07918190 0.32031400
v 0.41809400 0.11628300 0.36701600
v 0.43886700 0.11970600 0.35025600
v 0.48431800 0.08140220 0.33664100
v 0.42457900 0.11946400 0.35413700
v 0.49404000 0.07845720 0.35109800
v 0.41441300 0.10512100 0.33988800
v 0.44533700 0.12067900 0.36156300
v 0.51852300 0.08945600 0.38021700
v 0.48435300 0.08167540 0.32812200
v 0.46491000 0.07742150 0.32740900
v 0.46511900 0.10852900 0.33283200
v 0.48583600 0.12497300 0.34972200
v 0.49283300 0.12797400 0.35891000
v 0.49131300 0.12855000 0.35955400
v 0.40864100 0.11040300 0.36225800
v 0.43208200 0.12193500 0.35800700
v 0.50201800 0.08107700 0.34076800
v 0.46386000 0.12385200 0.36239400
v 0.43955900 0.11414000 0.34031900
v 0.41098400 0.10699000 0.34468600
v 0.41178000 0.11283500 0.38480700
v 0.47121300 0.12697200 0.37769300
v 0.49034700 0.07508810 0.35535500
v 0.41244300 0.07432920 0.32923700
v 0.48947000 0.12763900 0.35530200
v 0.41178100 0.07331020 0.33254000
v 0.48459500 0.12109700 0.34739500
v 0.48542200 0.10842100 0.33861400
v 0.43819800 0.09591810 0.32538800
v 0.40100900 0.09869270 0.35327600
v 0.46895700 0.12364500 0.35769800
v 0.41295300 0.07675630 0.32853900
v 0.40883100 0.08508270 0.33273100
v 0.43655500 0.08023540 0.32016100
v 0.40157700 0.09512510 0.36521800
v 0.40165200 0.09639930 0.37580600
v 0.43755700 0.08703110 0.32172100
v 0.39672500 0.07891860 0.35561300
v 0.45622500 0.10479100 0.32982700
v 0.39870700 0.08266520 0.35955500
v 0.43467400 0.12034500 0.36662100
v 0.45782400 0.11956600 0.34618400
v 0.40355300 0.10364000 0.36860600
v 0.40275400 0.10354500 0.35547200
v 0.51700400 0.09065510 0.38374800
v 0.40239600 0.10292700 0.38368600
v 0.51699400 0.10009300 0.38020000
v 0.40340200 0.10405800 0.38689400
v 0.39744100 0.07208960 0.34590000
v 0.39846600 0.08699930 0.35469800
v 0.40101300 0.09761090 0.34566500
v 0.39870700 0.08266520 0.38030800
v 0.39682500 0.07886100 0.38415700
v 0.39839500 0.08588120 0.38427900
v 0.49039700 0.12942200 0.37811900
v 0.42020300 0.10614200 0.40291600
v 0.40347400 0.10265700 0.34675100
v 0.40249700 0.10114900 0.39373400
v 0.41462500 0.10533500 0.39997300
v 0.39814900 0.08641670 0.39495700
v 0.39836100 0.08752530 0.34488700
v 0.40656300 0.10773800 0.36996600
v 0.42921000 0.10743300 0.33400700
v 0.42432800 0.11751600 0.34863800
v 0.50671100 0.10360700 0.34665100
v 0.50391900 0.05765300 0.36692100
v 0.46856900 0.10240600 0.33044600
v 0.43077500 0.10207800 0.33006800
v 0.50997400 0.04578980 0.35899000
v 0.42560100 0.09829690 0.32940500
v 0.48328500 0.12845100 0.37040900
v 0.49913200 0.06403950 0.36455700
v 0.47186400 0.10840500 0.33414000
v 0.51093600 0.04085400 0.36596400
v 0.46896200 0.11232500 0.33643300
v 0.44609300 0.12012500 0.38386800
v 0.45462600 0.12249500 0.38207300
v 0.41631400 0.11519300 0.37174800
v 0.50645300 0.05257690 0.36657500
v 0.42184900 0.11938600 0.37953100
v 0.42856600 0.12056500 0.37647100
v 0.46844500 0.12354100 0.38216100
v 0.50649800 0.11745500 0.37308600
v 0.41109900 0.11096400 0.35119400
v 0.41032300 0.11165000 0.35645000
v 0.44765200 0.11287800 0.33739200
v 0.44488900 0.11808500 0.34922400
v 0.45392100 0.12034000 0.35010600
v 0.47583800 0.12129300 0.35138100
v 0.42363500 0.11996600 0.36032700
v 0.43515000 0.11664100 0.34368000
v 0.43213300 0.11913600 0.34820900
v 0.41711300 0.11735200 0.35931400
v 0.51089000 0.10526800 0.35173500
v 0.47260600 0.12755800 0.36456500
v 0.51155600 0.09852260 0.34916400
v 0.47466600 0.12753300 0.37033500
v 0.49059900 0.10077700 0.33680600
v 0.45496600 0.09711770 0.32546400
v 0.43454100 0.10787600 0.33371200
v 0.42518200 0.08602200 0.32483600
v 0.41540300 0.08416210 0.32840200
v 0.65412800 0.26529900 0.49298800
v 0.66240100 0.26748400 0.50225900
v 0.97500000 0.09553900 0.59422000
v 0.67728100 0.26478200 0.51149400
v 0.67742000 0.25664800 0.49748600
v 0.67545600 0.26823800 0.50543100
v 0.67988000 0.25556100 0.50900100
v 0.66908000 0.26315400 0.49125200
v 0.67916700 0.26593300 0.50003300
v 0.76400000 0.21617900 0.54204100
v 0.67840300 0.25874500 0.51191500
v 0.67994700 0.26085800 0.51129400
v 0.77342900 0.21654300 0.54564000
v 0.74379700 0.22739300 0.52861000
v 0.76241900 0.21600300 0.53701500
v 0.48083900 0.07746570 0.39162500
v 0.68313800 0.26142700 0.50778800
v 0.78467700 0.21338900 0.54475300
v 0.48302000 0.04669490 0.42779500
v 0.80688600 0.19781300 0.55716200
v 0.49277600 0.05231650 0.42948300
v 0.80785500 0.19593000 0.55116600
v 0.76659200 0.21984200 0.53583600
v 0.48600800 0.05426470 0.44154000
v 0.48428100 0.05280140 0.43267600
v 0.80621400 0.19286400 0.54980100
v 0.93626200 0.12252600 0.58399100
v 0.48085800 0.06121880 0.43098700
v 0.48382000 0.06961580 0.43958000
v 0.49239100 0.07314330 0.43698500
v 0.48983800 0.07155790 0.43170400
v 0.88031800 0.15533100 0.57193800
v 0.81072000 0.19046200 0.55859500
v 0.49974100 0.06846920 0.43365400
v 0.49392200 0.05930940 0.44674500
v 0.89887200 0.14773400 0.57148100
v 0.81036600 0.19272700 0.55351100
v 0.48937000 0.06224390 0.44654900
v 0.82461500 0.18828800 0.55658300
v 0.93681600 0.12333000 0.58176200
v 0.49846500 0.06686390 0.45220400
v 0.89352100 0.15218900 0.57520600
v 0.96879300 0.09857490 0.59439300
v 0.93657000 0.12506300 0.58499800
v 0.87699700 0.15751100 0.56796400
v 0.81006900 0.18942400 0.55577600
v 0.89992800 0.15021500 0.57374200
v 0.97172000 0.09935430 0.59364400
v 0.65904800 0.25980000 0.48867800
v 0.65980700 0.25733600 0.49210200
v 0.80964900 0.19516200 0.55806000
v 0.93708200 0.12579900 0.58261400
v 0.67123900 0.26015800 0.51105300
v 0.56861900 0.16386200 0.47193800
v 0.64516800 0.26217300 0.49141300
v 0.50436300 0.08278950 0.44771100
v 0.50456500 0.08355270 0.45279300
v 0.63207300 0.24759800 0.48362100
v 0.63085200 0.24579100 0.48876200
v 0.49747200 0.07188020 0.44774900
v 0.80332900 0.18943300 0.55771400
v 0.50215000 0.06271300 0.44310200
v 0.61155500 0.20330600 0.47093300
v 0.66737500 0.26989100 0.49612100
v 0.61518300 0.20345200 0.47487100
v 0.65710300 0.26426100 0.48861700
v 0.51602700 0.07564160 0.44462500
v 0.49718400 0.06776910 0.44234700
v 0.49370700 0.06896850 0.44200400
v 0.50192200 0.06261660 0.43480500
v 0.51056700 0.07822120 0.45821200
v 0.64570700 0.25711000 0.49801200
v 0.64994600 0.25303300 0.49974200
v 0.50660200 0.08113340 0.45679400
v 0.61842300 0.21762200 0.48776200
v 0.50548400 0.06547340 0.45059000
v 0.51720900 0.07463540 0.45245300
v 0.47671300 0.05133700 0.42891200
v 0.62520500 0.21480600 0.48215100
v 0.51471500 0.07590330 0.45658600
v 0.62007100 0.21257900 0.48542400
v 0.63716200 0.24197700 0.47708200
v 0.63252800 0.24386400 0.47860500
v 0.51135500 0.08012710 0.44225500
v 0.50864000 0.08402540 0.44408500
v 0.50075400 0.07030290 0.44222000
v 0.49482000 0.05696800 0.44725400
v 0.97080700 0.09946620 0.59170200
v 0.46849300 0.07518660 0.40449400
v 0.46975400 0.06662620 0.40514700
v 0.49597500 0.06339370 0.42196800
v 0.49058100 0.06844870 0.42399700
v 0.48603100 0.07954430 0.39980800
v 0.48648000 0.07753280 0.41294500
v 0.47253000 0.06708090 0.39676900
v 0.47809000 0.06771780 0.39393000
v 0.48354800 0.06889620 0.42659400
v 0.47163400 0.08027420 0.40528300
v 0.48003300 0.07796540 0.41532900
v 0.48645200 0.07478270 0.39632900
v 0.48378400 0.06955000 0.39447600
v 0.48822000 0.05095470 0.41277100
v 0.49772200 0.05586210 0.42125100
v 0.48848200 0.06061480 0.44789200
v 0.50015700 0.05899140 0.44905600
v 0.49989100 0.06452730 0.44137000
v 0.80470800 0.18865900 0.55278600
v 0.65588400 0.24904400 0.49654700
v 0.68149300 0.25542400 0.50662300
v 0.68362500 0.25952600 0.50357000
v 0.65869400 0.25435600 0.49938200
v 0.65767700 0.25083600 0.48461200
v 0.47798300 0.06505940 0.42860600
v 0.68238900 0.26459200 0.50772100
v 0.67083900 0.25457000 0.50574900
v 0.67367900 0.25356000 0.50172600
v 0.47576700 0.05780350 0.42995900
v 0.49256400 0.04715360 0.42392600
v 0.48880900 0.06592950 0.44533000
v 0.65097400 0.25955500 0.48239500
v 0.65695600 0.25821600 0.49669900
v 0.49869000 0.06054810 0.44422000
v 0.80398000 0.19394600 0.56013900
v 0.50044300 0.05963110 0.44345000
v 0.49769200 0.05356910 0.43703000
v 0.65466400 0.26209200 0.49630400
v 0.49502500 0.06041730 0.42546900
v 0.46928900 0.07785300 0.39586200
v 0.47458500 0.07405470 0.39127600
v 0.97017700 0.09793060 0.59226300
v 0.47785300 0.08456080 0.39788700
v 0.47871500 0.05038520 0.41658500
v 0.48757600 0.06627940 0.42671900
v 0.48219500 0.06382080 0.44216600
v 0.52951200 0.22486700 0.57177600
v 0.52379200 0.22923900 0.55926900
v 0.52797200 0.23169000 0.57203700
v 0.51559400 0.22427000 0.57742000
v 0.51656100 0.23144800 0.57672200
v 0.52888400 0.22504200 0.58153600
v 0.52215700 0.23495400 0.57482700
v 0.52478400 0.22283700 0.58233000
v 0.45841400 0.07811140 0.39932000
v 0.56226800 0.16354900 0.63059200
v 0.46730300 0.06129040 0.43440900
v 0.54869900 0.18780800 0.61344000
v 0.56120400 0.17109200 0.63254300
v 0.46741800 0.05679620 0.44735500
v 0.46432500 0.05392330 0.43936600
v 0.57726400 0.14561800 0.63783200
v 0.45103700 0.06693470 0.44694800
v 0.55579400 0.18230100 0.61578500
v 0.56177800 0.17870700 0.62758700
v 0.46262700 0.07390200 0.44724700
v 0.53579800 0.21434000 0.59792200
v 0.46734400 0.06621710 0.45178200
v 0.57408800 0.15083600 0.64607100
v 0.57693300 0.15336900 0.64397600
v 0.56338900 0.17776200 0.62361100
v 0.46241100 0.06652480 0.45983600
v 0.57812600 0.14444100 0.64269500
v 0.47092500 0.07475390 0.45515200
v 0.47014000 0.07067360 0.46084400
v 0.46877200 0.06571620 0.45722200
v 0.62620800 0.06979110 0.70356200
v 0.60248800 0.10725400 0.67812500
v 0.57970800 0.14818400 0.64369600
v 0.61483800 0.09680080 0.69031500
v 0.62573900 0.07203440 0.70504200
v 0.57513500 0.14453700 0.64524200
v 0.57584900 0.14852900 0.64639500
v 0.51046000 0.22417100 0.55734100
v 0.63749900 0.04439620 0.71703100
v 0.60727700 0.10575900 0.67712100
v 0.63965000 0.04439310 0.71550000
v 0.62879400 0.07049960 0.70310100
v 0.62732100 0.07385480 0.70444900
v 0.58341800 0.14228100 0.65257200
v 0.51790800 0.23467600 0.56193400
v 0.52587800 0.22073700 0.57799900
v 0.51600000 0.22077700 0.55712500
v 0.57990300 0.14998000 0.64013500
v 0.51927700 0.21957000 0.57353500
v 0.50363200 0.22133200 0.55379400
v 0.46084800 0.08415470 0.46443500
v 0.48546100 0.15996500 0.51214500
v 0.51659700 0.22628700 0.54460700
v 0.45893500 0.07141280 0.44926000
v 0.46526500 0.07110470 0.44852200
v 0.49772600 0.19038700 0.53549500
v 0.46386400 0.07945450 0.46967300
v 0.47196000 0.06548720 0.44437400
v 0.50019200 0.18331100 0.53255400
v 0.46704000 0.07094700 0.43748200
v 0.45226100 0.06227240 0.43648700
v 0.50660400 0.18840000 0.53451200
v 0.46815500 0.07713820 0.47029800
v 0.45536900 0.05453170 0.44049800
v 0.47300200 0.07706870 0.46870600
v 0.50728800 0.18396900 0.52739600
v 0.45524000 0.04761750 0.43666200
v 0.44876700 0.05200900 0.43547000
v 0.50739300 0.18587100 0.52318800
v 0.47612300 0.07846210 0.46500400
v 0.47647900 0.08149870 0.46103500
v 0.46124100 0.07463260 0.46085800
v 0.46210100 0.07721100 0.45637500
v 0.49032200 0.16985100 0.50899900
v 0.48559200 0.16194400 0.50831100
v 0.46499800 0.08722270 0.45926000
v 0.50392100 0.22470900 0.54885500
v 0.46698800 0.07818210 0.45468800
v 0.50952600 0.21647200 0.53572000
v 0.63951800 0.04533210 0.71866500
v 0.49069800 0.14827800 0.49517800
v 0.51412800 0.21404200 0.53642800
v 0.47193500 0.08578280 0.45721100
v 0.46237500 0.06183220 0.45587900
v 0.45265200 0.07826880 0.39980400
v 0.44880200 0.07583850 0.40616800
v 0.45582200 0.06918520 0.43138800
v 0.45476900 0.07581080 0.41819700
v 0.46312500 0.06396080 0.40055700
v 0.45501800 0.05765630 0.44903300
v 0.46687500 0.05212790 0.42328400
v 0.45463600 0.07182970 0.43918800
v 0.46988600 0.06554660 0.45171700
v 0.47095200 0.05618530 0.43175500
v 0.45722400 0.06665680 0.45286700
v 0.46518600 0.06970210 0.40172200
v 0.44751900 0.07245140 0.39916600
v 0.44714500 0.06503670 0.40295500
v 0.50648000 0.21719400 0.55727700
v 0.51119700 0.22884700 0.55346200
v 0.46162600 0.07528020 0.41739400
v 0.46401800 0.07485330 0.40422700
v 0.46899100 0.06358240 0.43067100
v 0.52263900 0.22600100 0.58381800
v 0.46319600 0.06863180 0.43050100
v 0.45772700 0.06178390 0.39913500
v 0.45190800 0.06213980 0.39991600
v 0.64064900 0.04507070 0.71711800
v 0.64010100 0.04320860 0.71828500
v 0.45344300 0.04891680 0.42427200
v 0.52712900 0.22953700 0.58263300
v 0.57071700 0.14668300 0.64421600
v 0.57325900 0.14414600 0.63890600
v 0.52016600 0.22518000 0.58304500
v 0.51884700 0.22364600 0.55404500
v 0.52232300 0.23135800 0.58305600
v 0.51107400 0.23006600 0.56426800
v 0.51351100 0.21395900 0.55787500
v 0.46227200 0.06350940 0.45447000
v 0.46375200 0.07151190 0.46292700
v 0.45471300 0.06725340 0.45357900
v 0.44994100 0.06550170 0.43284900
v 0.45621400 0.07469500 0.44419300
v 0.46079900 0.07101180 0.39568400
v 0.45307000 0.06734530 0.39475800
v 0.46072200 0.04842420 0.42320200
v 0.46547100 0.04782050 0.43491900
v 0.46783300 0.07355620 0.44294200
v 0.52188400 0.21774400 0.54980200
v 0.51635300 0.22856400 0.55154600
v 0.52849900 0.23118800 0.58057700
v 0.50745700 0.22660500 0.54468900
v 0.45974300 0.06684240 0.43288500
v 0.44721500 0.05829330 0.43472600
v 0.24535400 0.21186200 0.55564200
v 0.24769600 0.22162900 0.55087000
v 0.25105600 0.21738400 0.56603800
v 0.24958800 0.22910400 0.55348700
v 0.41626000 0.06167230 0.39788100
v 0.41038100 0.06048430 0.39798400
v 0.40740300 0.07043060 0.39338100
v 0.40496900 0.06347600 0.39872000
v 0.40298400 0.06925140 0.39966100
v 0.25332400 0.22927200 0.56196700
v 0.41029200 0.04743960 0.43530600
v 0.16582700 0.14951400 0.59122700
v 0.23703500 0.21189400 0.56445300
v 0.18980600 0.17339700 0.58332500
v 0.19097900 0.17496600 0.57873400
v 0.23508100 0.21369900 0.56177200
v 0.16535700 0.15281800 0.59562400
v 0.19052100 0.17861400 0.58378500
v 0.23861000 0.21505700 0.56685300
v 0.40200300 0.07209580 0.43525600
v 0.16412700 0.15751000 0.58602500
v 0.41438000 0.07294920 0.43682000
v 0.41285500 0.07603390 0.44179300
v 0.15209500 0.14843200 0.59278500
v 0.17163500 0.16691100 0.58719100
v 0.23788900 0.21909700 0.56569700
v 0.14675800 0.13290400 0.59560300
v 0.14353300 0.13573800 0.59604400
v 0.14757300 0.13374800 0.60540100
v 0.40425000 0.07284010 0.44616600
v 0.14441400 0.13891600 0.60392500
v 0.14297800 0.13054000 0.60272000
v 0.02965650 0.02759090 0.64774800
v 0.09206570 0.09002180 0.61900600
v 0.14209000 0.13093700 0.59924500
v 0.05167380 0.05384340 0.63641000
v 0.07546550 0.08268730 0.62377100
v 0.05061540 0.05359170 0.63410600
v 0.23863000 0.22301900 0.56312300
v 0.05015920 0.05568640 0.63706900
v 0.09250400 0.09453730 0.62010800
v 0.02933360 0.02910140 0.65011600
v 0.14152400 0.13381700 0.60374800
v 0.13177600 0.12676800 0.60116800
v 0.05044470 0.05720830 0.63388600
v 0.07688010 0.08128060 0.62055500
v 0.14118800 0.13622000 0.60052900
v 0.26539100 0.22291200 0.54408100
v 0.27022700 0.22899100 0.55689700
v 0.27657000 0.22279700 0.54755000
v 0.24817400 0.21150700 0.56176600
v 0.23678900 0.21091500 0.56093500
v 0.26832100 0.23443900 0.55239400
v 0.23544900 0.21797600 0.56259700
v 0.23551100 0.21746600 0.55875200
v 0.38657800 0.07830710 0.46100800
v 0.38750600 0.07995360 0.45589500
v 0.30417400 0.18334200 0.51944400
v 0.27363900 0.21730800 0.53736400
v 0.30947500 0.17941100 0.51182100
v 0.38893900 0.07794260 0.46544900
v 0.30413800 0.18525900 0.52508300
v 0.39309700 0.07935650 0.46804200
v 0.31003300 0.18441400 0.52597500
v 0.27503000 0.21345300 0.54538800
v 0.40178900 0.07844630 0.45109900
v 0.40156600 0.06229430 0.43275500
v 0.40455300 0.05521050 0.43785000
v 0.41228900 0.04817410 0.42267600
v 0.38952600 0.08337810 0.45357500
v 0.40425900 0.07461790 0.40178900
v 0.41338300 0.06663760 0.39247400
v 0.29335700 0.21218700 0.52429000
v 0.27786100 0.22163800 0.53249400
v 0.02526650 0.02507480 0.65002400
v 0.39382900 0.08601520 0.45309900
v 0.31344500 0.18751100 0.52603700
v 0.02684870 0.02868210 0.64816800
v 0.28366400 0.21744100 0.55127700
v 0.33710300 0.16358000 0.50800900
v 0.39706900 0.08242510 0.46785900
v 0.40279200 0.07214010 0.45981400
v 0.28872900 0.22356000 0.54681100
v 0.39989600 0.08530980 0.46477300
v 0.41180100 0.07853480 0.39706000
v 0.34157400 0.16018900 0.50094200
v 0.41361600 0.05578680 0.43884900
v 0.28919400 0.22616600 0.54143500
v 0.29363300 0.21836400 0.53044000
v 0.39962900 0.06032860 0.44404200
v 0.39708500 0.06689430 0.44241600
v 0.41228900 0.07128630 0.44898400
v 0.33233800 0.16966200 0.50207900
v 0.39943200 0.08794300 0.45731200
v 0.40440000 0.06582500 0.45203600
v 0.40476300 0.07806690 0.45715000
v 0.40143000 0.06903160 0.44886000
v 0.40688100 0.07427690 0.44594100
v 0.28254800 0.22706000 0.53597600
v 0.27711800 0.22908400 0.54320700
v 0.41000100 0.06608800 0.45215200
v 0.27256700 0.22459200 0.54349500
v 0.40220700 0.06439200 0.45256500
v 0.40563800 0.06943960 0.42833800
v 0.39977600 0.06446600 0.42871800
v 0.24000900 0.21180900 0.56608000
v 0.40676400 0.07552740 0.41493100
v 0.42131300 0.05942040 0.43323600
v 0.39786100 0.05706430 0.42987500
v 0.26623700 0.23238000 0.54616200
v 0.40023500 0.05094080 0.43130000
v 0.41304300 0.07000780 0.42912700
v 0.41882900 0.06623400 0.43094300
v 0.41359100 0.07612930 0.41542200
v 0.41819800 0.06570070 0.44592300
v 0.41149900 0.06524950 0.45348200
v 0.28087400 0.22485900 0.54910900
v 0.28071200 0.22805300 0.54610900
v 0.39868100 0.06897280 0.45542900
v 0.42223300 0.07033300 0.40317100
v 0.42103500 0.06473280 0.40068700
v 0.41669100 0.06331710 0.43450700
v 0.41948200 0.07558250 0.40368900
v 0.41932100 0.07226070 0.39513900
v 0.02833050 0.02760940 0.64941100
v 0.42003100 0.05291260 0.43398300
v 0.40916200 0.06782430 0.43084100
v 0.24156000 0.21919500 0.56766900
v 0.14904300 0.13054100 0.59993700
v 0.40774100 0.05712860 0.44771000
v 0.40124400 0.07490110 0.44061400
v 0.27697200 0.22199400 0.54952700
v 0.39706700 0.07358410 0.45063700
v 0.39961100 0.07024080 0.44750900
v 0.41119800 0.21075100 0.53471500
v 0.40299100 0.21757600 0.54812700
v 0.41252400 0.20860400 0.55236000
v 0.39776900 0.20836900 0.54995300
v 0.39865800 0.21495800 0.55188200
v 0.40521400 0.20292300 0.55205000
v 0.40967300 0.21710100 0.54994700
v 0.40699300 0.20715300 0.55634500
v 0.40399400 0.20275500 0.56312400
v 0.39560700 0.17305100 0.60572000
v 0.44012500 0.06264250 0.44018300
v 0.40015800 0.18971200 0.58534400
v 0.39244700 0.18069100 0.59673200
v 0.43996700 0.06072830 0.45183300
v 0.43854800 0.05663440 0.44371700
v 0.39483100 0.16527800 0.62147900
v 0.40664600 0.21051900 0.55698800
v 0.39653300 0.18592100 0.60069100
v 0.39256300 0.18872100 0.59184700
v 0.38479400 0.16594800 0.61932700
v 0.43157700 0.07646300 0.44628900
v 0.38956800 0.16845900 0.62206100
v 0.43406500 0.06538830 0.45817800
v 0.39144000 0.18017300 0.61021200
v 0.40444400 0.21397300 0.55650000
v 0.39095600 0.16085000 0.62270700
v 0.42776000 0.06506460 0.45770400
v 0.37614200 0.11723600 0.69159400
v 0.40701800 0.20269800 0.53918900
v 0.40250100 0.19707900 0.53737000
v 0.38302100 0.14036300 0.65918200
v 0.38839200 0.16057600 0.62215200
v 0.41248500 0.20504100 0.53879500
v 0.37401900 0.11590000 0.69126700
v 0.37980300 0.13970700 0.65971200
v 0.38737100 0.16572200 0.62331500
v 0.40431100 0.21702700 0.55464900
v 0.38657100 0.16342700 0.62224600
v 0.37268400 0.11757700 0.69152100
v 0.37286700 0.12293500 0.68804200
v 0.40026900 0.21051800 0.55591500
v 0.36965600 0.09841070 0.70656400
v 0.36939400 0.09894880 0.70939600
v 0.37203300 0.09788270 0.70868700
v 0.38780100 0.16272700 0.63088700
v 0.37865600 0.13696100 0.67238500
v 0.37081900 0.09886050 0.71015000
v 0.38129000 0.13495700 0.67255300
v 0.39179300 0.16459500 0.62349000
v 0.37572800 0.11989400 0.69170500
v 0.40181000 0.20272300 0.53975000
v 0.40778000 0.21589400 0.53945900
v 0.39301900 0.15962600 0.61932700
v 0.40084900 0.21141700 0.53878100
v 0.42148200 0.07892210 0.46865500
v 0.39994500 0.20279800 0.53112400
v 0.42045400 0.08203850 0.46492400
v 0.40696600 0.17592400 0.51880200
v 0.41070300 0.15169700 0.50083500
v 0.41823100 0.19829000 0.52337200
v 0.41465000 0.19922600 0.51989600
v 0.43526000 0.08612890 0.46482600
v 0.42306400 0.07192450 0.44584500
v 0.43178600 0.08770270 0.46179500
v 0.43169800 0.05649730 0.45375500
v 0.43255200 0.05377370 0.44521400
v 0.41984800 0.14407800 0.50574900
v 0.42502900 0.07720290 0.47154200
v 0.42119300 0.05743670 0.43672400
v 0.41122600 0.16998300 0.51873800
v 0.42312800 0.06460480 0.43484800
v 0.40329200 0.20802600 0.52689800
v 0.41285600 0.15227400 0.49688100
v 0.42258300 0.08549530 0.46189600
v 0.42695300 0.08760790 0.46078300
v 0.44052900 0.07437070 0.40194000
v 0.40957400 0.19855600 0.51864300
v 0.37043900 0.09746240 0.70903100
v 0.43638100 0.08292490 0.46805300
v 0.42165900 0.17508600 0.51550000
v 0.41660000 0.17775700 0.52442300
v 0.43295700 0.07783830 0.47186100
v 0.42311000 0.14988600 0.50646400
v 0.42463600 0.07322190 0.46383300
v 0.42926100 0.06994350 0.46498300
v 0.42419600 0.07681210 0.46032300
v 0.43016200 0.07988880 0.45854200
v 0.43060100 0.06295190 0.46005700
v 0.42660200 0.07433080 0.40803500
v 0.43934700 0.06789940 0.39928400
v 0.43984400 0.04913050 0.44090300
v 0.42869100 0.06900880 0.43446300
v 0.43244400 0.06720720 0.43684600
v 0.42977400 0.07529570 0.42088300
v 0.44312700 0.06422110 0.40619500
v 0.44119800 0.05062200 0.42820700
v 0.44482100 0.05801170 0.43868600
v 0.43598800 0.07026490 0.45480300
v 0.44421400 0.07007580 0.40775900
v 0.42454700 0.06869570 0.40726600
v 0.42702300 0.06337010 0.40496800
v 0.43661400 0.07555720 0.42179800
v 0.44189100 0.07522660 0.40949400
v 0.44228000 0.06511910 0.43681900
v 0.43614700 0.06938730 0.43520300
v 0.43226600 0.06024600 0.40401300
v 0.43840100 0.06058290 0.40445700
v 0.38655300 0.16019700 0.61794600
v 0.43043300 0.04848880 0.42789700
v 0.43521700 0.07720970 0.46238700
v 0.40367000 0.20617700 0.53644100
v 0.42915800 0.07310440 0.40068900
v 0.40235700 0.20747500 0.55604000
v 0.41394900 0.21114000 0.54223600
v 0.40588700 0.21051500 0.53375500
v 0.41384800 0.19749900 0.53978900
v 0.41837400 0.20345400 0.53516200
v 0.42590300 0.06977300 0.45397100
v 0.43368100 0.07182510 0.46475000
v 0.43107400 0.07338610 0.45231900
v 0.42303700 0.06736990 0.45588500
v 0.43183300 0.07359840 0.44099600
v 0.42088900 0.06381030 0.44981500
v 0.42499600 0.06181300 0.43895700
v 0.43226600 0.06711680 0.39851500
v 0.42306800 0.05115460 0.43769200
v 0.42636100 0.05624790 0.44261500
v 0.42961300 0.04761750 0.44040300
v 0.41511200 0.20967300 0.53001300
v 0.43424300 0.07822490 0.40326500
v 0.40943000 0.21309600 0.55605000
v 0.44000400 0.07269590 0.44755300
v 0.43837900 0.06753720 0.45744100
v 0.44195100 0.06761840 0.45083500
v 0.49409300 0.08038780 0.39344700
v 0.51536200 0.08054200 0.40464700
v 0.53309600 0.06886200 0.41045800
v 0.53847000 0.06941050 0.41702900
v 0.55299000 0.06269110 0.41864300
v 0.55141400 0.06086900 0.42055900
v 0.55273300 0.06327170 0.42012600
v 0.53395800 0.07564600 0.41315200
v 0.53277500 0.07715990 0.41124700
v 0.53699400 0.06615260 0.41588900
v 0.51446400 0.07986790 0.40630700
v 0.51429900 0.07137600 0.40268600
v 0.51087600 0.07166830 0.40453900
v 0.51134800 0.07418560 0.40589300
v 0.51284400 0.07107150 0.40602100
v 0.50143000 0.08059710 0.40205900
v 0.50966600 0.07434380 0.39981600
v 0.50264900 0.08165260 0.39879200
v 0.50267600 0.07286740 0.40185100
v 0.51310100 0.07456030 0.40193700
v 0.50089400 0.07443890 0.40322800
v 0.49037500 0.07994420 0.39276200
v 0.49000600 0.07147790 0.39364100
v 0.50396100 0.07235890 0.39900500
v 0.49440900 0.07442200 0.39243000
v 0.49208700 0.07143560 0.39838500
v 0.51350200 0.07891650 0.40287300
v 0.48885400 0.07927940 0.39651600
v 0.49264900 0.08187550 0.39668800
v 0.49335700 0.07028490 0.39498100
v 0.53652100 0.06400900 0.41379000
v 0.49144200 0.07771900 0.39946900
v 0.48857800 0.07456410 0.39722400
v 0.50226100 0.07549320 0.40294400
v 0.51016500 0.08015540 0.40501800
v 0.51170200 0.07685150 0.40612000
v 0.56081200 0.04844270 0.42053500
v 0.51351800 0.07005270 0.40424100
v 0.51537000 0.07696550 0.40239700
v 0.51339700 0.07677100 0.40737300
v 0.55037500 0.05755980 0.41895800
v 0.53401200 0.07279910 0.41081800
v 0.54163800 0.07151500 0.41632100
v 0.54087600 0.07281440 0.41530000
v 0.53121600 0.07634280 0.41375100
v 0.53176900 0.06807110 0.41313400
v 0.53207500 0.06725590 0.41148000
v 0.53227300 0.07143860 0.41456300
v 0.51194800 0.07148150 0.40322100
v 0.54039100 0.06913810 0.41293900
v 0.55177000 0.05931820 0.41708400
v 0.53761100 0.06494460 0.41220600
v 0.56207600 0.05036520 0.42074300
v 0.56228100 0.05125860 0.42226600
v 0.55052300 0.05710900 0.41749300
v 0.51136300 0.08113120 0.40296300
v 0.50314400 0.08003370 0.40086700
v 0.51291000 0.07986920 0.40465200
v 0.50373900 0.07749060 0.39647100
v 0.50412600 0.07884600 0.39827500
v 0.50324300 0.07164370 0.39748700
v 0.51109000 0.07856800 0.40075100
v 0.50192200 0.07033520 0.40056100
v 0.50989000 0.07104150 0.40230000
v 0.33028700 0.04224410 0.39681800
v 0.31640200 0.03728160 0.39043400
v 0.29786600 0.03347560 0.38085900
v 0.33025000 0.03936710 0.38480400
v 0.30746400 0.04205600 0.35825800
v 0.31949100 0.03629910 0.38178600
v 0.30876600 0.03428570 0.37901400
v 0.29783300 0.03301870 0.37241400
v 0.33026700 0.03820730 0.36922600
v 0.31993400 0.03632570 0.36208600
v 0.32831700 0.04838300 0.34855700
v 0.30929100 0.03407700 0.36751800
v 0.33026500 0.03991140 0.35578000
v 0.33028300 0.04225230 0.34656000
v 0.31144900 0.03577480 0.35540900
v 0.29753600 0.04048320 0.36341100
v 0.29782900 0.03361280 0.36266500
v 0.32831900 0.04872760 0.39475600
v 0.30938200 0.04243390 0.38611000
v 0.32830400 0.04609800 0.38377800
v 0.31806400 0.04318140 0.38093900
v 0.30787500 0.04128490 0.37843200
v 0.29752100 0.04064130 0.37998400
v 0.31484800 0.04209680 0.36603400
v 0.29752700 0.04009600 0.37240600
v 0.32833100 0.04502130 0.36949500
f 5 21 13
f 1 35 7
f 25 57 53
f 33 53 31
f 52 22 13
f 45 26 37
f 30 9 42
f 29 8 1
f 36 39 5
f 47 7 3
f 21 59 27
f 3 6 4
f 54 4 22
f 49 54 27
f 6 22 4
f 7 50 6
f 31 10 33
f 39 32 21
f 57 25 24
f 40 41 18
f 63 48 37
f 8 29 46
f 63 30 48
f 13 50 5
f 8 30 35
f 9 34 32
f 10 29 61
f 12 45 51
f 47 59 60
f 64 51 48
f 58 44 12
f 30 8 64
f 14 20 23
f 20 14 24
f 17 2 38
f 2 17 40
f 4 54 49
f 58 57 56
f 55 31 53
f 19 16 58
f 16 19 18
f 17 16 41
f 16 17 44
f 2 20 62
f 20 2 15
f 14 19 56
f 19 14 18
f 24 25 26
f 57 12 55
f 51 45 37
f 43 25 28
f 28 33 34
f 34 10 60
f 32 60 59
f 35 36 50
f 46 55 64
f 36 42 39
f 34 9 63
f 32 39 42
f 50 13 22
f 59 47 27
f 63 28 34
f 43 28 63
f 22 6 50
f 44 38 45
f 31 46 29
f 61 1 47
f 26 45 38
f 27 3 49
f 62 26 38
f 43 63 37
f 51 37 48
f 55 46 31
f 58 12 57
f 31 29 10
f 64 48 30
f 60 61 47
f 52 27 54
f 3 27 47
f 63 9 30
f 46 64 8
f 18 15 40
f 18 23 15
f 24 56 57
f 22 52 54
f 13 21 52
f 35 1 8
f 64 55 11
f 59 21 32
f 43 37 26
f 60 32 34
f 36 35 30
f 53 33 25
f 1 61 29
f 44 58 16
f 62 38 2
f 10 34 33
f 33 28 25
f 23 18 14
f 56 24 14
f 11 55 12
f 42 36 30
f 25 43 26
f 7 47 1
f 5 50 36
f 6 3 7
f 27 52 21
f 55 53 57
f 4 49 3
f 21 5 39
f 24 26 62
f 50 7 35
f 32 42 9
f 38 44 17
f 61 60 10
f 15 23 20
f 24 62 20
f 51 64 11
f 51 11 12
f 45 12 44
f 40 15 2
f 58 56 19
f 18 41 16
f 41 40 17
f 183 169 173
f 183 181 70
f 172 169 73
f 144 75 76
f 166 181 76
f 182 189 180
f 88 148 85
f 86 87 88
f 164 180 177
f 178 167 188
f 172 165 162
f 139 197 158
f 137 156 115
f 134 158 156
f 130 151 154
f 129 154 152
f 127 152 196
f 157 142 186
f 89 198 86
f 159 143 142
f 148 149 85
f 197 185 146
f 154 138 136
f 81 77 144
f 147 139 138
f 181 166 192
f 150 136 133
f 185 130 132
f 186 131 155
f 141 132 131
f 167 178 189
f 126 111 125
f 113 101 103
f 114 118 112
f 113 112 101
f 108 96 100
f 106 98 83
f 126 109 155
f 101 119 117
f 161 102 168
f 98 113 194
f 98 96 113
f 117 93 92
f 103 117 82
f 83 194 74
f 93 83 90
f 94 90 84
f 80 94 168
f 71 80 68
f 149 122 81
f 122 179 77
f 79 71 193
f 84 79 78
f 182 165 73
f 68 102 123
f 102 161 66
f 66 107 125
f 193 68 65
f 166 167 192
f 69 121 107
f 86 88 190
f 161 95 69
f 111 170 65
f 95 78 67
f 78 193 99
f 74 72 79
f 82 92 80
f 82 72 194
f 90 74 84
f 92 93 94
f 82 117 92
f 100 96 98
f 97 110 114
f 104 105 118
f 198 116 87
f 112 119 101
f 120 108 100
f 105 97 108
f 77 124 75
f 165 172 73
f 169 183 70
f 110 104 114
f 96 112 113
f 118 120 119
f 131 127 155
f 132 129 127
f 132 130 129
f 188 124 187
f 136 134 137
f 91 86 190
f 116 176 149
f 136 137 133
f 174 197 139
f 151 130 198
f 109 195 186
f 143 140 141
f 142 141 186
f 146 185 140
f 151 147 154
f 191 99 65
f 191 67 99
f 152 153 150
f 158 146 159
f 158 159 157
f 116 198 130
f 198 89 184
f 195 170 115
f 160 176 171
f 197 174 171
f 89 160 174
f 179 122 160
f 149 176 122
f 179 91 124
f 177 187 190
f 163 177 190
f 162 164 163
f 165 182 164
f 97 105 135
f 105 104 135
f 167 166 128
f 188 128 75
f 169 172 175
f 180 178 187
f 181 183 145
f 135 104 110
f 188 75 124
f 148 87 116
f 171 116 185
f 145 76 181
f 68 168 102
f 187 177 180
f 178 180 189
f 189 70 192
f 175 144 173
f 189 73 70
f 189 182 73
f 175 173 169
f 186 155 109
f 149 148 116
f 128 188 167
f 190 124 91
f 70 73 169
f 164 162 165
f 124 77 179
f 196 150 126
f 198 184 151
f 87 86 198
f 124 190 187
f 91 179 89
f 163 85 162
f 75 144 77
f 175 81 144
f 162 85 175
f 175 85 81
f 81 85 149
f 148 88 87
f 171 174 160
f 116 171 176
f 168 95 161
f 155 196 126
f 163 190 88
f 174 184 89
f 145 173 144
f 189 192 167
f 135 110 97
f 192 70 181
f 139 147 151
f 128 76 75
f 77 81 122
f 86 91 89
f 115 186 195
f 109 126 107
f 157 115 156
f 74 194 72
f 157 156 158
f 85 163 88
f 146 158 197
f 76 145 144
f 173 145 183
f 76 128 166
f 180 164 182
f 177 163 164
f 188 187 178
f 162 175 172
f 176 160 122
f 150 196 152
f 153 152 154
f 160 89 179
f 185 197 171
f 139 184 174
f 151 184 139
f 115 133 137
f 158 134 139
f 156 137 134
f 140 143 146
f 141 142 143
f 196 155 127
f 152 127 129
f 154 129 130
f 186 115 157
f 142 157 159
f 143 159 146
f 138 154 147
f 136 150 153
f 136 153 154
f 131 186 141
f 134 136 138
f 132 140 185
f 132 141 140
f 130 185 116
f 134 138 139
f 115 170 133
f 133 111 150
f 111 126 150
f 195 109 121
f 108 120 105
f 93 117 106
f 103 194 113
f 118 114 104
f 127 131 132
f 98 106 100
f 83 93 106
f 96 108 97
f 120 118 105
f 117 103 101
f 194 83 98
f 90 94 93
f 84 95 94
f 133 170 111
f 84 78 95
f 94 80 92
f 80 71 82
f 125 107 126
f 195 191 170
f 71 79 72
f 123 125 111
f 79 84 74
f 65 99 193
f 191 65 170
f 65 123 111
f 107 121 109
f 191 121 67
f 195 121 191
f 125 123 66
f 66 123 102
f 121 69 67
f 67 69 95
f 123 65 68
f 107 66 69
f 69 66 161
f 106 117 119
f 99 67 78
f 82 71 72
f 68 193 71
f 193 78 79
f 112 96 114
f 168 68 80
f 74 90 83
f 95 168 94
f 82 194 103
f 114 96 97
f 119 112 118
f 100 106 119
f 100 119 120
f 302 315 296
f 302 296 262
f 293 287 288
f 292 301 327
f 284 298 299
f 297 289 291
f 215 274 289
f 268 269 263
f 253 321 324
f 256 312 267
f 268 263 261
f 266 261 309
f 282 290 252
f 281 249 255
f 269 270 275
f 259 275 273
f 309 273 322
f 256 267 265
f 247 234 248
f 250 265 294
f 270 282 279
f 272 279 233
f 321 254 216
f 205 234 199
f 245 247 323
f 224 235 242
f 298 284 264
f 287 293 264
f 231 240 244
f 202 236 238
f 230 242 227
f 236 224 230
f 221 244 219
f 257 258 260
f 244 226 212
f 218 211 326
f 254 331 217
f 219 212 211
f 213 221 220
f 312 290 329
f 212 300 210
f 212 210 209
f 221 219 218
f 220 218 325
f 300 237 213
f 210 213 214
f 200 205 199
f 199 295 201
f 311 205 304
f 203 323 248
f 295 199 294
f 311 305 203
f 204 308 246
f 320 319 223
f 306 207 204
f 314 223 278
f 206 246 323
f 305 306 206
f 284 287 264
f 207 208 200
f 209 214 208
f 211 212 209
f 211 209 326
f 214 220 304
f 260 332 262
f 222 232 237
f 232 244 221
f 227 229 222
f 331 330 280
f 251 330 318
f 313 329 328
f 227 225 229
f 235 202 243
f 241 243 231
f 306 305 325
f 207 306 326
f 239 227 226
f 238 230 227
f 248 323 247
f 225 241 231
f 247 245 322
f 229 231 232
f 328 228 319
f 244 240 239
f 321 318 254
f 223 253 324
f 243 238 240
f 327 278 317
f 249 256 250
f 255 250 310
f 261 259 309
f 261 263 259
f 265 268 266
f 329 313 312
f 235 224 303
f 301 292 274
f 258 278 316
f 273 272 322
f 275 271 272
f 286 276 269
f 233 281 277
f 279 252 281
f 276 251 270
f 269 312 313
f 199 234 310
f 245 308 309
f 319 320 328
f 320 283 328
f 283 330 286
f 314 280 283
f 216 291 324
f 291 317 324
f 305 311 307
f 308 295 309
f 287 284 285
f 319 251 321
f 289 292 317
f 331 280 257
f 280 314 258
f 296 293 262
f 298 215 297
f 302 301 315
f 299 297 216
f 327 302 316
f 332 260 258
f 257 217 331
f 321 253 319
f 307 325 305
f 302 327 301
f 308 245 246
f 309 322 245
f 310 294 199
f 318 321 251
f 331 254 318
f 278 258 314
f 297 299 298
f 316 332 258
f 274 315 301
f 293 296 315
f 292 289 274
f 316 262 332
f 324 278 223
f 317 291 289
f 331 318 330
f 285 288 287
f 285 260 288
f 322 233 247
f 325 326 306
f 278 324 317
f 326 208 207
f 328 286 313
f 217 216 254
f 216 217 299
f 285 257 260
f 285 217 257
f 299 217 285
f 315 264 293
f 327 316 278
f 251 276 330
f 274 264 315
f 274 215 264
f 304 307 311
f 319 228 251
f 286 328 283
f 276 286 330
f 294 309 295
f 253 223 319
f 258 257 280
f 236 303 224
f 264 215 298
f 329 290 328
f 262 288 260
f 216 324 321
f 208 304 205
f 233 277 247
f 223 314 320
f 202 303 236
f 262 316 302
f 288 262 293
f 327 317 292
f 281 233 279
f 299 285 284
f 291 216 297
f 252 279 282
f 289 297 215
f 269 313 286
f 283 320 314
f 330 283 280
f 290 282 228
f 328 290 228
f 228 282 251
f 282 270 251
f 271 275 270
f 270 269 276
f 272 273 275
f 269 268 312
f 312 256 290
f 261 266 268
f 309 294 266
f 268 267 312
f 249 281 252
f 255 277 281
f 273 309 259
f 275 259 263
f 256 252 290
f 275 263 269
f 265 250 256
f 294 310 250
f 233 322 272
f 279 272 271
f 268 265 267
f 266 294 265
f 279 271 270
f 255 247 277
f 255 234 247
f 323 246 245
f 240 231 243
f 226 244 239
f 237 300 222
f 212 219 244
f 221 237 232
f 300 212 226
f 326 325 218
f 211 218 219
f 307 304 220
f 221 213 237
f 256 249 252
f 250 255 249
f 208 326 209
f 218 220 221
f 310 234 255
f 325 307 220
f 304 208 214
f 213 210 300
f 205 200 208
f 234 205 248
f 246 206 204
f 204 206 306
f 248 205 311
f 308 201 295
f 308 204 201
f 201 204 207
f 323 203 206
f 238 243 202
f 206 203 305
f 201 200 199
f 203 248 311
f 200 201 207
f 214 209 210
f 220 214 213
f 222 300 226
f 225 227 242
f 222 226 227
f 242 230 224
f 231 229 225
f 243 241 235
f 244 232 231
f 241 225 242
f 232 222 229
f 202 235 303
f 241 242 235
f 230 238 236
f 227 239 240
f 227 240 238
f 407 446 445
f 445 446 352
f 444 343 393
f 438 454 343
f 433 412 411
f 432 429 436
f 418 461 353
f 372 442 428
f 414 358 423
f 442 440 427
f 381 364 365
f 458 424 423
f 460 462 424
f 394 364 465
f 374 370 376
f 457 430 370
f 390 391 398
f 456 365 382
f 383 384 354
f 391 394 400
f 408 416 419
f 415 410 447
f 388 393 342
f 441 372 395
f 414 408 421
f 416 415 419
f 403 382 365
f 396 403 392
f 413 397 408
f 435 395 337
f 397 399 416
f 389 411 412
f 399 401 409
f 401 465 410
f 420 417 402
f 462 385 418
f 421 420 404
f 422 421 406
f 386 463 434
f 352 368 361
f 336 450 430
f 407 373 363
f 434 378 380
f 456 382 437
f 369 371 356
f 367 351 359
f 362 361 373
f 446 363 366
f 355 353 389
f 359 347 349
f 371 344 350
f 371 349 344
f 350 431 451
f 347 346 348
f 346 370 430
f 349 348 344
f 431 339 341
f 341 340 346
f 458 388 459
f 460 459 461
f 340 376 370
f 378 434 334
f 426 378 333
f 335 381 379
f 377 335 379
f 374 375 333
f 457 333 334
f 434 463 464
f 449 334 464
f 336 464 335
f 338 450 376
f 345 430 450
f 350 451 351
f 351 448 347
f 390 439 360
f 352 366 368
f 363 373 367
f 414 354 358
f 357 359 369
f 361 357 369
f 366 363 368
f 459 342 454
f 367 350 351
f 363 367 368
f 456 426 375
f 377 379 375
f 390 396 391
f 443 337 452
f 392 365 394
f 342 343 454
f 396 392 391
f 397 398 399
f 398 400 399
f 354 355 358
f 400 465 401
f 465 364 381
f 402 405 403
f 404 402 403
f 406 404 396
f 405 437 382
f 416 409 415
f 377 376 450
f 419 447 417
f 426 456 380
f 421 419 420
f 462 360 439
f 380 437 447
f 397 413 455
f 462 418 384
f 462 460 385
f 358 389 388
f 462 439 455
f 389 412 393
f 423 413 414
f 383 422 360
f 424 455 413
f 411 389 353
f 428 427 429
f 453 428 432
f 435 393 412
f 452 436 438
f 436 425 454
f 441 411 442
f 393 388 389
f 343 444 443
f 388 387 358
f 384 383 462
f 447 386 380
f 442 372 441
f 440 442 411
f 380 378 426
f 450 336 377
f 454 438 436
f 353 355 384
f 453 432 452
f 452 438 443
f 412 433 435
f 362 407 352
f 459 460 458
f 461 418 385
f 360 406 390
f 429 432 428
f 376 377 374
f 461 429 427
f 465 381 466
f 353 461 427
f 353 440 411
f 353 427 440
f 461 385 460
f 461 425 429
f 459 454 425
f 425 461 459
f 342 459 388
f 395 435 433
f 387 423 358
f 354 414 383
f 437 380 456
f 430 449 336
f 360 462 383
f 355 354 384
f 413 423 424
f 455 424 462
f 389 358 355
f 422 383 414
f 343 342 393
f 337 444 435
f 417 420 419
f 437 417 447
f 352 407 445
f 395 433 441
f 388 458 387
f 453 395 372
f 453 337 395
f 453 452 337
f 370 374 457
f 430 457 449
f 353 384 418
f 337 443 444
f 393 435 444
f 343 443 438
f 411 441 433
f 408 414 413
f 425 436 429
f 436 452 432
f 428 453 372
f 427 428 442
f 410 415 409
f 423 387 458
f 424 458 460
f 390 397 455
f 390 455 439
f 465 400 394
f 400 398 391
f 398 397 390
f 447 419 415
f 419 421 408
f 421 422 414
f 403 396 404
f 382 403 405
f 365 392 403
f 396 390 406
f 409 416 399
f 416 408 397
f 410 409 401
f 402 404 420
f 437 405 417
f 404 406 421
f 406 360 422
f 405 402 417
f 466 410 465
f 386 447 410
f 401 399 400
f 361 362 352
f 357 361 368
f 356 373 369
f 350 356 371
f 364 394 365
f 359 368 367
f 369 373 361
f 350 367 356
f 431 350 344
f 339 431 344
f 394 391 392
f 338 339 344
f 410 466 386
f 348 349 347
f 430 348 346
f 456 381 365
f 345 344 348
f 341 451 431
f 376 340 339
f 380 386 434
f 340 341 339
f 346 448 341
f 370 346 340
f 375 379 381
f 375 374 377
f 335 466 381
f 333 457 374
f 333 375 426
f 334 449 457
f 386 466 463
f 334 333 378
f 375 381 456
f 464 334 434
f 464 336 449
f 335 463 466
f 335 464 463
f 335 377 336
f 376 339 338
f 341 448 451
f 338 344 345
f 450 338 345
f 346 347 448
f 430 345 348
f 373 407 362
f 366 352 446
f 448 351 451
f 347 359 351
f 349 371 359
f 359 357 368
f 356 367 373
f 363 446 407
f 371 369 359
f 468 505 504
f 467 527 530
f 469 504 593
f 562 484 478
f 470 530 474
f 482 528 484
f 485 489 487
f 525 489 490
f 574 585 587
f 586 580 579
f 520 592 589
f 468 517 502
f 593 504 505
f 509 470 493
f 582 576 478
f 578 568 571
f 570 581 583
f 600 560 581
f 482 564 567
f 564 487 489
f 552 561 547
f 561 559 535
f 536 563 556
f 553 547 546
f 553 546 589
f 551 542 541
f 568 578 545
f 580 586 548
f 549 541 597
f 543 535 532
f 544 532 575
f 538 556 555
f 538 555 557
f 533 550 502
f 508 518 507
f 487 564 537
f 490 485 534
f 513 522 524
f 510 521 526
f 522 514 519
f 526 516 514
f 518 510 511
f 470 473 512
f 506 513 524
f 516 507 501
f 521 508 507
f 497 524 495
f 592 593 505
f 517 520 575
f 523 563 492
f 584 499 515
f 588 525 594
f 495 519 479
f 529 531 480
f 476 483 486
f 584 515 488
f 475 488 483
f 494 481 493
f 494 479 481
f 498 494 493
f 497 495 494
f 537 562 598
f 488 497 498
f 483 498 596
f 485 487 537
f 479 475 476
f 479 584 475
f 491 493 470
f 477 596 471
f 473 474 504
f 505 468 597
f 471 593 527
f 509 477 471
f 481 476 509
f 481 479 476
f 519 503 479
f 469 472 596
f 524 519 495
f 503 499 584
f 499 524 497
f 503 500 499
f 507 511 506
f 511 526 513
f 561 523 496
f 519 501 503
f 524 522 519
f 592 520 527
f 528 529 484
f 558 589 592
f 478 484 591
f 532 535 533
f 532 533 575
f 542 536 538
f 541 538 539
f 547 543 544
f 521 510 554
f 550 551 549
f 576 582 599
f 502 549 597
f 556 552 553
f 564 482 562
f 557 553 558
f 559 566 535
f 563 523 552
f 559 561 569
f 569 572 566
f 525 492 563
f 565 563 536
f 572 525 565
f 566 565 551
f 588 567 496
f 473 469 595
f 567 489 569
f 525 588 492
f 583 591 484
f 573 583 480
f 568 600 570
f 571 570 573
f 478 574 590
f 576 599 574
f 580 578 577
f 581 582 591
f 529 594 531
f 531 490 534
f 587 586 579
f 587 579 540
f 540 598 587
f 578 580 545
f 586 585 548
f 534 480 531
f 470 509 467
f 595 512 473
f 589 575 520
f 590 598 562
f 599 548 585
f 590 587 598
f 485 490 489
f 596 595 469
f 586 587 585
f 560 548 599
f 560 545 548
f 560 600 545
f 582 581 560
f 591 583 581
f 596 491 595
f 597 539 505
f 577 579 580
f 490 531 594
f 577 540 579
f 537 534 485
f 574 478 576
f 562 537 564
f 598 540 537
f 480 484 529
f 528 482 588
f 570 571 568
f 594 529 588
f 492 496 523
f 575 502 517
f 573 534 571
f 484 480 583
f 529 528 588
f 573 480 534
f 577 534 537
f 577 537 540
f 571 534 577
f 521 518 508
f 548 545 580
f 545 600 568
f 502 597 468
f 496 569 561
f 490 594 525
f 525 572 489
f 496 492 588
f 484 562 482
f 478 590 562
f 572 569 489
f 569 496 567
f 560 599 582
f 551 550 566
f 565 566 572
f 504 474 468
f 536 542 565
f 527 467 471
f 593 472 469
f 563 565 525
f 566 559 569
f 474 473 470
f 552 556 563
f 517 527 520
f 543 547 561
f 554 510 518
f 554 518 521
f 585 574 599
f 587 590 574
f 478 591 582
f 571 577 578
f 553 555 556
f 583 573 570
f 581 570 600
f 553 557 555
f 567 588 482
f 489 567 564
f 561 552 523
f 542 551 565
f 535 543 561
f 550 535 566
f 547 553 552
f 589 558 553
f 549 502 550
f 541 549 551
f 532 544 543
f 575 589 544
f 544 546 547
f 556 538 536
f 557 539 538
f 544 589 546
f 550 533 535
f 502 575 533
f 557 505 539
f 526 511 510
f 522 513 526
f 538 541 542
f 539 597 541
f 506 501 507
f 506 500 501
f 514 522 526
f 516 526 521
f 511 507 518
f 513 506 511
f 524 499 506
f 501 514 516
f 507 516 521
f 497 515 499
f 558 592 505
f 584 479 503
f 558 505 557
f 486 477 476
f 517 468 474
f 474 530 517
f 488 475 584
f 527 593 592
f 483 476 475
f 517 530 527
f 479 494 495
f 494 498 497
f 493 491 498
f 497 488 515
f 596 486 483
f 498 483 488
f 477 509 476
f 470 512 491
f 512 595 491
f 504 469 473
f 530 470 467
f 593 471 472
f 471 467 509
f 472 471 596
f 501 519 514
f 509 493 481
f 596 477 486
f 491 596 498
f 500 503 501
f 499 500 506
f 601 602 652
f 604 605 669
f 736 721 735
f 1026 708 710
f 723 741 714
f 662 604 669
f 787 652 602
f 715 724 603
f 964 782 607
f 880 607 915
f 717 718 739
f 1028 649 716
f 612 628 631
f 631 613 612
f 810 630 767
f 1174 658 1129
f 720 736 718
f 665 610 677
f 632 620 614
f 657 654 643
f 640 648 657
f 723 727 606
f 607 608 781
f 665 660 609
f 610 609 669
f 639 648 640
f 1183 635 623
f 623 635 611
f 620 625 682
f 626 768 1160
f 619 633 632
f 625 624 682
f 1174 670 654
f 741 725 742
f 720 719 736
f 725 741 723
f 606 690 1161
f 722 728 729
f 728 722 730
f 1160 612 748
f 614 613 627
f 612 613 812
f 619 627 839
f 682 622 751
f 656 839 1109
f 751 615 616
f 623 611 637
f 656 634 633
f 682 624 622
f 682 614 620
f 616 615 635
f 637 636 621
f 656 633 619
f 622 624 634
f 624 625 634
f 743 733 750
f 768 628 612
f 768 626 630
f 810 627 631
f 634 632 633
f 620 634 625
f 715 745 724
f 648 639 649
f 641 642 794
f 642 646 685
f 642 644 647
f 647 644 643
f 671 676 605
f 646 647 667
f 1028 866 649
f 651 866 659
f 659 658 654
f 640 783 644
f 657 653 659
f 970 969 702
f 617 970 702
f 661 602 662
f 661 785 602
f 604 601 668
f 683 680 645
f 601 683 663
f 794 716 639
f 852 660 665
f 780 691 666
f 605 663 645
f 605 668 663
f 679 602 601
f 1174 968 673
f 810 629 630
f 670 673 672
f 678 675 671
f 650 674 675
f 673 678 671
f 968 650 678
f 674 650 953
f 675 677 676
f 702 969 664
f 679 662 602
f 694 688 684
f 652 686 683
f 681 684 692
f 686 684 680
f 684 681 685
f 681 716 794
f 716 681 692
f 652 694 686
f 852 665 845
f 691 780 692
f 833 845 851
f 1049 1226 854
f 818 687 716
f 1162 689 694
f 787 1162 694
f 864 743 1053
f 780 818 692
f 870 1046 1230
f 689 691 688
f 697 700 706
f 879 1140 1235
f 883 701 865
f 698 697 699
f 664 793 702
f 773 883 966
f 700 695 806
f 1085 897 898
f 1205 900 901
f 806 695 971
f 1161 638 709
f 1089 909 910
f 752 711 710
f 739 718 735
f 917 918 919
f 1094 921 922
f 732 724 745
f 730 731 728
f 737 738 721
f 606 740 723
f 935 1155 1154
f 938 939 940
f 941 1158 1157
f 729 728 745
f 734 732 730
f 730 732 731
f 746 724 732
f 742 737 721
f 738 739 721
f 740 725 723
f 741 742 744
f 744 749 713
f 841 727 726
f 737 742 725
f 720 747 744
f 863 977 827
f 1188 980 981
f 1193 983 984
f 1023 986 987
f 903 989 1133
f 1019 992 1113
f 1135 995 996
f 840 998 1033
f 1137 1001 1002
f 720 717 747
f 1139 1007 1008
f 603 746 748
f 747 748 752
f 747 729 748
f 616 711 748
f 711 616 1183
f 748 711 752
f 757 755 771
f 764 761 762
f 760 774 797
f 776 777 778
f 759 753 765
f 793 1043 1044
f 784 757 1187
f 775 765 755
f 1050 1156 1125
f 769 753 763
f 770 779 761
f 765 778 771
f 1062 1063 1064
f 833 851 916
f 884 773 762
f 800 774 763
f 761 779 776
f 778 1175 875
f 758 755 757
f 1180 1022 777
f 761 766 769
f 756 777 776
f 757 767 626
f 748 734 1160
f 755 765 771
f 766 778 753
f 703 764 773
f 1187 757 626
f 784 758 757
f 762 769 772
f 778 777 1175
f 1122 988 770
f 771 885 839
f 771 875 885
f 665 1116 845
f 664 770 764
f 765 753 778
f 839 767 757
f 1225 806 834
f 1140 857 1072
f 1136 882 1055
f 807 830 1070
f 894 1162 787
f 1202 1221 1074
f 789 1035 1078
f 1152 1199 1079
f 908 860 1083
f 934 1032 1102
f 972 1194 1212
f 936 1188 933
f 606 924 740
f 975 1109 839
f 902 1108 1208
f 1018 804 798
f 1017 965 1111
f 1114 816 817
f 979 850 1125
f 1184 826 868
f 1165 1164 1166
f 997 813 814
f 795 1142 976
f 1118 811 889
f 1010 875 1175
f 872 1145 1178
f 975 1143 847
f 871 802 1141
f 826 1184 1185
f 1120 844 888
f 1020 1190 986
f 1104 1133 980
f 1106 1192 1193
f 1022 1180 1021
f 876 970 696
f 1129 822 1128
f 1054 869 697
f 1071 855 856
f 790 1214 1045
f 1102 1210 1211
f 930 1212 1213
f 911 836 1203
f 919 1216 1217
f 1080 1219 1220
f 1221 1222 1223
f 901 1224 1078
f 1091 1092 1201
f 1228 1229 1070
f 1037 1232 1065
f 828 943 1197
f 1235 1233 879
f 840 1090 861
f 700 869 1230
f 1051 1067 1227
f 840 1033 1090
f 674 851 1116
f 947 837 1191
f 975 618 1109
f 1051 1227 1225
f 1218 705 706
f 1113 1132 1019
f 1003 1114 1009
f 1021 1118 994
f 1119 1120 993
f 1062 1207 894
f 1228 1205 1229
f 1207 1204 1088
f 901 1203 1224
f 1202 1201 1222
f 1152 1200 1199
f 1198 1197 1196
f 988 756 779
f 1097 1195 1194
f 878 1172 801
f 1129 954 1176
f 1050 985 1166
f 784 1187 655
f 1039 1024 809
f 1121 998 844
f 1118 848 811
f 1210 1182 1211
f 1112 984 1181
f 999 846 813
f 1017 1115 995
f 1011 1000 1001
f 846 999 1007
f 848 1118 1013
f 1000 892 815
f 1024 1039 1025
f 1115 843 816
f 780 666 1033
f 983 1193 1132
f 1023 1189 837
f 1176 968 1174
f 863 1213 1212
f 1208 932 933
f 1103 926 927
f 862 1095 922
f 861 1088 1204
f 1083 910 1035
f 1074 1073 898
f 1136 796 1046
f 699 1218 782
f 963 1168 1167
f 796 693 707
f 1082 1060 1037
f 1148 1077 1084
f 618 975 1183
f 1151 898 830
f 923 925 924
f 1153 1035 789
f 1154 928 1081
f 1157 1034 829
f 1032 934 1100
f 1187 1160 734
f 1188 936 1099
f 838 1194 1195
f 935 1154 944
f 977 863 1031
f 867 1208 1206
f 868 1211 1182
f 992 1019 1018
f 998 840 1014
f 1004 1003 961
f 1147 1146 1144
f 1010 1000 815
f 1016 1015 959
f 1022 1021 957
f 1177 1126 1172
f 1166 966 1124
f 1041 1039 952
f 1134 833 1131
f 949 984 983
f 1061 1129 1128
f 1027 1126 1177
f 792 904 938
f 940 939 1216
f 985 1050 1123
f 791 808 1222
f 1173 877 1054
f 1041 988 1122
f 968 1176 1056
f 970 878 801
f 821 865 964
f 1121 1120 1119
f 1178 1145 1024
f 874 1171 956
f 809 1024 887
f 1007 999 1015
f 1004 1141 1012
f 1010 957 958
f 872 959 960
f 1115 1114 1003
f 963 1186 1138
f 811 848 802
f 975 847 989
f 983 1132 1113
f 813 846 890
f 871 961 962
f 816 843 893
f 1186 963 798
f 1159 1111 1110
f 803 935 786
f 804 951 788
f 907 950 1106
f 1101 947 1191
f 935 840 861
f 1220 932 1098
f 860 929 1197
f 1223 926 1096
f 1150 917 1201
f 859 911 1203
f 858 905 1204
f 879 790 857
f 1066 831 864
f 1218 706 1227
f 1107 942 1213
f 834 1052 805
f 1208 933 1206
f 1226 1049 1063
f 1228 1066 864
f 1099 1200 923
f 1173 797 877
f 1093 1092 1091
f 1090 894 1088
f 1086 912 973
f 1144 974 906
f 1081 906 974
f 1148 973 912
f 905 928 1204
f 911 931 921
f 791 934 927
f 900 1071 1076
f 908 972 930
f 1207 1062 1064
f 1082 1065 925
f 1105 944 1154
f 942 792 937
f 792 1159 948
f 1233 800 1057
f 658 659 1129
f 1045 870 1072
f 1235 1054 877
f 915 1163 880
f 1182 1210 1189
f 902 798 788
f 1052 834 971
f 899 799 786
f 949 817 1181
f 1167 871 992
f 824 814 995
f 978 851 953
f 1169 872 873
f 823 809 1013
f 1170 874 1016
f 822 1028 687
f 1176 1125 850
f 833 1134 845
f 806 971 834
f 796 1215 1053
f 797 1233 877
f 1046 707 695
f 1069 1215 1231
f 1034 922 921
f 1188 1206 933
f 882 1045 1214
f 969 1122 664
f 846 1005 890
f 1121 1033 998
f 1179 955 820
f 820 1043 982
f 1147 1064 1036
f 1057 759 976
f 1149 1076 1077
f 801 874 1170
f 875 1010 847
f 1145 872 1169
f 1152 1087 925
f 802 871 1167
f 1139 868 987
f 1219 1080 1199
f 1155 1204 928
f 1137 867 981
f 1158 922 1034
f 666 1090 1033
f 1032 1100 1191
f 1135 946 965
f 1130 950 951
f 1210 1102 1032
f 1031 1212 1194
f 1159 792 942
f 945 1157 1098
f 972 908 1095
f 689 1162 894
f 918 913 910
f 973 1148 1079
f 974 1144 1073
f 869 700 697
f 750 1052 971
f 819 851 978
f 806 1225 1227
f 1069 864 1053
f 838 1193 1112
f 882 1136 1045
f 1193 1192 1132
f 1077 1214 1060
f 712 1127 903
f 1085 1048 831
f 1087 1084 925
f 840 803 1014
f 1089 830 807
f 1009 1006 961
f 1139 1005 846
f 1094 789 836
f 1141 802 848
f 999 997 959
f 818 1033 1121
f 994 958 957
f 1145 887 1024
f 993 991 990
f 795 1029 1142
f 926 1223 808
f 1180 756 988
f 967 985 982
f 932 1220 1219
f 1101 1217 939
f 950 907 941
f 1161 924 606
f 954 1061 1059
f 1176 1174 1129
f 1111 1159 827
f 962 983 1113
f 1226 1131 805
f 818 780 1033
f 873 824 1003
f 958 1001 1000
f 956 1007 1015
f 954 820 1123
f 1209 1038 1060
f 1128 1119 1027
f 811 825 889
f 813 996 995
f 815 1133 989
f 816 895 1181
f 920 864 831
f 1211 899 1105
f 1217 1100 1093
f 1220 829 1086
f 821 1166 1124
f 991 1008 1007
f 958 1002 1001
f 825 1167 1168
f 1005 987 986
f 1006 949 983
f 1011 981 980
f 826 899 1211
f 895 896 977
f 1020 837 947
f 1127 1026 1183
f 1108 788 945
f 899 786 944
f 798 963 1018
f 932 1208 1108
f 828 1213 942
f 989 847 815
f 926 1103 1096
f 829 1034 931
f 956 1171 990
f 1198 919 918
f 1035 910 909
f 830 898 897
f 1058 1209 790
f 869 1235 1140
f 1052 750 733
f 831 1048 832
f 915 979 1163
f 853 805 1131
f 1173 698 701
f 1134 1063 1062
f 978 850 819
f 916 1225 834
f 1008 991 993
f 1002 958 994
f 824 873 960
f 964 704 782
f 949 1006 1009
f 796 1136 1215
f 804 1018 1019
f 948 1110 946
f 1234 1038 1040
f 784 891 1038
f 655 734 730
f 1073 1144 1146
f 1075 807 1229
f 913 1150 1151
f 943 942 937
f 1200 1099 936
f 1092 1093 934
f 912 1086 931
f 906 1081 928
f 1075 1078 909
f 1232 924 925
f 1066 1070 897
f 836 789 1224
f 1092 791 1222
f 1231 1055 1076
f 869 1140 1072
f 1095 908 1153
f 1200 936 1199
f 854 1047 920
f 943 940 1196
f 1217 1101 1100
f 862 907 1195
f 1030 903 1104
f 1068 915 607
f 1192 1106 950
f 1133 1104 903
f 1190 1020 946
f 842 1018 963
f 1115 1017 843
f 852 894 785
f 855 900 1205
f 914 906 905
f 859 912 911
f 913 918 917
f 844 1014 799
f 908 930 929
f 1155 935 861
f 1158 941 907
f 904 948 947
f 1000 1011 892
f 1161 903 1030
f 1029 754 1234
f 821 964 1165
f 1126 990 1171
f 979 1125 1156
f 1036 1064 1063
f 1108 902 788
f 855 1228 1069
f 896 895 893
f 859 901 900
f 1190 996 890
f 1138 1002 889
f 1184 1008 888
f 1012 1013 887
f 860 1198 1083
f 1024 1025 696
f 1103 1105 1096
f 863 827 1107
f 884 701 883
f 881 982 1043
f 1053 743 693
f 865 704 964
f 1028 1129 866
f 896 827 977
f 1186 902 867
f 871 1113 992
f 1176 1050 1125
f 1039 1041 876
f 878 970 955
f 1043 793 881
f 696 1170 1024
f 885 847 1143
f 887 1169 1012
f 888 1185 1184
f 889 1168 1138
f 890 986 1190
f 892 980 1133
f 893 1111 896
f 1127 975 903
f 1232 655 730
f 947 1101 904
f 907 862 1158
f 1117 864 920
f 929 860 908
f 917 1150 913
f 905 858 914
f 1054 697 698
f 920 832 854
f 1072 1230 869
f 1076 856 1231
f 1058 879 1042
f 891 784 655
f 897 831 1066
f 909 807 1075
f 1080 1079 1199
f 928 905 906
f 900 1149 859
f 931 911 912
f 1038 891 1037
f 886 1029 1040
f 934 791 1092
f 1045 1072 857
f 1069 856 855
f 937 940 943
f 946 947 948
f 1019 1130 804
f 1063 1049 1036
f 1009 817 949
f 1061 954 1129
f 1177 1179 1059
f 960 814 824
f 994 889 1002
f 993 888 1008
f 952 809 823
f 1022 849 777
f 701 884 1173
f 985 967 966
f 885 1143 839
f 1171 1172 1126
f 953 1056 978
f 957 1175 849
f 954 1123 1050
f 955 1044 1043
f 990 991 956
f 959 997 960
f 961 1006 962
f 1014 803 799
f 965 1110 1111
f 799 1185 844
f 805 854 1226
f 822 1129 1028
f 878 1177 1172
f 946 1135 1190
f 1130 1019 1132
f 1156 1166 1164
f 950 1130 1192
f 982 881 967
f 988 1041 1180
f 990 1027 993
f 957 1021 994
f 1121 687 818
f 959 1015 999
f 848 1012 1141
f 961 1003 1009
f 1218 1227 781
f 1112 1031 838
f 743 864 1117
f 1234 1040 1029
f 1189 1191 837
f 1104 1099 1030
f 1195 1097 862
f 1030 924 1161
f 1194 838 1031
f 1032 1189 1210
f 1196 1197 943
f 1034 1157 1158
f 919 1196 1216
f 1153 1094 1095
f 1222 1201 1092
f 928 1154 1155
f 1224 1203 836
f 1151 1089 913
f 925 923 1152
f 1148 1087 1079
f 1229 1205 1075
f 1146 1085 1073
f 1232 1037 655
f 1038 1234 784
f 1077 1148 1149
f 1042 976 886
f 1076 1055 1077
f 1036 1146 1147
f 1232 925 1065
f 1037 1060 1038
f 1231 856 1069
f 695 1230 1046
f 1218 699 705
f 1047 1117 920
f 915 1068 979
f 834 853 916
f 1051 1068 1067
f 1048 1036 1049
f 1051 916 851
f 819 979 1068
f 1067 781 1227
f 1062 845 1134
f 693 796 1053
f 698 1173 1054
f 1057 1042 1233
f 832 920 831
f 1060 1214 1209
f 925 1084 1082
f 733 1047 1052
f 1069 1053 1215
f 1064 858 1207
f 1076 1149 900
f 974 1223 1081
f 856 1076 1071
f 973 1220 1086
f 1088 861 1090
f 1142 886 976
f 1091 1217 1093
f 1095 862 1097
f 923 1030 1099
f 897 1070 830
f 1103 1211 1105
f 1213 863 1107
f 974 1074 1221
f 909 1078 1035
f 734 655 1187
f 659 866 1129
f 918 1083 1198
f 931 1086 829
f 1110 948 1159
f 934 1093 1100
f 1138 1168 963
f 1003 824 1115
f 1012 1169 1004
f 942 943 828
f 1108 1098 932
f 944 1105 899
f 1159 1107 827
f 1021 823 1118
f 1024 1170 1178
f 725 740 924
f 1234 754 784
f 1119 822 1121
f 777 849 1175
f 1122 876 1041
f 1165 1163 1164
f 1123 982 985
f 1177 1059 1027
f 845 1062 852
f 1131 1226 1134
f 1183 975 1127
f 1136 1231 1215
f 1144 914 1147
f 947 946 1020
f 1208 867 902
f 977 1181 895
f 1211 868 826
f 980 892 1011
f 983 962 1006
f 986 890 1005
f 1148 859 1149
f 1168 889 825
f 1150 1202 1151
f 1185 888 844
f 1167 842 963
f 1177 878 1179
f 1007 956 991
f 754 795 775
f 823 1021 952
f 1013 1012 848
f 1007 1139 846
f 1001 1137 1011
f 995 1135 1017
f 989 903 975
f 1181 977 1112
f 1025 1039 876
f 1189 1032 1191
f 1194 972 1097
f 970 1044 955
f 666 689 1090
f 1196 919 1198
f 1222 1221 1202
f 1088 894 1207
f 845 1116 851
f 1209 1058 1040
f 1068 607 1067
f 1225 916 1051
f 1230 695 700
f 1070 1066 1228
f 1078 1075 901
f 1214 790 1209
f 1223 974 1221
f 1220 973 1080
f 1217 1091 919
f 1030 923 924
f 1213 828 930
f 1211 1103 1102
f 1193 838 1106
f 980 1188 1104
f 986 1023 1020
f 1185 799 826
f 1141 961 871
f 1178 959 872
f 1175 957 1010
f 1166 821 1165
f 1059 1179 954
f 1180 952 1021
f 1138 1186 1137
f 1132 1192 1130
f 1232 730 738
f 1101 1191 1100
f 1233 1235 877
f 1061 1128 1059
f 1044 617 793
f 1181 817 816
f 884 760 1173
f 995 814 813
f 795 976 759
f 1008 1184 1139
f 1002 1138 1137
f 996 1190 1135
f 987 1182 1023
f 984 1112 1193
f 981 1206 1188
f 1232 738 725
f 1157 945 941
f 1027 1059 1128
f 1056 953 968
f 940 937 938
f 1163 1156 1164
f 930 828 929
f 876 969 970
f 1171 874 1172
f 922 1095 1094
f 1015 1016 956
f 1000 1010 958
f 1003 1004 873
f 919 1091 917
f 910 913 1089
f 899 826 799
f 901 1075 1205
f 898 1073 1085
f 894 787 785
f 1214 1077 882
f 941 951 950
f 1230 1072 870
f 939 938 1101
f 1219 933 932
f 808 927 926
f 836 921 1094
f 854 832 1049
f 807 909 1089
f 629 628 768
f 831 897 1085
f 1060 1082 1077
f 1057 976 1042
f 629 631 628
f 869 1054 1235
f 649 639 716
f 1227 835 806
f 853 834 805
f 643 654 670
f 669 609 662
f 662 609 660
f 833 853 1131
f 602 785 787
f 715 603 729
f 726 749 841
f 870 1045 1136
f 607 880 964
f 886 1040 1058
f 1036 1048 1085
f 717 739 722
f 1073 1074 974
f 1079 1080 973
f 910 1083 918
f 894 1090 689
f 1095 1097 972
f 793 617 702
f 1098 1108 945
f 942 1107 1159
f 608 782 1218
f 716 687 1028
f 1026 711 1183
f 637 622 1109
f 676 677 610
f 951 804 1130
f 935 803 840
f 965 1017 1135
f 981 1011 1137
f 987 1005 1139
f 1167 825 802
f 677 1116 665
f 1169 887 1145
f 847 885 875
f 1170 696 801
f 643 783 657
f 653 657 648
f 657 783 640
f 690 638 1161
f 982 1123 820
f 850 1056 1176
f 606 727 841
f 1077 1082 1084
f 608 607 782
f 609 610 665
f 669 676 610
f 640 794 639
f 1127 708 1026
f 623 618 1183
f 634 620 632
f 636 637 611
f 614 627 619
f 623 1109 618
f 893 843 1017
f 786 799 803
f 788 798 804
f 654 658 1174
f 724 746 603
f 738 722 739
f 722 729 717
f 699 782 704
f 841 752 690
f 690 606 841
f 812 613 614
f 682 812 614
f 767 839 627
f 751 812 682
f 622 621 751
f 619 839 656
f 656 1109 622
f 619 632 614
f 921 931 1034
f 627 810 767
f 616 635 1183
f 615 621 636
f 621 615 751
f 1037 891 655
f 621 622 637
f 1055 882 1077
f 623 637 1109
f 622 634 656
f 1160 768 612
f 630 626 767
f 631 627 613
f 851 819 1051
f 768 630 629
f 822 1119 1128
f 631 629 810
f 611 635 636
f 635 615 636
f 1043 820 955
f 710 708 638
f 680 685 646
f 876 1122 969
f 644 641 640
f 794 640 641
f 685 794 642
f 687 1121 822
f 1016 1178 1170
f 1013 1118 823
f 680 646 645
f 671 667 647
f 873 1004 1169
f 783 643 644
f 647 646 642
f 995 1115 824
f 992 842 1167
f 643 672 647
f 642 641 644
f 1181 984 949
f 605 667 671
f 667 645 646
f 1111 827 896
f 672 671 647
f 1189 1023 1182
f 648 649 651
f 649 866 651
f 653 651 659
f 651 653 648
f 654 657 659
f 617 1044 970
f 1117 733 743
f 1117 1047 733
f 661 662 660
f 604 662 679
f 663 668 601
f 604 668 605
f 645 663 683
f 951 941 945
f 948 904 792
f 660 852 661
f 661 852 785
f 689 666 691
f 1154 1096 1105
f 933 1219 936
f 645 667 605
f 927 808 791
f 669 605 676
f 921 836 911
f 601 604 679
f 673 670 1174
f 912 859 1148
f 672 643 670
f 906 914 1144
f 675 678 650
f 900 855 1071
f 968 953 650
f 894 852 1062
f 671 672 673
f 886 1142 1029
f 678 673 968
f 879 1233 1042
f 674 1116 677
f 676 671 675
f 677 675 674
f 684 686 694
f 864 1069 1228
f 688 692 684
f 683 601 652
f 853 833 916
f 680 683 686
f 685 680 684
f 794 685 681
f 692 688 691
f 716 692 818
f 1063 1134 1226
f 694 652 787
f 688 694 689
f 706 705 697
f 881 793 664
f 704 698 699
f 701 704 865
f 697 705 699
f 773 881 703
f 865 1124 883
f 693 750 971
f 698 704 701
f 703 881 664
f 750 693 743
f 700 835 706
f 883 1124 966
f 707 971 695
f 1205 1228 855
f 966 967 773
f 1204 1207 858
f 806 835 700
f 1203 901 859
f 773 967 881
f 1201 1202 1150
f 971 707 693
f 1200 1152 923
f 1096 1081 1223
f 1197 1198 860
f 1098 829 1220
f 709 638 708
f 1101 938 904
f 709 708 712
f 903 1161 712
f 708 1127 712
f 1106 1195 907
f 638 690 752
f 725 924 1232
f 710 711 1026
f 710 638 752
f 709 712 1161
f 714 713 723
f 1165 964 880
f 727 723 713
f 713 714 741
f 736 735 718
f 721 739 735
f 946 1110 965
f 731 732 745
f 798 902 1186
f 893 895 816
f 731 745 728
f 892 1133 815
f 962 1113 871
f 890 996 813
f 720 718 717
f 802 825 811
f 960 873 872
f 742 719 720
f 726 713 749
f 887 1013 809
f 956 1016 874
f 745 715 729
f 746 732 734
f 721 719 742
f 721 736 719
f 713 741 744
f 801 696 970
f 820 954 1179
f 1050 1176 954
f 727 713 726
f 747 749 744
f 738 730 722
f 737 725 738
f 720 744 742
f 748 812 751
f 752 841 749
f 747 752 749
f 748 751 616
f 729 747 717
f 748 729 603
f 812 748 612
f 734 748 746
f 797 1173 760
f 778 766 776
f 765 775 759
f 1219 1199 936
f 1216 1196 940
f 938 937 792
f 935 944 786
f 951 945 788
f 755 754 775
f 761 764 770
f 762 760 884
f 763 1057 800
f 753 759 763
f 755 758 754
f 1187 626 1160
f 758 784 754
f 776 766 761
f 762 772 760
f 776 779 756
f 759 1057 763
f 777 756 1180
f 769 762 761
f 753 769 766
f 779 770 988
f 775 795 759
f 769 763 774
f 875 771 778
f 952 1180 1041
f 757 771 839
f 884 883 773
f 800 797 774
f 774 772 769
f 764 703 664
f 979 819 850
f 762 773 764
f 770 664 1122
f 774 760 772
f 990 1126 1027
f 957 849 1022
f 959 1178 1016
f 815 847 1010
f 961 1141 1004
f 1014 844 998
f 1018 842 992
f 1182 987 868
f 1206 981 867
f 1031 1112 977
f 1047 854 805
f 754 1029 795
f 1055 1231 1136
f 800 1233 797
f 1195 1106 838
f 1099 1104 1188
f 1058 1042 886
f 829 1098 1157
f 1081 1096 1154
f 789 1094 1153
f 1209 1040 1038
f 830 1089 1151
f 1084 1087 1148
f 1036 1085 1146
f 1037 1065 1082
f 858 1147 914
f 1140 879 857
f 1070 1229 807
f 707 1046 796
f 781 608 1218
f 1067 607 781
f 819 1068 1051
f 1074 1151 1202
f 1078 1224 789
f 1223 1222 808
f 1083 1153 908
f 1217 1216 939
f 1102 927 934
f 1046 870 1136
f 1212 930 972
f 879 1058 790
f 674 953 851
f 1064 1147 858
f 839 1143 975
f 898 1151 1074
f 1087 1152 1079
f 1035 1153 1083
f 1204 1155 861
f 922 1158 862
f 927 1102 1103
f 1111 893 1017
f 1212 1031 863
f 867 1137 1186
f 817 1009 1114
f 868 1139 1184
f 814 960 997
f 837 1020 1023
f 889 994 1118
f 888 993 1120
f 816 1114 1115
f 809 952 1039
f 813 997 999
f 874 801 1172
f 844 1120 1121
f 696 1025 876
f 985 966 1166
f 878 955 1179
f 865 821 1124
f 1165 880 1163
f 1166 1156 1050
f 850 978 1056
f 1049 832 1048
f 1047 805 1052
f 835 1227 706
f 1156 1163 979
f 1045 857 790
f 1201 917 1091
f 993 1027 1119
f 1197 929 828
f 1287 1304 1236
f 1285 1265 1236
f 1304 1286 1236
f 1297 1298 1245
f 1245 1262 1237
f 1239 1238 1300
f 1239 1289 1238
f 1257 1241 1311
f 1260 1251 1252
f 1295 1293 1277
f 1264 1265 1249
f 1289 1239 1299
f 1269 1270 1292
f 1272 1253 1302
f 1242 1300 1294
f 1277 1244 1295
f 1277 1271 1244
f 1244 1271 1309
f 1293 1295 1312
f 1275 1250 1248
f 1250 1296 1258
f 1270 1269 1254
f 1253 1283 1270
f 1288 1243 1310
f 1276 1277 1293
f 1290 1291 1242
f 1240 1292 1270
f 1274 1297 1284
f 1285 1249 1265
f 1266 1244 1309
f 1279 1271 1277
f 1252 1251 1259
f 1280 1236 1286
f 1282 1237 1262
f 1306 1275 1261
f 1304 1287 1264
f 1299 1239 1291
f 1305 1248 1258
f 1266 1312 1295
f 1300 1238 1303
f 1298 1297 1274
f 1296 1250 1306
f 1307 1273 1308
f 1295 1244 1266
f 1303 1294 1300
f 1302 1253 1254
f 1256 1254 1269
f 1303 1238 1289
f 1264 1301 1304
f 1254 1256 1302
f 1306 1250 1275
f 1308 1273 1260
f 1257 1255 1310
f 1311 1241 1267
f 1310 1241 1257
f 1281 1247 1307
f 1309 1271 1279
f 1246 1245 1298
f 1285 1236 1280
f 1284 1237 1282
f 1240 1283 1272
f 1299 1291 1290
f 1292 1256 1269
f 1264 1287 1265
f 1261 1275 1263
f 1279 1277 1276
f 1278 1243 1288
f 1287 1236 1265
f 1297 1245 1237
f 1297 1237 1284
f 1291 1300 1242
f 1300 1291 1239
f 1243 1278 1241
f 1278 1268 1241
f 1267 1241 1268
f 1241 1310 1243
f 1273 1251 1260
f 1247 1259 1251
f 1311 1267 1268
f 1273 1307 1247
f 1263 1248 1305
f 1273 1247 1251
f 1250 1258 1248
f 1270 1283 1240
f 1248 1263 1275
f 1262 1245 1246
f 1286 1304 1301
f 1259 1247 1281
f 1272 1283 1253
f 1288 1310 1255
f 1253 1270 1254
f 1320 1314 1315
f 1625 1978 1880
f 1316 1319 1320
f 1403 1606 1579
f 1404 1313 1396
f 1567 1333 1328
f 1615 1664 1610
f 1588 1964 1394
f 1440 1415 1565
f 1628 1530 1542
f 1546 1538 1335
f 1491 1483 1436
f 1320 1341 1546
f 1339 1336 1314
f 1365 1408 1405
f 1843 1425 1407
f 1325 1629 1646
f 1315 1343 1341
f 1329 1336 1339
f 1822 1535 1823
f 1314 1336 1357
f 1569 1565 1415
f 1389 1524 1555
f 1376 1379 1555
f 1551 1375 1548
f 1315 1347 1343
f 1330 1314 1320
f 1826 1331 1518
f 1623 1795 1990
f 1411 1414 1332
f 1414 1611 1332
f 1878 1881 1406
f 1330 1319 2007
f 1875 1474 1690
f 1404 1351 1337
f 1339 1330 1354
f 1579 1434 1403
f 1591 1536 1537
f 1522 1537 1534
f 1379 1376 1388
f 1567 1460 1334
f 1359 1358 1367
f 1388 1358 1558
f 1558 1358 1370
f 1563 1339 1350
f 1375 1373 1376
f 1591 1538 1536
f 1315 1357 1347
f 1522 1534 1514
f 1357 1382 1370
f 1373 1367 1376
f 1373 1349 1367
f 1493 1477 1593
f 1597 1387 1372
f 1349 1373 1372
f 1481 1471 1477
f 1471 1481 1459
f 1338 1544 1575
f 1344 1800 1503
f 1345 1755 1656
f 1577 1371 1711
f 1367 1358 1376
f 1388 1389 1379
f 1449 1413 1411
f 1411 1332 1378
f 1372 1373 1375
f 1368 1364 1829
f 1606 1368 1580
f 1387 1341 1349
f 1343 1347 1359
f 1556 1557 1461
f 1349 1343 1367
f 1341 1343 1349
f 1998 1485 1719
f 1916 1941 1393
f 1996 1998 1678
f 1964 1587 1479
f 1861 1989 1995
f 1356 1362 1439
f 1362 1348 1439
f 1347 1370 1359
f 1361 1355 1441
f 1355 1360 1377
f 1351 1353 1363
f 1356 1377 1352
f 1422 1500 1747
f 1425 1426 1407
f 1557 1361 1482
f 1434 1579 1432
f 1352 1381 1383
f 1361 1557 1360
f 1544 1352 1383
f 2010 1440 1350
f 1362 1353 1351
f 1606 1365 1582
f 1369 1576 1688
f 1488 1452 1453
f 1371 1726 1746
f 1452 1561 1457
f 1426 1475 1878
f 1385 1332 1374
f 1466 1467 1588
f 1360 1449 1346
f 1724 1369 1474
f 1475 1583 1448
f 1384 1383 1385
f 1381 1378 1383
f 1800 1820 1735
f 1485 1768 1881
f 1487 1488 1453
f 1489 1406 1490
f 1820 1386 1735
f 1386 1686 1689
f 1689 1824 1735
f 1386 1820 2015
f 1620 1498 1499
f 1407 1406 1489
f 1426 1583 1475
f 1365 1405 1812
f 1658 1671 1755
f 1581 1506 1507
f 1783 1700 1622
f 1714 1584 1618
f 1423 1447 1445
f 1400 1515 1812
f 1596 1592 1402
f 1337 1313 1404
f 1523 1604 1524
f 1380 1384 1401
f 1528 1529 1547
f 1531 1532 1587
f 1399 1575 1380
f 1401 1409 1590
f 1627 1393 1535
f 1396 1313 1399
f 1398 1401 1397
f 1402 1399 1398
f 1403 1404 1408
f 1428 1419 1414
f 1447 1428 1413
f 1525 1853 1549
f 1419 1421 1611
f 1581 1507 1553
f 1587 1532 1554
f 1420 1617 1610
f 1421 1419 1429
f 1449 1360 1557
f 1452 1598 1561
f 1617 1429 1418
f 1546 1341 1387
f 1394 1395 1466
f 1531 1587 1588
f 1420 1429 1617
f 1576 1369 1724
f 1430 1427 1423
f 1361 1572 1482
f 1544 1380 1575
f 1423 1427 1428
f 1580 1579 1606
f 1463 1464 1325
f 1416 1582 1365
f 1430 1635 1444
f 1444 1418 1427
f 1430 1424 1438
f 1424 1436 1438
f 1430 1438 1437
f 1636 1635 1430
f 1439 1437 1438
f 1437 1431 1636
f 1853 1525 1634
f 1434 1431 1437
f 1443 1436 1572
f 1438 1443 1441
f 1607 1586 1584
f 1438 1436 1443
f 1590 1610 1664
f 1611 1612 1409
f 1357 1329 1382
f 1614 1393 1627
f 1635 1553 1507
f 1618 1584 1651
f 1449 1557 1556
f 1623 1624 1625
f 1450 1413 1449
f 1572 1483 1482
f 1736 1843 1489
f 1451 1446 1480
f 1455 1491 1446
f 1451 1458 1455
f 1470 1454 1458
f 1460 1567 1566
f 1531 1758 1532
f 1641 1642 1528
f 1459 1486 1471
f 1461 1593 1472
f 1535 1822 1652
f 1473 1478 1465
f 1472 1476 1478
f 1706 1710 1661
f 1478 1477 1471
f 1364 1677 1690
f 1598 1737 1859
f 1480 1472 1473
f 1484 1493 1594
f 1481 1486 1459
f 1483 1484 1594
f 1484 1491 1455
f 1713 1683 1684
f 1484 1455 1493
f 1484 1483 1491
f 1455 1458 1481
f 1458 1454 1481
f 1494 1495 1654
f 1833 1648 1647
f 1837 1701 1836
f 1701 1645 1761
f 1762 1818 1811
f 1891 1997 1789
f 1839 1662 1417
f 1495 1494 2018
f 1711 1683 1713
f 1690 1713 1716
f 1736 1489 1717
f 1891 1654 1877
f 1496 2021 1707
f 2021 1727 1668
f 1497 2021 1668
f 1771 1831 1724
f 1668 1392 1497
f 1503 1779 1500
f 1761 1731 1732
f 1503 1821 1779
f 1800 1821 1503
f 1737 1487 1858
f 1502 1501 1797
f 1820 1501 1502
f 1820 1342 1501
f 1503 1500 1422
f 1887 2019 1511
f 1760 1508 1845
f 1520 1987 1554
f 1845 1508 1709
f 1887 1907 2019
f 2014 1753 1686
f 1857 1887 1511
f 1857 1511 1798
f 1756 1554 1532
f 1526 1512 1540
f 1522 1514 1527
f 1530 1335 1591
f 1763 1756 1765
f 1533 1591 1522
f 1591 1533 1530
f 1516 1517 1534
f 1519 1516 1534
f 1773 1771 1772
f 1537 1519 1534
f 1539 1521 1526
f 1522 1541 1512
f 1541 1522 1527
f 1522 1512 1526
f 1534 1513 1527
f 1758 1757 1786
f 1539 1519 1545
f 1541 1517 1540
f 1865 1769 1746
f 1539 1540 1516
f 1577 1713 1688
f 1539 1516 1519
f 1791 1717 1794
f 1683 1718 1684
f 1677 1663 1662
f 1794 1795 1623
f 1316 1335 1530
f 1538 1552 1545
f 1701 1412 1807
f 1801 1554 1756
f 1546 1552 1538
f 1645 1822 1731
f 1805 1701 1807
f 1619 1521 1545
f 1597 1552 1546
f 1543 1542 1521
f 1662 1875 1677
f 1679 1669 1730
f 1771 1474 1772
f 1848 1677 1364
f 1794 1768 1795
f 2012 1543 1619
f 1599 2017 2012
f 2004 1599 1600
f 1599 2004 2017
f 1616 1603 1551
f 1652 1805 1626
f 1604 1616 1548
f 1736 1816 1843
f 1679 1661 1827
f 1440 1435 1581
f 1788 1791 1794
f 1578 1829 1782
f 1589 1562 1560
f 1559 1558 1573
f 1389 1559 1570
f 1751 1732 1832
f 1573 1558 1562
f 1382 1329 1560
f 1370 1382 1562
f 1564 1563 1565
f 1333 1560 1564
f 1569 1566 1567
f 1757 1759 1833
f 1701 1837 1412
f 1467 1754 1531
f 1819 1758 1786
f 1706 1648 1808
f 1523 1570 1595
f 1581 1882 1832
f 1574 1578 1581
f 1581 1832 1415
f 1946 1667 1592
f 1703 1666 1595
f 1589 1518 1703
f 1717 1490 1768
f 1758 1531 1754
f 1515 1400 1592
f 1595 1666 1664
f 1664 1596 1590
f 1609 1608 1616
f 1652 1822 1645
f 1605 1599 1602
f 1613 1605 1608
f 1600 1507 1506
f 1364 1784 1829
f 1661 1684 1827
f 1669 1816 1736
f 1718 1859 1827
f 1662 1663 1416
f 1711 1720 1683
f 1608 1605 1550
f 1613 1600 1599
f 1617 1609 1615
f 1609 1604 1523
f 1550 1605 1619
f 1673 1754 1467
f 1642 1641 1759
f 1641 1837 1836
f 1786 1833 1674
f 1622 1806 1783
f 1773 1772 1662
f 1661 1679 1674
f 1489 1490 1717
f 1863 1783 1806
f 1825 1637 1321
f 1629 1325 1632
f 1632 1317 1825
f 1637 1825 1322
f 1630 1631 1525
f 1849 1638 1322
f 1317 1632 1631
f 1832 1732 1731
f 1836 1761 1808
f 1825 1693 1318
f 1717 1791 1736
f 1669 1679 1827
f 1683 1720 1718
f 1663 1677 1848
f 1631 1632 1525
f 1640 1464 1463
f 1662 1416 1417
f 1644 1323 1649
f 1475 1862 1697
f 1706 1809 1867
f 1644 1692 1803
f 1837 1641 1844
f 1890 1463 1803
f 1758 1754 1757
f 1759 1836 1648
f 1913 1885 2027
f 1463 1890 1640
f 1638 1849 1643
f 1862 1457 1840
f 1865 1724 1831
f 1649 1704 1692
f 1803 1463 1646
f 1965 1640 1890
f 1867 1782 1710
f 1391 1549 1853
f 1734 1391 1655
f 1729 1733 1918
f 1840 1769 1650
f 1831 1773 1695
f 1721 1650 1696
f 1698 1776 1835
f 1475 1685 1878
f 1651 1659 1792
f 1849 1825 1748
f 1846 1687 1747
f 1650 1694 1840
f 1774 1670 1796
f 1802 1814 1760
f 1859 1858 1816
f 1425 1843 1583
f 1802 1813 1814
f 1764 1456 1983
f 1672 1687 1766
f 1802 1753 1818
f 1809 1732 1751
f 1765 1758 1819
f 1754 1642 1757
f 1756 1532 1758
f 1880 1756 1763
f 1826 1906 1851
f 1660 1739 1508
f 1736 1791 1788
f 1858 1843 1816
f 1659 1799 1790
f 1657 1725 1671
f 1784 1782 1829
f 1751 1882 1578
f 1838 1723 1656
f 1327 1838 1846
f 1735 1824 1760
f 1699 1709 1796
f 1738 1680 1776
f 1835 1694 1650
f 1730 1669 1736
f 1740 1812 1764
f 1702 1787 1664
f 1849 2032 2003
f 1809 1808 1732
f 1750 1729 1850
f 1622 1509 1510
f 1700 1783 1728
f 1905 1785 1733
f 1703 1702 1666
f 1765 1756 1758
f 1412 1927 1807
f 1767 1682 1839
f 1738 1698 1708
f 1680 1685 1841
f 1926 1938 1903
f 1709 1699 1744
f 1830 1781 1783
f 1815 1774 1796
f 1733 1729 1750
f 1895 1918 1906
f 1915 1787 1702
f 1908 1927 1412
f 1691 2005 2011
f 1994 1847 1842
f 1908 1410 1938
f 1916 1947 1918
f 1919 1964 1962
f 1894 1777 1671
f 1916 1895 1896
f 1722 1767 1670
f 1678 1680 1738
f 1621 1528 1929
f 1790 1799 1745
f 1775 1815 1739
f 1908 1412 1410
f 1682 1695 1773
f 1696 1650 1769
f 1692 1704 1749
f 1660 1721 1696
f 1932 1947 1614
f 1937 1901 1621
f 1671 1817 1894
f 1773 1839 1682
f 1851 1906 1785
f 1896 1941 1916
f 1655 1727 1752
f 1781 1714 1728
f 1903 1410 1620
f 1693 1825 1317
f 1704 2003 1749
f 2034 1923 1703
f 1938 1932 1948
f 1847 1802 1705
f 1741 1840 1694
f 1865 1831 1695
f 1687 1672 1747
f 1698 1793 1708
f 1927 1626 1805
f 1776 1841 1694
f 1694 1841 1697
f 1620 1410 1498
f 1764 1812 1515
f 1709 1744 1845
f 1842 1762 1715
f 1937 1929 1919
f 1955 1906 1826
f 1919 1395 1394
f 1932 1626 1948
f 1462 1469 1955
f 1948 1626 1927
f 1742 1983 1893
f 1334 1460 1826
f 1719 1685 1680
f 1766 1856 1797
f 1327 1653 1723
f 1895 1906 1955
f 1877 1996 1834
f 1760 1814 1508
f 1676 1687 1846
f 1620 1499 1529
f 1932 1627 1626
f 1955 1469 1909
f 1731 1822 1924
f 1793 1835 1721
f 1821 1800 1744
f 1955 1460 1462
f 1799 1496 1745
f 1753 1802 1712
f 1832 1731 1961
f 1799 1846 1838
f 1515 1667 1456
f 1766 1797 1672
f 1767 1742 1770
f 1614 1627 1932
f 1621 1529 1528
f 1775 1696 1681
f 1813 1708 1660
f 2005 1850 1935
f 1614 1947 1916
f 1651 1586 1846
f 1834 1738 1997
f 1753 2014 1798
f 1789 1842 1715
f 1806 1622 1510
f 1955 1924 1895
f 1818 1798 1811
f 1466 1395 1673
f 1839 1740 1742
f 1992 1984 1974
f 1973 1974 1981
f 1770 1893 1894
f 1978 1625 1988
f 1984 1992 1998
f 1681 1696 1769
f 1981 1982 1968
f 1722 1695 1682
f 1769 1865 1681
f 1988 1999 1987
f 1988 1968 1989
f 1974 1624 1990
f 1685 1697 1841
f 1982 1995 1989
f 1851 2034 1852
f 1634 1700 1853
f 1904 2040 1971
f 1998 1992 1991
f 1973 1968 1988
f 2003 1851 1905
f 1972 1926 1903
f 1960 1892 2020
f 1977 2038 2024
f 1749 1966 1854
f 1977 2037 1860
f 1863 1806 2009
f 1879 1959 1855
f 1485 1991 1442
f 1987 1520 1976
f 1624 1974 1973
f 2031 1939 2028
f 1944 1958 1889
f 2007 1628 2012
f 1354 2007 2017
f 1957 2001 1910
f 1319 1316 1628
f 1925 1975 1967
f 2025 1920 1866
f 1922 2009 1510
f 1934 1970 2040
f 2025 1957 2029
f 1350 1354 2004
f 2023 1953 2031
f 2000 1917 1959
f 2028 1954 1942
f 2030 1870 2002
f 1982 1953 2023
f 1922 1888 1912
f 2037 1935 1925
f 2001 2006 2008
f 1928 1883 1854
f 1864 1960 2033
f 1876 1936 1883
f 1900 1980 2026
f 1872 1931 2024
f 1935 2037 2005
f 1866 1920 1945
f 1923 2034 2032
f 1958 1899 1995
f 1919 1962 1970
f 1910 2001 1869
f 1889 1958 2022
f 2031 2028 1942
f 1951 1525 1963
f 1954 1979 1898
f 1981 1984 1917
f 1887 1857 2015
f 2029 1910 1870
f 1898 1945 1868
f 2008 1904 1869
f 2027 1883 1936
f 1956 1921 1873
f 1930 2026 1980
f 1922 2033 2035
f 1687 1326 1766
f 2039 2040 1904
f 2034 1851 2003
f 1920 2025 1940
f 1902 1900 1876
f 1872 2024 1930
f 1884 1970 1962
f 1949 2005 1977
f 2009 1922 2035
f 1921 1956 1969
f 1913 2027 1969
f 1934 1972 1901
f 2000 2031 1953
f 2000 1879 2016
f 2009 1326 1993
f 1874 1886 1915
f 2013 2011 1949
f 1893 1985 1777
f 1898 1868 1954
f 1866 1936 1914
f 1956 1864 2033
f 1872 1980 1900
f 2013 1872 1902
f 1926 1972 1975
f 2016 2018 2019
f 1934 1937 1919
f 1876 1900 1914
f 1886 1665 1915
f 1907 1979 1954
f 1496 1777 1886
f 1944 1889 1911
f 1933 1969 1956
f 2024 1957 1930
f 2036 1905 1733
f 1936 1876 1914
f 1870 1871 2002
f 1954 2030 1942
f 1871 2031 1942
f 1945 1898 1887
f 1946 1665 1985
f 1917 1984 1986
f 1691 2036 1733
f 1949 1977 1931
f 2039 1975 1972
f 1884 1971 1970
f 1864 1892 1960
f 1873 1921 1945
f 2000 1953 1982
f 2023 2022 1995
f 1959 1877 1654
f 1868 1940 2030
f 2000 1939 2031
f 2008 1967 1975
f 1883 1885 1965
f 2036 1691 1966
f 1975 2039 2008
f 2030 1954 1868
f 1883 1928 1902
f 1995 1982 2023
f 1982 1981 2000
f 1654 1855 1959
f 1687 1676 1326
f 1945 1887 1873
f 1972 1934 2039
f 1733 1750 1691
f 1940 2029 2030
f 1983 1667 1985
f 2015 1892 1864
f 1986 1996 1877
f 1898 1979 1887
f 2032 2034 2003
f 1907 1939 2016
f 2015 1857 2014
f 2015 2020 1892
f 1879 2018 2016
f 2025 1930 1957
f 1869 1911 1910
f 1970 1934 1919
f 1963 1325 1888
f 2038 1860 2006
f 1872 2013 1931
f 1354 2017 2004
f 1628 1543 2012
f 1985 1667 1946
f 1856 2035 1960
f 2004 2010 1350
f 2007 2012 2017
f 1628 2007 1319
f 2010 2004 1433
f 1973 1625 1624
f 1984 1981 1974
f 1963 1922 1952
f 1992 1990 1991
f 1988 1625 1973
f 1991 1485 1998
f 1996 1986 1984
f 1989 1968 1982
f 1990 1992 1974
f 1989 1999 1988
f 1987 1976 1988
f 1988 1976 1978
f 1968 1973 1981
f 1998 1996 1984
f 1673 1467 1466
f 2005 1949 2011
f 1962 1964 1479
f 1967 2008 2006
f 1919 1394 1964
f 1410 1903 1938
f 1924 1961 1731
f 1529 1621 1620
f 1826 1518 1334
f 1826 1460 1955
f 2000 2016 1939
f 1957 2024 2038
f 1924 1909 1943
f 1805 1807 1927
f 1956 2033 1933
f 1895 1823 1896
f 1948 1908 1938
f 1943 1961 1924
f 1926 1925 1935
f 1896 1823 1941
f 2036 1966 1749
f 1621 1929 1937
f 1395 1919 1929
f 1927 1908 1948
f 1911 1869 1944
f 1823 1895 1924
f 1954 2028 1907
f 1903 1620 1901
f 1918 1895 1916
f 1924 1955 1909
f 1620 1621 1901
f 1822 1823 1924
f 1713 1690 1688
f 1736 1819 1730
f 1716 1684 1710
f 1498 1412 1837
f 1805 1652 1645
f 1684 1661 1710
f 1788 1819 1736
f 1878 1685 1881
f 1766 2009 2035
f 1819 1788 1765
f 1816 1827 1859
f 1690 1677 1875
f 1457 1561 1840
f 1950 1885 1912
f 1840 1741 1862
f 1701 1805 1645
f 1648 1833 1759
f 1844 1498 1837
f 1697 1685 1475
f 1827 1816 1669
f 1808 1648 1836
f 1741 1697 1862
f 1487 1583 1858
f 1674 1647 1661
f 1662 1839 1773
f 1674 1730 1786
f 1836 1759 1641
f 1759 1757 1642
f 1474 1875 1772
f 2019 1907 2016
f 1867 1751 1782
f 1768 1794 1717
f 1843 1858 1583
f 1786 1730 1819
f 1531 1588 1467
f 1833 1786 1757
f 1756 1880 1801
f 1763 1623 1880
f 1832 1882 1751
f 1782 1751 1578
f 1794 1763 1788
f 1888 1922 1963
f 1716 1710 1782
f 1730 1674 1679
f 1975 1925 1926
f 1861 1904 1971
f 1812 1740 1417
f 1809 1706 1808
f 1969 1933 1913
f 1623 1763 1794
f 1746 1726 1865
f 1718 1827 1684
f 1784 1716 1782
f 1769 1840 1561
f 1768 1442 1795
f 1899 1944 1904
f 2001 2038 2006
f 1765 1788 1763
f 1754 1673 1642
f 1701 1761 1836
f 1751 1867 1809
f 1554 1801 1520
f 1858 1859 1737
f 1732 1808 1761
f 1720 1598 1718
f 1716 1784 1690
f 1706 1867 1710
f 1417 1740 1839
f 1897 1960 2020
f 1706 1647 1648
f 1777 1894 1893
f 1647 1674 1833
f 1771 1773 1831
f 1647 1706 1661
f 1690 1369 1688
f 1684 1716 1713
f 1673 1528 1642
f 1859 1718 1598
f 1690 1784 1364
f 1645 1731 1761
f 1528 1844 1641
f 1566 1462 1460
f 1498 1547 1499
f 1625 1880 1623
f 1611 1421 1612
f 1598 1452 1488
f 1905 1749 2003
f 2037 1977 2005
f 1586 1651 1584
f 1583 1426 1425
f 2033 1960 2035
f 1949 1931 2013
f 1365 1417 1416
f 1577 1688 1576
f 1549 1630 1525
f 1547 1529 1499
f 1535 1652 1627
f 1358 1359 1370
f 2015 1864 1873
f 1518 1589 1334
f 1598 1720 1492
f 1474 1771 1724
f 1568 1909 1469
f 1969 2027 1936
f 1583 1487 1448
f 1768 1485 1442
f 1424 1445 1436
f 1412 1498 1410
f 1393 1614 1916
f 1942 2002 1871
f 1359 1367 1343
f 1870 1910 1911
f 1349 1372 1387
f 1375 1551 1372
f 1901 1937 1934
f 1388 1376 1358
f 1357 1370 1347
f 1904 1944 1869
f 1372 1551 1597
f 1354 1350 1339
f 1969 1866 1921
f 2007 1354 1330
f 1320 1319 1330
f 1357 1315 1314
f 1341 1320 1315
f 1930 2025 2026
f 1329 1357 1336
f 2013 1928 2011
f 1885 1913 1912
f 1314 1330 1339
f 1922 1510 1952
f 1970 1971 2040
f 1546 1316 1320
f 1418 1601 1613
f 1801 1880 1978
f 1812 1417 1365
f 1396 1405 1404
f 1962 1479 1884
f 1567 1328 1565
f 1333 1571 1560
f 1500 1327 1747
f 1390 1327 1500
f 1498 1844 1547
f 1844 1528 1547
f 1394 1466 1588
f 1565 1563 1440
f 1333 1334 1571
f 1628 1542 1543
f 1963 1632 1325
f 1546 1335 1316
f 1436 1483 1572
f 1405 1396 1812
f 1408 1365 1606
f 1820 1897 2020
f 1407 1489 1843
f 1416 1663 1848
f 1568 1943 1909
f 1961 1943 1568
f 1646 1463 1325
f 1941 1535 1393
f 1941 1823 1535
f 1967 2006 1860
f 1923 2032 1874
f 1415 1832 1569
f 1961 1569 1832
f 1555 1379 1389
f 1555 1548 1376
f 1548 1375 1376
f 1703 1518 1331
f 1826 1852 1331
f 1991 1990 1795
f 1991 1795 1442
f 1877 1959 1986
f 1990 1624 1623
f 1406 1881 1768
f 1768 1490 1406
f 1374 1332 1611
f 1406 1407 1878
f 1369 1690 1474
f 1940 1868 1920
f 1772 1875 1662
f 1351 1404 1403
f 1904 2008 2039
f 1537 1522 1591
f 1506 1435 1433
f 2010 1435 1440
f 1980 1872 1930
f 1435 2010 1433
f 1873 1864 1956
f 1334 1333 1567
f 1388 1558 1559
f 1388 1559 1389
f 1870 2030 2029
f 1370 1562 1558
f 1339 1563 1564
f 1329 1564 1560
f 1339 1564 1329
f 1350 1440 1563
f 1820 2020 2015
f 2015 1873 1887
f 1917 2000 1981
f 1538 1591 1335
f 1593 1594 1493
f 1477 1493 1481
f 1594 1593 1461
f 1461 1482 1594
f 1432 1431 1434
f 1431 1432 1636
f 1544 1338 1363
f 1313 1337 1575
f 1337 1338 1575
f 1503 1340 1344
f 1501 1675 1797
f 1912 1888 1950
f 1966 2011 1928
f 1865 1576 1724
f 1371 1577 1726
f 1711 1713 1577
f 1865 1577 1576
f 1337 1351 1338
f 1403 1348 1351
f 1411 1346 1449
f 1378 1346 1411
f 1829 1580 1368
f 1472 1556 1461
f 1719 1678 1998
f 1485 1881 1719
f 1678 1834 1996
f 1976 1801 1978
f 1976 1520 1801
f 1554 1987 1479
f 1979 1907 1887
f 1964 1588 1587
f 1554 1479 1587
f 1999 1989 1861
f 1861 1884 1999
f 2002 1942 2030
f 1871 1889 2022
f 1987 1884 1479
f 1868 1945 1920
f 1915 1923 1874
f 1905 2036 1749
f 1995 1899 1861
f 1860 2038 1977
f 1987 1999 1884
f 1904 1861 1899
f 1627 1652 1626
f 1395 1929 1528
f 1395 1528 1673
f 1872 1900 1902
f 1439 1441 1356
f 1434 1439 1348
f 1995 2022 1958
f 1441 1355 1356
f 1945 1921 1866
f 1434 1348 1403
f 2026 1914 1900
f 1883 1902 1876
f 1441 1572 1361
f 1922 1912 1933
f 1377 1356 1355
f 1971 1884 1861
f 2008 1869 2001
f 1925 1860 2037
f 2032 1849 1874
f 1363 1338 1351
f 1353 1362 1356
f 1352 1544 1363
f 1352 1363 1356
f 1482 1461 1557
f 1360 1355 1361
f 1356 1363 1353
f 1383 1380 1544
f 1377 1381 1352
f 1351 1348 1362
f 1364 1366 1848
f 1582 1366 1368
f 1368 1366 1364
f 1582 1416 1366
f 1848 1366 1416
f 1582 1368 1606
f 1746 1492 1720
f 1959 1917 1986
f 1897 1856 1960
f 1726 1577 1865
f 1561 1598 1492
f 1913 1933 1912
f 1720 1371 1746
f 1720 1711 1371
f 1561 1492 1769
f 1769 1492 1746
f 1457 1453 1452
f 1862 1448 1457
f 1475 1448 1862
f 1487 1453 1457
f 1457 1448 1487
f 1878 1407 1426
f 1488 1487 1737
f 1488 1737 1598
f 1384 1385 1374
f 1378 1381 1377
f 1346 1377 1360
f 1665 1946 1787
f 1804 2021 1496
f 1346 1378 1377
f 1959 1879 2000
f 1332 1385 1378
f 1385 1383 1378
f 1384 1380 1383
f 1686 1386 2015
f 2031 1871 2023
f 1871 1870 1889
f 2029 1940 2025
f 1689 1735 1386
f 2040 2039 1934
f 1779 1390 1500
f 1866 1914 2026
f 1866 2026 2025
f 1821 1780 1779
f 2013 1902 1928
f 1725 1780 1821
f 2033 1922 1933
f 1899 1958 1944
f 1967 1860 1925
f 1755 1345 1658
f 1866 1969 1936
f 1910 2029 1957
f 1728 1655 1391
f 1618 1392 1714
f 1830 1607 1584
f 1728 1727 1655
f 1957 2038 2001
f 1424 1423 1445
f 2009 1993 1863
f 1766 1326 2009
f 1402 1397 1596
f 1985 1665 1777
f 1396 1400 1812
f 1397 1590 1596
f 1400 1402 1592
f 1575 1399 1313
f 1401 1398 1380
f 1374 1409 1401
f 1380 1398 1399
f 1401 1384 1374
f 1590 1397 1401
f 1399 1400 1396
f 1402 1400 1399
f 1397 1402 1398
f 1907 2028 1939
f 1408 1606 1403
f 1404 1405 1408
f 1590 1409 1612
f 1414 1411 1428
f 1428 1411 1413
f 2024 1931 1977
f 1886 1777 1665
f 1413 1450 1447
f 1611 1414 1419
f 1610 1590 1420
f 1612 1420 1590
f 1409 1374 1611
f 1429 1420 1421
f 1427 1418 1429
f 1421 1420 1612
f 1444 1601 1418
f 1423 1424 1430
f 1428 1447 1423
f 1429 1428 1427
f 1427 1430 1444
f 1428 1429 1419
f 1553 1635 1432
f 1636 1432 1635
f 1871 2022 2023
f 1430 1437 1636
f 1870 1911 1889
f 1437 1439 1434
f 1572 1441 1443
f 1903 1901 1972
f 1441 1439 1438
f 1507 1444 1635
f 1601 1444 1507
f 1491 1436 1445
f 1446 1445 1447
f 1963 1952 1951
f 1883 1965 1890
f 1928 1854 1966
f 1446 1491 1445
f 1480 1446 1447
f 1450 1480 1447
f 1886 1804 1496
f 1556 1480 1450
f 1480 1556 1472
f 1449 1556 1450
f 1480 1470 1451
f 1455 1446 1451
f 1932 1938 1850
f 1468 1486 1454
f 1454 1465 1478
f 1454 1470 1465
f 1470 1458 1451
f 1454 1478 1468
f 1476 1472 1593
f 1477 1476 1593
f 1470 1480 1473
f 1465 1470 1473
f 1744 1800 1845
f 1842 1847 1705
f 1478 1473 1472
f 1468 1471 1486
f 1477 1478 1476
f 1471 1468 1478
f 1594 1482 1483
f 1743 1796 1670
f 1454 1486 1481
f 1455 1481 1493
f 1789 1997 1994
f 1654 1715 1494
f 1811 1505 1494
f 1505 2018 1494
f 1607 1828 1586
f 1811 1715 1762
f 1855 1654 1495
f 1825 1849 1322
f 1789 1654 1891
f 1879 1855 1495
f 2018 1879 1495
f 1715 1811 1494
f 1668 1727 1714
f 2021 1497 1707
f 1800 1344 1820
f 1797 1897 1502
f 1342 1820 1344
f 1820 1502 1897
f 1422 1504 1503
f 1811 1798 1511
f 1894 1817 1770
f 1505 1811 1511
f 1824 1689 1712
f 1753 1712 1686
f 1712 1689 1686
f 2018 1505 2019
f 1505 1511 2019
f 1814 1813 1660
f 1774 1815 1681
f 1742 1767 1839
f 1798 2014 1857
f 1686 2015 2014
f 1512 1541 1540
f 1513 1534 1517
f 1810 1752 1748
f 1519 1537 1536
f 1538 1545 1519
f 1519 1536 1538
f 1510 2009 1806
f 1542 1533 1526
f 1530 1533 1542
f 1331 1852 1703
f 1541 1527 1513
f 1533 1522 1526
f 1527 1514 1534
f 1539 1545 1521
f 1526 1540 1539
f 1540 1517 1516
f 1541 1513 1517
f 1715 1654 1789
f 1798 1818 1753
f 1521 1542 1526
f 1667 1983 1456
f 1530 1628 1316
f 1546 1387 1597
f 1660 1793 1721
f 1997 1891 1834
f 1543 1521 1619
f 1766 2035 1856
f 1619 1545 1552
f 2012 1619 1602
f 2012 1602 1599
f 1600 1433 2004
f 1604 1555 1524
f 1550 1552 1597
f 1603 1597 1551
f 1551 1548 1616
f 1548 1555 1604
f 1506 1581 1435
f 1581 1415 1440
f 1838 1755 1799
f 1589 1573 1562
f 1560 1571 1589
f 1523 1524 1389
f 1559 1573 1570
f 1854 1883 1803
f 1570 1523 1389
f 1382 1560 1562
f 1785 1905 1851
f 1565 1328 1564
f 1728 1783 1781
f 1564 1328 1333
f 1961 1568 1569
f 1569 1568 1566
f 1566 1568 1469
f 1566 1469 1462
f 1745 1778 1790
f 1567 1565 1569
f 1595 1615 1523
f 1595 1570 1573
f 1681 1815 1775
f 1334 1589 1571
f 1585 1595 1573
f 1589 1585 1573
f 1581 1553 1574
f 1579 1574 1432
f 1456 1764 1515
f 1574 1579 1580
f 1580 1829 1578
f 1882 1581 1578
f 1432 1574 1553
f 1580 1578 1574
f 1592 1596 1946
f 1595 1585 1703
f 1703 1585 1589
f 1592 1667 1515
f 1664 1615 1595
f 1596 1664 1946
f 1608 1609 1613
f 1609 1523 1615
f 1616 1604 1609
f 1550 1597 1603
f 1507 1600 1601
f 1600 1613 1601
f 1609 1617 1613
f 1506 1433 1600
f 1603 1616 1608
f 1599 1605 1613
f 1550 1603 1608
f 1615 1610 1617
f 1602 1619 1605
f 1752 1727 1804
f 1619 1552 1550
f 1418 1613 1617
f 1321 1632 1825
f 1632 1321 1629
f 1629 1321 1633
f 1963 1525 1632
f 1318 1748 1825
f 1525 1324 1634
f 1525 1951 1324
f 1748 1318 1810
f 1803 1646 1644
f 1885 1883 2027
f 1803 1883 1890
f 1649 1639 1643
f 1643 1639 1638
f 1722 1774 1695
f 1692 1644 1649
f 1649 1643 1704
f 1853 1728 1391
f 1738 1994 1997
f 1671 1777 1755
f 1750 1850 2005
f 1781 1830 1584
f 1846 1586 1676
f 1897 1797 1856
f 1800 1735 1845
f 1691 2011 1966
f 1834 1891 1877
f 1918 1947 1729
f 1799 1659 1846
f 1799 1755 1496
f 1932 1850 1729
f 1742 1893 1770
f 1774 1681 1695
f 1739 1660 1775
f 1390 1653 1327
f 1739 1796 1709
f 1849 1748 1874
f 1747 1327 1846
f 1508 1739 1709
f 1838 1656 1755
f 1804 1727 2021
f 1793 1698 1835
f 1983 1742 1764
f 1818 1762 1802
f 1723 1838 1327
f 1821 1743 1725
f 1803 1692 1854
f 2005 1691 1750
f 1851 1852 1826
f 1764 1742 1740
f 1813 1802 1847
f 1508 1814 1660
f 1846 1659 1651
f 1680 1678 1719
f 1813 1847 1708
f 1671 1658 1657
f 1767 1722 1682
f 1926 1850 1938
f 1762 1842 1705
f 1703 1923 1702
f 1760 1845 1735
f 1650 1721 1835
f 1767 1817 1670
f 1810 1655 1752
f 1787 1946 1664
f 1821 1699 1743
f 1994 1708 1847
f 1664 1666 1702
f 2003 1643 1849
f 1734 1655 1810
f 1671 1743 1817
f 1787 1915 1665
f 1728 1853 1700
f 1708 1994 1738
f 1671 1725 1743
f 1714 1781 1584
f 1762 1705 1802
f 1824 1712 1760
f 1841 1776 1680
f 1796 1743 1699
f 1828 1676 1586
f 1802 1760 1712
f 1660 1708 1793
f 1733 1785 1918
f 1783 1863 1830
f 1698 1738 1776
f 1697 1741 1694
f 1796 1739 1815
f 1770 1817 1767
f 1923 1915 1702
f 1707 1745 1496
f 1704 1643 2003
f 1728 1714 1727
f 1886 1748 1804
f 1748 1752 1804
f 1842 1789 1994
f 1738 1834 1678
f 1675 1672 1797
f 1392 1668 1714
f 1699 1821 1744
f 1725 1657 1780
f 1817 1743 1670
f 1696 1775 1660
f 1777 1496 1755
f 1694 1835 1776
f 1685 1719 1881
f 1906 1918 1785
f 1854 1692 1749
f 1722 1670 1774
f 1748 1886 1874
f 1983 1985 1893
f 1926 1935 1850
f 1695 1681 1865
f 1703 1852 2034
f 1947 1932 1729
f 2090 2089 2048
f 2130 2135 2172
f 2140 2133 2131
f 2153 2129 2157
f 2134 2139 2137
f 2078 2075 2145
f 2140 2141 2056
f 2061 2065 2059
f 2111 2120 2121
f 2165 2064 2065
f 2064 2174 2068
f 2069 2070 2071
f 2109 2146 2074
f 2081 2116 2120
f 2115 2121 2148
f 2081 2145 2116
f 2090 2161 2148
f 2102 2126 2124
f 2103 2124 2122
f 2152 2122 2160
f 2044 2051 2052
f 2159 2078 2081
f 2100 2081 2114
f 2099 2094 2112
f 2119 2105 2152
f 2116 2102 2107
f 2117 2107 2105
f 2123 2096 2098
f 2123 2098 2095
f 2126 2100 2096
f 2129 2138 2168
f 2041 2166 2042
f 2084 2092 2087
f 2080 2067 2085
f 2067 2084 2082
f 2073 2082 2091
f 2092 2080 2076
f 2087 2076 2079
f 2077 2086 2147
f 2073 2091 2163
f 2174 2069 2068
f 2086 2073 2101
f 2108 2162 2146
f 2102 2145 2075
f 2109 2100 2126
f 2053 2058 2057
f 2058 2063 2057
f 2058 2062 2063
f 2066 2055 2054
f 2066 2147 2055
f 2156 2155 2151
f 2055 2050 2051
f 2147 2101 2050
f 2050 2053 2052
f 2050 2163 2053
f 2149 2047 2155
f 2044 2154 2046
f 2159 2109 2070
f 2042 2044 2046
f 2069 2071 2173
f 2150 2149 2045
f 2154 2150 2049
f 2158 2059 2172
f 2104 2046 2049
f 2047 2051 2093
f 2048 2049 2045
f 2101 2163 2050
f 2136 2135 2169
f 2163 2060 2053
f 2054 2055 2047
f 2110 2165 2061
f 2060 2062 2058
f 2063 2054 2149
f 2063 2066 2054
f 2163 2091 2060
f 2091 2077 2062
f 2101 2073 2163
f 2062 2077 2066
f 2079 2085 2077
f 2154 2044 2052
f 2128 2170 2080
f 2041 2106 2160
f 2083 2088 2092
f 2085 2072 2086
f 2170 2083 2067
f 2074 2110 2167
f 2088 2128 2092
f 2091 2079 2077
f 2141 2136 2169
f 2098 2099 2095
f 2043 2128 2088
f 2096 2094 2099
f 2096 2097 2094
f 2105 2103 2152
f 2133 2140 2056
f 2112 2115 2113
f 2157 2068 2153
f 2094 2111 2115
f 2114 2081 2111
f 2120 2117 2119
f 2124 2126 2125
f 2124 2125 2123
f 2106 2089 2152
f 2122 2123 2160
f 2150 2154 2057
f 2109 2159 2100
f 2159 2144 2078
f 2127 2164 2162
f 2144 2127 2075
f 2064 2165 2127
f 2137 2153 2068
f 2132 2137 2173
f 2144 2159 2174
f 2110 2164 2165
f 2071 2074 2167
f 2129 2130 2118
f 2065 2068 2157
f 2129 2168 2130
f 2133 2171 2134
f 2131 2134 2132
f 2135 2136 2142
f 2139 2138 2153
f 2141 2140 2143
f 2171 2168 2138
f 2143 2158 2142
f 2143 2142 2141
f 2157 2118 2065
f 2167 2173 2071
f 2146 2109 2108
f 2138 2139 2171
f 2153 2137 2139
f 2152 2160 2106
f 2056 2171 2133
f 2169 2056 2141
f 2142 2172 2135
f 2069 2174 2159
f 2134 2131 2133
f 2160 2095 2041
f 2052 2057 2154
f 2171 2169 2168
f 2171 2056 2169
f 2057 2149 2150
f 2118 2157 2129
f 2143 2167 2061
f 2131 2167 2143
f 2143 2061 2158
f 2132 2167 2131
f 2164 2110 2146
f 2074 2071 2070
f 2132 2173 2167
f 2068 2173 2137
f 2061 2167 2110
f 2170 2088 2083
f 2172 2142 2158
f 2146 2162 2164
f 2173 2068 2069
f 2075 2078 2144
f 2174 2064 2144
f 2070 2069 2159
f 2162 2075 2127
f 2148 2152 2090
f 2110 2074 2146
f 2118 2059 2065
f 2168 2169 2135
f 2118 2172 2059
f 2106 2041 2104
f 2074 2070 2109
f 2075 2162 2102
f 2068 2065 2064
f 2108 2102 2162
f 2065 2061 2165
f 2059 2158 2061
f 2170 2043 2088
f 2043 2170 2128
f 2123 2122 2124
f 2042 2104 2041
f 2048 2045 2090
f 2108 2126 2102
f 2141 2142 2136
f 2135 2130 2168
f 2126 2108 2109
f 2172 2118 2130
f 2131 2143 2140
f 2129 2153 2138
f 2137 2132 2134
f 2139 2134 2171
f 2164 2127 2165
f 2127 2144 2064
f 2117 2120 2116
f 2119 2121 2120
f 2145 2081 2078
f 2119 2148 2121
f 2121 2115 2111
f 2120 2111 2081
f 2148 2113 2115
f 2124 2103 2107
f 2115 2112 2094
f 2124 2107 2102
f 2122 2152 2103
f 2112 2095 2099
f 2081 2100 2159
f 2114 2097 2100
f 2114 2094 2097
f 2111 2094 2114
f 2107 2117 2116
f 2105 2119 2117
f 2152 2148 2119
f 2102 2116 2145
f 2095 2160 2123
f 2096 2123 2125
f 2096 2125 2126
f 2148 2161 2113
f 2166 2041 2095
f 2112 2166 2095
f 2103 2105 2107
f 2161 2151 2166
f 2089 2106 2048
f 2087 2082 2084
f 2087 2091 2082
f 2086 2077 2085
f 2085 2076 2080
f 2097 2096 2100
f 2082 2072 2067
f 2099 2098 2096
f 2082 2073 2072
f 2076 2087 2092
f 2072 2085 2067
f 2089 2090 2152
f 2073 2086 2072
f 2113 2161 2166
f 2113 2166 2112
f 2147 2066 2077
f 2104 2048 2106
f 2101 2147 2086
f 2090 2151 2161
f 2151 2042 2166
f 2093 2042 2151
f 2057 2052 2053
f 2058 2053 2060
f 2079 2091 2087
f 2047 2149 2054
f 2050 2055 2147
f 2051 2047 2055
f 2052 2051 2050
f 2155 2156 2149
f 2046 2104 2042
f 2049 2048 2104
f 2067 2080 2170
f 2155 2093 2151
f 2044 2093 2051
f 2093 2044 2042
f 2045 2156 2090
f 2090 2156 2151
f 2049 2046 2154
f 2093 2155 2047
f 2045 2049 2150
f 2156 2045 2149
f 2149 2057 2063
f 2066 2063 2062
f 2062 2060 2091
f 2084 2067 2083
f 2080 2092 2128
f 2085 2079 2076
f 2092 2084 2083
f 2282 2254 2283
f 2300 2263 2265
f 2272 2281 2284
f 2270 2276 2277
f 2232 2188 2189
f 2260 2271 2308
f 2295 2194 2297
f 2275 2262 2261
f 2204 2200 2293
f 2202 2203 2204
f 2183 2259 2262
f 2196 2229 2202
f 2230 2233 2292
f 2231 2237 2233
f 2303 2256 2227
f 2245 2202 2257
f 2243 2255 2256
f 2245 2257 2255
f 2274 2304 2227
f 2249 2226 2224
f 2239 2244 2240
f 2266 2234 2307
f 2236 2240 2303
f 2252 2247 2250
f 2257 2250 2248
f 2271 2260 2259
f 2281 2272 2299
f 2253 2248 2306
f 2175 2220 2221
f 2289 2175 2221
f 2254 2213 2283
f 2304 2274 2219
f 2215 2213 2205
f 2254 2282 2216
f 2217 2216 2208
f 2191 2266 2235
f 2216 2205 2206
f 2214 2206 2210
f 2211 2208 2218
f 2221 2212 2273
f 2209 2217 2208
f 2282 2215 2216
f 2207 2214 2201
f 2205 2209 2206
f 2201 2210 2287
f 2290 2288 2278
f 2305 2290 2285
f 2222 2201 2190
f 2187 2198 2193
f 2199 2190 2192
f 2199 2192 2180
f 2186 2187 2278
f 2184 2286 2187
f 2264 2191 2235
f 2188 2264 2238
f 2198 2222 2199
f 2189 2238 2241
f 2193 2199 2285
f 2192 2184 2186
f 2220 2182 2223
f 2291 2179 2181
f 2219 2181 2177
f 2270 2263 2298
f 2238 2235 2308
f 2212 2221 2223
f 2176 2177 2175
f 2232 2267 2188
f 2194 2267 2302
f 2305 2180 2175
f 2288 2290 2179
f 2291 2178 2179
f 2290 2305 2181
f 2182 2288 2178
f 2287 2286 2184
f 2286 2197 2187
f 2190 2287 2192
f 2304 2289 2303
f 2210 2211 2197
f 2211 2207 2198
f 2297 2302 2234
f 2234 2232 2185
f 2206 2208 2211
f 2213 2254 2209
f 2263 2280 2299
f 2226 2231 2230
f 2224 2230 2273
f 2233 2239 2236
f 2240 2243 2303
f 2213 2215 2283
f 2276 2270 2298
f 2244 2245 2243
f 2308 2235 2296
f 2246 2294 2231
f 2203 2202 2245
f 2191 2297 2266
f 2237 2203 2239
f 2200 2204 2203
f 2250 2225 2249
f 2248 2249 2251
f 2289 2221 2292
f 2202 2252 2257
f 2256 2253 2227
f 2246 2200 2294
f 2194 2295 2228
f 2258 2267 2196
f 2295 2258 2293
f 2180 2305 2285
f 2267 2194 2229
f 2264 2188 2258
f 2279 2261 2307
f 2261 2296 2235
f 2262 2260 2296
f 2263 2270 2268
f 2301 2241 2284
f 2308 2272 2242
f 2280 2281 2299
f 2276 2183 2275
f 2277 2275 2279
f 2281 2280 2300
f 2271 2299 2272
f 2284 2300 2301
f 2307 2235 2266
f 2274 2212 2291
f 2292 2303 2289
f 2269 2293 2200
f 2300 2284 2281
f 2302 2297 2194
f 2298 2183 2276
f 2282 2283 2215
f 2299 2298 2263
f 2300 2265 2301
f 2275 2277 2276
f 2272 2308 2271
f 2234 2266 2297
f 2297 2191 2295
f 2303 2227 2304
f 2180 2182 2220
f 2268 2301 2265
f 2306 2251 2274
f 2268 2265 2263
f 2296 2261 2262
f 2185 2307 2234
f 2308 2242 2238
f 2260 2262 2259
f 2268 2185 2189
f 2268 2189 2301
f 2277 2185 2268
f 2235 2307 2261
f 2241 2301 2189
f 2238 2189 2188
f 2279 2185 2277
f 2235 2238 2264
f 2279 2307 2185
f 2259 2299 2271
f 2259 2298 2299
f 2259 2183 2298
f 2269 2228 2295
f 2293 2269 2295
f 2196 2293 2258
f 2278 2285 2290
f 2273 2292 2221
f 2228 2229 2194
f 2229 2196 2267
f 2232 2302 2267
f 2242 2241 2238
f 2242 2284 2241
f 2232 2234 2302
f 2200 2246 2269
f 2196 2202 2204
f 2227 2306 2274
f 2182 2278 2288
f 2253 2256 2255
f 2191 2264 2295
f 2189 2185 2232
f 2263 2300 2280
f 2284 2242 2272
f 2277 2268 2270
f 2252 2202 2229
f 2308 2296 2260
f 2261 2279 2275
f 2262 2275 2183
f 2267 2258 2188
f 2258 2295 2264
f 2196 2204 2293
f 2246 2247 2228
f 2269 2246 2228
f 2237 2231 2294
f 2244 2239 2203
f 2225 2250 2247
f 2292 2273 2230
f 2233 2230 2231
f 2255 2243 2245
f 2251 2306 2248
f 2249 2248 2250
f 2256 2303 2243
f 2224 2251 2249
f 2203 2237 2294
f 2203 2294 2200
f 2226 2249 2225
f 2245 2244 2203
f 2246 2225 2247
f 2240 2236 2239
f 2231 2225 2246
f 2303 2292 2236
f 2228 2247 2229
f 2247 2252 2229
f 2248 2255 2257
f 2243 2240 2244
f 2306 2227 2253
f 2250 2257 2252
f 2248 2253 2255
f 2239 2233 2237
f 2236 2292 2233
f 2224 2212 2274
f 2224 2274 2251
f 2304 2176 2289
f 2207 2218 2208
f 2216 2217 2254
f 2206 2214 2216
f 2210 2201 2214
f 2217 2209 2254
f 2230 2224 2226
f 2231 2226 2225
f 2209 2205 2213
f 2222 2198 2207
f 2287 2190 2201
f 2201 2222 2207
f 2273 2212 2224
f 2193 2195 2187
f 2198 2187 2197
f 2291 2219 2274
f 2285 2278 2195
f 2190 2199 2222
f 2223 2221 2220
f 2219 2176 2304
f 2187 2186 2184
f 2199 2193 2198
f 2285 2195 2193
f 2186 2182 2192
f 2184 2192 2287
f 2181 2219 2291
f 2181 2179 2290
f 2175 2289 2176
f 2207 2211 2218
f 2178 2291 2212
f 2177 2176 2219
f 2177 2181 2305
f 2178 2212 2223
f 2175 2177 2305
f 2179 2178 2288
f 2220 2175 2180
f 2178 2223 2182
f 2278 2182 2186
f 2195 2278 2187
f 2205 2216 2215
f 2182 2180 2192
f 2180 2285 2199
f 2197 2286 2210
f 2198 2197 2211
f 2286 2287 2210
f 2208 2206 2209
f 2214 2207 2208
f 2211 2210 2206
f 2214 2208 2216
f 2433 2350 2386
f 2380 2313 2314
f 2315 2316 2317
f 2377 2313 2429
f 2419 2316 2314
f 2416 2428 2421
f 2413 2379 2317
f 2420 2422 2415
f 2423 2400 2424
f 2424 2438 2423
f 2367 2373 2358
f 2411 2398 2438
f 2334 2436 2347
f 2373 2366 2370
f 2366 2364 2369
f 2391 2388 2394
f 2388 2392 2394
f 2382 2378 2368
f 2378 2441 2365
f 2387 2372 2385
f 2372 2371 2389
f 2401 2402 2384
f 2397 2401 2381
f 2330 2331 2423
f 2435 2328 2330
f 2407 2397 2381
f 2374 2406 2338
f 2377 2319 2419
f 2315 2317 2379
f 2380 2314 2316
f 2357 2425 2426
f 2354 2346 2353
f 2345 2353 2348
f 2344 2350 2341
f 2326 2339 2325
f 2333 2332 2339
f 2332 2355 2339
f 2376 2438 2398
f 2375 2399 2328
f 2325 2337 2437
f 2322 2325 2320
f 2323 2320 2335
f 2373 2440 2358
f 2320 2437 2335
f 2361 2418 2312
f 2356 2410 2358
f 2324 2363 2360
f 2362 2347 2363
f 2410 2356 2418
f 2382 2410 2408
f 2418 2356 2310
f 2331 2406 2400
f 2358 2440 2311
f 2309 2360 2363
f 2311 2436 2414
f 2419 2376 2375
f 2432 2428 2429
f 2440 2357 2311
f 2312 2363 2347
f 2318 2347 2436
f 2321 2322 2323
f 2323 2335 2329
f 2319 2395 2376
f 2324 2323 2329
f 2327 2326 2322
f 2376 2398 2399
f 2332 2336 2355
f 2362 2329 2333
f 2334 2333 2326
f 2403 2427 2441
f 2337 2351 2340
f 2437 2340 2343
f 2327 2414 2436
f 2342 2344 2346
f 2340 2342 2343
f 2355 2345 2349
f 2387 2425 2440
f 2348 2386 2350
f 2328 2439 2331
f 2430 2330 2423
f 2346 2341 2386
f 2349 2348 2344
f 2432 2429 2313
f 2351 2349 2342
f 2352 2354 2355
f 2309 2358 2359
f 2359 2414 2360
f 2361 2426 2408
f 2432 2431 2428
f 2365 2441 2427
f 2413 2417 2375
f 2367 2368 2366
f 2395 2423 2438
f 2368 2365 2364
f 2369 2427 2371
f 2370 2369 2372
f 2396 2426 2425
f 2373 2370 2372
f 2381 2384 2378
f 2407 2381 2382
f 2384 2374 2441
f 2321 2360 2414
f 2385 2389 2392
f 2387 2385 2391
f 2407 2408 2426
f 2338 2405 2441
f 2409 2390 2427
f 2439 2442 2406
f 2398 2411 2399
f 2389 2390 2404
f 2390 2409 2400
f 2396 2394 2401
f 2404 2400 2406
f 2409 2424 2400
f 2338 2406 2442
f 2405 2442 2411
f 2403 2411 2424
f 2383 2386 2341
f 2435 2412 2413
f 2383 2433 2386
f 2435 2420 2412
f 2412 2415 2413
f 2415 2393 2379
f 2434 2429 2428
f 2313 2377 2314
f 2417 2317 2316
f 2393 2422 2431
f 2422 2420 2421
f 2421 2431 2422
f 2433 2383 2341
f 2316 2419 2417
f 2431 2432 2393
f 2423 2395 2430
f 2428 2416 2434
f 2427 2403 2409
f 2426 2396 2407
f 2436 2334 2327
f 2425 2391 2396
f 2406 2331 2439
f 2379 2413 2415
f 2439 2328 2399
f 2434 2416 2395
f 2416 2421 2430
f 2416 2430 2395
f 2420 2435 2430
f 2395 2319 2434
f 2313 2380 2432
f 2421 2420 2430
f 2319 2377 2434
f 2413 2375 2435
f 2331 2330 2328
f 2438 2424 2411
f 2424 2409 2403
f 2442 2439 2399
f 2442 2405 2338
f 2411 2403 2405
f 2347 2362 2334
f 2440 2373 2387
f 2441 2405 2403
f 2442 2399 2411
f 2399 2375 2376
f 2438 2376 2395
f 2406 2374 2404
f 2375 2417 2419
f 2330 2430 2435
f 2397 2407 2396
f 2408 2407 2382
f 2418 2408 2410
f 2374 2402 2404
f 2414 2327 2321
f 2400 2423 2331
f 2376 2419 2319
f 2401 2397 2396
f 2402 2401 2394
f 2316 2315 2380
f 2379 2393 2315
f 2363 2324 2362
f 2388 2391 2385
f 2360 2321 2324
f 2393 2380 2315
f 2400 2404 2390
f 2404 2392 2389
f 2393 2432 2380
f 2328 2435 2375
f 2429 2434 2377
f 2392 2388 2385
f 2314 2377 2419
f 2431 2421 2428
f 2317 2417 2413
f 2415 2412 2420
f 2393 2415 2422
f 2369 2370 2366
f 2378 2382 2381
f 2441 2378 2384
f 2441 2374 2338
f 2427 2369 2364
f 2394 2396 2391
f 2402 2394 2392
f 2404 2402 2392
f 2368 2367 2382
f 2365 2368 2378
f 2389 2385 2372
f 2390 2389 2371
f 2372 2387 2373
f 2371 2372 2369
f 2390 2371 2427
f 2384 2381 2401
f 2374 2384 2402
f 2382 2367 2410
f 2426 2361 2357
f 2386 2353 2346
f 2352 2355 2343
f 2354 2343 2342
f 2346 2354 2342
f 2366 2373 2367
f 2364 2366 2368
f 2386 2348 2353
f 2433 2341 2350
f 2355 2336 2343
f 2351 2337 2339
f 2343 2335 2437
f 2427 2364 2365
f 2387 2391 2425
f 2351 2339 2355
f 2367 2358 2410
f 2340 2437 2337
f 2326 2327 2334
f 2337 2325 2339
f 2336 2332 2329
f 2408 2418 2361
f 2329 2362 2324
f 2360 2309 2359
f 2333 2334 2362
f 2437 2320 2325
f 2322 2321 2327
f 2323 2324 2321
f 2312 2318 2361
f 2347 2318 2312
f 2358 2309 2356
f 2363 2312 2310
f 2310 2312 2418
f 2436 2311 2318
f 2318 2311 2357
f 2353 2345 2354
f 2311 2359 2358
f 2414 2359 2311
f 2345 2355 2354
f 2363 2310 2309
f 2356 2309 2310
f 2440 2425 2357
f 2342 2340 2351
f 2361 2318 2357
f 2320 2323 2322
f 2336 2329 2335
f 2344 2342 2349
f 2325 2322 2326
f 2332 2333 2329
f 2350 2344 2348
f 2339 2326 2333
f 2343 2336 2335
f 2341 2346 2344
f 2349 2351 2355
f 2348 2349 2345
f 2354 2352 2343
f 2494 2444 2449
f 2475 2445 2448
f 2572 2545 2518
f 2549 2537 2538
f 2576 2456 2457
f 2543 2548 2551
f 2563 2562 2463
f 2541 2545 2546
f 2513 2542 2511
f 2475 2471 2472
f 2544 2536 2534
f 2507 2456 2575
f 2565 2507 2530
f 2527 2561 2524
f 2526 2527 2510
f 2521 2552 2504
f 2503 2519 2514
f 2450 2573 2459
f 2506 2517 2519
f 2500 2512 2472
f 2527 2526 2469
f 2497 2510 2512
f 2522 2504 2502
f 2559 2502 2571
f 2456 2507 2508
f 2515 2499 2501
f 2511 2566 2513
f 2457 2508 2533
f 2545 2541 2518
f 2515 2501 2498
f 2443 2557 2494
f 2486 2520 2484
f 2485 2489 2482
f 2478 2488 2487
f 2537 2549 2532
f 2491 2473 2468
f 2520 2485 2484
f 2574 2576 2453
f 2477 2482 2480
f 2488 2490 2491
f 2473 2477 2474
f 2561 2527 2465
f 2480 2478 2464
f 2491 2468 2495
f 2550 2480 2462
f 2464 2491 2458
f 2495 2474 2550
f 2458 2452 2454
f 2449 2444 2479
f 2458 2495 2452
f 2461 2466 2467
f 2462 2464 2466
f 2466 2458 2460
f 2454 2455 2555
f 2495 2550 2455
f 2455 2461 2483
f 2455 2462 2461
f 2505 2463 2564
f 2450 2555 2448
f 2496 2447 2444
f 2496 2446 2447
f 2556 2449 2445
f 2555 2483 2446
f 2483 2467 2479
f 2460 2458 2454
f 2466 2460 2467
f 2470 2476 2473
f 2541 2537 2532
f 2569 2566 2511
f 2476 2481 2477
f 2564 2574 2453
f 2576 2575 2456
f 2562 2575 2574
f 2484 2485 2481
f 2552 2561 2465
f 2486 2484 2476
f 2482 2492 2488
f 2489 2486 2470
f 2492 2470 2490
f 2447 2446 2483
f 2498 2500 2472
f 2501 2497 2500
f 2504 2506 2503
f 2502 2503 2571
f 2512 2523 2558
f 2557 2443 2571
f 2510 2524 2509
f 2512 2509 2523
f 2519 2515 2514
f 2565 2505 2566
f 2507 2565 2569
f 2517 2516 2515
f 2508 2569 2568
f 2523 2522 2559
f 2525 2521 2522
f 2499 2526 2497
f 2561 2552 2521
f 2560 2469 2526
f 2548 2543 2567
f 2542 2531 2554
f 2540 2562 2529
f 2552 2529 2506
f 2529 2528 2516
f 2562 2560 2528
f 2563 2530 2469
f 2530 2575 2465
f 2562 2563 2560
f 2443 2475 2559
f 2547 2534 2535
f 2534 2513 2566
f 2536 2531 2513
f 2537 2541 2539
f 2542 2543 2568
f 2545 2572 2544
f 2445 2449 2573
f 2546 2544 2547
f 2548 2549 2538
f 2489 2520 2486
f 2567 2532 2549
f 2554 2567 2543
f 2551 2538 2533
f 2535 2566 2505
f 2574 2564 2463
f 2572 2567 2554
f 2505 2564 2535
f 2572 2532 2567
f 2572 2518 2532
f 2533 2570 2551
f 2543 2542 2554
f 2549 2548 2567
f 2573 2450 2445
f 2475 2443 2556
f 2559 2571 2443
f 2568 2551 2570
f 2568 2570 2508
f 2569 2508 2507
f 2576 2574 2575
f 2571 2514 2557
f 2479 2573 2449
f 2459 2555 2450
f 2465 2540 2552
f 2538 2551 2548
f 2574 2463 2562
f 2453 2535 2564
f 2511 2568 2569
f 2544 2546 2545
f 2532 2518 2541
f 2572 2554 2531
f 2568 2511 2542
f 2570 2533 2508
f 2566 2569 2565
f 2539 2533 2538
f 2558 2559 2475
f 2539 2538 2537
f 2513 2534 2536
f 2505 2565 2563
f 2508 2457 2456
f 2531 2536 2572
f 2539 2453 2457
f 2546 2453 2539
f 2539 2457 2533
f 2566 2535 2534
f 2447 2479 2444
f 2547 2453 2546
f 2467 2459 2573
f 2472 2558 2475
f 2547 2535 2453
f 2469 2465 2527
f 2463 2505 2563
f 2562 2540 2575
f 2457 2453 2576
f 2494 2556 2443
f 2540 2465 2575
f 2448 2471 2475
f 2448 2493 2471
f 2449 2556 2494
f 2485 2520 2489
f 2469 2560 2563
f 2465 2469 2530
f 2551 2568 2543
f 2528 2529 2562
f 2516 2517 2529
f 2546 2539 2541
f 2542 2513 2531
f 2506 2504 2552
f 2536 2544 2572
f 2529 2552 2540
f 2526 2528 2560
f 2534 2547 2544
f 2575 2530 2507
f 2521 2524 2561
f 2524 2510 2527
f 2530 2563 2565
f 2517 2506 2529
f 2526 2499 2528
f 2510 2497 2526
f 2499 2516 2528
f 2525 2509 2524
f 2525 2523 2509
f 2514 2571 2503
f 2559 2558 2523
f 2522 2523 2525
f 2521 2525 2524
f 2519 2503 2506
f 2512 2500 2497
f 2504 2522 2521
f 2502 2559 2522
f 2499 2515 2516
f 2498 2514 2515
f 2498 2553 2557
f 2515 2519 2517
f 2498 2557 2514
f 2493 2496 2553
f 2557 2553 2496
f 2482 2481 2485
f 2488 2478 2482
f 2473 2491 2490
f 2558 2472 2512
f 2509 2512 2510
f 2473 2490 2470
f 2482 2477 2481
f 2481 2476 2484
f 2503 2502 2504
f 2490 2488 2492
f 2491 2478 2487
f 2491 2487 2488
f 2477 2473 2476
f 2464 2462 2480
f 2495 2458 2491
f 2500 2498 2501
f 2480 2550 2474
f 2491 2464 2478
f 2474 2495 2468
f 2451 2459 2454
f 2497 2501 2499
f 2472 2471 2553
f 2467 2483 2461
f 2472 2553 2498
f 2496 2494 2557
f 2466 2461 2462
f 2458 2466 2464
f 2459 2467 2460
f 2471 2493 2553
f 2455 2454 2452
f 2555 2451 2454
f 2455 2452 2495
f 2483 2555 2455
f 2462 2455 2550
f 2444 2494 2496
f 2445 2475 2556
f 2446 2496 2493
f 2448 2446 2493
f 2470 2492 2489
f 2448 2445 2450
f 2446 2448 2555
f 2479 2447 2483
f 2573 2479 2467
f 2555 2459 2451
f 2454 2459 2460
f 2474 2468 2473
f 2492 2482 2489
f 2480 2474 2477
f 2478 2480 2482
f 2476 2470 2486
f 2581 2583 2630
f 2620 2584 2619
f 2578 2587 2621
f 2601 2606 2599
f 2606 2601 2637
f 2592 2633 2594
f 2577 2605 2594
f 2605 2577 2598
f 2633 2636 2594
f 2602 2608 2609
f 2634 2578 2603
f 2608 2602 2597
f 2636 2633 2632
f 2593 2596 2625
f 2624 2622 2586
f 2616 2591 2624
f 2626 2620 2619
f 2626 2619 2581
f 2580 2586 2617
f 2625 2591 2589
f 2612 2634 2611
f 2582 2617 2613
f 2586 2607 2617
f 2584 2624 2580
f 2637 2600 2639
f 2587 2616 2621
f 2579 2618 2626
f 2579 2585 2618
f 2584 2618 2585
f 2588 2615 2579
f 2591 2614 2623
f 2596 2603 2615
f 2633 2610 2611
f 2600 2636 2593
f 2631 2617 2607
f 2628 2607 2623
f 2596 2638 2603
f 2595 2600 2640
f 2588 2614 2625
f 2635 2636 2600
f 2602 2606 2639
f 2606 2602 2599
f 2600 2595 2639
f 2605 2608 2592
f 2608 2605 2604
f 2616 2587 2634
f 2577 2601 2598
f 2624 2584 2621
f 2601 2577 2635
f 2592 2597 2610
f 2638 2636 2632
f 2611 2610 2612
f 2614 2588 2623
f 2591 2616 2590
f 2615 2578 2585
f 2618 2584 2620
f 2634 2603 2632
f 2619 2580 2582
f 2611 2634 2632
f 2627 2581 2629
f 2587 2578 2634
f 2583 2581 2619
f 2628 2626 2627
f 2583 2582 2630
f 2631 2627 2613
f 2590 2589 2591
f 2625 2596 2588
f 2607 2628 2631
f 2634 2612 2616
f 2581 2627 2626
f 2635 2594 2636
f 2638 2632 2603
f 2612 2590 2616
f 2623 2579 2628
f 2617 2631 2613
f 2603 2578 2615
f 2629 2613 2627
f 2630 2613 2629
f 2582 2583 2619
f 2592 2610 2633
f 2589 2640 2625
f 2625 2614 2591
f 2620 2626 2618
f 2622 2623 2607
f 2599 2604 2598
f 2624 2621 2616
f 2599 2609 2604
f 2597 2639 2595
f 2585 2621 2584
f 2627 2631 2628
f 2607 2586 2622
f 2621 2585 2578
f 2622 2624 2591
f 2611 2632 2633
f 2589 2610 2595
f 2589 2590 2610
f 2593 2625 2640
f 2593 2640 2600
f 2590 2612 2610
f 2595 2610 2597
f 2604 2609 2608
f 2579 2623 2588
f 2597 2592 2608
f 2586 2580 2624
f 2617 2582 2580
f 2594 2635 2577
f 2630 2629 2581
f 2613 2630 2582
f 2580 2619 2584
f 2637 2639 2606
f 2626 2628 2579
f 2585 2579 2615
f 2623 2622 2591
f 2599 2598 2601
f 2615 2588 2596
f 2635 2637 2601
f 2592 2594 2605
f 2638 2593 2636
f 2598 2604 2605
f 2638 2596 2593
f 2639 2597 2602
f 2609 2599 2602
f 2640 2589 2595
f 2635 2600 2637
f 2657 2648 2665
f 2665 2656 2657
f 2648 2643 2663
f 2663 2665 2648
f 2659 2663 2643
f 2643 2642 2659
f 2642 2641 2658
f 2664 2651 2645
f 2658 2659 2642
f 2641 2644 2660
f 2660 2658 2641
f 2644 2649 2666
f 2666 2660 2644
f 2649 2653 2651
f 2651 2666 2649
f 2664 2645 2656
f 2653 2654 2651
f 2654 2655 2651
f 2645 2651 2655
f 2655 2657 2656
f 2656 2645 2655
f 2641 2642 2646
f 2651 2664 2666
f 2646 2644 2641
f 2642 2643 2647
f 2647 2646 2642
f 2656 2665 2664
f 2647 2643 2648
f 2644 2646 2649
f 2646 2647 2652
f 2652 2649 2646
f 2648 2652 2647
f 2652 2650 2649
f 2649 2650 2653
f 2653 2650 2655
f 2655 2654 2653
f 2650 2652 2655
f 2652 2648 2657
f 2657 2655 2652
f 2662 2664 2665
f 2658 2660 2661
f 2661 2659 2658
f 2664 2662 2661
f 2661 2666 2664
f 2659 2661 2662
f 2659 2662 2663
f 2666 2661 2660
f 2665 2663 2662

