# https://github.com/mikedh/trimesh

o m18.off
v 0.49734400 0.15564800 0.14876400
v 0.52423500 0.15492400 0.16880300
v 0.52866000 0.15606600 0.16157200
v 0.53095000 0.15717000 0.15352600
v 0.53095000 0.15813200 0.14521700
v 0.52866000 0.15888500 0.13721100
v 0.52423500 0.15940800 0.13005000
v 0.51797800 0.15972100 0.12421500
v 0.51031500 0.15987700 0.12009700
v 0.50176800 0.15993400 0.11796800
v 0.49292000 0.15993400 0.11796800
v 0.48437300 0.15987700 0.12009700
v 0.47671000 0.15972100 0.12421500
v 0.47045300 0.15940800 0.13005000
v 0.46602800 0.15888500 0.13721100
v 0.46373800 0.15813200 0.14521700
v 0.46373800 0.15717000 0.15352600
v 0.46602800 0.15606600 0.16157200
v 0.47045300 0.15492400 0.16880300
v 0.47671000 0.15387800 0.17471900
v 0.48437300 0.15307200 0.17891000
v 0.49292000 0.15263100 0.18108200
v 0.50176800 0.15263100 0.18108200
v 0.51031500 0.15307200 0.17891000
v 0.51797800 0.15387800 0.17471900
v 0.55405300 0.15570800 0.18237400
v 0.56059400 0.15947300 0.16731400
v 0.56282600 0.16193900 0.15132900
v 0.56059400 0.16315600 0.13548500
v 0.55405300 0.16282300 0.12088400
v 0.54364700 0.15871600 0.10877400
v 0.53008500 0.15984700 0.09900200
v 0.51429200 0.16055700 0.09285900
v 0.49734400 0.16080000 0.09076370
v 0.48039600 0.16055700 0.09285900
v 0.46460300 0.15984700 0.09900200
v 0.45104100 0.15871600 0.10877400
v 0.44063500 0.16282300 0.12088400
v 0.43409300 0.16315600 0.13548500
v 0.43186200 0.16193900 0.15132900
v 0.43409300 0.15947300 0.16731400
v 0.44063500 0.15570800 0.18237400
v 0.45104100 0.14865400 0.19573400
v 0.46460300 0.14752400 0.20550500
v 0.48039600 0.14681300 0.21164800
v 0.49734400 0.14657000 0.21374400
v 0.51429200 0.14681300 0.21164800
v 0.53008500 0.14752400 0.20550500
v 0.54364700 0.14865400 0.19573400
v 0.58290000 0.16686800 0.18750300
v 0.58915700 0.16940500 0.16557500
v 0.58915700 0.17203200 0.14287400
v 0.58290000 0.17456900 0.12094600
v 0.57081300 0.17684300 0.10128700
v 0.55371800 0.17870100 0.08523460
v 0.53278200 0.17402800 0.06756260
v 0.50943100 0.16970100 0.05640070
v 0.48525700 0.16970100 0.05640070
v 0.46190600 0.17402800 0.06756260
v 0.44096900 0.17870100 0.08523460
v 0.42387500 0.17684300 0.10128700
v 0.41178800 0.17456900 0.12094600
v 0.40553100 0.17203200 0.14287400
v 0.40553100 0.16940500 0.16557500
v 0.41178800 0.16686800 0.18750300
v 0.42387500 0.16459300 0.20716200
v 0.44096900 0.16273600 0.22321400
v 0.46190500 0.16142300 0.23456500
v 0.48525700 0.15730800 0.24543200
v 0.50943100 0.16074300 0.24044000
v 0.53278200 0.16142300 0.23456500
v 0.55371800 0.16273600 0.22321400
v 0.57081300 0.16459300 0.20716200
v 0.60689700 0.18972700 0.18435800
v 0.61076200 0.19291600 0.15679300
v 0.60689700 0.19610600 0.12922800
v 0.59556700 0.19907800 0.10354100
v 0.57754200 0.20163000 0.08148330
v 0.55405300 0.19810600 0.05876850
v 0.52669900 0.19012700 0.03840380
v 0.49734400 0.18200700 0.02500000
v 0.46798900 0.19012700 0.03840380
v 0.44063500 0.19810600 0.05876850
v 0.41714500 0.20163000 0.08148330
v 0.39912100 0.19907800 0.10354100
v 0.38779100 0.19610600 0.12922700
v 0.38392600 0.19291600 0.15679300
v 0.38779100 0.18972700 0.18435800
v 0.39912100 0.18675500 0.21004400
v 0.41714500 0.18420300 0.23210200
v 0.44063500 0.17600500 0.25809600
v 0.46798900 0.17209200 0.27263200
v 0.49734400 0.17158800 0.27638300
v 0.52669900 0.17425000 0.26949600
v 0.55405300 0.18224400 0.24902800
v 0.57754200 0.18420300 0.23210200
v 0.59556700 0.18675500 0.21004500
v 0.62276300 0.21697200 0.17528900
v 0.62276300 0.22056000 0.14427800
v 0.61421600 0.22402600 0.11432500
v 0.59770400 0.22713300 0.08746900
v 0.57435300 0.22967000 0.06554190
v 0.54575400 0.22515200 0.04337080
v 0.51385600 0.22029600 0.02923630
v 0.48083200 0.22029600 0.02923630
v 0.44893400 0.22515200 0.04337080
v 0.42033500 0.22967000 0.06554190
v 0.39698400 0.22713300 0.08746900
v 0.38047200 0.22402600 0.11432500
v 0.37192500 0.22056000 0.14427800
v 0.37192500 0.21697200 0.17528900
v 0.38047200 0.21350600 0.20524300
v 0.39698400 0.21039900 0.23209800
v 0.42033500 0.20294600 0.26117100
v 0.44893400 0.19670100 0.28314300
v 0.48083200 0.19475700 0.29264600
v 0.51385600 0.19571900 0.29124800
v 0.54575400 0.20041900 0.27774100
v 0.57435300 0.20786200 0.25402600
v 0.59770400 0.21039900 0.23209800
v 0.61421600 0.21350600 0.20524300
v 0.62830700 0.24650700 0.16299400
v 0.62384500 0.25019000 0.13116400
v 0.61076200 0.25362200 0.10150400
v 0.58994900 0.25656800 0.07603350
v 0.56282600 0.25883000 0.05648960
v 0.53124000 0.25924000 0.04313600
v 0.49734400 0.25782300 0.03693830
v 0.46344800 0.25924000 0.04313600
v 0.43186200 0.25883000 0.05648960
v 0.40473900 0.25656800 0.07603350
v 0.38392600 0.25362200 0.10150300
v 0.37084300 0.25019000 0.13116400
v 0.36638000 0.24650700 0.16299400
v 0.37084300 0.24282400 0.19482300
v 0.38392600 0.23939200 0.22448300
v 0.40473900 0.23644500 0.24995400
v 0.43186200 0.22775400 0.27884200
v 0.46344800 0.22368400 0.29497700
v 0.49734400 0.22322200 0.29913400
v 0.53124000 0.22618000 0.29135000
v 0.56282600 0.23418400 0.26949700
v 0.58994900 0.23644500 0.24995400
v 0.61076200 0.23939200 0.22448300
v 0.62384500 0.24282400 0.19482300
v 0.62276300 0.27604100 0.15069800
v 0.61421600 0.27950700 0.12074400
v 0.59770400 0.28261400 0.09388850
v 0.57435300 0.28515200 0.07196130
v 0.54575400 0.28694500 0.05645600
v 0.51385600 0.28787400 0.04843020
v 0.48083200 0.28787400 0.04843020
v 0.44893400 0.28694500 0.05645600
v 0.42033500 0.28515200 0.07196130
v 0.39698400 0.28261400 0.09388850
v 0.38047200 0.27950700 0.12074400
v 0.37192500 0.27604100 0.15069800
v 0.37192500 0.27245300 0.18170800
v 0.38047200 0.26898700 0.21166200
v 0.39698400 0.26588000 0.23851700
v 0.42033500 0.26334300 0.26044500
v 0.44893400 0.25881000 0.27993100
v 0.48083200 0.25537100 0.29160500
v 0.51385600 0.25770100 0.28821900
v 0.54575400 0.26154900 0.27595000
v 0.57435300 0.26334300 0.26044500
v 0.59770400 0.26588000 0.23851700
v 0.61421600 0.26898700 0.21166200
v 0.62276300 0.27245300 0.18170800
v 0.60689700 0.30328700 0.14162900
v 0.59556700 0.30625900 0.11594200
v 0.57754200 0.30881100 0.09388450
v 0.55405300 0.31076900 0.07695920
v 0.52669900 0.31200000 0.06631940
v 0.49734400 0.31242000 0.06269010
v 0.46798900 0.31200000 0.06631940
v 0.44063500 0.31076900 0.07695920
v 0.41714500 0.30881100 0.09388450
v 0.39912100 0.30625900 0.11594200
v 0.38779100 0.30328700 0.14162900
v 0.38392600 0.30009700 0.16919400
v 0.38779100 0.29690800 0.19675900
v 0.39912100 0.29393600 0.22244600
v 0.41714500 0.29138400 0.24450400
v 0.44063500 0.28942600 0.26142900
v 0.46798900 0.28819400 0.27206900
v 0.49734400 0.28777400 0.27569800
v 0.52669900 0.28819400 0.27206900
v 0.55405300 0.28942600 0.26142900
v 0.57754200 0.29138400 0.24450400
v 0.59556700 0.29393600 0.22244600
v 0.60689700 0.29690800 0.19675900
v 0.61076200 0.30009700 0.16919400
v 0.58290000 0.32614500 0.13848400
v 0.57081300 0.32842000 0.11882500
v 0.55371800 0.33027800 0.10277300
v 0.53278200 0.33159100 0.09142200
v 0.50943100 0.33227100 0.08554640
v 0.48525700 0.33227100 0.08554640
v 0.46190500 0.33159100 0.09142200
v 0.44096900 0.33027800 0.10277300
v 0.42387500 0.32842000 0.11882500
v 0.41178800 0.32614500 0.13848400
v 0.40553100 0.32360800 0.16041200
v 0.40553100 0.32098200 0.18311300
v 0.41178800 0.31844500 0.20504100
v 0.42387500 0.31617000 0.22470000
v 0.44096900 0.31431300 0.24075200
v 0.46190500 0.31299900 0.25210300
v 0.48525700 0.31232000 0.25797900
v 0.50943100 0.31232000 0.25797900
v 0.53278200 0.31299900 0.25210300
v 0.55371800 0.31431300 0.24075200
v 0.57081300 0.31617000 0.22470000
v 0.58290000 0.31844500 0.20504100
v 0.58915700 0.32098200 0.18311300
v 0.58915700 0.32360800 0.16041200
v 0.55405300 0.34288600 0.14298800
v 0.54364700 0.34435900 0.13025300
v 0.53008500 0.34549000 0.12048200
v 0.51429200 0.34620100 0.11433900
v 0.49734400 0.34644300 0.11224300
v 0.48039600 0.34620100 0.11433900
v 0.46460300 0.34549000 0.12048200
v 0.45104100 0.34435900 0.13025300
v 0.44063500 0.34288600 0.14298800
v 0.43409300 0.34117000 0.15781800
v 0.43186200 0.33932800 0.17373300
v 0.43409300 0.33748700 0.18964800
v 0.44063500 0.33577100 0.20447800
v 0.45104100 0.33429800 0.21721300
v 0.46460300 0.33316700 0.22698500
v 0.48039600 0.33245600 0.23312800
v 0.49734400 0.33221400 0.23522300
v 0.51429200 0.33245600 0.23312800
v 0.53008500 0.33316700 0.22698500
v 0.54364700 0.33429800 0.21721300
v 0.55405300 0.33577100 0.20447800
v 0.56059400 0.33748700 0.18964800
v 0.56282600 0.33932800 0.17373300
v 0.56059400 0.34117000 0.15781800
v 0.52423500 0.35227800 0.15559500
v 0.51797800 0.35295800 0.14972000
v 0.51031500 0.35343800 0.14556500
v 0.50176800 0.35368700 0.14341500
v 0.49292000 0.35368700 0.14341500
v 0.48437300 0.35343800 0.14556500
v 0.47670900 0.35295800 0.14972000
v 0.47045300 0.35227800 0.15559500
v 0.46602800 0.35144500 0.16279200
v 0.46373800 0.35051700 0.17081700
v 0.46373800 0.34955500 0.17912600
v 0.46602800 0.34862700 0.18715300
v 0.47045300 0.34779400 0.19434900
v 0.47670900 0.34711400 0.20022400
v 0.48437300 0.34663300 0.20437900
v 0.49292000 0.34638400 0.20652900
v 0.50176800 0.34638400 0.20652900
v 0.51031500 0.34663300 0.20437900
v 0.51797800 0.34711400 0.20022400
v 0.52423500 0.34779400 0.19434900
v 0.52866000 0.34862700 0.18715300
v 0.53095000 0.34955500 0.17912600
v 0.53095000 0.35051700 0.17081700
v 0.52866000 0.35144500 0.16279200
v 0.49734400 0.35368800 0.17539500
v 0.49927100 0.17246300 0.35666000
v 0.51456200 0.17280400 0.36763600
v 0.51691500 0.17279400 0.36355900
v 0.51813300 0.17278900 0.35901300
v 0.51813300 0.17278900 0.35430600
v 0.51691500 0.17279400 0.34976000
v 0.51456200 0.17280400 0.34594800
v 0.51123500 0.17281800 0.34284400
v 0.50716000 0.17283500 0.34062700
v 0.50261400 0.17285400 0.33941000
v 0.49790800 0.17287300 0.33940900
v 0.49336300 0.17289200 0.34062600
v 0.48928700 0.17290900 0.34297800
v 0.48596000 0.17292300 0.34617200
v 0.48360700 0.17293300 0.35002500
v 0.48238900 0.17293800 0.35430800
v 0.48238900 0.17293800 0.35901300
v 0.48360700 0.17293300 0.36355900
v 0.48596000 0.17292300 0.36763600
v 0.48928700 0.17290900 0.37096400
v 0.49336300 0.17289200 0.37331700
v 0.49790800 0.17287300 0.37453600
v 0.50261400 0.17285400 0.37453600
v 0.50716000 0.17283500 0.37331700
v 0.51123500 0.17281800 0.37096400
v 0.53034500 0.17395400 0.37407500
v 0.53382400 0.17393800 0.36567500
v 0.53501100 0.17393300 0.35666000
v 0.53382400 0.17393800 0.34764500
v 0.53034500 0.17395400 0.33956800
v 0.52481100 0.17397900 0.33270300
v 0.51759900 0.17401300 0.32759000
v 0.50920000 0.17405100 0.32464100
v 0.50018700 0.17409200 0.32345400
v 0.49117400 0.17413300 0.32464100
v 0.48277500 0.17417100 0.32812000
v 0.47556300 0.17420400 0.33312500
v 0.47002900 0.17422900 0.33981800
v 0.46655000 0.17424500 0.34771500
v 0.46536400 0.17425000 0.35666000
v 0.46655000 0.17424500 0.36567500
v 0.47002900 0.17422900 0.37407500
v 0.47556300 0.17420400 0.38128900
v 0.48277500 0.17417100 0.38682500
v 0.49117400 0.17413300 0.39030400
v 0.50018700 0.17409200 0.39149100
v 0.50920000 0.17405100 0.39030400
v 0.51759900 0.17401300 0.38682500
v 0.52481100 0.17397900 0.38128900
v 0.54553500 0.17586800 0.37551000
v 0.54886300 0.17585000 0.36308900
v 0.54886300 0.17585000 0.35023000
v 0.54582200 0.17586800 0.33778500
v 0.54003600 0.17590100 0.32700700
v 0.53095800 0.17594900 0.31865700
v 0.51928500 0.17600600 0.31252300
v 0.50649400 0.17607100 0.30940400
v 0.49361300 0.17613700 0.30939700
v 0.48119200 0.17620100 0.31277600
v 0.47005900 0.17625800 0.31920500
v 0.46096800 0.17630500 0.32754800
v 0.45454000 0.17633800 0.33794700
v 0.45121300 0.17635500 0.35023000
v 0.45121300 0.17635500 0.36308900
v 0.45454000 0.17633800 0.37551000
v 0.46096800 0.17630500 0.38664700
v 0.47005900 0.17625800 0.39574000
v 0.48119200 0.17620100 0.40216900
v 0.49361000 0.17613700 0.40549700
v 0.50646600 0.17607100 0.40549700
v 0.51888400 0.17600600 0.40216900
v 0.53001700 0.17594900 0.39574000
v 0.53910700 0.17590100 0.38664700
v 0.56784300 0.17851700 0.37712100
v 0.56243300 0.17850400 0.35738200
v 0.56618400 0.17851700 0.34015600
v 0.55545300 0.17855600 0.32572500
v 0.54962500 0.17861600 0.30943500
v 0.53122000 0.17869400 0.30523100
v 0.51591700 0.17878500 0.29799200
v 0.50034400 0.17888200 0.29304500
v 0.48436300 0.17897900 0.29824000
v 0.46511400 0.17906900 0.30327300
v 0.45720300 0.17914500 0.31482600
v 0.44169000 0.17920400 0.32481200
v 0.44155600 0.17924000 0.34103500
v 0.43954000 0.17925300 0.35666000
v 0.43462500 0.17924000 0.37377700
v 0.44762000 0.17920400 0.38682500
v 0.44919900 0.17914500 0.40883000
v 0.46969500 0.17906900 0.40890700
v 0.48421200 0.18034500 0.41602000
v 0.49982100 0.18023100 0.41807600
v 0.51543100 0.18014500 0.41602000
v 0.53123300 0.17869400 0.41123100
v 0.54871400 0.17861600 0.41110100
v 0.55494400 0.17855600 0.38984500
v 0.57671000 0.18197300 0.37060500
v 0.57508800 0.18197300 0.34687300
v 0.57138200 0.18201100 0.32942600
v 0.56101300 0.18208200 0.31004500
v 0.54892000 0.18218300 0.29843700
v 0.52668600 0.18230500 0.29499800
v 0.50924500 0.18244000 0.28482300
v 0.49127900 0.18257800 0.28519500
v 0.46891700 0.18271000 0.29302400
v 0.45346700 0.18282800 0.30079600
v 0.43931300 0.18292400 0.31351400
v 0.42979700 0.18299100 0.32831000
v 0.43258000 0.18302500 0.34777700
v 0.42509800 0.18302500 0.36730800
v 0.42949000 0.18299100 0.38436100
v 0.43745300 0.18292400 0.40821700
v 0.44993500 0.18282800 0.42056100
v 0.47385000 0.18415700 0.42033700
v 0.49078200 0.18437600 0.42539900
v 0.50834000 0.18421800 0.42539900
v 0.52532800 0.18371200 0.42033700
v 0.54728900 0.18218300 0.42272200
v 0.55965300 0.18208200 0.41020100
v 0.57219600 0.18201100 0.38758700
v 0.57759300 0.18662300 0.35793600
v 0.57868700 0.18664900 0.33674800
v 0.56697900 0.18672400 0.31830300
v 0.55918100 0.18684200 0.29988500
v 0.54184400 0.18699500 0.29354900
v 0.51842800 0.18717000 0.28676500
v 0.50011100 0.18735500 0.27434900
v 0.47877000 0.18753700 0.28684100
v 0.45886500 0.18770300 0.29285900
v 0.43796800 0.18784500 0.29888300
v 0.43030200 0.18795200 0.31805400
v 0.42194500 0.18801900 0.33512200
v 0.42547600 0.18804200 0.35758800
v 0.41915800 0.18801900 0.38063500
v 0.43286400 0.18795200 0.39472300
v 0.44005700 0.18784500 0.41964600
v 0.46048000 0.18859200 0.42345500
v 0.48089300 0.18046300 0.43091100
v 0.49892300 0.18032500 0.43728900
v 0.51695300 0.18046300 0.43091100
v 0.53713800 0.18772500 0.42417200
v 0.55639400 0.18684200 0.42045900
v 0.56719700 0.18672400 0.39730800
v 0.57868700 0.18664900 0.38063500
v 0.57445000 0.19338300 0.34693900
v 0.57068700 0.19344000 0.32950600
v 0.56047300 0.19354800 0.31026900
v 0.54820600 0.19369900 0.29873900
v 0.52636900 0.19388000 0.29505600
v 0.50897100 0.19407900 0.28524800
v 0.49101200 0.19428000 0.28588200
v 0.46882400 0.19447100 0.29313900
v 0.45352600 0.19463900 0.30101800
v 0.43947200 0.19477400 0.31370600
v 0.43022900 0.19486900 0.32865600
v 0.43249900 0.19491800 0.34781200
v 0.42522500 0.19491800 0.36715500
v 0.42963400 0.19486900 0.38419300
v 0.43758600 0.19477400 0.40774800
v 0.45011700 0.19508600 0.42152500
v 0.47317200 0.18921700 0.42417200
v 0.49014000 0.18949400 0.43679900
v 0.50770600 0.18949400 0.43679900
v 0.52467300 0.18921700 0.42417100
v 0.54639200 0.19379900 0.42339200
v 0.55920400 0.19354800 0.40980400
v 0.57152100 0.19344000 0.38737100
v 0.57608700 0.19338300 0.37041500
v 0.56252700 0.20233900 0.34052500
v 0.55263800 0.20240400 0.32605700
v 0.54601800 0.20250700 0.31192500
v 0.53059500 0.20263900 0.30545100
v 0.51532300 0.20279100 0.29932800
v 0.49974200 0.20295100 0.29513700
v 0.48390600 0.20311000 0.29962500
v 0.46645000 0.20325500 0.30431300
v 0.45684800 0.20337900 0.31476000
v 0.44352500 0.20347300 0.32542200
v 0.44124000 0.20353100 0.34104500
v 0.43918700 0.20355100 0.35666000
v 0.43679500 0.20353100 0.37321500
v 0.44726500 0.20347300 0.38682500
v 0.45170000 0.20410300 0.40698400
v 0.46038400 0.20371100 0.40945700
v 0.46906800 0.20332000 0.41192900
v 0.47618800 0.20052400 0.42003200
v 0.48330800 0.19772900 0.42813400
v 0.49111500 0.19769300 0.43018900
v 0.49892300 0.19765800 0.43224400
v 0.50673000 0.19769300 0.43018900
v 0.51453700 0.19772900 0.42813400
v 0.52193600 0.19990000 0.42003200
v 0.52933500 0.20207200 0.41192900
v 0.53756100 0.20253100 0.41006300
v 0.54578700 0.20299000 0.40819800
v 0.55170600 0.20240400 0.38682500
v 0.56354400 0.20233900 0.37516800
v 0.55978400 0.20231700 0.35666000
v 0.54510100 0.21152300 0.33794900
v 0.53891800 0.21157800 0.32740600
v 0.52983300 0.21165600 0.31906100
v 0.51845400 0.21175100 0.31277600
v 0.50603800 0.21185500 0.30944700
v 0.49318400 0.21196300 0.30944700
v 0.48076800 0.21206600 0.31277600
v 0.46963700 0.21215800 0.31920500
v 0.46054800 0.21223200 0.32754800
v 0.45412100 0.21228500 0.33794700
v 0.45079400 0.21231200 0.35023000
v 0.45079400 0.21231200 0.36308900
v 0.45412100 0.21228500 0.37551000
v 0.46046000 0.21338900 0.38826900
v 0.45608000 0.20874600 0.39762700
v 0.46057200 0.20888200 0.40285100
v 0.46944400 0.21366100 0.39871700
v 0.46495200 0.21352500 0.39349300
v 0.46925600 0.20849000 0.40532300
v 0.47457000 0.20721100 0.41437200
v 0.48007200 0.21110300 0.41681500
v 0.47475800 0.21238200 0.40776600
v 0.48169000 0.20441600 0.42247500
v 0.48790100 0.20567300 0.42708600
v 0.49249300 0.21361800 0.42603700
v 0.48628300 0.21237700 0.42142600
v 0.49570800 0.20563800 0.42914000
v 0.50213700 0.20563800 0.42914000
v 0.50535200 0.21361800 0.42603700
v 0.49892300 0.21374000 0.42603700
v 0.50994500 0.20567300 0.42708600
v 0.51615500 0.20441600 0.42247500
v 0.51777300 0.21110300 0.41681500
v 0.51156300 0.21245200 0.42142600
v 0.52355400 0.20658800 0.41437200
v 0.52935900 0.20751400 0.40532300
v 0.52938300 0.21295700 0.39871700
v 0.52357800 0.21203000 0.40776600
v 0.53758500 0.20797300 0.40345700
v 0.54218400 0.20781300 0.39823300
v 0.53858200 0.21263700 0.38826900
v 0.53398200 0.21279700 0.39349300
v 0.54510100 0.21152300 0.37551000
v 0.54842800 0.21149500 0.36308900
v 0.54842800 0.21149500 0.35023000
v 0.52988700 0.21908300 0.33952500
v 0.52435400 0.21912300 0.33264700
v 0.51714200 0.21917400 0.32712300
v 0.50874500 0.21923400 0.32364500
v 0.49973300 0.21929900 0.32245800
v 0.49072100 0.21936300 0.32364400
v 0.48232300 0.21942200 0.32712300
v 0.47511200 0.21947300 0.33265800
v 0.46957900 0.21951200 0.33953500
v 0.46610000 0.21953600 0.34764500
v 0.46491400 0.21954400 0.35666000
v 0.46610000 0.21953600 0.36567500
v 0.46952800 0.22060300 0.37525300
v 0.46767300 0.21777700 0.38717200
v 0.47488700 0.22238300 0.38596500
v 0.47216500 0.21791300 0.39239600
v 0.47547600 0.21553100 0.39793100
v 0.48089000 0.21980800 0.39644000
v 0.47818000 0.22100300 0.39120200
v 0.48079000 0.21513200 0.40698000
v 0.48500100 0.22013300 0.40899800
v 0.48925600 0.23077200 0.40022000
v 0.47819800 0.22542200 0.39668700
v 0.49122100 0.22202000 0.41359700
v 0.49588200 0.22572600 0.41434800
v 0.49927100 0.23928800 0.40196900
v 0.49460900 0.23538000 0.40099900
v 0.50231200 0.22569400 0.41437400
v 0.50666500 0.22199900 0.41364300
v 0.50870700 0.23068200 0.40031300
v 0.50362600 0.23527200 0.40108300
v 0.51288600 0.22008100 0.40908000
v 0.51705600 0.21525500 0.40698000
v 0.51689300 0.21971800 0.39659500
v 0.51929900 0.22532100 0.39709300
v 0.52285700 0.21517900 0.39793300
v 0.52675000 0.21731700 0.39239600
v 0.52412000 0.22167800 0.38607400
v 0.52018200 0.22038000 0.39142600
v 0.53135100 0.21715700 0.38717100
v 0.52983400 0.22014500 0.37525300
v 0.53336500 0.21905800 0.36567500
v 0.53455200 0.21904900 0.35666000
v 0.53336500 0.21905800 0.34764500
v 0.51411600 0.22399200 0.34568400
v 0.51078900 0.22401400 0.34235500
v 0.50671400 0.22404000 0.34000200
v 0.50216900 0.22406900 0.33878400
v 0.49746400 0.22410000 0.33878400
v 0.49291900 0.22412900 0.34000200
v 0.48884400 0.22415500 0.34235500
v 0.48551700 0.22417700 0.34568400
v 0.48316400 0.22419100 0.34976000
v 0.48194700 0.22419900 0.35430600
v 0.48194700 0.22419900 0.35901300
v 0.48316400 0.22419100 0.36355900
v 0.48546900 0.22541400 0.36886100
v 0.48860100 0.22955100 0.37652000
v 0.48698400 0.22730800 0.38823100
v 0.49254600 0.23218600 0.38056400
v 0.49124300 0.23298000 0.38998300
v 0.49348600 0.23374700 0.39081100
v 0.49702600 0.23325700 0.38233600
v 0.49478600 0.23277300 0.38143500
v 0.49814800 0.23829500 0.39114300
v 0.50050000 0.23780200 0.39137300
v 0.50173000 0.23308100 0.38239100
v 0.49937800 0.23325500 0.38233700
v 0.50485500 0.23339700 0.39098100
v 0.50716500 0.23254800 0.39016700
v 0.50633700 0.23175400 0.38069000
v 0.50403300 0.23245900 0.38153100
v 0.51138900 0.22692300 0.38839200
v 0.51054400 0.22905000 0.37667300
v 0.51406800 0.22521900 0.36886100
v 0.51646900 0.22397700 0.36355900
v 0.51768700 0.22396900 0.35901300
v 0.51768700 0.22396900 0.35430600
v 0.51646900 0.22397700 0.34976000
v 0.49984600 0.22573600 0.35666000
v 0.50657900 0.15939800 0.43275400
v 0.50662500 0.15934000 0.43295400
v 0.50665800 0.15932500 0.43290800
v 0.50667000 0.15930400 0.43284400
v 0.50665800 0.15928400 0.43278000
v 0.50662500 0.15926800 0.43273300
v 0.50657900 0.15926300 0.43271600
v 0.50653400 0.15926800 0.43273300
v 0.50650100 0.15928400 0.43278000
v 0.50648900 0.15930400 0.43284400
v 0.50650100 0.15932500 0.43290800
v 0.50653400 0.15934000 0.43295400
v 0.50657900 0.15934600 0.43297100
v 0.50818000 0.16717700 0.44281700
v 0.50876500 0.16671300 0.44138700
v 0.50876500 0.16617600 0.43973500
v 0.50818000 0.16571100 0.43830400
v 0.50716500 0.16544300 0.43747900
v 0.50599400 0.16544300 0.43747900
v 0.50497900 0.16571100 0.43830400
v 0.50439300 0.16617600 0.43973500
v 0.50439300 0.16671300 0.44138700
v 0.50497900 0.16717700 0.44281700
v 0.50599400 0.16744600 0.44364300
v 0.50716500 0.16744600 0.44364300
v 0.50971500 0.17327000 0.44698700
v 0.51020000 0.17244100 0.44443500
v 0.50971500 0.17161100 0.44188200
v 0.50839000 0.17100400 0.44001400
v 0.50657900 0.17078200 0.43933000
v 0.50476900 0.17100400 0.44001400
v 0.50344400 0.17161100 0.44188200
v 0.50295900 0.17244100 0.44443500
v 0.50344400 0.17327000 0.44698700
v 0.50476900 0.17387700 0.44885700
v 0.50657900 0.17409900 0.44954100
v 0.50839000 0.17387700 0.44885700
v 0.51095100 0.17734800 0.44477600
v 0.51095100 0.17627500 0.44147300
v 0.50978000 0.17534500 0.43861200
v 0.50775100 0.17480900 0.43696000
v 0.50540800 0.17480900 0.43696000
v 0.50337900 0.17534500 0.43861200
v 0.50220800 0.17627500 0.44147300
v 0.50220800 0.17734800 0.44477600
v 0.50337900 0.17827800 0.44763700
v 0.50540800 0.17881400 0.44928900
v 0.50775100 0.17881400 0.44928900
v 0.50978000 0.17827800 0.44763700
v 0.51110500 0.18133000 0.44216300
v 0.51049900 0.18029400 0.43897300
v 0.50884200 0.17953500 0.43663700
v 0.50657900 0.17925700 0.43578200
v 0.50431600 0.17953500 0.43663700
v 0.50266000 0.18029400 0.43897300
v 0.50205300 0.18133000 0.44216300
v 0.50266000 0.18236700 0.44535400
v 0.50431600 0.18312600 0.44769000
v 0.50657900 0.18340400 0.44854500
v 0.50884200 0.18312600 0.44769000
v 0.51049900 0.18236700 0.44535400
v 0.51095100 0.18505200 0.43862100
v 0.50978000 0.18412300 0.43576000
v 0.50775100 0.18358600 0.43410900
v 0.50540800 0.18358600 0.43410900
v 0.50337900 0.18412300 0.43576000
v 0.50220800 0.18505200 0.43862100
v 0.50220800 0.18612500 0.44192400
v 0.50337900 0.18705500 0.44478500
v 0.50540800 0.18759200 0.44643700
v 0.50775100 0.18759200 0.44643700
v 0.50978000 0.18705500 0.44478500
v 0.51095100 0.18612500 0.44192400
v 0.51049900 0.18859600 0.43442600
v 0.50884200 0.18783700 0.43209100
v 0.50657900 0.18755900 0.43123600
v 0.50431600 0.18783700 0.43209100
v 0.50266000 0.18859600 0.43442600
v 0.50205300 0.18963300 0.43761700
v 0.50266000 0.19067000 0.44080800
v 0.50431600 0.19142900 0.44314400
v 0.50657900 0.19170600 0.44399900
v 0.50884200 0.19142900 0.44314400
v 0.51049900 0.19067000 0.44080800
v 0.51110500 0.18963300 0.43761700
v 0.50978000 0.19183900 0.42912200
v 0.50775100 0.19130200 0.42747000
v 0.50540800 0.19130200 0.42747000
v 0.50337900 0.19183900 0.42912200
v 0.50220800 0.19276900 0.43198300
v 0.50220800 0.19384200 0.43528600
v 0.50337900 0.19477100 0.43814700
v 0.50540800 0.19530800 0.43979800
v 0.50775100 0.19530800 0.43979800
v 0.50978000 0.19477100 0.43814700
v 0.51095100 0.19384200 0.43528600
v 0.51095100 0.19276900 0.43198300
v 0.50793700 0.19446500 0.42159700
v 0.50657900 0.19429900 0.42108400
v 0.50522100 0.19446500 0.42159700
v 0.50422800 0.19492100 0.42299900
v 0.50386400 0.19554300 0.42491300
v 0.50422800 0.19616500 0.42682700
v 0.50522100 0.19662000 0.42822900
v 0.50657900 0.19678700 0.42874200
v 0.50793700 0.19662000 0.42822900
v 0.50893100 0.19616500 0.42682700
v 0.50929500 0.19554300 0.42491300
v 0.50893100 0.19492100 0.42299900
v 0.50657900 0.19512700 0.42325700
v 0.45369100 0.18898500 0.40811400
v 0.45693800 0.20283800 0.42384100
v 0.46026300 0.20686300 0.42023500
v 0.46068700 0.21061300 0.41513800
v 0.45809600 0.21308400 0.40991500
v 0.45318400 0.21361400 0.40596600
v 0.44726600 0.21206000 0.40434900
v 0.44193000 0.20884000 0.40549700
v 0.43860400 0.20481600 0.40910200
v 0.43818000 0.20106500 0.41419900
v 0.44077100 0.19859400 0.41942200
v 0.44568400 0.19806400 0.42337100
v 0.45160100 0.19961800 0.42498900
v 0.44962800 0.23460300 0.43661300
v 0.45214900 0.23672700 0.43121500
v 0.45149100 0.23842700 0.42515800
v 0.44783100 0.23924600 0.42006600
v 0.44214800 0.23896700 0.41730200
v 0.43596700 0.23766200 0.41760700
v 0.43094200 0.23568300 0.42090000
v 0.42842100 0.23355900 0.42629800
v 0.42907900 0.23185900 0.43235500
v 0.43273900 0.23103900 0.43744700
v 0.43842200 0.23131900 0.44021100
v 0.44460300 0.23262400 0.43990600
v 0.44491100 0.26807400 0.44387600
v 0.44587600 0.27005300 0.43794700
v 0.44364000 0.27135700 0.43217500
v 0.43880400 0.27163700 0.42810900
v 0.43266300 0.27081800 0.42683600
v 0.42686300 0.26911800 0.42869800
v 0.42295600 0.26699300 0.43319700
v 0.42199200 0.26501400 0.43912600
v 0.42422800 0.26371000 0.44489800
v 0.42906300 0.26343000 0.44896400
v 0.43520500 0.26425000 0.45023700
v 0.44100500 0.26595000 0.44837400
v 0.43408500 0.30268300 0.45488500
v 0.43362600 0.30400900 0.44993700
v 0.43073000 0.30464900 0.44581300
v 0.42617300 0.30443100 0.44361900
v 0.42117600 0.30341400 0.44394300
v 0.41708000 0.30186800 0.44669600
v 0.41498200 0.30020900 0.45113800
v 0.41544500 0.29888100 0.45608000
v 0.41834400 0.29824000 0.46020000
v 0.42289900 0.29845800 0.46239600
v 0.42789300 0.29947800 0.46207800
v 0.43198700 0.30102500 0.45932900
v 0.41566100 0.32564500 0.46667400
v 0.44644500 0.19156900 0.31448300
v 0.43445600 0.19555300 0.32015700
v 0.43842400 0.19862200 0.32371800
v 0.44385800 0.20148100 0.32436100
v 0.44930300 0.20336600 0.32191400
v 0.45330000 0.20377000 0.31703300
v 0.45477800 0.20258500 0.31102500
v 0.45334000 0.20013000 0.30550000
v 0.44937300 0.19706000 0.30193900
v 0.44393800 0.19420100 0.30129600
v 0.43849300 0.19231600 0.30374300
v 0.43449600 0.19191200 0.30862500
v 0.43301900 0.19309700 0.31463300
v 0.42923500 0.20738300 0.31775100
v 0.43452600 0.20978800 0.32020300
v 0.44049800 0.21171200 0.31949000
v 0.44555000 0.21264100 0.31580300
v 0.44832800 0.21232400 0.31013000
v 0.44808800 0.21084700 0.30399100
v 0.44489400 0.20860600 0.29903100
v 0.43960200 0.20620200 0.29657900
v 0.43363000 0.20427700 0.29729200
v 0.42857900 0.20334900 0.30097900
v 0.42580100 0.20366600 0.30665200
v 0.42604100 0.20514200 0.31279100
v 0.42932300 0.22144900 0.31780800
v 0.43515300 0.22369000 0.31870800
v 0.44085900 0.22516700 0.31643100
v 0.44491200 0.22548300 0.31158500
v 0.44622500 0.22455500 0.30547100
v 0.44444800 0.22263100 0.29972600
v 0.44005600 0.22022600 0.29588900
v 0.43422500 0.21798500 0.29498900
v 0.42852000 0.21650800 0.29726600
v 0.42446600 0.21619100 0.30211200
v 0.42315300 0.21712000 0.30822600
v 0.42493000 0.21904400 0.31397100
v 0.42646200 0.23454500 0.31227400
v 0.43132500 0.23609700 0.31175900
v 0.43540800 0.23684600 0.30883700
v 0.43761600 0.23659100 0.30428900
v 0.43735800 0.23539900 0.29933500
v 0.43470400 0.23359200 0.29530300
v 0.43036800 0.23165300 0.29327400
v 0.42551000 0.23010100 0.29379200
v 0.42143000 0.22935300 0.29671700
v 0.41922200 0.22960800 0.30126400
v 0.41947500 0.23079900 0.30621500
v 0.42212500 0.23260600 0.31024500
v 0.42095700 0.24091700 0.29793100
v 0.10800200 0.02500000 0.09447560
v 0.10430800 0.04712090 0.09200970
v 0.10349700 0.04728620 0.09455820
v 0.10408900 0.04773600 0.09719450
v 0.10592600 0.04835040 0.09921180
v 0.10851500 0.04896430 0.10007000
v 0.11116300 0.04941350 0.09953950
v 0.11316000 0.04957820 0.09776170
v 0.11397100 0.04941290 0.09521320
v 0.11337900 0.04896320 0.09257690
v 0.11154200 0.04834870 0.09055960
v 0.10895300 0.04773480 0.08970120
v 0.10630500 0.04728510 0.09023180
v 0.10389300 0.05002170 0.09317200
v 0.10377900 0.05033980 0.09585560
v 0.10503700 0.05089040 0.09826500
v 0.10732800 0.05152650 0.09975330
v 0.11003900 0.05207710 0.09992310
v 0.11244300 0.05239460 0.09872780
v 0.11389600 0.05239410 0.09648830
v 0.11400900 0.05207600 0.09380470
v 0.11275200 0.05152480 0.09139580
v 0.11046100 0.05088920 0.08990690
v 0.10775100 0.05033860 0.08973760
v 0.10534600 0.05002110 0.09093240
v 0.10417000 0.05310890 0.09474230
v 0.10476200 0.05355860 0.09737860
v 0.10659900 0.05417310 0.09939650
v 0.10918700 0.05478700 0.10025400
v 0.11183500 0.05523670 0.09972360
v 0.11383300 0.05540090 0.09794580
v 0.11464300 0.05523560 0.09539730
v 0.11405100 0.05478580 0.09276150
v 0.11221400 0.05417140 0.09074370
v 0.10962500 0.05355750 0.08988530
v 0.10697800 0.05310830 0.09041600
v 0.10498000 0.05294360 0.09219380
v 0.10497700 0.05632090 0.09648140
v 0.10623500 0.05687210 0.09889030
v 0.10852600 0.05750760 0.10037900
v 0.11123700 0.05805830 0.10054800
v 0.11364100 0.05837570 0.09935310
v 0.11509400 0.05837570 0.09711410
v 0.11520700 0.05805710 0.09443000
v 0.11395000 0.05750650 0.09202110
v 0.11165900 0.05687030 0.09053220
v 0.10894900 0.05631970 0.09036290
v 0.10654400 0.05600220 0.09155830
v 0.10509100 0.05600280 0.09379730
v 0.10624300 0.05962520 0.09824160
v 0.10808000 0.06023970 0.10025900
v 0.11066900 0.06085360 0.10111700
v 0.11331700 0.06130330 0.10058700
v 0.11531300 0.06146750 0.09880880
v 0.11612500 0.06130220 0.09626030
v 0.11553200 0.06085240 0.09362450
v 0.11369600 0.06023800 0.09160670
v 0.11110700 0.05962410 0.09074830
v 0.10845900 0.05917490 0.09127890
v 0.10646200 0.05901070 0.09305680
v 0.10565100 0.05917550 0.09560530
v 0.10792200 0.06300020 0.09992540
v 0.11021200 0.06363640 0.10141400
v 0.11292300 0.06418700 0.10158400
v 0.11532800 0.06450450 0.10038900
v 0.11678100 0.06450390 0.09814930
v 0.11689400 0.06418590 0.09546570
v 0.11563700 0.06363460 0.09305680
v 0.11334600 0.06299910 0.09156790
v 0.11063500 0.06244850 0.09139860
v 0.10823100 0.06213100 0.09259340
v 0.10677700 0.06213150 0.09483300
v 0.10666400 0.06244960 0.09751660
v 0.10993900 0.06642030 0.10144000
v 0.11252900 0.06703480 0.10229800
v 0.11517700 0.06748390 0.10176700
v 0.11717300 0.06764810 0.09998980
v 0.11798400 0.06748340 0.09744130
v 0.11739200 0.06703300 0.09480500
v 0.11555600 0.06641910 0.09278720
v 0.11296600 0.06580470 0.09192880
v 0.11031800 0.06535550 0.09246000
v 0.10832200 0.06519130 0.09423790
v 0.10751100 0.06535610 0.09678580
v 0.10810300 0.06580640 0.09942210
v 0.11223200 0.06986540 0.10272900
v 0.11494300 0.07041600 0.10289900
v 0.11734700 0.07073350 0.10170300
v 0.11880100 0.07073300 0.09946370
v 0.11891400 0.07041490 0.09678010
v 0.11765700 0.06986370 0.09437130
v 0.11536500 0.06922810 0.09288240
v 0.11265500 0.06867750 0.09271310
v 0.11025100 0.06836000 0.09390780
v 0.10879700 0.06836000 0.09614740
v 0.10868400 0.06867870 0.09883100
v 0.10994100 0.06922930 0.10124000
v 0.11470800 0.07331170 0.10374700
v 0.11735600 0.07376090 0.10321600
v 0.11935200 0.07392500 0.10143800
v 0.12016400 0.07376030 0.09888970
v 0.11957100 0.07331060 0.09625340
v 0.11773500 0.07269610 0.09423560
v 0.11514600 0.07208220 0.09337770
v 0.11249800 0.07163240 0.09390840
v 0.11050100 0.07146830 0.09568630
v 0.10969000 0.07163360 0.09823480
v 0.11028200 0.07208330 0.10087000
v 0.11211800 0.07269780 0.10288800
v 0.11729500 0.07674490 0.10449200
v 0.11969900 0.07706290 0.10329700
v 0.12115300 0.07706240 0.10105700
v 0.12126600 0.07674430 0.09837390
v 0.12000900 0.07619310 0.09596500
v 0.11771800 0.07555750 0.09447610
v 0.11500700 0.07500690 0.09430680
v 0.11260200 0.07468940 0.09550160
v 0.11114900 0.07468940 0.09774110
v 0.11103600 0.07500800 0.10042500
v 0.11229300 0.07555870 0.10283400
v 0.11458400 0.07619480 0.10432200
v 0.11991300 0.08015240 0.10498200
v 0.12191000 0.08031650 0.10320400
v 0.12272100 0.08015120 0.10065600
v 0.12212900 0.07970150 0.09801990
v 0.12029200 0.07908700 0.09600200
v 0.11770300 0.07847310 0.09514360
v 0.11505500 0.07802400 0.09567430
v 0.11305800 0.07785980 0.09745210
v 0.11224700 0.07802450 0.10000100
v 0.11284000 0.07847430 0.10263700
v 0.11467600 0.07908870 0.10465400
v 0.11726600 0.07970260 0.10551300
v 0.12254000 0.08353940 0.10530100
v 0.12399300 0.08353880 0.10306200
v 0.12410700 0.08322070 0.10037700
v 0.12284900 0.08266950 0.09796860
v 0.12055900 0.08203400 0.09647970
v 0.11784800 0.08148330 0.09631040
v 0.11544300 0.08116590 0.09750520
v 0.11399000 0.08116640 0.09974470
v 0.11387700 0.08148450 0.10242800
v 0.11513400 0.08203510 0.10483800
v 0.11742500 0.08267120 0.10632600
v 0.12013600 0.08322190 0.10649600
v 0.12527700 0.08695140 0.10564900
v 0.12608800 0.08678670 0.10310000
v 0.12549600 0.08633700 0.10046500
v 0.12365900 0.08572250 0.09844680
v 0.12107000 0.08510860 0.09758840
v 0.11842200 0.08465890 0.09811960
v 0.11642500 0.08449470 0.09989690
v 0.11561400 0.08466000 0.10244500
v 0.11620700 0.08510970 0.10508200
v 0.11804300 0.08572420 0.10710000
v 0.12063200 0.08633810 0.10795800
v 0.12328000 0.08678730 0.10742700
v 0.12218500 0.08933350 0.10348500
v 0.11853700 0.08267580 0.10033600
v 0.11804000 0.08817070 0.10639700
v 0.11928500 0.08825790 0.10851100
v 0.12146300 0.08835140 0.10948100
v 0.12399100 0.08842610 0.10904800
v 0.12619200 0.08846140 0.10732700
v 0.12747600 0.08844890 0.10478000
v 0.12749800 0.08839130 0.10208900
v 0.12625300 0.08830410 0.09997500
v 0.12407500 0.08821060 0.09900490
v 0.12154600 0.08813590 0.09943810
v 0.11934600 0.08810000 0.10115900
v 0.11806200 0.08811310 0.10370600
v 0.12701600 0.09937310 0.11309300
v 0.12878700 0.09946660 0.11469000
v 0.13122300 0.09955380 0.11496700
v 0.13367200 0.09961080 0.11385200
v 0.13547500 0.09962270 0.11164300
v 0.13615100 0.09958630 0.10893200
v 0.13551800 0.09951100 0.10644400
v 0.13374700 0.09941750 0.10484800
v 0.13131100 0.09933090 0.10457000
v 0.12886300 0.09927330 0.10568500
v 0.12705900 0.09926190 0.10789500
v 0.12638300 0.09929840 0.11060600
v 0.13628100 0.11058000 0.11956300
v 0.13845900 0.11067400 0.12053300
v 0.14098700 0.11074800 0.12009900
v 0.14318900 0.11078400 0.11837800
v 0.14447200 0.11077100 0.11583100
v 0.14449400 0.11071400 0.11314000
v 0.14325000 0.11062600 0.11102600
v 0.14107200 0.11053300 0.11005600
v 0.13854300 0.11045900 0.11048900
v 0.13634200 0.11042300 0.11221000
v 0.13505900 0.11043500 0.11475800
v 0.13503600 0.11049300 0.11744900
v 0.14578400 0.12178900 0.12574100
v 0.14822000 0.12187600 0.12601900
v 0.15066800 0.12193300 0.12490400
v 0.15247200 0.12194500 0.12269400
v 0.15314800 0.12190900 0.11998300
v 0.15251500 0.12183400 0.11749500
v 0.15074300 0.12174000 0.11589900
v 0.14830700 0.12165300 0.11562100
v 0.14585900 0.12159600 0.11673700
v 0.14405500 0.12158400 0.11894600
v 0.14337900 0.12162100 0.12165800
v 0.14401200 0.12169600 0.12414500
v 0.15545600 0.13299600 0.13158400
v 0.15798400 0.13307100 0.13115100
v 0.16018500 0.13310700 0.12943000
v 0.16146800 0.13309400 0.12688200
v 0.16149000 0.13303600 0.12419100
v 0.16024600 0.13294900 0.12207800
v 0.15806700 0.13285600 0.12110800
v 0.15553900 0.13278100 0.12154100
v 0.15333900 0.13274500 0.12326200
v 0.15205500 0.13275800 0.12580900
v 0.15203200 0.13281600 0.12850000
v 0.15327700 0.13290300 0.13061400
v 0.16521700 0.14419900 0.13707000
v 0.16766400 0.14425600 0.13595500
v 0.16946800 0.14426800 0.13374600
v 0.17014400 0.14423100 0.13103400
v 0.16951200 0.14415600 0.12854700
v 0.16773900 0.14406300 0.12695100
v 0.16530300 0.14397600 0.12667300
v 0.16285500 0.14391900 0.12778800
v 0.16105100 0.14390700 0.12999700
v 0.16037500 0.14394300 0.13270900
v 0.16100800 0.14401800 0.13519600
v 0.16278000 0.14411200 0.13679200
v 0.17460200 0.15267900 0.13794400
v 0.15948900 0.13994500 0.12699300
v 0.16928600 0.15018600 0.14013500
v 0.16975000 0.14944200 0.14172600
v 0.17112400 0.14865100 0.14205200
v 0.17304000 0.14802400 0.14102500
v 0.17498600 0.14772900 0.13891900
v 0.17643800 0.14784500 0.13629900
v 0.17700900 0.14834200 0.13386800
v 0.17654600 0.14908500 0.13227700
v 0.17517200 0.14987600 0.13195100
v 0.17325600 0.15050400 0.13297900
v 0.17131100 0.15079800 0.13508500
v 0.16985800 0.15068200 0.13770400
v 0.19720500 0.16888700 0.15901500
v 0.19815600 0.16809300 0.16000800
v 0.19985900 0.16735900 0.15964400
v 0.20185800 0.16688100 0.15802200
v 0.20361700 0.16678900 0.15557700
v 0.20466500 0.16710600 0.15296200
v 0.20472000 0.16774800 0.15088000
v 0.20376900 0.16854200 0.14988700
v 0.20206600 0.16927600 0.15025100
v 0.20006700 0.16975400 0.15187300
v 0.19830800 0.16984600 0.15431900
v 0.19726100 0.16952900 0.15693300
v 0.22537900 0.18755000 0.17761800
v 0.22675400 0.18675800 0.17794400
v 0.22867000 0.18613100 0.17691600
v 0.23061500 0.18583600 0.17481000
v 0.23206800 0.18595300 0.17219100
v 0.23263900 0.18644900 0.16976000
v 0.23217600 0.18719200 0.16816900
v 0.23080100 0.18798400 0.16784300
v 0.22888500 0.18861100 0.16887000
v 0.22694000 0.18890600 0.17097600
v 0.22548700 0.18878900 0.17359600
v 0.22491600 0.18829300 0.17602700
v 0.25378600 0.20620000 0.19589900
v 0.25548900 0.20546600 0.19553600
v 0.25748800 0.20498900 0.19391400
v 0.25924600 0.20489600 0.19146800
v 0.26029400 0.20521300 0.18885400
v 0.26035000 0.20585500 0.18677100
v 0.25939900 0.20664900 0.18577900
v 0.25769500 0.20738400 0.18614300
v 0.25569600 0.20786100 0.18776400
v 0.25393800 0.20795300 0.19021000
v 0.25289000 0.20763600 0.19282400
v 0.25283400 0.20699400 0.19490700
v 0.28238300 0.22486600 0.21383500
v 0.28429900 0.22423900 0.21280800
v 0.28624400 0.22394300 0.21070200
v 0.28769700 0.22406000 0.20808300
v 0.28826800 0.22455600 0.20565200
v 0.28780500 0.22529900 0.20406000
v 0.28643100 0.22609100 0.20373400
v 0.28451400 0.22671800 0.20476200
v 0.28256900 0.22701300 0.20686800
v 0.28111600 0.22689700 0.20948700
v 0.28054500 0.22640000 0.21191800
v 0.28100900 0.22565700 0.21351000
v 0.31111800 0.24357300 0.23142700
v 0.31311700 0.24309600 0.22980500
v 0.31487600 0.24300300 0.22736000
v 0.31592400 0.24332000 0.22474500
v 0.31597900 0.24396200 0.22266300
v 0.31502800 0.24475700 0.22167100
v 0.31332500 0.24549100 0.22203400
v 0.31132600 0.24596800 0.22365600
v 0.30956700 0.24606000 0.22610200
v 0.30851900 0.24574300 0.22871600
v 0.30846400 0.24510200 0.23079800
v 0.30941500 0.24430700 0.23179100
v 0.32096100 0.24818700 0.23235200
v 0.31397300 0.24637200 0.22731600
v 0.32170200 0.25093600 0.23911500
v 0.31922600 0.24918700 0.23879700
v 0.31748000 0.24733000 0.23709600
v 0.31693100 0.24586300 0.23446800
v 0.31772700 0.24517900 0.23161600
v 0.31965500 0.24546100 0.22930600
v 0.32219700 0.24663400 0.22815400
v 0.32467300 0.24838300 0.22847200
v 0.32641900 0.25024000 0.23017300
v 0.32696800 0.25170700 0.23280100
v 0.32617200 0.25239100 0.23565300
v 0.32424400 0.25210900 0.23796300
v 0.34081800 0.24767600 0.25293000
v 0.33841400 0.24562300 0.25178000
v 0.33710700 0.24373000 0.24931500
v 0.33724800 0.24250500 0.24619500
v 0.33879900 0.24227700 0.24325500
v 0.34134400 0.24310500 0.24128400
v 0.34420200 0.24476900 0.24080900
v 0.34660600 0.24682100 0.24195800
v 0.34791200 0.24871400 0.24442300
v 0.34777200 0.24993900 0.24754400
v 0.34622100 0.25016800 0.25048400
v 0.34367600 0.24933900 0.25245500
v 0.35993800 0.24412100 0.26604100
v 0.35793000 0.24198600 0.26408500
v 0.35729900 0.24029900 0.26106300
v 0.35821500 0.23951300 0.25778300
v 0.36043200 0.23983700 0.25512600
v 0.36335500 0.24118600 0.25380200
v 0.36620200 0.24319700 0.25416700
v 0.36821000 0.24533200 0.25612300
v 0.36884100 0.24701900 0.25914500
v 0.36792600 0.24780600 0.26242500
v 0.36570900 0.24748100 0.26508300
v 0.36278500 0.24613300 0.26640600
v 0.37897600 0.24041500 0.27892000
v 0.37749100 0.23826400 0.27611800
v 0.37765200 0.23687200 0.27257300
v 0.37941400 0.23661200 0.26923200
v 0.38230600 0.23755400 0.26699200
v 0.38555400 0.23944400 0.26645200
v 0.38828600 0.24177700 0.26775800
v 0.38977000 0.24392800 0.27055900
v 0.38961000 0.24532000 0.27410500
v 0.38784700 0.24558000 0.27744600
v 0.38495500 0.24463800 0.27968600
v 0.38170800 0.24274800 0.28022600
v 0.39815600 0.23656900 0.29124700
v 0.39741600 0.23458900 0.28769900
v 0.39849100 0.23366600 0.28384900
v 0.40109300 0.23404600 0.28072900
v 0.40452600 0.23563000 0.27917600
v 0.40786800 0.23799100 0.27960400
v 0.41022500 0.24049700 0.28190000
v 0.41096600 0.24247800 0.28544900
v 0.40989100 0.24340100 0.28929800
v 0.40728900 0.24302000 0.29241800
v 0.40385700 0.24143700 0.29397200
v 0.40051400 0.23907600 0.29354300
v 0.41787500 0.23279900 0.30292200
v 0.41805500 0.23124000 0.29895000
v 0.42002900 0.23094900 0.29520900
v 0.42326800 0.23200300 0.29270000
v 0.42690500 0.23412000 0.29209500
v 0.42996500 0.23673300 0.29355800
v 0.43162800 0.23914200 0.29669600
v 0.43144800 0.24070100 0.30066700
v 0.42947400 0.24099200 0.30440800
v 0.42623500 0.23993800 0.30691700
v 0.42259800 0.23782000 0.30752100
v 0.41953800 0.23520700 0.30605900
v 0.43206100 0.23480500 0.30450000
v 0.02943750 0.02500000 0.32884800
v 0.02500000 0.04712090 0.32865300
v 0.02562640 0.04728620 0.33125300
v 0.02749890 0.04773600 0.33320100
v 0.03011530 0.04835040 0.33397500
v 0.03277440 0.04896430 0.33336800
v 0.03476430 0.04941350 0.33154300
v 0.03555140 0.04957820 0.32898800
v 0.03492500 0.04941290 0.32638800
v 0.03305250 0.04896320 0.32444000
v 0.03043670 0.04834870 0.32366500
v 0.02777710 0.04773480 0.32427200
v 0.02578720 0.04728510 0.32609800
v 0.02524680 0.05002170 0.32986300
v 0.02654020 0.05033980 0.33221700
v 0.02886350 0.05089040 0.33362600
v 0.03159440 0.05152650 0.33371300
v 0.03400100 0.05207710 0.33245300
v 0.03543860 0.05239460 0.33018600
v 0.03552120 0.05239410 0.32751700
v 0.03422790 0.05207600 0.32516300
v 0.03190450 0.05152480 0.32375400
v 0.02917360 0.05088920 0.32366700
v 0.02676700 0.05033860 0.32492600
v 0.02533000 0.05002110 0.32719400
v 0.02629730 0.05310890 0.33106200
v 0.02816930 0.05355860 0.33301100
v 0.03078560 0.05417310 0.33378500
v 0.03344470 0.05478700 0.33317800
v 0.03543460 0.05523670 0.33135200
v 0.03622180 0.05540090 0.32879700
v 0.03559530 0.05523560 0.32619700
v 0.03372340 0.05478580 0.32424900
v 0.03110710 0.05417140 0.32347500
v 0.02844740 0.05355750 0.32408200
v 0.02645810 0.05310830 0.32590700
v 0.02567090 0.05294360 0.32846200
v 0.02788880 0.05632090 0.33213100
v 0.03021220 0.05687210 0.33354000
v 0.03294310 0.05750760 0.33362700
v 0.03534970 0.05805830 0.33236800
v 0.03678720 0.05837570 0.33010000
v 0.03687040 0.05837570 0.32743200
v 0.03557710 0.05805710 0.32507700
v 0.03325370 0.05750650 0.32366800
v 0.03052280 0.05687030 0.32358100
v 0.02811620 0.05631970 0.32484100
v 0.02667870 0.05600220 0.32710800
v 0.02659550 0.05600280 0.32977700
v 0.02988330 0.05962520 0.33298100
v 0.03249960 0.06023970 0.33375600
v 0.03515870 0.06085360 0.33314900
v 0.03714860 0.06130330 0.33132300
v 0.03793580 0.06146750 0.32876800
v 0.03730930 0.06130220 0.32616800
v 0.03543740 0.06085240 0.32422000
v 0.03282110 0.06023800 0.32344500
v 0.03016140 0.05962410 0.32405200
v 0.02817210 0.05917490 0.32587800
v 0.02738490 0.05901070 0.32843300
v 0.02801140 0.05917550 0.33103300
v 0.03219120 0.06300020 0.33355200
v 0.03492210 0.06363640 0.33363900
v 0.03732870 0.06418700 0.33238000
v 0.03876630 0.06450450 0.33011200
v 0.03884950 0.06450390 0.32744300
v 0.03755620 0.06418590 0.32508900
v 0.03523280 0.06363460 0.32368000
v 0.03250190 0.06299910 0.32359300
v 0.03009530 0.06244850 0.32485300
v 0.02865770 0.06213100 0.32712000
v 0.02857450 0.06213150 0.32978900
v 0.02986790 0.06244960 0.33214300
v 0.03470210 0.06642030 0.33380200
v 0.03736120 0.06703480 0.33319500
v 0.03935110 0.06748390 0.33136900
v 0.04013830 0.06764810 0.32881400
v 0.03951190 0.06748340 0.32621400
v 0.03764000 0.06703300 0.32426600
v 0.03502360 0.06641910 0.32349200
v 0.03236390 0.06580470 0.32409900
v 0.03037460 0.06535550 0.32592500
v 0.02958740 0.06519130 0.32848000
v 0.03021390 0.06535610 0.33108000
v 0.03208580 0.06580640 0.33302800
v 0.03733040 0.06986540 0.33371700
v 0.03973700 0.07041600 0.33245800
v 0.04117460 0.07073350 0.33019000
v 0.04125780 0.07073300 0.32752200
v 0.03996440 0.07041490 0.32516700
v 0.03764110 0.06986370 0.32375800
v 0.03491020 0.06922810 0.32367200
v 0.03250360 0.06867750 0.32493100
v 0.03106600 0.06836000 0.32719900
v 0.03098280 0.06836000 0.32986700
v 0.03227620 0.06867870 0.33222100
v 0.03459950 0.06922930 0.33363100
v 0.03997580 0.07331170 0.33330500
v 0.04196580 0.07376090 0.33147900
v 0.04275290 0.07392500 0.32892400
v 0.04212650 0.07376030 0.32632400
v 0.04025400 0.07331060 0.32437600
v 0.03763770 0.07269610 0.32360200
v 0.03497860 0.07208220 0.32420900
v 0.03298870 0.07163240 0.32603500
v 0.03220150 0.07146830 0.32859000
v 0.03282790 0.07163360 0.33119000
v 0.03469980 0.07208330 0.33313800
v 0.03731620 0.07269780 0.33391200
v 0.04257450 0.07674490 0.33260300
v 0.04401210 0.07706290 0.33033500
v 0.04409530 0.07706240 0.32766600
v 0.04280200 0.07674430 0.32531200
v 0.04047860 0.07619310 0.32390300
v 0.03774770 0.07555750 0.32381600
v 0.03534110 0.07500690 0.32507600
v 0.03390350 0.07468940 0.32734300
v 0.03382090 0.07468940 0.33001200
v 0.03511420 0.07500800 0.33236600
v 0.03743700 0.07555870 0.33377500
v 0.04016790 0.07619480 0.33386200
v 0.04506830 0.08015240 0.33166500
v 0.04585550 0.08031650 0.32911000
v 0.04522910 0.08015120 0.32651000
v 0.04335660 0.07970150 0.32456200
v 0.04074020 0.07908700 0.32378800
v 0.03808110 0.07847310 0.32439500
v 0.03609120 0.07802400 0.32622000
v 0.03530410 0.07785980 0.32877600
v 0.03593050 0.07802450 0.33137600
v 0.03780300 0.07847430 0.33332400
v 0.04041930 0.07908870 0.33409800
v 0.04307840 0.07970260 0.33349100
v 0.04748000 0.08353940 0.33057700
v 0.04756320 0.08353880 0.32790900
v 0.04626990 0.08322070 0.32555400
v 0.04394650 0.08266950 0.32414500
v 0.04121560 0.08203400 0.32405900
v 0.03880900 0.08148330 0.32531800
v 0.03737200 0.08116590 0.32758600
v 0.03728880 0.08116640 0.33025400
v 0.03858220 0.08148450 0.33260800
v 0.04090550 0.08203510 0.33401700
v 0.04363590 0.08267120 0.33410400
v 0.04604250 0.08322190 0.33284500
v 0.05000170 0.08695140 0.32945700
v 0.04937530 0.08678670 0.32685700
v 0.04750280 0.08633700 0.32490900
v 0.04488700 0.08572250 0.32413500
v 0.04222740 0.08510860 0.32474200
v 0.04023750 0.08465890 0.32656800
v 0.03945030 0.08449470 0.32912300
v 0.04007670 0.08466000 0.33172300
v 0.04194920 0.08510970 0.33367100
v 0.04456560 0.08572420 0.33444500
v 0.04722470 0.08633810 0.33383800
v 0.04921460 0.08678730 0.33201200
v 0.04623570 0.08933350 0.32920700
v 0.04148470 0.08267580 0.32840400
v 0.04419850 0.08817070 0.33384600
v 0.04635820 0.08825790 0.33501000
v 0.04872430 0.08835140 0.33471100
v 0.05066240 0.08842610 0.33303100
v 0.05165360 0.08846140 0.33041900
v 0.05143190 0.08844890 0.32757500
v 0.05005700 0.08839130 0.32526100
v 0.04789730 0.08830410 0.32409800
v 0.04553170 0.08821060 0.32439700
v 0.04359370 0.08813590 0.32607700
v 0.04260250 0.08810000 0.32868900
v 0.04282420 0.08811310 0.33153300
v 0.05534500 0.09937310 0.33492400
v 0.05768720 0.09946660 0.33537200
v 0.05991530 0.09955380 0.33434700
v 0.06143160 0.09961080 0.33212500
v 0.06183000 0.09962270 0.32930100
v 0.06100350 0.09958630 0.32663200
v 0.05917380 0.09951100 0.32483200
v 0.05683160 0.09941750 0.32438400
v 0.05460340 0.09933090 0.32540900
v 0.05308720 0.09927330 0.32763100
v 0.05268880 0.09926190 0.33045500
v 0.05351530 0.09929840 0.33312400
v 0.06662150 0.11058000 0.33565800
v 0.06898700 0.11067400 0.33535900
v 0.07092560 0.11074800 0.33367900
v 0.07191630 0.11078400 0.33106700
v 0.07169460 0.11077100 0.32822300
v 0.07032030 0.11071400 0.32591000
v 0.06816050 0.11062600 0.32474600
v 0.06579440 0.11053300 0.32504500
v 0.06385640 0.11045900 0.32672600
v 0.06286510 0.11042300 0.32933800
v 0.06308690 0.11043500 0.33218100
v 0.06446170 0.11049300 0.33449500
v 0.07795040 0.12178900 0.33602000
v 0.08017860 0.12187600 0.33499600
v 0.08169420 0.12193300 0.33277400
v 0.08209270 0.12194500 0.32995000
v 0.08126670 0.12190900 0.32728000
v 0.07943700 0.12183400 0.32548000
v 0.07709430 0.12174000 0.32503300
v 0.07486670 0.12165300 0.32605700
v 0.07335050 0.12159600 0.32827900
v 0.07295200 0.12158400 0.33110300
v 0.07377800 0.12162100 0.33377300
v 0.07560770 0.12169600 0.33557300
v 0.08925030 0.13299600 0.33600800
v 0.09118830 0.13307100 0.33432700
v 0.09217960 0.13310700 0.33171500
v 0.09195780 0.13309400 0.32887200
v 0.09058300 0.13303600 0.32655800
v 0.08842320 0.13294900 0.32539500
v 0.08605770 0.13285600 0.32569300
v 0.08411910 0.13278100 0.32737400
v 0.08312840 0.13274500 0.32998600
v 0.08335010 0.13275800 0.33283000
v 0.08472500 0.13281600 0.33514300
v 0.08688420 0.13290300 0.33630600
v 0.10044100 0.14419900 0.33564400
v 0.10195700 0.14425600 0.33342200
v 0.10235600 0.14426800 0.33059800
v 0.10152900 0.14423100 0.32792800
v 0.09969970 0.14415600 0.32612900
v 0.09735750 0.14406300 0.32568100
v 0.09512940 0.14397600 0.32670600
v 0.09361310 0.14391900 0.32892800
v 0.09321470 0.14390700 0.33175200
v 0.09404120 0.14394300 0.33442100
v 0.09587090 0.14401800 0.33622100
v 0.09821310 0.14411200 0.33666900
v 0.10892200 0.15267900 0.33153000
v 0.09032190 0.13994500 0.32999200
v 0.10551000 0.15018600 0.33615700
v 0.10673100 0.14944200 0.33727800
v 0.10807500 0.14865100 0.33684500
v 0.10918200 0.14802400 0.33497300
v 0.10975500 0.14772900 0.33216500
v 0.10964100 0.14784500 0.32917200
v 0.10887100 0.14834200 0.32679600
v 0.10764900 0.14908500 0.32567500
v 0.10630600 0.14987600 0.32610800
v 0.10519900 0.15050400 0.32798000
v 0.10462600 0.15079800 0.33078900
v 0.10474000 0.15068200 0.33378200
v 0.13917200 0.16888700 0.33784400
v 0.14049900 0.16809300 0.33820000
v 0.14176800 0.16735900 0.33700700
v 0.14263700 0.16688100 0.33458400
v 0.14287500 0.16678900 0.33158100
v 0.14241700 0.16710600 0.32880200
v 0.14138600 0.16774800 0.32699200
v 0.14005800 0.16854200 0.32663600
v 0.13878900 0.16927600 0.32782900
v 0.13792000 0.16975400 0.33025200
v 0.13768200 0.16984600 0.33325500
v 0.13814100 0.16952900 0.33603400
v 0.17290800 0.18755000 0.33916100
v 0.17425200 0.18675800 0.33872800
v 0.17535900 0.18613100 0.33685600
v 0.17593200 0.18583600 0.33404700
v 0.17581800 0.18595300 0.33105400
v 0.17504600 0.18644900 0.32867900
v 0.17382500 0.18719200 0.32755800
v 0.17248100 0.18798400 0.32799100
v 0.17137500 0.18861100 0.32986300
v 0.17080100 0.18890600 0.33267200
v 0.17091600 0.18878900 0.33566500
v 0.17168700 0.18829300 0.33804000
v 0.20667500 0.20620000 0.34008300
v 0.20794400 0.20546600 0.33889000
v 0.20881400 0.20498900 0.33646700
v 0.20905100 0.20489600 0.33346400
v 0.20859300 0.20521300 0.33068500
v 0.20756200 0.20585500 0.32887500
v 0.20623400 0.20664900 0.32851900
v 0.20496600 0.20738400 0.32971200
v 0.20409600 0.20786100 0.33213500
v 0.20385900 0.20795300 0.33513800
v 0.20431600 0.20763600 0.33791700
v 0.20534700 0.20699400 0.33972700
v 0.24042800 0.22486600 0.34061100
v 0.24153500 0.22423900 0.33873900
v 0.24210800 0.22394300 0.33593000
v 0.24199300 0.22406000 0.33293700
v 0.24122300 0.22455600 0.33056200
v 0.24000200 0.22529900 0.32944100
v 0.23865800 0.22609100 0.32987400
v 0.23755100 0.22671800 0.33174600
v 0.23697800 0.22701300 0.33455400
v 0.23709200 0.22689700 0.33754800
v 0.23786300 0.22640000 0.33992300
v 0.23908400 0.22565700 0.34104400
v 0.27412000 0.24357300 0.34077300
v 0.27498900 0.24309600 0.33835000
v 0.27522700 0.24300300 0.33534700
v 0.27476900 0.24332000 0.33256800
v 0.27373800 0.24396200 0.33075800
v 0.27241000 0.24475700 0.33040200
v 0.27114100 0.24549100 0.33159500
v 0.27027200 0.24596800 0.33401800
v 0.27003400 0.24606000 0.33702100
v 0.27049300 0.24574300 0.33980000
v 0.27152400 0.24510200 0.34161000
v 0.27285100 0.24430700 0.34196600
v 0.28301800 0.24818700 0.33646400
v 0.27443300 0.24637200 0.33577800
v 0.28715500 0.25093600 0.34186600
v 0.28487300 0.24918700 0.34287700
v 0.28249800 0.24733000 0.34232700
v 0.28066700 0.24586300 0.34036200
v 0.27987100 0.24517900 0.33751100
v 0.28032200 0.24546100 0.33453600
v 0.28190100 0.24663400 0.33223400
v 0.28418300 0.24838300 0.33122300
v 0.28655800 0.25024000 0.33177300
v 0.28838900 0.25170700 0.33373700
v 0.28918500 0.25239100 0.33658900
v 0.28873400 0.25210900 0.33956400
v 0.31066300 0.24767600 0.34378000
v 0.30801100 0.24562300 0.34404200
v 0.30561700 0.24373000 0.34261000
v 0.30412000 0.24250500 0.33986800
v 0.30392400 0.24227700 0.33655000
v 0.30508000 0.24310500 0.33354600
v 0.30727900 0.24476900 0.33165900
v 0.30993000 0.24682100 0.33139700
v 0.31232500 0.24871400 0.33282900
v 0.31382100 0.24993900 0.33557100
v 0.31401700 0.25016800 0.33888900
v 0.31286100 0.24933900 0.34189300
v 0.33381000 0.24412100 0.34509000
v 0.33107900 0.24198600 0.34445800
v 0.32897300 0.24029900 0.34219900
v 0.32805800 0.23951300 0.33891900
v 0.32857700 0.23983700 0.33549800
v 0.33039200 0.24118600 0.33285100
v 0.33301700 0.24319700 0.33168800
v 0.33574800 0.24533200 0.33232100
v 0.33785300 0.24701900 0.33458000
v 0.33876900 0.24780600 0.33785900
v 0.33825000 0.24748100 0.34128100
v 0.33643400 0.24613300 0.34392700
v 0.35676500 0.24041500 0.34624400
v 0.35404500 0.23826400 0.34461700
v 0.35234500 0.23687200 0.34150100
v 0.35212100 0.23661200 0.33773000
v 0.35343500 0.23755400 0.33431600
v 0.35593300 0.23944400 0.33217300
v 0.35894700 0.24177700 0.33187400
v 0.36166800 0.24392800 0.33350100
v 0.36336700 0.24532000 0.33661700
v 0.36359100 0.24558000 0.34038700
v 0.36227700 0.24463800 0.34380200
v 0.35977900 0.24274800 0.34594500
v 0.37955800 0.23656900 0.34685200
v 0.37708700 0.23458900 0.34420100
v 0.37601200 0.23366600 0.34035100
v 0.37662200 0.23404600 0.33633400
v 0.37875200 0.23563000 0.33322700
v 0.38183300 0.23799100 0.33186200
v 0.38503900 0.24049700 0.33260500
v 0.38751100 0.24247800 0.33525700
v 0.38858500 0.24340100 0.33910600
v 0.38797600 0.24302000 0.34312300
v 0.38584500 0.24143700 0.34623000
v 0.38276400 0.23907600 0.34759500
v 0.40247200 0.23279900 0.34662300
v 0.40056900 0.23124000 0.34313300
v 0.40031900 0.23094900 0.33891100
v 0.40179000 0.23200300 0.33508600
v 0.40458800 0.23412000 0.33268600
v 0.40796300 0.23673300 0.33235200
v 0.41101000 0.23914200 0.33417400
v 0.41291400 0.24070100 0.33766400
v 0.41316400 0.24099200 0.34188600
v 0.41169300 0.23993800 0.34571100
v 0.40889500 0.23782000 0.34811100
v 0.40552000 0.23520700 0.34844500
v 0.41542400 0.23480500 0.34062500
v 0.06804200 0.04132160 0.56003500
v 0.05593210 0.08348180 0.56598400
v 0.05776470 0.08351770 0.56795400
v 0.06047740 0.08361690 0.56871500
v 0.06334280 0.08375080 0.56806500
v 0.06559380 0.08388540 0.56617700
v 0.06662720 0.08398340 0.56355700
v 0.06616550 0.08401870 0.56090700
v 0.06433290 0.08398230 0.55893800
v 0.06162020 0.08388370 0.55817600
v 0.05875420 0.08374910 0.55882700
v 0.05650330 0.08361520 0.56071500
v 0.05547040 0.08351710 0.56333400
v 0.05578900 0.08868430 0.56739600
v 0.05814200 0.08875380 0.56881000
v 0.06102970 0.08887470 0.56886700
v 0.06367850 0.08901370 0.56755400
v 0.06537830 0.08913400 0.56522000
v 0.06567410 0.08920300 0.56249200
v 0.06448620 0.08920300 0.56010100
v 0.06213380 0.08913290 0.55868700
v 0.05924610 0.08901200 0.55862900
v 0.05659730 0.08887290 0.55994300
v 0.05489750 0.08875270 0.56227700
v 0.05460170 0.08868370 0.56500500
v 0.05640980 0.09392780 0.56839000
v 0.05912250 0.09402640 0.56915100
v 0.06198790 0.09416090 0.56850100
v 0.06423890 0.09429490 0.56661300
v 0.06527230 0.09439290 0.56399300
v 0.06481060 0.09442880 0.56134400
v 0.06297800 0.09439230 0.55937400
v 0.06026530 0.09429370 0.55861200
v 0.05739930 0.09415920 0.55926300
v 0.05514840 0.09402470 0.56115100
v 0.05411550 0.09392660 0.56377100
v 0.05457720 0.09389130 0.56642000
v 0.05748480 0.09919870 0.56899300
v 0.06037250 0.09931890 0.56905000
v 0.06302080 0.09945800 0.56773600
v 0.06472110 0.09957830 0.56540300
v 0.06501690 0.09964780 0.56267500
v 0.06382900 0.09964730 0.56028500
v 0.06147600 0.09957710 0.55887100
v 0.05858840 0.09945630 0.55881300
v 0.05594010 0.09931720 0.56012700
v 0.05424030 0.09919750 0.56246000
v 0.05394450 0.09912800 0.56518800
v 0.05513180 0.09912850 0.56757900
v 0.05884030 0.10448900 0.56919900
v 0.06170630 0.10462400 0.56854800
v 0.06395730 0.10475800 0.56666000
v 0.06499010 0.10485600 0.56404100
v 0.06452900 0.10489100 0.56139100
v 0.06269580 0.10485500 0.55942100
v 0.05998320 0.10475600 0.55866000
v 0.05711770 0.10462200 0.55931000
v 0.05486680 0.10448800 0.56119800
v 0.05383330 0.10439000 0.56381800
v 0.05429500 0.10435400 0.56646800
v 0.05612820 0.10439100 0.56843700
v 0.06036340 0.10979600 0.56899900
v 0.06301160 0.10993500 0.56768500
v 0.06471200 0.11005500 0.56535200
v 0.06500720 0.11012400 0.56262400
v 0.06381990 0.11012400 0.56023300
v 0.06146690 0.11005400 0.55881900
v 0.05857920 0.10993300 0.55876200
v 0.05593100 0.10979400 0.56007600
v 0.05423060 0.10967400 0.56240900
v 0.05393540 0.10960500 0.56513700
v 0.05512270 0.10960500 0.56752800
v 0.05747570 0.10967500 0.56894100
v 0.06192690 0.11511200 0.56841400
v 0.06417790 0.11524600 0.56652600
v 0.06521070 0.11534400 0.56390500
v 0.06474900 0.11538000 0.56125600
v 0.06291640 0.11534300 0.55928700
v 0.06020380 0.11524500 0.55852500
v 0.05733780 0.11511000 0.55917500
v 0.05508740 0.11497600 0.56106300
v 0.05405390 0.11487800 0.56368300
v 0.05451560 0.11484200 0.56633300
v 0.05634820 0.11487900 0.56830200
v 0.05906090 0.11497700 0.56906400
v 0.06344370 0.12043300 0.56747400
v 0.06514400 0.12055400 0.56514000
v 0.06543990 0.12062300 0.56241200
v 0.06425200 0.12062200 0.56002100
v 0.06189900 0.12055200 0.55860700
v 0.05901130 0.12043200 0.55855000
v 0.05636300 0.12029300 0.55986400
v 0.05466330 0.12017200 0.56219700
v 0.05436740 0.12010300 0.56492500
v 0.05555480 0.12010400 0.56731600
v 0.05790780 0.12017400 0.56873000
v 0.06079540 0.12029400 0.56878800
v 0.06482140 0.12575500 0.56623700
v 0.06585480 0.12585300 0.56361700
v 0.06539310 0.12588900 0.56096800
v 0.06356050 0.12585200 0.55899800
v 0.06084790 0.12575400 0.55823600
v 0.05798190 0.12561900 0.55888700
v 0.05573090 0.12548500 0.56077400
v 0.05469800 0.12538700 0.56339500
v 0.05515980 0.12535100 0.56604400
v 0.05699230 0.12538800 0.56801300
v 0.05970500 0.12548600 0.56877500
v 0.06257040 0.12562100 0.56812500
v 0.06601730 0.13107400 0.56476800
v 0.06631310 0.13114300 0.56204000
v 0.06512580 0.13114300 0.55965000
v 0.06277280 0.13107300 0.55823600
v 0.05988510 0.13095200 0.55817800
v 0.05723630 0.13081300 0.55949200
v 0.05553650 0.13069300 0.56182500
v 0.05524070 0.13062400 0.56455300
v 0.05642860 0.13062400 0.56694400
v 0.05878160 0.13069400 0.56835800
v 0.06166870 0.13081500 0.56841600
v 0.06431750 0.13095400 0.56710100
v 0.06700110 0.13638700 0.56314700
v 0.06653940 0.13642300 0.56049700
v 0.06470680 0.13638600 0.55852700
v 0.06199420 0.13628800 0.55776600
v 0.05912820 0.13615300 0.55841600
v 0.05687720 0.13601900 0.56030400
v 0.05584430 0.13592100 0.56292400
v 0.05630600 0.13588500 0.56557400
v 0.05813860 0.13592200 0.56754300
v 0.06085130 0.13602100 0.56830500
v 0.06371670 0.13615500 0.56765400
v 0.06596770 0.13628900 0.56576700
v 0.06783500 0.14169600 0.56143400
v 0.06664710 0.14169600 0.55904300
v 0.06429470 0.14162600 0.55762900
v 0.06140710 0.14150500 0.55757100
v 0.05875820 0.14136600 0.55888500
v 0.05705850 0.14124600 0.56121900
v 0.05676260 0.14117700 0.56394600
v 0.05795050 0.14117700 0.56633800
v 0.06030290 0.14124700 0.56775100
v 0.06319060 0.14136800 0.56780900
v 0.06583940 0.14150700 0.56649500
v 0.06753920 0.14162700 0.56416100
v 0.06875850 0.14701000 0.55963700
v 0.06692590 0.14697400 0.55766800
v 0.06421320 0.14687500 0.55690600
v 0.06134720 0.14674100 0.55755700
v 0.05909680 0.14660600 0.55944500
v 0.05806340 0.14650800 0.56206400
v 0.05852510 0.14647300 0.56471400
v 0.06035770 0.14650900 0.56668400
v 0.06307030 0.14660800 0.56744500
v 0.06593630 0.14674200 0.56679500
v 0.06818730 0.14687700 0.56490700
v 0.06922020 0.14697500 0.56228700
v 0.06394870 0.15278500 0.56187900
v 0.06089460 0.14238900 0.56266500
v 0.06444980 0.15136600 0.56687700
v 0.06720630 0.15070200 0.56673200
v 0.06947670 0.14998900 0.56518900
v 0.07065150 0.14941900 0.56266200
v 0.07041600 0.14914300 0.55982900
v 0.06883430 0.14923700 0.55744900
v 0.06632910 0.14967400 0.55615900
v 0.06357250 0.15033800 0.55630600
v 0.06130220 0.15105000 0.55784900
v 0.06012740 0.15162100 0.56037500
v 0.06036280 0.15189600 0.56320800
v 0.06194460 0.15180300 0.56558800
v 0.07271380 0.16768100 0.56358700
v 0.07531580 0.16696800 0.56271300
v 0.07709880 0.16630400 0.56060600
v 0.07758560 0.16586600 0.55783200
v 0.07664510 0.16577200 0.55513400
v 0.07452920 0.16604700 0.55323400
v 0.07180570 0.16661600 0.55264200
v 0.06920360 0.16732900 0.55351600
v 0.06742010 0.16799300 0.55562300
v 0.06693390 0.16843100 0.55839700
v 0.06787440 0.16852500 0.56109500
v 0.06999020 0.16825100 0.56299500
v 0.08094700 0.18396000 0.55992300
v 0.08321670 0.18324700 0.55838100
v 0.08439150 0.18267700 0.55585400
v 0.08415670 0.18240100 0.55302100
v 0.08257490 0.18249400 0.55064100
v 0.08006970 0.18293200 0.54935100
v 0.07731260 0.18359500 0.54949700
v 0.07504280 0.18430800 0.55104000
v 0.07386800 0.18487800 0.55356700
v 0.07410290 0.18515400 0.55640000
v 0.07568520 0.18506000 0.55878000
v 0.07818980 0.18462300 0.56007000
v 0.08905590 0.20022600 0.55590500
v 0.09083950 0.19956200 0.55379900
v 0.09132570 0.19912400 0.55102400
v 0.09038520 0.19903000 0.54832600
v 0.08826990 0.19930400 0.54642600
v 0.08554580 0.19987400 0.54583400
v 0.08294370 0.20058700 0.54670800
v 0.08116070 0.20125100 0.54881500
v 0.08067390 0.20168900 0.55158900
v 0.08161440 0.20178300 0.55428800
v 0.08373030 0.20150800 0.55618800
v 0.08645380 0.20093800 0.55677900
v 0.09695740 0.21650500 0.55157300
v 0.09813220 0.21593400 0.54904600
v 0.09789680 0.21565900 0.54621400
v 0.09631500 0.21575200 0.54383400
v 0.09380980 0.21618900 0.54254400
v 0.09105320 0.21685300 0.54269000
v 0.08878290 0.21756600 0.54423300
v 0.08760810 0.21813600 0.54675900
v 0.08784350 0.21841100 0.54959200
v 0.08942530 0.21831800 0.55197200
v 0.09193050 0.21788100 0.55326200
v 0.09468700 0.21721700 0.55311600
v 0.10458000 0.23282000 0.54699000
v 0.10506600 0.23238200 0.54421700
v 0.10412600 0.23228700 0.54151800
v 0.10201000 0.23256200 0.53961800
v 0.09928640 0.23313200 0.53902600
v 0.09668430 0.23384500 0.53990100
v 0.09490080 0.23450900 0.54200700
v 0.09441460 0.23494600 0.54478100
v 0.09535510 0.23504000 0.54747900
v 0.09747040 0.23476600 0.54937900
v 0.10019400 0.23419600 0.54997200
v 0.10279700 0.23348400 0.54909700
v 0.10852700 0.24521200 0.54014300
v 0.09285730 0.22889400 0.54685700
v 0.10804900 0.24187300 0.54566300
v 0.11009600 0.24004000 0.54585600
v 0.11154300 0.23809300 0.54460700
v 0.11200300 0.23655300 0.54225000
v 0.11135400 0.23583100 0.53941800
v 0.10976800 0.23612200 0.53687000
v 0.10767100 0.23734700 0.53528700
v 0.10562500 0.23917900 0.53509400
v 0.10417800 0.24112600 0.53634400
v 0.10371700 0.24266700 0.53870000
v 0.10436700 0.24338900 0.54153100
v 0.10595300 0.24309800 0.54408000
v 0.13734200 0.26346600 0.53182400
v 0.13915100 0.26150900 0.53127700
v 0.14013800 0.25970400 0.52941100
v 0.14004000 0.25853200 0.52672500
v 0.13888300 0.25830900 0.52394000
v 0.13697700 0.25909500 0.52180200
v 0.13483200 0.26067700 0.52088300
v 0.13302400 0.26263300 0.52142900
v 0.13203600 0.26443900 0.52329600
v 0.13213400 0.26561000 0.52598100
v 0.13329100 0.26583300 0.52876700
v 0.13519800 0.26504800 0.53090500
v 0.16654900 0.28496300 0.51761200
v 0.16799600 0.28301600 0.51636300
v 0.16845700 0.28147500 0.51400700
v 0.16780800 0.28075400 0.51117500
v 0.16622200 0.28104500 0.50862700
v 0.16412500 0.28227000 0.50704400
v 0.16207900 0.28410200 0.50685100
v 0.16063100 0.28604900 0.50810000
v 0.16017100 0.28759000 0.51045600
v 0.16082100 0.28831200 0.51328800
v 0.16240600 0.28802100 0.51583700
v 0.16450300 0.28679500 0.51741900
v 0.19560400 0.30643200 0.50303400
v 0.19659200 0.30462700 0.50116700
v 0.19649400 0.30345500 0.49848200
v 0.19533700 0.30323200 0.49569700
v 0.19343100 0.30401800 0.49355800
v 0.19128600 0.30560000 0.49263900
v 0.18947800 0.30755600 0.49318600
v 0.18849000 0.30936200 0.49505200
v 0.18858800 0.31053300 0.49773800
v 0.18974500 0.31075600 0.50052300
v 0.19165100 0.30997100 0.50266100
v 0.19379600 0.30838800 0.50358000
v 0.22445000 0.32793900 0.48811900
v 0.22491100 0.32639800 0.48576300
v 0.22426200 0.32567600 0.48293200
v 0.22267600 0.32596800 0.48038300
v 0.22057900 0.32719300 0.47880000
v 0.21853200 0.32902500 0.47860800
v 0.21708500 0.33097200 0.47985600
v 0.21662500 0.33251300 0.48221300
v 0.21727400 0.33323500 0.48504500
v 0.21886000 0.33294400 0.48759300
v 0.22095700 0.33171800 0.48917600
v 0.22300300 0.32988600 0.48936900
v 0.25304600 0.34955000 0.47292400
v 0.25294800 0.34837800 0.47023900
v 0.25179100 0.34815500 0.46745300
v 0.24988500 0.34894100 0.46531400
v 0.24774000 0.35052300 0.46439600
v 0.24593200 0.35247900 0.46494300
v 0.24494400 0.35428500 0.46680900
v 0.24504200 0.35545600 0.46949400
v 0.24619800 0.35567900 0.47227900
v 0.24810500 0.35489400 0.47441800
v 0.25024900 0.35331100 0.47533700
v 0.25205800 0.35135500 0.47479000
v 0.25863000 0.35471000 0.46503200
v 0.25004300 0.35461600 0.46882900
v 0.26455800 0.35812700 0.46797100
v 0.26327100 0.35576900 0.46981900
v 0.26117900 0.35326700 0.47032600
v 0.25884300 0.35129100 0.46935900
v 0.25688900 0.35037100 0.46717400
v 0.25584100 0.35075400 0.46435800
v 0.25597900 0.35233600 0.46166600
v 0.25726600 0.35469400 0.45981900
v 0.25935800 0.35719600 0.45931200
v 0.26169400 0.35917100 0.46027900
v 0.26364700 0.36009100 0.46246400
v 0.26469600 0.35970900 0.46527900
v 0.29085100 0.34332200 0.45623100
v 0.28892700 0.34055500 0.45757200
v 0.28640600 0.33800500 0.45731000
v 0.28396300 0.33635700 0.45551500
v 0.28225400 0.33605100 0.45266800
v 0.28173500 0.33716900 0.44953200
v 0.28254700 0.33941200 0.44694800
v 0.28447000 0.34217900 0.44560600
v 0.28699200 0.34472900 0.44586900
v 0.28943400 0.34637700 0.44766300
v 0.29114400 0.34668400 0.45051000
v 0.29166200 0.34556600 0.45364600
v 0.31658100 0.32812100 0.44410900
v 0.31417600 0.32524400 0.44469300
v 0.31148900 0.32297200 0.44358000
v 0.30924200 0.32191400 0.44106800
v 0.30803700 0.32235400 0.43783000
v 0.30819500 0.32417300 0.43473400
v 0.30967600 0.32688400 0.43261000
v 0.31208100 0.32976200 0.43202600
v 0.31476800 0.33203400 0.43313900
v 0.31701500 0.33309200 0.43565100
v 0.31822000 0.33265200 0.43888900
v 0.31806200 0.33083300 0.44198400
v 0.34209000 0.31271600 0.43192800
v 0.33922600 0.30981800 0.43163000
v 0.33645000 0.30794500 0.42959100
v 0.33450800 0.30759700 0.42635600
v 0.33391800 0.30886800 0.42279200
v 0.33484000 0.31141700 0.41985500
v 0.33702600 0.31456200 0.41833100
v 0.33989100 0.31745900 0.41862900
v 0.34266700 0.31933300 0.42066800
v 0.34461000 0.31968000 0.42390400
v 0.34519900 0.31840900 0.42746700
v 0.34427700 0.31586000 0.43040500
v 0.36721800 0.29712300 0.41933500
v 0.36406400 0.29445600 0.41802800
v 0.36142700 0.29321400 0.41507900
v 0.36001100 0.29373000 0.41127900
v 0.36019700 0.29586500 0.40764400
v 0.36193500 0.29904800 0.40515000
v 0.36475900 0.30242600 0.40446500
v 0.36791200 0.30509300 0.40577200
v 0.37055000 0.30633500 0.40872000
v 0.37196600 0.30581900 0.41252100
v 0.37177900 0.30368400 0.41615600
v 0.37004100 0.30050000 0.41864900
v 0.39204500 0.28163200 0.40595100
v 0.38893700 0.27953300 0.40366700
v 0.38676100 0.27914400 0.40004300
v 0.38610100 0.28056700 0.39605200
v 0.38713400 0.28342200 0.39276200
v 0.38958200 0.28694400 0.39105600
v 0.39279100 0.29018900 0.39138900
v 0.39590000 0.29228800 0.39367400
v 0.39807600 0.29267700 0.39729700
v 0.39873600 0.29125400 0.40128800
v 0.39770300 0.28839800 0.40457800
v 0.39525400 0.28487600 0.40628500
v 0.40188700 0.28051900 0.39391900
v 0.86989800 0.02766020 0.06790860
v 0.87346900 0.04978110 0.06526770
v 0.87134600 0.04994590 0.06364150
v 0.86866500 0.05039620 0.06330580
v 0.86614500 0.05101010 0.06435060
v 0.86446000 0.05162460 0.06649550
v 0.86406300 0.05207370 0.06916660
v 0.86505900 0.05223790 0.07164780
v 0.86718200 0.05207320 0.07327410
v 0.86986300 0.05162340 0.07360980
v 0.87238300 0.05100890 0.07256500
v 0.87406800 0.05039450 0.07042000
v 0.87446500 0.04994530 0.06774900
v 0.87251600 0.05268140 0.06448280
v 0.87002900 0.05300000 0.06346710
v 0.86733700 0.05355060 0.06383420
v 0.86516000 0.05418670 0.06548550
v 0.86408300 0.05473680 0.06797870
v 0.86439300 0.05505490 0.07064580
v 0.86600700 0.05505430 0.07277190
v 0.86849400 0.05473620 0.07378770
v 0.87118600 0.05418500 0.07342060
v 0.87336300 0.05354950 0.07176920
v 0.87444100 0.05299880 0.06927600
v 0.87413100 0.05268140 0.06660900
v 0.87094500 0.05576910 0.06421150
v 0.86826400 0.05621880 0.06387580
v 0.86574400 0.05683330 0.06492060
v 0.86405900 0.05744720 0.06706610
v 0.86366100 0.05789640 0.06973720
v 0.86465800 0.05806050 0.07221780
v 0.86678000 0.05789580 0.07384410
v 0.86946200 0.05744610 0.07418040
v 0.87198200 0.05683160 0.07313560
v 0.87366700 0.05621770 0.07099000
v 0.87406400 0.05576800 0.06831900
v 0.87306800 0.05560380 0.06583770
v 0.86903500 0.05898110 0.06438250
v 0.86634300 0.05953170 0.06474960
v 0.86416600 0.06016790 0.06640090
v 0.86308800 0.06071850 0.06889410
v 0.86339800 0.06103600 0.07156120
v 0.86501300 0.06103540 0.07368730
v 0.86750000 0.06071730 0.07470310
v 0.87019200 0.06016610 0.07433600
v 0.87236900 0.05953060 0.07268470
v 0.87344700 0.05898000 0.07019150
v 0.87313700 0.05866250 0.06752440
v 0.87152200 0.05866300 0.06539830
v 0.86695000 0.06228540 0.06497700
v 0.86443000 0.06289990 0.06602180
v 0.86274500 0.06351380 0.06816740
v 0.86234700 0.06396300 0.07083840
v 0.86334400 0.06412710 0.07331970
v 0.86546700 0.06396240 0.07494590
v 0.86814800 0.06351270 0.07528160
v 0.87066800 0.06289820 0.07423680
v 0.87235300 0.06228430 0.07209130
v 0.87275100 0.06183460 0.06942020
v 0.87175400 0.06167040 0.06693960
v 0.86963100 0.06183570 0.06531280
v 0.86479700 0.06566050 0.06598590
v 0.86262000 0.06629660 0.06763720
v 0.86154300 0.06684660 0.07013050
v 0.86185300 0.06716470 0.07279750
v 0.86346700 0.06716410 0.07492370
v 0.86595400 0.06684610 0.07593890
v 0.86864700 0.06629490 0.07557230
v 0.87082300 0.06565930 0.07392100
v 0.87190100 0.06510870 0.07142780
v 0.87159100 0.06479120 0.06876070
v 0.86997600 0.06479120 0.06663460
v 0.86749000 0.06510980 0.06561890
v 0.86268900 0.06908050 0.06737160
v 0.86100400 0.06969440 0.06951710
v 0.86060700 0.07014420 0.07218820
v 0.86160300 0.07030830 0.07466950
v 0.86372600 0.07014300 0.07629570
v 0.86640700 0.06969330 0.07663140
v 0.86892800 0.06907880 0.07558660
v 0.87061200 0.06846490 0.07344170
v 0.87101000 0.06801570 0.07077060
v 0.87001300 0.06785160 0.06828930
v 0.86789000 0.06801630 0.06666310
v 0.86520900 0.06846600 0.06632740
v 0.86069900 0.07252510 0.06909190
v 0.85962200 0.07307570 0.07158510
v 0.85993200 0.07339320 0.07425220
v 0.86154700 0.07339320 0.07637830
v 0.86403300 0.07307460 0.07739410
v 0.86672600 0.07252390 0.07702700
v 0.86890300 0.07188780 0.07537570
v 0.86998000 0.07133780 0.07288250
v 0.86967000 0.07101970 0.07021540
v 0.86805500 0.07102030 0.06808930
v 0.86556900 0.07133830 0.06707350
v 0.86287600 0.07188950 0.06744060
v 0.85890300 0.07597190 0.07107670
v 0.85850600 0.07642110 0.07374770
v 0.85950200 0.07658530 0.07622900
v 0.86162500 0.07642050 0.07785520
v 0.86430600 0.07597020 0.07819100
v 0.86682700 0.07535630 0.07714610
v 0.86851100 0.07474180 0.07500120
v 0.86890900 0.07429270 0.07233010
v 0.86791200 0.07412850 0.06984890
v 0.86578900 0.07429320 0.06822260
v 0.86310800 0.07474300 0.06788690
v 0.86058800 0.07535750 0.06893170
v 0.85732600 0.07940510 0.07325870
v 0.85763600 0.07972260 0.07592580
v 0.85925000 0.07972260 0.07805190
v 0.86173700 0.07940400 0.07906710
v 0.86443000 0.07885330 0.07870060
v 0.86660600 0.07821720 0.07704920
v 0.86768400 0.07766710 0.07455600
v 0.86737400 0.07734910 0.07188900
v 0.86575900 0.07734960 0.06976280
v 0.86327200 0.07766770 0.06874710
v 0.86058000 0.07821890 0.06911410
v 0.85840400 0.07885450 0.07076550
v 0.85597800 0.08281200 0.07555640
v 0.85697400 0.08297680 0.07803710
v 0.85909700 0.08281150 0.07966330
v 0.86177800 0.08236170 0.07999960
v 0.86429900 0.08174730 0.07895480
v 0.86598300 0.08113340 0.07680930
v 0.86638000 0.08068360 0.07413820
v 0.86538400 0.08051950 0.07165700
v 0.86326100 0.08068480 0.07003070
v 0.86058000 0.08113450 0.06969500
v 0.85806000 0.08174900 0.07073980
v 0.85637500 0.08236290 0.07288530
v 0.85478800 0.08619960 0.07791960
v 0.85640300 0.08619900 0.08004580
v 0.85888900 0.08588100 0.08106150
v 0.86158200 0.08532980 0.08069450
v 0.86375900 0.08469420 0.07904310
v 0.86483600 0.08414360 0.07654990
v 0.86452700 0.08382610 0.07388340
v 0.86291200 0.08382610 0.07175730
v 0.86042500 0.08414470 0.07074150
v 0.85773300 0.08469530 0.07110860
v 0.85555600 0.08533150 0.07275940
v 0.85447800 0.08588150 0.07525260
v 0.85353300 0.08961170 0.08037700
v 0.85565600 0.08944690 0.08200320
v 0.85833700 0.08899660 0.08233890
v 0.86085700 0.08838270 0.08129410
v 0.86254200 0.08776830 0.07914860
v 0.86294000 0.08731910 0.07647750
v 0.86194300 0.08715490 0.07399680
v 0.85982100 0.08731970 0.07237060
v 0.85713900 0.08777000 0.07203430
v 0.85461900 0.08838390 0.07307910
v 0.85293400 0.08899830 0.07522460
v 0.85253700 0.08944750 0.07789570
v 0.85661700 0.09199370 0.07820120
v 0.86081500 0.08533550 0.07583510
v 0.85528000 0.09083090 0.07331400
v 0.85287000 0.09091810 0.07376880
v 0.85122000 0.09101100 0.07548970
v 0.85077100 0.09108570 0.07801540
v 0.85164400 0.09112160 0.08066940
v 0.85360600 0.09110910 0.08273960
v 0.85613100 0.09105090 0.08367270
v 0.85854100 0.09096370 0.08321730
v 0.86019200 0.09087030 0.08149650
v 0.86064000 0.09079620 0.07897070
v 0.85976700 0.09076020 0.07631730
v 0.85780500 0.09077280 0.07424650
v 0.84594000 0.10203300 0.07949060
v 0.84383800 0.10212700 0.08061690
v 0.84275200 0.10221300 0.08281550
v 0.84297100 0.10227100 0.08549620
v 0.84443900 0.10228200 0.08794150
v 0.84676100 0.10224600 0.08949650
v 0.84931600 0.10217100 0.08974330
v 0.85141800 0.10207800 0.08861700
v 0.85250400 0.10199100 0.08641910
v 0.85228400 0.10193400 0.08373770
v 0.85081700 0.10192200 0.08129240
v 0.84849400 0.10195800 0.07973800
v 0.83671500 0.11324000 0.08601720
v 0.83506400 0.11333400 0.08773810
v 0.83461500 0.11340800 0.09026380
v 0.83548900 0.11344400 0.09291720
v 0.83745100 0.11343100 0.09498800
v 0.83997500 0.11337400 0.09592050
v 0.84238600 0.11328600 0.09546570
v 0.84403600 0.11319300 0.09374420
v 0.84448500 0.11311900 0.09121850
v 0.84361100 0.11308300 0.08856510
v 0.84165000 0.11309600 0.08649430
v 0.83912500 0.11315300 0.08556180
v 0.82768300 0.12444900 0.09286530
v 0.82659600 0.12453600 0.09506320
v 0.82681600 0.12459300 0.09774460
v 0.82828400 0.12460500 0.10019000
v 0.83060600 0.12456900 0.10174400
v 0.83316100 0.12449400 0.10199200
v 0.83526300 0.12440000 0.10086500
v 0.83634900 0.12431300 0.09866680
v 0.83612900 0.12425600 0.09598610
v 0.83466100 0.12424400 0.09354070
v 0.83233900 0.12428100 0.09198580
v 0.82978500 0.12435600 0.09173890
v 0.81890900 0.13565600 0.09998580
v 0.81846000 0.13573100 0.10251200
v 0.81933400 0.13576700 0.10516500
v 0.82129500 0.13575400 0.10723600
v 0.82382000 0.13569600 0.10816800
v 0.82623000 0.13560900 0.10771300
v 0.82788100 0.13551600 0.10599300
v 0.82833000 0.13544100 0.10346700
v 0.82745600 0.13540500 0.10081300
v 0.82549400 0.13541800 0.09874260
v 0.82297000 0.13547600 0.09781010
v 0.82055900 0.13556300 0.09826500
v 0.81044100 0.14685900 0.10731200
v 0.81066100 0.14691600 0.10999200
v 0.81212800 0.14692800 0.11243800
v 0.81445100 0.14689100 0.11399200
v 0.81700500 0.14681600 0.11423900
v 0.81910700 0.14672300 0.11311300
v 0.82019400 0.14663600 0.11091500
v 0.81997400 0.14657900 0.10823400
v 0.81850600 0.14656700 0.10578900
v 0.81618400 0.14660300 0.10423400
v 0.81362900 0.14667800 0.10398700
v 0.81152700 0.14677200 0.10511300
v 0.80643900 0.15533900 0.11584600
v 0.82186200 0.14260500 0.10533600
v 0.80617800 0.15284600 0.11010300
v 0.80452400 0.15210200 0.11000000
v 0.80375200 0.15131100 0.11118300
v 0.80407000 0.15068400 0.11333400
v 0.80539200 0.15038900 0.11587700
v 0.80736400 0.15050600 0.11813100
v 0.80945800 0.15100200 0.11949200
v 0.81111300 0.15174500 0.11959500
v 0.81188400 0.15253700 0.11841300
v 0.81156700 0.15316400 0.11626100
v 0.81024500 0.15345900 0.11371800
v 0.80827200 0.15334200 0.11146400
v 0.77895700 0.17154700 0.12997500
v 0.77770100 0.17075300 0.13053400
v 0.77746600 0.17001900 0.13226000
v 0.77831500 0.16954100 0.13469000
v 0.78002000 0.16944900 0.13717300
v 0.78212500 0.16976600 0.13904500
v 0.78406600 0.17040800 0.13980200
v 0.78532100 0.17120200 0.13924400
v 0.78555700 0.17193600 0.13751800
v 0.78470800 0.17241400 0.13508800
v 0.78300300 0.17250600 0.13260500
v 0.78089800 0.17218900 0.13073300
v 0.75191000 0.19021000 0.15018300
v 0.75113900 0.18941800 0.15136500
v 0.75145600 0.18879100 0.15351700
v 0.75277900 0.18849600 0.15606000
v 0.75475100 0.18861300 0.15831400
v 0.75684500 0.18910900 0.15967500
v 0.75849900 0.18985300 0.15977800
v 0.75927100 0.19064400 0.15859500
v 0.75895300 0.19127100 0.15644400
v 0.75763100 0.19156600 0.15390100
v 0.75565900 0.19144900 0.15164600
v 0.75356500 0.19095300 0.15028600
v 0.72508800 0.20886000 0.17071700
v 0.72485300 0.20812600 0.17244300
v 0.72570200 0.20764900 0.17487300
v 0.72740700 0.20755600 0.17735600
v 0.72951200 0.20787300 0.17922700
v 0.73145200 0.20851500 0.17998500
v 0.73270900 0.20930900 0.17942600
v 0.73294300 0.21004400 0.17770100
v 0.73209500 0.21052100 0.17527000
v 0.73038900 0.21061300 0.17278700
v 0.72828400 0.21029600 0.17091600
v 0.72634400 0.20965400 0.17015800
v 0.69852500 0.22752600 0.19154800
v 0.69884300 0.22689800 0.19369900
v 0.70016500 0.22660400 0.19624300
v 0.70213700 0.22672000 0.19849700
v 0.70423100 0.22721600 0.19985800
v 0.70588600 0.22796000 0.19996000
v 0.70665700 0.22875100 0.19877800
v 0.70634000 0.22937800 0.19662700
v 0.70501700 0.22967300 0.19408400
v 0.70304500 0.22955700 0.19182900
v 0.70095200 0.22906000 0.19046900
v 0.69929700 0.22831700 0.19036500
v 0.67223900 0.24623300 0.21262500
v 0.67308800 0.24575600 0.21505500
v 0.67479400 0.24566400 0.21753900
v 0.67689800 0.24598100 0.21941000
v 0.67883900 0.24662200 0.22016800
v 0.68009500 0.24741700 0.21960900
v 0.68033000 0.24815100 0.21788300
v 0.67948100 0.24862800 0.21545300
v 0.67777600 0.24872100 0.21297000
v 0.67567100 0.24840400 0.21109900
v 0.67373000 0.24776200 0.21034100
v 0.67247500 0.24696700 0.21089900
v 0.66803600 0.25084700 0.22157300
v 0.67514000 0.24903200 0.21670400
v 0.66142100 0.25359600 0.21997900
v 0.66255900 0.25184700 0.21775700
v 0.66475100 0.24999000 0.21669000
v 0.66740900 0.24852300 0.21706500
v 0.66982300 0.24783900 0.21878000
v 0.67134400 0.24812200 0.22137600
v 0.67156600 0.24929400 0.22415800
v 0.67042900 0.25104300 0.22638000
v 0.66823700 0.25290000 0.22744700
v 0.66557800 0.25436700 0.22707300
v 0.66316500 0.25505100 0.22535800
v 0.66164300 0.25476800 0.22276100
v 0.64194800 0.25033500 0.23328600
v 0.64384400 0.24828200 0.23141300
v 0.64660600 0.24639000 0.23101800
v 0.64949400 0.24516500 0.23220800
v 0.65173400 0.24493600 0.23466300
v 0.65272700 0.24576500 0.23772600
v 0.65220600 0.24742800 0.24057500
v 0.65031000 0.24948200 0.24244800
v 0.64754800 0.25137400 0.24284200
v 0.64466000 0.25259900 0.24165200
v 0.64242000 0.25282800 0.23919700
v 0.64142700 0.25199900 0.23613500
v 0.62313400 0.24678100 0.24683400
v 0.62565500 0.24464600 0.24560700
v 0.62871300 0.24295900 0.24603800
v 0.63148800 0.24217200 0.24801000
v 0.63323800 0.24249700 0.25099600
v 0.63349300 0.24384600 0.25419500
v 0.63218500 0.24585700 0.25675000
v 0.62966500 0.24799200 0.25797800
v 0.62660700 0.24967900 0.25754700
v 0.62383200 0.25046600 0.25557400
v 0.62208200 0.25014100 0.25258900
v 0.62182700 0.24879200 0.24938900
v 0.60456900 0.24307500 0.26038400
v 0.60770700 0.24092500 0.25993600
v 0.61098900 0.23953300 0.26128800
v 0.61353600 0.23927300 0.26407800
v 0.61466400 0.24021400 0.26755800
v 0.61407100 0.24210500 0.27079500
v 0.61191700 0.24443800 0.27292400
v 0.60877800 0.24658800 0.27337200
v 0.60549600 0.24798000 0.27202000
v 0.60295100 0.24824000 0.26923000
v 0.60182200 0.24729800 0.26575000
v 0.60241500 0.24540800 0.26251200
v 0.58647300 0.23922900 0.27425500
v 0.59006200 0.23724900 0.27476000
v 0.59332000 0.23632600 0.27707600
v 0.59537400 0.23670700 0.28058100
v 0.59567300 0.23828900 0.28433600
v 0.59413800 0.24065100 0.28733600
v 0.59117900 0.24315700 0.28877600
v 0.58759000 0.24513800 0.28827100
v 0.58433200 0.24606100 0.28595600
v 0.58227700 0.24568000 0.28245100
v 0.58197800 0.24409700 0.27869500
v 0.58351400 0.24173600 0.27569500
v 0.56880900 0.23545900 0.28885300
v 0.57248500 0.23390000 0.29036700
v 0.57533600 0.23360900 0.29349200
v 0.57660000 0.23466300 0.29739000
v 0.57593600 0.23678100 0.30101600
v 0.57352400 0.23939400 0.30340000
v 0.57000900 0.24180200 0.30390200
v 0.56633300 0.24336100 0.30238700
v 0.56348100 0.24365200 0.29926300
v 0.56221800 0.24259800 0.29536500
v 0.56288100 0.24048100 0.29173900
v 0.56529400 0.23786800 0.28935500
v 0.56251900 0.23746500 0.30166500
v 0.97061200 0.02766020 0.27091700
v 0.97500000 0.04978110 0.27023100
v 0.97387200 0.04994590 0.26780600
v 0.97165200 0.05039620 0.26626700
v 0.96893400 0.05101010 0.26602400
v 0.96644700 0.05162460 0.26714500
v 0.96485700 0.05207370 0.26932800
v 0.96459100 0.05223790 0.27198800
v 0.96571900 0.05207320 0.27441300
v 0.96793900 0.05162340 0.27595300
v 0.97065700 0.05100890 0.27619500
v 0.97314300 0.05039450 0.27507400
v 0.97473300 0.04994530 0.27289100
v 0.97451900 0.05268140 0.26909400
v 0.97278600 0.05300000 0.26704200
v 0.97023000 0.05355060 0.26612000
v 0.96753600 0.05418670 0.26657400
v 0.96542600 0.05473680 0.26828400
v 0.96446500 0.05505490 0.27079200
v 0.96491100 0.05505430 0.27342400
v 0.96664400 0.05473620 0.27547600
v 0.96920000 0.05418500 0.27639900
v 0.97189400 0.05354950 0.27594400
v 0.97400400 0.05299880 0.27423400
v 0.97496500 0.05268140 0.27172600
v 0.97325200 0.05576910 0.26812500
v 0.97103200 0.05621880 0.26658600
v 0.96831400 0.05683330 0.26634400
v 0.96582700 0.05744720 0.26746500
v 0.96423800 0.05789640 0.26964800
v 0.96397100 0.05806050 0.27230800
v 0.96510000 0.05789580 0.27473300
v 0.96732000 0.05744610 0.27627300
v 0.97003800 0.05683160 0.27651400
v 0.97252400 0.05621770 0.27539400
v 0.97411400 0.05576800 0.27321000
v 0.97438000 0.05560380 0.27055000
v 0.97148100 0.05898110 0.26739200
v 0.96892500 0.05953170 0.26647000
v 0.96623100 0.06016790 0.26692500
v 0.96412100 0.06071850 0.26863500
v 0.96316000 0.06103600 0.27114200
v 0.96360600 0.06103540 0.27377500
v 0.96533900 0.06071730 0.27582700
v 0.96789500 0.06016610 0.27674900
v 0.97058900 0.05953060 0.27629400
v 0.97269900 0.05898000 0.27458400
v 0.97366000 0.05866250 0.27207700
v 0.97321400 0.05866300 0.26944400
v 0.96935700 0.06228540 0.26695300
v 0.96664000 0.06289990 0.26671100
v 0.96415300 0.06351380 0.26783200
v 0.96256400 0.06396300 0.27001500
v 0.96229700 0.06412710 0.27267500
v 0.96342500 0.06396240 0.27510000
v 0.96564500 0.06351270 0.27664000
v 0.96836300 0.06289820 0.27688200
v 0.97085000 0.06228430 0.27576100
v 0.97244000 0.06183460 0.27357800
v 0.97270600 0.06167040 0.27091800
v 0.97157800 0.06183570 0.26849300
v 0.96698200 0.06566050 0.26685000
v 0.96428800 0.06629660 0.26730500
v 0.96217800 0.06684660 0.26901500
v 0.96121700 0.06716470 0.27152200
v 0.96166300 0.06716410 0.27415400
v 0.96339600 0.06684610 0.27620600
v 0.96595200 0.06629490 0.27712900
v 0.96864700 0.06565930 0.27667400
v 0.97075700 0.06510870 0.27496400
v 0.97171700 0.06479120 0.27245600
v 0.97127200 0.06479120 0.26982400
v 0.96953900 0.06510980 0.26777200
v 0.96447200 0.06908050 0.26710100
v 0.96198500 0.06969440 0.26822200
v 0.96039500 0.07014420 0.27040500
v 0.96012800 0.07030830 0.27306500
v 0.96125700 0.07014300 0.27549000
v 0.96347700 0.06969330 0.27703000
v 0.96619500 0.06907880 0.27727200
v 0.96868100 0.06846490 0.27615100
v 0.97027100 0.06801570 0.27396800
v 0.97053800 0.06785160 0.27130800
v 0.96941000 0.06801630 0.26888300
v 0.96719000 0.06846600 0.26734300
v 0.96191200 0.07252510 0.26770400
v 0.95980200 0.07307570 0.26941400
v 0.95884100 0.07339320 0.27192100
v 0.95928700 0.07339320 0.27455300
v 0.96102000 0.07307460 0.27660500
v 0.96357600 0.07252390 0.27752800
v 0.96627000 0.07188780 0.27707300
v 0.96838100 0.07133780 0.27536300
v 0.96934100 0.07101970 0.27285600
v 0.96889500 0.07102030 0.27022400
v 0.96716200 0.07133830 0.26817200
v 0.96460600 0.07188950 0.26724900
v 0.95940100 0.07597190 0.26863100
v 0.95781100 0.07642110 0.27081400
v 0.95754400 0.07658530 0.27347400
v 0.95867200 0.07642050 0.27589900
v 0.96089200 0.07597020 0.27743800
v 0.96361000 0.07535630 0.27768000
v 0.96609700 0.07474180 0.27656000
v 0.96768700 0.07429270 0.27437700
v 0.96795400 0.07412850 0.27171600
v 0.96682500 0.07429320 0.26929200
v 0.96460500 0.07474300 0.26775200
v 0.96188800 0.07535750 0.26751000
v 0.95699200 0.07940510 0.26983300
v 0.95603100 0.07972260 0.27234000
v 0.95647600 0.07972260 0.27497200
v 0.95821000 0.07940400 0.27702500
v 0.96076600 0.07885330 0.27794700
v 0.96346000 0.07821720 0.27749200
v 0.96557000 0.07766710 0.27578200
v 0.96653100 0.07734910 0.27327500
v 0.96608500 0.07734960 0.27064300
v 0.96435200 0.07766770 0.26859100
v 0.96179600 0.07821890 0.26766800
v 0.95910200 0.07885450 0.26812300
v 0.95473300 0.08281200 0.27124500
v 0.95446600 0.08297680 0.27390500
v 0.95559400 0.08281150 0.27633000
v 0.95781400 0.08236170 0.27787000
v 0.96053200 0.08174730 0.27811100
v 0.96301900 0.08113340 0.27699100
v 0.96460900 0.08068360 0.27480800
v 0.96487500 0.08051950 0.27214700
v 0.96374700 0.08068480 0.26972300
v 0.96152700 0.08113450 0.26818300
v 0.95880900 0.08174900 0.26794100
v 0.95632200 0.08236290 0.26906200
v 0.95258300 0.08619960 0.27278800
v 0.95302900 0.08619900 0.27542000
v 0.95476200 0.08588100 0.27747200
v 0.95731800 0.08532980 0.27839500
v 0.96001200 0.08469420 0.27794000
v 0.96212200 0.08414360 0.27623000
v 0.96308300 0.08382610 0.27372300
v 0.96263800 0.08382610 0.27109100
v 0.96090400 0.08414470 0.26903900
v 0.95834800 0.08469530 0.26811600
v 0.95565400 0.08533150 0.26857100
v 0.95354400 0.08588150 0.27028100
v 0.95033300 0.08961170 0.27438400
v 0.95146100 0.08944690 0.27680900
v 0.95368100 0.08899660 0.27834900
v 0.95639900 0.08838270 0.27859100
v 0.95888600 0.08776830 0.27747000
v 0.96047600 0.08731910 0.27528700
v 0.96074200 0.08715490 0.27262700
v 0.95961400 0.08731970 0.27020200
v 0.95739400 0.08777000 0.26866200
v 0.95467600 0.08838390 0.26842000
v 0.95218900 0.08899830 0.26954100
v 0.95060000 0.08944750 0.27172400
v 0.95407400 0.09199370 0.27388500
v 0.95889000 0.08533550 0.27373300
v 0.95515300 0.09083090 0.26893500
v 0.95280700 0.09091810 0.26822100
v 0.95054700 0.09101100 0.26898200
v 0.94897900 0.09108570 0.27101200
v 0.94852400 0.09112160 0.27376900
v 0.94930300 0.09110910 0.27651300
v 0.95110800 0.09105090 0.27850900
v 0.95345500 0.09096370 0.27922200
v 0.95571500 0.09087030 0.27846100
v 0.95728300 0.09079620 0.27643100
v 0.95773800 0.09076020 0.27367500
v 0.95695900 0.09077280 0.27093100
v 0.94401400 0.10203300 0.27008200
v 0.94162900 0.10212700 0.27010600
v 0.93964800 0.10221300 0.27155000
v 0.93860100 0.10227100 0.27402800
v 0.93876900 0.10228200 0.27687500
v 0.94010600 0.10224600 0.27932900
v 0.94225600 0.10217100 0.28073100
v 0.94464100 0.10207800 0.28070700
v 0.94662200 0.10199100 0.27926200
v 0.94766900 0.10193400 0.27678400
v 0.94750200 0.10192200 0.27393800
v 0.94616400 0.10195800 0.27148400
v 0.93281500 0.11324000 0.27159100
v 0.93055500 0.11333400 0.27235100
v 0.92898800 0.11340800 0.27438200
v 0.92853200 0.11344400 0.27713800
v 0.92931200 0.11343100 0.27988200
v 0.93111700 0.11337400 0.28187800
v 0.93346300 0.11328600 0.28259200
v 0.93572400 0.11319300 0.28183100
v 0.93729200 0.11311900 0.27980100
v 0.93774600 0.11308300 0.27704400
v 0.93696700 0.11309600 0.27430000
v 0.93516200 0.11315300 0.27230400
v 0.92163800 0.12444900 0.27347500
v 0.91965700 0.12453600 0.27492000
v 0.91861000 0.12459300 0.27739800
v 0.91877800 0.12460500 0.28024500
v 0.92011500 0.12456900 0.28269800
v 0.92226400 0.12449400 0.28410100
v 0.92464900 0.12440000 0.28407700
v 0.92663100 0.12431300 0.28263200
v 0.92767800 0.12425600 0.28015400
v 0.92751000 0.12424400 0.27730700
v 0.92617200 0.12428100 0.27485300
v 0.92402300 0.12435600 0.27345100
v 0.91056400 0.13565600 0.27572100
v 0.90899600 0.13573100 0.27775100
v 0.90854100 0.13576700 0.28050800
v 0.90932000 0.13575400 0.28325100
v 0.91112500 0.13569600 0.28524700
v 0.91347200 0.13560900 0.28596100
v 0.91573200 0.13551600 0.28520100
v 0.91730000 0.13544100 0.28317000
v 0.91775500 0.13540500 0.28041400
v 0.91697600 0.13541800 0.27767000
v 0.91517100 0.13547600 0.27567400
v 0.91282400 0.13556300 0.27496000
v 0.89966500 0.14685900 0.27828900
v 0.89861800 0.14691600 0.28076700
v 0.89878600 0.14692800 0.28361400
v 0.90012400 0.14689100 0.28606800
v 0.90227300 0.14681600 0.28747000
v 0.90465800 0.14672300 0.28744600
v 0.90663900 0.14663600 0.28600100
v 0.90768600 0.14657900 0.28352400
v 0.90751900 0.14656700 0.28067600
v 0.90618100 0.14660300 0.27822300
v 0.90403200 0.14667800 0.27682000
v 0.90164700 0.14677200 0.27684500
v 0.89216500 0.15533900 0.28399800
v 0.91070200 0.14260500 0.28183000
v 0.89459500 0.15284600 0.27878900
v 0.89317600 0.15210200 0.27793100
v 0.89194500 0.15131100 0.27862100
v 0.89122900 0.15068400 0.28067500
v 0.89122300 0.15038900 0.28354100
v 0.89192600 0.15050600 0.28645200
v 0.89315200 0.15100200 0.28862900
v 0.89457000 0.15174500 0.28948600
v 0.89580200 0.15253700 0.28879600
v 0.89651700 0.15316400 0.28674200
v 0.89652300 0.15345900 0.28387600
v 0.89582000 0.15334200 0.28096400
v 0.86126400 0.17154700 0.28378800
v 0.85989300 0.17075300 0.28370100
v 0.85888500 0.17001900 0.28512200
v 0.85851100 0.16954100 0.28766900
v 0.85887200 0.16944900 0.29066000
v 0.85987100 0.16976600 0.29329300
v 0.86123900 0.17040800 0.29486400
v 0.86261100 0.17120200 0.29495000
v 0.86361800 0.17193600 0.29353000
v 0.86399200 0.17241400 0.29098300
v 0.86363200 0.17250600 0.28799200
v 0.86263300 0.17218900 0.28535900
v 0.82793400 0.19021000 0.28916500
v 0.82670200 0.18941800 0.28985500
v 0.82598700 0.18879100 0.29190900
v 0.82598000 0.18849600 0.29477600
v 0.82668400 0.18861300 0.29768700
v 0.82790900 0.18910900 0.29986300
v 0.82932700 0.18985300 0.30072100
v 0.83055900 0.19064400 0.30003100
v 0.83127500 0.19127100 0.29797700
v 0.83128100 0.19156600 0.29511000
v 0.83057700 0.19144900 0.29219900
v 0.82935200 0.19095300 0.29002300
v 0.79465000 0.20886000 0.29493600
v 0.79364200 0.20812600 0.29635600
v 0.79326900 0.20764900 0.29890300
v 0.79362900 0.20755600 0.30189400
v 0.79462800 0.20787300 0.30452800
v 0.79599600 0.20851500 0.30609800
v 0.79736800 0.20930900 0.30618500
v 0.79837600 0.21004400 0.30476400
v 0.79875000 0.21052100 0.30221700
v 0.79838900 0.21061300 0.29922700
v 0.79739000 0.21029600 0.29659300
v 0.79602200 0.20965400 0.29502300
v 0.76145900 0.22752600 0.30109000
v 0.76074400 0.22689800 0.30314400
v 0.76073800 0.22660400 0.30601000
v 0.76144100 0.22672000 0.30892200
v 0.76266600 0.22721600 0.31109800
v 0.76408500 0.22796000 0.31195600
v 0.76531600 0.22875100 0.31126500
v 0.76603100 0.22937800 0.30921100
v 0.76603800 0.22967300 0.30634500
v 0.76533500 0.22955700 0.30343400
v 0.76410900 0.22906000 0.30125700
v 0.76269100 0.22831700 0.30040000
v 0.72839900 0.24623300 0.30759100
v 0.72802600 0.24575600 0.31013800
v 0.72838700 0.24566400 0.31312900
v 0.72938500 0.24598100 0.31576200
v 0.73075300 0.24662200 0.31733300
v 0.73212500 0.24741700 0.31741900
v 0.73313300 0.24815100 0.31599900
v 0.73350700 0.24862800 0.31345200
v 0.73314600 0.24872100 0.31046100
v 0.73214800 0.24840400 0.30782800
v 0.73077900 0.24776200 0.30625700
v 0.72940700 0.24696700 0.30617000
v 0.72052900 0.25084700 0.31357300
v 0.72908100 0.24903200 0.31254900
v 0.71540600 0.25359600 0.30909600
v 0.71744300 0.25184700 0.30765400
v 0.71988000 0.24999000 0.30772400
v 0.72206200 0.24852300 0.30928700
v 0.72340700 0.24783900 0.31192500
v 0.72355200 0.24812200 0.31493100
v 0.72246000 0.24929400 0.31749900
v 0.72042300 0.25104300 0.31894100
v 0.71798600 0.25290000 0.31887100
v 0.71580300 0.25436700 0.31730800
v 0.71445900 0.25505100 0.31467000
v 0.71431300 0.25476800 0.31166400
v 0.69198300 0.25033500 0.31186600
v 0.69453100 0.24828200 0.31108500
v 0.69716100 0.24639000 0.31201500
v 0.69917000 0.24516500 0.31440700
v 0.70001800 0.24493600 0.31762100
v 0.69947900 0.24576500 0.32079500
v 0.69769600 0.24742800 0.32307800
v 0.69514900 0.24948200 0.32386000
v 0.69251800 0.25137400 0.32293000
v 0.69051000 0.25259900 0.32053700
v 0.68966200 0.25282800 0.31732400
v 0.69020100 0.25199900 0.31415000
v 0.66903400 0.24678100 0.31515700
v 0.67183600 0.24464600 0.31523700
v 0.67434600 0.24295900 0.31703500
v 0.67589200 0.24217200 0.32006900
v 0.67605900 0.24249700 0.32352500
v 0.67480300 0.24384600 0.32647900
v 0.67246000 0.24585700 0.32813800
v 0.66965800 0.24799200 0.32805700
v 0.66714800 0.24967900 0.32625900
v 0.66560200 0.25046600 0.32322500
v 0.66543500 0.25014100 0.31976900
v 0.66669100 0.24879200 0.31681500
v 0.64630300 0.24307500 0.31856300
v 0.64929200 0.24092500 0.31962000
v 0.65157400 0.23953300 0.32233900
v 0.65253800 0.23927300 0.32599100
v 0.65192600 0.24021400 0.32959700
v 0.64990000 0.24210500 0.33219200
v 0.64700500 0.24443800 0.33308000
v 0.64401600 0.24658800 0.33202300
v 0.64173400 0.24798000 0.32930500
v 0.64077100 0.24824000 0.32565300
v 0.64138300 0.24729800 0.32204600
v 0.64340800 0.24540800 0.31945100
v 0.62384000 0.23922900 0.32247200
v 0.62678700 0.23724900 0.32458200
v 0.62860100 0.23632600 0.32814400
v 0.62879800 0.23670700 0.33220200
v 0.62732300 0.23828900 0.33566900
v 0.62457300 0.24065100 0.33761600
v 0.62128300 0.24315700 0.33752100
v 0.61833600 0.24513800 0.33541100
v 0.61652100 0.24606100 0.33184900
v 0.61632500 0.24568000 0.32779100
v 0.61780000 0.24409700 0.32432400
v 0.62055100 0.24173600 0.32237700
v 0.60142300 0.23545900 0.32722500
v 0.60397900 0.23390000 0.33027000
v 0.60505800 0.23360900 0.33436000
v 0.60437200 0.23466300 0.33840000
v 0.60210400 0.23678100 0.34130600
v 0.59886200 0.23939400 0.34230100
v 0.59551400 0.24180200 0.34111700
v 0.59295800 0.24336100 0.33807200
v 0.59187900 0.24365200 0.33398200
v 0.59256500 0.24259800 0.32994300
v 0.59483300 0.24048100 0.32703600
v 0.59807500 0.23786800 0.32604200
v 0.58991300 0.23746500 0.33566500
v 0.92953600 0.04132160 0.55482200
v 0.94165800 0.08348180 0.56074500
v 0.94209100 0.08351770 0.55809000
v 0.94103100 0.08361690 0.55548000
v 0.93876100 0.08375080 0.55361300
v 0.93588900 0.08388540 0.55299200
v 0.93318600 0.08398340 0.55378200
v 0.93137500 0.08401870 0.55577000
v 0.93094200 0.08398230 0.55842500
v 0.93200200 0.08388370 0.56103600
v 0.93427300 0.08374910 0.56290200
v 0.93714500 0.08361520 0.56352300
v 0.93984800 0.08351710 0.56273300
v 0.94286100 0.08868430 0.55999200
v 0.94253600 0.08875380 0.55726700
v 0.94081200 0.08887470 0.55494900
v 0.93815100 0.08901370 0.55366200
v 0.93526500 0.08913400 0.55374900
v 0.93292800 0.08920300 0.55518700
v 0.93176700 0.08920300 0.55759100
v 0.93209200 0.08913290 0.56031700
v 0.93381600 0.08901200 0.56263400
v 0.93647800 0.08887290 0.56392100
v 0.93936400 0.08875270 0.56383400
v 0.94170000 0.08868370 0.56239600
v 0.94326600 0.09392780 0.55889300
v 0.94220600 0.09402640 0.55628300
v 0.93993500 0.09416090 0.55441600
v 0.93706400 0.09429490 0.55379500
v 0.93436100 0.09439290 0.55458500
v 0.93255000 0.09442880 0.55657300
v 0.93211700 0.09439230 0.55922800
v 0.93317800 0.09429370 0.56183900
v 0.93544800 0.09415920 0.56370500
v 0.93832000 0.09402470 0.56432600
v 0.94102300 0.09392660 0.56353700
v 0.94283400 0.09389130 0.56154800
v 0.94308400 0.09919870 0.55767400
v 0.94136000 0.09931890 0.55535600
v 0.93869800 0.09945800 0.55406900
v 0.93581200 0.09957830 0.55415600
v 0.93347600 0.09964780 0.55559400
v 0.93231500 0.09964730 0.55799800
v 0.93264000 0.09957710 0.56072400
v 0.93436400 0.09945630 0.56304100
v 0.93702500 0.09931720 0.56432800
v 0.93991100 0.09919750 0.56424100
v 0.94224800 0.09912800 0.56280300
v 0.94340900 0.09912850 0.56039900
v 0.94241600 0.10448900 0.55647700
v 0.94014600 0.10462400 0.55461000
v 0.93727400 0.10475800 0.55398900
v 0.93457100 0.10485600 0.55477800
v 0.93276000 0.10489100 0.55676700
v 0.93232700 0.10485500 0.55942200
v 0.93338800 0.10475600 0.56203300
v 0.93565800 0.10462200 0.56389900
v 0.93853000 0.10448800 0.56452000
v 0.94123300 0.10439000 0.56373000
v 0.94304400 0.10435400 0.56174200
v 0.94347700 0.10439100 0.55908700
v 0.94132500 0.10979600 0.55539600
v 0.93866300 0.10993500 0.55410800
v 0.93577800 0.11005500 0.55419500
v 0.93344100 0.11012400 0.55563300
v 0.93228000 0.11012400 0.55803700
v 0.93260400 0.11005400 0.56076200
v 0.93432900 0.10993300 0.56307900
v 0.93699100 0.10979400 0.56436700
v 0.93987600 0.10967400 0.56428000
v 0.94221300 0.10960500 0.56284200
v 0.94337400 0.10960500 0.56043800
v 0.94304900 0.10967500 0.55771200
v 0.93990400 0.11511200 0.55451900
v 0.93703200 0.11524600 0.55389700
v 0.93432900 0.11534400 0.55468700
v 0.93251800 0.11538000 0.55667500
v 0.93208600 0.11534300 0.55933100
v 0.93314700 0.11524500 0.56194100
v 0.93541700 0.11511000 0.56380700
v 0.93828800 0.11497600 0.56442800
v 0.94099100 0.11487800 0.56363900
v 0.94280200 0.11484200 0.56165000
v 0.94323500 0.11487900 0.55899500
v 0.94217400 0.11497700 0.55638500
v 0.93823100 0.12043300 0.55389600
v 0.93534600 0.12055400 0.55398300
v 0.93300900 0.12062300 0.55542100
v 0.93184700 0.12062200 0.55782500
v 0.93217200 0.12055200 0.56055100
v 0.93389700 0.12043200 0.56286800
v 0.93655800 0.12029300 0.56415500
v 0.93944400 0.12017200 0.56406800
v 0.94178000 0.12010300 0.56263000
v 0.94294200 0.12010400 0.56022600
v 0.94261700 0.12017400 0.55750100
v 0.94089300 0.12029400 0.55518400
v 0.93641000 0.12575500 0.55356500
v 0.93370600 0.12585300 0.55435500
v 0.93189600 0.12588900 0.55634400
v 0.93146300 0.12585200 0.55899900
v 0.93252300 0.12575400 0.56160900
v 0.93479400 0.12561900 0.56347500
v 0.93766600 0.12548500 0.56409600
v 0.94036900 0.12538700 0.56330700
v 0.94217900 0.12535100 0.56131800
v 0.94261200 0.12538800 0.55866300
v 0.94155100 0.12548600 0.55605200
v 0.93928100 0.12562100 0.55418700
v 0.93451600 0.13107400 0.55352100
v 0.93218000 0.13114300 0.55495900
v 0.93101800 0.13114300 0.55736300
v 0.93134400 0.13107300 0.56008900
v 0.93306800 0.13095200 0.56240500
v 0.93572900 0.13081300 0.56369300
v 0.93861500 0.13069300 0.56360600
v 0.94095200 0.13062400 0.56216800
v 0.94211300 0.13062400 0.55976400
v 0.94178800 0.13069400 0.55703800
v 0.94006400 0.13081500 0.55472100
v 0.93740200 0.13095400 0.55343400
v 0.93263200 0.13638700 0.55373800
v 0.93082100 0.13642300 0.55572600
v 0.93038900 0.13638600 0.55838100
v 0.93145000 0.13628800 0.56099200
v 0.93372000 0.13615300 0.56285800
v 0.93659100 0.13601900 0.56347900
v 0.93929400 0.13592100 0.56269000
v 0.94110500 0.13588500 0.56070100
v 0.94153800 0.13592200 0.55804600
v 0.94047700 0.13602100 0.55543500
v 0.93820700 0.13615500 0.55356900
v 0.93533500 0.13628900 0.55294800
v 0.93076700 0.14169600 0.55412800
v 0.92960600 0.14169600 0.55653200
v 0.92993100 0.14162600 0.55925800
v 0.93165500 0.14150500 0.56157500
v 0.93431700 0.14136600 0.56286200
v 0.93720300 0.14124600 0.56277500
v 0.93953900 0.14117700 0.56133700
v 0.94070100 0.14117700 0.55893300
v 0.94037600 0.14124700 0.55620700
v 0.93865200 0.14136800 0.55389100
v 0.93599000 0.14150700 0.55260300
v 0.93310400 0.14162700 0.55269000
v 0.92878200 0.14701000 0.55450000
v 0.92834900 0.14697400 0.55715500
v 0.92941000 0.14687500 0.55976500
v 0.93168000 0.14674100 0.56163100
v 0.93455200 0.14660600 0.56225200
v 0.93725500 0.14650800 0.56146300
v 0.93906500 0.14647300 0.55947400
v 0.93949900 0.14650900 0.55681900
v 0.93843800 0.14660800 0.55420800
v 0.93616800 0.14674200 0.55234300
v 0.93329600 0.14687700 0.55172200
v 0.93059300 0.14697500 0.55251100
v 0.93350000 0.15278500 0.55692700
v 0.93599400 0.14238900 0.55885800
v 0.93714400 0.15136600 0.55346700
v 0.93533900 0.15070200 0.55137800
v 0.93272800 0.14998900 0.55053000
v 0.93001200 0.14941900 0.55115000
v 0.92791800 0.14914300 0.55307200
v 0.92700600 0.14923700 0.55578100
v 0.92752300 0.14967400 0.55855100
v 0.92932800 0.15033800 0.56064000
v 0.93193900 0.15105000 0.56148700
v 0.93465500 0.15162100 0.56086700
v 0.93674900 0.15189600 0.55894500
v 0.93766000 0.15180300 0.55623700
v 0.92947900 0.16768100 0.54895400
v 0.92719300 0.16696800 0.54743300
v 0.92443600 0.16630400 0.54731500
v 0.92194500 0.16586600 0.54863100
v 0.92039000 0.16577200 0.55102800
v 0.92018600 0.16604700 0.55386500
v 0.92138700 0.16661600 0.55638000
v 0.92367300 0.16732900 0.55790000
v 0.92643000 0.16799300 0.55801800
v 0.92892000 0.16843100 0.55670200
v 0.93047600 0.16852500 0.55430500
v 0.93068100 0.16825100 0.55146800
v 0.92153800 0.18396000 0.54469300
v 0.91892800 0.18324700 0.54384600
v 0.91621100 0.18267700 0.54446600
v 0.91411700 0.18240100 0.54638800
v 0.91320600 0.18249400 0.54909700
v 0.91372200 0.18293200 0.55186600
v 0.91552700 0.18359500 0.55395500
v 0.91813800 0.18430800 0.55480300
v 0.92085400 0.18487800 0.55418300
v 0.92294800 0.18515400 0.55226100
v 0.92385900 0.18506000 0.54955200
v 0.92334300 0.18462300 0.54678200
v 0.91339200 0.20022600 0.54074900
v 0.91063500 0.19956200 0.54063100
v 0.90814500 0.19912400 0.54194700
v 0.90658900 0.19903000 0.54434400
v 0.90638500 0.19930400 0.54718000
v 0.90758600 0.19987400 0.54969500
v 0.90987200 0.20058700 0.55121500
v 0.91263000 0.20125100 0.55133300
v 0.91511900 0.20168900 0.55001700
v 0.91667600 0.20178300 0.54762000
v 0.91688000 0.20150800 0.54478400
v 0.91567800 0.20093800 0.54226900
v 0.90512700 0.21650500 0.53716100
v 0.90241100 0.21593400 0.53778100
v 0.90031600 0.21565900 0.53970300
v 0.89940500 0.21575200 0.54241200
v 0.89992100 0.21618900 0.54518200
v 0.90172600 0.21685300 0.54727100
v 0.90433700 0.21756600 0.54811800
v 0.90705300 0.21813600 0.54749900
v 0.90914700 0.21841100 0.54557700
v 0.91005900 0.21831800 0.54286800
v 0.90954200 0.21788100 0.54009800
v 0.90773700 0.21721700 0.53800900
v 0.89683400 0.23282000 0.53394700
v 0.89434400 0.23238200 0.53526200
v 0.89278800 0.23228700 0.53765900
v 0.89258400 0.23256200 0.54049600
v 0.89378600 0.23313200 0.54301100
v 0.89607100 0.23384500 0.54453100
v 0.89882900 0.23450900 0.54464900
v 0.90131900 0.23494600 0.54333300
v 0.90287400 0.23504000 0.54093600
v 0.90307900 0.23476600 0.53810000
v 0.90187800 0.23419600 0.53558500
v 0.89959200 0.23348400 0.53406400
v 0.88900400 0.24521200 0.53502500
v 0.90391300 0.22889400 0.54329100
v 0.89365900 0.24187300 0.53201900
v 0.89255700 0.24004000 0.53028400
v 0.89068300 0.23809300 0.52990600
v 0.88853800 0.23655300 0.53098600
v 0.88669900 0.23583100 0.53323500
v 0.88565700 0.23612200 0.53605000
v 0.88569200 0.23734700 0.53867700
v 0.88679300 0.23917900 0.54041200
v 0.88866800 0.24112600 0.54079000
v 0.89081200 0.24266700 0.53971000
v 0.89265100 0.24338900 0.53746100
v 0.89369300 0.24309800 0.53464600
v 0.86477000 0.26346600 0.51735500
v 0.86322900 0.26150900 0.51626100
v 0.86114900 0.25970400 0.51662500
v 0.85908800 0.25853200 0.51834800
v 0.85759600 0.25830900 0.52097000
v 0.85707400 0.25909500 0.52378600
v 0.85766200 0.26067700 0.52604400
v 0.85920300 0.26263300 0.52713800
v 0.86128300 0.26443900 0.52677400
v 0.86334500 0.26561000 0.52505100
v 0.86483700 0.26583300 0.52243000
v 0.86535800 0.26504800 0.51961300
v 0.83563900 0.28496300 0.50298700
v 0.83376500 0.28301600 0.50260900
v 0.83162100 0.28147500 0.50369000
v 0.82978100 0.28075400 0.50593800
v 0.82873900 0.28104500 0.50875400
v 0.82877400 0.28227000 0.51138000
v 0.82987600 0.28410200 0.51311500
v 0.83175000 0.28604900 0.51349300
v 0.83389400 0.28759000 0.51241300
v 0.83573400 0.28831200 0.51016400
v 0.83677600 0.28802100 0.50734900
v 0.83674100 0.28679500 0.50472300
v 0.80631100 0.30643200 0.48896500
v 0.80423200 0.30462700 0.48932800
v 0.80217000 0.30345500 0.49105100
v 0.80067800 0.30323200 0.49367300
v 0.80015700 0.30401800 0.49649000
v 0.80074500 0.30560000 0.49874800
v 0.80228600 0.30755600 0.49984200
v 0.80436600 0.30936200 0.49947800
v 0.80642800 0.31053300 0.49775500
v 0.80791900 0.31075600 0.49513300
v 0.80844100 0.30997100 0.49231600
v 0.80785200 0.30838800 0.49005800
v 0.77684700 0.32793900 0.47531300
v 0.77470300 0.32639800 0.47639300
v 0.77286400 0.32567600 0.47864200
v 0.77182200 0.32596800 0.48145700
v 0.77185600 0.32719300 0.48408400
v 0.77295900 0.32902500 0.48581900
v 0.77483300 0.33097200 0.48619700
v 0.77697700 0.33251300 0.48511600
v 0.77881600 0.33323500 0.48286800
v 0.77985800 0.33294400 0.48005300
v 0.77982300 0.33171800 0.47742600
v 0.77872100 0.32988600 0.47569100
v 0.74731400 0.34955000 0.46203200
v 0.74525200 0.34837800 0.46375500
v 0.74376000 0.34815500 0.46637600
v 0.74323900 0.34894100 0.46919300
v 0.74382800 0.35052300 0.47145100
v 0.74536800 0.35247900 0.47254500
v 0.74744800 0.35428500 0.47218100
v 0.74951000 0.35545600 0.47045800
v 0.75100200 0.35567900 0.46783700
v 0.75152300 0.35489400 0.46502000
v 0.75093500 0.35331100 0.46276200
v 0.74939400 0.35135500 0.46166800
v 0.73765600 0.35471000 0.46245600
v 0.74591900 0.35461600 0.46691400
v 0.73634500 0.35812700 0.45597000
v 0.73859300 0.35576900 0.45585500
v 0.74027700 0.35326700 0.45719700
v 0.74094300 0.35129100 0.45963600
v 0.74041500 0.35037100 0.46251800
v 0.73883300 0.35075400 0.46507300
v 0.73662100 0.35233600 0.46661300
v 0.73437200 0.35469400 0.46672900
v 0.73268900 0.35719600 0.46538700
v 0.73202300 0.35917100 0.46294800
v 0.73255100 0.36009100 0.46006500
v 0.73413300 0.35970900 0.45751200
v 0.71095300 0.34332200 0.44239100
v 0.71319200 0.34055500 0.44308900
v 0.71453000 0.33800500 0.44524200
v 0.71460900 0.33635700 0.44827200
v 0.71340700 0.33605100 0.45136800
v 0.71124700 0.33716900 0.45369900
v 0.70870700 0.33941200 0.45464300
v 0.70646900 0.34217900 0.45394400
v 0.70513000 0.34472900 0.45179100
v 0.70505200 0.34637700 0.44876100
v 0.70625300 0.34668400 0.44566600
v 0.70841400 0.34556600 0.44333400
v 0.68560500 0.32812100 0.42948900
v 0.68754000 0.32524400 0.43103200
v 0.68830700 0.32297200 0.43383700
v 0.68769900 0.32191400 0.43715200
v 0.68588000 0.32235400 0.44008900
v 0.68333700 0.32417300 0.44186100
v 0.68075000 0.32688400 0.44199400
v 0.67881500 0.32976200 0.44045100
v 0.67804800 0.33203400 0.43764600
v 0.67865600 0.33309200 0.43433100
v 0.68047500 0.33265200 0.43139400
v 0.68301900 0.33083300 0.42962200
v 0.66034500 0.31271600 0.41679900
v 0.66186500 0.30981800 0.41924500
v 0.66195500 0.30794500 0.42268900
v 0.66059000 0.30759700 0.42620600
v 0.65813500 0.30886800 0.42885600
v 0.65524900 0.31141700 0.42992800
v 0.65270500 0.31456200 0.42913400
v 0.65118400 0.31745900 0.42668800
v 0.65109500 0.31933300 0.42324400
v 0.65246000 0.31968000 0.41972700
v 0.65491500 0.31840900 0.41707700
v 0.65780100 0.31586000 0.41600500
v 0.63499400 0.29712300 0.40466300
v 0.63589400 0.29445600 0.40795500
v 0.63518100 0.29321400 0.41184700
v 0.63304500 0.29373000 0.41529500
v 0.63005900 0.29586500 0.41737500
v 0.62702300 0.29904800 0.41753100
v 0.62475100 0.30242600 0.41572000
v 0.62385100 0.30509300 0.41242700
v 0.62456400 0.30633500 0.40853500
v 0.62670000 0.30581900 0.40508800
v 0.62968600 0.30368400 0.40300700
v 0.63272100 0.30050000 0.40285200
v 0.60920100 0.28163200 0.39324800
v 0.60930200 0.27953300 0.39710500
v 0.60777200 0.27914400 0.40104500
v 0.60502300 0.28056700 0.40401200
v 0.60179100 0.28342200 0.40521300
v 0.59894100 0.28694400 0.40432400
v 0.59723800 0.29018900 0.40158400
v 0.59713800 0.29228800 0.39772700
v 0.59866700 0.29267700 0.39378800
v 0.60141700 0.29125400 0.39082000
v 0.60464900 0.28839800 0.38962000
v 0.60749800 0.28487600 0.39050800
v 0.59366200 0.28051900 0.39284700
v 0.76131300 0.04156280 0.76402500
v 0.77138100 0.09708160 0.78075600
v 0.77317000 0.09703260 0.77873200
v 0.77364700 0.09689700 0.77587500
v 0.77268400 0.09671170 0.77295000
v 0.77054000 0.09652590 0.77074100
v 0.76778800 0.09638970 0.76984100
v 0.76516600 0.09633950 0.77048900
v 0.76337700 0.09638850 0.77251300
v 0.76290000 0.09652420 0.77537100
v 0.76386200 0.09670940 0.77829600
v 0.76600700 0.09689520 0.78050400
v 0.76875900 0.09703150 0.78140500
v 0.77315900 0.10381900 0.78137400
v 0.77433200 0.10372300 0.77884700
v 0.77408000 0.10355800 0.77585400
v 0.77247200 0.10336500 0.77319600
v 0.76993800 0.10319800 0.77158700
v 0.76715600 0.10310200 0.77145600
v 0.76487200 0.10310200 0.77283900
v 0.76369900 0.10319700 0.77536600
v 0.76395100 0.10336300 0.77835900
v 0.76555900 0.10355500 0.78101700
v 0.76809400 0.10372200 0.78262700
v 0.77087500 0.10381900 0.78275700
v 0.77443400 0.11050000 0.78122700
v 0.77491100 0.11036500 0.77837000
v 0.77394800 0.11017900 0.77544500
v 0.77180400 0.10999300 0.77323600
v 0.76905200 0.10985700 0.77233600
v 0.76643000 0.10980700 0.77298400
v 0.76464000 0.10985600 0.77500800
v 0.76416300 0.10999200 0.77786600
v 0.76512600 0.11017700 0.78079100
v 0.76727000 0.11036300 0.78299900
v 0.77002200 0.11049900 0.78390000
v 0.77264400 0.11054900 0.78325100
v 0.77526600 0.11714300 0.78063500
v 0.77501500 0.11697700 0.77764300
v 0.77340600 0.11678500 0.77498500
v 0.77087100 0.11661800 0.77337600
v 0.76809000 0.11652200 0.77324500
v 0.76580700 0.11652100 0.77462900
v 0.76463300 0.11661700 0.77715600
v 0.76488400 0.11678300 0.78014900
v 0.76649300 0.11697500 0.78280600
v 0.76902800 0.11714200 0.78441600
v 0.77180900 0.11723800 0.78454600
v 0.77409200 0.11723900 0.78316200
v 0.77566700 0.12375900 0.77977900
v 0.77470500 0.12357300 0.77685400
v 0.77256000 0.12338700 0.77464600
v 0.76980800 0.12325100 0.77374500
v 0.76718600 0.12320100 0.77439300
v 0.76539700 0.12325000 0.77641700
v 0.76492000 0.12338600 0.77927500
v 0.76588200 0.12357100 0.78220000
v 0.76802700 0.12375700 0.78440800
v 0.77077900 0.12389300 0.78530900
v 0.77340100 0.12394300 0.78466100
v 0.77519000 0.12389400 0.78263600
v 0.77564200 0.13035200 0.77877600
v 0.77403400 0.13016000 0.77611900
v 0.77149900 0.12999400 0.77450900
v 0.76871700 0.12989700 0.77437800
v 0.76643400 0.12989700 0.77576200
v 0.76526100 0.12999200 0.77828900
v 0.76551200 0.13015800 0.78128200
v 0.76712100 0.13035100 0.78393900
v 0.76965500 0.13051700 0.78554900
v 0.77243700 0.13061400 0.78567900
v 0.77472000 0.13061400 0.78429600
v 0.77589400 0.13051900 0.78176900
v 0.77522400 0.13693300 0.77775500
v 0.77307900 0.13674700 0.77554600
v 0.77032700 0.13661100 0.77464600
v 0.76770500 0.13656000 0.77529400
v 0.76591600 0.13661000 0.77731900
v 0.76543900 0.13674500 0.78017600
v 0.76640100 0.13693100 0.78310100
v 0.76854600 0.13711600 0.78530900
v 0.77129800 0.13725300 0.78621000
v 0.77392000 0.13730300 0.78556100
v 0.77570900 0.13725400 0.78353700
v 0.77618600 0.13711800 0.78068000
v 0.77445300 0.14350500 0.77680600
v 0.77191800 0.14333900 0.77519600
v 0.76913600 0.14324200 0.77506500
v 0.76685300 0.14324200 0.77644900
v 0.76568000 0.14333700 0.77897600
v 0.76593100 0.14350300 0.78196900
v 0.76754000 0.14369600 0.78462600
v 0.77007400 0.14386200 0.78623600
v 0.77285600 0.14395900 0.78636600
v 0.77513900 0.14395900 0.78498200
v 0.77631200 0.14386300 0.78245600
v 0.77606100 0.14369700 0.77946300
v 0.77339700 0.15007700 0.77601900
v 0.77064500 0.14994100 0.77511800
v 0.76802400 0.14989100 0.77576700
v 0.76623500 0.14994000 0.77779100
v 0.76575800 0.15007600 0.78064900
v 0.76672000 0.15026100 0.78357300
v 0.76886500 0.15044700 0.78578200
v 0.77161700 0.15058300 0.78668300
v 0.77423800 0.15063300 0.78603400
v 0.77602800 0.15058400 0.78401000
v 0.77650500 0.15044900 0.78115200
v 0.77554200 0.15026300 0.77822800
v 0.77212800 0.15665300 0.77543600
v 0.76934600 0.15655700 0.77530500
v 0.76706300 0.15655600 0.77668900
v 0.76589000 0.15665200 0.77921600
v 0.76614100 0.15681800 0.78220900
v 0.76775000 0.15701000 0.78486600
v 0.77028400 0.15717700 0.78647600
v 0.77306600 0.15727300 0.78660600
v 0.77534900 0.15727400 0.78522300
v 0.77652200 0.15717800 0.78269600
v 0.77627100 0.15701200 0.77970300
v 0.77466300 0.15682000 0.77704600
v 0.77072700 0.16323700 0.77508200
v 0.76810600 0.16318700 0.77573100
v 0.76631600 0.16323600 0.77775500
v 0.76583900 0.16337200 0.78061300
v 0.76680200 0.16355700 0.78353700
v 0.76894600 0.16374300 0.78574600
v 0.77169800 0.16387900 0.78664700
v 0.77432000 0.16392900 0.78599800
v 0.77610900 0.16388000 0.78397400
v 0.77658600 0.16374400 0.78111700
v 0.77562400 0.16355900 0.77819200
v 0.77347900 0.16337300 0.77598300
v 0.76925000 0.16982700 0.77489000
v 0.76696700 0.16982600 0.77627300
v 0.76579400 0.16992200 0.77880000
v 0.76604500 0.17008800 0.78179300
v 0.76765300 0.17028000 0.78445100
v 0.77018800 0.17044700 0.78606000
v 0.77297000 0.17054300 0.78619000
v 0.77525300 0.17054400 0.78480700
v 0.77642600 0.17044800 0.78228000
v 0.77617500 0.17028200 0.77928700
v 0.77456700 0.17009000 0.77662900
v 0.77203200 0.16992300 0.77502000
v 0.76768000 0.17640900 0.77460900
v 0.76589000 0.17645800 0.77663300
v 0.76541300 0.17659400 0.77949100
v 0.76637600 0.17677900 0.78241600
v 0.76852000 0.17696500 0.78462400
v 0.77127200 0.17710100 0.78552500
v 0.77389400 0.17715100 0.78487600
v 0.77568300 0.17710200 0.78285200
v 0.77616000 0.17696700 0.77999500
v 0.77519800 0.17678100 0.77707000
v 0.77305300 0.17659600 0.77486100
v 0.77030100 0.17645900 0.77396100
v 0.77084400 0.18444600 0.78008900
v 0.77130000 0.17155700 0.78210400
v 0.77574400 0.18285600 0.77910500
v 0.77525100 0.18169100 0.77617700
v 0.77339700 0.18044100 0.77383600
v 0.77068100 0.17944100 0.77271100
v 0.76782900 0.17895800 0.77310200
v 0.76560600 0.17912200 0.77490500
v 0.76460800 0.17988900 0.77763700
v 0.76510100 0.18105300 0.78056500
v 0.76695500 0.18230300 0.78290500
v 0.76967100 0.18330400 0.78403100
v 0.77252300 0.18378700 0.78363900
v 0.77474600 0.18362300 0.78183700
v 0.77257100 0.20257900 0.77246200
v 0.77135600 0.20132900 0.76973500
v 0.76899100 0.20016400 0.76794100
v 0.76610900 0.19939700 0.76756100
v 0.76348200 0.19923100 0.76869600
v 0.76181400 0.19971300 0.77104300
v 0.76155300 0.20071300 0.77397300
v 0.76276700 0.20196300 0.77670100
v 0.76513300 0.20312800 0.77849500
v 0.76801500 0.20389600 0.77887500
v 0.77064200 0.20406100 0.77773900
v 0.77231000 0.20357900 0.77539200
v 0.76902300 0.22223900 0.76587100
v 0.76717000 0.22098900 0.76353000
v 0.76445300 0.21998800 0.76240500
v 0.76160100 0.21950600 0.76279600
v 0.75937800 0.21967000 0.76459900
v 0.75838000 0.22043700 0.76733000
v 0.75887300 0.22160100 0.77025900
v 0.76072700 0.22285100 0.77259900
v 0.76344300 0.22385200 0.77372500
v 0.76629500 0.22433400 0.77333400
v 0.76851800 0.22417000 0.77153100
v 0.76951600 0.22340300 0.76879900
v 0.76512800 0.24187700 0.75942900
v 0.76276300 0.24071200 0.75763400
v 0.75988100 0.23994400 0.75725400
v 0.75725400 0.23977900 0.75839000
v 0.75558600 0.24026100 0.76073800
v 0.75532500 0.24126100 0.76366700
v 0.75653900 0.24251100 0.76639500
v 0.75890500 0.24367500 0.76818900
v 0.76178800 0.24444300 0.76856900
v 0.76441400 0.24460900 0.76743300
v 0.76608200 0.24412600 0.76508600
v 0.76634300 0.24312700 0.76215600
v 0.76094200 0.26153700 0.75322400
v 0.75822500 0.26053600 0.75209900
v 0.75537300 0.26005400 0.75249000
v 0.75315000 0.26021700 0.75429200
v 0.75215100 0.26098400 0.75702500
v 0.75264500 0.26214900 0.75995300
v 0.75449900 0.26339900 0.76229300
v 0.75721500 0.26439900 0.76341900
v 0.76006700 0.26488200 0.76302800
v 0.76229000 0.26471800 0.76122500
v 0.76328800 0.26395100 0.75849300
v 0.76279500 0.26278700 0.75556500
v 0.75653500 0.28126000 0.74732900
v 0.75365200 0.28049200 0.74694800
v 0.75102600 0.28032700 0.74808400
v 0.74935800 0.28080900 0.75043100
v 0.74909700 0.28180800 0.75336100
v 0.75031200 0.28305900 0.75608900
v 0.75267700 0.28422300 0.75788300
v 0.75556000 0.28499100 0.75826300
v 0.75818600 0.28515600 0.75712700
v 0.75985300 0.28467400 0.75478000
v 0.76011500 0.28367500 0.75185000
v 0.75890000 0.28242500 0.74912300
v 0.74999100 0.29626000 0.74497600
v 0.56086700 0.19480700 0.37639600
v 0.57445800 0.20471200 0.37042800
v 0.57030900 0.20835400 0.36750500
v 0.56505400 0.21174800 0.36765300
v 0.56010200 0.21398500 0.37083200
v 0.55677900 0.21446400 0.37619100
v 0.55597600 0.21305800 0.38229300
v 0.55790800 0.21014400 0.38750400
v 0.56205700 0.20650200 0.39042700
v 0.56731200 0.20310800 0.39027900
v 0.57226500 0.20087100 0.38709900
v 0.57558700 0.20039100 0.38174100
v 0.57639000 0.20179700 0.37563800
v 0.58480300 0.22850300 0.37451200
v 0.57917800 0.23074000 0.37270900
v 0.57328800 0.23252900 0.37413800
v 0.56871200 0.23339200 0.37841700
v 0.56667600 0.23309800 0.38439800
v 0.56772600 0.23172500 0.39047800
v 0.57157900 0.22964100 0.39503000
v 0.57720500 0.22740400 0.39683300
v 0.58309500 0.22561500 0.39540300
v 0.58767100 0.22475100 0.39112500
v 0.58970700 0.22504600 0.38514400
v 0.58865700 0.22641900 0.37906300
v 0.58944400 0.25421200 0.37675500
v 0.58348300 0.25629600 0.37656200
v 0.57806600 0.25766900 0.37951600
v 0.57464300 0.25796400 0.38482700
v 0.57413200 0.25710000 0.39107000
v 0.57667100 0.25531100 0.39657400
v 0.58157700 0.25307400 0.39986300
v 0.58753900 0.25099000 0.40005600
v 0.59295600 0.24961700 0.39710200
v 0.59637900 0.24932300 0.39179100
v 0.59688900 0.25018600 0.38554800
v 0.59435100 0.25197500 0.38004400
v 0.59822400 0.28021600 0.38442400
v 0.59340900 0.28163200 0.38551800
v 0.58969800 0.28231600 0.38891600
v 0.58808600 0.28208300 0.39370900
v 0.58900600 0.28099600 0.39861200
v 0.59220800 0.27934600 0.40231100
v 0.59683300 0.27757400 0.40381300
v 0.60164200 0.27615700 0.40271700
v 0.60534900 0.27547300 0.39931600
v 0.60696200 0.27570700 0.39452400
v 0.60604800 0.27679400 0.38962300
v 0.60285100 0.27844500 0.38592700
v 0.60953100 0.29654200 0.39992100
v 0.57256700 0.19422900 0.33805300
v 0.57755100 0.19821300 0.32576100
v 0.57222100 0.20128200 0.32582600
v 0.56778500 0.20414200 0.32903100
v 0.56543400 0.20602600 0.33451800
v 0.56579600 0.20643000 0.34081600
v 0.56877400 0.20524500 0.34623900
v 0.57357200 0.20279000 0.34933300
v 0.57890300 0.19972100 0.34926800
v 0.58333800 0.19686100 0.34606300
v 0.58569000 0.19497600 0.34057600
v 0.58532800 0.19457200 0.33427800
v 0.58234900 0.19575700 0.32885500
v 0.58302400 0.21004300 0.32399900
v 0.57746900 0.21244800 0.32577500
v 0.57355600 0.21437200 0.33034200
v 0.57233300 0.21530100 0.33647600
v 0.57412800 0.21498400 0.34253200
v 0.57846000 0.21350700 0.34688800
v 0.58416800 0.21126700 0.34837800
v 0.58972300 0.20886200 0.34660100
v 0.59363600 0.20693700 0.34203400
v 0.59485900 0.20600900 0.33590100
v 0.59306400 0.20632600 0.32984400
v 0.58873200 0.20780200 0.32548800
v 0.58292000 0.22410900 0.32401600
v 0.57801900 0.22635000 0.32730000
v 0.57536100 0.22782600 0.33283900
v 0.57565700 0.22814300 0.33914800
v 0.57882900 0.22721500 0.34453800
v 0.58402600 0.22529000 0.34756400
v 0.58985600 0.22288600 0.34741600
v 0.59475700 0.22064500 0.34413200
v 0.59741600 0.21916800 0.33859300
v 0.59711900 0.21885100 0.33228300
v 0.59394800 0.21978000 0.32689300
v 0.58875000 0.22170400 0.32386700
v 0.58877200 0.23720500 0.32615300
v 0.58554100 0.23875700 0.32982400
v 0.58451400 0.23950600 0.33473900
v 0.58596600 0.23925000 0.33958100
v 0.58951000 0.23806000 0.34305300
v 0.59419200 0.23625200 0.34422500
v 0.59875800 0.23431300 0.34278300
v 0.60198300 0.23276100 0.33911300
v 0.60300600 0.23201300 0.33419900
v 0.60155400 0.23226800 0.32935700
v 0.59801700 0.23345900 0.32588400
v 0.59333800 0.23526600 0.32471100
v 0.60253300 0.24357600 0.33298500
v 0.54825400 0.19422900 0.31181800
v 0.54697600 0.19821300 0.29861500
v 0.54228100 0.20128200 0.30114200
v 0.53983500 0.20414200 0.30603700
v 0.54029400 0.20602600 0.31198900
v 0.54353200 0.20643000 0.31740300
v 0.54868500 0.20524500 0.32082900
v 0.55437000 0.20279000 0.32134800
v 0.55906400 0.19972100 0.31882100
v 0.56151000 0.19686100 0.31392600
v 0.56105200 0.19497600 0.30797400
v 0.55781300 0.19457200 0.30256000
v 0.55266000 0.19575700 0.29913400
v 0.55100800 0.21004300 0.29451800
v 0.54690900 0.21244800 0.29866600
v 0.54555700 0.21437200 0.30452600
v 0.54731500 0.21530100 0.31052800
v 0.55171100 0.21498400 0.31506300
v 0.55756900 0.21350700 0.31691700
v 0.56331800 0.21126700 0.31559200
v 0.56741700 0.20886200 0.31144400
v 0.56876900 0.20693700 0.30558400
v 0.56701100 0.20600900 0.29958200
v 0.56261400 0.20632600 0.29504700
v 0.55675700 0.20780200 0.29319300
v 0.55092500 0.22410900 0.29458100
v 0.54810300 0.22635000 0.29976200
v 0.54831300 0.22782600 0.30590200
v 0.55149900 0.22814300 0.31135700
v 0.55680700 0.22721500 0.31466400
v 0.56281500 0.22529000 0.31493700
v 0.56791300 0.22288600 0.31210500
v 0.57073500 0.22064500 0.30692400
v 0.57052400 0.21916800 0.30078400
v 0.56733900 0.21885100 0.29532900
v 0.56203100 0.21978000 0.29202200
v 0.55602300 0.22170400 0.29174800
v 0.55710100 0.23720500 0.29376400
v 0.55593800 0.23875700 0.29851400
v 0.55730500 0.23950600 0.30334600
v 0.56083500 0.23925000 0.30696400
v 0.56558500 0.23806000 0.30839900
v 0.57027700 0.23625200 0.30726800
v 0.57365400 0.23431300 0.30387500
v 0.57481300 0.23276100 0.29912900
v 0.57344200 0.23201300 0.29430000
v 0.56991300 0.23226800 0.29068100
v 0.56516900 0.23345900 0.28924300
v 0.56048000 0.23526600 0.29037100
v 0.57246100 0.24357600 0.29344400
v 0.43498600 0.19480700 0.37808900
v 0.43137100 0.20471200 0.39248600
v 0.43622500 0.20835400 0.39099900
v 0.43932800 0.21174800 0.38675600
v 0.43985100 0.21398500 0.38089400
v 0.43765400 0.21446400 0.37498400
v 0.43332400 0.21305800 0.37060900
v 0.42802300 0.21014400 0.36894200
v 0.42317000 0.20650200 0.37042900
v 0.42006600 0.20310800 0.37467200
v 0.41954300 0.20087100 0.38053400
v 0.42174100 0.20039100 0.38644400
v 0.42607000 0.20179700 0.39081900
v 0.42180400 0.22850300 0.39815700
v 0.42667600 0.23074000 0.39481600
v 0.42915700 0.23252900 0.38928600
v 0.42858100 0.23339200 0.38304900
v 0.42510300 0.23309800 0.37777400
v 0.41965500 0.23172500 0.37487600
v 0.41369600 0.22964100 0.37513200
v 0.40882400 0.22740400 0.37847200
v 0.40634400 0.22561500 0.38400200
v 0.40691900 0.22475100 0.39024000
v 0.41039700 0.22504600 0.39551500
v 0.41584600 0.22641900 0.39841200
v 0.41718700 0.25421200 0.40044900
v 0.42099300 0.25629600 0.39585700
v 0.42197900 0.25766900 0.38976500
v 0.41988100 0.25796400 0.38380600
v 0.41526000 0.25710000 0.37957600
v 0.40935600 0.25531100 0.37820800
v 0.40374900 0.25307400 0.38007000
v 0.39994300 0.25099000 0.38466100
v 0.39895700 0.24961700 0.39075300
v 0.40105600 0.24932300 0.39671200
v 0.40567600 0.25018600 0.40094200
v 0.41158100 0.25197500 0.40231000
v 0.40574600 0.28021600 0.40268600
v 0.40783300 0.28163200 0.39821100
v 0.40742300 0.28231600 0.39319600
v 0.40462300 0.28208300 0.38898500
v 0.40018500 0.28099600 0.38670600
v 0.39530000 0.27934600 0.38696900
v 0.39127900 0.27757400 0.38970300
v 0.38919800 0.27615700 0.39417500
v 0.38961200 0.27547300 0.39918800
v 0.39241000 0.27570700 0.40340000
v 0.39684200 0.27679400 0.40568100
v 0.40172300 0.27844500 0.40542000
v 0.38657100 0.29654200 0.40212200
v 0.43289900 0.19156900 0.34171200
v 0.42558400 0.19555300 0.35277700
v 0.43082200 0.19862200 0.35376800
v 0.43580300 0.20148100 0.35150200
v 0.43919300 0.20336600 0.34658900
v 0.44008300 0.20377000 0.34034300
v 0.43823500 0.20258500 0.33443800
v 0.43414300 0.20013000 0.33045700
v 0.42890500 0.19706000 0.32946700
v 0.42392400 0.19420100 0.33173200
v 0.42053400 0.19231600 0.33664600
v 0.41964400 0.19191200 0.34289200
v 0.42149200 0.19309700 0.34879600
v 0.41987100 0.20738300 0.35342300
v 0.42566700 0.20978800 0.35278000
v 0.43040600 0.21171200 0.34907600
v 0.43281700 0.21264100 0.34330600
v 0.43225400 0.21232400 0.33701400
v 0.42886900 0.21084700 0.33188700
v 0.42356700 0.20860600 0.32929900
v 0.41777100 0.20620200 0.32994300
v 0.41303300 0.20427700 0.33364600
v 0.41062100 0.20334900 0.33941700
v 0.41118500 0.20366600 0.34570800
v 0.41457000 0.20514200 0.35083500
v 0.41997600 0.22144900 0.35342700
v 0.42542900 0.22369000 0.35117600
v 0.42913000 0.22516700 0.34627200
v 0.43008600 0.22548300 0.34002800
v 0.42804300 0.22455500 0.33411800
v 0.42354600 0.22263100 0.33012400
v 0.41780100 0.22022600 0.32911800
v 0.41234800 0.21798500 0.33136800
v 0.40864700 0.21650800 0.33627200
v 0.40769000 0.21619100 0.34251600
v 0.40973400 0.21712000 0.34842700
v 0.41423100 0.21904400 0.35242000
v 0.41466200 0.23454500 0.35017500
v 0.41855500 0.23609700 0.34721500
v 0.42053300 0.23684600 0.34260000
v 0.42006600 0.23659100 0.33756700
v 0.41727900 0.23539900 0.33346300
v 0.41292000 0.23359200 0.33138800
v 0.40816100 0.23165300 0.33190000
v 0.40427400 0.23010100 0.33485900
v 0.40229900 0.22935300 0.33947400
v 0.40276500 0.22960800 0.34450800
v 0.40554700 0.23079900 0.34861200
v 0.40990000 0.23260600 0.35068600
v 0.40252300 0.24091700 0.34075800
v 0.49339900 0.15939800 0.43275400
v 0.49344400 0.15934000 0.43295400
v 0.49347700 0.15932500 0.43290800
v 0.49348900 0.15930400 0.43284400
v 0.49347700 0.15928400 0.43278000
v 0.49344400 0.15926800 0.43273300
v 0.49339900 0.15926300 0.43271600
v 0.49335300 0.15926800 0.43273300
v 0.49332000 0.15928400 0.43278000
v 0.49330800 0.15930400 0.43284400
v 0.49332000 0.15932500 0.43290800
v 0.49335300 0.15934000 0.43295400
v 0.49339900 0.15934600 0.43297100
v 0.49499900 0.16717700 0.44281700
v 0.49558500 0.16671300 0.44138700
v 0.49558500 0.16617600 0.43973500
v 0.49499900 0.16571100 0.43830400
v 0.49398400 0.16544300 0.43747900
v 0.49281300 0.16544300 0.43747900
v 0.49179900 0.16571100 0.43830400
v 0.49121300 0.16617600 0.43973500
v 0.49121300 0.16671300 0.44138700
v 0.49179900 0.16717700 0.44281700
v 0.49281300 0.16744600 0.44364300
v 0.49398400 0.16744600 0.44364300
v 0.49653400 0.17327000 0.44698700
v 0.49701900 0.17244100 0.44443500
v 0.49653400 0.17161100 0.44188200
v 0.49520900 0.17100400 0.44001400
v 0.49339900 0.17078200 0.43933000
v 0.49158800 0.17100400 0.44001400
v 0.49026300 0.17161100 0.44188200
v 0.48977800 0.17244100 0.44443500
v 0.49026300 0.17327000 0.44698700
v 0.49158800 0.17387700 0.44885700
v 0.49339900 0.17409900 0.44954100
v 0.49520900 0.17387700 0.44885700
v 0.49777000 0.17734800 0.44477600
v 0.49777000 0.17627500 0.44147300
v 0.49659900 0.17534500 0.43861200
v 0.49457000 0.17480900 0.43696000
v 0.49222700 0.17480900 0.43696000
v 0.49019800 0.17534500 0.43861200
v 0.48902700 0.17627500 0.44147300
v 0.48902700 0.17734800 0.44477600
v 0.49019800 0.17827800 0.44763700
v 0.49222700 0.17881400 0.44928900
v 0.49457000 0.17881400 0.44928900
v 0.49659900 0.17827800 0.44763700
v 0.49792500 0.18133000 0.44216300
v 0.49731800 0.18029400 0.43897300
v 0.49566200 0.17953500 0.43663700
v 0.49339900 0.17925700 0.43578200
v 0.49113600 0.17953500 0.43663700
v 0.48947900 0.18029400 0.43897300
v 0.48887300 0.18133000 0.44216300
v 0.48947900 0.18236700 0.44535400
v 0.49113600 0.18312600 0.44769000
v 0.49339900 0.18340400 0.44854500
v 0.49566200 0.18312600 0.44769000
v 0.49731800 0.18236700 0.44535400
v 0.49777000 0.18505200 0.43862100
v 0.49659900 0.18412300 0.43576000
v 0.49457000 0.18358600 0.43410900
v 0.49222700 0.18358600 0.43410900
v 0.49019800 0.18412300 0.43576000
v 0.48902700 0.18505200 0.43862100
v 0.48902700 0.18612500 0.44192400
v 0.49019800 0.18705500 0.44478500
v 0.49222700 0.18759200 0.44643700
v 0.49457000 0.18759200 0.44643700
v 0.49659900 0.18705500 0.44478500
v 0.49777000 0.18612500 0.44192400
v 0.49731800 0.18859600 0.43442600
v 0.49566200 0.18783700 0.43209100
v 0.49339900 0.18755900 0.43123600
v 0.49113600 0.18783700 0.43209100
v 0.48947900 0.18859600 0.43442600
v 0.48887300 0.18963300 0.43761700
v 0.48947900 0.19067000 0.44080800
v 0.49113600 0.19142900 0.44314400
v 0.49339900 0.19170600 0.44399900
v 0.49566200 0.19142900 0.44314400
v 0.49731800 0.19067000 0.44080800
v 0.49792500 0.18963300 0.43761700
v 0.49659900 0.19183900 0.42912200
v 0.49457000 0.19130200 0.42747000
v 0.49222700 0.19130200 0.42747000
v 0.49019800 0.19183900 0.42912200
v 0.48902700 0.19276900 0.43198300
v 0.48902700 0.19384200 0.43528600
v 0.49019800 0.19477100 0.43814700
v 0.49222700 0.19530800 0.43979800
v 0.49457000 0.19530800 0.43979800
v 0.49659900 0.19477100 0.43814700
v 0.49777000 0.19384200 0.43528600
v 0.49777000 0.19276900 0.43198300
v 0.49475600 0.19446500 0.42159700
v 0.49339900 0.19429900 0.42108400
v 0.49204100 0.19446500 0.42159700
v 0.49104700 0.19492100 0.42299900
v 0.49068300 0.19554300 0.42491300
v 0.49104700 0.19616500 0.42682700
v 0.49204100 0.19662000 0.42822900
v 0.49339900 0.19678700 0.42874200
v 0.49475600 0.19662000 0.42822900
v 0.49575100 0.19616500 0.42682700
v 0.49611400 0.19554300 0.42491300
v 0.49575100 0.19492100 0.42299900
v 0.49339900 0.19512700 0.42325700
v 0.22831900 0.04422300 0.75481600
v 0.21763800 0.09974190 0.77116100
v 0.22023900 0.09969230 0.77189100
v 0.22301900 0.09955720 0.77107800
v 0.22523300 0.09937140 0.76893800
v 0.22628800 0.09918550 0.76604600
v 0.22590200 0.09904930 0.76317600
v 0.22417700 0.09899920 0.76109800
v 0.22157600 0.09904870 0.76036800
v 0.21879500 0.09918380 0.76118200
v 0.21658100 0.09936970 0.76332100
v 0.21552600 0.09955550 0.76621400
v 0.21591300 0.09969170 0.76908400
v 0.21785600 0.10647900 0.77303100
v 0.22064100 0.10638400 0.77298700
v 0.22322700 0.10621700 0.77145800
v 0.22491900 0.10602500 0.76885300
v 0.22526500 0.10585900 0.76587100
v 0.22417200 0.10576200 0.76331000
v 0.22193300 0.10576200 0.76185600
v 0.21914700 0.10585800 0.76190000
v 0.21656200 0.10602300 0.76342900
v 0.21486900 0.10621500 0.76603400
v 0.21452300 0.10638200 0.76901600
v 0.21561700 0.10647900 0.77157700
v 0.21854300 0.11316000 0.77411500
v 0.22132300 0.11302500 0.77330100
v 0.22353700 0.11283900 0.77116100
v 0.22459200 0.11265300 0.76826900
v 0.22420600 0.11251700 0.76540000
v 0.22248000 0.11246700 0.76332100
v 0.21987900 0.11251600 0.76259200
v 0.21709900 0.11265200 0.76340600
v 0.21488500 0.11283700 0.76554500
v 0.21383000 0.11302300 0.76843700
v 0.21421600 0.11315900 0.77130700
v 0.21594200 0.11320900 0.77338500
v 0.21943800 0.11980300 0.77460700
v 0.22202300 0.11963700 0.77307800
v 0.22371500 0.11944500 0.77047300
v 0.22406100 0.11927800 0.76749000
v 0.22296800 0.11918200 0.76492900
v 0.22072900 0.11918100 0.76347600
v 0.21794300 0.11927700 0.76352000
v 0.21535700 0.11944300 0.76504900
v 0.21366500 0.11963500 0.76765300
v 0.21331900 0.11980200 0.77063600
v 0.21441200 0.11989900 0.77319700
v 0.21665200 0.11989900 0.77465000
v 0.22038300 0.12641900 0.77459500
v 0.22259800 0.12623300 0.77245600
v 0.22365300 0.12604700 0.76956400
v 0.22326600 0.12591100 0.76669400
v 0.22154100 0.12586100 0.76461600
v 0.21894000 0.12591000 0.76388600
v 0.21615900 0.12604600 0.76470000
v 0.21394500 0.12623100 0.76684000
v 0.21289000 0.12641700 0.76973200
v 0.21327700 0.12655300 0.77260100
v 0.21500200 0.12660300 0.77467900
v 0.21760300 0.12655400 0.77540900
v 0.22127500 0.13301200 0.77413600
v 0.22296800 0.13282000 0.77153100
v 0.22331400 0.13265400 0.76854900
v 0.22222100 0.13255700 0.76598800
v 0.21998100 0.13255700 0.76453400
v 0.21719600 0.13265200 0.76457800
v 0.21461000 0.13281800 0.76610600
v 0.21291800 0.13301100 0.76871100
v 0.21257200 0.13317700 0.77169400
v 0.21366500 0.13327400 0.77425500
v 0.21590500 0.13327400 0.77570800
v 0.21869000 0.13317900 0.77566500
v 0.22201200 0.13959300 0.77331500
v 0.22306700 0.13940700 0.77042300
v 0.22268100 0.13927100 0.76755300
v 0.22095500 0.13922000 0.76547500
v 0.21835500 0.13927000 0.76474500
v 0.21557400 0.13940500 0.76555900
v 0.21336000 0.13959100 0.76769900
v 0.21230500 0.13977600 0.77059100
v 0.21269100 0.13991300 0.77346100
v 0.21441700 0.13996300 0.77553900
v 0.21701800 0.13991400 0.77626900
v 0.21979800 0.13977800 0.77545500
v 0.22253200 0.14616500 0.77220700
v 0.22287800 0.14599900 0.76922500
v 0.22178500 0.14590200 0.76666400
v 0.21954500 0.14590200 0.76521000
v 0.21676000 0.14599700 0.76525400
v 0.21417500 0.14616300 0.76678300
v 0.21248200 0.14635600 0.76938700
v 0.21213600 0.14652200 0.77237000
v 0.21322900 0.14661900 0.77493100
v 0.21546900 0.14661900 0.77638500
v 0.21825400 0.14652400 0.77634100
v 0.22084000 0.14635700 0.77481200
v 0.22278100 0.15273700 0.77091600
v 0.22239400 0.15260100 0.76804600
v 0.22066900 0.15255100 0.76596800
v 0.21806800 0.15260000 0.76523800
v 0.21528800 0.15273600 0.76605200
v 0.21307300 0.15292100 0.76819200
v 0.21201800 0.15310700 0.77108400
v 0.21240500 0.15324300 0.77395300
v 0.21413000 0.15329300 0.77603100
v 0.21673100 0.15324400 0.77676100
v 0.21951200 0.15310900 0.77594700
v 0.22172600 0.15292300 0.77380800
v 0.22275300 0.15931300 0.76951900
v 0.22166000 0.15921700 0.76695800
v 0.21942000 0.15921600 0.76550400
v 0.21663500 0.15931200 0.76554700
v 0.21405000 0.15947800 0.76707700
v 0.21235700 0.15967000 0.76968100
v 0.21201100 0.15983700 0.77266400
v 0.21310500 0.15993300 0.77522500
v 0.21534400 0.15993400 0.77667800
v 0.21812900 0.15983800 0.77663500
v 0.22071500 0.15967200 0.77510600
v 0.22240700 0.15948000 0.77250100
v 0.22246200 0.16589700 0.76810400
v 0.22073700 0.16584700 0.76602600
v 0.21813600 0.16589600 0.76529600
v 0.21535500 0.16603200 0.76611000
v 0.21314100 0.16621700 0.76824900
v 0.21208600 0.16640300 0.77114100
v 0.21247300 0.16653900 0.77401100
v 0.21419800 0.16658900 0.77608900
v 0.21679900 0.16654000 0.77681900
v 0.21957900 0.16640500 0.77600500
v 0.22179300 0.16621900 0.77386500
v 0.22284800 0.16603300 0.77097300
v 0.22199300 0.17248700 0.76669000
v 0.21975300 0.17248600 0.76523700
v 0.21696800 0.17258200 0.76528000
v 0.21438200 0.17274800 0.76680900
v 0.21269000 0.17294000 0.76941400
v 0.21234400 0.17310700 0.77239600
v 0.21343700 0.17320400 0.77495700
v 0.21567700 0.17320400 0.77641100
v 0.21846200 0.17310800 0.77636700
v 0.22104700 0.17294200 0.77483800
v 0.22274000 0.17275000 0.77223300
v 0.22308600 0.17258300 0.76925100
v 0.22156100 0.17906900 0.76515400
v 0.21896000 0.17911800 0.76442400
v 0.21618000 0.17925400 0.76523800
v 0.21396500 0.17943900 0.76737800
v 0.21291000 0.17962500 0.77027000
v 0.21329700 0.17976100 0.77313900
v 0.21502200 0.17981200 0.77521800
v 0.21762300 0.17976200 0.77594800
v 0.22040400 0.17962700 0.77513400
v 0.22261800 0.17944100 0.77299400
v 0.22367300 0.17925600 0.77010200
v 0.22328600 0.17911900 0.76723200
v 0.21800500 0.18710600 0.77038800
v 0.21639000 0.17421700 0.77167500
v 0.22102300 0.18551600 0.77437200
v 0.22344500 0.18435100 0.77265200
v 0.22474600 0.18310100 0.76996500
v 0.22457700 0.18210100 0.76703000
v 0.22298400 0.18161800 0.76463200
v 0.22039300 0.18178200 0.76341600
v 0.21749900 0.18254900 0.76370600
v 0.21507700 0.18371300 0.76542500
v 0.21377700 0.18496300 0.76811200
v 0.21394500 0.18596400 0.77104700
v 0.21553900 0.18644700 0.77344500
v 0.21812900 0.18628300 0.77466100
v 0.22562300 0.20523900 0.76862400
v 0.22755000 0.20398900 0.76634200
v 0.22813600 0.20282400 0.76343200
v 0.22722400 0.20205700 0.76067100
v 0.22505800 0.20189100 0.75880100
v 0.22221900 0.20237300 0.75832100
v 0.21946700 0.20337300 0.75936100
v 0.21754100 0.20462300 0.76164200
v 0.21695500 0.20578800 0.76455300
v 0.21786700 0.20655600 0.76731300
v 0.22003300 0.20672100 0.76918300
v 0.22287200 0.20623900 0.76966300
v 0.23001300 0.22489900 0.76256000
v 0.23131400 0.22364900 0.75987300
v 0.23114500 0.22264800 0.75693700
v 0.22955200 0.22216600 0.75454000
v 0.22696100 0.22233000 0.75332300
v 0.22406700 0.22309600 0.75361300
v 0.22164500 0.22426100 0.75533200
v 0.22034500 0.22551100 0.75801900
v 0.22051400 0.22651100 0.76095500
v 0.22210700 0.22699400 0.76335200
v 0.22469800 0.22683100 0.76456900
v 0.22759100 0.22606300 0.76427800
v 0.23411800 0.24453700 0.75625000
v 0.23470400 0.24337200 0.75333900
v 0.23379100 0.24260400 0.75057900
v 0.23162600 0.24243900 0.74870800
v 0.22878700 0.24292100 0.74822900
v 0.22603500 0.24392100 0.74926800
v 0.22410900 0.24517100 0.75154900
v 0.22352300 0.24633600 0.75446000
v 0.22443500 0.24710300 0.75722000
v 0.22660100 0.24726900 0.75909100
v 0.22944000 0.24678700 0.75957100
v 0.23219100 0.24578700 0.75853000
v 0.23788200 0.26419700 0.74978000
v 0.23771300 0.26319700 0.74684500
v 0.23612000 0.26271300 0.74444700
v 0.23352900 0.26287700 0.74323000
v 0.23063500 0.26364500 0.74352000
v 0.22821300 0.26480900 0.74524000
v 0.22691300 0.26605900 0.74792700
v 0.22708200 0.26706000 0.75086200
v 0.22867500 0.26754200 0.75325900
v 0.23126600 0.26737800 0.75447600
v 0.23416000 0.26661100 0.75418600
v 0.23658200 0.26544700 0.75246700
v 0.24127200 0.28392000 0.74324700
v 0.24036000 0.28315200 0.74048600
v 0.23819400 0.28298700 0.73861600
v 0.23535500 0.28346900 0.73813600
v 0.23260400 0.28446900 0.73917600
v 0.23067600 0.28571900 0.74145600
v 0.23009100 0.28688300 0.74436700
v 0.23100300 0.28765100 0.74712700
v 0.23316900 0.28781600 0.74899800
v 0.23600800 0.28733400 0.74947800
v 0.23876000 0.28633400 0.74843800
v 0.24068600 0.28508500 0.74615700
v 0.24054300 0.29892000 0.73633100
v 0.23106100 0.28021300 0.74918100
v 0.24308000 0.29501700 0.74111200
v 0.24511800 0.29245900 0.73996100
v 0.24591700 0.28974100 0.73785700
v 0.24526400 0.28759100 0.73536400
v 0.24333300 0.28658500 0.73315000
v 0.24064300 0.28699300 0.73180700
v 0.23791300 0.28870400 0.73169600
v 0.23587500 0.29126200 0.73284700
v 0.23507500 0.29398000 0.73495100
v 0.23572800 0.29613000 0.73744400
v 0.23765900 0.29713600 0.73965900
v 0.24035000 0.29672800 0.74100100
v 0.26077500 0.31853800 0.71501900
v 0.26224400 0.31580700 0.71333400
v 0.26231900 0.31328700 0.71095500
v 0.26098200 0.31165300 0.70851800
v 0.25859000 0.31134400 0.70667700
v 0.25578400 0.31244000 0.70592400
v 0.25331500 0.31465000 0.70646300
v 0.25184700 0.31738100 0.70814700
v 0.25177100 0.31990100 0.71052700
v 0.25310800 0.32153500 0.71296400
v 0.25550000 0.32184400 0.71480500
v 0.25830600 0.32074800 0.71555800
v 0.27821500 0.34192600 0.68863500
v 0.27901500 0.33920800 0.68653100
v 0.27836200 0.33705800 0.68403800
v 0.27643100 0.33605200 0.68182300
v 0.27374000 0.33645900 0.68048100
v 0.27101000 0.33817100 0.68037000
v 0.26897200 0.34072900 0.68152100
v 0.26817200 0.34344600 0.68362400
v 0.26882500 0.34559600 0.68611800
v 0.27075600 0.34660300 0.68833200
v 0.27344700 0.34619500 0.68967500
v 0.27617700 0.34448300 0.68978600
v 0.29534100 0.36527300 0.66200800
v 0.29541600 0.36275400 0.65962800
v 0.29407900 0.36112000 0.65719100
v 0.29168700 0.36081000 0.65535000
v 0.28888100 0.36190700 0.65459800
v 0.28641200 0.36411700 0.65513700
v 0.28494400 0.36684800 0.65682100
v 0.28486800 0.36936800 0.65920100
v 0.28620600 0.37100100 0.66163700
v 0.28859700 0.37131100 0.66347900
v 0.29140300 0.37021400 0.66423100
v 0.29387200 0.36800400 0.66369300
v 0.31211200 0.38867400 0.63520400
v 0.31145900 0.38652400 0.63271100
v 0.30952800 0.38551800 0.63049700
v 0.30683700 0.38592600 0.62915400
v 0.30410700 0.38763800 0.62904300
v 0.30206900 0.39019500 0.63019400
v 0.30127000 0.39291300 0.63229800
v 0.30192300 0.39506300 0.63479100
v 0.30385400 0.39606900 0.63700600
v 0.30654400 0.39566200 0.63834900
v 0.30927400 0.39395000 0.63845900
v 0.31131200 0.39139300 0.63730800
v 0.32851400 0.41222000 0.60830200
v 0.32717600 0.41058700 0.60586500
v 0.32478400 0.41027700 0.60402400
v 0.32197800 0.41137400 0.60327100
v 0.31950900 0.41358400 0.60381000
v 0.31804100 0.41631400 0.60549400
v 0.31796500 0.41883400 0.60787400
v 0.31930300 0.42046800 0.61031100
v 0.32169500 0.42077800 0.61215200
v 0.32450100 0.41968100 0.61290500
v 0.32696900 0.41747100 0.61236600
v 0.32843800 0.41474000 0.61068200
v 0.32921400 0.41774500 0.59880400
v 0.32347300 0.41879800 0.60687800
v 0.33570300 0.42160800 0.59848600
v 0.33563500 0.41884400 0.60057700
v 0.33419900 0.41591200 0.60191600
v 0.33177900 0.41359700 0.60214300
v 0.32902400 0.41252000 0.60119800
v 0.32667200 0.41296900 0.59933400
v 0.32535300 0.41482400 0.59705000
v 0.32542100 0.41758800 0.59495800
v 0.32685700 0.42052000 0.59361900
v 0.32927700 0.42283400 0.59339200
v 0.33203200 0.42391200 0.59433700
v 0.33438400 0.42346300 0.59620200
v 0.35425100 0.39910600 0.57208000
v 0.35339400 0.39586300 0.57403400
v 0.35119900 0.39287500 0.57492600
v 0.34825200 0.39094400 0.57451700
v 0.34534400 0.39058600 0.57291700
v 0.34325400 0.39189800 0.57055500
v 0.34254200 0.39452800 0.56806400
v 0.34339800 0.39777100 0.56611000
v 0.34559400 0.40075900 0.56521900
v 0.34854000 0.40269000 0.56562700
v 0.35144800 0.40304800 0.56722700
v 0.35353800 0.40173600 0.56958900
v 0.37213800 0.37614100 0.54560800
v 0.37048600 0.37276900 0.54714800
v 0.36770300 0.37010700 0.54740900
v 0.36453500 0.36886800 0.54632200
v 0.36183000 0.36938500 0.54417800
v 0.36031400 0.37151800 0.54155100
v 0.36039100 0.37469600 0.53914600
v 0.36204300 0.37806800 0.53760600
v 0.36482600 0.38073000 0.53734500
v 0.36799400 0.38196900 0.53843200
v 0.37069900 0.38145200 0.54057600
v 0.37221500 0.37931900 0.54320300
v 0.38981300 0.35293600 0.51918400
v 0.38731700 0.34954100 0.52019700
v 0.38396900 0.34734600 0.51973300
v 0.38066500 0.34693900 0.51791500
v 0.37828900 0.34843100 0.51523100
v 0.37748000 0.35141900 0.51239900
v 0.37845300 0.35510400 0.51018000
v 0.38094800 0.35849900 0.50916600
v 0.38429600 0.36069400 0.50963100
v 0.38760100 0.36110100 0.51144900
v 0.38997600 0.35961000 0.51413300
v 0.39078600 0.35662200 0.51696400
v 0.40695700 0.32951100 0.49258700
v 0.40369000 0.32638700 0.49289400
v 0.39997100 0.32493300 0.49161700
v 0.39679500 0.32553800 0.48910100
v 0.39501500 0.32804300 0.48601700
v 0.39510600 0.33177400 0.48319400
v 0.39704600 0.33573200 0.48138600
v 0.40031200 0.33885700 0.48107900
v 0.40403200 0.34031100 0.48235500
v 0.40720700 0.33970500 0.48487200
v 0.40898700 0.33720100 0.48795600
v 0.40889500 0.33347000 0.49078000
v 0.42343600 0.30620700 0.46546800
v 0.41968600 0.30374900 0.46494800
v 0.41598500 0.30329300 0.46291200
v 0.41332400 0.30496300 0.45990600
v 0.41241800 0.30831000 0.45673500
v 0.41350800 0.31243700 0.45424900
v 0.41630200 0.31624000 0.45311400
v 0.42005300 0.31869800 0.45363400
v 0.42375300 0.31915300 0.45567000
v 0.42641400 0.31748400 0.45867700
v 0.42732000 0.31413700 0.46184800
v 0.42623100 0.31000900 0.46433300
v 0.42629400 0.30301500 0.44931400
v 0.75743400 0.27755300 0.75910500
v 0.75540000 0.29235700 0.74477200
v 0.75525100 0.28979900 0.74243600
v 0.75370400 0.28708100 0.74080100
v 0.75117600 0.28493100 0.74030300
v 0.74834200 0.28392500 0.74107800
v 0.74596200 0.28433200 0.74291600
v 0.74467400 0.28604400 0.74532600
v 0.74482300 0.28860200 0.74766200
v 0.74636900 0.29132000 0.74929700
v 0.74889800 0.29347000 0.74979500
v 0.75173200 0.29447600 0.74902000
v 0.75411200 0.29406800 0.74718200
v 0.73960900 0.31587700 0.71748500
v 0.73873200 0.31314600 0.71542900
v 0.73662200 0.31062700 0.71432500
v 0.73384600 0.30899300 0.71446800
v 0.73114700 0.30868300 0.71582100
v 0.72924900 0.30978000 0.71802000
v 0.72865900 0.31199000 0.72047700
v 0.72953600 0.31472100 0.72253200
v 0.73164600 0.31724100 0.72363600
v 0.73442200 0.31887400 0.72349300
v 0.73712100 0.31918500 0.72214000
v 0.73902000 0.31808700 0.71994100
v 0.72344500 0.33926600 0.69029900
v 0.72189900 0.33654800 0.68866400
v 0.71937000 0.33439800 0.68816700
v 0.71653600 0.33339100 0.68894100
v 0.71415600 0.33379900 0.69077900
v 0.71286800 0.33551100 0.69318900
v 0.71301800 0.33806800 0.69552500
v 0.71456400 0.34078600 0.69716000
v 0.71709300 0.34293600 0.69765800
v 0.71992700 0.34394200 0.69688300
v 0.72230600 0.34353500 0.69504500
v 0.72359500 0.34182300 0.69263500
v 0.70692600 0.36261400 0.66329200
v 0.70481700 0.36009400 0.66218800
v 0.70204100 0.35846000 0.66233200
v 0.69934200 0.35815000 0.66368400
v 0.69744300 0.35924700 0.66588300
v 0.69685400 0.36145700 0.66834000
v 0.69773200 0.36418800 0.67039500
v 0.69984100 0.36670700 0.67149900
v 0.70261700 0.36834100 0.67135600
v 0.70531600 0.36865100 0.67000300
v 0.70721400 0.36755400 0.66780400
v 0.70780400 0.36534400 0.66534800
v 0.69009400 0.38601500 0.63652700
v 0.68756500 0.38386500 0.63603000
v 0.68473100 0.38285900 0.63680400
v 0.68235100 0.38326600 0.63864200
v 0.68106300 0.38497800 0.64105200
v 0.68121200 0.38753500 0.64338800
v 0.68275900 0.39025300 0.64502300
v 0.68528700 0.39240300 0.64552000
v 0.68812200 0.39340900 0.64474600
v 0.69050200 0.39300200 0.64290800
v 0.69178900 0.39129000 0.64049800
v 0.69164000 0.38873300 0.63816200
v 0.67301200 0.40956000 0.61005100
v 0.67023600 0.40792600 0.61019500
v 0.66753600 0.40761600 0.61154700
v 0.66563800 0.40871400 0.61374600
v 0.66504800 0.41092400 0.61620300
v 0.66592600 0.41365400 0.61825800
v 0.66803600 0.41617400 0.61936200
v 0.67081200 0.41780800 0.61921900
v 0.67351100 0.41811800 0.61786600
v 0.67540900 0.41702100 0.61566700
v 0.67599900 0.41481100 0.61321100
v 0.67512100 0.41208000 0.61115500
v 0.66476600 0.41508500 0.60528800
v 0.66953600 0.41613700 0.61396900
v 0.66730300 0.41894800 0.59930600
v 0.66915600 0.41618400 0.60027800
v 0.66973700 0.41325100 0.60215300
v 0.66888800 0.41093700 0.60443100
v 0.66683800 0.40986000 0.60650000
v 0.66413600 0.41030800 0.60780600
v 0.66150600 0.41216300 0.60799900
v 0.65965200 0.41492700 0.60702800
v 0.65907100 0.41785900 0.60515200
v 0.65992000 0.42017400 0.60287500
v 0.66197000 0.42125200 0.60080600
v 0.66467200 0.42080200 0.59950000
v 0.65160200 0.39644600 0.57111500
v 0.65298900 0.39320300 0.57273600
v 0.65283600 0.39021600 0.57510100
v 0.65118500 0.38828400 0.57757600
v 0.64847900 0.38792700 0.57949800
v 0.64544300 0.38923800 0.58035200
v 0.64289000 0.39186800 0.57990800
v 0.64150400 0.39511100 0.57828700
v 0.64165700 0.39809900 0.57592200
v 0.64330700 0.40003000 0.57344700
v 0.64601300 0.40038800 0.57152600
v 0.64904900 0.39907600 0.57067200
v 0.63555400 0.37348100 0.54348900
v 0.63622100 0.37010900 0.54564600
v 0.63524500 0.36744700 0.54826600
v 0.63288800 0.36620900 0.55064500
v 0.62978000 0.36672400 0.55214700
v 0.62675500 0.36885800 0.55237000
v 0.62462300 0.37203600 0.55125200
v 0.62395600 0.37540800 0.54909500
v 0.62493200 0.37807000 0.54647600
v 0.62728900 0.37930900 0.54409600
v 0.63039700 0.37879300 0.54259400
v 0.63342200 0.37666000 0.54237200
v 0.61945600 0.35027600 0.51607600
v 0.61928200 0.34688100 0.51876300
v 0.61740700 0.34468600 0.52157500
v 0.61433200 0.34428000 0.52376000
v 0.61088200 0.34577000 0.52473000
v 0.60798000 0.34875900 0.52422600
v 0.60640500 0.35244500 0.52238400
v 0.60657900 0.35584000 0.51969700
v 0.60845400 0.35803400 0.51688400
v 0.61153000 0.35844100 0.51470100
v 0.61498000 0.35695000 0.51373000
v 0.61788100 0.35396100 0.51423400
v 0.60297200 0.32685200 0.48906400
v 0.60182600 0.32372600 0.49214000
v 0.59905900 0.32227200 0.49493300
v 0.59541100 0.32287800 0.49669600
v 0.59186000 0.32538200 0.49695700
v 0.58935700 0.32911400 0.49564600
v 0.58857400 0.33307200 0.49311300
v 0.58971900 0.33619700 0.49003900
v 0.59248700 0.33765100 0.48724500
v 0.59613500 0.33704500 0.48548200
v 0.59968600 0.33454100 0.48522100
v 0.60218800 0.33081000 0.48653200
v 0.58572900 0.30354600 0.46242500
v 0.58362900 0.30108800 0.46557500
v 0.58018500 0.30063300 0.46802100
v 0.57632000 0.30230300 0.46910800
v 0.57307100 0.30565000 0.46854400
v 0.57130700 0.30977800 0.46648100
v 0.57150100 0.31358000 0.46347100
v 0.57360200 0.31603800 0.46032100
v 0.57704600 0.31649400 0.45787500
v 0.58091000 0.31482400 0.45678800
v 0.58416000 0.31147700 0.45735200
v 0.58592400 0.30734900 0.45941500
v 0.57242900 0.30035500 0.45282100
v 0.54725900 0.18632500 0.41022400
v 0.56283200 0.20017800 0.41414500
v 0.56103300 0.20420300 0.40958200
v 0.55662900 0.20795300 0.40698200
v 0.55079900 0.21042400 0.40704200
v 0.54510500 0.21095400 0.40974600
v 0.54107400 0.20940000 0.41436900
v 0.53978500 0.20618000 0.41967300
v 0.54158300 0.20215500 0.42423700
v 0.54598800 0.19840500 0.42683700
v 0.55181800 0.19593400 0.42677700
v 0.55751200 0.19540400 0.42407300
v 0.56154300 0.19695800 0.41945000
v 0.57115000 0.23194300 0.42628500
v 0.56738700 0.23406700 0.42166700
v 0.56164800 0.23576700 0.41962200
v 0.55546900 0.23658700 0.42070100
v 0.55050800 0.23630700 0.42461500
v 0.54809300 0.23500300 0.43031300
v 0.54887000 0.23302300 0.43627000
v 0.55263300 0.23089900 0.44088800
v 0.55837200 0.22919900 0.44293200
v 0.56455000 0.22837900 0.44185300
v 0.56951100 0.22865900 0.43794000
v 0.57192700 0.22996300 0.43224200
v 0.57563600 0.26541400 0.43369300
v 0.57071700 0.26739400 0.43024400
v 0.56454800 0.26869800 0.42974500
v 0.55878200 0.26897700 0.43232900
v 0.55496400 0.26815700 0.43730400
v 0.55411600 0.26645800 0.44333700
v 0.55646600 0.26433300 0.44881100
v 0.56138400 0.26235400 0.45226000
v 0.56755400 0.26105000 0.45275900
v 0.57332000 0.26077000 0.45017500
v 0.57713800 0.26159000 0.44520000
v 0.57798600 0.26328900 0.43916700
v 0.58083600 0.30002300 0.44823200
v 0.57618100 0.30135000 0.44649200
v 0.57120700 0.30198900 0.44730300
v 0.56724900 0.30177100 0.45045100
v 0.56536600 0.30075300 0.45509100
v 0.56606100 0.29920800 0.45997700
v 0.56914800 0.29754900 0.46379900
v 0.57379900 0.29622100 0.46553300
v 0.57877000 0.29558000 0.46471700
v 0.58272900 0.29579800 0.46157100
v 0.58461600 0.29681800 0.45693700
v 0.58392400 0.29836400 0.45205500
v 0.58343100 0.32298500 0.46995000
f 1 2 3
f 1 3 4
f 1 4 5
f 1 5 6
f 1 6 7
f 1 7 8
f 1 8 9
f 1 9 10
f 1 10 11
f 1 11 12
f 1 12 13
f 1 13 14
f 1 14 15
f 1 15 16
f 1 16 17
f 1 17 18
f 1 18 19
f 1 19 20
f 1 20 21
f 1 21 22
f 1 22 23
f 1 23 24
f 1 24 25
f 1 25 2
f 2 3 26
f 26 27 3
f 3 4 27
f 27 28 4
f 4 5 28
f 28 29 5
f 5 6 29
f 29 30 6
f 6 7 30
f 30 31 7
f 7 8 31
f 31 32 8
f 8 9 32
f 32 33 9
f 9 10 33
f 33 34 10
f 10 11 34
f 34 35 11
f 11 12 35
f 35 36 12
f 12 13 36
f 36 37 13
f 13 14 37
f 37 38 14
f 14 15 38
f 38 39 15
f 15 16 39
f 39 40 16
f 16 17 40
f 40 41 17
f 17 18 41
f 41 42 18
f 18 19 42
f 42 43 19
f 19 20 43
f 43 44 20
f 20 21 44
f 44 45 21
f 21 22 45
f 45 46 22
f 22 23 46
f 46 47 23
f 23 24 47
f 47 48 24
f 24 25 48
f 48 49 25
f 25 2 49
f 49 26 2
f 26 27 50
f 50 51 27
f 27 28 51
f 51 52 28
f 28 29 52
f 52 53 29
f 29 30 53
f 53 54 30
f 30 31 54
f 54 55 31
f 31 32 55
f 55 56 32
f 32 33 56
f 56 57 33
f 33 34 57
f 57 58 34
f 34 35 58
f 58 59 35
f 35 36 59
f 59 60 36
f 36 37 60
f 60 61 37
f 37 38 61
f 61 62 38
f 38 39 62
f 62 63 39
f 39 40 63
f 63 64 40
f 40 41 64
f 64 65 41
f 41 42 65
f 65 66 42
f 42 43 66
f 66 67 43
f 43 44 67
f 67 68 44
f 44 45 68
f 68 69 45
f 45 46 69
f 69 70 46
f 46 47 70
f 70 71 47
f 47 48 71
f 71 72 48
f 48 49 72
f 72 73 49
f 49 26 73
f 73 50 26
f 50 51 74
f 74 75 51
f 51 52 75
f 75 76 52
f 52 53 76
f 76 77 53
f 53 54 77
f 77 78 54
f 54 55 78
f 78 79 55
f 55 56 79
f 79 80 56
f 56 57 80
f 80 81 57
f 57 58 81
f 81 82 58
f 58 59 82
f 82 83 59
f 59 60 83
f 83 84 60
f 60 61 84
f 84 85 61
f 61 62 85
f 85 86 62
f 62 63 86
f 86 87 63
f 63 64 87
f 87 88 64
f 64 65 88
f 88 89 65
f 65 66 89
f 89 90 66
f 66 67 90
f 90 91 67
f 67 68 91
f 91 92 68
f 68 69 92
f 92 93 69
f 69 70 93
f 93 94 70
f 70 71 94
f 94 95 71
f 71 72 95
f 95 96 72
f 72 73 96
f 96 97 73
f 73 50 97
f 97 74 50
f 74 75 98
f 98 99 75
f 75 76 99
f 99 100 76
f 76 77 100
f 100 101 77
f 77 78 101
f 101 102 78
f 78 79 102
f 102 103 79
f 79 80 103
f 103 104 80
f 80 81 104
f 104 105 81
f 81 82 105
f 105 106 82
f 82 83 106
f 106 107 83
f 83 84 107
f 107 108 84
f 84 85 108
f 108 109 85
f 85 86 109
f 109 110 86
f 86 87 110
f 110 111 87
f 87 88 111
f 111 112 88
f 88 89 112
f 112 113 89
f 89 90 113
f 113 114 90
f 90 91 114
f 114 115 91
f 91 92 115
f 115 116 92
f 92 93 116
f 116 117 93
f 93 94 117
f 117 118 94
f 94 95 118
f 118 119 95
f 95 96 119
f 119 120 96
f 96 97 120
f 120 121 97
f 97 74 121
f 121 98 74
f 98 99 122
f 122 123 99
f 99 100 123
f 123 124 100
f 100 101 124
f 124 125 101
f 101 102 125
f 125 126 102
f 102 103 126
f 126 127 103
f 103 104 127
f 127 128 104
f 104 105 128
f 128 129 105
f 105 106 129
f 129 130 106
f 106 107 130
f 130 131 107
f 107 108 131
f 131 132 108
f 108 109 132
f 132 133 109
f 109 110 133
f 133 134 110
f 110 111 134
f 134 135 111
f 111 112 135
f 135 136 112
f 112 113 136
f 136 137 113
f 113 114 137
f 137 138 114
f 114 115 138
f 138 139 115
f 115 116 139
f 139 140 116
f 116 117 140
f 140 141 117
f 117 118 141
f 141 142 118
f 118 119 142
f 142 143 119
f 119 120 143
f 143 144 120
f 120 121 144
f 144 145 121
f 121 98 145
f 145 122 98
f 122 123 146
f 146 147 123
f 123 124 147
f 147 148 124
f 124 125 148
f 148 149 125
f 125 126 149
f 149 150 126
f 126 127 150
f 150 151 127
f 127 128 151
f 151 152 128
f 128 129 152
f 152 153 129
f 129 130 153
f 153 154 130
f 130 131 154
f 154 155 131
f 131 132 155
f 155 156 132
f 132 133 156
f 156 157 133
f 133 134 157
f 157 158 134
f 134 135 158
f 158 159 135
f 135 136 159
f 159 160 136
f 136 137 160
f 160 161 137
f 137 138 161
f 161 162 138
f 138 139 162
f 162 163 139
f 139 140 163
f 163 164 140
f 140 141 164
f 164 165 141
f 141 142 165
f 165 166 142
f 142 143 166
f 166 167 143
f 143 144 167
f 167 168 144
f 144 145 168
f 168 169 145
f 145 122 169
f 169 146 122
f 146 147 170
f 170 171 147
f 147 148 171
f 171 172 148
f 148 149 172
f 172 173 149
f 149 150 173
f 173 174 150
f 150 151 174
f 174 175 151
f 151 152 175
f 175 176 152
f 152 153 176
f 176 177 153
f 153 154 177
f 177 178 154
f 154 155 178
f 178 179 155
f 155 156 179
f 179 180 156
f 156 157 180
f 180 181 157
f 157 158 181
f 181 182 158
f 158 159 182
f 182 183 159
f 159 160 183
f 183 184 160
f 160 161 184
f 184 185 161
f 161 162 185
f 185 186 162
f 162 163 186
f 186 187 163
f 163 164 187
f 187 188 164
f 164 165 188
f 188 189 165
f 165 166 189
f 189 190 166
f 166 167 190
f 190 191 167
f 167 168 191
f 191 192 168
f 168 169 192
f 192 193 169
f 169 146 193
f 193 170 146
f 170 171 194
f 194 195 171
f 171 172 195
f 195 196 172
f 172 173 196
f 196 197 173
f 173 174 197
f 197 198 174
f 174 175 198
f 198 199 175
f 175 176 199
f 199 200 176
f 176 177 200
f 200 201 177
f 177 178 201
f 201 202 178
f 178 179 202
f 202 203 179
f 179 180 203
f 203 204 180
f 180 181 204
f 204 205 181
f 181 182 205
f 205 206 182
f 182 183 206
f 206 207 183
f 183 184 207
f 207 208 184
f 184 185 208
f 208 209 185
f 185 186 209
f 209 210 186
f 186 187 210
f 210 211 187
f 187 188 211
f 211 212 188
f 188 189 212
f 212 213 189
f 189 190 213
f 213 214 190
f 190 191 214
f 214 215 191
f 191 192 215
f 215 216 192
f 192 193 216
f 216 217 193
f 193 170 217
f 217 194 170
f 194 195 218
f 218 219 195
f 195 196 219
f 219 220 196
f 196 197 220
f 220 221 197
f 197 198 221
f 221 222 198
f 198 199 222
f 222 223 199
f 199 200 223
f 223 224 200
f 200 201 224
f 224 225 201
f 201 202 225
f 225 226 202
f 202 203 226
f 226 227 203
f 203 204 227
f 227 228 204
f 204 205 228
f 228 229 205
f 205 206 229
f 229 230 206
f 206 207 230
f 230 231 207
f 207 208 231
f 231 232 208
f 208 209 232
f 232 233 209
f 209 210 233
f 233 234 210
f 210 211 234
f 234 235 211
f 211 212 235
f 235 236 212
f 212 213 236
f 236 237 213
f 213 214 237
f 237 238 214
f 214 215 238
f 238 239 215
f 215 216 239
f 239 240 216
f 216 217 240
f 240 241 217
f 217 194 241
f 241 218 194
f 218 219 242
f 242 243 219
f 219 220 243
f 243 244 220
f 220 221 244
f 244 245 221
f 221 222 245
f 245 246 222
f 222 223 246
f 246 247 223
f 223 224 247
f 247 248 224
f 224 225 248
f 248 249 225
f 225 226 249
f 249 250 226
f 226 227 250
f 250 251 227
f 227 228 251
f 251 252 228
f 228 229 252
f 252 253 229
f 229 230 253
f 253 254 230
f 230 231 254
f 254 255 231
f 231 232 255
f 255 256 232
f 232 233 256
f 256 257 233
f 233 234 257
f 257 258 234
f 234 235 258
f 258 259 235
f 235 236 259
f 259 260 236
f 236 237 260
f 260 261 237
f 237 238 261
f 261 262 238
f 238 239 262
f 262 263 239
f 239 240 263
f 263 264 240
f 240 241 264
f 264 265 241
f 241 218 265
f 265 242 218
f 242 243 266
f 243 244 266
f 244 245 266
f 245 246 266
f 246 247 266
f 247 248 266
f 248 249 266
f 249 250 266
f 250 251 266
f 251 252 266
f 252 253 266
f 253 254 266
f 254 255 266
f 255 256 266
f 256 257 266
f 257 258 266
f 258 259 266
f 259 260 266
f 260 261 266
f 261 262 266
f 262 263 266
f 263 264 266
f 264 265 266
f 265 242 266
f 267 268 269
f 267 269 270
f 267 270 271
f 267 271 272
f 267 272 273
f 267 273 274
f 267 274 275
f 267 275 276
f 267 276 277
f 267 277 278
f 267 278 279
f 267 279 280
f 267 280 281
f 267 281 282
f 267 282 283
f 267 283 284
f 267 284 285
f 267 285 286
f 267 286 287
f 267 287 288
f 267 288 289
f 267 289 290
f 267 290 291
f 267 291 268
f 268 269 292
f 292 293 269
f 269 270 293
f 293 294 270
f 270 271 294
f 294 295 271
f 271 272 295
f 295 296 272
f 272 273 296
f 296 297 273
f 273 274 297
f 297 298 274
f 274 275 298
f 298 299 275
f 275 276 299
f 299 300 276
f 276 277 300
f 300 301 277
f 277 278 301
f 301 302 278
f 278 279 302
f 302 303 279
f 279 280 303
f 303 304 280
f 280 281 304
f 304 305 281
f 281 282 305
f 305 306 282
f 282 283 306
f 306 307 283
f 283 284 307
f 307 308 284
f 284 285 308
f 308 309 285
f 285 286 309
f 309 310 286
f 286 287 310
f 310 311 287
f 287 288 311
f 311 312 288
f 288 289 312
f 312 313 289
f 289 290 313
f 313 314 290
f 290 291 314
f 314 315 291
f 291 268 315
f 315 292 268
f 292 293 316
f 316 317 293
f 293 294 317
f 317 318 294
f 294 295 318
f 318 319 295
f 295 296 319
f 319 320 296
f 296 297 320
f 320 321 297
f 297 298 321
f 321 322 298
f 298 299 322
f 322 323 299
f 299 300 323
f 323 324 300
f 300 301 324
f 324 325 301
f 301 302 325
f 325 326 302
f 302 303 326
f 326 327 303
f 303 304 327
f 327 328 304
f 304 305 328
f 328 329 305
f 305 306 329
f 329 330 306
f 306 307 330
f 330 331 307
f 307 308 331
f 331 332 308
f 308 309 332
f 332 333 309
f 309 310 333
f 333 334 310
f 310 311 334
f 334 335 311
f 311 312 335
f 335 336 312
f 312 313 336
f 336 337 313
f 313 314 337
f 337 338 314
f 314 315 338
f 338 339 315
f 315 292 339
f 339 316 292
f 316 317 340
f 340 341 317
f 317 318 341
f 341 342 318
f 318 319 342
f 342 343 319
f 319 320 343
f 343 344 320
f 320 321 344
f 344 345 321
f 321 322 345
f 345 346 322
f 322 323 346
f 346 347 323
f 323 324 347
f 347 348 324
f 324 325 348
f 348 349 325
f 325 326 349
f 349 350 326
f 326 327 350
f 350 351 327
f 327 328 351
f 351 352 328
f 328 329 352
f 352 353 329
f 329 330 353
f 353 354 330
f 330 331 354
f 354 355 331
f 331 332 355
f 355 356 332
f 332 333 356
f 356 357 333
f 333 334 357
f 357 358 334
f 334 335 358
f 358 359 335
f 335 336 359
f 359 360 336
f 336 337 360
f 360 361 337
f 337 338 361
f 361 362 338
f 338 339 362
f 362 363 339
f 339 316 363
f 363 340 316
f 340 341 364
f 364 365 341
f 341 342 365
f 365 366 342
f 342 343 366
f 366 367 343
f 343 344 367
f 367 368 344
f 344 345 368
f 368 369 345
f 345 346 369
f 369 370 346
f 346 347 370
f 370 371 347
f 347 348 371
f 371 372 348
f 348 349 372
f 372 373 349
f 349 350 373
f 373 374 350
f 350 351 374
f 374 375 351
f 351 352 375
f 375 376 352
f 352 353 376
f 376 377 353
f 353 354 377
f 377 378 354
f 354 355 378
f 378 379 355
f 355 356 379
f 379 380 356
f 356 357 380
f 380 381 357
f 357 358 381
f 381 382 358
f 358 359 382
f 382 383 359
f 359 360 383
f 383 384 360
f 360 361 384
f 384 385 361
f 361 362 385
f 385 386 362
f 362 363 386
f 386 387 363
f 363 340 387
f 387 364 340
f 364 365 388
f 388 389 365
f 365 366 389
f 389 390 366
f 366 367 390
f 390 391 367
f 367 368 391
f 391 392 368
f 368 369 392
f 392 393 369
f 369 370 393
f 393 394 370
f 370 371 394
f 394 395 371
f 371 372 395
f 395 396 372
f 372 373 396
f 396 397 373
f 373 374 397
f 397 398 374
f 374 375 398
f 398 399 375
f 375 376 399
f 399 400 376
f 376 377 400
f 400 401 377
f 377 378 401
f 401 402 378
f 378 379 402
f 402 403 379
f 379 380 403
f 403 404 380
f 380 381 404
f 404 405 381
f 381 382 405
f 405 406 382
f 382 383 406
f 406 407 383
f 383 384 407
f 407 408 384
f 384 385 408
f 408 409 385
f 385 386 409
f 409 410 386
f 386 387 410
f 410 411 387
f 387 364 411
f 411 388 364
f 388 389 412
f 412 413 389
f 389 390 413
f 413 414 390
f 390 391 414
f 414 415 391
f 391 392 415
f 415 416 392
f 392 393 416
f 416 417 393
f 393 394 417
f 417 418 394
f 394 395 418
f 418 419 395
f 395 396 419
f 419 420 396
f 396 397 420
f 420 421 397
f 397 398 421
f 421 422 398
f 398 399 422
f 422 423 399
f 399 400 423
f 423 424 400
f 400 401 424
f 424 425 401
f 401 402 425
f 425 426 402
f 402 403 426
f 426 427 403
f 403 404 427
f 427 428 404
f 404 405 428
f 428 429 405
f 405 406 429
f 429 430 406
f 406 407 430
f 430 431 407
f 407 408 431
f 431 432 408
f 408 409 432
f 432 433 409
f 409 410 433
f 433 434 410
f 410 411 434
f 434 435 411
f 411 388 435
f 435 412 388
f 412 413 436
f 436 437 413
f 413 414 437
f 437 438 414
f 414 415 438
f 438 439 415
f 415 416 439
f 439 440 416
f 416 417 440
f 440 441 417
f 417 418 441
f 441 442 418
f 418 419 442
f 442 443 419
f 419 420 443
f 443 444 420
f 420 421 444
f 444 445 421
f 421 422 445
f 445 446 422
f 422 423 446
f 446 447 423
f 423 424 447
f 447 448 424
f 424 425 448
f 448 449 425
f 425 426 449
f 449 450 426
f 426 427 450
f 450 451 427
f 451 452 427
f 427 428 452
f 452 453 428
f 453 454 428
f 428 429 454
f 454 455 429
f 455 456 429
f 429 430 456
f 456 457 430
f 457 458 430
f 430 431 458
f 458 459 431
f 459 460 431
f 431 432 460
f 460 461 432
f 461 462 432
f 432 433 462
f 462 463 433
f 433 434 463
f 463 464 434
f 434 435 464
f 464 465 435
f 435 412 465
f 465 436 412
f 436 437 466
f 466 467 437
f 437 438 467
f 467 468 438
f 438 439 468
f 468 469 439
f 439 440 469
f 469 470 440
f 440 441 470
f 470 471 441
f 441 442 471
f 471 472 442
f 442 443 472
f 472 473 443
f 443 444 473
f 473 474 444
f 444 445 474
f 474 475 445
f 445 446 475
f 475 476 446
f 446 447 476
f 476 477 447
f 447 448 477
f 477 478 448
f 448 449 478
f 478 479 449
f 450 480 449
f 480 479 449
f 450 480 481
f 481 482 483
f 479 483 480
f 480 481 483
f 481 482 484
f 452 484 451
f 450 451 481
f 481 484 451
f 452 484 485
f 485 486 487
f 482 487 484
f 484 485 487
f 485 486 488
f 454 488 453
f 452 453 485
f 485 488 453
f 454 488 489
f 489 490 491
f 486 491 488
f 488 489 491
f 489 490 492
f 456 492 455
f 454 455 489
f 489 492 455
f 456 492 493
f 493 494 495
f 490 495 492
f 492 493 495
f 493 494 496
f 458 496 457
f 456 457 493
f 493 496 457
f 458 496 497
f 497 498 499
f 494 499 496
f 496 497 499
f 497 498 500
f 460 500 459
f 458 459 497
f 497 500 459
f 460 500 501
f 501 502 503
f 498 503 500
f 500 501 503
f 501 502 504
f 462 504 461
f 460 461 501
f 501 504 461
f 462 504 505
f 505 506 507
f 502 507 504
f 504 505 507
f 462 505 463
f 505 506 463
f 506 508 463
f 463 464 508
f 508 509 464
f 464 465 509
f 509 510 465
f 465 436 510
f 510 466 436
f 466 467 511
f 511 512 467
f 467 468 512
f 512 513 468
f 468 469 513
f 513 514 469
f 469 470 514
f 514 515 470
f 470 471 515
f 515 516 471
f 471 472 516
f 516 517 472
f 472 473 517
f 517 518 473
f 473 474 518
f 518 519 474
f 474 475 519
f 519 520 475
f 475 476 520
f 520 521 476
f 476 477 521
f 521 522 477
f 477 478 522
f 522 523 478
f 478 479 523
f 479 524 523
f 524 525 523
f 524 525 526
f 482 526 483
f 479 483 524
f 524 526 483
f 482 526 527
f 527 528 529
f 525 529 526
f 526 527 529
f 527 528 530
f 486 530 487
f 482 487 527
f 527 530 487
f 486 530 531
f 531 532 533
f 528 533 530
f 530 531 533
f 531 532 534
f 490 534 491
f 486 491 531
f 531 534 491
f 490 534 535
f 535 536 537
f 532 537 534
f 534 535 537
f 535 536 538
f 494 538 495
f 490 495 535
f 535 538 495
f 494 538 539
f 539 540 541
f 536 541 538
f 538 539 541
f 539 540 542
f 498 542 499
f 494 499 539
f 539 542 499
f 498 542 543
f 543 544 545
f 540 545 542
f 542 543 545
f 543 544 546
f 502 546 503
f 498 503 543
f 543 546 503
f 502 546 547
f 547 548 549
f 544 549 546
f 546 547 549
f 547 548 550
f 506 550 507
f 502 507 547
f 547 550 507
f 506 550 551
f 550 548 551
f 506 508 551
f 551 552 508
f 508 509 552
f 552 553 509
f 509 510 553
f 553 554 510
f 510 466 554
f 554 511 466
f 511 512 555
f 555 556 512
f 512 513 556
f 556 557 513
f 513 514 557
f 557 558 514
f 514 515 558
f 558 559 515
f 515 516 559
f 559 560 516
f 516 517 560
f 560 561 517
f 517 518 561
f 561 562 518
f 518 519 562
f 562 563 519
f 519 520 563
f 563 564 520
f 520 521 564
f 564 565 521
f 521 522 565
f 565 566 522
f 522 523 566
f 566 567 523
f 523 525 567
f 567 568 525
f 525 529 568
f 529 528 568
f 528 569 568
f 569 570 568
f 569 570 571
f 532 571 533
f 528 533 569
f 569 571 533
f 532 571 572
f 572 573 574
f 570 574 571
f 571 572 574
f 572 573 575
f 536 575 537
f 532 537 572
f 572 575 537
f 536 575 576
f 576 577 578
f 573 578 575
f 575 576 578
f 576 577 579
f 540 579 541
f 536 541 576
f 576 579 541
f 540 579 580
f 580 581 582
f 577 582 579
f 579 580 582
f 580 581 583
f 544 583 545
f 540 545 580
f 580 583 545
f 544 583 584
f 583 581 584
f 544 549 584
f 549 548 584
f 584 585 548
f 548 551 585
f 585 586 551
f 551 552 586
f 586 587 552
f 552 553 587
f 587 588 553
f 553 554 588
f 588 589 554
f 554 511 589
f 589 555 511
f 555 556 590
f 556 557 590
f 557 558 590
f 558 559 590
f 559 560 590
f 560 561 590
f 561 562 590
f 562 563 590
f 563 564 590
f 564 565 590
f 565 566 590
f 566 567 590
f 567 568 590
f 568 570 590
f 570 574 590
f 574 573 590
f 573 578 590
f 578 577 590
f 577 582 590
f 582 581 590
f 581 584 590
f 584 585 590
f 585 586 590
f 586 587 590
f 587 588 590
f 588 589 590
f 589 555 590
f 591 592 593
f 591 593 594
f 591 594 595
f 591 595 596
f 591 596 597
f 591 597 598
f 591 598 599
f 591 599 600
f 591 600 601
f 591 601 602
f 591 602 603
f 591 603 592
f 592 593 604
f 604 605 593
f 593 594 605
f 605 606 594
f 594 595 606
f 606 607 595
f 595 596 607
f 607 608 596
f 596 597 608
f 608 609 597
f 597 598 609
f 609 610 598
f 598 599 610
f 610 611 599
f 599 600 611
f 611 612 600
f 600 601 612
f 612 613 601
f 601 602 613
f 613 614 602
f 602 603 614
f 614 615 603
f 603 592 615
f 615 604 592
f 604 605 616
f 616 617 605
f 605 606 617
f 617 618 606
f 606 607 618
f 618 619 607
f 607 608 619
f 619 620 608
f 608 609 620
f 620 621 609
f 609 610 621
f 621 622 610
f 610 611 622
f 622 623 611
f 611 612 623
f 623 624 612
f 612 613 624
f 624 625 613
f 613 614 625
f 625 626 614
f 614 615 626
f 626 627 615
f 615 604 627
f 627 616 604
f 616 617 628
f 628 629 617
f 617 618 629
f 629 630 618
f 618 619 630
f 630 631 619
f 619 620 631
f 631 632 620
f 620 621 632
f 632 633 621
f 621 622 633
f 633 634 622
f 622 623 634
f 634 635 623
f 623 624 635
f 635 636 624
f 624 625 636
f 636 637 625
f 625 626 637
f 637 638 626
f 626 627 638
f 638 639 627
f 627 616 639
f 639 628 616
f 628 629 640
f 640 641 629
f 629 630 641
f 641 642 630
f 630 631 642
f 642 643 631
f 631 632 643
f 643 644 632
f 632 633 644
f 644 645 633
f 633 634 645
f 645 646 634
f 634 635 646
f 646 647 635
f 635 636 647
f 647 648 636
f 636 637 648
f 648 649 637
f 637 638 649
f 649 650 638
f 638 639 650
f 650 651 639
f 639 628 651
f 651 640 628
f 640 641 652
f 652 653 641
f 641 642 653
f 653 654 642
f 642 643 654
f 654 655 643
f 643 644 655
f 655 656 644
f 644 645 656
f 656 657 645
f 645 646 657
f 657 658 646
f 646 647 658
f 658 659 647
f 647 648 659
f 659 660 648
f 648 649 660
f 660 661 649
f 649 650 661
f 661 662 650
f 650 651 662
f 662 663 651
f 651 640 663
f 663 652 640
f 652 653 664
f 664 665 653
f 653 654 665
f 665 666 654
f 654 655 666
f 666 667 655
f 655 656 667
f 667 668 656
f 656 657 668
f 668 669 657
f 657 658 669
f 669 670 658
f 658 659 670
f 670 671 659
f 659 660 671
f 671 672 660
f 660 661 672
f 672 673 661
f 661 662 673
f 673 674 662
f 662 663 674
f 674 675 663
f 663 652 675
f 675 664 652
f 664 665 676
f 676 677 665
f 665 666 677
f 677 678 666
f 666 667 678
f 678 679 667
f 667 668 679
f 679 680 668
f 668 669 680
f 680 681 669
f 669 670 681
f 681 682 670
f 670 671 682
f 682 683 671
f 671 672 683
f 683 684 672
f 672 673 684
f 684 685 673
f 673 674 685
f 685 686 674
f 674 675 686
f 686 687 675
f 675 664 687
f 687 676 664
f 676 677 688
f 688 689 677
f 677 678 689
f 689 690 678
f 678 679 690
f 690 691 679
f 679 680 691
f 691 692 680
f 680 681 692
f 692 693 681
f 681 682 693
f 693 694 682
f 682 683 694
f 694 695 683
f 683 684 695
f 695 696 684
f 684 685 696
f 696 697 685
f 685 686 697
f 697 698 686
f 686 687 698
f 698 699 687
f 687 676 699
f 699 688 676
f 688 689 700
f 689 690 700
f 690 691 700
f 691 692 700
f 692 693 700
f 693 694 700
f 694 695 700
f 695 696 700
f 696 697 700
f 697 698 700
f 698 699 700
f 699 688 700
f 701 702 703
f 701 703 704
f 701 704 705
f 701 705 706
f 701 706 707
f 701 707 708
f 701 708 709
f 701 709 710
f 701 710 711
f 701 711 712
f 701 712 713
f 701 713 702
f 702 703 714
f 714 715 703
f 703 704 715
f 715 716 704
f 704 705 716
f 716 717 705
f 705 706 717
f 717 718 706
f 706 707 718
f 718 719 707
f 707 708 719
f 719 720 708
f 708 709 720
f 720 721 709
f 709 710 721
f 721 722 710
f 710 711 722
f 722 723 711
f 711 712 723
f 723 724 712
f 712 713 724
f 724 725 713
f 713 702 725
f 725 714 702
f 714 715 726
f 726 727 715
f 715 716 727
f 727 728 716
f 716 717 728
f 728 729 717
f 717 718 729
f 729 730 718
f 718 719 730
f 730 731 719
f 719 720 731
f 731 732 720
f 720 721 732
f 732 733 721
f 721 722 733
f 733 734 722
f 722 723 734
f 734 735 723
f 723 724 735
f 735 736 724
f 724 725 736
f 736 737 725
f 725 714 737
f 737 726 714
f 726 727 738
f 738 739 727
f 727 728 739
f 739 740 728
f 728 729 740
f 740 741 729
f 729 730 741
f 741 742 730
f 730 731 742
f 742 743 731
f 731 732 743
f 743 744 732
f 732 733 744
f 744 745 733
f 733 734 745
f 745 746 734
f 734 735 746
f 746 747 735
f 735 736 747
f 747 748 736
f 736 737 748
f 748 749 737
f 737 726 749
f 749 738 726
f 738 739 750
f 739 740 750
f 740 741 750
f 741 742 750
f 742 743 750
f 743 744 750
f 744 745 750
f 745 746 750
f 746 747 750
f 747 748 750
f 748 749 750
f 749 738 750
f 751 752 753
f 751 753 754
f 751 754 755
f 751 755 756
f 751 756 757
f 751 757 758
f 751 758 759
f 751 759 760
f 751 760 761
f 751 761 762
f 751 762 763
f 751 763 752
f 752 753 764
f 764 765 753
f 753 754 765
f 765 766 754
f 754 755 766
f 766 767 755
f 755 756 767
f 767 768 756
f 756 757 768
f 768 769 757
f 757 758 769
f 769 770 758
f 758 759 770
f 770 771 759
f 759 760 771
f 771 772 760
f 760 761 772
f 772 773 761
f 761 762 773
f 773 774 762
f 762 763 774
f 774 775 763
f 763 752 775
f 775 764 752
f 764 765 776
f 776 777 765
f 765 766 777
f 777 778 766
f 766 767 778
f 778 779 767
f 767 768 779
f 779 780 768
f 768 769 780
f 780 781 769
f 769 770 781
f 781 782 770
f 770 771 782
f 782 783 771
f 771 772 783
f 783 784 772
f 772 773 784
f 784 785 773
f 773 774 785
f 785 786 774
f 774 775 786
f 786 787 775
f 775 764 787
f 787 776 764
f 776 777 788
f 788 789 777
f 777 778 789
f 789 790 778
f 778 779 790
f 790 791 779
f 779 780 791
f 791 792 780
f 780 781 792
f 792 793 781
f 781 782 793
f 793 794 782
f 782 783 794
f 794 795 783
f 783 784 795
f 795 796 784
f 784 785 796
f 796 797 785
f 785 786 797
f 797 798 786
f 786 787 798
f 798 799 787
f 787 776 799
f 799 788 776
f 788 789 800
f 789 790 800
f 790 791 800
f 791 792 800
f 792 793 800
f 793 794 800
f 794 795 800
f 795 796 800
f 796 797 800
f 797 798 800
f 798 799 800
f 799 788 800
f 801 802 803
f 801 803 804
f 801 804 805
f 801 805 806
f 801 806 807
f 801 807 808
f 801 808 809
f 801 809 810
f 801 810 811
f 801 811 812
f 801 812 813
f 801 813 802
f 802 803 814
f 814 815 803
f 803 804 815
f 815 816 804
f 804 805 816
f 816 817 805
f 805 806 817
f 817 818 806
f 806 807 818
f 818 819 807
f 807 808 819
f 819 820 808
f 808 809 820
f 820 821 809
f 809 810 821
f 821 822 810
f 810 811 822
f 822 823 811
f 811 812 823
f 823 824 812
f 812 813 824
f 824 825 813
f 813 802 825
f 825 814 802
f 814 815 826
f 826 827 815
f 815 816 827
f 827 828 816
f 816 817 828
f 828 829 817
f 817 818 829
f 829 830 818
f 818 819 830
f 830 831 819
f 819 820 831
f 831 832 820
f 820 821 832
f 832 833 821
f 821 822 833
f 833 834 822
f 822 823 834
f 834 835 823
f 823 824 835
f 835 836 824
f 824 825 836
f 836 837 825
f 825 814 837
f 837 826 814
f 826 827 838
f 838 839 827
f 827 828 839
f 839 840 828
f 828 829 840
f 840 841 829
f 829 830 841
f 841 842 830
f 830 831 842
f 842 843 831
f 831 832 843
f 843 844 832
f 832 833 844
f 844 845 833
f 833 834 845
f 845 846 834
f 834 835 846
f 846 847 835
f 835 836 847
f 847 848 836
f 836 837 848
f 848 849 837
f 837 826 849
f 849 838 826
f 838 839 850
f 850 851 839
f 839 840 851
f 851 852 840
f 840 841 852
f 852 853 841
f 841 842 853
f 853 854 842
f 842 843 854
f 854 855 843
f 843 844 855
f 855 856 844
f 844 845 856
f 856 857 845
f 845 846 857
f 857 858 846
f 846 847 858
f 858 859 847
f 847 848 859
f 859 860 848
f 848 849 860
f 860 861 849
f 849 838 861
f 861 850 838
f 850 851 862
f 862 863 851
f 851 852 863
f 863 864 852
f 852 853 864
f 864 865 853
f 853 854 865
f 865 866 854
f 854 855 866
f 866 867 855
f 855 856 867
f 867 868 856
f 856 857 868
f 868 869 857
f 857 858 869
f 869 870 858
f 858 859 870
f 870 871 859
f 859 860 871
f 871 872 860
f 860 861 872
f 872 873 861
f 861 850 873
f 873 862 850
f 862 863 874
f 874 875 863
f 863 864 875
f 875 876 864
f 864 865 876
f 876 877 865
f 865 866 877
f 877 878 866
f 866 867 878
f 878 879 867
f 867 868 879
f 879 880 868
f 868 869 880
f 880 881 869
f 869 870 881
f 881 882 870
f 870 871 882
f 882 883 871
f 871 872 883
f 883 884 872
f 872 873 884
f 884 885 873
f 873 862 885
f 885 874 862
f 874 875 886
f 886 887 875
f 875 876 887
f 887 888 876
f 876 877 888
f 888 889 877
f 877 878 889
f 889 890 878
f 878 879 890
f 890 891 879
f 879 880 891
f 891 892 880
f 880 881 892
f 892 893 881
f 881 882 893
f 893 894 882
f 882 883 894
f 894 895 883
f 883 884 895
f 895 896 884
f 884 885 896
f 896 897 885
f 885 874 897
f 897 886 874
f 886 887 898
f 898 899 887
f 887 888 899
f 899 900 888
f 888 889 900
f 900 901 889
f 889 890 901
f 901 902 890
f 890 891 902
f 902 903 891
f 891 892 903
f 903 904 892
f 892 893 904
f 904 905 893
f 893 894 905
f 905 906 894
f 894 895 906
f 906 907 895
f 895 896 907
f 907 908 896
f 896 897 908
f 908 909 897
f 897 886 909
f 909 898 886
f 898 899 910
f 910 911 899
f 899 900 911
f 911 912 900
f 900 901 912
f 912 913 901
f 901 902 913
f 913 914 902
f 902 903 914
f 914 915 903
f 903 904 915
f 915 916 904
f 904 905 916
f 916 917 905
f 905 906 917
f 917 918 906
f 906 907 918
f 918 919 907
f 907 908 919
f 919 920 908
f 908 909 920
f 920 921 909
f 909 898 921
f 921 910 898
f 910 911 922
f 922 923 911
f 911 912 923
f 923 924 912
f 912 913 924
f 924 925 913
f 913 914 925
f 925 926 914
f 914 915 926
f 926 927 915
f 915 916 927
f 927 928 916
f 916 917 928
f 928 929 917
f 917 918 929
f 929 930 918
f 918 919 930
f 930 931 919
f 919 920 931
f 931 932 920
f 920 921 932
f 932 933 921
f 921 910 933
f 933 922 910
f 922 923 934
f 934 935 923
f 923 924 935
f 935 936 924
f 924 925 936
f 936 937 925
f 925 926 937
f 937 938 926
f 926 927 938
f 938 939 927
f 927 928 939
f 939 940 928
f 928 929 940
f 940 941 929
f 929 930 941
f 941 942 930
f 930 931 942
f 942 943 931
f 931 932 943
f 943 944 932
f 932 933 944
f 944 945 933
f 933 922 945
f 945 934 922
f 934 935 946
f 946 947 935
f 935 936 947
f 947 948 936
f 936 937 948
f 948 949 937
f 937 938 949
f 949 950 938
f 938 939 950
f 950 951 939
f 939 940 951
f 951 952 940
f 940 941 952
f 952 953 941
f 941 942 953
f 953 954 942
f 942 943 954
f 954 955 943
f 943 944 955
f 955 956 944
f 944 945 956
f 956 957 945
f 945 934 957
f 957 946 934
f 946 947 958
f 947 948 958
f 948 949 958
f 949 950 958
f 950 951 958
f 951 952 958
f 952 953 958
f 953 954 958
f 954 955 958
f 955 956 958
f 956 957 958
f 957 946 958
f 959 960 961
f 959 961 962
f 959 962 963
f 959 963 964
f 959 964 965
f 959 965 966
f 959 966 967
f 959 967 968
f 959 968 969
f 959 969 970
f 959 970 971
f 959 971 960
f 960 961 972
f 972 973 961
f 961 962 973
f 973 974 962
f 962 963 974
f 974 975 963
f 963 964 975
f 975 976 964
f 964 965 976
f 976 977 965
f 965 966 977
f 977 978 966
f 966 967 978
f 978 979 967
f 967 968 979
f 979 980 968
f 968 969 980
f 980 981 969
f 969 970 981
f 981 982 970
f 970 971 982
f 982 983 971
f 971 960 983
f 983 972 960
f 972 973 984
f 984 985 973
f 973 974 985
f 985 986 974
f 974 975 986
f 986 987 975
f 975 976 987
f 987 988 976
f 976 977 988
f 988 989 977
f 977 978 989
f 989 990 978
f 978 979 990
f 990 991 979
f 979 980 991
f 991 992 980
f 980 981 992
f 992 993 981
f 981 982 993
f 993 994 982
f 982 983 994
f 994 995 983
f 983 972 995
f 995 984 972
f 984 985 996
f 996 997 985
f 985 986 997
f 997 998 986
f 986 987 998
f 998 999 987
f 987 988 999
f 999 1000 988
f 988 989 1000
f 1000 1001 989
f 989 990 1001
f 1001 1002 990
f 990 991 1002
f 1002 1003 991
f 991 992 1003
f 1003 1004 992
f 992 993 1004
f 1004 1005 993
f 993 994 1005
f 1005 1006 994
f 994 995 1006
f 1006 1007 995
f 995 984 1007
f 1007 996 984
f 996 997 1008
f 1008 1009 997
f 997 998 1009
f 1009 1010 998
f 998 999 1010
f 1010 1011 999
f 999 1000 1011
f 1011 1012 1000
f 1000 1001 1012
f 1012 1013 1001
f 1001 1002 1013
f 1013 1014 1002
f 1002 1003 1014
f 1014 1015 1003
f 1003 1004 1015
f 1015 1016 1004
f 1004 1005 1016
f 1016 1017 1005
f 1005 1006 1017
f 1017 1018 1006
f 1006 1007 1018
f 1018 1019 1007
f 1007 996 1019
f 1019 1008 996
f 1008 1009 1020
f 1020 1021 1009
f 1009 1010 1021
f 1021 1022 1010
f 1010 1011 1022
f 1022 1023 1011
f 1011 1012 1023
f 1023 1024 1012
f 1012 1013 1024
f 1024 1025 1013
f 1013 1014 1025
f 1025 1026 1014
f 1014 1015 1026
f 1026 1027 1015
f 1015 1016 1027
f 1027 1028 1016
f 1016 1017 1028
f 1028 1029 1017
f 1017 1018 1029
f 1029 1030 1018
f 1018 1019 1030
f 1030 1031 1019
f 1019 1008 1031
f 1031 1020 1008
f 1020 1021 1032
f 1021 1022 1032
f 1022 1023 1032
f 1023 1024 1032
f 1024 1025 1032
f 1025 1026 1032
f 1026 1027 1032
f 1027 1028 1032
f 1028 1029 1032
f 1029 1030 1032
f 1030 1031 1032
f 1031 1020 1032
f 1033 1034 1035
f 1033 1035 1036
f 1033 1036 1037
f 1033 1037 1038
f 1033 1038 1039
f 1033 1039 1040
f 1033 1040 1041
f 1033 1041 1042
f 1033 1042 1043
f 1033 1043 1044
f 1033 1044 1045
f 1033 1045 1034
f 1034 1035 1046
f 1046 1047 1035
f 1035 1036 1047
f 1047 1048 1036
f 1036 1037 1048
f 1048 1049 1037
f 1037 1038 1049
f 1049 1050 1038
f 1038 1039 1050
f 1050 1051 1039
f 1039 1040 1051
f 1051 1052 1040
f 1040 1041 1052
f 1052 1053 1041
f 1041 1042 1053
f 1053 1054 1042
f 1042 1043 1054
f 1054 1055 1043
f 1043 1044 1055
f 1055 1056 1044
f 1044 1045 1056
f 1056 1057 1045
f 1045 1034 1057
f 1057 1046 1034
f 1046 1047 1058
f 1058 1059 1047
f 1047 1048 1059
f 1059 1060 1048
f 1048 1049 1060
f 1060 1061 1049
f 1049 1050 1061
f 1061 1062 1050
f 1050 1051 1062
f 1062 1063 1051
f 1051 1052 1063
f 1063 1064 1052
f 1052 1053 1064
f 1064 1065 1053
f 1053 1054 1065
f 1065 1066 1054
f 1054 1055 1066
f 1066 1067 1055
f 1055 1056 1067
f 1067 1068 1056
f 1056 1057 1068
f 1068 1069 1057
f 1057 1046 1069
f 1069 1058 1046
f 1058 1059 1070
f 1070 1071 1059
f 1059 1060 1071
f 1071 1072 1060
f 1060 1061 1072
f 1072 1073 1061
f 1061 1062 1073
f 1073 1074 1062
f 1062 1063 1074
f 1074 1075 1063
f 1063 1064 1075
f 1075 1076 1064
f 1064 1065 1076
f 1076 1077 1065
f 1065 1066 1077
f 1077 1078 1066
f 1066 1067 1078
f 1078 1079 1067
f 1067 1068 1079
f 1079 1080 1068
f 1068 1069 1080
f 1080 1081 1069
f 1069 1058 1081
f 1081 1070 1058
f 1070 1071 1082
f 1082 1083 1071
f 1071 1072 1083
f 1083 1084 1072
f 1072 1073 1084
f 1084 1085 1073
f 1073 1074 1085
f 1085 1086 1074
f 1074 1075 1086
f 1086 1087 1075
f 1075 1076 1087
f 1087 1088 1076
f 1076 1077 1088
f 1088 1089 1077
f 1077 1078 1089
f 1089 1090 1078
f 1078 1079 1090
f 1090 1091 1079
f 1079 1080 1091
f 1091 1092 1080
f 1080 1081 1092
f 1092 1093 1081
f 1081 1070 1093
f 1093 1082 1070
f 1082 1083 1094
f 1094 1095 1083
f 1083 1084 1095
f 1095 1096 1084
f 1084 1085 1096
f 1096 1097 1085
f 1085 1086 1097
f 1097 1098 1086
f 1086 1087 1098
f 1098 1099 1087
f 1087 1088 1099
f 1099 1100 1088
f 1088 1089 1100
f 1100 1101 1089
f 1089 1090 1101
f 1101 1102 1090
f 1090 1091 1102
f 1102 1103 1091
f 1091 1092 1103
f 1103 1104 1092
f 1092 1093 1104
f 1104 1105 1093
f 1093 1082 1105
f 1105 1094 1082
f 1094 1095 1106
f 1095 1096 1106
f 1096 1097 1106
f 1097 1098 1106
f 1098 1099 1106
f 1099 1100 1106
f 1100 1101 1106
f 1101 1102 1106
f 1102 1103 1106
f 1103 1104 1106
f 1104 1105 1106
f 1105 1094 1106
f 1107 1108 1109
f 1107 1109 1110
f 1107 1110 1111
f 1107 1111 1112
f 1107 1112 1113
f 1107 1113 1114
f 1107 1114 1115
f 1107 1115 1116
f 1107 1116 1117
f 1107 1117 1118
f 1107 1118 1119
f 1107 1119 1108
f 1108 1109 1120
f 1120 1121 1109
f 1109 1110 1121
f 1121 1122 1110
f 1110 1111 1122
f 1122 1123 1111
f 1111 1112 1123
f 1123 1124 1112
f 1112 1113 1124
f 1124 1125 1113
f 1113 1114 1125
f 1125 1126 1114
f 1114 1115 1126
f 1126 1127 1115
f 1115 1116 1127
f 1127 1128 1116
f 1116 1117 1128
f 1128 1129 1117
f 1117 1118 1129
f 1129 1130 1118
f 1118 1119 1130
f 1130 1131 1119
f 1119 1108 1131
f 1131 1120 1108
f 1120 1121 1132
f 1132 1133 1121
f 1121 1122 1133
f 1133 1134 1122
f 1122 1123 1134
f 1134 1135 1123
f 1123 1124 1135
f 1135 1136 1124
f 1124 1125 1136
f 1136 1137 1125
f 1125 1126 1137
f 1137 1138 1126
f 1126 1127 1138
f 1138 1139 1127
f 1127 1128 1139
f 1139 1140 1128
f 1128 1129 1140
f 1140 1141 1129
f 1129 1130 1141
f 1141 1142 1130
f 1130 1131 1142
f 1142 1143 1131
f 1131 1120 1143
f 1143 1132 1120
f 1132 1133 1144
f 1144 1145 1133
f 1133 1134 1145
f 1145 1146 1134
f 1134 1135 1146
f 1146 1147 1135
f 1135 1136 1147
f 1147 1148 1136
f 1136 1137 1148
f 1148 1149 1137
f 1137 1138 1149
f 1149 1150 1138
f 1138 1139 1150
f 1150 1151 1139
f 1139 1140 1151
f 1151 1152 1140
f 1140 1141 1152
f 1152 1153 1141
f 1141 1142 1153
f 1153 1154 1142
f 1142 1143 1154
f 1154 1155 1143
f 1143 1132 1155
f 1155 1144 1132
f 1144 1145 1156
f 1156 1157 1145
f 1145 1146 1157
f 1157 1158 1146
f 1146 1147 1158
f 1158 1159 1147
f 1147 1148 1159
f 1159 1160 1148
f 1148 1149 1160
f 1160 1161 1149
f 1149 1150 1161
f 1161 1162 1150
f 1150 1151 1162
f 1162 1163 1151
f 1151 1152 1163
f 1163 1164 1152
f 1152 1153 1164
f 1164 1165 1153
f 1153 1154 1165
f 1165 1166 1154
f 1154 1155 1166
f 1166 1167 1155
f 1155 1144 1167
f 1167 1156 1144
f 1156 1157 1168
f 1168 1169 1157
f 1157 1158 1169
f 1169 1170 1158
f 1158 1159 1170
f 1170 1171 1159
f 1159 1160 1171
f 1171 1172 1160
f 1160 1161 1172
f 1172 1173 1161
f 1161 1162 1173
f 1173 1174 1162
f 1162 1163 1174
f 1174 1175 1163
f 1163 1164 1175
f 1175 1176 1164
f 1164 1165 1176
f 1176 1177 1165
f 1165 1166 1177
f 1177 1178 1166
f 1166 1167 1178
f 1178 1179 1167
f 1167 1156 1179
f 1179 1168 1156
f 1168 1169 1180
f 1169 1170 1180
f 1170 1171 1180
f 1171 1172 1180
f 1172 1173 1180
f 1173 1174 1180
f 1174 1175 1180
f 1175 1176 1180
f 1176 1177 1180
f 1177 1178 1180
f 1178 1179 1180
f 1179 1168 1180
f 1181 1182 1183
f 1181 1183 1184
f 1181 1184 1185
f 1181 1185 1186
f 1181 1186 1187
f 1181 1187 1188
f 1181 1188 1189
f 1181 1189 1190
f 1181 1190 1191
f 1181 1191 1192
f 1181 1192 1193
f 1181 1193 1182
f 1182 1183 1194
f 1194 1195 1183
f 1183 1184 1195
f 1195 1196 1184
f 1184 1185 1196
f 1196 1197 1185
f 1185 1186 1197
f 1197 1198 1186
f 1186 1187 1198
f 1198 1199 1187
f 1187 1188 1199
f 1199 1200 1188
f 1188 1189 1200
f 1200 1201 1189
f 1189 1190 1201
f 1201 1202 1190
f 1190 1191 1202
f 1202 1203 1191
f 1191 1192 1203
f 1203 1204 1192
f 1192 1193 1204
f 1204 1205 1193
f 1193 1182 1205
f 1205 1194 1182
f 1194 1195 1206
f 1206 1207 1195
f 1195 1196 1207
f 1207 1208 1196
f 1196 1197 1208
f 1208 1209 1197
f 1197 1198 1209
f 1209 1210 1198
f 1198 1199 1210
f 1210 1211 1199
f 1199 1200 1211
f 1211 1212 1200
f 1200 1201 1212
f 1212 1213 1201
f 1201 1202 1213
f 1213 1214 1202
f 1202 1203 1214
f 1214 1215 1203
f 1203 1204 1215
f 1215 1216 1204
f 1204 1205 1216
f 1216 1217 1205
f 1205 1194 1217
f 1217 1206 1194
f 1206 1207 1218
f 1218 1219 1207
f 1207 1208 1219
f 1219 1220 1208
f 1208 1209 1220
f 1220 1221 1209
f 1209 1210 1221
f 1221 1222 1210
f 1210 1211 1222
f 1222 1223 1211
f 1211 1212 1223
f 1223 1224 1212
f 1212 1213 1224
f 1224 1225 1213
f 1213 1214 1225
f 1225 1226 1214
f 1214 1215 1226
f 1226 1227 1215
f 1215 1216 1227
f 1227 1228 1216
f 1216 1217 1228
f 1228 1229 1217
f 1217 1206 1229
f 1229 1218 1206
f 1218 1219 1230
f 1230 1231 1219
f 1219 1220 1231
f 1231 1232 1220
f 1220 1221 1232
f 1232 1233 1221
f 1221 1222 1233
f 1233 1234 1222
f 1222 1223 1234
f 1234 1235 1223
f 1223 1224 1235
f 1235 1236 1224
f 1224 1225 1236
f 1236 1237 1225
f 1225 1226 1237
f 1237 1238 1226
f 1226 1227 1238
f 1238 1239 1227
f 1227 1228 1239
f 1239 1240 1228
f 1228 1229 1240
f 1240 1241 1229
f 1229 1218 1241
f 1241 1230 1218
f 1230 1231 1242
f 1242 1243 1231
f 1231 1232 1243
f 1243 1244 1232
f 1232 1233 1244
f 1244 1245 1233
f 1233 1234 1245
f 1245 1246 1234
f 1234 1235 1246
f 1246 1247 1235
f 1235 1236 1247
f 1247 1248 1236
f 1236 1237 1248
f 1248 1249 1237
f 1237 1238 1249
f 1249 1250 1238
f 1238 1239 1250
f 1250 1251 1239
f 1239 1240 1251
f 1251 1252 1240
f 1240 1241 1252
f 1252 1253 1241
f 1241 1230 1253
f 1253 1242 1230
f 1242 1243 1254
f 1254 1255 1243
f 1243 1244 1255
f 1255 1256 1244
f 1244 1245 1256
f 1256 1257 1245
f 1245 1246 1257
f 1257 1258 1246
f 1246 1247 1258
f 1258 1259 1247
f 1247 1248 1259
f 1259 1260 1248
f 1248 1249 1260
f 1260 1261 1249
f 1249 1250 1261
f 1261 1262 1250
f 1250 1251 1262
f 1262 1263 1251
f 1251 1252 1263
f 1263 1264 1252
f 1252 1253 1264
f 1264 1265 1253
f 1253 1242 1265
f 1265 1254 1242
f 1254 1255 1266
f 1266 1267 1255
f 1255 1256 1267
f 1267 1268 1256
f 1256 1257 1268
f 1268 1269 1257
f 1257 1258 1269
f 1269 1270 1258
f 1258 1259 1270
f 1270 1271 1259
f 1259 1260 1271
f 1271 1272 1260
f 1260 1261 1272
f 1272 1273 1261
f 1261 1262 1273
f 1273 1274 1262
f 1262 1263 1274
f 1274 1275 1263
f 1263 1264 1275
f 1275 1276 1264
f 1264 1265 1276
f 1276 1277 1265
f 1265 1254 1277
f 1277 1266 1254
f 1266 1267 1278
f 1278 1279 1267
f 1267 1268 1279
f 1279 1280 1268
f 1268 1269 1280
f 1280 1281 1269
f 1269 1270 1281
f 1281 1282 1270
f 1270 1271 1282
f 1282 1283 1271
f 1271 1272 1283
f 1283 1284 1272
f 1272 1273 1284
f 1284 1285 1273
f 1273 1274 1285
f 1285 1286 1274
f 1274 1275 1286
f 1286 1287 1275
f 1275 1276 1287
f 1287 1288 1276
f 1276 1277 1288
f 1288 1289 1277
f 1277 1266 1289
f 1289 1278 1266
f 1278 1279 1290
f 1290 1291 1279
f 1279 1280 1291
f 1291 1292 1280
f 1280 1281 1292
f 1292 1293 1281
f 1281 1282 1293
f 1293 1294 1282
f 1282 1283 1294
f 1294 1295 1283
f 1283 1284 1295
f 1295 1296 1284
f 1284 1285 1296
f 1296 1297 1285
f 1285 1286 1297
f 1297 1298 1286
f 1286 1287 1298
f 1298 1299 1287
f 1287 1288 1299
f 1299 1300 1288
f 1288 1289 1300
f 1300 1301 1289
f 1289 1278 1301
f 1301 1290 1278
f 1290 1291 1302
f 1302 1303 1291
f 1291 1292 1303
f 1303 1304 1292
f 1292 1293 1304
f 1304 1305 1293
f 1293 1294 1305
f 1305 1306 1294
f 1294 1295 1306
f 1306 1307 1295
f 1295 1296 1307
f 1307 1308 1296
f 1296 1297 1308
f 1308 1309 1297
f 1297 1298 1309
f 1309 1310 1298
f 1298 1299 1310
f 1310 1311 1299
f 1299 1300 1311
f 1311 1312 1300
f 1300 1301 1312
f 1312 1313 1301
f 1301 1290 1313
f 1313 1302 1290
f 1302 1303 1314
f 1314 1315 1303
f 1303 1304 1315
f 1315 1316 1304
f 1304 1305 1316
f 1316 1317 1305
f 1305 1306 1317
f 1317 1318 1306
f 1306 1307 1318
f 1318 1319 1307
f 1307 1308 1319
f 1319 1320 1308
f 1308 1309 1320
f 1320 1321 1309
f 1309 1310 1321
f 1321 1322 1310
f 1310 1311 1322
f 1322 1323 1311
f 1311 1312 1323
f 1323 1324 1312
f 1312 1313 1324
f 1324 1325 1313
f 1313 1302 1325
f 1325 1314 1302
f 1314 1315 1326
f 1326 1327 1315
f 1315 1316 1327
f 1327 1328 1316
f 1316 1317 1328
f 1328 1329 1317
f 1317 1318 1329
f 1329 1330 1318
f 1318 1319 1330
f 1330 1331 1319
f 1319 1320 1331
f 1331 1332 1320
f 1320 1321 1332
f 1332 1333 1321
f 1321 1322 1333
f 1333 1334 1322
f 1322 1323 1334
f 1334 1335 1323
f 1323 1324 1335
f 1335 1336 1324
f 1324 1325 1336
f 1336 1337 1325
f 1325 1314 1337
f 1337 1326 1314
f 1326 1327 1338
f 1327 1328 1338
f 1328 1329 1338
f 1329 1330 1338
f 1330 1331 1338
f 1331 1332 1338
f 1332 1333 1338
f 1333 1334 1338
f 1334 1335 1338
f 1335 1336 1338
f 1336 1337 1338
f 1337 1326 1338
f 1339 1340 1341
f 1339 1341 1342
f 1339 1342 1343
f 1339 1343 1344
f 1339 1344 1345
f 1339 1345 1346
f 1339 1346 1347
f 1339 1347 1348
f 1339 1348 1349
f 1339 1349 1350
f 1339 1350 1351
f 1339 1351 1340
f 1340 1341 1352
f 1352 1353 1341
f 1341 1342 1353
f 1353 1354 1342
f 1342 1343 1354
f 1354 1355 1343
f 1343 1344 1355
f 1355 1356 1344
f 1344 1345 1356
f 1356 1357 1345
f 1345 1346 1357
f 1357 1358 1346
f 1346 1347 1358
f 1358 1359 1347
f 1347 1348 1359
f 1359 1360 1348
f 1348 1349 1360
f 1360 1361 1349
f 1349 1350 1361
f 1361 1362 1350
f 1350 1351 1362
f 1362 1363 1351
f 1351 1340 1363
f 1363 1352 1340
f 1352 1353 1364
f 1364 1365 1353
f 1353 1354 1365
f 1365 1366 1354
f 1354 1355 1366
f 1366 1367 1355
f 1355 1356 1367
f 1367 1368 1356
f 1356 1357 1368
f 1368 1369 1357
f 1357 1358 1369
f 1369 1370 1358
f 1358 1359 1370
f 1370 1371 1359
f 1359 1360 1371
f 1371 1372 1360
f 1360 1361 1372
f 1372 1373 1361
f 1361 1362 1373
f 1373 1374 1362
f 1362 1363 1374
f 1374 1375 1363
f 1363 1352 1375
f 1375 1364 1352
f 1364 1365 1376
f 1376 1377 1365
f 1365 1366 1377
f 1377 1378 1366
f 1366 1367 1378
f 1378 1379 1367
f 1367 1368 1379
f 1379 1380 1368
f 1368 1369 1380
f 1380 1381 1369
f 1369 1370 1381
f 1381 1382 1370
f 1370 1371 1382
f 1382 1383 1371
f 1371 1372 1383
f 1383 1384 1372
f 1372 1373 1384
f 1384 1385 1373
f 1373 1374 1385
f 1385 1386 1374
f 1374 1375 1386
f 1386 1387 1375
f 1375 1364 1387
f 1387 1376 1364
f 1376 1377 1388
f 1388 1389 1377
f 1377 1378 1389
f 1389 1390 1378
f 1378 1379 1390
f 1390 1391 1379
f 1379 1380 1391
f 1391 1392 1380
f 1380 1381 1392
f 1392 1393 1381
f 1381 1382 1393
f 1393 1394 1382
f 1382 1383 1394
f 1394 1395 1383
f 1383 1384 1395
f 1395 1396 1384
f 1384 1385 1396
f 1396 1397 1385
f 1385 1386 1397
f 1397 1398 1386
f 1386 1387 1398
f 1398 1399 1387
f 1387 1376 1399
f 1399 1388 1376
f 1388 1389 1400
f 1400 1401 1389
f 1389 1390 1401
f 1401 1402 1390
f 1390 1391 1402
f 1402 1403 1391
f 1391 1392 1403
f 1403 1404 1392
f 1392 1393 1404
f 1404 1405 1393
f 1393 1394 1405
f 1405 1406 1394
f 1394 1395 1406
f 1406 1407 1395
f 1395 1396 1407
f 1407 1408 1396
f 1396 1397 1408
f 1408 1409 1397
f 1397 1398 1409
f 1409 1410 1398
f 1398 1399 1410
f 1410 1411 1399
f 1399 1388 1411
f 1411 1400 1388
f 1400 1401 1412
f 1401 1402 1412
f 1402 1403 1412
f 1403 1404 1412
f 1404 1405 1412
f 1405 1406 1412
f 1406 1407 1412
f 1407 1408 1412
f 1408 1409 1412
f 1409 1410 1412
f 1410 1411 1412
f 1411 1400 1412
f 1413 1414 1415
f 1413 1415 1416
f 1413 1416 1417
f 1413 1417 1418
f 1413 1418 1419
f 1413 1419 1420
f 1413 1420 1421
f 1413 1421 1422
f 1413 1422 1423
f 1413 1423 1424
f 1413 1424 1425
f 1413 1425 1414
f 1414 1415 1426
f 1426 1427 1415
f 1415 1416 1427
f 1427 1428 1416
f 1416 1417 1428
f 1428 1429 1417
f 1417 1418 1429
f 1429 1430 1418
f 1418 1419 1430
f 1430 1431 1419
f 1419 1420 1431
f 1431 1432 1420
f 1420 1421 1432
f 1432 1433 1421
f 1421 1422 1433
f 1433 1434 1422
f 1422 1423 1434
f 1434 1435 1423
f 1423 1424 1435
f 1435 1436 1424
f 1424 1425 1436
f 1436 1437 1425
f 1425 1414 1437
f 1437 1426 1414
f 1426 1427 1438
f 1438 1439 1427
f 1427 1428 1439
f 1439 1440 1428
f 1428 1429 1440
f 1440 1441 1429
f 1429 1430 1441
f 1441 1442 1430
f 1430 1431 1442
f 1442 1443 1431
f 1431 1432 1443
f 1443 1444 1432
f 1432 1433 1444
f 1444 1445 1433
f 1433 1434 1445
f 1445 1446 1434
f 1434 1435 1446
f 1446 1447 1435
f 1435 1436 1447
f 1447 1448 1436
f 1436 1437 1448
f 1448 1449 1437
f 1437 1426 1449
f 1449 1438 1426
f 1438 1439 1450
f 1450 1451 1439
f 1439 1440 1451
f 1451 1452 1440
f 1440 1441 1452
f 1452 1453 1441
f 1441 1442 1453
f 1453 1454 1442
f 1442 1443 1454
f 1454 1455 1443
f 1443 1444 1455
f 1455 1456 1444
f 1444 1445 1456
f 1456 1457 1445
f 1445 1446 1457
f 1457 1458 1446
f 1446 1447 1458
f 1458 1459 1447
f 1447 1448 1459
f 1459 1460 1448
f 1448 1449 1460
f 1460 1461 1449
f 1449 1438 1461
f 1461 1450 1438
f 1450 1451 1462
f 1462 1463 1451
f 1451 1452 1463
f 1463 1464 1452
f 1452 1453 1464
f 1464 1465 1453
f 1453 1454 1465
f 1465 1466 1454
f 1454 1455 1466
f 1466 1467 1455
f 1455 1456 1467
f 1467 1468 1456
f 1456 1457 1468
f 1468 1469 1457
f 1457 1458 1469
f 1469 1470 1458
f 1458 1459 1470
f 1470 1471 1459
f 1459 1460 1471
f 1471 1472 1460
f 1460 1461 1472
f 1472 1473 1461
f 1461 1450 1473
f 1473 1462 1450
f 1462 1463 1474
f 1474 1475 1463
f 1463 1464 1475
f 1475 1476 1464
f 1464 1465 1476
f 1476 1477 1465
f 1465 1466 1477
f 1477 1478 1466
f 1466 1467 1478
f 1478 1479 1467
f 1467 1468 1479
f 1479 1480 1468
f 1468 1469 1480
f 1480 1481 1469
f 1469 1470 1481
f 1481 1482 1470
f 1470 1471 1482
f 1482 1483 1471
f 1471 1472 1483
f 1483 1484 1472
f 1472 1473 1484
f 1484 1485 1473
f 1473 1462 1485
f 1485 1474 1462
f 1474 1475 1486
f 1475 1476 1486
f 1476 1477 1486
f 1477 1478 1486
f 1478 1479 1486
f 1479 1480 1486
f 1480 1481 1486
f 1481 1482 1486
f 1482 1483 1486
f 1483 1484 1486
f 1484 1485 1486
f 1485 1474 1486
f 1487 1488 1489
f 1487 1489 1490
f 1487 1490 1491
f 1487 1491 1492
f 1487 1492 1493
f 1487 1493 1494
f 1487 1494 1495
f 1487 1495 1496
f 1487 1496 1497
f 1487 1497 1498
f 1487 1498 1499
f 1487 1499 1488
f 1488 1489 1500
f 1500 1501 1489
f 1489 1490 1501
f 1501 1502 1490
f 1490 1491 1502
f 1502 1503 1491
f 1491 1492 1503
f 1503 1504 1492
f 1492 1493 1504
f 1504 1505 1493
f 1493 1494 1505
f 1505 1506 1494
f 1494 1495 1506
f 1506 1507 1495
f 1495 1496 1507
f 1507 1508 1496
f 1496 1497 1508
f 1508 1509 1497
f 1497 1498 1509
f 1509 1510 1498
f 1498 1499 1510
f 1510 1511 1499
f 1499 1488 1511
f 1511 1500 1488
f 1500 1501 1512
f 1512 1513 1501
f 1501 1502 1513
f 1513 1514 1502
f 1502 1503 1514
f 1514 1515 1503
f 1503 1504 1515
f 1515 1516 1504
f 1504 1505 1516
f 1516 1517 1505
f 1505 1506 1517
f 1517 1518 1506
f 1506 1507 1518
f 1518 1519 1507
f 1507 1508 1519
f 1519 1520 1508
f 1508 1509 1520
f 1520 1521 1509
f 1509 1510 1521
f 1521 1522 1510
f 1510 1511 1522
f 1522 1523 1511
f 1511 1500 1523
f 1523 1512 1500
f 1512 1513 1524
f 1524 1525 1513
f 1513 1514 1525
f 1525 1526 1514
f 1514 1515 1526
f 1526 1527 1515
f 1515 1516 1527
f 1527 1528 1516
f 1516 1517 1528
f 1528 1529 1517
f 1517 1518 1529
f 1529 1530 1518
f 1518 1519 1530
f 1530 1531 1519
f 1519 1520 1531
f 1531 1532 1520
f 1520 1521 1532
f 1532 1533 1521
f 1521 1522 1533
f 1533 1534 1522
f 1522 1523 1534
f 1534 1535 1523
f 1523 1512 1535
f 1535 1524 1512
f 1524 1525 1536
f 1536 1537 1525
f 1525 1526 1537
f 1537 1538 1526
f 1526 1527 1538
f 1538 1539 1527
f 1527 1528 1539
f 1539 1540 1528
f 1528 1529 1540
f 1540 1541 1529
f 1529 1530 1541
f 1541 1542 1530
f 1530 1531 1542
f 1542 1543 1531
f 1531 1532 1543
f 1543 1544 1532
f 1532 1533 1544
f 1544 1545 1533
f 1533 1534 1545
f 1545 1546 1534
f 1534 1535 1546
f 1546 1547 1535
f 1535 1524 1547
f 1547 1536 1524
f 1536 1537 1548
f 1548 1549 1537
f 1537 1538 1549
f 1549 1550 1538
f 1538 1539 1550
f 1550 1551 1539
f 1539 1540 1551
f 1551 1552 1540
f 1540 1541 1552
f 1552 1553 1541
f 1541 1542 1553
f 1553 1554 1542
f 1542 1543 1554
f 1554 1555 1543
f 1543 1544 1555
f 1555 1556 1544
f 1544 1545 1556
f 1556 1557 1545
f 1545 1546 1557
f 1557 1558 1546
f 1546 1547 1558
f 1558 1559 1547
f 1547 1536 1559
f 1559 1548 1536
f 1548 1549 1560
f 1549 1550 1560
f 1550 1551 1560
f 1551 1552 1560
f 1552 1553 1560
f 1553 1554 1560
f 1554 1555 1560
f 1555 1556 1560
f 1556 1557 1560
f 1557 1558 1560
f 1558 1559 1560
f 1559 1548 1560
f 1561 1562 1563
f 1561 1563 1564
f 1561 1564 1565
f 1561 1565 1566
f 1561 1566 1567
f 1561 1567 1568
f 1561 1568 1569
f 1561 1569 1570
f 1561 1570 1571
f 1561 1571 1572
f 1561 1572 1573
f 1561 1573 1562
f 1562 1563 1574
f 1574 1575 1563
f 1563 1564 1575
f 1575 1576 1564
f 1564 1565 1576
f 1576 1577 1565
f 1565 1566 1577
f 1577 1578 1566
f 1566 1567 1578
f 1578 1579 1567
f 1567 1568 1579
f 1579 1580 1568
f 1568 1569 1580
f 1580 1581 1569
f 1569 1570 1581
f 1581 1582 1570
f 1570 1571 1582
f 1582 1583 1571
f 1571 1572 1583
f 1583 1584 1572
f 1572 1573 1584
f 1584 1585 1573
f 1573 1562 1585
f 1585 1574 1562
f 1574 1575 1586
f 1586 1587 1575
f 1575 1576 1587
f 1587 1588 1576
f 1576 1577 1588
f 1588 1589 1577
f 1577 1578 1589
f 1589 1590 1578
f 1578 1579 1590
f 1590 1591 1579
f 1579 1580 1591
f 1591 1592 1580
f 1580 1581 1592
f 1592 1593 1581
f 1581 1582 1593
f 1593 1594 1582
f 1582 1583 1594
f 1594 1595 1583
f 1583 1584 1595
f 1595 1596 1584
f 1584 1585 1596
f 1596 1597 1585
f 1585 1574 1597
f 1597 1586 1574
f 1586 1587 1598
f 1598 1599 1587
f 1587 1588 1599
f 1599 1600 1588
f 1588 1589 1600
f 1600 1601 1589
f 1589 1590 1601
f 1601 1602 1590
f 1590 1591 1602
f 1602 1603 1591
f 1591 1592 1603
f 1603 1604 1592
f 1592 1593 1604
f 1604 1605 1593
f 1593 1594 1605
f 1605 1606 1594
f 1594 1595 1606
f 1606 1607 1595
f 1595 1596 1607
f 1607 1608 1596
f 1596 1597 1608
f 1608 1609 1597
f 1597 1586 1609
f 1609 1598 1586
f 1598 1599 1610
f 1610 1611 1599
f 1599 1600 1611
f 1611 1612 1600
f 1600 1601 1612
f 1612 1613 1601
f 1601 1602 1613
f 1613 1614 1602
f 1602 1603 1614
f 1614 1615 1603
f 1603 1604 1615
f 1615 1616 1604
f 1604 1605 1616
f 1616 1617 1605
f 1605 1606 1617
f 1617 1618 1606
f 1606 1607 1618
f 1618 1619 1607
f 1607 1608 1619
f 1619 1620 1608
f 1608 1609 1620
f 1620 1621 1609
f 1609 1598 1621
f 1621 1610 1598
f 1610 1611 1622
f 1622 1623 1611
f 1611 1612 1623
f 1623 1624 1612
f 1612 1613 1624
f 1624 1625 1613
f 1613 1614 1625
f 1625 1626 1614
f 1614 1615 1626
f 1626 1627 1615
f 1615 1616 1627
f 1627 1628 1616
f 1616 1617 1628
f 1628 1629 1617
f 1617 1618 1629
f 1629 1630 1618
f 1618 1619 1630
f 1630 1631 1619
f 1619 1620 1631
f 1631 1632 1620
f 1620 1621 1632
f 1632 1633 1621
f 1621 1610 1633
f 1633 1622 1610
f 1622 1623 1634
f 1634 1635 1623
f 1623 1624 1635
f 1635 1636 1624
f 1624 1625 1636
f 1636 1637 1625
f 1625 1626 1637
f 1637 1638 1626
f 1626 1627 1638
f 1638 1639 1627
f 1627 1628 1639
f 1639 1640 1628
f 1628 1629 1640
f 1640 1641 1629
f 1629 1630 1641
f 1641 1642 1630
f 1630 1631 1642
f 1642 1643 1631
f 1631 1632 1643
f 1643 1644 1632
f 1632 1633 1644
f 1644 1645 1633
f 1633 1622 1645
f 1645 1634 1622
f 1634 1635 1646
f 1646 1647 1635
f 1635 1636 1647
f 1647 1648 1636
f 1636 1637 1648
f 1648 1649 1637
f 1637 1638 1649
f 1649 1650 1638
f 1638 1639 1650
f 1650 1651 1639
f 1639 1640 1651
f 1651 1652 1640
f 1640 1641 1652
f 1652 1653 1641
f 1641 1642 1653
f 1653 1654 1642
f 1642 1643 1654
f 1654 1655 1643
f 1643 1644 1655
f 1655 1656 1644
f 1644 1645 1656
f 1656 1657 1645
f 1645 1634 1657
f 1657 1646 1634
f 1646 1647 1658
f 1658 1659 1647
f 1647 1648 1659
f 1659 1660 1648
f 1648 1649 1660
f 1660 1661 1649
f 1649 1650 1661
f 1661 1662 1650
f 1650 1651 1662
f 1662 1663 1651
f 1651 1652 1663
f 1663 1664 1652
f 1652 1653 1664
f 1664 1665 1653
f 1653 1654 1665
f 1665 1666 1654
f 1654 1655 1666
f 1666 1667 1655
f 1655 1656 1667
f 1667 1668 1656
f 1656 1657 1668
f 1668 1669 1657
f 1657 1646 1669
f 1669 1658 1646
f 1658 1659 1670
f 1670 1671 1659
f 1659 1660 1671
f 1671 1672 1660
f 1660 1661 1672
f 1672 1673 1661
f 1661 1662 1673
f 1673 1674 1662
f 1662 1663 1674
f 1674 1675 1663
f 1663 1664 1675
f 1675 1676 1664
f 1664 1665 1676
f 1676 1677 1665
f 1665 1666 1677
f 1677 1678 1666
f 1666 1667 1678
f 1678 1679 1667
f 1667 1668 1679
f 1679 1680 1668
f 1668 1669 1680
f 1680 1681 1669
f 1669 1658 1681
f 1681 1670 1658
f 1670 1671 1682
f 1682 1683 1671
f 1671 1672 1683
f 1683 1684 1672
f 1672 1673 1684
f 1684 1685 1673
f 1673 1674 1685
f 1685 1686 1674
f 1674 1675 1686
f 1686 1687 1675
f 1675 1676 1687
f 1687 1688 1676
f 1676 1677 1688
f 1688 1689 1677
f 1677 1678 1689
f 1689 1690 1678
f 1678 1679 1690
f 1690 1691 1679
f 1679 1680 1691
f 1691 1692 1680
f 1680 1681 1692
f 1692 1693 1681
f 1681 1670 1693
f 1693 1682 1670
f 1682 1683 1694
f 1694 1695 1683
f 1683 1684 1695
f 1695 1696 1684
f 1684 1685 1696
f 1696 1697 1685
f 1685 1686 1697
f 1697 1698 1686
f 1686 1687 1698
f 1698 1699 1687
f 1687 1688 1699
f 1699 1700 1688
f 1688 1689 1700
f 1700 1701 1689
f 1689 1690 1701
f 1701 1702 1690
f 1690 1691 1702
f 1702 1703 1691
f 1691 1692 1703
f 1703 1704 1692
f 1692 1693 1704
f 1704 1705 1693
f 1693 1682 1705
f 1705 1694 1682
f 1694 1695 1706
f 1706 1707 1695
f 1695 1696 1707
f 1707 1708 1696
f 1696 1697 1708
f 1708 1709 1697
f 1697 1698 1709
f 1709 1710 1698
f 1698 1699 1710
f 1710 1711 1699
f 1699 1700 1711
f 1711 1712 1700
f 1700 1701 1712
f 1712 1713 1701
f 1701 1702 1713
f 1713 1714 1702
f 1702 1703 1714
f 1714 1715 1703
f 1703 1704 1715
f 1715 1716 1704
f 1704 1705 1716
f 1716 1717 1705
f 1705 1694 1717
f 1717 1706 1694
f 1706 1707 1718
f 1707 1708 1718
f 1708 1709 1718
f 1709 1710 1718
f 1710 1711 1718
f 1711 1712 1718
f 1712 1713 1718
f 1713 1714 1718
f 1714 1715 1718
f 1715 1716 1718
f 1716 1717 1718
f 1717 1706 1718
f 1719 1720 1721
f 1719 1721 1722
f 1719 1722 1723
f 1719 1723 1724
f 1719 1724 1725
f 1719 1725 1726
f 1719 1726 1727
f 1719 1727 1728
f 1719 1728 1729
f 1719 1729 1730
f 1719 1730 1731
f 1719 1731 1720
f 1720 1721 1732
f 1732 1733 1721
f 1721 1722 1733
f 1733 1734 1722
f 1722 1723 1734
f 1734 1735 1723
f 1723 1724 1735
f 1735 1736 1724
f 1724 1725 1736
f 1736 1737 1725
f 1725 1726 1737
f 1737 1738 1726
f 1726 1727 1738
f 1738 1739 1727
f 1727 1728 1739
f 1739 1740 1728
f 1728 1729 1740
f 1740 1741 1729
f 1729 1730 1741
f 1741 1742 1730
f 1730 1731 1742
f 1742 1743 1731
f 1731 1720 1743
f 1743 1732 1720
f 1732 1733 1744
f 1744 1745 1733
f 1733 1734 1745
f 1745 1746 1734
f 1734 1735 1746
f 1746 1747 1735
f 1735 1736 1747
f 1747 1748 1736
f 1736 1737 1748
f 1748 1749 1737
f 1737 1738 1749
f 1749 1750 1738
f 1738 1739 1750
f 1750 1751 1739
f 1739 1740 1751
f 1751 1752 1740
f 1740 1741 1752
f 1752 1753 1741
f 1741 1742 1753
f 1753 1754 1742
f 1742 1743 1754
f 1754 1755 1743
f 1743 1732 1755
f 1755 1744 1732
f 1744 1745 1756
f 1756 1757 1745
f 1745 1746 1757
f 1757 1758 1746
f 1746 1747 1758
f 1758 1759 1747
f 1747 1748 1759
f 1759 1760 1748
f 1748 1749 1760
f 1760 1761 1749
f 1749 1750 1761
f 1761 1762 1750
f 1750 1751 1762
f 1762 1763 1751
f 1751 1752 1763
f 1763 1764 1752
f 1752 1753 1764
f 1764 1765 1753
f 1753 1754 1765
f 1765 1766 1754
f 1754 1755 1766
f 1766 1767 1755
f 1755 1744 1767
f 1767 1756 1744
f 1756 1757 1768
f 1768 1769 1757
f 1757 1758 1769
f 1769 1770 1758
f 1758 1759 1770
f 1770 1771 1759
f 1759 1760 1771
f 1771 1772 1760
f 1760 1761 1772
f 1772 1773 1761
f 1761 1762 1773
f 1773 1774 1762
f 1762 1763 1774
f 1774 1775 1763
f 1763 1764 1775
f 1775 1776 1764
f 1764 1765 1776
f 1776 1777 1765
f 1765 1766 1777
f 1777 1778 1766
f 1766 1767 1778
f 1778 1779 1767
f 1767 1756 1779
f 1779 1768 1756
f 1768 1769 1780
f 1780 1781 1769
f 1769 1770 1781
f 1781 1782 1770
f 1770 1771 1782
f 1782 1783 1771
f 1771 1772 1783
f 1783 1784 1772
f 1772 1773 1784
f 1784 1785 1773
f 1773 1774 1785
f 1785 1786 1774
f 1774 1775 1786
f 1786 1787 1775
f 1775 1776 1787
f 1787 1788 1776
f 1776 1777 1788
f 1788 1789 1777
f 1777 1778 1789
f 1789 1790 1778
f 1778 1779 1790
f 1790 1791 1779
f 1779 1768 1791
f 1791 1780 1768
f 1780 1781 1792
f 1781 1782 1792
f 1782 1783 1792
f 1783 1784 1792
f 1784 1785 1792
f 1785 1786 1792
f 1786 1787 1792
f 1787 1788 1792
f 1788 1789 1792
f 1789 1790 1792
f 1790 1791 1792
f 1791 1780 1792
f 1793 1794 1795
f 1793 1795 1796
f 1793 1796 1797
f 1793 1797 1798
f 1793 1798 1799
f 1793 1799 1800
f 1793 1800 1801
f 1793 1801 1802
f 1793 1802 1803
f 1793 1803 1804
f 1793 1804 1805
f 1793 1805 1794
f 1794 1795 1806
f 1806 1807 1795
f 1795 1796 1807
f 1807 1808 1796
f 1796 1797 1808
f 1808 1809 1797
f 1797 1798 1809
f 1809 1810 1798
f 1798 1799 1810
f 1810 1811 1799
f 1799 1800 1811
f 1811 1812 1800
f 1800 1801 1812
f 1812 1813 1801
f 1801 1802 1813
f 1813 1814 1802
f 1802 1803 1814
f 1814 1815 1803
f 1803 1804 1815
f 1815 1816 1804
f 1804 1805 1816
f 1816 1817 1805
f 1805 1794 1817
f 1817 1806 1794
f 1806 1807 1818
f 1818 1819 1807
f 1807 1808 1819
f 1819 1820 1808
f 1808 1809 1820
f 1820 1821 1809
f 1809 1810 1821
f 1821 1822 1810
f 1810 1811 1822
f 1822 1823 1811
f 1811 1812 1823
f 1823 1824 1812
f 1812 1813 1824
f 1824 1825 1813
f 1813 1814 1825
f 1825 1826 1814
f 1814 1815 1826
f 1826 1827 1815
f 1815 1816 1827
f 1827 1828 1816
f 1816 1817 1828
f 1828 1829 1817
f 1817 1806 1829
f 1829 1818 1806
f 1818 1819 1830
f 1830 1831 1819
f 1819 1820 1831
f 1831 1832 1820
f 1820 1821 1832
f 1832 1833 1821
f 1821 1822 1833
f 1833 1834 1822
f 1822 1823 1834
f 1834 1835 1823
f 1823 1824 1835
f 1835 1836 1824
f 1824 1825 1836
f 1836 1837 1825
f 1825 1826 1837
f 1837 1838 1826
f 1826 1827 1838
f 1838 1839 1827
f 1827 1828 1839
f 1839 1840 1828
f 1828 1829 1840
f 1840 1841 1829
f 1829 1818 1841
f 1841 1830 1818
f 1830 1831 1842
f 1842 1843 1831
f 1831 1832 1843
f 1843 1844 1832
f 1832 1833 1844
f 1844 1845 1833
f 1833 1834 1845
f 1845 1846 1834
f 1834 1835 1846
f 1846 1847 1835
f 1835 1836 1847
f 1847 1848 1836
f 1836 1837 1848
f 1848 1849 1837
f 1837 1838 1849
f 1849 1850 1838
f 1838 1839 1850
f 1850 1851 1839
f 1839 1840 1851
f 1851 1852 1840
f 1840 1841 1852
f 1852 1853 1841
f 1841 1830 1853
f 1853 1842 1830
f 1842 1843 1854
f 1854 1855 1843
f 1843 1844 1855
f 1855 1856 1844
f 1844 1845 1856
f 1856 1857 1845
f 1845 1846 1857
f 1857 1858 1846
f 1846 1847 1858
f 1858 1859 1847
f 1847 1848 1859
f 1859 1860 1848
f 1848 1849 1860
f 1860 1861 1849
f 1849 1850 1861
f 1861 1862 1850
f 1850 1851 1862
f 1862 1863 1851
f 1851 1852 1863
f 1863 1864 1852
f 1852 1853 1864
f 1864 1865 1853
f 1853 1842 1865
f 1865 1854 1842
f 1854 1855 1866
f 1855 1856 1866
f 1856 1857 1866
f 1857 1858 1866
f 1858 1859 1866
f 1859 1860 1866
f 1860 1861 1866
f 1861 1862 1866
f 1862 1863 1866
f 1863 1864 1866
f 1864 1865 1866
f 1865 1854 1866
f 1867 1868 1869
f 1867 1869 1870
f 1867 1870 1871
f 1867 1871 1872
f 1867 1872 1873
f 1867 1873 1874
f 1867 1874 1875
f 1867 1875 1876
f 1867 1876 1877
f 1867 1877 1878
f 1867 1878 1879
f 1867 1879 1868
f 1868 1869 1880
f 1880 1881 1869
f 1869 1870 1881
f 1881 1882 1870
f 1870 1871 1882
f 1882 1883 1871
f 1871 1872 1883
f 1883 1884 1872
f 1872 1873 1884
f 1884 1885 1873
f 1873 1874 1885
f 1885 1886 1874
f 1874 1875 1886
f 1886 1887 1875
f 1875 1876 1887
f 1887 1888 1876
f 1876 1877 1888
f 1888 1889 1877
f 1877 1878 1889
f 1889 1890 1878
f 1878 1879 1890
f 1890 1891 1879
f 1879 1868 1891
f 1891 1880 1868
f 1880 1881 1892
f 1892 1893 1881
f 1881 1882 1893
f 1893 1894 1882
f 1882 1883 1894
f 1894 1895 1883
f 1883 1884 1895
f 1895 1896 1884
f 1884 1885 1896
f 1896 1897 1885
f 1885 1886 1897
f 1897 1898 1886
f 1886 1887 1898
f 1898 1899 1887
f 1887 1888 1899
f 1899 1900 1888
f 1888 1889 1900
f 1900 1901 1889
f 1889 1890 1901
f 1901 1902 1890
f 1890 1891 1902
f 1902 1903 1891
f 1891 1880 1903
f 1903 1892 1880
f 1892 1893 1904
f 1904 1905 1893
f 1893 1894 1905
f 1905 1906 1894
f 1894 1895 1906
f 1906 1907 1895
f 1895 1896 1907
f 1907 1908 1896
f 1896 1897 1908
f 1908 1909 1897
f 1897 1898 1909
f 1909 1910 1898
f 1898 1899 1910
f 1910 1911 1899
f 1899 1900 1911
f 1911 1912 1900
f 1900 1901 1912
f 1912 1913 1901
f 1901 1902 1913
f 1913 1914 1902
f 1902 1903 1914
f 1914 1915 1903
f 1903 1892 1915
f 1915 1904 1892
f 1904 1905 1916
f 1916 1917 1905
f 1905 1906 1917
f 1917 1918 1906
f 1906 1907 1918
f 1918 1919 1907
f 1907 1908 1919
f 1919 1920 1908
f 1908 1909 1920
f 1920 1921 1909
f 1909 1910 1921
f 1921 1922 1910
f 1910 1911 1922
f 1922 1923 1911
f 1911 1912 1923
f 1923 1924 1912
f 1912 1913 1924
f 1924 1925 1913
f 1913 1914 1925
f 1925 1926 1914
f 1914 1915 1926
f 1926 1927 1915
f 1915 1904 1927
f 1927 1916 1904
f 1916 1917 1928
f 1928 1929 1917
f 1917 1918 1929
f 1929 1930 1918
f 1918 1919 1930
f 1930 1931 1919
f 1919 1920 1931
f 1931 1932 1920
f 1920 1921 1932
f 1932 1933 1921
f 1921 1922 1933
f 1933 1934 1922
f 1922 1923 1934
f 1934 1935 1923
f 1923 1924 1935
f 1935 1936 1924
f 1924 1925 1936
f 1936 1937 1925
f 1925 1926 1937
f 1937 1938 1926
f 1926 1927 1938
f 1938 1939 1927
f 1927 1916 1939
f 1939 1928 1916
f 1928 1929 1940
f 1929 1930 1940
f 1930 1931 1940
f 1931 1932 1940
f 1932 1933 1940
f 1933 1934 1940
f 1934 1935 1940
f 1935 1936 1940
f 1936 1937 1940
f 1937 1938 1940
f 1938 1939 1940
f 1939 1928 1940
f 1941 1942 1943
f 1941 1943 1944
f 1941 1944 1945
f 1941 1945 1946
f 1941 1946 1947
f 1941 1947 1948
f 1941 1948 1949
f 1941 1949 1950
f 1941 1950 1951
f 1941 1951 1952
f 1941 1952 1953
f 1941 1953 1942
f 1942 1943 1954
f 1954 1955 1943
f 1943 1944 1955
f 1955 1956 1944
f 1944 1945 1956
f 1956 1957 1945
f 1945 1946 1957
f 1957 1958 1946
f 1946 1947 1958
f 1958 1959 1947
f 1947 1948 1959
f 1959 1960 1948
f 1948 1949 1960
f 1960 1961 1949
f 1949 1950 1961
f 1961 1962 1950
f 1950 1951 1962
f 1962 1963 1951
f 1951 1952 1963
f 1963 1964 1952
f 1952 1953 1964
f 1964 1965 1953
f 1953 1942 1965
f 1965 1954 1942
f 1954 1955 1966
f 1966 1967 1955
f 1955 1956 1967
f 1967 1968 1956
f 1956 1957 1968
f 1968 1969 1957
f 1957 1958 1969
f 1969 1970 1958
f 1958 1959 1970
f 1970 1971 1959
f 1959 1960 1971
f 1971 1972 1960
f 1960 1961 1972
f 1972 1973 1961
f 1961 1962 1973
f 1973 1974 1962
f 1962 1963 1974
f 1974 1975 1963
f 1963 1964 1975
f 1975 1976 1964
f 1964 1965 1976
f 1976 1977 1965
f 1965 1954 1977
f 1977 1966 1954
f 1966 1967 1978
f 1978 1979 1967
f 1967 1968 1979
f 1979 1980 1968
f 1968 1969 1980
f 1980 1981 1969
f 1969 1970 1981
f 1981 1982 1970
f 1970 1971 1982
f 1982 1983 1971
f 1971 1972 1983
f 1983 1984 1972
f 1972 1973 1984
f 1984 1985 1973
f 1973 1974 1985
f 1985 1986 1974
f 1974 1975 1986
f 1986 1987 1975
f 1975 1976 1987
f 1987 1988 1976
f 1976 1977 1988
f 1988 1989 1977
f 1977 1966 1989
f 1989 1978 1966
f 1978 1979 1990
f 1990 1991 1979
f 1979 1980 1991
f 1991 1992 1980
f 1980 1981 1992
f 1992 1993 1981
f 1981 1982 1993
f 1993 1994 1982
f 1982 1983 1994
f 1994 1995 1983
f 1983 1984 1995
f 1995 1996 1984
f 1984 1985 1996
f 1996 1997 1985
f 1985 1986 1997
f 1997 1998 1986
f 1986 1987 1998
f 1998 1999 1987
f 1987 1988 1999
f 1999 2000 1988
f 1988 1989 2000
f 2000 2001 1989
f 1989 1978 2001
f 2001 1990 1978
f 1990 1991 2002
f 2002 2003 1991
f 1991 1992 2003
f 2003 2004 1992
f 1992 1993 2004
f 2004 2005 1993
f 1993 1994 2005
f 2005 2006 1994
f 1994 1995 2006
f 2006 2007 1995
f 1995 1996 2007
f 2007 2008 1996
f 1996 1997 2008
f 2008 2009 1997
f 1997 1998 2009
f 2009 2010 1998
f 1998 1999 2010
f 2010 2011 1999
f 1999 2000 2011
f 2011 2012 2000
f 2000 2001 2012
f 2012 2013 2001
f 2001 1990 2013
f 2013 2002 1990
f 2002 2003 2014
f 2014 2015 2003
f 2003 2004 2015
f 2015 2016 2004
f 2004 2005 2016
f 2016 2017 2005
f 2005 2006 2017
f 2017 2018 2006
f 2006 2007 2018
f 2018 2019 2007
f 2007 2008 2019
f 2019 2020 2008
f 2008 2009 2020
f 2020 2021 2009
f 2009 2010 2021
f 2021 2022 2010
f 2010 2011 2022
f 2022 2023 2011
f 2011 2012 2023
f 2023 2024 2012
f 2012 2013 2024
f 2024 2025 2013
f 2013 2002 2025
f 2025 2014 2002
f 2014 2015 2026
f 2026 2027 2015
f 2015 2016 2027
f 2027 2028 2016
f 2016 2017 2028
f 2028 2029 2017
f 2017 2018 2029
f 2029 2030 2018
f 2018 2019 2030
f 2030 2031 2019
f 2019 2020 2031
f 2031 2032 2020
f 2020 2021 2032
f 2032 2033 2021
f 2021 2022 2033
f 2033 2034 2022
f 2022 2023 2034
f 2034 2035 2023
f 2023 2024 2035
f 2035 2036 2024
f 2024 2025 2036
f 2036 2037 2025
f 2025 2014 2037
f 2037 2026 2014
f 2026 2027 2038
f 2038 2039 2027
f 2027 2028 2039
f 2039 2040 2028
f 2028 2029 2040
f 2040 2041 2029
f 2029 2030 2041
f 2041 2042 2030
f 2030 2031 2042
f 2042 2043 2031
f 2031 2032 2043
f 2043 2044 2032
f 2032 2033 2044
f 2044 2045 2033
f 2033 2034 2045
f 2045 2046 2034
f 2034 2035 2046
f 2046 2047 2035
f 2035 2036 2047
f 2047 2048 2036
f 2036 2037 2048
f 2048 2049 2037
f 2037 2026 2049
f 2049 2038 2026
f 2038 2039 2050
f 2050 2051 2039
f 2039 2040 2051
f 2051 2052 2040
f 2040 2041 2052
f 2052 2053 2041
f 2041 2042 2053
f 2053 2054 2042
f 2042 2043 2054
f 2054 2055 2043
f 2043 2044 2055
f 2055 2056 2044
f 2044 2045 2056
f 2056 2057 2045
f 2045 2046 2057
f 2057 2058 2046
f 2046 2047 2058
f 2058 2059 2047
f 2047 2048 2059
f 2059 2060 2048
f 2048 2049 2060
f 2060 2061 2049
f 2049 2038 2061
f 2061 2050 2038
f 2050 2051 2062
f 2062 2063 2051
f 2051 2052 2063
f 2063 2064 2052
f 2052 2053 2064
f 2064 2065 2053
f 2053 2054 2065
f 2065 2066 2054
f 2054 2055 2066
f 2066 2067 2055
f 2055 2056 2067
f 2067 2068 2056
f 2056 2057 2068
f 2068 2069 2057
f 2057 2058 2069
f 2069 2070 2058
f 2058 2059 2070
f 2070 2071 2059
f 2059 2060 2071
f 2071 2072 2060
f 2060 2061 2072
f 2072 2073 2061
f 2061 2050 2073
f 2073 2062 2050
f 2062 2063 2074
f 2074 2075 2063
f 2063 2064 2075
f 2075 2076 2064
f 2064 2065 2076
f 2076 2077 2065
f 2065 2066 2077
f 2077 2078 2066
f 2066 2067 2078
f 2078 2079 2067
f 2067 2068 2079
f 2079 2080 2068
f 2068 2069 2080
f 2080 2081 2069
f 2069 2070 2081
f 2081 2082 2070
f 2070 2071 2082
f 2082 2083 2071
f 2071 2072 2083
f 2083 2084 2072
f 2072 2073 2084
f 2084 2085 2073
f 2073 2062 2085
f 2085 2074 2062
f 2074 2075 2086
f 2086 2087 2075
f 2075 2076 2087
f 2087 2088 2076
f 2076 2077 2088
f 2088 2089 2077
f 2077 2078 2089
f 2089 2090 2078
f 2078 2079 2090
f 2090 2091 2079
f 2079 2080 2091
f 2091 2092 2080
f 2080 2081 2092
f 2092 2093 2081
f 2081 2082 2093
f 2093 2094 2082
f 2082 2083 2094
f 2094 2095 2083
f 2083 2084 2095
f 2095 2096 2084
f 2084 2085 2096
f 2096 2097 2085
f 2085 2074 2097
f 2097 2086 2074
f 2086 2087 2098
f 2087 2088 2098
f 2088 2089 2098
f 2089 2090 2098
f 2090 2091 2098
f 2091 2092 2098
f 2092 2093 2098
f 2093 2094 2098
f 2094 2095 2098
f 2095 2096 2098
f 2096 2097 2098
f 2097 2086 2098
f 2099 2100 2101
f 2099 2101 2102
f 2099 2102 2103
f 2099 2103 2104
f 2099 2104 2105
f 2099 2105 2106
f 2099 2106 2107
f 2099 2107 2108
f 2099 2108 2109
f 2099 2109 2110
f 2099 2110 2111
f 2099 2111 2100
f 2100 2101 2112
f 2112 2113 2101
f 2101 2102 2113
f 2113 2114 2102
f 2102 2103 2114
f 2114 2115 2103
f 2103 2104 2115
f 2115 2116 2104
f 2104 2105 2116
f 2116 2117 2105
f 2105 2106 2117
f 2117 2118 2106
f 2106 2107 2118
f 2118 2119 2107
f 2107 2108 2119
f 2119 2120 2108
f 2108 2109 2120
f 2120 2121 2109
f 2109 2110 2121
f 2121 2122 2110
f 2110 2111 2122
f 2122 2123 2111
f 2111 2100 2123
f 2123 2112 2100
f 2112 2113 2124
f 2124 2125 2113
f 2113 2114 2125
f 2125 2126 2114
f 2114 2115 2126
f 2126 2127 2115
f 2115 2116 2127
f 2127 2128 2116
f 2116 2117 2128
f 2128 2129 2117
f 2117 2118 2129
f 2129 2130 2118
f 2118 2119 2130
f 2130 2131 2119
f 2119 2120 2131
f 2131 2132 2120
f 2120 2121 2132
f 2132 2133 2121
f 2121 2122 2133
f 2133 2134 2122
f 2122 2123 2134
f 2134 2135 2123
f 2123 2112 2135
f 2135 2124 2112
f 2124 2125 2136
f 2136 2137 2125
f 2125 2126 2137
f 2137 2138 2126
f 2126 2127 2138
f 2138 2139 2127
f 2127 2128 2139
f 2139 2140 2128
f 2128 2129 2140
f 2140 2141 2129
f 2129 2130 2141
f 2141 2142 2130
f 2130 2131 2142
f 2142 2143 2131
f 2131 2132 2143
f 2143 2144 2132
f 2132 2133 2144
f 2144 2145 2133
f 2133 2134 2145
f 2145 2146 2134
f 2134 2135 2146
f 2146 2147 2135
f 2135 2124 2147
f 2147 2136 2124
f 2136 2137 2148
f 2148 2149 2137
f 2137 2138 2149
f 2149 2150 2138
f 2138 2139 2150
f 2150 2151 2139
f 2139 2140 2151
f 2151 2152 2140
f 2140 2141 2152
f 2152 2153 2141
f 2141 2142 2153
f 2153 2154 2142
f 2142 2143 2154
f 2154 2155 2143
f 2143 2144 2155
f 2155 2156 2144
f 2144 2145 2156
f 2156 2157 2145
f 2145 2146 2157
f 2157 2158 2146
f 2146 2147 2158
f 2158 2159 2147
f 2147 2136 2159
f 2159 2148 2136
f 2148 2149 2160
f 2160 2161 2149
f 2149 2150 2161
f 2161 2162 2150
f 2150 2151 2162
f 2162 2163 2151
f 2151 2152 2163
f 2163 2164 2152
f 2152 2153 2164
f 2164 2165 2153
f 2153 2154 2165
f 2165 2166 2154
f 2154 2155 2166
f 2166 2167 2155
f 2155 2156 2167
f 2167 2168 2156
f 2156 2157 2168
f 2168 2169 2157
f 2157 2158 2169
f 2169 2170 2158
f 2158 2159 2170
f 2170 2171 2159
f 2159 2148 2171
f 2171 2160 2148
f 2160 2161 2172
f 2161 2162 2172
f 2162 2163 2172
f 2163 2164 2172
f 2164 2165 2172
f 2165 2166 2172
f 2166 2167 2172
f 2167 2168 2172
f 2168 2169 2172
f 2169 2170 2172
f 2170 2171 2172
f 2171 2160 2172
f 2173 2174 2175
f 2173 2175 2176
f 2173 2176 2177
f 2173 2177 2178
f 2173 2178 2179
f 2173 2179 2180
f 2173 2180 2181
f 2173 2181 2182
f 2173 2182 2183
f 2173 2183 2184
f 2173 2184 2185
f 2173 2185 2174
f 2174 2175 2186
f 2186 2187 2175
f 2175 2176 2187
f 2187 2188 2176
f 2176 2177 2188
f 2188 2189 2177
f 2177 2178 2189
f 2189 2190 2178
f 2178 2179 2190
f 2190 2191 2179
f 2179 2180 2191
f 2191 2192 2180
f 2180 2181 2192
f 2192 2193 2181
f 2181 2182 2193
f 2193 2194 2182
f 2182 2183 2194
f 2194 2195 2183
f 2183 2184 2195
f 2195 2196 2184
f 2184 2185 2196
f 2196 2197 2185
f 2185 2174 2197
f 2197 2186 2174
f 2186 2187 2198
f 2198 2199 2187
f 2187 2188 2199
f 2199 2200 2188
f 2188 2189 2200
f 2200 2201 2189
f 2189 2190 2201
f 2201 2202 2190
f 2190 2191 2202
f 2202 2203 2191
f 2191 2192 2203
f 2203 2204 2192
f 2192 2193 2204
f 2204 2205 2193
f 2193 2194 2205
f 2205 2206 2194
f 2194 2195 2206
f 2206 2207 2195
f 2195 2196 2207
f 2207 2208 2196
f 2196 2197 2208
f 2208 2209 2197
f 2197 2186 2209
f 2209 2198 2186
f 2198 2199 2210
f 2210 2211 2199
f 2199 2200 2211
f 2211 2212 2200
f 2200 2201 2212
f 2212 2213 2201
f 2201 2202 2213
f 2213 2214 2202
f 2202 2203 2214
f 2214 2215 2203
f 2203 2204 2215
f 2215 2216 2204
f 2204 2205 2216
f 2216 2217 2205
f 2205 2206 2217
f 2217 2218 2206
f 2206 2207 2218
f 2218 2219 2207
f 2207 2208 2219
f 2219 2220 2208
f 2208 2209 2220
f 2220 2221 2209
f 2209 2198 2221
f 2221 2210 2198
f 2210 2211 2222
f 2222 2223 2211
f 2211 2212 2223
f 2223 2224 2212
f 2212 2213 2224
f 2224 2225 2213
f 2213 2214 2225
f 2225 2226 2214
f 2214 2215 2226
f 2226 2227 2215
f 2215 2216 2227
f 2227 2228 2216
f 2216 2217 2228
f 2228 2229 2217
f 2217 2218 2229
f 2229 2230 2218
f 2218 2219 2230
f 2230 2231 2219
f 2219 2220 2231
f 2231 2232 2220
f 2220 2221 2232
f 2232 2233 2221
f 2221 2210 2233
f 2233 2222 2210
f 2222 2223 2234
f 2234 2235 2223
f 2223 2224 2235
f 2235 2236 2224
f 2224 2225 2236
f 2236 2237 2225
f 2225 2226 2237
f 2237 2238 2226
f 2226 2227 2238
f 2238 2239 2227
f 2227 2228 2239
f 2239 2240 2228
f 2228 2229 2240
f 2240 2241 2229
f 2229 2230 2241
f 2241 2242 2230
f 2230 2231 2242
f 2242 2243 2231
f 2231 2232 2243
f 2243 2244 2232
f 2232 2233 2244
f 2244 2245 2233
f 2233 2222 2245
f 2245 2234 2222
f 2234 2235 2246
f 2235 2236 2246
f 2236 2237 2246
f 2237 2238 2246
f 2238 2239 2246
f 2239 2240 2246
f 2240 2241 2246
f 2241 2242 2246
f 2242 2243 2246
f 2243 2244 2246
f 2244 2245 2246
f 2245 2234 2246
f 2247 2248 2249
f 2247 2249 2250
f 2247 2250 2251
f 2247 2251 2252
f 2247 2252 2253
f 2247 2253 2254
f 2247 2254 2255
f 2247 2255 2256
f 2247 2256 2257
f 2247 2257 2258
f 2247 2258 2259
f 2247 2259 2248
f 2248 2249 2260
f 2260 2261 2249
f 2249 2250 2261
f 2261 2262 2250
f 2250 2251 2262
f 2262 2263 2251
f 2251 2252 2263
f 2263 2264 2252
f 2252 2253 2264
f 2264 2265 2253
f 2253 2254 2265
f 2265 2266 2254
f 2254 2255 2266
f 2266 2267 2255
f 2255 2256 2267
f 2267 2268 2256
f 2256 2257 2268
f 2268 2269 2257
f 2257 2258 2269
f 2269 2270 2258
f 2258 2259 2270
f 2270 2271 2259
f 2259 2248 2271
f 2271 2260 2248
f 2260 2261 2272
f 2272 2273 2261
f 2261 2262 2273
f 2273 2274 2262
f 2262 2263 2274
f 2274 2275 2263
f 2263 2264 2275
f 2275 2276 2264
f 2264 2265 2276
f 2276 2277 2265
f 2265 2266 2277
f 2277 2278 2266
f 2266 2267 2278
f 2278 2279 2267
f 2267 2268 2279
f 2279 2280 2268
f 2268 2269 2280
f 2280 2281 2269
f 2269 2270 2281
f 2281 2282 2270
f 2270 2271 2282
f 2282 2283 2271
f 2271 2260 2283
f 2283 2272 2260
f 2272 2273 2284
f 2284 2285 2273
f 2273 2274 2285
f 2285 2286 2274
f 2274 2275 2286
f 2286 2287 2275
f 2275 2276 2287
f 2287 2288 2276
f 2276 2277 2288
f 2288 2289 2277
f 2277 2278 2289
f 2289 2290 2278
f 2278 2279 2290
f 2290 2291 2279
f 2279 2280 2291
f 2291 2292 2280
f 2280 2281 2292
f 2292 2293 2281
f 2281 2282 2293
f 2293 2294 2282
f 2282 2283 2294
f 2294 2295 2283
f 2283 2272 2295
f 2295 2284 2272
f 2284 2285 2296
f 2296 2297 2285
f 2285 2286 2297
f 2297 2298 2286
f 2286 2287 2298
f 2298 2299 2287
f 2287 2288 2299
f 2299 2300 2288
f 2288 2289 2300
f 2300 2301 2289
f 2289 2290 2301
f 2301 2302 2290
f 2290 2291 2302
f 2302 2303 2291
f 2291 2292 2303
f 2303 2304 2292
f 2292 2293 2304
f 2304 2305 2293
f 2293 2294 2305
f 2305 2306 2294
f 2294 2295 2306
f 2306 2307 2295
f 2295 2284 2307
f 2307 2296 2284
f 2296 2297 2308
f 2308 2309 2297
f 2297 2298 2309
f 2309 2310 2298
f 2298 2299 2310
f 2310 2311 2299
f 2299 2300 2311
f 2311 2312 2300
f 2300 2301 2312
f 2312 2313 2301
f 2301 2302 2313
f 2313 2314 2302
f 2302 2303 2314
f 2314 2315 2303
f 2303 2304 2315
f 2315 2316 2304
f 2304 2305 2316
f 2316 2317 2305
f 2305 2306 2317
f 2317 2318 2306
f 2306 2307 2318
f 2318 2319 2307
f 2307 2296 2319
f 2319 2308 2296
f 2308 2309 2320
f 2309 2310 2320
f 2310 2311 2320
f 2311 2312 2320
f 2312 2313 2320
f 2313 2314 2320
f 2314 2315 2320
f 2315 2316 2320
f 2316 2317 2320
f 2317 2318 2320
f 2318 2319 2320
f 2319 2308 2320
f 2321 2322 2323
f 2321 2323 2324
f 2321 2324 2325
f 2321 2325 2326
f 2321 2326 2327
f 2321 2327 2328
f 2321 2328 2329
f 2321 2329 2330
f 2321 2330 2331
f 2321 2331 2332
f 2321 2332 2333
f 2321 2333 2322
f 2322 2323 2334
f 2334 2335 2323
f 2323 2324 2335
f 2335 2336 2324
f 2324 2325 2336
f 2336 2337 2325
f 2325 2326 2337
f 2337 2338 2326
f 2326 2327 2338
f 2338 2339 2327
f 2327 2328 2339
f 2339 2340 2328
f 2328 2329 2340
f 2340 2341 2329
f 2329 2330 2341
f 2341 2342 2330
f 2330 2331 2342
f 2342 2343 2331
f 2331 2332 2343
f 2343 2344 2332
f 2332 2333 2344
f 2344 2345 2333
f 2333 2322 2345
f 2345 2334 2322
f 2334 2335 2346
f 2346 2347 2335
f 2335 2336 2347
f 2347 2348 2336
f 2336 2337 2348
f 2348 2349 2337
f 2337 2338 2349
f 2349 2350 2338
f 2338 2339 2350
f 2350 2351 2339
f 2339 2340 2351
f 2351 2352 2340
f 2340 2341 2352
f 2352 2353 2341
f 2341 2342 2353
f 2353 2354 2342
f 2342 2343 2354
f 2354 2355 2343
f 2343 2344 2355
f 2355 2356 2344
f 2344 2345 2356
f 2356 2357 2345
f 2345 2334 2357
f 2357 2346 2334
f 2346 2347 2358
f 2358 2359 2347
f 2347 2348 2359
f 2359 2360 2348
f 2348 2349 2360
f 2360 2361 2349
f 2349 2350 2361
f 2361 2362 2350
f 2350 2351 2362
f 2362 2363 2351
f 2351 2352 2363
f 2363 2364 2352
f 2352 2353 2364
f 2364 2365 2353
f 2353 2354 2365
f 2365 2366 2354
f 2354 2355 2366
f 2366 2367 2355
f 2355 2356 2367
f 2367 2368 2356
f 2356 2357 2368
f 2368 2369 2357
f 2357 2346 2369
f 2369 2358 2346
f 2358 2359 2370
f 2370 2371 2359
f 2359 2360 2371
f 2371 2372 2360
f 2360 2361 2372
f 2372 2373 2361
f 2361 2362 2373
f 2373 2374 2362
f 2362 2363 2374
f 2374 2375 2363
f 2363 2364 2375
f 2375 2376 2364
f 2364 2365 2376
f 2376 2377 2365
f 2365 2366 2377
f 2377 2378 2366
f 2366 2367 2378
f 2378 2379 2367
f 2367 2368 2379
f 2379 2380 2368
f 2368 2369 2380
f 2380 2381 2369
f 2369 2358 2381
f 2381 2370 2358
f 2370 2371 2382
f 2382 2383 2371
f 2371 2372 2383
f 2383 2384 2372
f 2372 2373 2384
f 2384 2385 2373
f 2373 2374 2385
f 2385 2386 2374
f 2374 2375 2386
f 2386 2387 2375
f 2375 2376 2387
f 2387 2388 2376
f 2376 2377 2388
f 2388 2389 2377
f 2377 2378 2389
f 2389 2390 2378
f 2378 2379 2390
f 2390 2391 2379
f 2379 2380 2391
f 2391 2392 2380
f 2380 2381 2392
f 2392 2393 2381
f 2381 2370 2393
f 2393 2382 2370
f 2382 2383 2394
f 2394 2395 2383
f 2383 2384 2395
f 2395 2396 2384
f 2384 2385 2396
f 2396 2397 2385
f 2385 2386 2397
f 2397 2398 2386
f 2386 2387 2398
f 2398 2399 2387
f 2387 2388 2399
f 2399 2400 2388
f 2388 2389 2400
f 2400 2401 2389
f 2389 2390 2401
f 2401 2402 2390
f 2390 2391 2402
f 2402 2403 2391
f 2391 2392 2403
f 2403 2404 2392
f 2392 2393 2404
f 2404 2405 2393
f 2393 2382 2405
f 2405 2394 2382
f 2394 2395 2406
f 2406 2407 2395
f 2395 2396 2407
f 2407 2408 2396
f 2396 2397 2408
f 2408 2409 2397
f 2397 2398 2409
f 2409 2410 2398
f 2398 2399 2410
f 2410 2411 2399
f 2399 2400 2411
f 2411 2412 2400
f 2400 2401 2412
f 2412 2413 2401
f 2401 2402 2413
f 2413 2414 2402
f 2402 2403 2414
f 2414 2415 2403
f 2403 2404 2415
f 2415 2416 2404
f 2404 2405 2416
f 2416 2417 2405
f 2405 2394 2417
f 2417 2406 2394
f 2406 2407 2418
f 2418 2419 2407
f 2407 2408 2419
f 2419 2420 2408
f 2408 2409 2420
f 2420 2421 2409
f 2409 2410 2421
f 2421 2422 2410
f 2410 2411 2422
f 2422 2423 2411
f 2411 2412 2423
f 2423 2424 2412
f 2412 2413 2424
f 2424 2425 2413
f 2413 2414 2425
f 2425 2426 2414
f 2414 2415 2426
f 2426 2427 2415
f 2415 2416 2427
f 2427 2428 2416
f 2416 2417 2428
f 2428 2429 2417
f 2417 2406 2429
f 2429 2418 2406
f 2418 2419 2430
f 2430 2431 2419
f 2419 2420 2431
f 2431 2432 2420
f 2420 2421 2432
f 2432 2433 2421
f 2421 2422 2433
f 2433 2434 2422
f 2422 2423 2434
f 2434 2435 2423
f 2423 2424 2435
f 2435 2436 2424
f 2424 2425 2436
f 2436 2437 2425
f 2425 2426 2437
f 2437 2438 2426
f 2426 2427 2438
f 2438 2439 2427
f 2427 2428 2439
f 2439 2440 2428
f 2428 2429 2440
f 2440 2441 2429
f 2429 2418 2441
f 2441 2430 2418
f 2430 2431 2442
f 2442 2443 2431
f 2431 2432 2443
f 2443 2444 2432
f 2432 2433 2444
f 2444 2445 2433
f 2433 2434 2445
f 2445 2446 2434
f 2434 2435 2446
f 2446 2447 2435
f 2435 2436 2447
f 2447 2448 2436
f 2436 2437 2448
f 2448 2449 2437
f 2437 2438 2449
f 2449 2450 2438
f 2438 2439 2450
f 2450 2451 2439
f 2439 2440 2451
f 2451 2452 2440
f 2440 2441 2452
f 2452 2453 2441
f 2441 2430 2453
f 2453 2442 2430
f 2442 2443 2454
f 2454 2455 2443
f 2443 2444 2455
f 2455 2456 2444
f 2444 2445 2456
f 2456 2457 2445
f 2445 2446 2457
f 2457 2458 2446
f 2446 2447 2458
f 2458 2459 2447
f 2447 2448 2459
f 2459 2460 2448
f 2448 2449 2460
f 2460 2461 2449
f 2449 2450 2461
f 2461 2462 2450
f 2450 2451 2462
f 2462 2463 2451
f 2451 2452 2463
f 2463 2464 2452
f 2452 2453 2464
f 2464 2465 2453
f 2453 2442 2465
f 2465 2454 2442
f 2454 2455 2466
f 2466 2467 2455
f 2455 2456 2467
f 2467 2468 2456
f 2456 2457 2468
f 2468 2469 2457
f 2457 2458 2469
f 2469 2470 2458
f 2458 2459 2470
f 2470 2471 2459
f 2459 2460 2471
f 2471 2472 2460
f 2460 2461 2472
f 2472 2473 2461
f 2461 2462 2473
f 2473 2474 2462
f 2462 2463 2474
f 2474 2475 2463
f 2463 2464 2475
f 2475 2476 2464
f 2464 2465 2476
f 2476 2477 2465
f 2465 2454 2477
f 2477 2466 2454
f 2466 2467 2478
f 2467 2468 2478
f 2468 2469 2478
f 2469 2470 2478
f 2470 2471 2478
f 2471 2472 2478
f 2472 2473 2478
f 2473 2474 2478
f 2474 2475 2478
f 2475 2476 2478
f 2476 2477 2478
f 2477 2466 2478
f 2479 2480 2481
f 2479 2481 2482
f 2479 2482 2483
f 2479 2483 2484
f 2479 2484 2485
f 2479 2485 2486
f 2479 2486 2487
f 2479 2487 2488
f 2479 2488 2489
f 2479 2489 2490
f 2479 2490 2491
f 2479 2491 2480
f 2480 2481 2492
f 2492 2493 2481
f 2481 2482 2493
f 2493 2494 2482
f 2482 2483 2494
f 2494 2495 2483
f 2483 2484 2495
f 2495 2496 2484
f 2484 2485 2496
f 2496 2497 2485
f 2485 2486 2497
f 2497 2498 2486
f 2486 2487 2498
f 2498 2499 2487
f 2487 2488 2499
f 2499 2500 2488
f 2488 2489 2500
f 2500 2501 2489
f 2489 2490 2501
f 2501 2502 2490
f 2490 2491 2502
f 2502 2503 2491
f 2491 2480 2503
f 2503 2492 2480
f 2492 2493 2504
f 2504 2505 2493
f 2493 2494 2505
f 2505 2506 2494
f 2494 2495 2506
f 2506 2507 2495
f 2495 2496 2507
f 2507 2508 2496
f 2496 2497 2508
f 2508 2509 2497
f 2497 2498 2509
f 2509 2510 2498
f 2498 2499 2510
f 2510 2511 2499
f 2499 2500 2511
f 2511 2512 2500
f 2500 2501 2512
f 2512 2513 2501
f 2501 2502 2513
f 2513 2514 2502
f 2502 2503 2514
f 2514 2515 2503
f 2503 2492 2515
f 2515 2504 2492
f 2504 2505 2516
f 2516 2517 2505
f 2505 2506 2517
f 2517 2518 2506
f 2506 2507 2518
f 2518 2519 2507
f 2507 2508 2519
f 2519 2520 2508
f 2508 2509 2520
f 2520 2521 2509
f 2509 2510 2521
f 2521 2522 2510
f 2510 2511 2522
f 2522 2523 2511
f 2511 2512 2523
f 2523 2524 2512
f 2512 2513 2524
f 2524 2525 2513
f 2513 2514 2525
f 2525 2526 2514
f 2514 2515 2526
f 2526 2527 2515
f 2515 2504 2527
f 2527 2516 2504
f 2516 2517 2528
f 2528 2529 2517
f 2517 2518 2529
f 2529 2530 2518
f 2518 2519 2530
f 2530 2531 2519
f 2519 2520 2531
f 2531 2532 2520
f 2520 2521 2532
f 2532 2533 2521
f 2521 2522 2533
f 2533 2534 2522
f 2522 2523 2534
f 2534 2535 2523
f 2523 2524 2535
f 2535 2536 2524
f 2524 2525 2536
f 2536 2537 2525
f 2525 2526 2537
f 2537 2538 2526
f 2526 2527 2538
f 2538 2539 2527
f 2527 2516 2539
f 2539 2528 2516
f 2528 2529 2540
f 2540 2541 2529
f 2529 2530 2541
f 2541 2542 2530
f 2530 2531 2542
f 2542 2543 2531
f 2531 2532 2543
f 2543 2544 2532
f 2532 2533 2544
f 2544 2545 2533
f 2533 2534 2545
f 2545 2546 2534
f 2534 2535 2546
f 2546 2547 2535
f 2535 2536 2547
f 2547 2548 2536
f 2536 2537 2548
f 2548 2549 2537
f 2537 2538 2549
f 2549 2550 2538
f 2538 2539 2550
f 2550 2551 2539
f 2539 2528 2551
f 2551 2540 2528
f 2540 2541 2552
f 2541 2542 2552
f 2542 2543 2552
f 2543 2544 2552
f 2544 2545 2552
f 2545 2546 2552
f 2546 2547 2552
f 2547 2548 2552
f 2548 2549 2552
f 2549 2550 2552
f 2550 2551 2552
f 2551 2540 2552
f 2553 2554 2555
f 2553 2555 2556
f 2553 2556 2557
f 2553 2557 2558
f 2553 2558 2559
f 2553 2559 2560
f 2553 2560 2561
f 2553 2561 2562
f 2553 2562 2563
f 2553 2563 2564
f 2553 2564 2565
f 2553 2565 2554
f 2554 2555 2566
f 2566 2567 2555
f 2555 2556 2567
f 2567 2568 2556
f 2556 2557 2568
f 2568 2569 2557
f 2557 2558 2569
f 2569 2570 2558
f 2558 2559 2570
f 2570 2571 2559
f 2559 2560 2571
f 2571 2572 2560
f 2560 2561 2572
f 2572 2573 2561
f 2561 2562 2573
f 2573 2574 2562
f 2562 2563 2574
f 2574 2575 2563
f 2563 2564 2575
f 2575 2576 2564
f 2564 2565 2576
f 2576 2577 2565
f 2565 2554 2577
f 2577 2566 2554
f 2566 2567 2578
f 2578 2579 2567
f 2567 2568 2579
f 2579 2580 2568
f 2568 2569 2580
f 2580 2581 2569
f 2569 2570 2581
f 2581 2582 2570
f 2570 2571 2582
f 2582 2583 2571
f 2571 2572 2583
f 2583 2584 2572
f 2572 2573 2584
f 2584 2585 2573
f 2573 2574 2585
f 2585 2586 2574
f 2574 2575 2586
f 2586 2587 2575
f 2575 2576 2587
f 2587 2588 2576
f 2576 2577 2588
f 2588 2589 2577
f 2577 2566 2589
f 2589 2578 2566
f 2578 2579 2590
f 2590 2591 2579
f 2579 2580 2591
f 2591 2592 2580
f 2580 2581 2592
f 2592 2593 2581
f 2581 2582 2593
f 2593 2594 2582
f 2582 2583 2594
f 2594 2595 2583
f 2583 2584 2595
f 2595 2596 2584
f 2584 2585 2596
f 2596 2597 2585
f 2585 2586 2597
f 2597 2598 2586
f 2586 2587 2598
f 2598 2599 2587
f 2587 2588 2599
f 2599 2600 2588
f 2588 2589 2600
f 2600 2601 2589
f 2589 2578 2601
f 2601 2590 2578
f 2590 2591 2602
f 2602 2603 2591
f 2591 2592 2603
f 2603 2604 2592
f 2592 2593 2604
f 2604 2605 2593
f 2593 2594 2605
f 2605 2606 2594
f 2594 2595 2606
f 2606 2607 2595
f 2595 2596 2607
f 2607 2608 2596
f 2596 2597 2608
f 2608 2609 2597
f 2597 2598 2609
f 2609 2610 2598
f 2598 2599 2610
f 2610 2611 2599
f 2599 2600 2611
f 2611 2612 2600
f 2600 2601 2612
f 2612 2613 2601
f 2601 2590 2613
f 2613 2602 2590
f 2602 2603 2614
f 2614 2615 2603
f 2603 2604 2615
f 2615 2616 2604
f 2604 2605 2616
f 2616 2617 2605
f 2605 2606 2617
f 2617 2618 2606
f 2606 2607 2618
f 2618 2619 2607
f 2607 2608 2619
f 2619 2620 2608
f 2608 2609 2620
f 2620 2621 2609
f 2609 2610 2621
f 2621 2622 2610
f 2610 2611 2622
f 2622 2623 2611
f 2611 2612 2623
f 2623 2624 2612
f 2612 2613 2624
f 2624 2625 2613
f 2613 2602 2625
f 2625 2614 2602
f 2614 2615 2626
f 2615 2616 2626
f 2616 2617 2626
f 2617 2618 2626
f 2618 2619 2626
f 2619 2620 2626
f 2620 2621 2626
f 2621 2622 2626
f 2622 2623 2626
f 2623 2624 2626
f 2624 2625 2626
f 2625 2614 2626
f 2627 2628 2629
f 2627 2629 2630
f 2627 2630 2631
f 2627 2631 2632
f 2627 2632 2633
f 2627 2633 2634
f 2627 2634 2635
f 2627 2635 2636
f 2627 2636 2637
f 2627 2637 2638
f 2627 2638 2639
f 2627 2639 2628
f 2628 2629 2640
f 2640 2641 2629
f 2629 2630 2641
f 2641 2642 2630
f 2630 2631 2642
f 2642 2643 2631
f 2631 2632 2643
f 2643 2644 2632
f 2632 2633 2644
f 2644 2645 2633
f 2633 2634 2645
f 2645 2646 2634
f 2634 2635 2646
f 2646 2647 2635
f 2635 2636 2647
f 2647 2648 2636
f 2636 2637 2648
f 2648 2649 2637
f 2637 2638 2649
f 2649 2650 2638
f 2638 2639 2650
f 2650 2651 2639
f 2639 2628 2651
f 2651 2640 2628
f 2640 2641 2652
f 2652 2653 2641
f 2641 2642 2653
f 2653 2654 2642
f 2642 2643 2654
f 2654 2655 2643
f 2643 2644 2655
f 2655 2656 2644
f 2644 2645 2656
f 2656 2657 2645
f 2645 2646 2657
f 2657 2658 2646
f 2646 2647 2658
f 2658 2659 2647
f 2647 2648 2659
f 2659 2660 2648
f 2648 2649 2660
f 2660 2661 2649
f 2649 2650 2661
f 2661 2662 2650
f 2650 2651 2662
f 2662 2663 2651
f 2651 2640 2663
f 2663 2652 2640
f 2652 2653 2664
f 2664 2665 2653
f 2653 2654 2665
f 2665 2666 2654
f 2654 2655 2666
f 2666 2667 2655
f 2655 2656 2667
f 2667 2668 2656
f 2656 2657 2668
f 2668 2669 2657
f 2657 2658 2669
f 2669 2670 2658
f 2658 2659 2670
f 2670 2671 2659
f 2659 2660 2671
f 2671 2672 2660
f 2660 2661 2672
f 2672 2673 2661
f 2661 2662 2673
f 2673 2674 2662
f 2662 2663 2674
f 2674 2675 2663
f 2663 2652 2675
f 2675 2664 2652
f 2664 2665 2676
f 2676 2677 2665
f 2665 2666 2677
f 2677 2678 2666
f 2666 2667 2678
f 2678 2679 2667
f 2667 2668 2679
f 2679 2680 2668
f 2668 2669 2680
f 2680 2681 2669
f 2669 2670 2681
f 2681 2682 2670
f 2670 2671 2682
f 2682 2683 2671
f 2671 2672 2683
f 2683 2684 2672
f 2672 2673 2684
f 2684 2685 2673
f 2673 2674 2685
f 2685 2686 2674
f 2674 2675 2686
f 2686 2687 2675
f 2675 2664 2687
f 2687 2676 2664
f 2676 2677 2688
f 2688 2689 2677
f 2677 2678 2689
f 2689 2690 2678
f 2678 2679 2690
f 2690 2691 2679
f 2679 2680 2691
f 2691 2692 2680
f 2680 2681 2692
f 2692 2693 2681
f 2681 2682 2693
f 2693 2694 2682
f 2682 2683 2694
f 2694 2695 2683
f 2683 2684 2695
f 2695 2696 2684
f 2684 2685 2696
f 2696 2697 2685
f 2685 2686 2697
f 2697 2698 2686
f 2686 2687 2698
f 2698 2699 2687
f 2687 2676 2699
f 2699 2688 2676
f 2688 2689 2700
f 2689 2690 2700
f 2690 2691 2700
f 2691 2692 2700
f 2692 2693 2700
f 2693 2694 2700
f 2694 2695 2700
f 2695 2696 2700
f 2696 2697 2700
f 2697 2698 2700
f 2698 2699 2700
f 2699 2688 2700
f 2701 2702 2703
f 2701 2703 2704
f 2701 2704 2705
f 2701 2705 2706
f 2701 2706 2707
f 2701 2707 2708
f 2701 2708 2709
f 2701 2709 2710
f 2701 2710 2711
f 2701 2711 2712
f 2701 2712 2713
f 2701 2713 2702
f 2702 2703 2714
f 2714 2715 2703
f 2703 2704 2715
f 2715 2716 2704
f 2704 2705 2716
f 2716 2717 2705
f 2705 2706 2717
f 2717 2718 2706
f 2706 2707 2718
f 2718 2719 2707
f 2707 2708 2719
f 2719 2720 2708
f 2708 2709 2720
f 2720 2721 2709
f 2709 2710 2721
f 2721 2722 2710
f 2710 2711 2722
f 2722 2723 2711
f 2711 2712 2723
f 2723 2724 2712
f 2712 2713 2724
f 2724 2725 2713
f 2713 2702 2725
f 2725 2714 2702
f 2714 2715 2726
f 2726 2727 2715
f 2715 2716 2727
f 2727 2728 2716
f 2716 2717 2728
f 2728 2729 2717
f 2717 2718 2729
f 2729 2730 2718
f 2718 2719 2730
f 2730 2731 2719
f 2719 2720 2731
f 2731 2732 2720
f 2720 2721 2732
f 2732 2733 2721
f 2721 2722 2733
f 2733 2734 2722
f 2722 2723 2734
f 2734 2735 2723
f 2723 2724 2735
f 2735 2736 2724
f 2724 2725 2736
f 2736 2737 2725
f 2725 2714 2737
f 2737 2726 2714
f 2726 2727 2738
f 2738 2739 2727
f 2727 2728 2739
f 2739 2740 2728
f 2728 2729 2740
f 2740 2741 2729
f 2729 2730 2741
f 2741 2742 2730
f 2730 2731 2742
f 2742 2743 2731
f 2731 2732 2743
f 2743 2744 2732
f 2732 2733 2744
f 2744 2745 2733
f 2733 2734 2745
f 2745 2746 2734
f 2734 2735 2746
f 2746 2747 2735
f 2735 2736 2747
f 2747 2748 2736
f 2736 2737 2748
f 2748 2749 2737
f 2737 2726 2749
f 2749 2738 2726
f 2738 2739 2750
f 2750 2751 2739
f 2739 2740 2751
f 2751 2752 2740
f 2740 2741 2752
f 2752 2753 2741
f 2741 2742 2753
f 2753 2754 2742
f 2742 2743 2754
f 2754 2755 2743
f 2743 2744 2755
f 2755 2756 2744
f 2744 2745 2756
f 2756 2757 2745
f 2745 2746 2757
f 2757 2758 2746
f 2746 2747 2758
f 2758 2759 2747
f 2747 2748 2759
f 2759 2760 2748
f 2748 2749 2760
f 2760 2761 2749
f 2749 2738 2761
f 2761 2750 2738
f 2750 2751 2762
f 2762 2763 2751
f 2751 2752 2763
f 2763 2764 2752
f 2752 2753 2764
f 2764 2765 2753
f 2753 2754 2765
f 2765 2766 2754
f 2754 2755 2766
f 2766 2767 2755
f 2755 2756 2767
f 2767 2768 2756
f 2756 2757 2768
f 2768 2769 2757
f 2757 2758 2769
f 2769 2770 2758
f 2758 2759 2770
f 2770 2771 2759
f 2759 2760 2771
f 2771 2772 2760
f 2760 2761 2772
f 2772 2773 2761
f 2761 2750 2773
f 2773 2762 2750
f 2762 2763 2774
f 2774 2775 2763
f 2763 2764 2775
f 2775 2776 2764
f 2764 2765 2776
f 2776 2777 2765
f 2765 2766 2777
f 2777 2778 2766
f 2766 2767 2778
f 2778 2779 2767
f 2767 2768 2779
f 2779 2780 2768
f 2768 2769 2780
f 2780 2781 2769
f 2769 2770 2781
f 2781 2782 2770
f 2770 2771 2782
f 2782 2783 2771
f 2771 2772 2783
f 2783 2784 2772
f 2772 2773 2784
f 2784 2785 2773
f 2773 2762 2785
f 2785 2774 2762
f 2774 2775 2786
f 2786 2787 2775
f 2775 2776 2787
f 2787 2788 2776
f 2776 2777 2788
f 2788 2789 2777
f 2777 2778 2789
f 2789 2790 2778
f 2778 2779 2790
f 2790 2791 2779
f 2779 2780 2791
f 2791 2792 2780
f 2780 2781 2792
f 2792 2793 2781
f 2781 2782 2793
f 2793 2794 2782
f 2782 2783 2794
f 2794 2795 2783
f 2783 2784 2795
f 2795 2796 2784
f 2784 2785 2796
f 2796 2797 2785
f 2785 2774 2797
f 2797 2786 2774
f 2786 2787 2798
f 2798 2799 2787
f 2787 2788 2799
f 2799 2800 2788
f 2788 2789 2800
f 2800 2801 2789
f 2789 2790 2801
f 2801 2802 2790
f 2790 2791 2802
f 2802 2803 2791
f 2791 2792 2803
f 2803 2804 2792
f 2792 2793 2804
f 2804 2805 2793
f 2793 2794 2805
f 2805 2806 2794
f 2794 2795 2806
f 2806 2807 2795
f 2795 2796 2807
f 2807 2808 2796
f 2796 2797 2808
f 2808 2809 2797
f 2797 2786 2809
f 2809 2798 2786
f 2798 2799 2810
f 2810 2811 2799
f 2799 2800 2811
f 2811 2812 2800
f 2800 2801 2812
f 2812 2813 2801
f 2801 2802 2813
f 2813 2814 2802
f 2802 2803 2814
f 2814 2815 2803
f 2803 2804 2815
f 2815 2816 2804
f 2804 2805 2816
f 2816 2817 2805
f 2805 2806 2817
f 2817 2818 2806
f 2806 2807 2818
f 2818 2819 2807
f 2807 2808 2819
f 2819 2820 2808
f 2808 2809 2820
f 2820 2821 2809
f 2809 2798 2821
f 2821 2810 2798
f 2810 2811 2822
f 2822 2823 2811
f 2811 2812 2823
f 2823 2824 2812
f 2812 2813 2824
f 2824 2825 2813
f 2813 2814 2825
f 2825 2826 2814
f 2814 2815 2826
f 2826 2827 2815
f 2815 2816 2827
f 2827 2828 2816
f 2816 2817 2828
f 2828 2829 2817
f 2817 2818 2829
f 2829 2830 2818
f 2818 2819 2830
f 2830 2831 2819
f 2819 2820 2831
f 2831 2832 2820
f 2820 2821 2832
f 2832 2833 2821
f 2821 2810 2833
f 2833 2822 2810
f 2822 2823 2834
f 2834 2835 2823
f 2823 2824 2835
f 2835 2836 2824
f 2824 2825 2836
f 2836 2837 2825
f 2825 2826 2837
f 2837 2838 2826
f 2826 2827 2838
f 2838 2839 2827
f 2827 2828 2839
f 2839 2840 2828
f 2828 2829 2840
f 2840 2841 2829
f 2829 2830 2841
f 2841 2842 2830
f 2830 2831 2842
f 2842 2843 2831
f 2831 2832 2843
f 2843 2844 2832
f 2832 2833 2844
f 2844 2845 2833
f 2833 2822 2845
f 2845 2834 2822
f 2834 2835 2846
f 2846 2847 2835
f 2835 2836 2847
f 2847 2848 2836
f 2836 2837 2848
f 2848 2849 2837
f 2837 2838 2849
f 2849 2850 2838
f 2838 2839 2850
f 2850 2851 2839
f 2839 2840 2851
f 2851 2852 2840
f 2840 2841 2852
f 2852 2853 2841
f 2841 2842 2853
f 2853 2854 2842
f 2842 2843 2854
f 2854 2855 2843
f 2843 2844 2855
f 2855 2856 2844
f 2844 2845 2856
f 2856 2857 2845
f 2845 2834 2857
f 2857 2846 2834
f 2846 2847 2858
f 2847 2848 2858
f 2848 2849 2858
f 2849 2850 2858
f 2850 2851 2858
f 2851 2852 2858
f 2852 2853 2858
f 2853 2854 2858
f 2854 2855 2858
f 2855 2856 2858
f 2856 2857 2858
f 2857 2846 2858
f 2859 2860 2861
f 2859 2861 2862
f 2859 2862 2863
f 2859 2863 2864
f 2859 2864 2865
f 2859 2865 2866
f 2859 2866 2867
f 2859 2867 2868
f 2859 2868 2869
f 2859 2869 2870
f 2859 2870 2871
f 2859 2871 2860
f 2860 2861 2872
f 2872 2873 2861
f 2861 2862 2873
f 2873 2874 2862
f 2862 2863 2874
f 2874 2875 2863
f 2863 2864 2875
f 2875 2876 2864
f 2864 2865 2876
f 2876 2877 2865
f 2865 2866 2877
f 2877 2878 2866
f 2866 2867 2878
f 2878 2879 2867
f 2867 2868 2879
f 2879 2880 2868
f 2868 2869 2880
f 2880 2881 2869
f 2869 2870 2881
f 2881 2882 2870
f 2870 2871 2882
f 2882 2883 2871
f 2871 2860 2883
f 2883 2872 2860
f 2872 2873 2884
f 2884 2885 2873
f 2873 2874 2885
f 2885 2886 2874
f 2874 2875 2886
f 2886 2887 2875
f 2875 2876 2887
f 2887 2888 2876
f 2876 2877 2888
f 2888 2889 2877
f 2877 2878 2889
f 2889 2890 2878
f 2878 2879 2890
f 2890 2891 2879
f 2879 2880 2891
f 2891 2892 2880
f 2880 2881 2892
f 2892 2893 2881
f 2881 2882 2893
f 2893 2894 2882
f 2882 2883 2894
f 2894 2895 2883
f 2883 2872 2895
f 2895 2884 2872
f 2884 2885 2896
f 2896 2897 2885
f 2885 2886 2897
f 2897 2898 2886
f 2886 2887 2898
f 2898 2899 2887
f 2887 2888 2899
f 2899 2900 2888
f 2888 2889 2900
f 2900 2901 2889
f 2889 2890 2901
f 2901 2902 2890
f 2890 2891 2902
f 2902 2903 2891
f 2891 2892 2903
f 2903 2904 2892
f 2892 2893 2904
f 2904 2905 2893
f 2893 2894 2905
f 2905 2906 2894
f 2894 2895 2906
f 2906 2907 2895
f 2895 2884 2907
f 2907 2896 2884
f 2896 2897 2908
f 2908 2909 2897
f 2897 2898 2909
f 2909 2910 2898
f 2898 2899 2910
f 2910 2911 2899
f 2899 2900 2911
f 2911 2912 2900
f 2900 2901 2912
f 2912 2913 2901
f 2901 2902 2913
f 2913 2914 2902
f 2902 2903 2914
f 2914 2915 2903
f 2903 2904 2915
f 2915 2916 2904
f 2904 2905 2916
f 2916 2917 2905
f 2905 2906 2917
f 2917 2918 2906
f 2906 2907 2918
f 2918 2919 2907
f 2907 2896 2919
f 2919 2908 2896
f 2908 2909 2920
f 2920 2921 2909
f 2909 2910 2921
f 2921 2922 2910
f 2910 2911 2922
f 2922 2923 2911
f 2911 2912 2923
f 2923 2924 2912
f 2912 2913 2924
f 2924 2925 2913
f 2913 2914 2925
f 2925 2926 2914
f 2914 2915 2926
f 2926 2927 2915
f 2915 2916 2927
f 2927 2928 2916
f 2916 2917 2928
f 2928 2929 2917
f 2917 2918 2929
f 2929 2930 2918
f 2918 2919 2930
f 2930 2931 2919
f 2919 2908 2931
f 2931 2920 2908
f 2920 2921 2932
f 2921 2922 2932
f 2922 2923 2932
f 2923 2924 2932
f 2924 2925 2932
f 2925 2926 2932
f 2926 2927 2932
f 2927 2928 2932
f 2928 2929 2932
f 2929 2930 2932
f 2930 2931 2932
f 2931 2920 2932
f 2933 2934 2935
f 2933 2935 2936
f 2933 2936 2937
f 2933 2937 2938
f 2933 2938 2939
f 2933 2939 2940
f 2933 2940 2941
f 2933 2941 2942
f 2933 2942 2943
f 2933 2943 2944
f 2933 2944 2945
f 2933 2945 2934
f 2934 2935 2946
f 2946 2947 2935
f 2935 2936 2947
f 2947 2948 2936
f 2936 2937 2948
f 2948 2949 2937
f 2937 2938 2949
f 2949 2950 2938
f 2938 2939 2950
f 2950 2951 2939
f 2939 2940 2951
f 2951 2952 2940
f 2940 2941 2952
f 2952 2953 2941
f 2941 2942 2953
f 2953 2954 2942
f 2942 2943 2954
f 2954 2955 2943
f 2943 2944 2955
f 2955 2956 2944
f 2944 2945 2956
f 2956 2957 2945
f 2945 2934 2957
f 2957 2946 2934
f 2946 2947 2958
f 2958 2959 2947
f 2947 2948 2959
f 2959 2960 2948
f 2948 2949 2960
f 2960 2961 2949
f 2949 2950 2961
f 2961 2962 2950
f 2950 2951 2962
f 2962 2963 2951
f 2951 2952 2963
f 2963 2964 2952
f 2952 2953 2964
f 2964 2965 2953
f 2953 2954 2965
f 2965 2966 2954
f 2954 2955 2966
f 2966 2967 2955
f 2955 2956 2967
f 2967 2968 2956
f 2956 2957 2968
f 2968 2969 2957
f 2957 2946 2969
f 2969 2958 2946
f 2958 2959 2970
f 2970 2971 2959
f 2959 2960 2971
f 2971 2972 2960
f 2960 2961 2972
f 2972 2973 2961
f 2961 2962 2973
f 2973 2974 2962
f 2962 2963 2974
f 2974 2975 2963
f 2963 2964 2975
f 2975 2976 2964
f 2964 2965 2976
f 2976 2977 2965
f 2965 2966 2977
f 2977 2978 2966
f 2966 2967 2978
f 2978 2979 2967
f 2967 2968 2979
f 2979 2980 2968
f 2968 2969 2980
f 2980 2981 2969
f 2969 2958 2981
f 2981 2970 2958
f 2970 2971 2982
f 2982 2983 2971
f 2971 2972 2983
f 2983 2984 2972
f 2972 2973 2984
f 2984 2985 2973
f 2973 2974 2985
f 2985 2986 2974
f 2974 2975 2986
f 2986 2987 2975
f 2975 2976 2987
f 2987 2988 2976
f 2976 2977 2988
f 2988 2989 2977
f 2977 2978 2989
f 2989 2990 2978
f 2978 2979 2990
f 2990 2991 2979
f 2979 2980 2991
f 2991 2992 2980
f 2980 2981 2992
f 2992 2993 2981
f 2981 2970 2993
f 2993 2982 2970
f 2982 2983 2994
f 2994 2995 2983
f 2983 2984 2995
f 2995 2996 2984
f 2984 2985 2996
f 2996 2997 2985
f 2985 2986 2997
f 2997 2998 2986
f 2986 2987 2998
f 2998 2999 2987
f 2987 2988 2999
f 2999 3000 2988
f 2988 2989 3000
f 3000 3001 2989
f 2989 2990 3001
f 3001 3002 2990
f 2990 2991 3002
f 3002 3003 2991
f 2991 2992 3003
f 3003 3004 2992
f 2992 2993 3004
f 3004 3005 2993
f 2993 2982 3005
f 3005 2994 2982
f 2994 2995 3006
f 2995 2996 3006
f 2996 2997 3006
f 2997 2998 3006
f 2998 2999 3006
f 2999 3000 3006
f 3000 3001 3006
f 3001 3002 3006
f 3002 3003 3006
f 3003 3004 3006
f 3004 3005 3006
f 3005 2994 3006
f 3007 3008 3009
f 3007 3009 3010
f 3007 3010 3011
f 3007 3011 3012
f 3007 3012 3013
f 3007 3013 3014
f 3007 3014 3015
f 3007 3015 3016
f 3007 3016 3017
f 3007 3017 3018
f 3007 3018 3019
f 3007 3019 3008
f 3008 3009 3020
f 3020 3021 3009
f 3009 3010 3021
f 3021 3022 3010
f 3010 3011 3022
f 3022 3023 3011
f 3011 3012 3023
f 3023 3024 3012
f 3012 3013 3024
f 3024 3025 3013
f 3013 3014 3025
f 3025 3026 3014
f 3014 3015 3026
f 3026 3027 3015
f 3015 3016 3027
f 3027 3028 3016
f 3016 3017 3028
f 3028 3029 3017
f 3017 3018 3029
f 3029 3030 3018
f 3018 3019 3030
f 3030 3031 3019
f 3019 3008 3031
f 3031 3020 3008
f 3020 3021 3032
f 3032 3033 3021
f 3021 3022 3033
f 3033 3034 3022
f 3022 3023 3034
f 3034 3035 3023
f 3023 3024 3035
f 3035 3036 3024
f 3024 3025 3036
f 3036 3037 3025
f 3025 3026 3037
f 3037 3038 3026
f 3026 3027 3038
f 3038 3039 3027
f 3027 3028 3039
f 3039 3040 3028
f 3028 3029 3040
f 3040 3041 3029
f 3029 3030 3041
f 3041 3042 3030
f 3030 3031 3042
f 3042 3043 3031
f 3031 3020 3043
f 3043 3032 3020
f 3032 3033 3044
f 3044 3045 3033
f 3033 3034 3045
f 3045 3046 3034
f 3034 3035 3046
f 3046 3047 3035
f 3035 3036 3047
f 3047 3048 3036
f 3036 3037 3048
f 3048 3049 3037
f 3037 3038 3049
f 3049 3050 3038
f 3038 3039 3050
f 3050 3051 3039
f 3039 3040 3051
f 3051 3052 3040
f 3040 3041 3052
f 3052 3053 3041
f 3041 3042 3053
f 3053 3054 3042
f 3042 3043 3054
f 3054 3055 3043
f 3043 3032 3055
f 3055 3044 3032
f 3044 3045 3056
f 3056 3057 3045
f 3045 3046 3057
f 3057 3058 3046
f 3046 3047 3058
f 3058 3059 3047
f 3047 3048 3059
f 3059 3060 3048
f 3048 3049 3060
f 3060 3061 3049
f 3049 3050 3061
f 3061 3062 3050
f 3050 3051 3062
f 3062 3063 3051
f 3051 3052 3063
f 3063 3064 3052
f 3052 3053 3064
f 3064 3065 3053
f 3053 3054 3065
f 3065 3066 3054
f 3054 3055 3066
f 3066 3067 3055
f 3055 3044 3067
f 3067 3056 3044
f 3056 3057 3068
f 3068 3069 3057
f 3057 3058 3069
f 3069 3070 3058
f 3058 3059 3070
f 3070 3071 3059
f 3059 3060 3071
f 3071 3072 3060
f 3060 3061 3072
f 3072 3073 3061
f 3061 3062 3073
f 3073 3074 3062
f 3062 3063 3074
f 3074 3075 3063
f 3063 3064 3075
f 3075 3076 3064
f 3064 3065 3076
f 3076 3077 3065
f 3065 3066 3077
f 3077 3078 3066
f 3066 3067 3078
f 3078 3079 3067
f 3067 3056 3079
f 3079 3068 3056
f 3068 3069 3080
f 3069 3070 3080
f 3070 3071 3080
f 3071 3072 3080
f 3072 3073 3080
f 3073 3074 3080
f 3074 3075 3080
f 3075 3076 3080
f 3076 3077 3080
f 3077 3078 3080
f 3078 3079 3080
f 3079 3068 3080
f 3081 3082 3083
f 3081 3083 3084
f 3081 3084 3085
f 3081 3085 3086
f 3081 3086 3087
f 3081 3087 3088
f 3081 3088 3089
f 3081 3089 3090
f 3081 3090 3091
f 3081 3091 3092
f 3081 3092 3093
f 3081 3093 3082
f 3082 3083 3094
f 3094 3095 3083
f 3083 3084 3095
f 3095 3096 3084
f 3084 3085 3096
f 3096 3097 3085
f 3085 3086 3097
f 3097 3098 3086
f 3086 3087 3098
f 3098 3099 3087
f 3087 3088 3099
f 3099 3100 3088
f 3088 3089 3100
f 3100 3101 3089
f 3089 3090 3101
f 3101 3102 3090
f 3090 3091 3102
f 3102 3103 3091
f 3091 3092 3103
f 3103 3104 3092
f 3092 3093 3104
f 3104 3105 3093
f 3093 3082 3105
f 3105 3094 3082
f 3094 3095 3106
f 3106 3107 3095
f 3095 3096 3107
f 3107 3108 3096
f 3096 3097 3108
f 3108 3109 3097
f 3097 3098 3109
f 3109 3110 3098
f 3098 3099 3110
f 3110 3111 3099
f 3099 3100 3111
f 3111 3112 3100
f 3100 3101 3112
f 3112 3113 3101
f 3101 3102 3113
f 3113 3114 3102
f 3102 3103 3114
f 3114 3115 3103
f 3103 3104 3115
f 3115 3116 3104
f 3104 3105 3116
f 3116 3117 3105
f 3105 3094 3117
f 3117 3106 3094
f 3106 3107 3118
f 3118 3119 3107
f 3107 3108 3119
f 3119 3120 3108
f 3108 3109 3120
f 3120 3121 3109
f 3109 3110 3121
f 3121 3122 3110
f 3110 3111 3122
f 3122 3123 3111
f 3111 3112 3123
f 3123 3124 3112
f 3112 3113 3124
f 3124 3125 3113
f 3113 3114 3125
f 3125 3126 3114
f 3114 3115 3126
f 3126 3127 3115
f 3115 3116 3127
f 3127 3128 3116
f 3116 3117 3128
f 3128 3129 3117
f 3117 3106 3129
f 3129 3118 3106
f 3118 3119 3130
f 3130 3131 3119
f 3119 3120 3131
f 3131 3132 3120
f 3120 3121 3132
f 3132 3133 3121
f 3121 3122 3133
f 3133 3134 3122
f 3122 3123 3134
f 3134 3135 3123
f 3123 3124 3135
f 3135 3136 3124
f 3124 3125 3136
f 3136 3137 3125
f 3125 3126 3137
f 3137 3138 3126
f 3126 3127 3138
f 3138 3139 3127
f 3127 3128 3139
f 3139 3140 3128
f 3128 3129 3140
f 3140 3141 3129
f 3129 3118 3141
f 3141 3130 3118
f 3130 3131 3142
f 3142 3143 3131
f 3131 3132 3143
f 3143 3144 3132
f 3132 3133 3144
f 3144 3145 3133
f 3133 3134 3145
f 3145 3146 3134
f 3134 3135 3146
f 3146 3147 3135
f 3135 3136 3147
f 3147 3148 3136
f 3136 3137 3148
f 3148 3149 3137
f 3137 3138 3149
f 3149 3150 3138
f 3138 3139 3150
f 3150 3151 3139
f 3139 3140 3151
f 3151 3152 3140
f 3140 3141 3152
f 3152 3153 3141
f 3141 3130 3153
f 3153 3142 3130
f 3142 3143 3154
f 3154 3155 3143
f 3143 3144 3155
f 3155 3156 3144
f 3144 3145 3156
f 3156 3157 3145
f 3145 3146 3157
f 3157 3158 3146
f 3146 3147 3158
f 3158 3159 3147
f 3147 3148 3159
f 3159 3160 3148
f 3148 3149 3160
f 3160 3161 3149
f 3149 3150 3161
f 3161 3162 3150
f 3150 3151 3162
f 3162 3163 3151
f 3151 3152 3163
f 3163 3164 3152
f 3152 3153 3164
f 3164 3165 3153
f 3153 3142 3165
f 3165 3154 3142
f 3154 3155 3166
f 3166 3167 3155
f 3155 3156 3167
f 3167 3168 3156
f 3156 3157 3168
f 3168 3169 3157
f 3157 3158 3169
f 3169 3170 3158
f 3158 3159 3170
f 3170 3171 3159
f 3159 3160 3171
f 3171 3172 3160
f 3160 3161 3172
f 3172 3173 3161
f 3161 3162 3173
f 3173 3174 3162
f 3162 3163 3174
f 3174 3175 3163
f 3163 3164 3175
f 3175 3176 3164
f 3164 3165 3176
f 3176 3177 3165
f 3165 3154 3177
f 3177 3166 3154
f 3166 3167 3178
f 3178 3179 3167
f 3167 3168 3179
f 3179 3180 3168
f 3168 3169 3180
f 3180 3181 3169
f 3169 3170 3181
f 3181 3182 3170
f 3170 3171 3182
f 3182 3183 3171
f 3171 3172 3183
f 3183 3184 3172
f 3172 3173 3184
f 3184 3185 3173
f 3173 3174 3185
f 3185 3186 3174
f 3174 3175 3186
f 3186 3187 3175
f 3175 3176 3187
f 3187 3188 3176
f 3176 3177 3188
f 3188 3189 3177
f 3177 3166 3189
f 3189 3178 3166
f 3178 3179 3190
f 3190 3191 3179
f 3179 3180 3191
f 3191 3192 3180
f 3180 3181 3192
f 3192 3193 3181
f 3181 3182 3193
f 3193 3194 3182
f 3182 3183 3194
f 3194 3195 3183
f 3183 3184 3195
f 3195 3196 3184
f 3184 3185 3196
f 3196 3197 3185
f 3185 3186 3197
f 3197 3198 3186
f 3186 3187 3198
f 3198 3199 3187
f 3187 3188 3199
f 3199 3200 3188
f 3188 3189 3200
f 3200 3201 3189
f 3189 3178 3201
f 3201 3190 3178
f 3190 3191 3202
f 3202 3203 3191
f 3191 3192 3203
f 3203 3204 3192
f 3192 3193 3204
f 3204 3205 3193
f 3193 3194 3205
f 3205 3206 3194
f 3194 3195 3206
f 3206 3207 3195
f 3195 3196 3207
f 3207 3208 3196
f 3196 3197 3208
f 3208 3209 3197
f 3197 3198 3209
f 3209 3210 3198
f 3198 3199 3210
f 3210 3211 3199
f 3199 3200 3211
f 3211 3212 3200
f 3200 3201 3212
f 3212 3213 3201
f 3201 3190 3213
f 3213 3202 3190
f 3202 3203 3214
f 3214 3215 3203
f 3203 3204 3215
f 3215 3216 3204
f 3204 3205 3216
f 3216 3217 3205
f 3205 3206 3217
f 3217 3218 3206
f 3206 3207 3218
f 3218 3219 3207
f 3207 3208 3219
f 3219 3220 3208
f 3208 3209 3220
f 3220 3221 3209
f 3209 3210 3221
f 3221 3222 3210
f 3210 3211 3222
f 3222 3223 3211
f 3211 3212 3223
f 3223 3224 3212
f 3212 3213 3224
f 3224 3225 3213
f 3213 3202 3225
f 3225 3214 3202
f 3214 3215 3226
f 3226 3227 3215
f 3215 3216 3227
f 3227 3228 3216
f 3216 3217 3228
f 3228 3229 3217
f 3217 3218 3229
f 3229 3230 3218
f 3218 3219 3230
f 3230 3231 3219
f 3219 3220 3231
f 3231 3232 3220
f 3220 3221 3232
f 3232 3233 3221
f 3221 3222 3233
f 3233 3234 3222
f 3222 3223 3234
f 3234 3235 3223
f 3223 3224 3235
f 3235 3236 3224
f 3224 3225 3236
f 3236 3237 3225
f 3225 3214 3237
f 3237 3226 3214
f 3226 3227 3238
f 3227 3228 3238
f 3228 3229 3238
f 3229 3230 3238
f 3230 3231 3238
f 3231 3232 3238
f 3232 3233 3238
f 3233 3234 3238
f 3234 3235 3238
f 3235 3236 3238
f 3236 3237 3238
f 3237 3226 3238
f 3239 3240 3241
f 3239 3241 3242
f 3239 3242 3243
f 3239 3243 3244
f 3239 3244 3245
f 3239 3245 3246
f 3239 3246 3247
f 3239 3247 3248
f 3239 3248 3249
f 3239 3249 3250
f 3239 3250 3251
f 3239 3251 3240
f 3240 3241 3252
f 3252 3253 3241
f 3241 3242 3253
f 3253 3254 3242
f 3242 3243 3254
f 3254 3255 3243
f 3243 3244 3255
f 3255 3256 3244
f 3244 3245 3256
f 3256 3257 3245
f 3245 3246 3257
f 3257 3258 3246
f 3246 3247 3258
f 3258 3259 3247
f 3247 3248 3259
f 3259 3260 3248
f 3248 3249 3260
f 3260 3261 3249
f 3249 3250 3261
f 3261 3262 3250
f 3250 3251 3262
f 3262 3263 3251
f 3251 3240 3263
f 3263 3252 3240
f 3252 3253 3264
f 3264 3265 3253
f 3253 3254 3265
f 3265 3266 3254
f 3254 3255 3266
f 3266 3267 3255
f 3255 3256 3267
f 3267 3268 3256
f 3256 3257 3268
f 3268 3269 3257
f 3257 3258 3269
f 3269 3270 3258
f 3258 3259 3270
f 3270 3271 3259
f 3259 3260 3271
f 3271 3272 3260
f 3260 3261 3272
f 3272 3273 3261
f 3261 3262 3273
f 3273 3274 3262
f 3262 3263 3274
f 3274 3275 3263
f 3263 3252 3275
f 3275 3264 3252
f 3264 3265 3276
f 3276 3277 3265
f 3265 3266 3277
f 3277 3278 3266
f 3266 3267 3278
f 3278 3279 3267
f 3267 3268 3279
f 3279 3280 3268
f 3268 3269 3280
f 3280 3281 3269
f 3269 3270 3281
f 3281 3282 3270
f 3270 3271 3282
f 3282 3283 3271
f 3271 3272 3283
f 3283 3284 3272
f 3272 3273 3284
f 3284 3285 3273
f 3273 3274 3285
f 3285 3286 3274
f 3274 3275 3286
f 3286 3287 3275
f 3275 3264 3287
f 3287 3276 3264
f 3276 3277 3288
f 3288 3289 3277
f 3277 3278 3289
f 3289 3290 3278
f 3278 3279 3290
f 3290 3291 3279
f 3279 3280 3291
f 3291 3292 3280
f 3280 3281 3292
f 3292 3293 3281
f 3281 3282 3293
f 3293 3294 3282
f 3282 3283 3294
f 3294 3295 3283
f 3283 3284 3295
f 3295 3296 3284
f 3284 3285 3296
f 3296 3297 3285
f 3285 3286 3297
f 3297 3298 3286
f 3286 3287 3298
f 3298 3299 3287
f 3287 3276 3299
f 3299 3288 3276
f 3288 3289 3300
f 3300 3301 3289
f 3289 3290 3301
f 3301 3302 3290
f 3290 3291 3302
f 3302 3303 3291
f 3291 3292 3303
f 3303 3304 3292
f 3292 3293 3304
f 3304 3305 3293
f 3293 3294 3305
f 3305 3306 3294
f 3294 3295 3306
f 3306 3307 3295
f 3295 3296 3307
f 3307 3308 3296
f 3296 3297 3308
f 3308 3309 3297
f 3297 3298 3309
f 3309 3310 3298
f 3298 3299 3310
f 3310 3311 3299
f 3299 3288 3311
f 3311 3300 3288
f 3300 3301 3312
f 3301 3302 3312
f 3302 3303 3312
f 3303 3304 3312
f 3304 3305 3312
f 3305 3306 3312
f 3306 3307 3312
f 3307 3308 3312
f 3308 3309 3312
f 3309 3310 3312
f 3310 3311 3312
f 3311 3300 3312
f 3313 3314 3315
f 3313 3315 3316
f 3313 3316 3317
f 3313 3317 3318
f 3313 3318 3319
f 3313 3319 3320
f 3313 3320 3321
f 3313 3321 3322
f 3313 3322 3323
f 3313 3323 3324
f 3313 3324 3325
f 3313 3325 3314
f 3314 3315 3326
f 3326 3327 3315
f 3315 3316 3327
f 3327 3328 3316
f 3316 3317 3328
f 3328 3329 3317
f 3317 3318 3329
f 3329 3330 3318
f 3318 3319 3330
f 3330 3331 3319
f 3319 3320 3331
f 3331 3332 3320
f 3320 3321 3332
f 3332 3333 3321
f 3321 3322 3333
f 3333 3334 3322
f 3322 3323 3334
f 3334 3335 3323
f 3323 3324 3335
f 3335 3336 3324
f 3324 3325 3336
f 3336 3337 3325
f 3325 3314 3337
f 3337 3326 3314
f 3326 3327 3338
f 3338 3339 3327
f 3327 3328 3339
f 3339 3340 3328
f 3328 3329 3340
f 3340 3341 3329
f 3329 3330 3341
f 3341 3342 3330
f 3330 3331 3342
f 3342 3343 3331
f 3331 3332 3343
f 3343 3344 3332
f 3332 3333 3344
f 3344 3345 3333
f 3333 3334 3345
f 3345 3346 3334
f 3334 3335 3346
f 3346 3347 3335
f 3335 3336 3347
f 3347 3348 3336
f 3336 3337 3348
f 3348 3349 3337
f 3337 3326 3349
f 3349 3338 3326
f 3338 3339 3350
f 3350 3351 3339
f 3339 3340 3351
f 3351 3352 3340
f 3340 3341 3352
f 3352 3353 3341
f 3341 3342 3353
f 3353 3354 3342
f 3342 3343 3354
f 3354 3355 3343
f 3343 3344 3355
f 3355 3356 3344
f 3344 3345 3356
f 3356 3357 3345
f 3345 3346 3357
f 3357 3358 3346
f 3346 3347 3358
f 3358 3359 3347
f 3347 3348 3359
f 3359 3360 3348
f 3348 3349 3360
f 3360 3361 3349
f 3349 3338 3361
f 3361 3350 3338
f 3350 3351 3362
f 3351 3352 3362
f 3352 3353 3362
f 3353 3354 3362
f 3354 3355 3362
f 3355 3356 3362
f 3356 3357 3362
f 3357 3358 3362
f 3358 3359 3362
f 3359 3360 3362
f 3360 3361 3362
f 3361 3350 3362
f 3363 3364 3365
f 3363 3365 3366
f 3363 3366 3367
f 3363 3367 3368
f 3363 3368 3369
f 3363 3369 3370
f 3363 3370 3371
f 3363 3371 3372
f 3363 3372 3373
f 3363 3373 3374
f 3363 3374 3375
f 3363 3375 3364
f 3364 3365 3376
f 3376 3377 3365
f 3365 3366 3377
f 3377 3378 3366
f 3366 3367 3378
f 3378 3379 3367
f 3367 3368 3379
f 3379 3380 3368
f 3368 3369 3380
f 3380 3381 3369
f 3369 3370 3381
f 3381 3382 3370
f 3370 3371 3382
f 3382 3383 3371
f 3371 3372 3383
f 3383 3384 3372
f 3372 3373 3384
f 3384 3385 3373
f 3373 3374 3385
f 3385 3386 3374
f 3374 3375 3386
f 3386 3387 3375
f 3375 3364 3387
f 3387 3376 3364
f 3376 3377 3388
f 3388 3389 3377
f 3377 3378 3389
f 3389 3390 3378
f 3378 3379 3390
f 3390 3391 3379
f 3379 3380 3391
f 3391 3392 3380
f 3380 3381 3392
f 3392 3393 3381
f 3381 3382 3393
f 3393 3394 3382
f 3382 3383 3394
f 3394 3395 3383
f 3383 3384 3395
f 3395 3396 3384
f 3384 3385 3396
f 3396 3397 3385
f 3385 3386 3397
f 3397 3398 3386
f 3386 3387 3398
f 3398 3399 3387
f 3387 3376 3399
f 3399 3388 3376
f 3388 3389 3400
f 3400 3401 3389
f 3389 3390 3401
f 3401 3402 3390
f 3390 3391 3402
f 3402 3403 3391
f 3391 3392 3403
f 3403 3404 3392
f 3392 3393 3404
f 3404 3405 3393
f 3393 3394 3405
f 3405 3406 3394
f 3394 3395 3406
f 3406 3407 3395
f 3395 3396 3407
f 3407 3408 3396
f 3396 3397 3408
f 3408 3409 3397
f 3397 3398 3409
f 3409 3410 3398
f 3398 3399 3410
f 3410 3411 3399
f 3399 3388 3411
f 3411 3400 3388
f 3400 3401 3412
f 3401 3402 3412
f 3402 3403 3412
f 3403 3404 3412
f 3404 3405 3412
f 3405 3406 3412
f 3406 3407 3412
f 3407 3408 3412
f 3408 3409 3412
f 3409 3410 3412
f 3410 3411 3412
f 3411 3400 3412
f 3413 3414 3415
f 3413 3415 3416
f 3413 3416 3417
f 3413 3417 3418
f 3413 3418 3419
f 3413 3419 3420
f 3413 3420 3421
f 3413 3421 3422
f 3413 3422 3423
f 3413 3423 3424
f 3413 3424 3425
f 3413 3425 3414
f 3414 3415 3426
f 3426 3427 3415
f 3415 3416 3427
f 3427 3428 3416
f 3416 3417 3428
f 3428 3429 3417
f 3417 3418 3429
f 3429 3430 3418
f 3418 3419 3430
f 3430 3431 3419
f 3419 3420 3431
f 3431 3432 3420
f 3420 3421 3432
f 3432 3433 3421
f 3421 3422 3433
f 3433 3434 3422
f 3422 3423 3434
f 3434 3435 3423
f 3423 3424 3435
f 3435 3436 3424
f 3424 3425 3436
f 3436 3437 3425
f 3425 3414 3437
f 3437 3426 3414
f 3426 3427 3438
f 3438 3439 3427
f 3427 3428 3439
f 3439 3440 3428
f 3428 3429 3440
f 3440 3441 3429
f 3429 3430 3441
f 3441 3442 3430
f 3430 3431 3442
f 3442 3443 3431
f 3431 3432 3443
f 3443 3444 3432
f 3432 3433 3444
f 3444 3445 3433
f 3433 3434 3445
f 3445 3446 3434
f 3434 3435 3446
f 3446 3447 3435
f 3435 3436 3447
f 3447 3448 3436
f 3436 3437 3448
f 3448 3449 3437
f 3437 3426 3449
f 3449 3438 3426
f 3438 3439 3450
f 3450 3451 3439
f 3439 3440 3451
f 3451 3452 3440
f 3440 3441 3452
f 3452 3453 3441
f 3441 3442 3453
f 3453 3454 3442
f 3442 3443 3454
f 3454 3455 3443
f 3443 3444 3455
f 3455 3456 3444
f 3444 3445 3456
f 3456 3457 3445
f 3445 3446 3457
f 3457 3458 3446
f 3446 3447 3458
f 3458 3459 3447
f 3447 3448 3459
f 3459 3460 3448
f 3448 3449 3460
f 3460 3461 3449
f 3449 3438 3461
f 3461 3450 3438
f 3450 3451 3462
f 3451 3452 3462
f 3452 3453 3462
f 3453 3454 3462
f 3454 3455 3462
f 3455 3456 3462
f 3456 3457 3462
f 3457 3458 3462
f 3458 3459 3462
f 3459 3460 3462
f 3460 3461 3462
f 3461 3450 3462
f 3463 3464 3465
f 3463 3465 3466
f 3463 3466 3467
f 3463 3467 3468
f 3463 3468 3469
f 3463 3469 3470
f 3463 3470 3471
f 3463 3471 3472
f 3463 3472 3473
f 3463 3473 3474
f 3463 3474 3475
f 3463 3475 3464
f 3464 3465 3476
f 3476 3477 3465
f 3465 3466 3477
f 3477 3478 3466
f 3466 3467 3478
f 3478 3479 3467
f 3467 3468 3479
f 3479 3480 3468
f 3468 3469 3480
f 3480 3481 3469
f 3469 3470 3481
f 3481 3482 3470
f 3470 3471 3482
f 3482 3483 3471
f 3471 3472 3483
f 3483 3484 3472
f 3472 3473 3484
f 3484 3485 3473
f 3473 3474 3485
f 3485 3486 3474
f 3474 3475 3486
f 3486 3487 3475
f 3475 3464 3487
f 3487 3476 3464
f 3476 3477 3488
f 3488 3489 3477
f 3477 3478 3489
f 3489 3490 3478
f 3478 3479 3490
f 3490 3491 3479
f 3479 3480 3491
f 3491 3492 3480
f 3480 3481 3492
f 3492 3493 3481
f 3481 3482 3493
f 3493 3494 3482
f 3482 3483 3494
f 3494 3495 3483
f 3483 3484 3495
f 3495 3496 3484
f 3484 3485 3496
f 3496 3497 3485
f 3485 3486 3497
f 3497 3498 3486
f 3486 3487 3498
f 3498 3499 3487
f 3487 3476 3499
f 3499 3488 3476
f 3488 3489 3500
f 3500 3501 3489
f 3489 3490 3501
f 3501 3502 3490
f 3490 3491 3502
f 3502 3503 3491
f 3491 3492 3503
f 3503 3504 3492
f 3492 3493 3504
f 3504 3505 3493
f 3493 3494 3505
f 3505 3506 3494
f 3494 3495 3506
f 3506 3507 3495
f 3495 3496 3507
f 3507 3508 3496
f 3496 3497 3508
f 3508 3509 3497
f 3497 3498 3509
f 3509 3510 3498
f 3498 3499 3510
f 3510 3511 3499
f 3499 3488 3511
f 3511 3500 3488
f 3500 3501 3512
f 3501 3502 3512
f 3502 3503 3512
f 3503 3504 3512
f 3504 3505 3512
f 3505 3506 3512
f 3506 3507 3512
f 3507 3508 3512
f 3508 3509 3512
f 3509 3510 3512
f 3510 3511 3512
f 3511 3500 3512
f 3513 3514 3515
f 3513 3515 3516
f 3513 3516 3517
f 3513 3517 3518
f 3513 3518 3519
f 3513 3519 3520
f 3513 3520 3521
f 3513 3521 3522
f 3513 3522 3523
f 3513 3523 3524
f 3513 3524 3525
f 3513 3525 3514
f 3514 3515 3526
f 3526 3527 3515
f 3515 3516 3527
f 3527 3528 3516
f 3516 3517 3528
f 3528 3529 3517
f 3517 3518 3529
f 3529 3530 3518
f 3518 3519 3530
f 3530 3531 3519
f 3519 3520 3531
f 3531 3532 3520
f 3520 3521 3532
f 3532 3533 3521
f 3521 3522 3533
f 3533 3534 3522
f 3522 3523 3534
f 3534 3535 3523
f 3523 3524 3535
f 3535 3536 3524
f 3524 3525 3536
f 3536 3537 3525
f 3525 3514 3537
f 3537 3526 3514
f 3526 3527 3538
f 3538 3539 3527
f 3527 3528 3539
f 3539 3540 3528
f 3528 3529 3540
f 3540 3541 3529
f 3529 3530 3541
f 3541 3542 3530
f 3530 3531 3542
f 3542 3543 3531
f 3531 3532 3543
f 3543 3544 3532
f 3532 3533 3544
f 3544 3545 3533
f 3533 3534 3545
f 3545 3546 3534
f 3534 3535 3546
f 3546 3547 3535
f 3535 3536 3547
f 3547 3548 3536
f 3536 3537 3548
f 3548 3549 3537
f 3537 3526 3549
f 3549 3538 3526
f 3538 3539 3550
f 3550 3551 3539
f 3539 3540 3551
f 3551 3552 3540
f 3540 3541 3552
f 3552 3553 3541
f 3541 3542 3553
f 3553 3554 3542
f 3542 3543 3554
f 3554 3555 3543
f 3543 3544 3555
f 3555 3556 3544
f 3544 3545 3556
f 3556 3557 3545
f 3545 3546 3557
f 3557 3558 3546
f 3546 3547 3558
f 3558 3559 3547
f 3547 3548 3559
f 3559 3560 3548
f 3548 3549 3560
f 3560 3561 3549
f 3549 3538 3561
f 3561 3550 3538
f 3550 3551 3562
f 3551 3552 3562
f 3552 3553 3562
f 3553 3554 3562
f 3554 3555 3562
f 3555 3556 3562
f 3556 3557 3562
f 3557 3558 3562
f 3558 3559 3562
f 3559 3560 3562
f 3560 3561 3562
f 3561 3550 3562
f 3563 3564 3565
f 3563 3565 3566
f 3563 3566 3567
f 3563 3567 3568
f 3563 3568 3569
f 3563 3569 3570
f 3563 3570 3571
f 3563 3571 3572
f 3563 3572 3573
f 3563 3573 3574
f 3563 3574 3575
f 3563 3575 3564
f 3564 3565 3576
f 3576 3577 3565
f 3565 3566 3577
f 3577 3578 3566
f 3566 3567 3578
f 3578 3579 3567
f 3567 3568 3579
f 3579 3580 3568
f 3568 3569 3580
f 3580 3581 3569
f 3569 3570 3581
f 3581 3582 3570
f 3570 3571 3582
f 3582 3583 3571
f 3571 3572 3583
f 3583 3584 3572
f 3572 3573 3584
f 3584 3585 3573
f 3573 3574 3585
f 3585 3586 3574
f 3574 3575 3586
f 3586 3587 3575
f 3575 3564 3587
f 3587 3576 3564
f 3576 3577 3588
f 3588 3589 3577
f 3577 3578 3589
f 3589 3590 3578
f 3578 3579 3590
f 3590 3591 3579
f 3579 3580 3591
f 3591 3592 3580
f 3580 3581 3592
f 3592 3593 3581
f 3581 3582 3593
f 3593 3594 3582
f 3582 3583 3594
f 3594 3595 3583
f 3583 3584 3595
f 3595 3596 3584
f 3584 3585 3596
f 3596 3597 3585
f 3585 3586 3597
f 3597 3598 3586
f 3586 3587 3598
f 3598 3599 3587
f 3587 3576 3599
f 3599 3588 3576
f 3588 3589 3600
f 3600 3601 3589
f 3589 3590 3601
f 3601 3602 3590
f 3590 3591 3602
f 3602 3603 3591
f 3591 3592 3603
f 3603 3604 3592
f 3592 3593 3604
f 3604 3605 3593
f 3593 3594 3605
f 3605 3606 3594
f 3594 3595 3606
f 3606 3607 3595
f 3595 3596 3607
f 3607 3608 3596
f 3596 3597 3608
f 3608 3609 3597
f 3597 3598 3609
f 3609 3610 3598
f 3598 3599 3610
f 3610 3611 3599
f 3599 3588 3611
f 3611 3600 3588
f 3600 3601 3612
f 3612 3613 3601
f 3601 3602 3613
f 3613 3614 3602
f 3602 3603 3614
f 3614 3615 3603
f 3603 3604 3615
f 3615 3616 3604
f 3604 3605 3616
f 3616 3617 3605
f 3605 3606 3617
f 3617 3618 3606
f 3606 3607 3618
f 3618 3619 3607
f 3607 3608 3619
f 3619 3620 3608
f 3608 3609 3620
f 3620 3621 3609
f 3609 3610 3621
f 3621 3622 3610
f 3610 3611 3622
f 3622 3623 3611
f 3611 3600 3623
f 3623 3612 3600
f 3612 3613 3624
f 3624 3625 3613
f 3613 3614 3625
f 3625 3626 3614
f 3614 3615 3626
f 3626 3627 3615
f 3615 3616 3627
f 3627 3628 3616
f 3616 3617 3628
f 3628 3629 3617
f 3617 3618 3629
f 3629 3630 3618
f 3618 3619 3630
f 3630 3631 3619
f 3619 3620 3631
f 3631 3632 3620
f 3620 3621 3632
f 3632 3633 3621
f 3621 3622 3633
f 3633 3634 3622
f 3622 3623 3634
f 3634 3635 3623
f 3623 3612 3635
f 3635 3624 3612
f 3624 3625 3636
f 3636 3637 3625
f 3625 3626 3637
f 3637 3638 3626
f 3626 3627 3638
f 3638 3639 3627
f 3627 3628 3639
f 3639 3640 3628
f 3628 3629 3640
f 3640 3641 3629
f 3629 3630 3641
f 3641 3642 3630
f 3630 3631 3642
f 3642 3643 3631
f 3631 3632 3643
f 3643 3644 3632
f 3632 3633 3644
f 3644 3645 3633
f 3633 3634 3645
f 3645 3646 3634
f 3634 3635 3646
f 3646 3647 3635
f 3635 3624 3647
f 3647 3636 3624
f 3636 3637 3648
f 3648 3649 3637
f 3637 3638 3649
f 3649 3650 3638
f 3638 3639 3650
f 3650 3651 3639
f 3639 3640 3651
f 3651 3652 3640
f 3640 3641 3652
f 3652 3653 3641
f 3641 3642 3653
f 3653 3654 3642
f 3642 3643 3654
f 3654 3655 3643
f 3643 3644 3655
f 3655 3656 3644
f 3644 3645 3656
f 3656 3657 3645
f 3645 3646 3657
f 3657 3658 3646
f 3646 3647 3658
f 3658 3659 3647
f 3647 3636 3659
f 3659 3648 3636
f 3648 3649 3660
f 3660 3661 3649
f 3649 3650 3661
f 3661 3662 3650
f 3650 3651 3662
f 3662 3663 3651
f 3651 3652 3663
f 3663 3664 3652
f 3652 3653 3664
f 3664 3665 3653
f 3653 3654 3665
f 3665 3666 3654
f 3654 3655 3666
f 3666 3667 3655
f 3655 3656 3667
f 3667 3668 3656
f 3656 3657 3668
f 3668 3669 3657
f 3657 3658 3669
f 3669 3670 3658
f 3658 3659 3670
f 3670 3671 3659
f 3659 3648 3671
f 3671 3660 3648
f 3660 3661 3672
f 3661 3662 3672
f 3662 3663 3672
f 3663 3664 3672
f 3664 3665 3672
f 3665 3666 3672
f 3666 3667 3672
f 3667 3668 3672
f 3668 3669 3672
f 3669 3670 3672
f 3670 3671 3672
f 3671 3660 3672
f 3673 3674 3675
f 3673 3675 3676
f 3673 3676 3677
f 3673 3677 3678
f 3673 3678 3679
f 3673 3679 3680
f 3673 3680 3681
f 3673 3681 3682
f 3673 3682 3683
f 3673 3683 3684
f 3673 3684 3685
f 3673 3685 3674
f 3674 3675 3686
f 3686 3687 3675
f 3675 3676 3687
f 3687 3688 3676
f 3676 3677 3688
f 3688 3689 3677
f 3677 3678 3689
f 3689 3690 3678
f 3678 3679 3690
f 3690 3691 3679
f 3679 3680 3691
f 3691 3692 3680
f 3680 3681 3692
f 3692 3693 3681
f 3681 3682 3693
f 3693 3694 3682
f 3682 3683 3694
f 3694 3695 3683
f 3683 3684 3695
f 3695 3696 3684
f 3684 3685 3696
f 3696 3697 3685
f 3685 3674 3697
f 3697 3686 3674
f 3686 3687 3698
f 3698 3699 3687
f 3687 3688 3699
f 3699 3700 3688
f 3688 3689 3700
f 3700 3701 3689
f 3689 3690 3701
f 3701 3702 3690
f 3690 3691 3702
f 3702 3703 3691
f 3691 3692 3703
f 3703 3704 3692
f 3692 3693 3704
f 3704 3705 3693
f 3693 3694 3705
f 3705 3706 3694
f 3694 3695 3706
f 3706 3707 3695
f 3695 3696 3707
f 3707 3708 3696
f 3696 3697 3708
f 3708 3709 3697
f 3697 3686 3709
f 3709 3698 3686
f 3698 3699 3710
f 3710 3711 3699
f 3699 3700 3711
f 3711 3712 3700
f 3700 3701 3712
f 3712 3713 3701
f 3701 3702 3713
f 3713 3714 3702
f 3702 3703 3714
f 3714 3715 3703
f 3703 3704 3715
f 3715 3716 3704
f 3704 3705 3716
f 3716 3717 3705
f 3705 3706 3717
f 3717 3718 3706
f 3706 3707 3718
f 3718 3719 3707
f 3707 3708 3719
f 3719 3720 3708
f 3708 3709 3720
f 3720 3721 3709
f 3709 3698 3721
f 3721 3710 3698
f 3710 3711 3722
f 3722 3723 3711
f 3711 3712 3723
f 3723 3724 3712
f 3712 3713 3724
f 3724 3725 3713
f 3713 3714 3725
f 3725 3726 3714
f 3714 3715 3726
f 3726 3727 3715
f 3715 3716 3727
f 3727 3728 3716
f 3716 3717 3728
f 3728 3729 3717
f 3717 3718 3729
f 3729 3730 3718
f 3718 3719 3730
f 3730 3731 3719
f 3719 3720 3731
f 3731 3732 3720
f 3720 3721 3732
f 3732 3733 3721
f 3721 3710 3733
f 3733 3722 3710
f 3722 3723 3734
f 3734 3735 3723
f 3723 3724 3735
f 3735 3736 3724
f 3724 3725 3736
f 3736 3737 3725
f 3725 3726 3737
f 3737 3738 3726
f 3726 3727 3738
f 3738 3739 3727
f 3727 3728 3739
f 3739 3740 3728
f 3728 3729 3740
f 3740 3741 3729
f 3729 3730 3741
f 3741 3742 3730
f 3730 3731 3742
f 3742 3743 3731
f 3731 3732 3743
f 3743 3744 3732
f 3732 3733 3744
f 3744 3745 3733
f 3733 3722 3745
f 3745 3734 3722
f 3734 3735 3746
f 3746 3747 3735
f 3735 3736 3747
f 3747 3748 3736
f 3736 3737 3748
f 3748 3749 3737
f 3737 3738 3749
f 3749 3750 3738
f 3738 3739 3750
f 3750 3751 3739
f 3739 3740 3751
f 3751 3752 3740
f 3740 3741 3752
f 3752 3753 3741
f 3741 3742 3753
f 3753 3754 3742
f 3742 3743 3754
f 3754 3755 3743
f 3743 3744 3755
f 3755 3756 3744
f 3744 3745 3756
f 3756 3757 3745
f 3745 3734 3757
f 3757 3746 3734
f 3746 3747 3758
f 3758 3759 3747
f 3747 3748 3759
f 3759 3760 3748
f 3748 3749 3760
f 3760 3761 3749
f 3749 3750 3761
f 3761 3762 3750
f 3750 3751 3762
f 3762 3763 3751
f 3751 3752 3763
f 3763 3764 3752
f 3752 3753 3764
f 3764 3765 3753
f 3753 3754 3765
f 3765 3766 3754
f 3754 3755 3766
f 3766 3767 3755
f 3755 3756 3767
f 3767 3768 3756
f 3756 3757 3768
f 3768 3769 3757
f 3757 3746 3769
f 3769 3758 3746
f 3758 3759 3770
f 3770 3771 3759
f 3759 3760 3771
f 3771 3772 3760
f 3760 3761 3772
f 3772 3773 3761
f 3761 3762 3773
f 3773 3774 3762
f 3762 3763 3774
f 3774 3775 3763
f 3763 3764 3775
f 3775 3776 3764
f 3764 3765 3776
f 3776 3777 3765
f 3765 3766 3777
f 3777 3778 3766
f 3766 3767 3778
f 3778 3779 3767
f 3767 3768 3779
f 3779 3780 3768
f 3768 3769 3780
f 3780 3781 3769
f 3769 3758 3781
f 3781 3770 3758
f 3770 3771 3782
f 3782 3783 3771
f 3771 3772 3783
f 3783 3784 3772
f 3772 3773 3784
f 3784 3785 3773
f 3773 3774 3785
f 3785 3786 3774
f 3774 3775 3786
f 3786 3787 3775
f 3775 3776 3787
f 3787 3788 3776
f 3776 3777 3788
f 3788 3789 3777
f 3777 3778 3789
f 3789 3790 3778
f 3778 3779 3790
f 3790 3791 3779
f 3779 3780 3791
f 3791 3792 3780
f 3780 3781 3792
f 3792 3793 3781
f 3781 3770 3793
f 3793 3782 3770
f 3782 3783 3794
f 3794 3795 3783
f 3783 3784 3795
f 3795 3796 3784
f 3784 3785 3796
f 3796 3797 3785
f 3785 3786 3797
f 3797 3798 3786
f 3786 3787 3798
f 3798 3799 3787
f 3787 3788 3799
f 3799 3800 3788
f 3788 3789 3800
f 3800 3801 3789
f 3789 3790 3801
f 3801 3802 3790
f 3790 3791 3802
f 3802 3803 3791
f 3791 3792 3803
f 3803 3804 3792
f 3792 3793 3804
f 3804 3805 3793
f 3793 3782 3805
f 3805 3794 3782
f 3794 3795 3806
f 3806 3807 3795
f 3795 3796 3807
f 3807 3808 3796
f 3796 3797 3808
f 3808 3809 3797
f 3797 3798 3809
f 3809 3810 3798
f 3798 3799 3810
f 3810 3811 3799
f 3799 3800 3811
f 3811 3812 3800
f 3800 3801 3812
f 3812 3813 3801
f 3801 3802 3813
f 3813 3814 3802
f 3802 3803 3814
f 3814 3815 3803
f 3803 3804 3815
f 3815 3816 3804
f 3804 3805 3816
f 3816 3817 3805
f 3805 3794 3817
f 3817 3806 3794
f 3806 3807 3818
f 3818 3819 3807
f 3807 3808 3819
f 3819 3820 3808
f 3808 3809 3820
f 3820 3821 3809
f 3809 3810 3821
f 3821 3822 3810
f 3810 3811 3822
f 3822 3823 3811
f 3811 3812 3823
f 3823 3824 3812
f 3812 3813 3824
f 3824 3825 3813
f 3813 3814 3825
f 3825 3826 3814
f 3814 3815 3826
f 3826 3827 3815
f 3815 3816 3827
f 3827 3828 3816
f 3816 3817 3828
f 3828 3829 3817
f 3817 3806 3829
f 3829 3818 3806
f 3818 3819 3830
f 3819 3820 3830
f 3820 3821 3830
f 3821 3822 3830
f 3822 3823 3830
f 3823 3824 3830
f 3824 3825 3830
f 3825 3826 3830
f 3826 3827 3830
f 3827 3828 3830
f 3828 3829 3830
f 3829 3818 3830
f 3831 3832 3833
f 3831 3833 3834
f 3831 3834 3835
f 3831 3835 3836
f 3831 3836 3837
f 3831 3837 3838
f 3831 3838 3839
f 3831 3839 3840
f 3831 3840 3841
f 3831 3841 3842
f 3831 3842 3843
f 3831 3843 3832
f 3832 3833 3844
f 3844 3845 3833
f 3833 3834 3845
f 3845 3846 3834
f 3834 3835 3846
f 3846 3847 3835
f 3835 3836 3847
f 3847 3848 3836
f 3836 3837 3848
f 3848 3849 3837
f 3837 3838 3849
f 3849 3850 3838
f 3838 3839 3850
f 3850 3851 3839
f 3839 3840 3851
f 3851 3852 3840
f 3840 3841 3852
f 3852 3853 3841
f 3841 3842 3853
f 3853 3854 3842
f 3842 3843 3854
f 3854 3855 3843
f 3843 3832 3855
f 3855 3844 3832
f 3844 3845 3856
f 3856 3857 3845
f 3845 3846 3857
f 3857 3858 3846
f 3846 3847 3858
f 3858 3859 3847
f 3847 3848 3859
f 3859 3860 3848
f 3848 3849 3860
f 3860 3861 3849
f 3849 3850 3861
f 3861 3862 3850
f 3850 3851 3862
f 3862 3863 3851
f 3851 3852 3863
f 3863 3864 3852
f 3852 3853 3864
f 3864 3865 3853
f 3853 3854 3865
f 3865 3866 3854
f 3854 3855 3866
f 3866 3867 3855
f 3855 3844 3867
f 3867 3856 3844
f 3856 3857 3868
f 3868 3869 3857
f 3857 3858 3869
f 3869 3870 3858
f 3858 3859 3870
f 3870 3871 3859
f 3859 3860 3871
f 3871 3872 3860
f 3860 3861 3872
f 3872 3873 3861
f 3861 3862 3873
f 3873 3874 3862
f 3862 3863 3874
f 3874 3875 3863
f 3863 3864 3875
f 3875 3876 3864
f 3864 3865 3876
f 3876 3877 3865
f 3865 3866 3877
f 3877 3878 3866
f 3866 3867 3878
f 3878 3879 3867
f 3867 3856 3879
f 3879 3868 3856
f 3868 3869 3880
f 3880 3881 3869
f 3869 3870 3881
f 3881 3882 3870
f 3870 3871 3882
f 3882 3883 3871
f 3871 3872 3883
f 3883 3884 3872
f 3872 3873 3884
f 3884 3885 3873
f 3873 3874 3885
f 3885 3886 3874
f 3874 3875 3886
f 3886 3887 3875
f 3875 3876 3887
f 3887 3888 3876
f 3876 3877 3888
f 3888 3889 3877
f 3877 3878 3889
f 3889 3890 3878
f 3878 3879 3890
f 3890 3891 3879
f 3879 3868 3891
f 3891 3880 3868
f 3880 3881 3892
f 3892 3893 3881
f 3881 3882 3893
f 3893 3894 3882
f 3882 3883 3894
f 3894 3895 3883
f 3883 3884 3895
f 3895 3896 3884
f 3884 3885 3896
f 3896 3897 3885
f 3885 3886 3897
f 3897 3898 3886
f 3886 3887 3898
f 3898 3899 3887
f 3887 3888 3899
f 3899 3900 3888
f 3888 3889 3900
f 3900 3901 3889
f 3889 3890 3901
f 3901 3902 3890
f 3890 3891 3902
f 3902 3903 3891
f 3891 3880 3903
f 3903 3892 3880
f 3892 3893 3904
f 3893 3894 3904
f 3894 3895 3904
f 3895 3896 3904
f 3896 3897 3904
f 3897 3898 3904
f 3898 3899 3904
f 3899 3900 3904
f 3900 3901 3904
f 3901 3902 3904
f 3902 3903 3904
f 3903 3892 3904
f 3905 3906 3907
f 3905 3907 3908
f 3905 3908 3909
f 3905 3909 3910
f 3905 3910 3911
f 3905 3911 3912
f 3905 3912 3913
f 3905 3913 3914
f 3905 3914 3915
f 3905 3915 3916
f 3905 3916 3917
f 3905 3917 3906
f 3906 3907 3918
f 3918 3919 3907
f 3907 3908 3919
f 3919 3920 3908
f 3908 3909 3920
f 3920 3921 3909
f 3909 3910 3921
f 3921 3922 3910
f 3910 3911 3922
f 3922 3923 3911
f 3911 3912 3923
f 3923 3924 3912
f 3912 3913 3924
f 3924 3925 3913
f 3913 3914 3925
f 3925 3926 3914
f 3914 3915 3926
f 3926 3927 3915
f 3915 3916 3927
f 3927 3928 3916
f 3916 3917 3928
f 3928 3929 3917
f 3917 3906 3929
f 3929 3918 3906
f 3918 3919 3930
f 3930 3931 3919
f 3919 3920 3931
f 3931 3932 3920
f 3920 3921 3932
f 3932 3933 3921
f 3921 3922 3933
f 3933 3934 3922
f 3922 3923 3934
f 3934 3935 3923
f 3923 3924 3935
f 3935 3936 3924
f 3924 3925 3936
f 3936 3937 3925
f 3925 3926 3937
f 3937 3938 3926
f 3926 3927 3938
f 3938 3939 3927
f 3927 3928 3939
f 3939 3940 3928
f 3928 3929 3940
f 3940 3941 3929
f 3929 3918 3941
f 3941 3930 3918
f 3930 3931 3942
f 3942 3943 3931
f 3931 3932 3943
f 3943 3944 3932
f 3932 3933 3944
f 3944 3945 3933
f 3933 3934 3945
f 3945 3946 3934
f 3934 3935 3946
f 3946 3947 3935
f 3935 3936 3947
f 3947 3948 3936
f 3936 3937 3948
f 3948 3949 3937
f 3937 3938 3949
f 3949 3950 3938
f 3938 3939 3950
f 3950 3951 3939
f 3939 3940 3951
f 3951 3952 3940
f 3940 3941 3952
f 3952 3953 3941
f 3941 3930 3953
f 3953 3942 3930
f 3942 3943 3954
f 3954 3955 3943
f 3943 3944 3955
f 3955 3956 3944
f 3944 3945 3956
f 3956 3957 3945
f 3945 3946 3957
f 3957 3958 3946
f 3946 3947 3958
f 3958 3959 3947
f 3947 3948 3959
f 3959 3960 3948
f 3948 3949 3960
f 3960 3961 3949
f 3949 3950 3961
f 3961 3962 3950
f 3950 3951 3962
f 3962 3963 3951
f 3951 3952 3963
f 3963 3964 3952
f 3952 3953 3964
f 3964 3965 3953
f 3953 3942 3965
f 3965 3954 3942
f 3954 3955 3966
f 3966 3967 3955
f 3955 3956 3967
f 3967 3968 3956
f 3956 3957 3968
f 3968 3969 3957
f 3957 3958 3969
f 3969 3970 3958
f 3958 3959 3970
f 3970 3971 3959
f 3959 3960 3971
f 3971 3972 3960
f 3960 3961 3972
f 3972 3973 3961
f 3961 3962 3973
f 3973 3974 3962
f 3962 3963 3974
f 3974 3975 3963
f 3963 3964 3975
f 3975 3976 3964
f 3964 3965 3976
f 3976 3977 3965
f 3965 3954 3977
f 3977 3966 3954
f 3966 3967 3978
f 3967 3968 3978
f 3968 3969 3978
f 3969 3970 3978
f 3970 3971 3978
f 3971 3972 3978
f 3972 3973 3978
f 3973 3974 3978
f 3974 3975 3978
f 3975 3976 3978
f 3976 3977 3978
f 3977 3966 3978
f 3979 3980 3981
f 3979 3981 3982
f 3979 3982 3983
f 3979 3983 3984
f 3979 3984 3985
f 3979 3985 3986
f 3979 3986 3987
f 3979 3987 3988
f 3979 3988 3989
f 3979 3989 3990
f 3979 3990 3991
f 3979 3991 3980
f 3980 3981 3992
f 3992 3993 3981
f 3981 3982 3993
f 3993 3994 3982
f 3982 3983 3994
f 3994 3995 3983
f 3983 3984 3995
f 3995 3996 3984
f 3984 3985 3996
f 3996 3997 3985
f 3985 3986 3997
f 3997 3998 3986
f 3986 3987 3998
f 3998 3999 3987
f 3987 3988 3999
f 3999 4000 3988
f 3988 3989 4000
f 4000 4001 3989
f 3989 3990 4001
f 4001 4002 3990
f 3990 3991 4002
f 4002 4003 3991
f 3991 3980 4003
f 4003 3992 3980
f 3992 3993 4004
f 4004 4005 3993
f 3993 3994 4005
f 4005 4006 3994
f 3994 3995 4006
f 4006 4007 3995
f 3995 3996 4007
f 4007 4008 3996
f 3996 3997 4008
f 4008 4009 3997
f 3997 3998 4009
f 4009 4010 3998
f 3998 3999 4010
f 4010 4011 3999
f 3999 4000 4011
f 4011 4012 4000
f 4000 4001 4012
f 4012 4013 4001
f 4001 4002 4013
f 4013 4014 4002
f 4002 4003 4014
f 4014 4015 4003
f 4003 3992 4015
f 4015 4004 3992
f 4004 4005 4016
f 4016 4017 4005
f 4005 4006 4017
f 4017 4018 4006
f 4006 4007 4018
f 4018 4019 4007
f 4007 4008 4019
f 4019 4020 4008
f 4008 4009 4020
f 4020 4021 4009
f 4009 4010 4021
f 4021 4022 4010
f 4010 4011 4022
f 4022 4023 4011
f 4011 4012 4023
f 4023 4024 4012
f 4012 4013 4024
f 4024 4025 4013
f 4013 4014 4025
f 4025 4026 4014
f 4014 4015 4026
f 4026 4027 4015
f 4015 4004 4027
f 4027 4016 4004
f 4016 4017 4028
f 4028 4029 4017
f 4017 4018 4029
f 4029 4030 4018
f 4018 4019 4030
f 4030 4031 4019
f 4019 4020 4031
f 4031 4032 4020
f 4020 4021 4032
f 4032 4033 4021
f 4021 4022 4033
f 4033 4034 4022
f 4022 4023 4034
f 4034 4035 4023
f 4023 4024 4035
f 4035 4036 4024
f 4024 4025 4036
f 4036 4037 4025
f 4025 4026 4037
f 4037 4038 4026
f 4026 4027 4038
f 4038 4039 4027
f 4027 4016 4039
f 4039 4028 4016
f 4028 4029 4040
f 4040 4041 4029
f 4029 4030 4041
f 4041 4042 4030
f 4030 4031 4042
f 4042 4043 4031
f 4031 4032 4043
f 4043 4044 4032
f 4032 4033 4044
f 4044 4045 4033
f 4033 4034 4045
f 4045 4046 4034
f 4034 4035 4046
f 4046 4047 4035
f 4035 4036 4047
f 4047 4048 4036
f 4036 4037 4048
f 4048 4049 4037
f 4037 4038 4049
f 4049 4050 4038
f 4038 4039 4050
f 4050 4051 4039
f 4039 4028 4051
f 4051 4040 4028
f 4040 4041 4052
f 4041 4042 4052
f 4042 4043 4052
f 4043 4044 4052
f 4044 4045 4052
f 4045 4046 4052
f 4046 4047 4052
f 4047 4048 4052
f 4048 4049 4052
f 4049 4050 4052
f 4050 4051 4052
f 4051 4040 4052
f 4053 4054 4055
f 4053 4055 4056
f 4053 4056 4057
f 4053 4057 4058
f 4053 4058 4059
f 4053 4059 4060
f 4053 4060 4061
f 4053 4061 4062
f 4053 4062 4063
f 4053 4063 4064
f 4053 4064 4065
f 4053 4065 4054
f 4054 4055 4066
f 4066 4067 4055
f 4055 4056 4067
f 4067 4068 4056
f 4056 4057 4068
f 4068 4069 4057
f 4057 4058 4069
f 4069 4070 4058
f 4058 4059 4070
f 4070 4071 4059
f 4059 4060 4071
f 4071 4072 4060
f 4060 4061 4072
f 4072 4073 4061
f 4061 4062 4073
f 4073 4074 4062
f 4062 4063 4074
f 4074 4075 4063
f 4063 4064 4075
f 4075 4076 4064
f 4064 4065 4076
f 4076 4077 4065
f 4065 4054 4077
f 4077 4066 4054
f 4066 4067 4078
f 4078 4079 4067
f 4067 4068 4079
f 4079 4080 4068
f 4068 4069 4080
f 4080 4081 4069
f 4069 4070 4081
f 4081 4082 4070
f 4070 4071 4082
f 4082 4083 4071
f 4071 4072 4083
f 4083 4084 4072
f 4072 4073 4084
f 4084 4085 4073
f 4073 4074 4085
f 4085 4086 4074
f 4074 4075 4086
f 4086 4087 4075
f 4075 4076 4087
f 4087 4088 4076
f 4076 4077 4088
f 4088 4089 4077
f 4077 4066 4089
f 4089 4078 4066
f 4078 4079 4090
f 4090 4091 4079
f 4079 4080 4091
f 4091 4092 4080
f 4080 4081 4092
f 4092 4093 4081
f 4081 4082 4093
f 4093 4094 4082
f 4082 4083 4094
f 4094 4095 4083
f 4083 4084 4095
f 4095 4096 4084
f 4084 4085 4096
f 4096 4097 4085
f 4085 4086 4097
f 4097 4098 4086
f 4086 4087 4098
f 4098 4099 4087
f 4087 4088 4099
f 4099 4100 4088
f 4088 4089 4100
f 4100 4101 4089
f 4089 4078 4101
f 4101 4090 4078
f 4090 4091 4102
f 4102 4103 4091
f 4091 4092 4103
f 4103 4104 4092
f 4092 4093 4104
f 4104 4105 4093
f 4093 4094 4105
f 4105 4106 4094
f 4094 4095 4106
f 4106 4107 4095
f 4095 4096 4107
f 4107 4108 4096
f 4096 4097 4108
f 4108 4109 4097
f 4097 4098 4109
f 4109 4110 4098
f 4098 4099 4110
f 4110 4111 4099
f 4099 4100 4111
f 4111 4112 4100
f 4100 4101 4112
f 4112 4113 4101
f 4101 4090 4113
f 4113 4102 4090
f 4102 4103 4114
f 4114 4115 4103
f 4103 4104 4115
f 4115 4116 4104
f 4104 4105 4116
f 4116 4117 4105
f 4105 4106 4117
f 4117 4118 4106
f 4106 4107 4118
f 4118 4119 4107
f 4107 4108 4119
f 4119 4120 4108
f 4108 4109 4120
f 4120 4121 4109
f 4109 4110 4121
f 4121 4122 4110
f 4110 4111 4122
f 4122 4123 4111
f 4111 4112 4123
f 4123 4124 4112
f 4112 4113 4124
f 4124 4125 4113
f 4113 4102 4125
f 4125 4114 4102
f 4114 4115 4126
f 4115 4116 4126
f 4116 4117 4126
f 4117 4118 4126
f 4118 4119 4126
f 4119 4120 4126
f 4120 4121 4126
f 4121 4122 4126
f 4122 4123 4126
f 4123 4124 4126
f 4124 4125 4126
f 4125 4114 4126
f 4127 4128 4129
f 4127 4129 4130
f 4127 4130 4131
f 4127 4131 4132
f 4127 4132 4133
f 4127 4133 4134
f 4127 4134 4135
f 4127 4135 4136
f 4127 4136 4137
f 4127 4137 4138
f 4127 4138 4139
f 4127 4139 4128
f 4128 4129 4140
f 4140 4141 4129
f 4129 4130 4141
f 4141 4142 4130
f 4130 4131 4142
f 4142 4143 4131
f 4131 4132 4143
f 4143 4144 4132
f 4132 4133 4144
f 4144 4145 4133
f 4133 4134 4145
f 4145 4146 4134
f 4134 4135 4146
f 4146 4147 4135
f 4135 4136 4147
f 4147 4148 4136
f 4136 4137 4148
f 4148 4149 4137
f 4137 4138 4149
f 4149 4150 4138
f 4138 4139 4150
f 4150 4151 4139
f 4139 4128 4151
f 4151 4140 4128
f 4140 4141 4152
f 4152 4153 4141
f 4141 4142 4153
f 4153 4154 4142
f 4142 4143 4154
f 4154 4155 4143
f 4143 4144 4155
f 4155 4156 4144
f 4144 4145 4156
f 4156 4157 4145
f 4145 4146 4157
f 4157 4158 4146
f 4146 4147 4158
f 4158 4159 4147
f 4147 4148 4159
f 4159 4160 4148
f 4148 4149 4160
f 4160 4161 4149
f 4149 4150 4161
f 4161 4162 4150
f 4150 4151 4162
f 4162 4163 4151
f 4151 4140 4163
f 4163 4152 4140
f 4152 4153 4164
f 4164 4165 4153
f 4153 4154 4165
f 4165 4166 4154
f 4154 4155 4166
f 4166 4167 4155
f 4155 4156 4167
f 4167 4168 4156
f 4156 4157 4168
f 4168 4169 4157
f 4157 4158 4169
f 4169 4170 4158
f 4158 4159 4170
f 4170 4171 4159
f 4159 4160 4171
f 4171 4172 4160
f 4160 4161 4172
f 4172 4173 4161
f 4161 4162 4173
f 4173 4174 4162
f 4162 4163 4174
f 4174 4175 4163
f 4163 4152 4175
f 4175 4164 4152
f 4164 4165 4176
f 4176 4177 4165
f 4165 4166 4177
f 4177 4178 4166
f 4166 4167 4178
f 4178 4179 4167
f 4167 4168 4179
f 4179 4180 4168
f 4168 4169 4180
f 4180 4181 4169
f 4169 4170 4181
f 4181 4182 4170
f 4170 4171 4182
f 4182 4183 4171
f 4171 4172 4183
f 4183 4184 4172
f 4172 4173 4184
f 4184 4185 4173
f 4173 4174 4185
f 4185 4186 4174
f 4174 4175 4186
f 4186 4187 4175
f 4175 4164 4187
f 4187 4176 4164
f 4176 4177 4188
f 4188 4189 4177
f 4177 4178 4189
f 4189 4190 4178
f 4178 4179 4190
f 4190 4191 4179
f 4179 4180 4191
f 4191 4192 4180
f 4180 4181 4192
f 4192 4193 4181
f 4181 4182 4193
f 4193 4194 4182
f 4182 4183 4194
f 4194 4195 4183
f 4183 4184 4195
f 4195 4196 4184
f 4184 4185 4196
f 4196 4197 4185
f 4185 4186 4197
f 4197 4198 4186
f 4186 4187 4198
f 4198 4199 4187
f 4187 4176 4199
f 4199 4188 4176
f 4188 4189 4200
f 4189 4190 4200
f 4190 4191 4200
f 4191 4192 4200
f 4192 4193 4200
f 4193 4194 4200
f 4194 4195 4200
f 4195 4196 4200
f 4196 4197 4200
f 4197 4198 4200
f 4198 4199 4200
f 4199 4188 4200
f 4201 4202 4203
f 4201 4203 4204
f 4201 4204 4205
f 4201 4205 4206
f 4201 4206 4207
f 4201 4207 4208
f 4201 4208 4209
f 4201 4209 4210
f 4201 4210 4211
f 4201 4211 4212
f 4201 4212 4213
f 4201 4213 4202
f 4202 4203 4214
f 4214 4215 4203
f 4203 4204 4215
f 4215 4216 4204
f 4204 4205 4216
f 4216 4217 4205
f 4205 4206 4217
f 4217 4218 4206
f 4206 4207 4218
f 4218 4219 4207
f 4207 4208 4219
f 4219 4220 4208
f 4208 4209 4220
f 4220 4221 4209
f 4209 4210 4221
f 4221 4222 4210
f 4210 4211 4222
f 4222 4223 4211
f 4211 4212 4223
f 4223 4224 4212
f 4212 4213 4224
f 4224 4225 4213
f 4213 4202 4225
f 4225 4214 4202
f 4214 4215 4226
f 4226 4227 4215
f 4215 4216 4227
f 4227 4228 4216
f 4216 4217 4228
f 4228 4229 4217
f 4217 4218 4229
f 4229 4230 4218
f 4218 4219 4230
f 4230 4231 4219
f 4219 4220 4231
f 4231 4232 4220
f 4220 4221 4232
f 4232 4233 4221
f 4221 4222 4233
f 4233 4234 4222
f 4222 4223 4234
f 4234 4235 4223
f 4223 4224 4235
f 4235 4236 4224
f 4224 4225 4236
f 4236 4237 4225
f 4225 4214 4237
f 4237 4226 4214
f 4226 4227 4238
f 4238 4239 4227
f 4227 4228 4239
f 4239 4240 4228
f 4228 4229 4240
f 4240 4241 4229
f 4229 4230 4241
f 4241 4242 4230
f 4230 4231 4242
f 4242 4243 4231
f 4231 4232 4243
f 4243 4244 4232
f 4232 4233 4244
f 4244 4245 4233
f 4233 4234 4245
f 4245 4246 4234
f 4234 4235 4246
f 4246 4247 4235
f 4235 4236 4247
f 4247 4248 4236
f 4236 4237 4248
f 4248 4249 4237
f 4237 4226 4249
f 4249 4238 4226
f 4238 4239 4250
f 4239 4240 4250
f 4240 4241 4250
f 4241 4242 4250
f 4242 4243 4250
f 4243 4244 4250
f 4244 4245 4250
f 4245 4246 4250
f 4246 4247 4250
f 4247 4248 4250
f 4248 4249 4250
f 4249 4238 4250

