# https://github.com/mikedh/trimesh

o m19.off
v 0.15512800 0.06362440 0.58567000
v 0.27963800 0.23082700 0.50105300
v 0.27066500 0.24059700 0.50715100
v 0.14615400 0.07339440 0.59176800
v 0.27887100 0.24059700 0.51922600
v 0.15436100 0.07339440 0.60384300
v 0.28784500 0.23082700 0.51312800
v 0.16333500 0.06362440 0.59774500
v 0.14454200 0.08505150 0.59672500
v 0.21866300 0.18457900 0.54635100
v 0.21361500 0.19007500 0.54978200
v 0.13949100 0.09054770 0.60015500
v 0.21823100 0.19007500 0.55657700
v 0.14410900 0.09054770 0.60695100
v 0.22328200 0.18457900 0.55314500
v 0.14915800 0.08505150 0.60351900
v 0.24745100 0.20697600 0.52191700
v 0.25630200 0.20697600 0.53494100
v 0.23240800 0.21179900 0.55118000
v 0.22355600 0.21179900 0.53815600
v 0.21497800 0.18839400 0.56302400
v 0.20612700 0.18839400 0.55000100
v 0.23015700 0.17186900 0.55270800
v 0.22130500 0.17186900 0.53968500
v 0.26978000 0.22834300 0.51594900
v 0.26481000 0.23164400 0.51929400
v 0.24528800 0.21434800 0.52676200
v 0.24808900 0.20912500 0.52424600
v 0.24531900 0.21105300 0.53370100
v 0.24812300 0.20546400 0.53195500
v 0.25202000 0.21517200 0.53494600
v 0.25556900 0.21004000 0.53333900
v 0.25983900 0.23494600 0.52264000
v 0.24248700 0.21957100 0.52927700
v 0.24251300 0.21664200 0.53544500
v 0.24847100 0.22030300 0.53655200
v 0.25790700 0.23401800 0.52392100
v 0.23859800 0.22703400 0.53253300
v 0.23783600 0.22570400 0.53846300
v 0.24403100 0.22736600 0.53876400
v 0.25358500 0.23865300 0.52682600
v 0.23703400 0.23266700 0.53420700
v 0.23638200 0.23152600 0.53929100
v 0.24169200 0.23295200 0.53954900
v 0.24926400 0.24328800 0.52973000
v 0.23547200 0.23829900 0.53588200
v 0.23492600 0.23734900 0.54011800
v 0.23935200 0.23853700 0.54033400
v 0.24934100 0.24129100 0.52964500
v 0.23640600 0.24676000 0.53585900
v 0.23560900 0.24780100 0.53949400
v 0.23960100 0.24649900 0.53935800
v 0.24788100 0.24731300 0.53060500
v 0.23818100 0.25141400 0.53526500
v 0.23758200 0.25219500 0.53799100
v 0.24057700 0.25121900 0.53789000
v 0.24712200 0.25097900 0.53108800
v 0.24137900 0.25595400 0.53370300
v 0.24111800 0.25690100 0.53542700
v 0.24294300 0.25571700 0.53547600
v 0.24770300 0.25650500 0.53066200
v 0.24483000 0.25899200 0.53196900
v 0.24470000 0.25946600 0.53283200
v 0.24561200 0.25887400 0.53285700
v 0.24823700 0.26203000 0.53017500
v 0.24765700 0.25650500 0.53060100
v 0.24774900 0.25650500 0.53072300
v 0.24832900 0.26203000 0.53029700
v 0.24828300 0.26203000 0.53023600
v 0.24824900 0.26203000 0.53016700
v 0.24479700 0.25899200 0.53190100
v 0.24486400 0.25899200 0.53203800
v 0.24831700 0.26203000 0.53030500
v 0.24823900 0.26203000 0.53017500
v 0.24465600 0.25946600 0.53277100
v 0.24474500 0.25946600 0.53289300
v 0.24832700 0.26203000 0.53029700
v 0.24823000 0.26203000 0.53018100
v 0.24555900 0.25887400 0.53280200
v 0.24566500 0.25887400 0.53291200
v 0.24833700 0.26203000 0.53029100
v 0.09796870 0.07075130 0.34545600
v 0.24850100 0.23795400 0.34388000
v 0.23765200 0.24772400 0.34399300
v 0.08711960 0.08052130 0.34557000
v 0.23780500 0.24772400 0.35859300
v 0.08727230 0.08052130 0.36016900
v 0.24865400 0.23795400 0.35847900
v 0.09812140 0.07075130 0.36005600
v 0.08303290 0.09217840 0.34880500
v 0.17264600 0.19170600 0.34786600
v 0.16654200 0.19720200 0.34793000
v 0.07692870 0.09767460 0.34886900
v 0.16662800 0.19720200 0.35614600
v 0.07701430 0.09767460 0.35708400
v 0.17273300 0.19170600 0.35608200
v 0.08311840 0.09217840 0.35702000
v 0.21014600 0.21410300 0.34344500
v 0.21031100 0.21410300 0.35919200
v 0.18142300 0.21892500 0.35949400
v 0.18125800 0.21892500 0.34374800
v 0.16035000 0.19552100 0.35971500
v 0.16018500 0.19552100 0.34396900
v 0.17870200 0.17899600 0.35952300
v 0.17853700 0.17899600 0.34377700
v 0.23204800 0.23547000 0.35083200
v 0.22605600 0.23877100 0.35086800
v 0.20566300 0.22147500 0.34628400
v 0.20938900 0.21625200 0.34573900
v 0.20184900 0.21818000 0.35208100
v 0.20514900 0.21259100 0.35217900
v 0.20674200 0.22229900 0.35682600
v 0.21058800 0.21716700 0.35745200
v 0.22006500 0.24207200 0.35090400
v 0.20193800 0.22669800 0.34683000
v 0.19854700 0.22376900 0.35198200
v 0.20289800 0.22743000 0.35620000
v 0.21774600 0.24114500 0.35090100
v 0.19689800 0.23416100 0.34738900
v 0.19298100 0.23283000 0.35190700
v 0.19797500 0.23449300 0.35558600
v 0.21253800 0.24577900 0.35092900
v 0.19466800 0.23979300 0.34791900
v 0.19131200 0.23865300 0.35179100
v 0.19559200 0.24007800 0.35494400
v 0.20733200 0.25041400 0.35095700
v 0.19244000 0.24542600 0.34844800
v 0.18964200 0.24447600 0.35167500
v 0.19320800 0.24566400 0.35430300
v 0.20744500 0.24841800 0.35092900
v 0.19323300 0.25388600 0.34894600
v 0.19055600 0.25492800 0.35153300
v 0.19395700 0.25362600 0.35362900
v 0.20569800 0.25443900 0.35092100
v 0.19503800 0.25854100 0.34943400
v 0.19303100 0.25932200 0.35137300
v 0.19558200 0.25834500 0.35294600
v 0.20479700 0.25810600 0.35090400
v 0.19856600 0.26308100 0.34990300
v 0.19739400 0.26402800 0.35119500
v 0.19888600 0.26284400 0.35224500
v 0.20551600 0.26363200 0.35087000
v 0.20240000 0.26611900 0.35036900
v 0.20181600 0.26659300 0.35101500
v 0.20256100 0.26600000 0.35154000
v 0.20623200 0.26915700 0.35075900
v 0.20551300 0.26363200 0.35079300
v 0.20551900 0.26363200 0.35094600
v 0.20623800 0.26915700 0.35091200
v 0.20623500 0.26915700 0.35083500
v 0.20624400 0.26915700 0.35076000
v 0.20241000 0.26611900 0.35029400
v 0.20239100 0.26611900 0.35044500
v 0.20622600 0.26915700 0.35091100
v 0.20181200 0.26659300 0.35093900
v 0.20181900 0.26659300 0.35109100
v 0.20622100 0.26915700 0.35076000
v 0.20254700 0.26600000 0.35146500
v 0.20257500 0.26600000 0.35161500
v 0.20624900 0.26915700 0.35091000
v 0.85638200 0.06006100 0.15725200
v 0.72224800 0.22726300 0.22559700
v 0.73191500 0.23703300 0.22067100
v 0.86604900 0.06983100 0.15232700
v 0.72528700 0.23703300 0.20766200
v 0.85942100 0.06983100 0.13931800
v 0.71562000 0.22726300 0.21258800
v 0.84975400 0.06006100 0.14424300
v 0.86827100 0.08148810 0.14761200
v 0.78842000 0.18101500 0.18829800
v 0.79385900 0.18651100 0.18552600
v 0.87371100 0.08698430 0.14484000
v 0.79013000 0.18651100 0.17820600
v 0.86998000 0.08698430 0.13752000
v 0.78469000 0.18101500 0.18097800
v 0.86454200 0.08148810 0.14029100
v 0.75679800 0.20341300 0.20893100
v 0.74964900 0.20341300 0.19490000
v 0.77539000 0.20823500 0.18178500
v 0.78253800 0.20823500 0.19581500
v 0.79416600 0.18483000 0.17221700
v 0.80131500 0.18483000 0.18624800
v 0.77781300 0.16830500 0.18055000
v 0.78496200 0.16830500 0.19458000
v 0.73389600 0.22478000 0.21205300
v 0.73924600 0.22808100 0.20935700
v 0.75955000 0.21078500 0.20439500
v 0.75645600 0.20556200 0.20654000
v 0.76039000 0.20749000 0.19750700
v 0.75738900 0.20190100 0.19888700
v 0.75389600 0.21160800 0.19543200
v 0.75017400 0.20647700 0.19658100
v 0.74459600 0.23138200 0.20666100
v 0.76264400 0.21600800 0.20225100
v 0.76339100 0.21307900 0.19612800
v 0.75761800 0.21674000 0.19428400
v 0.74667400 0.23045400 0.20563200
v 0.76691100 0.22347000 0.19950900
v 0.76841100 0.22214000 0.19372000
v 0.76230200 0.22380300 0.19264500
v 0.75132600 0.23508900 0.20329200
v 0.76867200 0.22910300 0.19804300
v 0.76995600 0.22796300 0.19308100
v 0.76472100 0.22938800 0.19216000
v 0.75597900 0.23972400 0.20095100
v 0.77043300 0.23473600 0.19657700
v 0.77150300 0.23378600 0.19244300
v 0.76714000 0.23497300 0.19167500
v 0.75588900 0.23772700 0.20102700
v 0.76950100 0.24319600 0.19648400
v 0.77074900 0.24423800 0.19297700
v 0.76677000 0.24293600 0.19261200
v 0.75745800 0.24374900 0.20025700
v 0.76766700 0.24785000 0.19685000
v 0.76860300 0.24863200 0.19422000
v 0.76561900 0.24765500 0.19394600
v 0.75827200 0.24741600 0.19987300
v 0.76429800 0.25239000 0.19799800
v 0.76477300 0.25333800 0.19632100
v 0.76296900 0.25215300 0.19604300
v 0.75764400 0.25294100 0.20022300
v 0.76065700 0.25542900 0.19928600
v 0.76089400 0.25590200 0.19844700
v 0.75999300 0.25531000 0.19830800
v 0.75705100 0.25846700 0.20064000
v 0.75768100 0.25294100 0.20028900
v 0.75760700 0.25294100 0.20015600
v 0.75697800 0.25846700 0.20050600
v 0.75701500 0.25846700 0.20057300
v 0.75704100 0.25846700 0.20064500
v 0.76068300 0.25542900 0.19935800
v 0.76063100 0.25542900 0.19921400
v 0.75698900 0.25846700 0.20050100
v 0.76093000 0.25590200 0.19851400
v 0.76085700 0.25590200 0.19838000
v 0.75706100 0.25846700 0.20063400
v 0.76003900 0.25531000 0.19836900
v 0.75994700 0.25531000 0.19824700
v 0.75696900 0.25846700 0.20051200
v 0.90193800 0.06006100 0.35857100
v 0.75139600 0.22726300 0.35857100
v 0.76224700 0.23703300 0.35857100
v 0.91278900 0.06983100 0.35857100
v 0.76224700 0.23703300 0.34397000
v 0.91278900 0.06983100 0.34397000
v 0.75139600 0.22726300 0.34397000
v 0.90193800 0.06006100 0.34397000
v 0.91690900 0.08148810 0.35537900
v 0.82728900 0.18101500 0.35537900
v 0.83339500 0.18651100 0.35537900
v 0.92301300 0.08698430 0.35537900
v 0.83339500 0.18651100 0.34716300
v 0.92301300 0.08698430 0.34716300
v 0.82728900 0.18101500 0.34716300
v 0.91690900 0.08148810 0.34716300
v 0.78974700 0.20341300 0.35940700
v 0.78974700 0.20341300 0.34366000
v 0.81863600 0.20823500 0.34366000
v 0.81863600 0.20823500 0.35940700
v 0.83971000 0.18483000 0.34366000
v 0.83971000 0.18483000 0.35940700
v 0.82135600 0.16830500 0.34366000
v 0.82135600 0.16830500 0.35940700
v 0.76792300 0.22478000 0.35179100
v 0.77391500 0.22808100 0.35181800
v 0.79425800 0.21078500 0.35661500
v 0.79052700 0.20556200 0.35712100
v 0.79813300 0.20749000 0.35085900
v 0.79483400 0.20190100 0.35072600
v 0.79329000 0.21160800 0.34606200
v 0.78945200 0.20647700 0.34539600
v 0.77990600 0.23138200 0.35184500
v 0.79798900 0.21600800 0.35610900
v 0.80143300 0.21307900 0.35099200
v 0.79712800 0.21674000 0.34672800
v 0.78222400 0.23045400 0.35187100
v 0.80303500 0.22347000 0.35560200
v 0.80699900 0.22214000 0.35112500
v 0.80204400 0.22380300 0.34739400
v 0.78743200 0.23508900 0.35189800
v 0.80526900 0.22910300 0.35509600
v 0.80866700 0.22796300 0.35125800
v 0.80442000 0.22938800 0.34806100
v 0.79263900 0.23972400 0.35192500
v 0.80750300 0.23473600 0.35459000
v 0.81033500 0.23378600 0.35139200
v 0.80679600 0.23497300 0.34872700
v 0.79252500 0.23772700 0.35195100
v 0.80671700 0.24319600 0.35408300
v 0.80942000 0.24423800 0.35152500
v 0.80604000 0.24293600 0.34939300
v 0.79427300 0.24374900 0.35197800
v 0.80491600 0.24785000 0.35357700
v 0.80694300 0.24863200 0.35165800
v 0.80440900 0.24765500 0.35006000
v 0.79517300 0.24741600 0.35200500
v 0.80139300 0.25239000 0.35307000
v 0.80257700 0.25333800 0.35179100
v 0.80109700 0.25215300 0.35072600
v 0.79445400 0.25294100 0.35203100
v 0.79756300 0.25542900 0.35256400
v 0.79815500 0.25590200 0.35192500
v 0.79741500 0.25531000 0.35139200
v 0.79373700 0.25846700 0.35213400
v 0.79445700 0.25294100 0.35210800
v 0.79445100 0.25294100 0.35195500
v 0.79373100 0.25846700 0.35198200
v 0.79373400 0.25846700 0.35205800
v 0.79372400 0.25846700 0.35213400
v 0.79755200 0.25542900 0.35264000
v 0.79757400 0.25542900 0.35248800
v 0.79374500 0.25846700 0.35198200
v 0.79815900 0.25590200 0.35200100
v 0.79815200 0.25590200 0.35184800
v 0.79374800 0.25846700 0.35213300
v 0.79742800 0.25531000 0.35146700
v 0.79740100 0.25531000 0.35131700
v 0.79372000 0.25846700 0.35198300
v 0.84501500 0.05293410 0.57259200
v 0.71160500 0.22013700 0.50284600
v 0.72122100 0.22990700 0.50787300
v 0.85463100 0.06270410 0.57761800
v 0.72798400 0.22990700 0.49493400
v 0.86139600 0.06270410 0.56468000
v 0.71836900 0.22013700 0.48990800
v 0.85178100 0.05293410 0.55965200
v 0.85976200 0.07436120 0.57669700
v 0.78034100 0.17388800 0.53517800
v 0.78575200 0.17938500 0.53800600
v 0.86517100 0.07985740 0.57952700
v 0.78955700 0.17938500 0.53072600
v 0.86897900 0.07985740 0.57224600
v 0.78414700 0.17388800 0.52789800
v 0.86356800 0.07436120 0.56941700
v 0.74520300 0.19628600 0.52135400
v 0.75249900 0.19628600 0.50739800
v 0.77810200 0.20110800 0.52078300
v 0.77080700 0.20110800 0.53473800
v 0.79677800 0.17770400 0.53054700
v 0.78948100 0.17770400 0.54450100
v 0.78051300 0.16117800 0.52204400
v 0.77321700 0.16117800 0.53599900
v 0.72939300 0.21765300 0.50449500
v 0.73468900 0.22095400 0.50729500
v 0.75049500 0.20365800 0.52097000
v 0.74695500 0.19843500 0.51969100
v 0.75659600 0.20036300 0.51766400
v 0.75373400 0.19477400 0.51601800
v 0.75452700 0.20448100 0.51116900
v 0.75143400 0.19935000 0.50880000
v 0.73998700 0.22425500 0.51009400
v 0.75403700 0.20888100 0.52225000
v 0.75946000 0.20595200 0.51931200
v 0.75761900 0.20961300 0.51353800
v 0.74202800 0.22332700 0.51119200
v 0.75874200 0.21634300 0.52413900
v 0.76433000 0.21501300 0.52200700
v 0.76166600 0.21667600 0.51640600
v 0.74663100 0.22796200 0.51362800
v 0.76095800 0.22197600 0.52472600
v 0.76574600 0.22083600 0.52289900
v 0.76346400 0.22226100 0.51809800
v 0.75123400 0.23259700 0.51606400
v 0.76317200 0.22760900 0.52531200
v 0.76716300 0.22665900 0.52379000
v 0.76526100 0.22784700 0.51978800
v 0.75112100 0.23060100 0.51603500
v 0.76271000 0.23606900 0.52449800
v 0.76628900 0.23711100 0.52348400
v 0.76428300 0.23580900 0.52003000
v 0.75265800 0.23662200 0.51686800
v 0.76134900 0.24072400 0.52321500
v 0.76403400 0.24150500 0.52245500
v 0.76252900 0.24052800 0.51986300
v 0.75344300 0.24028900 0.51730800
v 0.75846100 0.24526400 0.52113500
v 0.76010300 0.24621100 0.52055000
v 0.75928400 0.24502700 0.51891900
v 0.75279200 0.24581500 0.51699800
v 0.75530100 0.24830200 0.51891200
v 0.75612300 0.24877500 0.51862000
v 0.75571400 0.24818300 0.51780500
v 0.75211100 0.25134000 0.51675900
v 0.75276000 0.24581500 0.51706700
v 0.75282400 0.24581500 0.51693000
v 0.75217500 0.25134000 0.51662100
v 0.75214300 0.25134000 0.51669000
v 0.75209900 0.25134000 0.51675200
v 0.75525700 0.24830200 0.51897400
v 0.75534600 0.24830200 0.51884900
v 0.75218700 0.25134000 0.51662700
v 0.75210900 0.25134000 0.51675900
v 0.75608900 0.24877500 0.51868900
v 0.75615600 0.24877500 0.51855100
v 0.75217700 0.25134000 0.51662100
v 0.75212000 0.25134000 0.51676300
v 0.75569100 0.24818300 0.51787800
v 0.75573600 0.24818300 0.51773100
v 0.75216600 0.25134000 0.51661700
v 0.15631900 0.06006100 0.15086100
v 0.29045300 0.22726300 0.21920500
v 0.28078600 0.23703300 0.21428000
v 0.14665200 0.06983100 0.14593500
v 0.27415800 0.23703300 0.22728900
v 0.14002400 0.06983100 0.15894400
v 0.28382500 0.22726300 0.23221400
v 0.14969100 0.06006100 0.16387000
v 0.14153200 0.08148810 0.14690900
v 0.22138300 0.18101500 0.18759500
v 0.21594300 0.18651100 0.18482400
v 0.13609300 0.08698430 0.14413700
v 0.21221400 0.18651100 0.19214400
v 0.13236200 0.08698430 0.15145800
v 0.21765400 0.18101500 0.19491600
v 0.13780200 0.08148810 0.15422900
v 0.25666300 0.20341300 0.20105100
v 0.24951400 0.20341300 0.21508100
v 0.22377300 0.20823500 0.20196600
v 0.23092200 0.20823500 0.18793500
v 0.20499700 0.18483000 0.19239800
v 0.21214500 0.18483000 0.17836700
v 0.22135000 0.16830500 0.20073000
v 0.22849800 0.16830500 0.18670000
v 0.27265100 0.22478000 0.21774300
v 0.26732400 0.22808100 0.21499900
v 0.25137600 0.21078500 0.20148900
v 0.25492900 0.20556200 0.20273200
v 0.24531000 0.20749000 0.20485900
v 0.24819000 0.20190100 0.20647600
v 0.24744800 0.21160800 0.21133200
v 0.25056500 0.20647700 0.21366800
v 0.26199900 0.23138200 0.21225600
v 0.24782200 0.21600800 0.20024700
v 0.24243100 0.21307900 0.20324200
v 0.24433100 0.21674000 0.20899600
v 0.25994500 0.23045400 0.21117900
v 0.24309700 0.22347000 0.19840700
v 0.23753200 0.22214000 0.20059700
v 0.24025300 0.22380300 0.20617000
v 0.25531700 0.23508900 0.20879100
v 0.24087500 0.22910300 0.19784400
v 0.23610500 0.22796300 0.19972100
v 0.23843900 0.22938800 0.20449800
v 0.25068800 0.23972400 0.20640300
v 0.23865400 0.23473600 0.19728100
v 0.23468000 0.23378600 0.19884500
v 0.23662300 0.23497300 0.20282600
v 0.25080300 0.23772700 0.20643100
v 0.23912600 0.24319600 0.19808900
v 0.23555600 0.24423800 0.19914100
v 0.23759900 0.24293600 0.20257500
v 0.24925700 0.24374900 0.20561400
v 0.24050100 0.24785000 0.19935800
v 0.23782300 0.24863200 0.20014700
v 0.23935500 0.24765500 0.20272200
v 0.24846800 0.24741600 0.20518200
v 0.24341000 0.25239000 0.20140900
v 0.24177400 0.25333800 0.20201000
v 0.24261000 0.25215300 0.20363200
v 0.24912200 0.25294100 0.20548500
v 0.24659200 0.25542900 0.20359800
v 0.24577400 0.25590200 0.20389900
v 0.24619100 0.25531000 0.20471000
v 0.24980600 0.25846700 0.20571800
v 0.24915400 0.25294100 0.20541600
v 0.24908900 0.25294100 0.20555400
v 0.24974200 0.25846700 0.20585700
v 0.24977400 0.25846700 0.20578800
v 0.24981600 0.25846700 0.20572500
v 0.24663500 0.25542900 0.20353500
v 0.24655000 0.25542900 0.20366100
v 0.24973100 0.25846700 0.20585000
v 0.24980600 0.25846700 0.20571900
v 0.24580600 0.25590200 0.20383000
v 0.24574200 0.25590200 0.20396800
v 0.24979500 0.25846700 0.20571400
v 0.24621200 0.25531000 0.20463700
v 0.24616900 0.25531000 0.20478300
v 0.24975200 0.25846700 0.20586100
v 0.69304000 0.24774400 0.23228600
v 0.67618600 0.24774400 0.19858400
v 0.67940500 0.22559400 0.20502000
v 0.68783200 0.21190500 0.22187200
v 0.69824900 0.21190500 0.24270100
v 0.70667600 0.22559400 0.25955200
v 0.70989400 0.24774400 0.26598800
v 0.70667600 0.26989300 0.25955200
v 0.69824900 0.28358200 0.24270100
v 0.68783200 0.28358200 0.22187200
v 0.67940500 0.26989300 0.20502000
v 0.69561400 0.24774400 0.18903900
v 0.69883400 0.22559400 0.19547500
v 0.70726100 0.21190500 0.21232600
v 0.71767600 0.21190500 0.23315600
v 0.72610500 0.22559400 0.25000600
v 0.72932200 0.24774400 0.25644300
v 0.72610500 0.26989300 0.25000600
v 0.71767600 0.28358200 0.23315500
v 0.70726100 0.28358200 0.21232700
v 0.69883400 0.26989300 0.19547500
v 0.71246800 0.24774400 0.22274100
v 0.69375100 0.24774400 0.19015700
v 0.69432700 0.25737500 0.19128700
v 0.70291000 0.24774400 0.18691400
v 0.70346600 0.23844000 0.18800500
v 0.70346600 0.25704700 0.18800500
v 0.71309300 0.23940200 0.18713000
v 0.69432700 0.23811200 0.19128700
v 0.71259400 0.24774400 0.18615200
v 0.69601500 0.26635100 0.19459900
v 0.71455400 0.23162900 0.18999900
v 0.70509500 0.22977000 0.19120500
v 0.71309300 0.25608500 0.18713000
v 0.70509500 0.26571700 0.19120500
v 0.72374700 0.23458600 0.19106300
v 0.72255400 0.24093300 0.18872100
v 0.69601500 0.22913600 0.19459900
v 0.72214600 0.24774400 0.18792200
v 0.69870100 0.27405800 0.19986900
v 0.72564500 0.22913600 0.19478900
v 0.71688000 0.22495400 0.19456200
v 0.70769000 0.22232600 0.19629500
v 0.72255400 0.25455400 0.18872100
v 0.71455400 0.26385800 0.18999900
v 0.70769000 0.27316100 0.19629500
v 0.73338900 0.23458600 0.19696000
v 0.73204700 0.23844000 0.19432500
v 0.73120200 0.24292800 0.19266900
v 0.69870100 0.22142900 0.19986900
v 0.73091500 0.24774400 0.19210400
v 0.70220000 0.27997200 0.20673600
v 0.73425800 0.23139800 0.19987400
v 0.72812000 0.22495400 0.19964500
v 0.71991000 0.21983300 0.20050900
v 0.71106900 0.21661300 0.20292800
v 0.73120200 0.25256000 0.19266900
v 0.72374700 0.26090100 0.19106300
v 0.71688000 0.27053300 0.19456200
v 0.71106900 0.27887400 0.20292800
v 0.73356600 0.23013400 0.20022600
v 0.73474700 0.23229200 0.19962400
v 0.73630800 0.23757600 0.19882900
v 0.73728200 0.24187400 0.19833300
v 0.73772900 0.24501900 0.19810500
v 0.70220000 0.21551500 0.20673600
v 0.73786200 0.24774400 0.19803700
v 0.70627400 0.28369000 0.21473300
v 0.73593500 0.23631300 0.19901900
v 0.73686500 0.24003400 0.19854600
v 0.73136600 0.22668100 0.20134700
v 0.72699900 0.22142600 0.20357200
v 0.73743200 0.24292800 0.19825700
v 0.72109400 0.21661300 0.20658100
v 0.73775200 0.24548200 0.19809300
v 0.71381700 0.21325300 0.21028900
v 0.73784700 0.24805300 0.19804500
v 0.73204700 0.25704700 0.19432500
v 0.72564500 0.26635100 0.19478900
v 0.71991000 0.27565400 0.20050900
v 0.71500500 0.28246500 0.21065300
v 0.72947800 0.22371600 0.20230900
v 0.72261000 0.21736900 0.20580900
v 0.71461300 0.21338000 0.20988300
v 0.70603100 0.21201900 0.21425600
v 0.73772900 0.25046800 0.19810500
v 0.71064600 0.28495800 0.22331500
v 0.73763900 0.25110000 0.19815100
v 0.73338900 0.26090100 0.19696000
v 0.72812000 0.27053300 0.19964500
v 0.72344000 0.27887400 0.20743500
v 0.71922900 0.28369000 0.21894200
v 0.73728200 0.25361300 0.19833300
v 0.71501900 0.28369000 0.23189700
v 0.73680400 0.25572200 0.19857700
v 0.73513900 0.26385800 0.20039400
v 0.73100100 0.27316100 0.20530000
v 0.72722500 0.27997200 0.21486700
v 0.72345200 0.28246500 0.22723200
v 0.73630800 0.25791100 0.19882900
v 0.73589100 0.25932200 0.19904200
v 0.71909500 0.27997200 0.23989400
v 0.73717700 0.26571700 0.20439300
v 0.73409300 0.27405800 0.21136800
v 0.73101300 0.27887400 0.22230000
v 0.72738900 0.27887400 0.23495600
v 0.72259400 0.27405800 0.24676100
v 0.73936200 0.26635100 0.20868300
v 0.73718600 0.27316100 0.21743700
v 0.73454200 0.27565400 0.22922500
v 0.73076900 0.27316100 0.24159000
v 0.72527800 0.26635100 0.25203100
v 0.74154900 0.26571700 0.21297500
v 0.74006600 0.27053300 0.22309200
v 0.73757200 0.27053300 0.23517300
v 0.73336200 0.26571700 0.24668000
v 0.72696600 0.25737500 0.25534300
v 0.74358600 0.26385800 0.21697300
v 0.74254000 0.26635100 0.22794800
v 0.73989700 0.26385800 0.23973600
v 0.73499100 0.25704700 0.24987900
v 0.73845200 0.25023600 0.19870600
v 0.73830200 0.24774400 0.19841400
v 0.72754200 0.24774400 0.25647300
v 0.73845200 0.24525100 0.19870600
v 0.74533600 0.26090100 0.22040700
v 0.74444000 0.26090100 0.23167400
v 0.74135800 0.25608500 0.24260500
v 0.73554900 0.24774400 0.25097100
v 0.74512300 0.25932200 0.21716000
v 0.72696600 0.23811200 0.25534300
v 0.74516500 0.25917400 0.21713700
v 0.74667900 0.25704700 0.22304100
v 0.74563300 0.25455400 0.23401600
v 0.74185700 0.24774400 0.24358300
v 0.73499100 0.23844000 0.24987900
v 0.74553900 0.25791100 0.21694700
v 0.74666300 0.25255900 0.21637400
v 0.74696100 0.25046800 0.21622300
v 0.74689900 0.25023600 0.21528500
v 0.74698400 0.25000500 0.21621100
v 0.74704800 0.24774400 0.21557800
v 0.72527800 0.22913600 0.25203100
v 0.74709300 0.24774400 0.21615500
v 0.74707900 0.24743400 0.21616300
v 0.74689900 0.24525100 0.21528500
v 0.74609500 0.25545300 0.21666300
v 0.74752200 0.25256000 0.22469800
v 0.74604000 0.24774400 0.23481500
v 0.74135800 0.23940200 0.24260500
v 0.73336200 0.22977000 0.24668000
v 0.74696100 0.24501900 0.21622300
v 0.74651200 0.25361300 0.21645100
v 0.72259400 0.22142900 0.24676100
v 0.73513900 0.23162900 0.20039400
v 0.74687100 0.24438700 0.21626800
v 0.74781000 0.24774400 0.22526300
v 0.74563300 0.24093300 0.23401600
v 0.73989700 0.23162900 0.23973600
v 0.73076900 0.22232600 0.24159000
v 0.71909500 0.21551500 0.23989400
v 0.74752200 0.24292800 0.22469800
v 0.74444000 0.23458600 0.23167400
v 0.73757200 0.22495400 0.23517300
v 0.72738900 0.21661300 0.23495600
v 0.74397900 0.23229200 0.21774200
v 0.74553900 0.23757600 0.21694700
v 0.74358600 0.23162900 0.21697300
v 0.71526300 0.21201900 0.23237400
v 0.74279800 0.23013400 0.21834400
v 0.74667900 0.23844000 0.22304100
v 0.74254000 0.22913600 0.22794800
v 0.73454200 0.21983300 0.22922500
v 0.71581300 0.21210600 0.23209300
v 0.72384400 0.21338000 0.22800100
v 0.74533600 0.23458600 0.22040700
v 0.74006600 0.22495400 0.22309200
v 0.72485800 0.21388500 0.22748500
v 0.71500500 0.21302200 0.21065300
v 0.74651200 0.24187400 0.21645100
v 0.73184200 0.21736900 0.22392600
v 0.70627400 0.21179700 0.21473300
v 0.74603600 0.23976600 0.21669400
v 0.73444400 0.21977500 0.22260000
v 0.72345200 0.21302200 0.22723200
v 0.73870800 0.22371600 0.22042700
v 0.71501900 0.21179700 0.23189700
v 0.55781700 0.19180600 0.32290700
v 0.70494200 0.27740700 0.24794300
v 0.71374800 0.25884400 0.24345600
v 0.56662300 0.17324300 0.31842000
v 0.69617500 0.25884400 0.20896700
v 0.54905000 0.17324300 0.28393100
v 0.68736900 0.27740700 0.21345400
v 0.54024400 0.19180600 0.28841800
v 0.55636100 0.14846600 0.31012100
v 0.69935100 0.23888800 0.23726300
v 0.70573800 0.22616900 0.23400900
v 0.56274700 0.13574700 0.30686700
v 0.69910900 0.22616900 0.22100000
v 0.55611900 0.13574700 0.29385800
v 0.69272300 0.23888800 0.22425400
v 0.54973300 0.14846600 0.29711200
v 0.27763900 0.25843400 0.35087500
v 0.27775000 0.25843400 0.38855600
v 0.27772900 0.23628500 0.38136000
v 0.27767400 0.22259600 0.36251900
v 0.27760500 0.22259600 0.33923100
v 0.27754800 0.23628500 0.32039000
v 0.27752700 0.25843400 0.31319400
v 0.27754800 0.28058300 0.32039000
v 0.27760500 0.29427200 0.33923100
v 0.27767400 0.29427200 0.36251900
v 0.27772900 0.28058300 0.38136000
v 0.25610400 0.25843400 0.38846800
v 0.25608200 0.23628500 0.38127100
v 0.25602600 0.22259600 0.36243000
v 0.25595700 0.22259600 0.33914200
v 0.25590200 0.23628500 0.32030100
v 0.25588100 0.25843400 0.31310500
v 0.25590200 0.28058300 0.32030100
v 0.25595700 0.29427200 0.33914200
v 0.25602600 0.29427200 0.36243000
v 0.25608200 0.28058300 0.38127100
v 0.25599200 0.25843400 0.35078600
v 0.25826900 0.25843400 0.38829500
v 0.25825600 0.26806600 0.38702600
v 0.24862400 0.25843400 0.38712700
v 0.24861100 0.24913000 0.38590200
v 0.24861100 0.26773700 0.38590200
v 0.23960000 0.25009200 0.38240600
v 0.25825600 0.24880200 0.38702600
v 0.23961000 0.25843400 0.38350400
v 0.25821700 0.27704100 0.38330900
v 0.23956600 0.24231900 0.37918600
v 0.24857300 0.24046100 0.38231200
v 0.23960000 0.26677500 0.38240600
v 0.24857300 0.27640700 0.38231200
v 0.23180500 0.24527700 0.37414500
v 0.23183200 0.25162300 0.37677400
v 0.25821700 0.23982700 0.38330900
v 0.23184100 0.25843400 0.37767100
v 0.25815500 0.28474800 0.37739500
v 0.23176100 0.23982700 0.36996400
v 0.23951100 0.23564500 0.37406500
v 0.24851400 0.23301600 0.37659900
v 0.23183200 0.26524400 0.37677400
v 0.23956600 0.27454800 0.37918600
v 0.24851400 0.28385200 0.37659900
v 0.22579100 0.24527700 0.36457600
v 0.22582100 0.24913000 0.36753300
v 0.22584100 0.25361800 0.36939200
v 0.25815500 0.23211900 0.37739500
v 0.22584700 0.25843400 0.37002600
v 0.25807400 0.29066200 0.36968800
v 0.22630700 0.24208800 0.36158000
v 0.23170400 0.23564500 0.36451400
v 0.23944200 0.23052300 0.36739000
v 0.24843600 0.22730300 0.36915500
v 0.22584100 0.26325000 0.36939200
v 0.23180500 0.27159100 0.37414500
v 0.23951100 0.28122300 0.37406500
v 0.24843600 0.28956400 0.36915500
v 0.22708400 0.24082400 0.36157200
v 0.22575900 0.24298200 0.36158600
v 0.22400700 0.24826700 0.36160400
v 0.22291500 0.25256400 0.36161600
v 0.22241100 0.25571000 0.36162100
v 0.25807400 0.22620500 0.36968800
v 0.22226300 0.25843400 0.36162300
v 0.25798100 0.29438000 0.36071300
v 0.22442500 0.24700300 0.36160000
v 0.22338200 0.25072400 0.36161100
v 0.22955200 0.23737100 0.36154600
v 0.23445300 0.23211600 0.36149500
v 0.22274600 0.25361800 0.36161800
v 0.24108100 0.22730300 0.36142600
v 0.22238700 0.25617200 0.36162100
v 0.24924800 0.22394400 0.36134000
v 0.22228000 0.25874300 0.36162200
v 0.22582100 0.26773700 0.36753300
v 0.23176100 0.27704100 0.36996400
v 0.23944200 0.28634500 0.36739000
v 0.24834600 0.29315500 0.36048600
v 0.23167200 0.23440600 0.36152400
v 0.23938000 0.22806000 0.36144300
v 0.24835500 0.22407000 0.36134900
v 0.25798500 0.22270900 0.36124900
v 0.22241100 0.26115800 0.36162100
v 0.25788000 0.29564800 0.35108200
v 0.22251200 0.26179000 0.36162000
v 0.22579100 0.27159100 0.36457600
v 0.23170400 0.28122300 0.36451400
v 0.23936000 0.28956400 0.35961800
v 0.24824800 0.29438000 0.35118300
v 0.22291500 0.26430400 0.36161600
v 0.25777800 0.29438000 0.34145100
v 0.22345100 0.26641200 0.36161000
v 0.22575000 0.27454800 0.36072300
v 0.23163700 0.28385200 0.35816800
v 0.23927300 0.29066200 0.35127700
v 0.24815000 0.29315500 0.34188000
v 0.22400700 0.26860100 0.36160400
v 0.22447400 0.27001200 0.36159900
v 0.25768400 0.29066200 0.33247600
v 0.22570200 0.27640700 0.35623500
v 0.23156700 0.28474800 0.35135800
v 0.23918600 0.28956400 0.34293600
v 0.24806000 0.28956400 0.33321100
v 0.25760300 0.28474800 0.32476900
v 0.22565200 0.27704100 0.35141900
v 0.23149500 0.28385200 0.34454700
v 0.23910500 0.28634500 0.33516300
v 0.24798200 0.28385200 0.32576600
v 0.25754200 0.27704100 0.31885500
v 0.22560100 0.27640700 0.34660400
v 0.23142800 0.28122300 0.33820100
v 0.23903400 0.28122300 0.32848900
v 0.24792300 0.27640700 0.32005400
v 0.25750300 0.26806600 0.31513800
v 0.22555600 0.27454800 0.34211600
v 0.23137100 0.27704100 0.33275100
v 0.23898100 0.27454800 0.32336800
v 0.24788400 0.26773700 0.31646300
v 0.22203200 0.26092700 0.36076200
v 0.22203500 0.25843400 0.36109000
v 0.25748900 0.25843400 0.31387000
v 0.22203200 0.25594100 0.36076200
v 0.22551400 0.27159100 0.33826300
v 0.23132700 0.27159100 0.32857000
v 0.23894700 0.26677500 0.32014800
v 0.24787100 0.25843400 0.31523900
v 0.22426200 0.27001200 0.34126600
v 0.25750300 0.24880200 0.31513800
v 0.22421300 0.26986500 0.34126700
v 0.22548400 0.26773700 0.33530600
v 0.23129900 0.26524400 0.32594100
v 0.23893500 0.25843400 0.31905000
v 0.24788400 0.24913000 0.31646300
v 0.22379500 0.26860100 0.34127100
v 0.22253300 0.26325000 0.34128500
v 0.22219900 0.26115800 0.34128800
v 0.22183700 0.26092700 0.34215500
v 0.22217300 0.26069500 0.34128800
v 0.22183400 0.25843400 0.34182700
v 0.25754200 0.23982700 0.31885500
v 0.22205100 0.25843400 0.34129000
v 0.22206700 0.25812500 0.34128900
v 0.22183700 0.25594100 0.34215500
v 0.22317000 0.26614400 0.34127800
v 0.22546400 0.26325000 0.33344700
v 0.23129000 0.25843400 0.32504400
v 0.23894700 0.25009200 0.32014800
v 0.24792300 0.24046100 0.32005400
v 0.22219900 0.25571000 0.34128800
v 0.22270100 0.26430400 0.34128300
v 0.25760300 0.23211900 0.32476900
v 0.22575000 0.24231900 0.36072300
v 0.22230000 0.25507800 0.34128700
v 0.22545800 0.25843400 0.33281300
v 0.23129900 0.25162300 0.32594100
v 0.23898100 0.24231900 0.32336800
v 0.24798200 0.23301600 0.32576600
v 0.25768400 0.22620500 0.33247600
v 0.22546400 0.25361800 0.33344700
v 0.23132700 0.24527700 0.32857000
v 0.23903400 0.23564500 0.32848900
v 0.24806000 0.22730300 0.33321100
v 0.22554600 0.24298200 0.34125300
v 0.22379500 0.24826700 0.34127100
v 0.22555600 0.24231900 0.34211600
v 0.25777300 0.22270900 0.34091600
v 0.22687000 0.24082400 0.34123900
v 0.22548400 0.24913000 0.33530600
v 0.23137100 0.23982700 0.33275100
v 0.23910500 0.23052300 0.33516300
v 0.25715400 0.22279600 0.34092200
v 0.24814100 0.22407000 0.34101600
v 0.22551400 0.24527700 0.33826300
v 0.23142800 0.23564500 0.33820100
v 0.24700300 0.22457600 0.34102800
v 0.24834600 0.22371200 0.36048600
v 0.22270100 0.25256400 0.34128300
v 0.23916600 0.22806000 0.34111000
v 0.25798100 0.22248700 0.36071300
v 0.22323700 0.25045600 0.34127700
v 0.23624400 0.23046500 0.34114100
v 0.24815000 0.22371200 0.34188000
v 0.23146000 0.23440600 0.34119100
v 0.25777800 0.22248700 0.34145100
v 0.43905200 0.20249600 0.32983000
v 0.27394000 0.28809700 0.33155900
v 0.26405700 0.26953400 0.33166200
v 0.42917000 0.18393300 0.32993300
v 0.26446200 0.26953400 0.37036800
v 0.42957500 0.18393300 0.36863900
v 0.27434400 0.28809700 0.37026500
v 0.43945800 0.20249600 0.36853600
v 0.43467100 0.15915600 0.34193000
v 0.27419800 0.24957900 0.34361100
v 0.26703100 0.23686000 0.34368600
v 0.42750500 0.14643700 0.34200500
v 0.26718500 0.23686000 0.35828500
v 0.42765700 0.14643700 0.35660500
v 0.27435100 0.24957900 0.35821000
v 0.43482400 0.15915600 0.35653000
v 0.30777700 0.25130700 0.49075500
v 0.32872300 0.25130700 0.52207900
v 0.32472300 0.22915800 0.51609700
v 0.31425000 0.21546900 0.50043400
v 0.30130500 0.21546900 0.48107600
v 0.29083300 0.22915800 0.46541300
v 0.28683200 0.25130700 0.45943100
v 0.29083300 0.27345600 0.46541300
v 0.30130500 0.28714500 0.48107600
v 0.31425000 0.28714500 0.50043400
v 0.32472300 0.27345600 0.51609700
v 0.31064400 0.25130700 0.53398400
v 0.30664400 0.22915800 0.52800200
v 0.29617100 0.21546900 0.51233900
v 0.28322700 0.21546900 0.49298000
v 0.27275300 0.22915800 0.47731800
v 0.26875300 0.25130700 0.47133600
v 0.27275300 0.27345600 0.47731800
v 0.28322700 0.28714500 0.49298000
v 0.29617100 0.28714500 0.51233900
v 0.30664400 0.27345600 0.52800200
v 0.28969900 0.25130700 0.50266000
v 0.31235100 0.25130700 0.53264100
v 0.31164000 0.26093900 0.53159200
v 0.30367200 0.25130700 0.53700600
v 0.30298500 0.24200300 0.53599300
v 0.30298500 0.26061000 0.53599300
v 0.29354300 0.24296600 0.53806900
v 0.31164000 0.24167500 0.53159200
v 0.29416000 0.25130700 0.53897600
v 0.30954900 0.26991400 0.52851800
v 0.29173300 0.23519300 0.53540500
v 0.30096600 0.23333400 0.53302300
v 0.29354300 0.25964800 0.53806900
v 0.30096600 0.26928000 0.53302300
v 0.28248000 0.23815000 0.53550200
v 0.28395700 0.24449600 0.53767600
v 0.30954900 0.23270000 0.52851800
v 0.28446000 0.25130700 0.53841700
v 0.30622600 0.27762100 0.52362600
v 0.28012900 0.23270000 0.53204300
v 0.28885400 0.22851800 0.53116900
v 0.29775500 0.22588900 0.52829800
v 0.28395700 0.25811800 0.53767600
v 0.29173300 0.26742100 0.53540500
v 0.29775500 0.27672500 0.52829800
v 0.27217400 0.23815000 0.53085900
v 0.27383600 0.24200300 0.53330600
v 0.27488000 0.24649100 0.53484200
v 0.30622600 0.22499200 0.52362600
v 0.27523800 0.25130700 0.53536700
v 0.30189300 0.28353600 0.51725200
v 0.27094800 0.23496100 0.52807800
v 0.27706600 0.22851800 0.52753600
v 0.28510200 0.22339600 0.52564800
v 0.29357000 0.22017700 0.52214200
v 0.27488000 0.25612300 0.53484200
v 0.28248000 0.26446400 0.53550200
v 0.28885400 0.27409600 0.53116900
v 0.29357000 0.28243700 0.52214200
v 0.27158900 0.23369700 0.52764100
v 0.27049300 0.23585500 0.52838600
v 0.26904500 0.24114000 0.52937200
v 0.26814100 0.24543700 0.52998500
v 0.26772600 0.24858300 0.53026800
v 0.30189300 0.21907800 0.51725200
v 0.26760200 0.25130700 0.53035200
v 0.29684900 0.28725300 0.50982800
v 0.26939200 0.23987600 0.52913500
v 0.26852700 0.24359700 0.52972300
v 0.27363100 0.23024400 0.52625300
v 0.27768400 0.22499000 0.52349900
v 0.26800200 0.24649100 0.53008000
v 0.28316700 0.22017700 0.51977300
v 0.26770400 0.24904500 0.53028200
v 0.28992200 0.21681700 0.51518200
v 0.26761600 0.25161600 0.53034100
v 0.27383600 0.26061000 0.53330600
v 0.28012900 0.26991400 0.53204300
v 0.28510200 0.27921800 0.52564800
v 0.28869700 0.28602800 0.51497000
v 0.27538400 0.22727900 0.52506200
v 0.28175900 0.22093300 0.52072900
v 0.28918300 0.21694300 0.51568500
v 0.29715000 0.21558200 0.51027100
v 0.26772600 0.25403100 0.53026800
v 0.29143500 0.28852100 0.50186200
v 0.26780800 0.25466300 0.53021100
v 0.27217400 0.26446400 0.53085900
v 0.27706600 0.27409600 0.52753600
v 0.28073300 0.28243700 0.51922000
v 0.28346800 0.28725300 0.50727600
v 0.26814100 0.25717700 0.52998500
v 0.28602100 0.28725300 0.49389500
v 0.26858400 0.25928500 0.52968300
v 0.27000900 0.26742100 0.52767200
v 0.27349800 0.27672500 0.52228500
v 0.27604400 0.28353600 0.51232100
v 0.27823900 0.28602800 0.49958100
v 0.26904500 0.26147400 0.52937200
v 0.26943200 0.26288500 0.52910700
v 0.28097500 0.28353600 0.48647300
v 0.26748600 0.26928000 0.52396100
v 0.26967000 0.27762100 0.51665300
v 0.27135600 0.28243700 0.50542200
v 0.27336600 0.28243700 0.49241100
v 0.27664300 0.27762100 0.48009700
v 0.26477800 0.26991400 0.51997800
v 0.26584300 0.27672500 0.51101900
v 0.26698600 0.27921800 0.49899300
v 0.26918100 0.27672500 0.48625300
v 0.27332000 0.26991400 0.47520700
v 0.26207200 0.26928000 0.51599300
v 0.26227500 0.27409600 0.50577000
v 0.26323600 0.27409600 0.49347200
v 0.26597100 0.26928000 0.48152800
v 0.27122900 0.26093900 0.47213100
v 0.25954900 0.26742100 0.51228200
v 0.25921200 0.26991400 0.50126400
v 0.26035700 0.26742100 0.48923600
v 0.26395200 0.26061000 0.47855900
v 0.26693300 0.25380000 0.52976200
v 0.26711800 0.25130700 0.53003300
v 0.27051700 0.25130700 0.47108200
v 0.26693300 0.24881400 0.52976200
v 0.25738400 0.26446400 0.50909500
v 0.25686100 0.26446400 0.49780500
v 0.25854700 0.25964800 0.48657400
v 0.26326300 0.25130700 0.47754500
v 0.25800200 0.26288500 0.51229000
v 0.27122900 0.24167500 0.47213100
v 0.25796200 0.26273800 0.51231700
v 0.25572000 0.26061000 0.50665000
v 0.25538300 0.25811800 0.49563000
v 0.25793000 0.25130700 0.48566500
v 0.26395200 0.24200300 0.47855900
v 0.25761600 0.26147400 0.51255300
v 0.25657300 0.25612300 0.51326100
v 0.25629600 0.25403100 0.51344900
v 0.25647500 0.25380000 0.51437200
v 0.25627500 0.25356900 0.51346400
v 0.25629000 0.25130700 0.51410100
v 0.27332000 0.23270000 0.47520700
v 0.25617300 0.25130700 0.51353300
v 0.25618600 0.25099800 0.51352400
v 0.25647500 0.24881400 0.51437200
v 0.25709800 0.25901700 0.51290400
v 0.25467600 0.25612300 0.50511200
v 0.25487900 0.25130700 0.49488900
v 0.25854700 0.24296600 0.48657400
v 0.26597100 0.23333400 0.48152800
v 0.25629600 0.24858300 0.51344900
v 0.25671200 0.25717700 0.51316700
v 0.27664300 0.22499200 0.48009700
v 0.27000900 0.23519300 0.52767200
v 0.25637900 0.24795100 0.51339300
v 0.25432000 0.25130700 0.50458700
v 0.25538300 0.24449600 0.49563000
v 0.26035700 0.23519300 0.48923600
v 0.26918100 0.22588900 0.48625300
v 0.28097500 0.21907800 0.48647300
v 0.25467600 0.24649100 0.50511200
v 0.25686100 0.23815000 0.49780500
v 0.26323600 0.22851800 0.49347200
v 0.27336600 0.22017700 0.49241100
v 0.25906300 0.23585500 0.51156800
v 0.25761600 0.24114000 0.51255300
v 0.25954900 0.23519300 0.51228200
v 0.28572000 0.21558200 0.49345400
v 0.26016000 0.23369700 0.51082400
v 0.25572000 0.24200300 0.50665000
v 0.25921200 0.23270000 0.50126400
v 0.26698600 0.22339600 0.49899300
v 0.28520900 0.21567000 0.49380000
v 0.27775300 0.21694300 0.49886800
v 0.25738400 0.23815000 0.50909500
v 0.26227500 0.22851800 0.50577000
v 0.27681200 0.21744900 0.49950600
v 0.28869700 0.21658500 0.51497000
v 0.25671200 0.24543700 0.51316700
v 0.27032900 0.22093300 0.50391200
v 0.29684900 0.21536100 0.50982800
v 0.25715400 0.24332900 0.51286600
v 0.26791300 0.22333900 0.50555400
v 0.27823900 0.21658500 0.49958100
v 0.26395500 0.22727900 0.50824500
v 0.28602100 0.21536100 0.49389500
v 0.43057700 0.19536900 0.38390100
v 0.29400800 0.28097100 0.47671300
v 0.28583300 0.26240700 0.48226900
v 0.42240200 0.17680600 0.38945600
v 0.30759100 0.26240700 0.51428300
v 0.44416000 0.17680600 0.42147000
v 0.31576500 0.28097100 0.50872700
v 0.45233400 0.19536900 0.41591600
v 0.43362400 0.15203000 0.39640400
v 0.30089300 0.24245200 0.48660700
v 0.29496400 0.22973300 0.49063600
v 0.42769600 0.13931100 0.40043300
v 0.30317200 0.22973300 0.50271300
v 0.43590300 0.13931100 0.41250900
v 0.30909900 0.24245200 0.49868400
v 0.44183000 0.15203000 0.40848000
v 0.13562400 0.07218380 0.59743800
v 0.15591300 0.07820900 0.58365100
v 0.15496600 0.06263970 0.58429400
v 0.14663200 0.05071610 0.58995600
v 0.13409400 0.04699220 0.59847800
v 0.12213900 0.05289080 0.60660300
v 0.11533600 0.06615860 0.61122700
v 0.11628100 0.08172780 0.61058400
v 0.12461500 0.09365150 0.60492000
v 0.13715500 0.09737530 0.59639800
v 0.14910800 0.09147670 0.58827500
v 0.16727100 0.07820900 0.60036400
v 0.16632500 0.06263970 0.60100700
v 0.15799200 0.05071610 0.60667000
v 0.14545200 0.04699220 0.61519100
v 0.13349700 0.05289080 0.62331600
v 0.12669300 0.06615860 0.62794000
v 0.12763900 0.08172780 0.62729700
v 0.13597400 0.09365150 0.62163300
v 0.14851200 0.09737530 0.61311100
v 0.16046700 0.09147670 0.60498700
v 0.14698200 0.07218380 0.61415100
v 0.13337000 0.04980080 0.61118000
v 0.12225400 0.05006090 0.61879700
v 0.11933400 0.07303000 0.62931900
v 0.12410900 0.07564100 0.62735500
v 0.11343900 0.07750130 0.62351000
v 0.12306600 0.08456500 0.61676100
v 0.11120800 0.07208530 0.61672300
v 0.11520300 0.07479940 0.61203000
v 0.11835000 0.05030280 0.62151400
v 0.11575400 0.07071970 0.63086600
v 0.11051500 0.07469420 0.62570200
v 0.10853200 0.06987990 0.61966900
v 0.11736100 0.05211530 0.62225800
v 0.11096500 0.06728220 0.63322700
v 0.10559400 0.07024600 0.62923800
v 0.10484100 0.06667590 0.62329600
v 0.11356300 0.05094970 0.62488400
v 0.10808000 0.06394970 0.63428600
v 0.10347700 0.06649000 0.63086800
v 0.10283100 0.06342980 0.62577500
v 0.10976600 0.04978400 0.62751000
v 0.10519700 0.06061710 0.63534600
v 0.10136100 0.06273410 0.63249600
v 0.10082300 0.06018400 0.62825200
v 0.11030700 0.05128620 0.62720400
v 0.10325900 0.05366150 0.63571400
v 0.09954330 0.05415660 0.63386100
v 0.09992050 0.05361460 0.62993300
v 0.10801800 0.04741400 0.62876700
v 0.10273200 0.04919560 0.63514900
v 0.09994490 0.04956700 0.63375900
v 0.10022900 0.04916050 0.63081300
v 0.10671900 0.04497870 0.62966900
v 0.10314100 0.04400930 0.63393500
v 0.10127400 0.04384600 0.63301100
v 0.10147500 0.04408850 0.63104400
v 0.10584700 0.04033430 0.63025400
v 0.10405800 0.03984950 0.63238600
v 0.10312400 0.03976800 0.63192500
v 0.10322500 0.03988930 0.63094100
v 0.10501800 0.03568980 0.63090300
v 0.10589000 0.04033430 0.63031800
v 0.10580500 0.04033430 0.63019000
v 0.10493300 0.03568980 0.63077500
v 0.10497500 0.03568980 0.63083900
v 0.10491000 0.03568980 0.63079900
v 0.10399200 0.03984950 0.63234600
v 0.10412300 0.03984950 0.63242600
v 0.10504100 0.03568980 0.63087900
v 0.10493700 0.03568980 0.63077300
v 0.10308600 0.03976800 0.63185900
v 0.10316300 0.03976800 0.63199000
v 0.10501400 0.03568980 0.63090500
v 0.10497100 0.03568980 0.63076300
v 0.10322100 0.03988930 0.63086500
v 0.10323000 0.03988930 0.63101800
v 0.10498000 0.03568980 0.63091500
v 0.87720700 0.06862030 0.14802000
v 0.85535100 0.07464550 0.15915700
v 0.85637000 0.05907630 0.15863800
v 0.86534700 0.04715250 0.15406300
v 0.87885600 0.04342880 0.14718000
v 0.89173300 0.04932740 0.14061900
v 0.89906400 0.06259510 0.13688400
v 0.89804500 0.07816440 0.13740300
v 0.88906700 0.09008800 0.14197800
v 0.87555900 0.09381190 0.14886000
v 0.86268000 0.08791330 0.15542200
v 0.84617600 0.07464550 0.14115200
v 0.84719500 0.05907630 0.14063300
v 0.85617300 0.04715250 0.13605800
v 0.86968100 0.04342880 0.12917600
v 0.88256000 0.04932740 0.12261400
v 0.88989000 0.06259510 0.11887900
v 0.88887200 0.07816440 0.11939800
v 0.87989300 0.09008800 0.12397300
v 0.86638500 0.09381190 0.13085500
v 0.85350700 0.08791330 0.13741700
v 0.86803300 0.06862030 0.13001500
v 0.88116500 0.04623740 0.13467000
v 0.89314900 0.04649750 0.12850500
v 0.89736400 0.06946660 0.11843200
v 0.89238100 0.07207770 0.11978300
v 0.90248500 0.07393790 0.12493500
v 0.89208900 0.08100140 0.13042300
v 0.90384700 0.06852180 0.13194900
v 0.89929800 0.07123590 0.13610400
v 0.89736300 0.04673930 0.12630000
v 0.90111000 0.06715630 0.11734600
v 0.90566100 0.07113080 0.12312700
v 0.90687200 0.06631650 0.12936100
v 0.89843800 0.04855190 0.12568600
v 0.90615800 0.06371880 0.11560400
v 0.91098700 0.06668260 0.12023500
v 0.91098800 0.06311230 0.12622400
v 0.90253400 0.04738620 0.12355600
v 0.90915100 0.06038620 0.11491500
v 0.91329100 0.06292660 0.11888400
v 0.91329300 0.05986650 0.12401800
v 0.90663100 0.04622050 0.12142700
v 0.91214600 0.05705370 0.11422600
v 0.91559400 0.05917050 0.11753300
v 0.91559600 0.05662060 0.12181200
v 0.90605500 0.04772280 0.12166200
v 0.91411600 0.05009800 0.11410300
v 0.91756900 0.05059330 0.11640600
v 0.91670100 0.05005110 0.12025700
v 0.90852200 0.04385060 0.12040000
v 0.91456600 0.04563220 0.11473000
v 0.91715800 0.04600350 0.11645700
v 0.91650700 0.04559690 0.11934500
v 0.90992400 0.04141540 0.11966600
v 0.91400900 0.04044590 0.11588300
v 0.91574500 0.04028270 0.11703400
v 0.91529900 0.04052520 0.11896000
v 0.91086100 0.03677090 0.11919500
v 0.91290500 0.03628620 0.11730400
v 0.91377400 0.03620450 0.11788000
v 0.91354900 0.03632590 0.11884300
v 0.91176700 0.03212640 0.11865700
v 0.91082800 0.03677090 0.11912700
v 0.91089500 0.03677090 0.11926400
v 0.91183400 0.03212640 0.11879300
v 0.91180100 0.03212640 0.11872500
v 0.91186000 0.03212640 0.11877200
v 0.91296400 0.03628620 0.11735100
v 0.91284500 0.03628620 0.11725700
v 0.91174100 0.03212640 0.11867800
v 0.91183100 0.03212640 0.11879500
v 0.91380400 0.03620450 0.11795000
v 0.91374300 0.03620450 0.11780900
v 0.91177000 0.03212640 0.11865500
v 0.91179600 0.03212640 0.11880100
v 0.91354500 0.03632590 0.11891900
v 0.91355400 0.03632590 0.11876600
v 0.91180500 0.03212640 0.11864900
v 0.92468500 0.06862030 0.35980000
v 0.90015400 0.07464550 0.35980000
v 0.90129800 0.05907630 0.35980000
v 0.91137500 0.04715250 0.35980000
v 0.92653500 0.04342880 0.35980000
v 0.94098800 0.04932740 0.35980000
v 0.94921500 0.06259510 0.35980000
v 0.94807100 0.07816440 0.35980000
v 0.93799500 0.09008800 0.35980000
v 0.92283500 0.09381190 0.35980000
v 0.90838100 0.08791330 0.35980000
v 0.90015400 0.07464550 0.33959200
v 0.90129800 0.05907630 0.33959200
v 0.91137500 0.04715250 0.33959200
v 0.92653500 0.04342880 0.33959200
v 0.94098800 0.04932740 0.33959200
v 0.94921500 0.06259510 0.33959200
v 0.94807100 0.07816440 0.33959200
v 0.93799500 0.09008800 0.33959200
v 0.92283500 0.09381190 0.33959200
v 0.90838100 0.08791330 0.33959200
v 0.92468500 0.06862030 0.33959200
v 0.93427300 0.04623740 0.34970100
v 0.94774900 0.04649750 0.34964900
v 0.95607800 0.06946660 0.34258700
v 0.95102500 0.07207770 0.34152900
v 0.95768800 0.07393790 0.35070700
v 0.94593300 0.08100140 0.35087600
v 0.95571800 0.06852180 0.35757400
v 0.94977700 0.07123590 0.35921000
v 0.95250500 0.04673930 0.34959700
v 0.95990800 0.06715630 0.34332000
v 0.96133900 0.07113080 0.35053700
v 0.95958800 0.06631650 0.35664100
v 0.95374200 0.04855190 0.34953800
v 0.96519700 0.06371880 0.34406000
v 0.96739800 0.06668260 0.35037800
v 0.96467900 0.06311230 0.35571600
v 0.95835800 0.04738620 0.34950000
v 0.96817700 0.06038620 0.34480500
v 0.97006300 0.06292660 0.35022000
v 0.96773400 0.05986650 0.35479600
v 0.96297500 0.04622050 0.34946300
v 0.97115800 0.05705370 0.34555000
v 0.97272900 0.05917050 0.35006300
v 0.97078800 0.05662060 0.35387500
v 0.96235500 0.04772280 0.34941100
v 0.97296900 0.05009800 0.34633500
v 0.97500000 0.05059330 0.34995500
v 0.97247900 0.05005110 0.35299300
v 0.96512700 0.04385060 0.34940600
v 0.97308600 0.04563220 0.34709900
v 0.97461100 0.04600350 0.34981400
v 0.97272000 0.04559690 0.35209200
v 0.96670700 0.04141540 0.34938900
v 0.97206500 0.04044590 0.34787300
v 0.97309100 0.04028270 0.34968700
v 0.97181700 0.04052520 0.35120000
v 0.96775800 0.03677090 0.34939500
v 0.97043700 0.03628620 0.34863700
v 0.97094800 0.03620450 0.34954500
v 0.97031300 0.03632590 0.35030100
v 0.96880700 0.03212640 0.34932600
v 0.96775800 0.03677090 0.34931900
v 0.96775800 0.03677090 0.34947200
v 0.96880700 0.03212640 0.34947900
v 0.96880700 0.03212640 0.34940200
v 0.96883900 0.03212640 0.34947200
v 0.97046900 0.03628620 0.34870700
v 0.97040500 0.03628620 0.34856800
v 0.96877500 0.03212640 0.34933300
v 0.96880300 0.03212640 0.34947900
v 0.97094400 0.03620450 0.34962100
v 0.97095300 0.03620450 0.34946800
v 0.96881200 0.03212640 0.34932600
v 0.96876800 0.03212640 0.34946800
v 0.97027300 0.03632590 0.35036700
v 0.97035300 0.03632590 0.35023600
v 0.96884700 0.03212640 0.34933700
v 0.72233500 0.24774400 0.35127100
v 0.72261800 0.24774400 0.31359000
v 0.72256500 0.22559400 0.32078600
v 0.72242300 0.21190500 0.33962700
v 0.72224700 0.21190500 0.36291500
v 0.72210500 0.22559400 0.38175500
v 0.72205100 0.24774400 0.38895200
v 0.72210500 0.26989300 0.38175500
v 0.72224700 0.28358200 0.36291500
v 0.72242300 0.28358200 0.33962700
v 0.72256500 0.26989300 0.32078600
v 0.74426300 0.24774400 0.31390600
v 0.74420800 0.22559400 0.32110200
v 0.74406700 0.21190500 0.33994200
v 0.74389200 0.21190500 0.36323000
v 0.74375000 0.22559400 0.38207000
v 0.74369600 0.24774400 0.38926600
v 0.74375000 0.26989300 0.38207000
v 0.74389200 0.28358200 0.36323000
v 0.74406700 0.28358200 0.33994200
v 0.74420800 0.26989300 0.32110200
v 0.74397900 0.24774400 0.35158600
v 0.74209600 0.24774400 0.31405600
v 0.74209600 0.25737500 0.31532400
v 0.75172800 0.24774400 0.31532400
v 0.75172800 0.23844000 0.31654900
v 0.75172800 0.25704700 0.31654900
v 0.76070300 0.23940200 0.32014000
v 0.74209600 0.23811200 0.31532400
v 0.76070300 0.24774400 0.31904200
v 0.74209600 0.26635100 0.31904200
v 0.76070300 0.23162900 0.32336000
v 0.75172800 0.22977000 0.32014000
v 0.76070300 0.25608500 0.32014000
v 0.75172800 0.26571700 0.32014000
v 0.76841100 0.23458600 0.32848100
v 0.76841100 0.24093300 0.32585300
v 0.74209600 0.22913600 0.31904200
v 0.76841100 0.24774400 0.32495600
v 0.74209600 0.27405800 0.32495600
v 0.76841100 0.22913600 0.33266300
v 0.76070300 0.22495400 0.32848100
v 0.75172800 0.22232600 0.32585300
v 0.76841100 0.25455400 0.32585300
v 0.76070300 0.26385800 0.32336000
v 0.75172800 0.27316100 0.32585300
v 0.77432400 0.23458600 0.33811300
v 0.77432400 0.23844000 0.33515600
v 0.77432400 0.24292800 0.33329700
v 0.74209600 0.22142900 0.32495600
v 0.77432400 0.24774400 0.33266300
v 0.74209600 0.27997200 0.33266300
v 0.77377600 0.23139800 0.34110300
v 0.76841100 0.22495400 0.33811300
v 0.76070300 0.21983300 0.33515600
v 0.75172800 0.21661300 0.33329700
v 0.77432400 0.25256000 0.33329700
v 0.76841100 0.26090100 0.32848100
v 0.76070300 0.27053300 0.32848100
v 0.75172800 0.27887400 0.33329700
v 0.77299800 0.23013400 0.34110300
v 0.77432400 0.23229200 0.34110300
v 0.77607500 0.23757600 0.34110300
v 0.77716900 0.24187400 0.34110300
v 0.77767100 0.24501900 0.34110300
v 0.74209600 0.21551500 0.33266300
v 0.77782000 0.24774400 0.34110300
v 0.74209600 0.28369000 0.34163900
v 0.77565700 0.23631300 0.34110300
v 0.77670000 0.24003400 0.34110300
v 0.77053000 0.22668100 0.34110300
v 0.76563000 0.22142600 0.34110300
v 0.77733700 0.24292800 0.34110300
v 0.75900200 0.21661300 0.34110300
v 0.77769700 0.24548200 0.34110300
v 0.75083300 0.21325300 0.34110300
v 0.77780300 0.24805300 0.34110300
v 0.77432400 0.25704700 0.33515600
v 0.76841100 0.26635100 0.33266300
v 0.76070300 0.27565400 0.33515600
v 0.75172800 0.28246500 0.34196700
v 0.76841100 0.22371600 0.34110300
v 0.76070300 0.21736900 0.34110300
v 0.75172800 0.21338000 0.34110300
v 0.74209600 0.21201900 0.34110300
v 0.77767100 0.25046800 0.34110300
v 0.74209600 0.28495800 0.35127100
v 0.77757100 0.25110000 0.34110300
v 0.77432400 0.26090100 0.33811300
v 0.76841100 0.27053300 0.33811300
v 0.76070300 0.27887400 0.34292900
v 0.75172800 0.28369000 0.35127100
v 0.77716900 0.25361300 0.34110300
v 0.74209600 0.28369000 0.36090200
v 0.77663300 0.25572200 0.34110300
v 0.77432400 0.26385800 0.34196700
v 0.76841100 0.27316100 0.34446000
v 0.76070300 0.27997200 0.35127100
v 0.75172800 0.28246500 0.36057400
v 0.77607500 0.25791100 0.34110300
v 0.77560800 0.25932200 0.34110300
v 0.74209600 0.27997200 0.36987800
v 0.77432400 0.26571700 0.34645500
v 0.76841100 0.27405800 0.35127100
v 0.76070300 0.27887400 0.35961200
v 0.75172800 0.27887400 0.36924400
v 0.74209600 0.27405800 0.37758500
v 0.77432400 0.26635100 0.35127100
v 0.76841100 0.27316100 0.35808100
v 0.76070300 0.27565400 0.36738500
v 0.75172800 0.27316100 0.37668900
v 0.74209600 0.26635100 0.38349900
v 0.77432400 0.26571700 0.35608700
v 0.76841100 0.27053300 0.36442800
v 0.76070300 0.27053300 0.37406000
v 0.75172800 0.26571700 0.38240100
v 0.74209600 0.25737500 0.38721700
v 0.77432400 0.26385800 0.36057400
v 0.76841100 0.26635100 0.36987800
v 0.76070300 0.26385800 0.37918100
v 0.75172800 0.25704700 0.38599200
v 0.77804200 0.25023600 0.34196700
v 0.77804200 0.24774400 0.34163900
v 0.74209600 0.24774400 0.38848400
v 0.77804200 0.24525100 0.34196700
v 0.77432400 0.26090100 0.36442800
v 0.76841100 0.26090100 0.37406000
v 0.76070300 0.25608500 0.38240100
v 0.75172800 0.24774400 0.38721700
v 0.77560800 0.25932200 0.36143800
v 0.74209600 0.23811200 0.38721700
v 0.77565700 0.25917400 0.36143800
v 0.77432400 0.25704700 0.36738500
v 0.76841100 0.25455400 0.37668900
v 0.76070300 0.24774400 0.38349900
v 0.75172800 0.23844000 0.38599200
v 0.77607500 0.25791100 0.36143800
v 0.77733700 0.25255900 0.36143800
v 0.77767100 0.25046800 0.36143800
v 0.77804200 0.25023600 0.36057400
v 0.77769700 0.25000500 0.36143800
v 0.77804200 0.24774400 0.36090200
v 0.74209600 0.22913600 0.38349900
v 0.77782000 0.24774400 0.36143800
v 0.77780300 0.24743400 0.36143800
v 0.77804200 0.24525100 0.36057400
v 0.77670000 0.25545300 0.36143800
v 0.77432400 0.25256000 0.36924400
v 0.76841100 0.24774400 0.37758500
v 0.76070300 0.23940200 0.38240100
v 0.75172800 0.22977000 0.38240100
v 0.77767100 0.24501900 0.36143800
v 0.77716900 0.25361300 0.36143800
v 0.74209600 0.22142900 0.37758500
v 0.77432400 0.23162900 0.34196700
v 0.77757100 0.24438700 0.36143800
v 0.77432400 0.24774400 0.36987800
v 0.76841100 0.24093300 0.37668900
v 0.76070300 0.23162900 0.37918100
v 0.75172800 0.22232600 0.37668900
v 0.74209600 0.21551500 0.36987800
v 0.77432400 0.24292800 0.36924400
v 0.76841100 0.23458600 0.37406000
v 0.76070300 0.22495400 0.37406000
v 0.75172800 0.21661300 0.36924400
v 0.77432400 0.23229200 0.36143800
v 0.77607500 0.23757600 0.36143800
v 0.77432400 0.23162900 0.36057400
v 0.74209600 0.21201900 0.36143800
v 0.77299800 0.23013400 0.36143800
v 0.77432400 0.23844000 0.36738500
v 0.76841100 0.22913600 0.36987800
v 0.76070300 0.21983300 0.36738500
v 0.74271400 0.21210600 0.36143800
v 0.75172800 0.21338000 0.36143800
v 0.77432400 0.23458600 0.36442800
v 0.76841100 0.22495400 0.36442800
v 0.75286500 0.21388500 0.36143800
v 0.75172800 0.21302200 0.34196700
v 0.77716900 0.24187400 0.36143800
v 0.76070300 0.21736900 0.36143800
v 0.74209600 0.21179700 0.34163900
v 0.77663300 0.23976600 0.36143800
v 0.76362400 0.21977500 0.36143800
v 0.75172800 0.21302200 0.36057400
v 0.76841100 0.22371600 0.36143800
v 0.74209600 0.21179700 0.36090200
v 0.56070900 0.19180600 0.37062500
v 0.72583100 0.27740700 0.37062500
v 0.73571500 0.25884400 0.37062500
v 0.57059300 0.17324300 0.37062500
v 0.73571500 0.25884400 0.33191700
v 0.57059300 0.17324300 0.33191700
v 0.72583100 0.27740700 0.33191700
v 0.56070900 0.19180600 0.33191700
v 0.56521700 0.14846600 0.35857100
v 0.72569800 0.23888800 0.35857100
v 0.73286500 0.22616900 0.35857100
v 0.57238400 0.13574700 0.35857100
v 0.73286500 0.22616900 0.34397000
v 0.57238400 0.13574700 0.34397000
v 0.72569800 0.23888800 0.34397000
v 0.56521700 0.14846600 0.34397000
v 0.86460500 0.06149350 0.58421900
v 0.84286700 0.06751870 0.57285300
v 0.84387900 0.05194940 0.57338300
v 0.85280900 0.04002580 0.57805200
v 0.86624500 0.03630190 0.58507500
v 0.87905300 0.04220050 0.59177200
v 0.88634400 0.05546830 0.59558400
v 0.88533000 0.07103750 0.59505400
v 0.87640100 0.08296130 0.59038500
v 0.86296600 0.08668500 0.58336200
v 0.85015600 0.08078640 0.57666500
v 0.85222800 0.06751870 0.55494600
v 0.85324100 0.05194940 0.55547600
v 0.86217200 0.04002580 0.56014400
v 0.87560600 0.03630190 0.56716800
v 0.88841500 0.04220050 0.57386400
v 0.89570600 0.05546830 0.57767600
v 0.89469300 0.07103750 0.57714600
v 0.88576200 0.08296130 0.57247800
v 0.87232800 0.08668500 0.56545400
v 0.85951900 0.08078640 0.55875800
v 0.87396800 0.06149350 0.56631100
v 0.87778100 0.03911050 0.57971200
v 0.88974700 0.03937060 0.58590900
v 0.90040000 0.06233970 0.58351000
v 0.89641100 0.06495080 0.58023000
v 0.89806500 0.06681100 0.59145100
v 0.88756900 0.07387470 0.58615500
v 0.89313800 0.06139500 0.59662400
v 0.88711500 0.06410910 0.59532100
v 0.89398500 0.03961250 0.58806600
v 0.90345500 0.06002940 0.58593400
v 0.90137900 0.06400390 0.59299200
v 0.89699900 0.05918960 0.59759100
v 0.89510900 0.04142500 0.58858600
v 0.90779900 0.05659190 0.58904000
v 0.90682200 0.05955570 0.59565700
v 0.90194100 0.05598560 0.59912900
v 0.89921800 0.04025940 0.59069200
v 0.91009500 0.05325940 0.59108000
v 0.90925800 0.05579970 0.59675400
v 0.90507300 0.05273960 0.59972900
v 0.90332600 0.03909370 0.59279700
v 0.91239000 0.04992680 0.59312200
v 0.91169200 0.05204380 0.59784900
v 0.90820600 0.04949370 0.60032700
v 0.90280100 0.04059590 0.59246500
v 0.91363200 0.04297130 0.59465500
v 0.91375500 0.04346640 0.59880600
v 0.91011500 0.04292440 0.60032900
v 0.90526000 0.03672370 0.59374400
v 0.91338300 0.03850530 0.59538700
v 0.91347600 0.03887670 0.59849900
v 0.91074400 0.03847020 0.59964200
v 0.90666900 0.03428850 0.59446200
v 0.91212000 0.03331900 0.59560100
v 0.91218700 0.03315580 0.59768200
v 0.91035900 0.03339830 0.59843500
v 0.90759600 0.02964400 0.59495500
v 0.91032100 0.02916000 0.59552300
v 0.91035600 0.02907760 0.59656400
v 0.90944100 0.02919820 0.59694000
v 0.90855800 0.02500000 0.59537900
v 0.90763100 0.02964400 0.59488800
v 0.90756100 0.02964400 0.59502200
v 0.90848800 0.02500000 0.59551400
v 0.90852300 0.02500000 0.59544700
v 0.90852000 0.02500000 0.59552300
v 0.91031800 0.02916000 0.59559900
v 0.91032400 0.02916000 0.59544700
v 0.90852600 0.02500000 0.59537000
v 0.90848400 0.02500000 0.59551200
v 0.91031600 0.02907760 0.59663000
v 0.91039600 0.02907760 0.59649900
v 0.90856300 0.02500000 0.59538100
v 0.90845800 0.02500000 0.59548600
v 0.90937500 0.02919820 0.59698000
v 0.90950700 0.02919820 0.59690000
v 0.90858900 0.02500000 0.59540700
v 0.68923200 0.24061700 0.48291300
v 0.70694100 0.24061700 0.44965100
v 0.70355900 0.21846700 0.45600400
v 0.69470600 0.20477900 0.47263400
v 0.68376000 0.20477900 0.49319100
v 0.67490700 0.21846700 0.50982200
v 0.67152500 0.24061700 0.51617400
v 0.67490700 0.26276600 0.50982200
v 0.68376000 0.27645500 0.49319100
v 0.69470600 0.27645500 0.47263400
v 0.70355900 0.26276600 0.45600400
v 0.72597600 0.24061700 0.45995800
v 0.72259500 0.21846700 0.46631100
v 0.71374000 0.20477900 0.48294200
v 0.70279700 0.20477900 0.50349800
v 0.69394200 0.21846700 0.52012900
v 0.69055900 0.24061700 0.52648100
v 0.69394200 0.26276600 0.52012900
v 0.70279700 0.27645500 0.50349800
v 0.71374000 0.27645500 0.48294200
v 0.72259500 0.26276600 0.46631100
v 0.70826900 0.24061700 0.49322000
v 0.72398600 0.24061700 0.45908800
v 0.72339800 0.25024800 0.46021200
v 0.73193400 0.24061700 0.46467400
v 0.73136700 0.23131300 0.46576000
v 0.73136700 0.24992000 0.46576000
v 0.73765800 0.23227500 0.47309900
v 0.72339800 0.23098500 0.46021200
v 0.73816600 0.24061700 0.47212700
v 0.72167600 0.25922400 0.46350600
v 0.73616600 0.22450200 0.47595400
v 0.72970300 0.22264400 0.46894200
v 0.73765800 0.24895800 0.47309900
v 0.72970300 0.25859000 0.46894200
v 0.74062300 0.22746000 0.48406300
v 0.74184100 0.23380600 0.48173400
v 0.72167600 0.22200900 0.46350600
v 0.74225600 0.24061700 0.48093800
v 0.71893600 0.26693100 0.46874700
v 0.73868500 0.22200900 0.48777000
v 0.73379200 0.21782800 0.48049300
v 0.72705600 0.21519900 0.47400500
v 0.74184100 0.24742700 0.48173400
v 0.73616600 0.25673100 0.47595400
v 0.72705600 0.26603500 0.47400500
v 0.74140200 0.22746000 0.49533800
v 0.74277200 0.23131300 0.49271800
v 0.74363400 0.23580100 0.49107100
v 0.71893600 0.21430200 0.46874700
v 0.74392700 0.24061700 0.49050900
v 0.71536500 0.27284500 0.47557800
v 0.73953000 0.22427100 0.49773400
v 0.73616100 0.21782800 0.49259900
v 0.73070000 0.21270600 0.48640700
v 0.72360800 0.20948600 0.48060300
v 0.74363400 0.24543300 0.49107100
v 0.74062300 0.25377400 0.48406300
v 0.73379200 0.26340600 0.48049300
v 0.72360800 0.27174700 0.48060300
v 0.73884100 0.22300700 0.49737600
v 0.74001600 0.22516500 0.49798900
v 0.74156900 0.23045000 0.49880000
v 0.74253700 0.23474700 0.49930600
v 0.74298300 0.23789200 0.49954000
v 0.71536500 0.20838800 0.47557800
v 0.74311400 0.24061700 0.49960800
v 0.71120700 0.27656300 0.48353200
v 0.74119800 0.22918600 0.49860600
v 0.74212300 0.23290700 0.49908900
v 0.73665400 0.21955400 0.49623200
v 0.73231100 0.21429900 0.49396100
v 0.74268700 0.23580100 0.49938500
v 0.72643800 0.20948600 0.49089000
v 0.74300600 0.23835500 0.49955200
v 0.71919900 0.20612700 0.48710500
v 0.74309900 0.24092600 0.49960100
v 0.74277200 0.24992000 0.49271800
v 0.73868500 0.25922400 0.48777000
v 0.73070000 0.26852800 0.48640700
v 0.71959100 0.27533800 0.48828400
v 0.73477600 0.21658900 0.49524800
v 0.72794500 0.21024300 0.49167800
v 0.71999100 0.20625300 0.48751900
v 0.71145600 0.20489200 0.48305700
v 0.74298300 0.24334100 0.49954000
v 0.70674400 0.27783100 0.49206700
v 0.74289300 0.24397300 0.49949200
v 0.74140200 0.25377400 0.49533800
v 0.73616100 0.26340600 0.49259900
v 0.72709900 0.27174700 0.49329600
v 0.71528000 0.27656300 0.49652900
v 0.74253700 0.24648700 0.49930600
v 0.70228200 0.27656300 0.50060200
v 0.74206200 0.24859500 0.49905800
v 0.73961700 0.25673100 0.49875500
v 0.73322000 0.26603500 0.49822300
v 0.72323500 0.27284500 0.50068800
v 0.71097000 0.27533800 0.50477500
v 0.74156900 0.25078400 0.49880000
v 0.74115300 0.25219500 0.49858400
v 0.69812400 0.27284500 0.50855800
v 0.73753700 0.25859000 0.50273100
v 0.73006500 0.26693100 0.50425900
v 0.71937000 0.27174700 0.50808000
v 0.70695400 0.27174700 0.51245800
v 0.69455300 0.26693100 0.51538700
v 0.73530600 0.25922400 0.50699800
v 0.72690900 0.26603500 0.51029400
v 0.71576900 0.26852800 0.51496900
v 0.70350500 0.26603500 0.51905500
v 0.69181300 0.25922400 0.52062800
v 0.73307500 0.25859000 0.51126700
v 0.72397000 0.26340600 0.51591900
v 0.71267600 0.26340600 0.52088300
v 0.70085700 0.25859000 0.52411800
v 0.69009100 0.25024900 0.52392300
v 0.73099600 0.25673100 0.51524400
v 0.72144400 0.25922400 0.52074900
v 0.71030400 0.25673100 0.52542200
v 0.69919400 0.24992000 0.52730100
v 0.74291100 0.24311000 0.50047600
v 0.74306200 0.24061700 0.50018600
v 0.68950400 0.24061700 0.52504700
v 0.74291100 0.23812400 0.50047600
v 0.72921100 0.25377400 0.51865800
v 0.71950700 0.25377400 0.52445400
v 0.70881200 0.24895800 0.52827700
v 0.69862800 0.24061700 0.52838500
v 0.73173400 0.25219500 0.51660400
v 0.69009100 0.23098500 0.52392300
v 0.73177700 0.25204800 0.51662600
v 0.72784100 0.24992000 0.52127900
v 0.71828800 0.24742700 0.52678400
v 0.70830400 0.24061700 0.52924900
v 0.69919400 0.23131300 0.52730100
v 0.73214800 0.25078400 0.51682100
v 0.73326600 0.24543300 0.51740400
v 0.73356200 0.24334100 0.51756000
v 0.73429000 0.24311000 0.51696600
v 0.73358500 0.24287800 0.51757100
v 0.73413900 0.24061700 0.51725600
v 0.69181300 0.22200900 0.52062800
v 0.73369300 0.24061700 0.51762900
v 0.73367900 0.24030800 0.51762100
v 0.73429000 0.23812400 0.51696600
v 0.73270200 0.24832700 0.51711000
v 0.72698000 0.24543300 0.52292700
v 0.71787300 0.24061700 0.52757900
v 0.70881200 0.23227500 0.52827700
v 0.70085900 0.22264400 0.52411800
v 0.73356200 0.23789200 0.51756000
v 0.73311600 0.24648700 0.51732700
v 0.69455300 0.21430200 0.51538700
v 0.73961700 0.22450200 0.49875500
v 0.73347300 0.23726000 0.51751300
v 0.72668500 0.24061700 0.52348900
v 0.71828800 0.23380600 0.52678400
v 0.71030400 0.22450200 0.52542200
v 0.70350500 0.21519900 0.51905500
v 0.69812400 0.20838800 0.50855800
v 0.72698000 0.23580100 0.52292700
v 0.71950700 0.22746000 0.52445400
v 0.71267600 0.21782800 0.52088300
v 0.70695400 0.20948600 0.51245800
v 0.73059600 0.22516500 0.51600900
v 0.73214800 0.23045000 0.51682100
v 0.73099600 0.22450200 0.51524400
v 0.70203500 0.20489200 0.50107700
v 0.72942200 0.22300700 0.51539500
v 0.72784100 0.23131300 0.52127900
v 0.72144400 0.22200900 0.52074900
v 0.71576900 0.21270600 0.51496900
v 0.70258300 0.20497900 0.50136500
v 0.71057000 0.20625300 0.50554000
v 0.72921100 0.22746000 0.51865800
v 0.72397000 0.21782800 0.51591900
v 0.71157800 0.20675900 0.50606700
v 0.71959100 0.20589500 0.48828400
v 0.73311600 0.23474700 0.51732700
v 0.71852400 0.21024300 0.50969800
v 0.71120700 0.20467000 0.48353200
v 0.73264100 0.23263900 0.51707800
v 0.72111400 0.21264800 0.51105100
v 0.71097000 0.20589500 0.50477500
v 0.72535500 0.21658900 0.51326900
v 0.70228200 0.20467000 0.50060200
v 0.53703300 0.18467900 0.42518400
v 0.68336500 0.27028000 0.50168400
v 0.69212300 0.25171700 0.50626200
v 0.54579200 0.16611600 0.42976300
v 0.71005700 0.25171700 0.47196000
v 0.56372500 0.16611600 0.39545900
v 0.70129900 0.27028000 0.46738000
v 0.55496700 0.18467900 0.39088100
v 0.54661300 0.14133900 0.41658900
v 0.68883200 0.23176200 0.49094000
v 0.69518400 0.21904300 0.49426200
v 0.55296400 0.12862000 0.41991100
v 0.70194800 0.21904300 0.48132200
v 0.55972800 0.12862000 0.40697100
v 0.69559600 0.23176200 0.47800200
v 0.55337700 0.14133900 0.40365100
v 0.13661100 0.06862030 0.13943900
v 0.15846600 0.07464550 0.15057600
v 0.15744800 0.05907630 0.15005700
v 0.14847000 0.04715250 0.14548200
v 0.13496200 0.04342880 0.13859900
v 0.12208300 0.04932740 0.13203800
v 0.11475400 0.06259510 0.12830300
v 0.11577300 0.07816440 0.12882200
v 0.12475100 0.09008800 0.13339600
v 0.13825900 0.09381190 0.14027900
v 0.15113800 0.08791330 0.14684100
v 0.14929300 0.07464550 0.16858100
v 0.14827400 0.05907630 0.16806200
v 0.13929600 0.04715250 0.16348700
v 0.12578800 0.04342880 0.15660400
v 0.11290900 0.04932740 0.15004200
v 0.10558000 0.06259510 0.14630800
v 0.10659900 0.07816440 0.14682700
v 0.11557700 0.09008800 0.15140100
v 0.12908500 0.09381190 0.15828400
v 0.14196400 0.08791330 0.16484600
v 0.12743600 0.06862030 0.15744400
v 0.12348300 0.04623740 0.14408400
v 0.11145200 0.04649750 0.13801300
v 0.10082500 0.06946660 0.14052300
v 0.10484700 0.07207770 0.14376100
v 0.10307600 0.07393790 0.13255800
v 0.11362700 0.08100140 0.13774300
v 0.10794900 0.06852180 0.12733400
v 0.11398600 0.07123590 0.12857300
v 0.10719100 0.04673930 0.13590000
v 0.09774420 0.06715630 0.13813200
v 0.09974640 0.07113080 0.13105200
v 0.10407700 0.06631650 0.12640800
v 0.10606300 0.04855190 0.13539200
v 0.09336890 0.06371880 0.13507100
v 0.09427600 0.06668260 0.12844300
v 0.09912020 0.06311230 0.12492100
v 0.10193200 0.04738620 0.13332900
v 0.09105210 0.06038620 0.13305400
v 0.09182950 0.06292660 0.12737300
v 0.09598190 0.05986650 0.12435400
v 0.09780070 0.04622050 0.13126700
v 0.08873390 0.05705370 0.13103800
v 0.08938290 0.05917050 0.12630300
v 0.09284350 0.05662060 0.12378800
v 0.09833070 0.04772280 0.13159400
v 0.08747700 0.05009800 0.12951600
v 0.08731050 0.05059330 0.12536800
v 0.09093450 0.05005110 0.12380600
v 0.09585820 0.04385060 0.13034000
v 0.08771830 0.04563220 0.12878200
v 0.08759310 0.04600350 0.12567100
v 0.09031140 0.04559690 0.12450000
v 0.09444090 0.04141540 0.12963700
v 0.08897970 0.04044590 0.12855600
v 0.08888960 0.04028270 0.12647400
v 0.09071000 0.04052520 0.12570300
v 0.09350940 0.03677090 0.12915500
v 0.09077880 0.03628620 0.12861400
v 0.09073290 0.03620450 0.12757300
v 0.09164310 0.03632590 0.12718800
v 0.09254110 0.03212640 0.12874000
v 0.09347420 0.03677090 0.12922200
v 0.09354450 0.03677090 0.12908700
v 0.09261140 0.03212640 0.12860400
v 0.09257630 0.03212640 0.12867200
v 0.09257930 0.03212640 0.12859600
v 0.09078180 0.03628620 0.12853800
v 0.09077570 0.03628620 0.12869100
v 0.09257320 0.03212640 0.12874800
v 0.09261600 0.03212640 0.12860700
v 0.09077270 0.03620450 0.12750800
v 0.09069320 0.03620450 0.12763900
v 0.09253650 0.03212640 0.12873800
v 0.09264040 0.03212640 0.12863100
v 0.09170730 0.03632590 0.12714700
v 0.09157900 0.03632590 0.12722800
v 0.09251210 0.03212640 0.12871300
v 0.31303400 0.24774400 0.23890400
v 0.29567500 0.24774400 0.27234900
v 0.29899000 0.22559400 0.26596100
v 0.30766900 0.21190500 0.24923900
v 0.31839800 0.21190500 0.22856900
v 0.32707800 0.22559400 0.21184600
v 0.33039200 0.24774400 0.20545900
v 0.32707800 0.26989300 0.21184600
v 0.31839800 0.28358200 0.22856900
v 0.30766900 0.28358200 0.24923900
v 0.29899000 0.26989300 0.26596100
v 0.27653300 0.24774400 0.26224100
v 0.27984800 0.22559400 0.25585400
v 0.28852700 0.21190500 0.23913100
v 0.29925600 0.21190500 0.21846100
v 0.30793500 0.22559400 0.20173900
v 0.31125000 0.24774400 0.19535100
v 0.30793500 0.26989300 0.20173900
v 0.29925600 0.28358200 0.21846100
v 0.28852700 0.28358200 0.23913100
v 0.27984800 0.26989300 0.25585400
v 0.29389200 0.24774400 0.22879600
v 0.27853200 0.24774400 0.26309100
v 0.27910800 0.25737500 0.26196100
v 0.27052500 0.24774400 0.25758800
v 0.27108200 0.23844000 0.25649700
v 0.27108200 0.25704700 0.25649700
v 0.26471600 0.23940200 0.24922300
v 0.27910800 0.23811200 0.26196100
v 0.26421600 0.24774400 0.25020100
v 0.28079500 0.26635100 0.25864900
v 0.26617700 0.23162900 0.24635400
v 0.27271200 0.22977000 0.25329700
v 0.26471600 0.25608500 0.24922300
v 0.27271200 0.26571700 0.25329700
v 0.26163400 0.23458600 0.23829100
v 0.26044100 0.24093300 0.24063400
v 0.28079500 0.22913600 0.25864900
v 0.26003300 0.24774400 0.24143300
v 0.28348000 0.27405800 0.25337900
v 0.26353400 0.22913600 0.23456500
v 0.26850100 0.22495400 0.24179000
v 0.27530500 0.22232600 0.24820700
v 0.26044100 0.25455400 0.24063400
v 0.26617700 0.26385800 0.24635400
v 0.27530500 0.27316100 0.24820700
v 0.26073700 0.23458600 0.22702400
v 0.25939500 0.23844000 0.22965900
v 0.25855200 0.24292800 0.23131500
v 0.28348000 0.22142900 0.25337900
v 0.25826300 0.24774400 0.23188000
v 0.28697900 0.27997200 0.24651200
v 0.26258400 0.23139800 0.22460900
v 0.26600800 0.22495400 0.22970900
v 0.27153100 0.21983300 0.23584300
v 0.27868500 0.21661300 0.24157400
v 0.25855200 0.25256000 0.23131500
v 0.26163400 0.26090100 0.23829100
v 0.26850100 0.27053300 0.24179000
v 0.27868500 0.27887400 0.24157400
v 0.26327500 0.23013400 0.22496200
v 0.26209500 0.23229200 0.22436000
v 0.26053400 0.23757600 0.22356500
v 0.25956100 0.24187400 0.22306900
v 0.25911200 0.24501900 0.22284000
v 0.28697900 0.21551500 0.24651200
v 0.25898100 0.24774400 0.22277300
v 0.29105500 0.28369000 0.23851500
v 0.26090800 0.23631300 0.22375500
v 0.25997800 0.24003400 0.22328100
v 0.26547600 0.22668100 0.22608300
v 0.26984200 0.22142600 0.22830700
v 0.25941000 0.24292800 0.22299200
v 0.27574800 0.21661300 0.23131700
v 0.25908900 0.24548200 0.22282900
v 0.28302500 0.21325300 0.23502500
v 0.25899500 0.24805300 0.22278100
v 0.25939500 0.25704700 0.22965900
v 0.26353400 0.26635100 0.23456500
v 0.27153100 0.27565400 0.23584300
v 0.28262200 0.28246500 0.23384900
v 0.26736500 0.22371600 0.22704500
v 0.27423100 0.21736900 0.23054400
v 0.28222900 0.21338000 0.23461900
v 0.29081000 0.21201900 0.23899200
v 0.25911200 0.25046800 0.22284000
v 0.29542700 0.28495800 0.22993300
v 0.25920200 0.25110000 0.22288600
v 0.26073700 0.26090100 0.22702400
v 0.26600800 0.27053300 0.22970900
v 0.27506100 0.27887400 0.22891700
v 0.28684400 0.28369000 0.22556000
v 0.25956100 0.25361300 0.22306900
v 0.29980000 0.28369000 0.22135100
v 0.26003800 0.25572200 0.22331200
v 0.26248700 0.26385800 0.22359100
v 0.26888800 0.27316100 0.22405400
v 0.27884800 0.27997200 0.22148500
v 0.29106900 0.28246500 0.21727000
v 0.26053400 0.25791100 0.22356500
v 0.26095100 0.25932200 0.22377700
v 0.30387400 0.27997200 0.21335400
v 0.26452500 0.26571700 0.21959200
v 0.27198000 0.27405800 0.21798600
v 0.28263400 0.27887400 0.21405300
v 0.29500400 0.27887400 0.20954600
v 0.30737300 0.27405800 0.20648600
v 0.26671200 0.26635100 0.21530100
v 0.27507300 0.27316100 0.21191800
v 0.28616300 0.27565400 0.20712700
v 0.29838400 0.27316100 0.20291200
v 0.31005900 0.26635100 0.20121700
v 0.26889700 0.26571700 0.21101000
v 0.27795300 0.27053300 0.20626300
v 0.28919300 0.27053300 0.20118000
v 0.30097800 0.26571700 0.19782200
v 0.31174700 0.25737500 0.19790400
v 0.27093400 0.26385800 0.20701200
v 0.28042900 0.26635100 0.20140700
v 0.29151900 0.26385800 0.19661600
v 0.30260800 0.25704700 0.19462300
v 0.25917500 0.25023600 0.22190300
v 0.25902500 0.24774400 0.22219500
v 0.31232200 0.24774400 0.19677400
v 0.25917500 0.24525100 0.22190300
v 0.27268400 0.26090100 0.20357800
v 0.28232700 0.26090100 0.19768100
v 0.29298100 0.25608500 0.19374800
v 0.30316400 0.24774400 0.19353100
v 0.27018300 0.25932200 0.20565900
v 0.31174700 0.23811200 0.19790400
v 0.27013900 0.25917400 0.20563700
v 0.27402700 0.25704700 0.20094300
v 0.28352000 0.25455400 0.19533900
v 0.29347800 0.24774400 0.19276900
v 0.30260800 0.23844000 0.19462300
v 0.26976600 0.25791100 0.20544700
v 0.26864200 0.25255900 0.20487400
v 0.26834400 0.25046800 0.20472300
v 0.26762200 0.25023600 0.20532400
v 0.26832100 0.25000500 0.20471100
v 0.26777100 0.24774400 0.20503100
v 0.31005900 0.22913600 0.20121700
v 0.26821100 0.24774400 0.20465500
v 0.26822700 0.24743400 0.20466300
v 0.26762200 0.24525100 0.20532400
v 0.26920900 0.25545300 0.20516300
v 0.27487100 0.25256000 0.19928700
v 0.28392800 0.24774400 0.19454000
v 0.29298100 0.23940200 0.19374800
v 0.30097800 0.22977000 0.19782200
v 0.26834400 0.24501900 0.20472300
v 0.26879200 0.25361300 0.20495100
v 0.30737300 0.22142900 0.20648600
v 0.26248700 0.23162900 0.22359100
v 0.26843400 0.24438700 0.20476800
v 0.27515800 0.24774400 0.19872200
v 0.28352000 0.24093300 0.19533900
v 0.29151900 0.23162900 0.19661600
v 0.29838400 0.22232600 0.20291200
v 0.30387400 0.21551500 0.21335400
v 0.27487100 0.24292800 0.19928700
v 0.28232700 0.23458600 0.19768100
v 0.28919300 0.22495400 0.20118000
v 0.29500400 0.21661300 0.20954600
v 0.27132700 0.23229200 0.20624200
v 0.26976600 0.23757600 0.20544700
v 0.27093400 0.23162900 0.20701200
v 0.30004200 0.21201900 0.22087400
v 0.27250700 0.23013400 0.20684400
v 0.27402700 0.23844000 0.20094300
v 0.28042900 0.22913600 0.20140700
v 0.28616300 0.21983300 0.20712700
v 0.29949300 0.21210600 0.22059300
v 0.29146100 0.21338000 0.21650100
v 0.27268400 0.23458600 0.20357800
v 0.27795300 0.22495400 0.20626300
v 0.29044700 0.21388500 0.21598400
v 0.28262200 0.21302200 0.23384900
v 0.26879200 0.24187400 0.20495100
v 0.28346300 0.21736900 0.21242600
v 0.29105500 0.21179700 0.23851500
v 0.26927000 0.23976600 0.20519400
v 0.28085900 0.21977500 0.21110000
v 0.29106900 0.21302200 0.21727000
v 0.27659600 0.22371600 0.20892700
v 0.29980000 0.21179700 0.22135100
v 0.46582900 0.19180600 0.29503600
v 0.31870400 0.27740700 0.22007200
v 0.30989900 0.25884400 0.21558500
v 0.45702300 0.17324300 0.29054900
v 0.29232500 0.25884400 0.25007400
v 0.43945000 0.17324300 0.32503800
v 0.30113100 0.27740700 0.25456100
v 0.44825600 0.19180600 0.32952500
v 0.45634100 0.14846600 0.30372900
v 0.31335000 0.23888800 0.23087200
v 0.30696500 0.22616900 0.22761800
v 0.44995500 0.13574700 0.30047500
v 0.30033600 0.22616900 0.24062700
v 0.44332600 0.13574700 0.31348400
v 0.30672200 0.23888800 0.24388100
v 0.44971300 0.14846600 0.31673800
v 0.07521070 0.07931050 0.34446500
v 0.09973870 0.08533570 0.34420900
v 0.09859640 0.06976660 0.34422100
v 0.08852010 0.05784280 0.34432600
v 0.07335970 0.05411910 0.34448500
v 0.05890650 0.06001770 0.34463600
v 0.05068110 0.07328540 0.34472200
v 0.05182490 0.08885470 0.34471000
v 0.06189980 0.10077800 0.34460500
v 0.07706010 0.10450200 0.34444600
v 0.09151330 0.09860360 0.34429500
v 0.09995100 0.08533570 0.36441500
v 0.09880710 0.06976660 0.36442700
v 0.08873230 0.05784280 0.36453200
v 0.07357200 0.05411910 0.36469100
v 0.05911880 0.06001770 0.36484300
v 0.05089340 0.07328540 0.36492900
v 0.05203570 0.08885470 0.36491700
v 0.06211200 0.10077800 0.36481100
v 0.07727240 0.10450200 0.36465200
v 0.09172410 0.09860360 0.36450100
v 0.07542140 0.07931050 0.36467200
v 0.06572840 0.05692770 0.35466400
v 0.05225410 0.05718780 0.35485700
v 0.04399810 0.08015690 0.36200600
v 0.04906380 0.08276790 0.36301100
v 0.04230300 0.08462820 0.35390400
v 0.05405620 0.09169170 0.35361100
v 0.04420130 0.07921200 0.34701600
v 0.05012520 0.08192610 0.34531800
v 0.04750000 0.05742950 0.35495900
v 0.04016190 0.07784660 0.36131300
v 0.03865450 0.08182110 0.35411100
v 0.04034210 0.07700680 0.34798900
v 0.04626290 0.05924220 0.35503100
v 0.03486560 0.07440910 0.36062800
v 0.03259930 0.07737290 0.35433400
v 0.03525960 0.07380260 0.34896800
v 0.04164780 0.05807650 0.35511700
v 0.03187690 0.07107640 0.35991500
v 0.02993430 0.07361690 0.35451900
v 0.03221590 0.07055670 0.34992000
v 0.03703110 0.05691080 0.35520300
v 0.02888970 0.06774400 0.35920100
v 0.02727090 0.06986080 0.35470500
v 0.02917230 0.06731090 0.35087200
v 0.03765120 0.05841310 0.35524800
v 0.02707090 0.06078830 0.35843500
v 0.02500000 0.06128350 0.35483600
v 0.02748930 0.06074140 0.35177300
v 0.03488090 0.05454090 0.35528200
v 0.02694410 0.05632250 0.35767300
v 0.02539250 0.05669370 0.35497300
v 0.02725870 0.05628720 0.35267600
v 0.03329870 0.05210560 0.35531600
v 0.02795820 0.05113620 0.35688800
v 0.02691360 0.05097290 0.35508500
v 0.02817040 0.05121540 0.35355800
v 0.03224800 0.04746120 0.35532000
v 0.02957850 0.04697640 0.35610600
v 0.02905620 0.04689470 0.35520400
v 0.02968390 0.04701620 0.35444100
v 0.03119880 0.04281670 0.35540100
v 0.03224800 0.04746120 0.35539700
v 0.03224800 0.04746120 0.35524400
v 0.03119880 0.04281670 0.35524800
v 0.03119880 0.04281670 0.35532400
v 0.03116520 0.04281670 0.35525600
v 0.02954490 0.04697640 0.35603700
v 0.02961210 0.04697640 0.35617500
v 0.03123240 0.04281670 0.35539300
v 0.03120340 0.04281670 0.35524800
v 0.02906080 0.04689470 0.35512800
v 0.02905160 0.04689470 0.35528100
v 0.03119420 0.04281670 0.35540100
v 0.03123700 0.04281670 0.35525800
v 0.02972200 0.04701620 0.35437500
v 0.02964570 0.04701620 0.35450700
v 0.03116060 0.04281670 0.35539000
v 0.51054100 0.15941200 0.47835600
v 0.51093100 0.16197300 0.47018300
v 0.48890600 0.15880800 0.48057200
v 0.48889900 0.15921400 0.48086200
v 0.50703200 0.16413000 0.46330000
v 0.48897000 0.16087600 0.48152000
v 0.50001400 0.16480400 0.46114900
v 0.48909700 0.16220300 0.48198000
v 0.48909700 0.16520800 0.45985900
v 0.48929600 0.16300000 0.48225500
v 0.47818000 0.16453400 0.46200900
v 0.48949400 0.16199900 0.48189900
v 0.47194200 0.16372500 0.46459000
v 0.48960800 0.16072500 0.48144700
v 0.46765300 0.16197300 0.47018300
v 0.48968600 0.15921400 0.48086200
v 0.46804300 0.15927700 0.47878700
v 0.48967800 0.15880100 0.48056100
v 0.47350100 0.15631100 0.48825100
v 0.48957900 0.16009300 0.48077800
v 0.47818000 0.15388400 0.49599300
v 0.48949400 0.16166000 0.48111400
v 0.48597800 0.15226600 0.50115700
v 0.48935200 0.16318400 0.48148800
v 0.49260600 0.15226600 0.50115700
v 0.48923200 0.16318400 0.48148800
v 0.50040400 0.15388400 0.49599300
v 0.48909000 0.16166000 0.48111400
v 0.50508300 0.15658000 0.48739100
v 0.48900500 0.16002300 0.48077200
v 0.53604100 0.14639600 0.48011800
v 0.53689800 0.15311900 0.46410900
v 0.52832100 0.15876000 0.45062200
v 0.51288100 0.16051000 0.44640300
v 0.48886300 0.16156000 0.44387200
v 0.46484600 0.15980500 0.44808900
v 0.45112100 0.15770000 0.45315000
v 0.44168600 0.15311900 0.46410900
v 0.44254400 0.14604200 0.48096100
v 0.45455200 0.13823000 0.49948900
v 0.46484600 0.13183100 0.51464600
v 0.48200100 0.12755700 0.52474900
v 0.49658300 0.12755700 0.52474900
v 0.51373900 0.13183100 0.51464600
v 0.52403200 0.13894000 0.49780500
v 0.54531300 0.13165400 0.48083800
v 0.54634100 0.13930900 0.46112200
v 0.53606200 0.14436700 0.44408500
v 0.51756000 0.14509800 0.43849400
v 0.48877800 0.14553700 0.43514000
v 0.45999700 0.14446200 0.44062200
v 0.44355000 0.14325000 0.44722600
v 0.43224300 0.13930900 0.46112200
v 0.43327100 0.13123500 0.48187000
v 0.44766200 0.12051900 0.50411800
v 0.45999700 0.11121500 0.52215300
v 0.48055500 0.10450800 0.53401700
v 0.49802900 0.10450800 0.53401700
v 0.51858700 0.11121500 0.52215300
v 0.53092200 0.12144300 0.50207900
v 0.54145000 0.11816400 0.47775600
v 0.54240700 0.12345600 0.45859700
v 0.53283600 0.12708200 0.44220500
v 0.51561000 0.12770700 0.43692200
v 0.48881400 0.12808200 0.43375300
v 0.46201700 0.12725200 0.43897000
v 0.44670500 0.12630100 0.44524700
v 0.43617800 0.12345600 0.45859700
v 0.43713500 0.11787600 0.47876100
v 0.45053300 0.11064000 0.50059600
v 0.46201700 0.10439800 0.51836200
v 0.48115800 0.09993570 0.53011100
v 0.49742700 0.09993570 0.53011100
v 0.51656700 0.10439800 0.51836200
v 0.52805100 0.11126800 0.49860200
v 0.52367700 0.11305600 0.46340000
v 0.52430800 0.11581100 0.45365500
v 0.51799900 0.11733900 0.44520100
v 0.50664300 0.11733200 0.44240600
v 0.48897700 0.11732800 0.44073100
v 0.47131100 0.11713900 0.44346300
v 0.46121600 0.11695700 0.44675600
v 0.45427600 0.11581100 0.45365500
v 0.45490700 0.11290200 0.46390900
v 0.46374000 0.10865400 0.47486200
v 0.47131100 0.10487200 0.48372700
v 0.48392900 0.10206400 0.48954700
v 0.49465500 0.10206400 0.48954700
v 0.50727300 0.10487200 0.48372700
v 0.51484500 0.10901100 0.47385700
v 0.48967900 0.10887400 0.46458100
v 0.48968600 0.10910900 0.46351200
v 0.48961500 0.10904300 0.46252800
v 0.48948700 0.10886100 0.46217100
v 0.48928900 0.10875200 0.46195700
v 0.48909000 0.10886900 0.46229300
v 0.48897700 0.10902400 0.46270200
v 0.48889900 0.10910900 0.46351200
v 0.48890600 0.10885800 0.46463600
v 0.48900500 0.10823300 0.46576300
v 0.48909000 0.10762000 0.46665200
v 0.48923200 0.10711500 0.46721500
v 0.48935200 0.10711500 0.46721500
v 0.48949400 0.10762000 0.46665200
v 0.48957900 0.10828100 0.46565800
v 0.47764400 0.10921800 0.52217100
v 0.46997900 0.10795600 0.52525300
v 0.43887900 0.13071700 0.50273600
v 0.44308800 0.13450800 0.49715100
v 0.43295500 0.11980800 0.49184900
v 0.43650500 0.12238600 0.48505600
v 0.44036000 0.10603500 0.49359600
v 0.44473300 0.10708300 0.48699500
v 0.46231500 0.10669400 0.52833600
v 0.43466900 0.12692700 0.50832100
v 0.42940400 0.11722900 0.49864300
v 0.43598600 0.10498700 0.50019600
v 0.45895500 0.10750400 0.52663200
v 0.42904700 0.12198000 0.51657500
v 0.42335000 0.11288000 0.50952900
v 0.43047100 0.10293600 0.50911200
v 0.45260700 0.10540700 0.53164700
v 0.42697100 0.11781400 0.52302600
v 0.42208800 0.11001500 0.51698600
v 0.42819200 0.10149100 0.51662900
v 0.44625800 0.10330900 0.53666100
v 0.42489500 0.11364900 0.52947700
v 0.42082600 0.10714900 0.52444500
v 0.42591300 0.10004600 0.52414500
v 0.44606000 0.10450000 0.53407500
v 0.42748500 0.10758400 0.54031800
v 0.42394700 0.10139500 0.53857600
v 0.42837000 0.09694870 0.53548300
v 0.44472400 0.10128500 0.54167300
v 0.43079300 0.10359700 0.54635500
v 0.42814000 0.09895640 0.54504800
v 0.43145700 0.09562130 0.54272800
v 0.44413800 0.09933530 0.54634500
v 0.43645500 0.09951440 0.55261500
v 0.43499100 0.09616100 0.55234300
v 0.43682100 0.09426200 0.55004700
v 0.44611100 0.09617120 0.55382300
v 0.44227000 0.09626070 0.55695800
v 0.44153800 0.09458400 0.55682300
v 0.44245300 0.09363470 0.55567400
v 0.44815900 0.09300720 0.56128200
v 0.44618500 0.09617120 0.55380300
v 0.44603800 0.09617120 0.55384300
v 0.44801200 0.09300720 0.56132200
v 0.44808500 0.09300720 0.56130200
v 0.44813100 0.09300720 0.56124100
v 0.44231600 0.09626070 0.55689700
v 0.44222400 0.09626070 0.55702000
v 0.44804000 0.09300720 0.56136300
v 0.44812800 0.09300720 0.56123900
v 0.44158100 0.09458400 0.55676000
v 0.44149500 0.09458400 0.55688500
v 0.44804200 0.09300720 0.56136400
v 0.44813900 0.09300720 0.56124800
v 0.44250700 0.09363470 0.55562100
v 0.44239900 0.09363470 0.55572800
v 0.44803100 0.09300720 0.56135500
v 0.50170500 0.10999100 0.52679400
v 0.50982000 0.10802800 0.52846400
v 0.53506200 0.10603200 0.49068300
v 0.52975100 0.10777300 0.48481400
v 0.54221900 0.12122500 0.48968800
v 0.53770300 0.12465500 0.48370700
v 0.53749600 0.13023400 0.50208100
v 0.53245600 0.13466400 0.49747600
v 0.51793600 0.10606500 0.53013700
v 0.54037300 0.10429100 0.49655400
v 0.54673500 0.11779600 0.49566800
v 0.54253700 0.12580300 0.50668400
v 0.52102100 0.10647900 0.52774400
v 0.54750400 0.10130000 0.50487300
v 0.55437500 0.11242600 0.50533800
v 0.54907000 0.12029600 0.51342600
v 0.52811500 0.10379500 0.53161500
v 0.55081400 0.09935570 0.51201100
v 0.55670400 0.10889200 0.51240900
v 0.55215700 0.11563800 0.51934300
v 0.53520900 0.10111100 0.53548500
v 0.55412500 0.09741130 0.51914900
v 0.55903300 0.10535800 0.51948100
v 0.55524400 0.11098000 0.52525700
v 0.53500000 0.10214700 0.53277600
v 0.55344200 0.09395790 0.53158900
v 0.55799800 0.09931940 0.53412000
v 0.55417900 0.10506200 0.53591100
v 0.53747800 0.09875140 0.54018200
v 0.55130900 0.09260980 0.53929200
v 0.55472600 0.09663090 0.54118900
v 0.55186200 0.10093800 0.54253300
v 0.53876200 0.09666180 0.54475900
v 0.54685900 0.09134980 0.54765000
v 0.54892300 0.09379860 0.54957900
v 0.54728100 0.09695960 0.54964600
v 0.53791500 0.09357490 0.55265000
v 0.54196300 0.09091900 0.55409500
v 0.54299500 0.09214330 0.55506000
v 0.54217400 0.09372380 0.55509200
v 0.53714300 0.09048810 0.56054700
v 0.53799100 0.09357490 0.55265800
v 0.53783900 0.09357490 0.55264300
v 0.53699100 0.09048810 0.56053200
v 0.53706700 0.09048810 0.56054000
v 0.53712800 0.09048810 0.56058600
v 0.54202400 0.09091900 0.55414100
v 0.54190200 0.09091900 0.55404900
v 0.53700600 0.09048810 0.56049400
v 0.53711900 0.09048810 0.56059600
v 0.54304700 0.09214330 0.55511700
v 0.54294300 0.09214330 0.55500400
v 0.53701500 0.09048810 0.56048300
v 0.53712300 0.09048810 0.56059200
v 0.54223000 0.09372380 0.55514400
v 0.54211800 0.09372380 0.55504000
v 0.53701100 0.09048810 0.56048800
v 0.52393700 0.27263700 0.23464900
v 0.52331400 0.27325700 0.23148600
v 0.49453600 0.27640000 0.22706000
v 0.49455500 0.27637500 0.22717600
v 0.52147000 0.27395600 0.22848500
v 0.49461100 0.27635000 0.22728800
v 0.51737400 0.27542200 0.22285800
v 0.49473500 0.27630300 0.22749800
v 0.51337900 0.27684000 0.21798700
v 0.49485600 0.27626200 0.22768100
v 0.50881300 0.27827800 0.21349100
v 0.49499400 0.27622400 0.22785100
v 0.50310600 0.28005100 0.20832900
v 0.49516700 0.27618000 0.22804700
v 0.49854000 0.28142200 0.20455900
v 0.49530600 0.27614800 0.22819100
v 0.49511600 0.28143000 0.20456100
v 0.49541000 0.27614800 0.22819100
v 0.48826700 0.27994100 0.20867500
v 0.49561700 0.27618300 0.22803400
v 0.48141800 0.27805400 0.21418200
v 0.49582500 0.27623000 0.22782500
v 0.47628100 0.27642300 0.21937600
v 0.49598000 0.27627300 0.22762800
v 0.47228600 0.27512200 0.22390300
v 0.49610100 0.27631100 0.22745900
v 0.46933200 0.27395600 0.22848500
v 0.49619100 0.27635000 0.22728800
v 0.46748800 0.27325700 0.23148600
v 0.49624700 0.27637500 0.22717600
v 0.46686400 0.27263700 0.23464900
v 0.49626600 0.27640000 0.22706000
v 0.46748800 0.27213000 0.23783800
v 0.49624700 0.27642700 0.22694300
v 0.46933200 0.27175100 0.24091100
v 0.49619100 0.27645100 0.22683200
v 0.47231400 0.27149600 0.24372900
v 0.49610000 0.27647400 0.22673100
v 0.47630600 0.27134600 0.24616300
v 0.49597900 0.27649400 0.22664400
v 0.48113300 0.27127100 0.24809800
v 0.49583300 0.27650900 0.22657500
v 0.48658300 0.27124300 0.24944200
v 0.49566800 0.27652000 0.22652700
v 0.49241800 0.27123600 0.25013100
v 0.49549100 0.27652500 0.22650300
v 0.49838400 0.27123600 0.25013100
v 0.49531100 0.27652500 0.22650300
v 0.50421900 0.27124300 0.24944200
v 0.49513400 0.27652000 0.22652700
v 0.50966900 0.27127100 0.24809800
v 0.49496900 0.27650900 0.22657500
v 0.51449500 0.27134600 0.24616300
v 0.49482200 0.27649400 0.22664400
v 0.51848700 0.27149600 0.24372900
v 0.49470100 0.27647400 0.22673100
v 0.52147000 0.27175100 0.24091100
v 0.49461100 0.27645100 0.22683200
v 0.52331400 0.27213000 0.23783800
v 0.49455500 0.27642700 0.22694300
v 0.54123200 0.26728800 0.24007800
v 0.54023100 0.26856400 0.23437100
v 0.53727000 0.26978400 0.22891300
v 0.53069100 0.27208400 0.21862100
v 0.52427500 0.27408900 0.20965400
v 0.51694100 0.27595000 0.20132800
v 0.50777500 0.27809700 0.19172000
v 0.50044200 0.27967200 0.18467400
v 0.49494300 0.27967200 0.18467400
v 0.48394300 0.27795400 0.19236000
v 0.47294400 0.27566300 0.20260900
v 0.46469400 0.27351600 0.21221600
v 0.45827800 0.27165500 0.22054300
v 0.45353200 0.26978400 0.22891300
v 0.45057100 0.26856400 0.23437100
v 0.44957000 0.26728800 0.24007800
v 0.45057100 0.26601200 0.24578500
v 0.45353200 0.26479200 0.25124300
v 0.45832300 0.26368200 0.25621300
v 0.46473400 0.26272800 0.26047800
v 0.47248500 0.26197400 0.26385100
v 0.48123800 0.26145200 0.26618500
v 0.49061000 0.26118600 0.26737800
v 0.50019200 0.26118600 0.26737800
v 0.50956400 0.26145200 0.26618500
v 0.51831700 0.26197400 0.26385100
v 0.52606800 0.26272800 0.26047800
v 0.53247900 0.26368200 0.25621300
v 0.53727000 0.26479200 0.25124300
v 0.54023100 0.26601200 0.24578500
v 0.55333800 0.25812900 0.24405300
v 0.55207200 0.25984300 0.23599800
v 0.54832900 0.26158800 0.22831800
v 0.54001300 0.26502600 0.21387000
v 0.53190200 0.26816200 0.20131300
v 0.52263200 0.27119500 0.18968000
v 0.51104400 0.27480900 0.17628300
v 0.50177400 0.27753000 0.16647400
v 0.49482100 0.27753800 0.16647600
v 0.48091600 0.27457600 0.17717800
v 0.46701200 0.27072600 0.19146900
v 0.45658300 0.26725400 0.20489800
v 0.44847100 0.26435800 0.21656200
v 0.44247200 0.26158800 0.22831800
v 0.43872900 0.25984300 0.23599800
v 0.43746300 0.25812900 0.24405300
v 0.43872900 0.25652900 0.25213400
v 0.44247200 0.25510400 0.25988500
v 0.44852800 0.25389700 0.26696300
v 0.45663300 0.25293000 0.27305200
v 0.46643200 0.25220900 0.27787800
v 0.47749700 0.25173400 0.28122300
v 0.48934500 0.25149900 0.28293400
v 0.50145700 0.25149900 0.28293400
v 0.51330500 0.25173400 0.28122300
v 0.52437000 0.25220900 0.27787800
v 0.53416900 0.25293000 0.27305200
v 0.54227300 0.25389700 0.26696300
v 0.54832900 0.25510500 0.25988500
v 0.55207200 0.25652900 0.25213400
v 0.56544500 0.24976900 0.23520900
v 0.56391400 0.25158700 0.22351500
v 0.55938900 0.25330600 0.21232700
v 0.54933500 0.25652000 0.19122300
v 0.53952800 0.25929400 0.17283000
v 0.52832200 0.26184700 0.15574600
v 0.51431300 0.26477100 0.13602900
v 0.50310600 0.26690200 0.12156700
v 0.49470000 0.26690100 0.12156600
v 0.47789000 0.26457500 0.13734300
v 0.46107900 0.26145500 0.15837500
v 0.44847100 0.25850300 0.17808600
v 0.43866500 0.25592500 0.19516500
v 0.43141300 0.25330600 0.21232700
v 0.42688800 0.25158700 0.22351500
v 0.42535700 0.24976900 0.23520900
v 0.42688800 0.24792900 0.24689900
v 0.43141300 0.24615000 0.25807400
v 0.43873400 0.24451300 0.26824500
v 0.44853200 0.24309500 0.27697100
v 0.46037900 0.24196600 0.28387000
v 0.47375600 0.24118000 0.28864400
v 0.48807900 0.24077700 0.29108300
v 0.50272300 0.24077700 0.29108300
v 0.51704600 0.24118000 0.28864400
v 0.53042300 0.24196600 0.28387000
v 0.54226900 0.24309500 0.27697100
v 0.55206800 0.24451300 0.26824500
v 0.55938900 0.24615000 0.25807400
v 0.56391400 0.24792900 0.24689900
v 0.57439900 0.23898900 0.22730500
v 0.57267200 0.24103500 0.21257600
v 0.56756900 0.24261000 0.19840600
v 0.55622900 0.24504400 0.17156500
v 0.54517000 0.24665800 0.14806600
v 0.53253000 0.24772000 0.12614700
v 0.51673000 0.24853400 0.10076500
v 0.50409100 0.24887600 0.08209400
v 0.49461100 0.24884800 0.08208770
v 0.47565100 0.24845000 0.10245000
v 0.45669200 0.24756600 0.12952100
v 0.44247200 0.24623900 0.15478900
v 0.43141300 0.24468300 0.17659700
v 0.42323300 0.24261000 0.19840600
v 0.41812900 0.24103500 0.21257600
v 0.41640300 0.23898900 0.22730500
v 0.41812900 0.23653400 0.24194200
v 0.42323300 0.23380500 0.25585500
v 0.43149000 0.23099400 0.26845000
v 0.44254100 0.22833500 0.27920400
v 0.45590200 0.22607100 0.28767300
v 0.47098900 0.22442000 0.29351500
v 0.48714300 0.22355000 0.29649500
v 0.50365800 0.22355000 0.29649500
v 0.51981300 0.22442000 0.29351500
v 0.53490000 0.22607100 0.28767300
v 0.54826100 0.22833500 0.27920400
v 0.55931200 0.23099400 0.26845000
v 0.56756900 0.23380500 0.25585500
v 0.57267200 0.23653400 0.24194200
v 0.57998500 0.22251400 0.22219200
v 0.57813700 0.22493500 0.20605200
v 0.57267200 0.22688700 0.19053500
v 0.56053100 0.23005700 0.16116200
v 0.54868900 0.23233700 0.13546100
v 0.53515500 0.23403700 0.11150300
v 0.51823900 0.23560800 0.08377240
v 0.50470500 0.23651700 0.06338260
v 0.49455500 0.23649000 0.06337650
v 0.47425500 0.23547500 0.08561470
v 0.45395500 0.23378500 0.11519100
v 0.43872900 0.23172600 0.14281300
v 0.42688800 0.22955400 0.16666600
v 0.41812900 0.22688700 0.19053500
v 0.41266500 0.22493500 0.20605200
v 0.41081700 0.22251400 0.22219200
v 0.41266500 0.21970400 0.23824600
v 0.41812900 0.21665300 0.25351700
v 0.42697100 0.21356500 0.26735300
v 0.43880300 0.21067900 0.27917300
v 0.45310900 0.20824400 0.28848800
v 0.46926300 0.20647900 0.29491600
v 0.48655900 0.20555100 0.29819600
v 0.50424200 0.20555100 0.29819600
v 0.52153900 0.20647900 0.29491600
v 0.53769300 0.20824400 0.28848800
v 0.55199900 0.21067900 0.27917300
v 0.56383100 0.21356500 0.26735300
v 0.57267200 0.21665300 0.25351700
v 0.57813700 0.21970400 0.23824600
v 0.58187500 0.20593700 0.21393400
v 0.57998500 0.20842100 0.19645100
v 0.57439900 0.21035800 0.17963400
v 0.56198600 0.21340000 0.14778600
v 0.54987900 0.21547100 0.11990700
v 0.53604400 0.21689400 0.09390830
v 0.51874900 0.21806700 0.06380410
v 0.50491300 0.21863500 0.04166310
v 0.49453600 0.21860300 0.04165540
v 0.47378200 0.21795400 0.06580320
v 0.45302900 0.21668600 0.09791050
v 0.43746300 0.21492800 0.12788300
v 0.42535700 0.21293900 0.15375600
v 0.41640300 0.21035800 0.17963400
v 0.41081700 0.20842100 0.19645100
v 0.40892700 0.20593700 0.21393400
v 0.41081700 0.20298700 0.23131300
v 0.41640300 0.19972900 0.24783500
v 0.42544200 0.19639000 0.26279600
v 0.43753800 0.19324300 0.27557200
v 0.45216400 0.19056900 0.28563500
v 0.46867900 0.18862300 0.29257700
v 0.48636200 0.18759800 0.29611900
v 0.50444000 0.18759800 0.29611900
v 0.52212300 0.18862300 0.29257700
v 0.53863800 0.19056900 0.28563500
v 0.55326300 0.19324300 0.27557200
v 0.56536000 0.19639000 0.26279600
v 0.57439900 0.19972900 0.24783500
v 0.57998500 0.20298700 0.23131300
v 0.57998500 0.18953900 0.20487700
v 0.57813700 0.19194900 0.18665500
v 0.57267200 0.19374400 0.16911600
v 0.56053100 0.19641500 0.13588100
v 0.54868900 0.19806500 0.10677300
v 0.53515500 0.19901300 0.07961430
v 0.51823900 0.19956000 0.04815510
v 0.50470500 0.19962100 0.02500760
v 0.49455500 0.19958300 0.02500000
v 0.47425500 0.19948400 0.05024280
v 0.45395500 0.19888000 0.08379540
v 0.43872900 0.19764900 0.11510200
v 0.42688800 0.19604000 0.14211400
v 0.41812900 0.19374400 0.16911600
v 0.41266500 0.19194900 0.18665500
v 0.41081700 0.18953900 0.20487700
v 0.41266500 0.18658400 0.22297700
v 0.41812900 0.18324800 0.24017200
v 0.42697100 0.17977600 0.25573300
v 0.43880300 0.17646800 0.26901200
v 0.45310900 0.17363500 0.27946700
v 0.46926300 0.17156300 0.28667700
v 0.48655900 0.17046900 0.29035400
v 0.50424200 0.17046900 0.29035400
v 0.52153900 0.17156300 0.28667700
v 0.53769300 0.17363500 0.27946700
v 0.55199900 0.17646800 0.26901200
v 0.56383100 0.17977600 0.25573300
v 0.57267200 0.18324800 0.24017200
v 0.57813700 0.18658400 0.22297700
v 0.57439900 0.17307900 0.19970300
v 0.57267200 0.17590000 0.18245700
v 0.56756900 0.17828100 0.16589400
v 0.55622900 0.18232700 0.13456100
v 0.54517000 0.18543100 0.10716800
v 0.53253000 0.18795100 0.08165030
v 0.51673000 0.19051900 0.05213040
v 0.50409100 0.19219000 0.03043520
v 0.49461100 0.19216600 0.03043070
v 0.47565100 0.19032300 0.05409280
v 0.45669200 0.18757200 0.08557790
v 0.44247200 0.18457900 0.11500200
v 0.43141300 0.18164900 0.14042800
v 0.42323300 0.17828100 0.16589400
v 0.41812900 0.17590000 0.18245700
v 0.41640300 0.17307900 0.19970300
v 0.41812900 0.16991800 0.21687300
v 0.42323300 0.16657900 0.23322200
v 0.43149000 0.16326900 0.24804900
v 0.44254100 0.16022400 0.26072600
v 0.45590200 0.15768100 0.27072300
v 0.47098900 0.15585200 0.27762500
v 0.48714300 0.15489600 0.28114900
v 0.50365800 0.15489600 0.28114900
v 0.51981300 0.15585200 0.27762500
v 0.53490000 0.15768100 0.27072300
v 0.54826100 0.16022400 0.26072600
v 0.55931200 0.16326900 0.24804900
v 0.56756900 0.16657900 0.23322200
v 0.57267200 0.16991800 0.21687300
v 0.56536000 0.15912000 0.19037800
v 0.56383100 0.16210500 0.17380800
v 0.55931200 0.16473900 0.15791300
v 0.54926900 0.16939700 0.12786900
v 0.53947500 0.17316200 0.10162800
v 0.52828200 0.17640600 0.07720520
v 0.51429000 0.17991300 0.04897060
v 0.50309600 0.18233700 0.02823300
v 0.49470100 0.18232100 0.02823000
v 0.47791100 0.17966200 0.05084910
v 0.46112100 0.17591300 0.08096340
v 0.44852800 0.17211100 0.10913100
v 0.43873400 0.16858100 0.13349100
v 0.43149000 0.16473900 0.15791300
v 0.42697100 0.16210500 0.17380800
v 0.42544200 0.15912000 0.19037800
v 0.42697100 0.15590000 0.20689600
v 0.43149000 0.15260000 0.22264200
v 0.43880300 0.14940700 0.23693800
v 0.44858900 0.14652500 0.24917500
v 0.46042100 0.14415200 0.25883200
v 0.47378200 0.14246100 0.26550400
v 0.48808800 0.14158200 0.26891100
v 0.50271400 0.14158200 0.26891100
v 0.51701900 0.14246100 0.26550400
v 0.53038000 0.14415200 0.25883200
v 0.54221300 0.14652500 0.24917500
v 0.55199900 0.14940700 0.23693800
v 0.55931200 0.15260000 0.22264200
v 0.56383100 0.15590000 0.20689600
v 0.55333800 0.14856600 0.18849000
v 0.55207200 0.15137800 0.17457100
v 0.54832900 0.15379700 0.16120000
v 0.54001300 0.15798000 0.13590100
v 0.53190200 0.16126500 0.11377800
v 0.52263200 0.16400700 0.09316700
v 0.51104400 0.16687900 0.06931880
v 0.50177400 0.16880500 0.05179130
v 0.49482100 0.16878500 0.05178680
v 0.48091600 0.16666700 0.07090400
v 0.46701200 0.16359200 0.09633940
v 0.45658300 0.16035600 0.12010600
v 0.44847100 0.15726500 0.14063900
v 0.44247200 0.15379700 0.16120000
v 0.43872900 0.15137800 0.17457100
v 0.43746300 0.14856600 0.18849000
v 0.43872900 0.14546400 0.20234400
v 0.44247200 0.14222800 0.21553300
v 0.44852800 0.13905100 0.22749000
v 0.45663300 0.13614900 0.23771300
v 0.46643200 0.13374000 0.24577200
v 0.47749700 0.13201400 0.25133600
v 0.48934500 0.13111300 0.25417600
v 0.50145700 0.13111300 0.25417600
v 0.51330500 0.13201400 0.25133600
v 0.52437000 0.13374000 0.24577200
v 0.53416900 0.13614900 0.23771300
v 0.54227300 0.13905100 0.22749000
v 0.54832900 0.14222800 0.21553300
v 0.55207200 0.14546400 0.20234400
v 0.53777300 0.13846600 0.19667600
v 0.53684700 0.14044500 0.18770100
v 0.53411000 0.14219600 0.17908800
v 0.52802800 0.14530200 0.16280100
v 0.52209500 0.14782100 0.14856900
v 0.51531600 0.14999900 0.13531700
v 0.50684100 0.15236100 0.11999300
v 0.50006200 0.15399900 0.10873500
v 0.49497700 0.15398900 0.10873200
v 0.48480800 0.15219300 0.12101300
v 0.47463800 0.14966800 0.13735700
v 0.46701200 0.14711700 0.15263900
v 0.46107900 0.14475700 0.16585000
v 0.45669200 0.14219600 0.17908800
v 0.45395500 0.14044500 0.18770100
v 0.45302900 0.13846600 0.19667600
v 0.45395500 0.13633600 0.20561600
v 0.45669200 0.13415900 0.21413500
v 0.46112100 0.13205700 0.22186500
v 0.46704800 0.13016200 0.22847800
v 0.47421500 0.12860300 0.23369500
v 0.48230700 0.12749400 0.23729800
v 0.49097200 0.12691700 0.23913800
v 0.49983000 0.12691700 0.23913800
v 0.50849500 0.12749400 0.23729800
v 0.51658700 0.12860300 0.23369500
v 0.52375300 0.13016200 0.22847800
v 0.52968100 0.13205700 0.22186500
v 0.53411000 0.13415900 0.21413500
v 0.53684700 0.13633600 0.20561600
v 0.52047800 0.13382100 0.19895800
v 0.51993000 0.13489300 0.19455000
v 0.51831000 0.13581200 0.19031200
v 0.51471100 0.13739800 0.18228600
v 0.51120000 0.13863800 0.17526200
v 0.50718700 0.13966900 0.16871200
v 0.50217200 0.14074500 0.16113000
v 0.49815900 0.14146400 0.15555300
v 0.49515000 0.14145600 0.15555200
v 0.48913200 0.14066500 0.16163300
v 0.48311300 0.13951300 0.16972000
v 0.47859900 0.13829500 0.17727100
v 0.47508800 0.13712700 0.18379000
v 0.47249200 0.13581200 0.19031200
v 0.47087100 0.13489300 0.19455000
v 0.47032300 0.13382100 0.19895800
v 0.47087100 0.13263500 0.20334000
v 0.47249200 0.13139600 0.20750700
v 0.47511300 0.13017700 0.21128100
v 0.47862100 0.12906300 0.21450500
v 0.48286200 0.12813700 0.21704400
v 0.48765200 0.12747300 0.21879700
v 0.49278000 0.12712600 0.21969100
v 0.49802200 0.12712600 0.21969100
v 0.50315000 0.12747300 0.21879700
v 0.50794000 0.12813700 0.21704400
v 0.51218100 0.12906300 0.21450500
v 0.51568900 0.13017700 0.21128100
v 0.51831000 0.13139600 0.20750700
v 0.51993000 0.13263500 0.20334000
v 0.50145400 0.13410600 0.19767900
v 0.50132200 0.13453200 0.19655200
v 0.50093100 0.13472800 0.19542600
v 0.50006200 0.13480000 0.19323700
v 0.49921400 0.13458200 0.19126700
v 0.49824600 0.13413700 0.18938300
v 0.49703500 0.13339600 0.18715900
v 0.49606700 0.13271100 0.18549600
v 0.49534000 0.13269600 0.18549200
v 0.49388800 0.13342900 0.18730300
v 0.49243500 0.13421100 0.18967400
v 0.49134500 0.13466800 0.19183500
v 0.49049800 0.13483800 0.19365700
v 0.48987100 0.13472800 0.19542600
v 0.48948000 0.13453200 0.19655200
v 0.48934800 0.13410600 0.19767900
v 0.48948000 0.13345400 0.19875700
v 0.48987100 0.13261800 0.19973900
v 0.49050400 0.13167700 0.20059400
v 0.49135100 0.13073300 0.20129700
v 0.49237400 0.12989600 0.20183200
v 0.49353000 0.12927100 0.20219300
v 0.49476800 0.12893700 0.20237400
v 0.49603400 0.12893700 0.20237400
v 0.49727100 0.12927100 0.20219300
v 0.49842700 0.12989600 0.20183200
v 0.49945100 0.13073300 0.20129700
v 0.50029800 0.13167700 0.20059400
v 0.50093100 0.13261800 0.19973900
v 0.50132200 0.13345400 0.19875700
v 0.49151900 0.22945000 0.06138360
v 0.49144800 0.23582700 0.06008390
v 0.48179200 0.25467400 0.08765260
v 0.48079000 0.25039100 0.09201490
v 0.49288900 0.25832800 0.09302430
v 0.49312000 0.25445100 0.09798340
v 0.50227600 0.25387600 0.08652660
v 0.50355100 0.24950500 0.09076360
v 0.49137600 0.24220400 0.05878580
v 0.48279300 0.25895700 0.08329040
v 0.49265700 0.26220500 0.08806530
v 0.50100200 0.25824800 0.08228950
v 0.49129500 0.24445900 0.06076350
v 0.48380500 0.26478700 0.07693940
v 0.49244100 0.26871000 0.08011410
v 0.49973700 0.26389700 0.07631480
v 0.49124400 0.25017300 0.05764810
v 0.48482400 0.26759700 0.07151340
v 0.49222600 0.27096000 0.07423480
v 0.49847900 0.26683500 0.07097730
v 0.49119200 0.25588800 0.05453420
v 0.48584300 0.27040800 0.06608730
v 0.49201100 0.27320900 0.06835520
v 0.49722200 0.26977200 0.06564140
v 0.49112200 0.25557900 0.05673330
v 0.48691700 0.27043700 0.05626290
v 0.49186500 0.27329600 0.05622780
v 0.49601600 0.26977400 0.05636830
v 0.49111500 0.25792900 0.05066430
v 0.48796100 0.26907200 0.05031150
v 0.49167200 0.27121700 0.05028400
v 0.49478600 0.26857500 0.05039090
v 0.49109200 0.25919400 0.04690130
v 0.48902000 0.26595500 0.04379350
v 0.49149900 0.26725700 0.04322840
v 0.49356800 0.26565500 0.04398290
v 0.49110200 0.25900200 0.04039550
v 0.49006600 0.26238200 0.03884240
v 0.49130600 0.26303400 0.03855980
v 0.49234000 0.26223300 0.03893710
v 0.49103500 0.25881000 0.03388970
v 0.49102600 0.25900200 0.04039550
v 0.49117800 0.25900200 0.04039550
v 0.49118800 0.25881000 0.03388970
v 0.49111200 0.25881000 0.03388970
v 0.49103700 0.25881000 0.03387450
v 0.48999100 0.26238200 0.03882710
v 0.49014000 0.26238200 0.03885760
v 0.49118700 0.25881000 0.03390500
v 0.49103600 0.25881000 0.03389280
v 0.49122900 0.26303400 0.03856290
v 0.49138200 0.26303400 0.03855680
v 0.49118800 0.25881000 0.03388670
v 0.49103800 0.25881000 0.03390810
v 0.49226600 0.26223300 0.03895540
v 0.49241400 0.26223300 0.03891870
v 0.49118600 0.25881000 0.03387140
v 0.49174000 0.25806800 0.11544200
v 0.49164600 0.26663000 0.11578400
v 0.47893400 0.28206900 0.15694900
v 0.47761600 0.27522300 0.16118100
v 0.49354400 0.28505400 0.16496400
v 0.49384900 0.27854000 0.17008700
v 0.50590300 0.28140300 0.15525900
v 0.50758100 0.27448300 0.15930300
v 0.49155200 0.27519100 0.11612500
v 0.48025300 0.28891500 0.15271700
v 0.49323900 0.29156800 0.15984200
v 0.50422500 0.28832300 0.15121400
v 0.49144500 0.27745300 0.11936300
v 0.48158500 0.29836400 0.14642800
v 0.49295400 0.30238200 0.15171900
v 0.50255900 0.29742200 0.14534900
v 0.49137800 0.28573700 0.11717500
v 0.48292700 0.30366100 0.14037300
v 0.49267100 0.30710400 0.14490800
v 0.50090400 0.30285300 0.13944800
v 0.49131000 0.29402100 0.11498600
v 0.48426800 0.30895800 0.13431800
v 0.49238800 0.31182700 0.13809700
v 0.49924900 0.30828500 0.13354700
v 0.49121700 0.29293600 0.11770200
v 0.48568100 0.31208000 0.12176700
v 0.49219600 0.31574600 0.12261900
v 0.49766100 0.31119900 0.12169300
v 0.49120800 0.29784700 0.11068000
v 0.48705600 0.31220500 0.11372900
v 0.49194200 0.31495400 0.11436800
v 0.49604100 0.31154400 0.11367400
v 0.49117800 0.30064500 0.10626700
v 0.48845000 0.31026500 0.10441700
v 0.49171500 0.31210800 0.10410300
v 0.49443800 0.30982300 0.10456500
v 0.49119100 0.30244300 0.09788900
v 0.48982700 0.30725300 0.09696420
v 0.49146000 0.30817400 0.09680730
v 0.49282100 0.30703200 0.09703820
v 0.49112800 0.30424100 0.08951100
v 0.49111500 0.30244300 0.09788890
v 0.49126800 0.30244300 0.09788920
v 0.49128100 0.30424100 0.08951130
v 0.49120400 0.30424100 0.08951120
v 0.49112900 0.30424100 0.08949730
v 0.48975200 0.30725300 0.09695020
v 0.48990200 0.30725300 0.09697800
v 0.49127900 0.30424100 0.08952510
v 0.49112800 0.30424100 0.08951380
v 0.49138300 0.30817400 0.09680990
v 0.49153600 0.30817400 0.09680470
v 0.49128100 0.30424100 0.08950860
v 0.49113000 0.30424100 0.08952720
v 0.49274600 0.30703200 0.09705430
v 0.49289600 0.30703200 0.09702220
v 0.49127900 0.30424100 0.08949520
v 0.49202400 0.26971400 0.17275800
v 0.49190100 0.28005700 0.17708100
v 0.47527000 0.28021600 0.23460200
v 0.47354500 0.26989100 0.23666900
v 0.49438400 0.28022200 0.24579200
v 0.49478300 0.26989700 0.24910300
v 0.51055300 0.28017000 0.23222500
v 0.51274900 0.26984000 0.23402900
v 0.49177800 0.29040000 0.18140400
v 0.47699500 0.29054100 0.23253400
v 0.49398500 0.29054600 0.24248100
v 0.50835800 0.29050000 0.23042200
v 0.49163800 0.29169700 0.18640600
v 0.47873800 0.30499600 0.22913100
v 0.49361200 0.30751000 0.23745100
v 0.50617900 0.30433300 0.22737900
v 0.49155000 0.30285300 0.18750000
v 0.48049300 0.31425300 0.22412200
v 0.49324200 0.31640800 0.23125300
v 0.50401400 0.31368500 0.22262000
v 0.49146200 0.31401000 0.18859500
v 0.48224800 0.32351000 0.21911200
v 0.49287100 0.32530600 0.22505500
v 0.50184800 0.32303600 0.21786100
v 0.49134000 0.31144000 0.19142900
v 0.48409700 0.33306300 0.20514500
v 0.49262000 0.33717000 0.20786200
v 0.49977100 0.33201600 0.20465300
v 0.49132800 0.32066500 0.18505900
v 0.48589600 0.33688100 0.19534500
v 0.49228800 0.33996100 0.19738300
v 0.49765100 0.33609600 0.19497600
v 0.49128900 0.32610900 0.18092300
v 0.48771900 0.33875000 0.18304200
v 0.49199100 0.34115300 0.18349800
v 0.49555400 0.33813900 0.18302200
v 0.49130600 0.33213500 0.17147000
v 0.48952100 0.33845400 0.17252900
v 0.49165700 0.33965600 0.17275700
v 0.49343800 0.33815000 0.17251900
v 0.49124700 0.33815900 0.16201600
v 0.49123000 0.33213500 0.17147000
v 0.49138200 0.33213500 0.17147000
v 0.49139900 0.33815900 0.16201600
v 0.49132300 0.33815900 0.16201600
v 0.49124800 0.33815900 0.16200300
v 0.48944600 0.33845400 0.17251600
v 0.48959600 0.33845400 0.17254200
v 0.49139800 0.33815900 0.16202900
v 0.49124700 0.33815900 0.16201900
v 0.49158100 0.33965600 0.17275900
v 0.49173300 0.33965600 0.17275400
v 0.49139900 0.33815900 0.16201400
v 0.49124800 0.33815900 0.16203100
v 0.49336300 0.33815000 0.17253400
v 0.49351300 0.33815000 0.17250400
v 0.49139800 0.33815900 0.16200100
v 0.49039400 0.26944300 0.21841900
v 0.49028400 0.27688900 0.23011300
v 0.47046300 0.23628800 0.28878400
v 0.46837100 0.22433100 0.28360800
v 0.49424600 0.22855300 0.29996000
v 0.49479700 0.21573700 0.29602600
v 0.51406600 0.23822000 0.28599000
v 0.51681800 0.22647800 0.28050400
v 0.49017400 0.28433400 0.24180800
v 0.47255600 0.24824500 0.29396000
v 0.49369600 0.24137000 0.30389400
v 0.51131300 0.24996200 0.29147600
v 0.49006400 0.28211800 0.24780200
v 0.47464800 0.26533800 0.30069600
v 0.49314600 0.26214100 0.31077200
v 0.50856100 0.26613600 0.29817800
v 0.48995400 0.29267100 0.25679300
v 0.47674100 0.27828800 0.30213100
v 0.49259600 0.27554800 0.31076700
v 0.50580900 0.27897200 0.29997200
v 0.48984400 0.30322300 0.26578500
v 0.47883300 0.29123800 0.30356600
v 0.49204600 0.28895500 0.31076200
v 0.50305600 0.29180800 0.30176700
v 0.48973400 0.29861200 0.26684900
v 0.48092600 0.31081600 0.29611400
v 0.49149600 0.31314000 0.30168900
v 0.50030400 0.31023400 0.29472100
v 0.48962400 0.31247600 0.26689500
v 0.48301800 0.32162800 0.28884500
v 0.49094500 0.32337100 0.29302500
v 0.49755100 0.32119200 0.28779900
v 0.48951400 0.32092300 0.26654300
v 0.48511000 0.33222900 0.27765600
v 0.49039500 0.33438200 0.27977300
v 0.49479900 0.33169000 0.27712700
v 0.48940400 0.33371600 0.26120100
v 0.48720200 0.33936900 0.26675700
v 0.48984500 0.34044500 0.26781600
v 0.49204700 0.33910000 0.26649300
v 0.48921800 0.34650800 0.25586000
v 0.48932800 0.33371600 0.26120200
v 0.48948100 0.33371600 0.26119900
v 0.48937100 0.34650800 0.25585700
v 0.48929400 0.34650800 0.25585900
v 0.48921900 0.34650800 0.25584400
v 0.48712700 0.33936900 0.26674300
v 0.48727700 0.33936900 0.26677200
v 0.48936900 0.34650800 0.25587300
v 0.48921800 0.34650800 0.25586200
v 0.48976800 0.34044500 0.26781900
v 0.48992100 0.34044500 0.26781200
v 0.48937100 0.34650800 0.25585500
v 0.48922100 0.34650800 0.25587800
v 0.49197300 0.33910000 0.26651200
v 0.49212100 0.33910000 0.26647400
v 0.48936800 0.34650800 0.25583900
v 0.49540100 0.12575700 0.36603300
v 0.50708900 0.12706500 0.37806400
v 0.50901200 0.12706500 0.37359600
v 0.51000800 0.12706500 0.36861300
v 0.51000800 0.12706500 0.36345400
v 0.50901200 0.12706500 0.35847000
v 0.50708900 0.12706500 0.35400200
v 0.50437000 0.12706500 0.35035400
v 0.50103900 0.12706500 0.34777500
v 0.49732400 0.12706500 0.34643900
v 0.49347800 0.12706500 0.34643900
v 0.48976300 0.12706500 0.34777500
v 0.48643200 0.12706500 0.35035400
v 0.48371300 0.12706500 0.35400200
v 0.48179000 0.12706500 0.35847000
v 0.48079400 0.12706500 0.36345400
v 0.48079400 0.12706500 0.36861300
v 0.48179000 0.12706500 0.37359600
v 0.48371300 0.12706500 0.37806400
v 0.48643200 0.12706500 0.38171200
v 0.48976300 0.12706500 0.38429200
v 0.49347800 0.12706500 0.38562700
v 0.49732400 0.12706500 0.38562700
v 0.50103900 0.12706500 0.38429200
v 0.50437000 0.12706500 0.38171200
v 0.52004900 0.13090100 0.38512300
v 0.52289200 0.13090100 0.37591500
v 0.52386200 0.13090100 0.36603300
v 0.52289200 0.13090100 0.35615200
v 0.52004900 0.13090100 0.34694400
v 0.51552600 0.13090100 0.33903600
v 0.50963200 0.13090100 0.33296900
v 0.50276700 0.13090100 0.32915500
v 0.49540100 0.13090100 0.32785400
v 0.48803500 0.13090100 0.32915500
v 0.48117000 0.13090100 0.33296900
v 0.47527600 0.13090100 0.33903600
v 0.47075300 0.13090100 0.34694400
v 0.46790900 0.13090100 0.35615200
v 0.46693900 0.13090100 0.36603300
v 0.46790900 0.13090100 0.37591500
v 0.47075300 0.13090100 0.38512300
v 0.47527600 0.13090100 0.39303100
v 0.48117000 0.13090100 0.39909800
v 0.48803500 0.13090100 0.40291200
v 0.49540100 0.13090100 0.40421300
v 0.50276700 0.13090100 0.40291200
v 0.50963200 0.13090100 0.39909800
v 0.51552600 0.13090100 0.39303100
v 0.53258800 0.13700300 0.38669600
v 0.53530700 0.13700300 0.37308100
v 0.53530700 0.13700300 0.35898600
v 0.53258800 0.13700300 0.34537100
v 0.52733400 0.13700300 0.33316400
v 0.51990400 0.13700300 0.32319700
v 0.51080400 0.13700300 0.31614900
v 0.50065500 0.13700300 0.31250100
v 0.49014700 0.13700300 0.31250100
v 0.47999800 0.13700300 0.31614900
v 0.47089800 0.13700300 0.32319700
v 0.46346800 0.13700300 0.33316400
v 0.45821400 0.13700300 0.34537100
v 0.45549500 0.13700300 0.35898600
v 0.45549500 0.13700300 0.37308100
v 0.45821400 0.13700300 0.38669600
v 0.46346800 0.13700300 0.39890300
v 0.47089800 0.13700300 0.40886900
v 0.47999800 0.13700300 0.41591700
v 0.49014700 0.13700300 0.41956600
v 0.50065500 0.13700300 0.41956600
v 0.51080400 0.13700300 0.41591700
v 0.51990400 0.13700300 0.40886900
v 0.52733400 0.13700300 0.39890300
v 0.54301800 0.14495500 0.38314900
v 0.54469800 0.14495500 0.36603300
v 0.54301800 0.14495500 0.34891800
v 0.53809300 0.14495500 0.33296900
v 0.53025900 0.14495500 0.31927300
v 0.52004900 0.14495500 0.30876400
v 0.50816000 0.14495500 0.30215800
v 0.49540100 0.14495500 0.29990400
v 0.48264200 0.14495500 0.30215800
v 0.47075300 0.14495500 0.30876400
v 0.46054300 0.14495500 0.31927300
v 0.45270900 0.14495500 0.33296900
v 0.44778400 0.14495500 0.34891800
v 0.44610400 0.14495500 0.36603300
v 0.44778400 0.14495500 0.38314900
v 0.45270900 0.14495500 0.39909800
v 0.46054300 0.14495500 0.41279400
v 0.47075300 0.14495500 0.42330300
v 0.48264200 0.14495500 0.42990900
v 0.49540100 0.14495500 0.43216200
v 0.50816000 0.14495500 0.42990900
v 0.52004900 0.14495500 0.42330300
v 0.53025900 0.14495500 0.41279400
v 0.53809300 0.14495500 0.39909800
v 0.54991400 0.15421500 0.37566100
v 0.54991400 0.15421500 0.35640600
v 0.54619900 0.15421500 0.33780800
v 0.53902200 0.15421500 0.32113300
v 0.52887300 0.15421500 0.30751800
v 0.51644200 0.15421500 0.29789100
v 0.50257800 0.15421500 0.29290700
v 0.48822400 0.15421500 0.29290700
v 0.47436000 0.15421500 0.29789100
v 0.46192900 0.15421500 0.30751800
v 0.45178000 0.15421500 0.32113300
v 0.44460300 0.15421500 0.33780800
v 0.44088800 0.15421500 0.35640600
v 0.44088800 0.15421500 0.37566100
v 0.44460300 0.15421500 0.39425900
v 0.45178000 0.15421500 0.41093400
v 0.46192900 0.15421500 0.42454900
v 0.47436000 0.15421500 0.43417600
v 0.48822400 0.15421500 0.43915900
v 0.50257800 0.15421500 0.43915900
v 0.51644200 0.15421500 0.43417600
v 0.52887300 0.15421500 0.42454900
v 0.53902200 0.15421500 0.41093400
v 0.54619900 0.15421500 0.39425900
v 0.55232400 0.16415300 0.36603300
v 0.55038400 0.16415300 0.34627000
v 0.54469800 0.16415300 0.32785400
v 0.53565100 0.16415300 0.31203900
v 0.52386200 0.16415300 0.29990400
v 0.51013400 0.16415300 0.29227600
v 0.49540100 0.16415300 0.28967400
v 0.48066800 0.16415300 0.29227600
v 0.46693900 0.16415300 0.29990400
v 0.45515000 0.16415300 0.31203900
v 0.44610400 0.16415300 0.32785400
v 0.44041800 0.16415300 0.34627000
v 0.43847800 0.16415300 0.36603300
v 0.44041800 0.16415300 0.38579700
v 0.44610400 0.16415300 0.40421300
v 0.45515000 0.16415300 0.42002700
v 0.46693900 0.16415300 0.43216200
v 0.48066800 0.16415300 0.43979000
v 0.49540100 0.16415300 0.44239200
v 0.51013400 0.16415300 0.43979000
v 0.52386200 0.16415300 0.43216200
v 0.53565100 0.16415300 0.42002700
v 0.54469800 0.16415300 0.40421300
v 0.55038400 0.16415300 0.38579700
v 0.54991400 0.17409000 0.35640600
v 0.54619900 0.17409000 0.33780800
v 0.53902200 0.17409000 0.32113300
v 0.52887300 0.17409000 0.30751800
v 0.51644200 0.17409000 0.29789100
v 0.50257800 0.17409000 0.29290700
v 0.48822400 0.17409000 0.29290700
v 0.47436000 0.17409000 0.29789100
v 0.46192900 0.17409000 0.30751800
v 0.45178000 0.17409000 0.32113300
v 0.44460300 0.17409000 0.33780800
v 0.44088800 0.17409000 0.35640600
v 0.44088800 0.17409000 0.37566100
v 0.44460300 0.17409000 0.39425900
v 0.45178000 0.17409000 0.41093400
v 0.46192900 0.17409000 0.42454900
v 0.47436000 0.17409000 0.43417600
v 0.48822400 0.17409000 0.43915900
v 0.50257800 0.17409000 0.43915900
v 0.51644200 0.17409000 0.43417600
v 0.52887300 0.17409000 0.42454900
v 0.53902200 0.17409000 0.41093400
v 0.54619900 0.17409000 0.39425900
v 0.54991400 0.17409000 0.37566100
v 0.54301800 0.18335100 0.34891800
v 0.53809300 0.18335100 0.33296900
v 0.53025900 0.18335100 0.31927300
v 0.52004900 0.18335100 0.30876400
v 0.50816000 0.18335100 0.30215800
v 0.49540100 0.18335100 0.29990400
v 0.48264200 0.18335100 0.30215800
v 0.47075300 0.18335100 0.30876400
v 0.46054300 0.18335100 0.31927300
v 0.45270900 0.18335100 0.33296900
v 0.44778400 0.18335100 0.34891800
v 0.44610400 0.18335100 0.36603300
v 0.44778400 0.18335100 0.38314900
v 0.45270900 0.18335100 0.39909800
v 0.46054300 0.18335100 0.41279400
v 0.47075200 0.18335100 0.42330300
v 0.48264200 0.18335100 0.42990900
v 0.49540100 0.18335100 0.43216200
v 0.50816000 0.18335100 0.42990900
v 0.52004900 0.18335100 0.42330300
v 0.53025900 0.18335100 0.41279400
v 0.53809300 0.18335100 0.39909800
v 0.54301800 0.18335100 0.38314900
v 0.54469800 0.18335100 0.36603300
v 0.53258800 0.19130300 0.34537100
v 0.52733400 0.19130300 0.33316400
v 0.51990400 0.19130300 0.32319700
v 0.51080400 0.19130300 0.31614900
v 0.50065500 0.19130300 0.31250100
v 0.49014700 0.19130300 0.31250100
v 0.47999800 0.19130300 0.31614900
v 0.47089800 0.19130300 0.32319700
v 0.46346800 0.19130300 0.33316400
v 0.45821400 0.19130300 0.34537100
v 0.45549500 0.19130300 0.35898600
v 0.45549500 0.19130300 0.37308100
v 0.45821400 0.19130300 0.38669600
v 0.46346800 0.19130300 0.39890300
v 0.47089800 0.19130300 0.40886900
v 0.47999800 0.19130300 0.41591700
v 0.49014700 0.19130300 0.41956600
v 0.50065500 0.19130300 0.41956600
v 0.51080400 0.19130300 0.41591700
v 0.51990400 0.19130300 0.40886900
v 0.52733400 0.19130300 0.39890300
v 0.53258800 0.19130300 0.38669600
v 0.53530700 0.19130300 0.37308100
v 0.53530700 0.19130300 0.35898600
v 0.52004900 0.19740400 0.34694400
v 0.51552600 0.19740400 0.33903600
v 0.50963200 0.19740400 0.33296900
v 0.50276700 0.19740400 0.32915500
v 0.49540100 0.19740400 0.32785400
v 0.48803500 0.19740400 0.32915500
v 0.48117000 0.19740400 0.33296900
v 0.47527600 0.19740400 0.33903600
v 0.47075300 0.19740400 0.34694400
v 0.46790900 0.19740400 0.35615200
v 0.46693900 0.19740400 0.36603300
v 0.46790900 0.19740400 0.37591500
v 0.47075300 0.19740400 0.38512300
v 0.47527600 0.19740400 0.39303100
v 0.48117000 0.19740400 0.39909800
v 0.48803500 0.19740400 0.40291200
v 0.49540100 0.19740400 0.40421300
v 0.50276700 0.19740400 0.40291200
v 0.50963200 0.19740400 0.39909800
v 0.51552600 0.19740400 0.39303100
v 0.52004900 0.19740400 0.38512300
v 0.52289200 0.19740400 0.37591500
v 0.52386200 0.19740400 0.36603300
v 0.52289200 0.19740400 0.35615200
v 0.50708900 0.20124000 0.35400200
v 0.50437000 0.20124000 0.35035400
v 0.50103900 0.20124000 0.34777500
v 0.49732400 0.20124000 0.34643900
v 0.49347800 0.20124000 0.34643900
v 0.48976300 0.20124000 0.34777500
v 0.48643200 0.20124000 0.35035400
v 0.48371300 0.20124000 0.35400200
v 0.48179000 0.20124000 0.35847000
v 0.48079400 0.20124000 0.36345400
v 0.48079400 0.20124000 0.36861300
v 0.48179000 0.20124000 0.37359600
v 0.48371300 0.20124000 0.37806400
v 0.48643200 0.20124000 0.38171200
v 0.48976300 0.20124000 0.38429200
v 0.49347800 0.20124000 0.38562700
v 0.49732400 0.20124000 0.38562700
v 0.50103900 0.20124000 0.38429200
v 0.50437000 0.20124000 0.38171200
v 0.50708900 0.20124000 0.37806400
v 0.50901200 0.20124000 0.37359600
v 0.51000800 0.20124000 0.36861300
v 0.51000800 0.20124000 0.36345400
v 0.50901200 0.20124000 0.35847000
v 0.49540100 0.20254800 0.36603300
f 1 2 3
f 1 3 4
f 4 3 5
f 4 5 6
f 6 5 7
f 6 7 8
f 8 7 2
f 8 2 1
f 9 10 11
f 9 11 12
f 12 11 13
f 12 13 14
f 14 13 15
f 14 15 16
f 16 15 10
f 16 10 9
f 17 18 19
f 17 19 20
f 20 19 21
f 20 21 22
f 22 21 23
f 22 23 24
f 24 23 18
f 24 18 17
f 17 20 22
f 22 24 17
f 18 19 21
f 21 23 18
f 25 26 27
f 25 27 28
f 28 27 29
f 28 29 30
f 30 29 31
f 30 31 32
f 32 31 26
f 32 26 25
f 26 33 34
f 26 34 27
f 27 34 35
f 27 35 29
f 29 35 36
f 29 36 31
f 31 36 33
f 31 33 26
f 33 37 38
f 33 38 34
f 34 38 39
f 34 39 35
f 35 39 40
f 35 40 36
f 36 40 37
f 36 37 33
f 37 41 42
f 37 42 38
f 38 42 43
f 38 43 39
f 39 43 44
f 39 44 40
f 40 44 41
f 40 41 37
f 41 45 46
f 41 46 42
f 42 46 47
f 42 47 43
f 43 47 48
f 43 48 44
f 44 48 45
f 44 45 41
f 45 49 50
f 45 50 46
f 46 50 51
f 46 51 47
f 47 51 52
f 47 52 48
f 48 52 49
f 48 49 45
f 49 53 54
f 49 54 50
f 50 54 55
f 50 55 51
f 51 55 56
f 51 56 52
f 52 56 53
f 52 53 49
f 53 57 58
f 53 58 54
f 54 58 59
f 54 59 55
f 55 59 60
f 55 60 56
f 56 60 57
f 56 57 53
f 57 61 62
f 57 62 58
f 58 62 63
f 58 63 59
f 59 63 64
f 59 64 60
f 60 64 61
f 60 61 57
f 65 66 67
f 67 68 65
f 61 69 62
f 70 71 72
f 72 73 70
f 62 69 63
f 74 75 76
f 76 77 74
f 63 69 64
f 78 79 80
f 80 81 78
f 64 69 61
f 82 83 84
f 82 84 85
f 85 84 86
f 85 86 87
f 87 86 88
f 87 88 89
f 89 88 83
f 89 83 82
f 90 91 92
f 90 92 93
f 93 92 94
f 93 94 95
f 95 94 96
f 95 96 97
f 97 96 91
f 97 91 90
f 98 99 100
f 98 100 101
f 101 100 102
f 101 102 103
f 103 102 104
f 103 104 105
f 105 104 99
f 105 99 98
f 98 101 103
f 103 105 98
f 99 100 102
f 102 104 99
f 106 107 108
f 106 108 109
f 109 108 110
f 109 110 111
f 111 110 112
f 111 112 113
f 113 112 107
f 113 107 106
f 107 114 115
f 107 115 108
f 108 115 116
f 108 116 110
f 110 116 117
f 110 117 112
f 112 117 114
f 112 114 107
f 114 118 119
f 114 119 115
f 115 119 120
f 115 120 116
f 116 120 121
f 116 121 117
f 117 121 118
f 117 118 114
f 118 122 123
f 118 123 119
f 119 123 124
f 119 124 120
f 120 124 125
f 120 125 121
f 121 125 122
f 121 122 118
f 122 126 127
f 122 127 123
f 123 127 128
f 123 128 124
f 124 128 129
f 124 129 125
f 125 129 126
f 125 126 122
f 126 130 131
f 126 131 127
f 127 131 132
f 127 132 128
f 128 132 133
f 128 133 129
f 129 133 130
f 129 130 126
f 130 134 135
f 130 135 131
f 131 135 136
f 131 136 132
f 132 136 137
f 132 137 133
f 133 137 134
f 133 134 130
f 134 138 139
f 134 139 135
f 135 139 140
f 135 140 136
f 136 140 141
f 136 141 137
f 137 141 138
f 137 138 134
f 138 142 143
f 138 143 139
f 139 143 144
f 139 144 140
f 140 144 145
f 140 145 141
f 141 145 142
f 141 142 138
f 146 147 148
f 148 149 146
f 142 150 143
f 151 152 153
f 153 154 151
f 143 150 144
f 146 155 156
f 156 149 146
f 144 150 145
f 157 158 159
f 159 160 157
f 145 150 142
f 161 162 163
f 161 163 164
f 164 163 165
f 164 165 166
f 166 165 167
f 166 167 168
f 168 167 162
f 168 162 161
f 169 170 171
f 169 171 172
f 172 171 173
f 172 173 174
f 174 173 175
f 174 175 176
f 176 175 170
f 176 170 169
f 177 178 179
f 177 179 180
f 180 179 181
f 180 181 182
f 182 181 183
f 182 183 184
f 184 183 178
f 184 178 177
f 177 180 182
f 182 184 177
f 178 179 181
f 181 183 178
f 185 186 187
f 185 187 188
f 188 187 189
f 188 189 190
f 190 189 191
f 190 191 192
f 192 191 186
f 192 186 185
f 186 193 194
f 186 194 187
f 187 194 195
f 187 195 189
f 189 195 196
f 189 196 191
f 191 196 193
f 191 193 186
f 193 197 198
f 193 198 194
f 194 198 199
f 194 199 195
f 195 199 200
f 195 200 196
f 196 200 197
f 196 197 193
f 197 201 202
f 197 202 198
f 198 202 203
f 198 203 199
f 199 203 204
f 199 204 200
f 200 204 201
f 200 201 197
f 201 205 206
f 201 206 202
f 202 206 207
f 202 207 203
f 203 207 208
f 203 208 204
f 204 208 205
f 204 205 201
f 205 209 210
f 205 210 206
f 206 210 211
f 206 211 207
f 207 211 212
f 207 212 208
f 208 212 209
f 208 209 205
f 209 213 214
f 209 214 210
f 210 214 215
f 210 215 211
f 211 215 216
f 211 216 212
f 212 216 213
f 212 213 209
f 213 217 218
f 213 218 214
f 214 218 219
f 214 219 215
f 215 219 220
f 215 220 216
f 216 220 217
f 216 217 213
f 217 221 222
f 217 222 218
f 218 222 223
f 218 223 219
f 219 223 224
f 219 224 220
f 220 224 221
f 220 221 217
f 225 226 227
f 227 228 225
f 221 229 222
f 230 231 232
f 232 233 230
f 222 229 223
f 225 234 235
f 235 228 225
f 223 229 224
f 236 237 238
f 238 239 236
f 224 229 221
f 240 241 242
f 240 242 243
f 243 242 244
f 243 244 245
f 245 244 246
f 245 246 247
f 247 246 241
f 247 241 240
f 248 249 250
f 248 250 251
f 251 250 252
f 251 252 253
f 253 252 254
f 253 254 255
f 255 254 249
f 255 249 248
f 256 257 258
f 256 258 259
f 259 258 260
f 259 260 261
f 261 260 262
f 261 262 263
f 263 262 257
f 263 257 256
f 256 259 261
f 261 263 256
f 257 258 260
f 260 262 257
f 264 265 266
f 264 266 267
f 267 266 268
f 267 268 269
f 269 268 270
f 269 270 271
f 271 270 265
f 271 265 264
f 265 272 273
f 265 273 266
f 266 273 274
f 266 274 268
f 268 274 275
f 268 275 270
f 270 275 272
f 270 272 265
f 272 276 277
f 272 277 273
f 273 277 278
f 273 278 274
f 274 278 279
f 274 279 275
f 275 279 276
f 275 276 272
f 276 280 281
f 276 281 277
f 277 281 282
f 277 282 278
f 278 282 283
f 278 283 279
f 279 283 280
f 279 280 276
f 280 284 285
f 280 285 281
f 281 285 286
f 281 286 282
f 282 286 287
f 282 287 283
f 283 287 284
f 283 284 280
f 284 288 289
f 284 289 285
f 285 289 290
f 285 290 286
f 286 290 291
f 286 291 287
f 287 291 288
f 287 288 284
f 288 292 293
f 288 293 289
f 289 293 294
f 289 294 290
f 290 294 295
f 290 295 291
f 291 295 292
f 291 292 288
f 292 296 297
f 292 297 293
f 293 297 298
f 293 298 294
f 294 298 299
f 294 299 295
f 295 299 296
f 295 296 292
f 296 300 301
f 296 301 297
f 297 301 302
f 297 302 298
f 298 302 303
f 298 303 299
f 299 303 300
f 299 300 296
f 304 305 306
f 306 307 304
f 300 308 301
f 309 310 311
f 311 312 309
f 301 308 302
f 304 313 314
f 314 307 304
f 302 308 303
f 315 316 317
f 317 318 315
f 303 308 300
f 319 320 321
f 319 321 322
f 322 321 323
f 322 323 324
f 324 323 325
f 324 325 326
f 326 325 320
f 326 320 319
f 327 328 329
f 327 329 330
f 330 329 331
f 330 331 332
f 332 331 333
f 332 333 334
f 334 333 328
f 334 328 327
f 335 336 337
f 335 337 338
f 338 337 339
f 338 339 340
f 340 339 341
f 340 341 342
f 342 341 336
f 342 336 335
f 335 338 340
f 340 342 335
f 336 337 339
f 339 341 336
f 343 344 345
f 343 345 346
f 346 345 347
f 346 347 348
f 348 347 349
f 348 349 350
f 350 349 344
f 350 344 343
f 344 351 352
f 344 352 345
f 345 352 353
f 345 353 347
f 347 353 354
f 347 354 349
f 349 354 351
f 349 351 344
f 351 355 356
f 351 356 352
f 352 356 357
f 352 357 353
f 353 357 358
f 353 358 354
f 354 358 355
f 354 355 351
f 355 359 360
f 355 360 356
f 356 360 361
f 356 361 357
f 357 361 362
f 357 362 358
f 358 362 359
f 358 359 355
f 359 363 364
f 359 364 360
f 360 364 365
f 360 365 361
f 361 365 366
f 361 366 362
f 362 366 363
f 362 363 359
f 363 367 368
f 363 368 364
f 364 368 369
f 364 369 365
f 365 369 370
f 365 370 366
f 366 370 367
f 366 367 363
f 367 371 372
f 367 372 368
f 368 372 373
f 368 373 369
f 369 373 374
f 369 374 370
f 370 374 371
f 370 371 367
f 371 375 376
f 371 376 372
f 372 376 377
f 372 377 373
f 373 377 378
f 373 378 374
f 374 378 375
f 374 375 371
f 375 379 380
f 375 380 376
f 376 380 381
f 376 381 377
f 377 381 382
f 377 382 378
f 378 382 379
f 378 379 375
f 383 384 385
f 385 386 383
f 379 387 380
f 388 389 390
f 390 391 388
f 380 387 381
f 392 393 394
f 394 395 392
f 381 387 382
f 396 397 398
f 398 399 396
f 382 387 379
f 400 401 402
f 400 402 403
f 403 402 404
f 403 404 405
f 405 404 406
f 405 406 407
f 407 406 401
f 407 401 400
f 408 409 410
f 408 410 411
f 411 410 412
f 411 412 413
f 413 412 414
f 413 414 415
f 415 414 409
f 415 409 408
f 416 417 418
f 416 418 419
f 419 418 420
f 419 420 421
f 421 420 422
f 421 422 423
f 423 422 417
f 423 417 416
f 416 419 421
f 421 423 416
f 417 418 420
f 420 422 417
f 424 425 426
f 424 426 427
f 427 426 428
f 427 428 429
f 429 428 430
f 429 430 431
f 431 430 425
f 431 425 424
f 425 432 433
f 425 433 426
f 426 433 434
f 426 434 428
f 428 434 435
f 428 435 430
f 430 435 432
f 430 432 425
f 432 436 437
f 432 437 433
f 433 437 438
f 433 438 434
f 434 438 439
f 434 439 435
f 435 439 436
f 435 436 432
f 436 440 441
f 436 441 437
f 437 441 442
f 437 442 438
f 438 442 443
f 438 443 439
f 439 443 440
f 439 440 436
f 440 444 445
f 440 445 441
f 441 445 446
f 441 446 442
f 442 446 447
f 442 447 443
f 443 447 444
f 443 444 440
f 444 448 449
f 444 449 445
f 445 449 450
f 445 450 446
f 446 450 451
f 446 451 447
f 447 451 448
f 447 448 444
f 448 452 453
f 448 453 449
f 449 453 454
f 449 454 450
f 450 454 455
f 450 455 451
f 451 455 452
f 451 452 448
f 452 456 457
f 452 457 453
f 453 457 458
f 453 458 454
f 454 458 459
f 454 459 455
f 455 459 456
f 455 456 452
f 456 460 461
f 456 461 457
f 457 461 462
f 457 462 458
f 458 462 463
f 458 463 459
f 459 463 460
f 459 460 456
f 464 465 466
f 466 467 464
f 460 468 461
f 469 470 471
f 471 472 469
f 461 468 462
f 473 474 475
f 475 467 473
f 462 468 463
f 476 477 478
f 478 479 476
f 463 468 460
f 480 481 482
f 480 482 483
f 480 483 484
f 480 484 485
f 480 485 486
f 480 486 487
f 480 487 488
f 480 488 489
f 480 489 490
f 480 490 481
f 481 491 492
f 481 492 482
f 482 492 493
f 482 493 483
f 483 493 494
f 483 494 484
f 484 494 495
f 484 495 485
f 485 495 496
f 485 496 486
f 486 496 497
f 486 497 487
f 487 497 498
f 487 498 488
f 488 498 499
f 488 499 489
f 489 499 500
f 489 500 490
f 490 500 491
f 490 491 481
f 501 491 492
f 501 492 493
f 501 493 494
f 501 494 495
f 501 495 496
f 501 496 497
f 501 497 498
f 501 498 499
f 501 499 500
f 501 500 491
f 502 503 504
f 505 504 502
f 504 506 503
f 505 504 507
f 508 502 505
f 504 506 509
f 503 510 506
f 511 507 505
f 507 509 504
f 512 505 508
f 509 513 506
f 506 514 510
f 511 507 515
f 512 505 511
f 507 509 516
f 517 508 512
f 509 513 518
f 506 514 513
f 510 519 514
f 520 515 511
f 515 516 507
f 521 511 512
f 516 518 509
f 522 512 517
f 518 523 513
f 513 524 514
f 514 525 519
f 520 515 526
f 521 511 520
f 515 516 527
f 522 512 521
f 516 518 528
f 529 517 522
f 518 523 530
f 513 524 523
f 514 525 524
f 519 531 525
f 532 520 526
f 526 527 515
f 533 520 521
f 527 528 516
f 534 521 522
f 528 530 518
f 535 522 529
f 530 536 523
f 523 537 524
f 524 538 525
f 525 539 531
f 540 532 520
f 541 532 526
f 526 542 527
f 533 540 520
f 534 521 533
f 527 543 528
f 535 522 534
f 528 544 530
f 545 529 535
f 530 546 536
f 523 537 536
f 524 538 537
f 525 539 538
f 531 547 539
f 541 548 526
f 526 542 548
f 542 549 527
f 533 540 550
f 551 534 533
f 527 543 549
f 543 552 528
f 553 535 534
f 528 544 552
f 544 554 530
f 555 545 535
f 530 546 554
f 546 556 536
f 536 557 537
f 537 558 538
f 538 559 539
f 539 560 547
f 561 550 533
f 562 551 534
f 561 551 533
f 563 553 535
f 562 553 534
f 564 555 545
f 563 555 535
f 536 565 556
f 536 565 557
f 537 558 557
f 538 559 558
f 539 560 559
f 547 566 560
f 565 567 557
f 557 568 558
f 558 569 559
f 559 570 560
f 560 571 566
f 557 572 567
f 557 572 568
f 558 569 568
f 559 570 569
f 560 571 570
f 566 573 571
f 572 574 568
f 568 575 569
f 569 576 570
f 570 577 571
f 571 578 573
f 568 579 574
f 568 580 575
f 569 576 575
f 570 577 576
f 571 578 577
f 573 581 578
f 568 579 580
f 579 580 575
f 575 582 576
f 576 583 577
f 577 584 578
f 578 585 581
f 576 583 582
f 577 584 583
f 578 585 584
f 581 586 585
f 582 587 583
f 583 588 584
f 584 589 585
f 585 590 586
f 583 588 587
f 584 589 588
f 585 590 589
f 586 591 590
f 587 592 588
f 588 593 589
f 589 594 590
f 590 595 591
f 588 593 592
f 589 594 593
f 590 595 594
f 591 596 595
f 592 597 593
f 593 598 594
f 594 599 595
f 595 600 596
f 601 567 565
f 602 556 601
f 593 598 597
f 594 599 598
f 595 600 599
f 596 603 600
f 556 565 601
f 602 556 546
f 604 554 602
f 597 605 598
f 598 606 599
f 599 607 600
f 600 608 603
f 554 546 602
f 604 554 544
f 597 609 605
f 598 606 605
f 599 607 606
f 600 608 607
f 603 610 608
f 552 544 604
f 611 609 605
f 605 612 606
f 606 613 607
f 607 614 608
f 608 615 610
f 605 616 611
f 617 618 619
f 619 620 621
f 605 616 612
f 606 613 612
f 607 614 613
f 608 615 614
f 610 622 615
f 619 620 618
f 620 623 621
f 621 624 625
f 616 626 612
f 612 627 613
f 613 628 614
f 614 629 615
f 615 630 622
f 621 624 623
f 624 631 625
f 612 632 626
f 612 632 627
f 613 628 627
f 614 629 628
f 615 630 629
f 622 633 630
f 634 532 541
f 625 635 631
f 632 617 627
f 627 636 628
f 628 637 629
f 629 638 630
f 630 639 633
f 634 532 540
f 550 540 634
f 627 618 617
f 627 618 636
f 628 637 636
f 629 638 637
f 630 639 638
f 633 640 639
f 618 620 636
f 636 641 637
f 637 642 638
f 638 643 639
f 639 644 640
f 645 646 647
f 636 623 620
f 636 623 641
f 637 642 641
f 638 643 642
f 639 644 643
f 640 644 648
f 645 649 647
f 623 624 641
f 641 650 642
f 642 651 643
f 643 652 644
f 644 653 648
f 641 631 624
f 641 631 650
f 642 651 650
f 643 652 651
f 644 652 654
f 644 653 654
f 631 635 650
f 650 655 651
f 651 656 652
f 652 657 654
f 658 555 563
f 650 659 635
f 650 659 655
f 651 656 655
f 652 656 660
f 652 657 660
f 661 658 564
f 658 555 564
f 659 662 655
f 656 655 645
f 656 663 660
f 654 657 664
f 655 646 662
f 656 649 645
f 655 646 645
f 656 663 665
f 653 666 664
f 654 653 664
f 656 649 665
f 648 653 666
f 667 668 669
f 667 669 670
f 670 669 671
f 670 671 672
f 672 671 673
f 672 673 674
f 674 673 668
f 674 668 667
f 675 676 677
f 675 677 678
f 678 677 679
f 678 679 680
f 680 679 681
f 680 681 682
f 682 681 676
f 682 676 675
f 683 684 685
f 683 685 686
f 683 686 687
f 683 687 688
f 683 688 689
f 683 689 690
f 683 690 691
f 683 691 692
f 683 692 693
f 683 693 684
f 684 694 695
f 684 695 685
f 685 695 696
f 685 696 686
f 686 696 697
f 686 697 687
f 687 697 698
f 687 698 688
f 688 698 699
f 688 699 689
f 689 699 700
f 689 700 690
f 690 700 701
f 690 701 691
f 691 701 702
f 691 702 692
f 692 702 703
f 692 703 693
f 693 703 694
f 693 694 684
f 704 694 695
f 704 695 696
f 704 696 697
f 704 697 698
f 704 698 699
f 704 699 700
f 704 700 701
f 704 701 702
f 704 702 703
f 704 703 694
f 705 706 707
f 708 707 705
f 707 709 706
f 708 707 710
f 711 705 708
f 707 709 712
f 706 713 709
f 714 710 708
f 710 712 707
f 715 708 711
f 712 716 709
f 709 717 713
f 714 710 718
f 715 708 714
f 710 712 719
f 720 711 715
f 712 716 721
f 709 717 716
f 713 722 717
f 723 718 714
f 718 719 710
f 724 714 715
f 719 721 712
f 725 715 720
f 721 726 716
f 716 727 717
f 717 728 722
f 723 718 729
f 724 714 723
f 718 719 730
f 725 715 724
f 719 721 731
f 732 720 725
f 721 726 733
f 716 727 726
f 717 728 727
f 722 734 728
f 735 723 729
f 729 730 718
f 736 723 724
f 730 731 719
f 737 724 725
f 731 733 721
f 738 725 732
f 733 739 726
f 726 740 727
f 727 741 728
f 728 742 734
f 743 735 723
f 744 735 729
f 729 745 730
f 736 743 723
f 737 724 736
f 730 746 731
f 738 725 737
f 731 747 733
f 748 732 738
f 733 749 739
f 726 740 739
f 727 741 740
f 728 742 741
f 734 750 742
f 744 751 729
f 729 745 751
f 745 752 730
f 736 743 753
f 754 737 736
f 730 746 752
f 746 755 731
f 756 738 737
f 731 747 755
f 747 757 733
f 758 748 738
f 733 749 757
f 749 759 739
f 739 760 740
f 740 761 741
f 741 762 742
f 742 763 750
f 764 753 736
f 765 754 737
f 764 754 736
f 766 756 738
f 765 756 737
f 767 758 748
f 766 758 738
f 739 768 759
f 739 768 760
f 740 761 760
f 741 762 761
f 742 763 762
f 750 769 763
f 768 770 760
f 760 771 761
f 761 772 762
f 762 773 763
f 763 774 769
f 760 775 770
f 760 775 771
f 761 772 771
f 762 773 772
f 763 774 773
f 769 776 774
f 775 777 771
f 771 778 772
f 772 779 773
f 773 780 774
f 774 781 776
f 771 782 777
f 771 783 778
f 772 779 778
f 773 780 779
f 774 781 780
f 776 784 781
f 771 782 783
f 782 783 778
f 778 785 779
f 779 786 780
f 780 787 781
f 781 788 784
f 779 786 785
f 780 787 786
f 781 788 787
f 784 789 788
f 785 790 786
f 786 791 787
f 787 792 788
f 788 793 789
f 786 791 790
f 787 792 791
f 788 793 792
f 789 794 793
f 790 795 791
f 791 796 792
f 792 797 793
f 793 798 794
f 791 796 795
f 792 797 796
f 793 798 797
f 794 799 798
f 795 800 796
f 796 801 797
f 797 802 798
f 798 803 799
f 804 770 768
f 805 759 804
f 796 801 800
f 797 802 801
f 798 803 802
f 799 806 803
f 759 768 804
f 805 759 749
f 807 757 805
f 800 808 801
f 801 809 802
f 802 810 803
f 803 811 806
f 757 749 805
f 807 757 747
f 800 812 808
f 801 809 808
f 802 810 809
f 803 811 810
f 806 813 811
f 755 747 807
f 814 812 808
f 808 815 809
f 809 816 810
f 810 817 811
f 811 818 813
f 808 819 814
f 820 821 822
f 822 823 824
f 808 819 815
f 809 816 815
f 810 817 816
f 811 818 817
f 813 825 818
f 822 823 821
f 823 826 824
f 824 827 828
f 819 829 815
f 815 830 816
f 816 831 817
f 817 832 818
f 818 833 825
f 824 827 826
f 827 834 828
f 815 835 829
f 815 835 830
f 816 831 830
f 817 832 831
f 818 833 832
f 825 836 833
f 837 735 744
f 828 838 834
f 835 820 830
f 830 839 831
f 831 840 832
f 832 841 833
f 833 842 836
f 837 735 743
f 753 743 837
f 830 821 820
f 830 821 839
f 831 840 839
f 832 841 840
f 833 842 841
f 836 843 842
f 821 823 839
f 839 844 840
f 840 845 841
f 841 846 842
f 842 847 843
f 848 849 850
f 839 826 823
f 839 826 844
f 840 845 844
f 841 846 845
f 842 847 846
f 843 847 851
f 848 852 850
f 826 827 844
f 844 853 845
f 845 854 846
f 846 855 847
f 847 856 851
f 844 834 827
f 844 834 853
f 845 854 853
f 846 855 854
f 847 855 857
f 847 856 857
f 834 838 853
f 853 858 854
f 854 859 855
f 855 860 857
f 861 758 766
f 853 862 838
f 853 862 858
f 854 859 858
f 855 859 863
f 855 860 863
f 864 861 767
f 861 758 767
f 862 865 858
f 859 858 848
f 859 866 863
f 857 860 867
f 858 849 865
f 859 852 848
f 858 849 848
f 859 866 868
f 856 869 867
f 857 856 867
f 859 852 868
f 851 856 869
f 870 871 872
f 870 872 873
f 873 872 874
f 873 874 875
f 875 874 876
f 875 876 877
f 877 876 871
f 877 871 870
f 878 879 880
f 878 880 881
f 881 880 882
f 881 882 883
f 883 882 884
f 883 884 885
f 885 884 879
f 885 879 878
f 886 887 888
f 886 888 889
f 886 889 890
f 886 890 891
f 886 891 892
f 886 892 893
f 886 893 894
f 886 894 895
f 886 895 896
f 886 896 887
f 887 897 898
f 887 898 888
f 888 898 899
f 888 899 889
f 889 899 900
f 889 900 890
f 890 900 901
f 890 901 891
f 891 901 902
f 891 902 892
f 892 902 903
f 892 903 893
f 893 903 904
f 893 904 894
f 894 904 905
f 894 905 895
f 895 905 906
f 895 906 896
f 896 906 897
f 896 897 887
f 907 897 898
f 907 898 899
f 907 899 900
f 907 900 901
f 907 901 902
f 907 902 903
f 907 903 904
f 907 904 905
f 907 905 906
f 907 906 897
f 908 909 910
f 911 910 908
f 910 912 909
f 911 910 913
f 914 908 911
f 910 912 915
f 909 916 912
f 917 913 911
f 913 915 910
f 918 911 914
f 915 919 912
f 912 920 916
f 917 913 921
f 918 911 917
f 913 915 922
f 923 914 918
f 915 919 924
f 912 920 919
f 916 925 920
f 926 921 917
f 921 922 913
f 927 917 918
f 922 924 915
f 928 918 923
f 924 929 919
f 919 930 920
f 920 931 925
f 926 921 932
f 927 917 926
f 921 922 933
f 928 918 927
f 922 924 934
f 935 923 928
f 924 929 936
f 919 930 929
f 920 931 930
f 925 937 931
f 938 926 932
f 932 933 921
f 939 926 927
f 933 934 922
f 940 927 928
f 934 936 924
f 941 928 935
f 936 942 929
f 929 943 930
f 930 944 931
f 931 945 937
f 946 938 926
f 947 938 932
f 932 948 933
f 939 946 926
f 940 927 939
f 933 949 934
f 941 928 940
f 934 950 936
f 951 935 941
f 936 952 942
f 929 943 942
f 930 944 943
f 931 945 944
f 937 953 945
f 947 954 932
f 932 948 954
f 948 955 933
f 939 946 956
f 957 940 939
f 933 949 955
f 949 958 934
f 959 941 940
f 934 950 958
f 950 960 936
f 961 951 941
f 936 952 960
f 952 962 942
f 942 963 943
f 943 964 944
f 944 965 945
f 945 966 953
f 967 956 939
f 968 957 940
f 967 957 939
f 969 959 941
f 968 959 940
f 970 961 951
f 969 961 941
f 942 971 962
f 942 971 963
f 943 964 963
f 944 965 964
f 945 966 965
f 953 972 966
f 971 973 963
f 963 974 964
f 964 975 965
f 965 976 966
f 966 977 972
f 963 978 973
f 963 978 974
f 964 975 974
f 965 976 975
f 966 977 976
f 972 979 977
f 978 980 974
f 974 981 975
f 975 982 976
f 976 983 977
f 977 984 979
f 974 985 980
f 974 986 981
f 975 982 981
f 976 983 982
f 977 984 983
f 979 987 984
f 974 985 986
f 985 986 981
f 981 988 982
f 982 989 983
f 983 990 984
f 984 991 987
f 982 989 988
f 983 990 989
f 984 991 990
f 987 992 991
f 988 993 989
f 989 994 990
f 990 995 991
f 991 996 992
f 989 994 993
f 990 995 994
f 991 996 995
f 992 997 996
f 993 998 994
f 994 999 995
f 995 1000 996
f 996 1001 997
f 994 999 998
f 995 1000 999
f 996 1001 1000
f 997 1002 1001
f 998 1003 999
f 999 1004 1000
f 1000 1005 1001
f 1001 1006 1002
f 1007 973 971
f 1008 962 1007
f 999 1004 1003
f 1000 1005 1004
f 1001 1006 1005
f 1002 1009 1006
f 962 971 1007
f 1008 962 952
f 1010 960 1008
f 1003 1011 1004
f 1004 1012 1005
f 1005 1013 1006
f 1006 1014 1009
f 960 952 1008
f 1010 960 950
f 1003 1015 1011
f 1004 1012 1011
f 1005 1013 1012
f 1006 1014 1013
f 1009 1016 1014
f 958 950 1010
f 1017 1015 1011
f 1011 1018 1012
f 1012 1019 1013
f 1013 1020 1014
f 1014 1021 1016
f 1011 1022 1017
f 1023 1024 1025
f 1025 1026 1027
f 1011 1022 1018
f 1012 1019 1018
f 1013 1020 1019
f 1014 1021 1020
f 1016 1028 1021
f 1025 1026 1024
f 1026 1029 1027
f 1027 1030 1031
f 1022 1032 1018
f 1018 1033 1019
f 1019 1034 1020
f 1020 1035 1021
f 1021 1036 1028
f 1027 1030 1029
f 1030 1037 1031
f 1018 1038 1032
f 1018 1038 1033
f 1019 1034 1033
f 1020 1035 1034
f 1021 1036 1035
f 1028 1039 1036
f 1040 938 947
f 1031 1041 1037
f 1038 1023 1033
f 1033 1042 1034
f 1034 1043 1035
f 1035 1044 1036
f 1036 1045 1039
f 1040 938 946
f 956 946 1040
f 1033 1024 1023
f 1033 1024 1042
f 1034 1043 1042
f 1035 1044 1043
f 1036 1045 1044
f 1039 1046 1045
f 1024 1026 1042
f 1042 1047 1043
f 1043 1048 1044
f 1044 1049 1045
f 1045 1050 1046
f 1051 1052 1053
f 1042 1029 1026
f 1042 1029 1047
f 1043 1048 1047
f 1044 1049 1048
f 1045 1050 1049
f 1046 1050 1054
f 1051 1055 1053
f 1029 1030 1047
f 1047 1056 1048
f 1048 1057 1049
f 1049 1058 1050
f 1050 1059 1054
f 1047 1037 1030
f 1047 1037 1056
f 1048 1057 1056
f 1049 1058 1057
f 1050 1058 1060
f 1050 1059 1060
f 1037 1041 1056
f 1056 1061 1057
f 1057 1062 1058
f 1058 1063 1060
f 1064 961 969
f 1056 1065 1041
f 1056 1065 1061
f 1057 1062 1061
f 1058 1062 1066
f 1058 1063 1066
f 1067 1064 970
f 1064 961 970
f 1065 1068 1061
f 1062 1061 1051
f 1062 1069 1066
f 1060 1063 1070
f 1061 1052 1068
f 1062 1055 1051
f 1061 1052 1051
f 1062 1069 1071
f 1059 1072 1070
f 1060 1059 1070
f 1062 1055 1071
f 1054 1059 1072
f 1073 1074 1075
f 1073 1075 1076
f 1076 1075 1077
f 1076 1077 1078
f 1078 1077 1079
f 1078 1079 1080
f 1080 1079 1074
f 1080 1074 1073
f 1081 1082 1083
f 1081 1083 1084
f 1084 1083 1085
f 1084 1085 1086
f 1086 1085 1087
f 1086 1087 1088
f 1088 1087 1082
f 1088 1082 1081
f 1089 1090 1091
f 1089 1091 1092
f 1089 1092 1093
f 1089 1093 1094
f 1089 1094 1095
f 1089 1095 1096
f 1089 1096 1097
f 1089 1097 1098
f 1089 1098 1099
f 1089 1099 1090
f 1090 1100 1101
f 1090 1101 1091
f 1091 1101 1102
f 1091 1102 1092
f 1092 1102 1103
f 1092 1103 1093
f 1093 1103 1104
f 1093 1104 1094
f 1094 1104 1105
f 1094 1105 1095
f 1095 1105 1106
f 1095 1106 1096
f 1096 1106 1107
f 1096 1107 1097
f 1097 1107 1108
f 1097 1108 1098
f 1098 1108 1109
f 1098 1109 1099
f 1099 1109 1100
f 1099 1100 1090
f 1110 1100 1101
f 1110 1101 1102
f 1110 1102 1103
f 1110 1103 1104
f 1110 1104 1105
f 1110 1105 1106
f 1110 1106 1107
f 1110 1107 1108
f 1110 1108 1109
f 1110 1109 1100
f 1111 1112 1113
f 1111 1113 1114
f 1114 1113 1115
f 1114 1115 1116
f 1116 1115 1117
f 1116 1117 1118
f 1118 1117 1112
f 1118 1112 1111
f 1112 1119 1120
f 1112 1120 1113
f 1113 1120 1121
f 1113 1121 1115
f 1115 1121 1122
f 1115 1122 1117
f 1117 1122 1119
f 1117 1119 1112
f 1119 1123 1124
f 1119 1124 1120
f 1120 1124 1125
f 1120 1125 1121
f 1121 1125 1126
f 1121 1126 1122
f 1122 1126 1123
f 1122 1123 1119
f 1123 1127 1128
f 1123 1128 1124
f 1124 1128 1129
f 1124 1129 1125
f 1125 1129 1130
f 1125 1130 1126
f 1126 1130 1127
f 1126 1127 1123
f 1127 1131 1132
f 1127 1132 1128
f 1128 1132 1133
f 1128 1133 1129
f 1129 1133 1134
f 1129 1134 1130
f 1130 1134 1131
f 1130 1131 1127
f 1131 1135 1136
f 1131 1136 1132
f 1132 1136 1137
f 1132 1137 1133
f 1133 1137 1138
f 1133 1138 1134
f 1134 1138 1135
f 1134 1135 1131
f 1135 1139 1140
f 1135 1140 1136
f 1136 1140 1141
f 1136 1141 1137
f 1137 1141 1142
f 1137 1142 1138
f 1138 1142 1139
f 1138 1139 1135
f 1139 1143 1144
f 1139 1144 1140
f 1140 1144 1145
f 1140 1145 1141
f 1141 1145 1146
f 1141 1146 1142
f 1142 1146 1143
f 1142 1143 1139
f 1143 1147 1148
f 1143 1148 1144
f 1144 1148 1149
f 1144 1149 1145
f 1145 1149 1150
f 1145 1150 1146
f 1146 1150 1147
f 1146 1147 1143
f 1151 1152 1153
f 1153 1154 1151
f 1147 1155 1148
f 1156 1157 1158
f 1158 1159 1156
f 1148 1155 1149
f 1160 1161 1162
f 1162 1163 1160
f 1149 1155 1150
f 1164 1165 1166
f 1166 1167 1164
f 1150 1155 1147
f 1168 1169 1170
f 1168 1170 1171
f 1168 1171 1172
f 1168 1172 1173
f 1168 1173 1174
f 1168 1174 1175
f 1168 1175 1176
f 1168 1176 1177
f 1168 1177 1178
f 1168 1178 1169
f 1169 1179 1180
f 1169 1180 1170
f 1170 1180 1181
f 1170 1181 1171
f 1171 1181 1182
f 1171 1182 1172
f 1172 1182 1183
f 1172 1183 1173
f 1173 1183 1184
f 1173 1184 1174
f 1174 1184 1185
f 1174 1185 1175
f 1175 1185 1186
f 1175 1186 1176
f 1176 1186 1187
f 1176 1187 1177
f 1177 1187 1188
f 1177 1188 1178
f 1178 1188 1179
f 1178 1179 1169
f 1189 1179 1180
f 1189 1180 1181
f 1189 1181 1182
f 1189 1182 1183
f 1189 1183 1184
f 1189 1184 1185
f 1189 1185 1186
f 1189 1186 1187
f 1189 1187 1188
f 1189 1188 1179
f 1190 1191 1192
f 1190 1192 1193
f 1193 1192 1194
f 1193 1194 1195
f 1195 1194 1196
f 1195 1196 1197
f 1197 1196 1191
f 1197 1191 1190
f 1191 1198 1199
f 1191 1199 1192
f 1192 1199 1200
f 1192 1200 1194
f 1194 1200 1201
f 1194 1201 1196
f 1196 1201 1198
f 1196 1198 1191
f 1198 1202 1203
f 1198 1203 1199
f 1199 1203 1204
f 1199 1204 1200
f 1200 1204 1205
f 1200 1205 1201
f 1201 1205 1202
f 1201 1202 1198
f 1202 1206 1207
f 1202 1207 1203
f 1203 1207 1208
f 1203 1208 1204
f 1204 1208 1209
f 1204 1209 1205
f 1205 1209 1206
f 1205 1206 1202
f 1206 1210 1211
f 1206 1211 1207
f 1207 1211 1212
f 1207 1212 1208
f 1208 1212 1213
f 1208 1213 1209
f 1209 1213 1210
f 1209 1210 1206
f 1210 1214 1215
f 1210 1215 1211
f 1211 1215 1216
f 1211 1216 1212
f 1212 1216 1217
f 1212 1217 1213
f 1213 1217 1214
f 1213 1214 1210
f 1214 1218 1219
f 1214 1219 1215
f 1215 1219 1220
f 1215 1220 1216
f 1216 1220 1221
f 1216 1221 1217
f 1217 1221 1218
f 1217 1218 1214
f 1218 1222 1223
f 1218 1223 1219
f 1219 1223 1224
f 1219 1224 1220
f 1220 1224 1225
f 1220 1225 1221
f 1221 1225 1222
f 1221 1222 1218
f 1222 1226 1227
f 1222 1227 1223
f 1223 1227 1228
f 1223 1228 1224
f 1224 1228 1229
f 1224 1229 1225
f 1225 1229 1226
f 1225 1226 1222
f 1230 1231 1232
f 1232 1233 1230
f 1226 1234 1227
f 1235 1236 1237
f 1237 1238 1235
f 1227 1234 1228
f 1239 1240 1241
f 1241 1242 1239
f 1228 1234 1229
f 1243 1244 1245
f 1245 1246 1243
f 1229 1234 1226
f 1247 1248 1249
f 1247 1249 1250
f 1247 1250 1251
f 1247 1251 1252
f 1247 1252 1253
f 1247 1253 1254
f 1247 1254 1255
f 1247 1255 1256
f 1247 1256 1257
f 1247 1257 1248
f 1248 1258 1259
f 1248 1259 1249
f 1249 1259 1260
f 1249 1260 1250
f 1250 1260 1261
f 1250 1261 1251
f 1251 1261 1262
f 1251 1262 1252
f 1252 1262 1263
f 1252 1263 1253
f 1253 1263 1264
f 1253 1264 1254
f 1254 1264 1265
f 1254 1265 1255
f 1255 1265 1266
f 1255 1266 1256
f 1256 1266 1267
f 1256 1267 1257
f 1257 1267 1258
f 1257 1258 1248
f 1268 1258 1259
f 1268 1259 1260
f 1268 1260 1261
f 1268 1261 1262
f 1268 1262 1263
f 1268 1263 1264
f 1268 1264 1265
f 1268 1265 1266
f 1268 1266 1267
f 1268 1267 1258
f 1269 1270 1271
f 1269 1271 1272
f 1272 1271 1273
f 1272 1273 1274
f 1274 1273 1275
f 1274 1275 1276
f 1276 1275 1270
f 1276 1270 1269
f 1270 1277 1278
f 1270 1278 1271
f 1271 1278 1279
f 1271 1279 1273
f 1273 1279 1280
f 1273 1280 1275
f 1275 1280 1277
f 1275 1277 1270
f 1277 1281 1282
f 1277 1282 1278
f 1278 1282 1283
f 1278 1283 1279
f 1279 1283 1284
f 1279 1284 1280
f 1280 1284 1281
f 1280 1281 1277
f 1281 1285 1286
f 1281 1286 1282
f 1282 1286 1287
f 1282 1287 1283
f 1283 1287 1288
f 1283 1288 1284
f 1284 1288 1285
f 1284 1285 1281
f 1285 1289 1290
f 1285 1290 1286
f 1286 1290 1291
f 1286 1291 1287
f 1287 1291 1292
f 1287 1292 1288
f 1288 1292 1289
f 1288 1289 1285
f 1289 1293 1294
f 1289 1294 1290
f 1290 1294 1295
f 1290 1295 1291
f 1291 1295 1296
f 1291 1296 1292
f 1292 1296 1293
f 1292 1293 1289
f 1293 1297 1298
f 1293 1298 1294
f 1294 1298 1299
f 1294 1299 1295
f 1295 1299 1300
f 1295 1300 1296
f 1296 1300 1297
f 1296 1297 1293
f 1297 1301 1302
f 1297 1302 1298
f 1298 1302 1303
f 1298 1303 1299
f 1299 1303 1304
f 1299 1304 1300
f 1300 1304 1301
f 1300 1301 1297
f 1301 1305 1306
f 1301 1306 1302
f 1302 1306 1307
f 1302 1307 1303
f 1303 1307 1308
f 1303 1308 1304
f 1304 1308 1305
f 1304 1305 1301
f 1309 1310 1311
f 1311 1312 1309
f 1305 1313 1306
f 1314 1315 1316
f 1316 1317 1314
f 1306 1313 1307
f 1318 1319 1320
f 1320 1321 1318
f 1307 1313 1308
f 1322 1323 1324
f 1324 1325 1322
f 1308 1313 1305
f 1326 1327 1328
f 1326 1328 1329
f 1326 1329 1330
f 1326 1330 1331
f 1326 1331 1332
f 1326 1332 1333
f 1326 1333 1334
f 1326 1334 1335
f 1326 1335 1336
f 1326 1336 1327
f 1327 1337 1338
f 1327 1338 1328
f 1328 1338 1339
f 1328 1339 1329
f 1329 1339 1340
f 1329 1340 1330
f 1330 1340 1341
f 1330 1341 1331
f 1331 1341 1342
f 1331 1342 1332
f 1332 1342 1343
f 1332 1343 1333
f 1333 1343 1344
f 1333 1344 1334
f 1334 1344 1345
f 1334 1345 1335
f 1335 1345 1346
f 1335 1346 1336
f 1336 1346 1337
f 1336 1337 1327
f 1347 1337 1338
f 1347 1338 1339
f 1347 1339 1340
f 1347 1340 1341
f 1347 1341 1342
f 1347 1342 1343
f 1347 1343 1344
f 1347 1344 1345
f 1347 1345 1346
f 1347 1346 1337
f 1348 1349 1350
f 1351 1350 1348
f 1350 1352 1349
f 1351 1350 1353
f 1354 1348 1351
f 1350 1352 1355
f 1349 1356 1352
f 1357 1353 1351
f 1353 1355 1350
f 1358 1351 1354
f 1355 1359 1352
f 1352 1360 1356
f 1357 1353 1361
f 1358 1351 1357
f 1353 1355 1362
f 1363 1354 1358
f 1355 1359 1364
f 1352 1360 1359
f 1356 1365 1360
f 1366 1361 1357
f 1361 1362 1353
f 1367 1357 1358
f 1362 1364 1355
f 1368 1358 1363
f 1364 1369 1359
f 1359 1370 1360
f 1360 1371 1365
f 1366 1361 1372
f 1367 1357 1366
f 1361 1362 1373
f 1368 1358 1367
f 1362 1364 1374
f 1375 1363 1368
f 1364 1369 1376
f 1359 1370 1369
f 1360 1371 1370
f 1365 1377 1371
f 1378 1366 1372
f 1372 1373 1361
f 1379 1366 1367
f 1373 1374 1362
f 1380 1367 1368
f 1374 1376 1364
f 1381 1368 1375
f 1376 1382 1369
f 1369 1383 1370
f 1370 1384 1371
f 1371 1385 1377
f 1386 1378 1366
f 1387 1378 1372
f 1372 1388 1373
f 1379 1386 1366
f 1380 1367 1379
f 1373 1389 1374
f 1381 1368 1380
f 1374 1390 1376
f 1391 1375 1381
f 1376 1392 1382
f 1369 1383 1382
f 1370 1384 1383
f 1371 1385 1384
f 1377 1393 1385
f 1387 1394 1372
f 1372 1388 1394
f 1388 1395 1373
f 1379 1386 1396
f 1397 1380 1379
f 1373 1389 1395
f 1389 1398 1374
f 1399 1381 1380
f 1374 1390 1398
f 1390 1400 1376
f 1401 1391 1381
f 1376 1392 1400
f 1392 1402 1382
f 1382 1403 1383
f 1383 1404 1384
f 1384 1405 1385
f 1385 1406 1393
f 1407 1396 1379
f 1408 1397 1380
f 1407 1397 1379
f 1409 1399 1381
f 1408 1399 1380
f 1410 1401 1391
f 1409 1401 1381
f 1382 1411 1402
f 1382 1411 1403
f 1383 1404 1403
f 1384 1405 1404
f 1385 1406 1405
f 1393 1412 1406
f 1411 1413 1403
f 1403 1414 1404
f 1404 1415 1405
f 1405 1416 1406
f 1406 1417 1412
f 1403 1418 1413
f 1403 1418 1414
f 1404 1415 1414
f 1405 1416 1415
f 1406 1417 1416
f 1412 1419 1417
f 1418 1420 1414
f 1414 1421 1415
f 1415 1422 1416
f 1416 1423 1417
f 1417 1424 1419
f 1414 1425 1420
f 1414 1426 1421
f 1415 1422 1421
f 1416 1423 1422
f 1417 1424 1423
f 1419 1427 1424
f 1414 1425 1426
f 1425 1426 1421
f 1421 1428 1422
f 1422 1429 1423
f 1423 1430 1424
f 1424 1431 1427
f 1422 1429 1428
f 1423 1430 1429
f 1424 1431 1430
f 1427 1432 1431
f 1428 1433 1429
f 1429 1434 1430
f 1430 1435 1431
f 1431 1436 1432
f 1429 1434 1433
f 1430 1435 1434
f 1431 1436 1435
f 1432 1437 1436
f 1433 1438 1434
f 1434 1439 1435
f 1435 1440 1436
f 1436 1441 1437
f 1434 1439 1438
f 1435 1440 1439
f 1436 1441 1440
f 1437 1442 1441
f 1438 1443 1439
f 1439 1444 1440
f 1440 1445 1441
f 1441 1446 1442
f 1447 1413 1411
f 1448 1402 1447
f 1439 1444 1443
f 1440 1445 1444
f 1441 1446 1445
f 1442 1449 1446
f 1402 1411 1447
f 1448 1402 1392
f 1450 1400 1448
f 1443 1451 1444
f 1444 1452 1445
f 1445 1453 1446
f 1446 1454 1449
f 1400 1392 1448
f 1450 1400 1390
f 1443 1455 1451
f 1444 1452 1451
f 1445 1453 1452
f 1446 1454 1453
f 1449 1456 1454
f 1398 1390 1450
f 1457 1455 1451
f 1451 1458 1452
f 1452 1459 1453
f 1453 1460 1454
f 1454 1461 1456
f 1451 1462 1457
f 1463 1464 1465
f 1465 1466 1467
f 1451 1462 1458
f 1452 1459 1458
f 1453 1460 1459
f 1454 1461 1460
f 1456 1468 1461
f 1465 1466 1464
f 1466 1469 1467
f 1467 1470 1471
f 1462 1472 1458
f 1458 1473 1459
f 1459 1474 1460
f 1460 1475 1461
f 1461 1476 1468
f 1467 1470 1469
f 1470 1477 1471
f 1458 1478 1472
f 1458 1478 1473
f 1459 1474 1473
f 1460 1475 1474
f 1461 1476 1475
f 1468 1479 1476
f 1480 1378 1387
f 1471 1481 1477
f 1478 1463 1473
f 1473 1482 1474
f 1474 1483 1475
f 1475 1484 1476
f 1476 1485 1479
f 1480 1378 1386
f 1396 1386 1480
f 1473 1464 1463
f 1473 1464 1482
f 1474 1483 1482
f 1475 1484 1483
f 1476 1485 1484
f 1479 1486 1485
f 1464 1466 1482
f 1482 1487 1483
f 1483 1488 1484
f 1484 1489 1485
f 1485 1490 1486
f 1491 1492 1493
f 1482 1469 1466
f 1482 1469 1487
f 1483 1488 1487
f 1484 1489 1488
f 1485 1490 1489
f 1486 1490 1494
f 1491 1495 1493
f 1469 1470 1487
f 1487 1496 1488
f 1488 1497 1489
f 1489 1498 1490
f 1490 1499 1494
f 1487 1477 1470
f 1487 1477 1496
f 1488 1497 1496
f 1489 1498 1497
f 1490 1498 1500
f 1490 1499 1500
f 1477 1481 1496
f 1496 1501 1497
f 1497 1502 1498
f 1498 1503 1500
f 1504 1401 1409
f 1496 1505 1481
f 1496 1505 1501
f 1497 1502 1501
f 1498 1502 1506
f 1498 1503 1506
f 1507 1504 1410
f 1504 1401 1410
f 1505 1508 1501
f 1502 1501 1491
f 1502 1509 1506
f 1500 1503 1510
f 1501 1492 1508
f 1502 1495 1491
f 1501 1492 1491
f 1502 1509 1511
f 1499 1512 1510
f 1500 1499 1510
f 1502 1495 1511
f 1494 1499 1512
f 1513 1514 1515
f 1513 1515 1516
f 1516 1515 1517
f 1516 1517 1518
f 1518 1517 1519
f 1518 1519 1520
f 1520 1519 1514
f 1520 1514 1513
f 1521 1522 1523
f 1521 1523 1524
f 1524 1523 1525
f 1524 1525 1526
f 1526 1525 1527
f 1526 1527 1528
f 1528 1527 1522
f 1528 1522 1521
f 1529 1530 1531
f 1529 1531 1532
f 1529 1532 1533
f 1529 1533 1534
f 1529 1534 1535
f 1529 1535 1536
f 1529 1536 1537
f 1529 1537 1538
f 1529 1538 1539
f 1529 1539 1530
f 1530 1540 1541
f 1530 1541 1531
f 1531 1541 1542
f 1531 1542 1532
f 1532 1542 1543
f 1532 1543 1533
f 1533 1543 1544
f 1533 1544 1534
f 1534 1544 1545
f 1534 1545 1535
f 1535 1545 1546
f 1535 1546 1536
f 1536 1546 1547
f 1536 1547 1537
f 1537 1547 1548
f 1537 1548 1538
f 1538 1548 1549
f 1538 1549 1539
f 1539 1549 1540
f 1539 1540 1530
f 1550 1540 1541
f 1550 1541 1542
f 1550 1542 1543
f 1550 1543 1544
f 1550 1544 1545
f 1550 1545 1546
f 1550 1546 1547
f 1550 1547 1548
f 1550 1548 1549
f 1550 1549 1540
f 1551 1552 1553
f 1551 1553 1554
f 1554 1553 1555
f 1554 1555 1556
f 1556 1555 1557
f 1556 1557 1558
f 1558 1557 1552
f 1558 1552 1551
f 1552 1559 1560
f 1552 1560 1553
f 1553 1560 1561
f 1553 1561 1555
f 1555 1561 1562
f 1555 1562 1557
f 1557 1562 1559
f 1557 1559 1552
f 1559 1563 1564
f 1559 1564 1560
f 1560 1564 1565
f 1560 1565 1561
f 1561 1565 1566
f 1561 1566 1562
f 1562 1566 1563
f 1562 1563 1559
f 1563 1567 1568
f 1563 1568 1564
f 1564 1568 1569
f 1564 1569 1565
f 1565 1569 1570
f 1565 1570 1566
f 1566 1570 1567
f 1566 1567 1563
f 1567 1571 1572
f 1567 1572 1568
f 1568 1572 1573
f 1568 1573 1569
f 1569 1573 1574
f 1569 1574 1570
f 1570 1574 1571
f 1570 1571 1567
f 1571 1575 1576
f 1571 1576 1572
f 1572 1576 1577
f 1572 1577 1573
f 1573 1577 1578
f 1573 1578 1574
f 1574 1578 1575
f 1574 1575 1571
f 1575 1579 1580
f 1575 1580 1576
f 1576 1580 1581
f 1576 1581 1577
f 1577 1581 1582
f 1577 1582 1578
f 1578 1582 1579
f 1578 1579 1575
f 1579 1583 1584
f 1579 1584 1580
f 1580 1584 1585
f 1580 1585 1581
f 1581 1585 1586
f 1581 1586 1582
f 1582 1586 1583
f 1582 1583 1579
f 1583 1587 1588
f 1583 1588 1584
f 1584 1588 1589
f 1584 1589 1585
f 1585 1589 1590
f 1585 1590 1586
f 1586 1590 1587
f 1586 1587 1583
f 1591 1592 1593
f 1593 1594 1591
f 1587 1595 1588
f 1596 1597 1598
f 1598 1599 1596
f 1588 1595 1589
f 1600 1601 1602
f 1602 1603 1600
f 1589 1595 1590
f 1604 1605 1606
f 1606 1607 1604
f 1590 1595 1587
f 1608 1609 1610
f 1608 1610 1611
f 1608 1611 1612
f 1608 1612 1613
f 1608 1613 1614
f 1608 1614 1615
f 1608 1615 1616
f 1608 1616 1617
f 1608 1617 1618
f 1608 1618 1609
f 1609 1619 1620
f 1609 1620 1610
f 1610 1620 1621
f 1610 1621 1611
f 1611 1621 1622
f 1611 1622 1612
f 1612 1622 1623
f 1612 1623 1613
f 1613 1623 1624
f 1613 1624 1614
f 1614 1624 1625
f 1614 1625 1615
f 1615 1625 1626
f 1615 1626 1616
f 1616 1626 1627
f 1616 1627 1617
f 1617 1627 1628
f 1617 1628 1618
f 1618 1628 1619
f 1618 1619 1609
f 1629 1619 1620
f 1629 1620 1621
f 1629 1621 1622
f 1629 1622 1623
f 1629 1623 1624
f 1629 1624 1625
f 1629 1625 1626
f 1629 1626 1627
f 1629 1627 1628
f 1629 1628 1619
f 1630 1631 1632
f 1633 1632 1630
f 1632 1634 1631
f 1633 1632 1635
f 1636 1630 1633
f 1632 1634 1637
f 1631 1638 1634
f 1639 1635 1633
f 1635 1637 1632
f 1640 1633 1636
f 1637 1641 1634
f 1634 1642 1638
f 1639 1635 1643
f 1640 1633 1639
f 1635 1637 1644
f 1645 1636 1640
f 1637 1641 1646
f 1634 1642 1641
f 1638 1647 1642
f 1648 1643 1639
f 1643 1644 1635
f 1649 1639 1640
f 1644 1646 1637
f 1650 1640 1645
f 1646 1651 1641
f 1641 1652 1642
f 1642 1653 1647
f 1648 1643 1654
f 1649 1639 1648
f 1643 1644 1655
f 1650 1640 1649
f 1644 1646 1656
f 1657 1645 1650
f 1646 1651 1658
f 1641 1652 1651
f 1642 1653 1652
f 1647 1659 1653
f 1660 1648 1654
f 1654 1655 1643
f 1661 1648 1649
f 1655 1656 1644
f 1662 1649 1650
f 1656 1658 1646
f 1663 1650 1657
f 1658 1664 1651
f 1651 1665 1652
f 1652 1666 1653
f 1653 1667 1659
f 1668 1660 1648
f 1669 1660 1654
f 1654 1670 1655
f 1661 1668 1648
f 1662 1649 1661
f 1655 1671 1656
f 1663 1650 1662
f 1656 1672 1658
f 1673 1657 1663
f 1658 1674 1664
f 1651 1665 1664
f 1652 1666 1665
f 1653 1667 1666
f 1659 1675 1667
f 1669 1676 1654
f 1654 1670 1676
f 1670 1677 1655
f 1661 1668 1678
f 1679 1662 1661
f 1655 1671 1677
f 1671 1680 1656
f 1681 1663 1662
f 1656 1672 1680
f 1672 1682 1658
f 1683 1673 1663
f 1658 1674 1682
f 1674 1684 1664
f 1664 1685 1665
f 1665 1686 1666
f 1666 1687 1667
f 1667 1688 1675
f 1689 1678 1661
f 1690 1679 1662
f 1689 1679 1661
f 1691 1681 1663
f 1690 1681 1662
f 1692 1683 1673
f 1691 1683 1663
f 1664 1693 1684
f 1664 1693 1685
f 1665 1686 1685
f 1666 1687 1686
f 1667 1688 1687
f 1675 1694 1688
f 1693 1695 1685
f 1685 1696 1686
f 1686 1697 1687
f 1687 1698 1688
f 1688 1699 1694
f 1685 1700 1695
f 1685 1700 1696
f 1686 1697 1696
f 1687 1698 1697
f 1688 1699 1698
f 1694 1701 1699
f 1700 1702 1696
f 1696 1703 1697
f 1697 1704 1698
f 1698 1705 1699
f 1699 1706 1701
f 1696 1707 1702
f 1696 1708 1703
f 1697 1704 1703
f 1698 1705 1704
f 1699 1706 1705
f 1701 1709 1706
f 1696 1707 1708
f 1707 1708 1703
f 1703 1710 1704
f 1704 1711 1705
f 1705 1712 1706
f 1706 1713 1709
f 1704 1711 1710
f 1705 1712 1711
f 1706 1713 1712
f 1709 1714 1713
f 1710 1715 1711
f 1711 1716 1712
f 1712 1717 1713
f 1713 1718 1714
f 1711 1716 1715
f 1712 1717 1716
f 1713 1718 1717
f 1714 1719 1718
f 1715 1720 1716
f 1716 1721 1717
f 1717 1722 1718
f 1718 1723 1719
f 1716 1721 1720
f 1717 1722 1721
f 1718 1723 1722
f 1719 1724 1723
f 1720 1725 1721
f 1721 1726 1722
f 1722 1727 1723
f 1723 1728 1724
f 1729 1695 1693
f 1730 1684 1729
f 1721 1726 1725
f 1722 1727 1726
f 1723 1728 1727
f 1724 1731 1728
f 1684 1693 1729
f 1730 1684 1674
f 1732 1682 1730
f 1725 1733 1726
f 1726 1734 1727
f 1727 1735 1728
f 1728 1736 1731
f 1682 1674 1730
f 1732 1682 1672
f 1725 1737 1733
f 1726 1734 1733
f 1727 1735 1734
f 1728 1736 1735
f 1731 1738 1736
f 1680 1672 1732
f 1739 1737 1733
f 1733 1740 1734
f 1734 1741 1735
f 1735 1742 1736
f 1736 1743 1738
f 1733 1744 1739
f 1745 1746 1747
f 1747 1748 1749
f 1733 1744 1740
f 1734 1741 1740
f 1735 1742 1741
f 1736 1743 1742
f 1738 1750 1743
f 1747 1748 1746
f 1748 1751 1749
f 1749 1752 1753
f 1744 1754 1740
f 1740 1755 1741
f 1741 1756 1742
f 1742 1757 1743
f 1743 1758 1750
f 1749 1752 1751
f 1752 1759 1753
f 1740 1760 1754
f 1740 1760 1755
f 1741 1756 1755
f 1742 1757 1756
f 1743 1758 1757
f 1750 1761 1758
f 1762 1660 1669
f 1753 1763 1759
f 1760 1745 1755
f 1755 1764 1756
f 1756 1765 1757
f 1757 1766 1758
f 1758 1767 1761
f 1762 1660 1668
f 1678 1668 1762
f 1755 1746 1745
f 1755 1746 1764
f 1756 1765 1764
f 1757 1766 1765
f 1758 1767 1766
f 1761 1768 1767
f 1746 1748 1764
f 1764 1769 1765
f 1765 1770 1766
f 1766 1771 1767
f 1767 1772 1768
f 1773 1774 1775
f 1764 1751 1748
f 1764 1751 1769
f 1765 1770 1769
f 1766 1771 1770
f 1767 1772 1771
f 1768 1772 1776
f 1773 1777 1775
f 1751 1752 1769
f 1769 1778 1770
f 1770 1779 1771
f 1771 1780 1772
f 1772 1781 1776
f 1769 1759 1752
f 1769 1759 1778
f 1770 1779 1778
f 1771 1780 1779
f 1772 1780 1782
f 1772 1781 1782
f 1759 1763 1778
f 1778 1783 1779
f 1779 1784 1780
f 1780 1785 1782
f 1786 1683 1691
f 1778 1787 1763
f 1778 1787 1783
f 1779 1784 1783
f 1780 1784 1788
f 1780 1785 1788
f 1789 1786 1692
f 1786 1683 1692
f 1787 1790 1783
f 1784 1783 1773
f 1784 1791 1788
f 1782 1785 1792
f 1783 1774 1790
f 1784 1777 1773
f 1783 1774 1773
f 1784 1791 1793
f 1781 1794 1792
f 1782 1781 1792
f 1784 1777 1793
f 1776 1781 1794
f 1795 1796 1797
f 1795 1797 1798
f 1798 1797 1799
f 1798 1799 1800
f 1800 1799 1801
f 1800 1801 1802
f 1802 1801 1796
f 1802 1796 1795
f 1803 1804 1805
f 1803 1805 1806
f 1806 1805 1807
f 1806 1807 1808
f 1808 1807 1809
f 1808 1809 1810
f 1810 1809 1804
f 1810 1804 1803
f 1811 1812 1813
f 1811 1813 1814
f 1811 1814 1815
f 1811 1815 1816
f 1811 1816 1817
f 1811 1817 1818
f 1811 1818 1819
f 1811 1819 1820
f 1811 1820 1821
f 1811 1821 1812
f 1812 1822 1823
f 1812 1823 1813
f 1813 1823 1824
f 1813 1824 1814
f 1814 1824 1825
f 1814 1825 1815
f 1815 1825 1826
f 1815 1826 1816
f 1816 1826 1827
f 1816 1827 1817
f 1817 1827 1828
f 1817 1828 1818
f 1818 1828 1829
f 1818 1829 1819
f 1819 1829 1830
f 1819 1830 1820
f 1820 1830 1831
f 1820 1831 1821
f 1821 1831 1822
f 1821 1822 1812
f 1832 1822 1823
f 1832 1823 1824
f 1832 1824 1825
f 1832 1825 1826
f 1832 1826 1827
f 1832 1827 1828
f 1832 1828 1829
f 1832 1829 1830
f 1832 1830 1831
f 1832 1831 1822
f 1833 1834 1835
f 1833 1835 1836
f 1836 1835 1837
f 1836 1837 1838
f 1838 1837 1839
f 1838 1839 1840
f 1840 1839 1834
f 1840 1834 1833
f 1834 1841 1842
f 1834 1842 1835
f 1835 1842 1843
f 1835 1843 1837
f 1837 1843 1844
f 1837 1844 1839
f 1839 1844 1841
f 1839 1841 1834
f 1841 1845 1846
f 1841 1846 1842
f 1842 1846 1847
f 1842 1847 1843
f 1843 1847 1848
f 1843 1848 1844
f 1844 1848 1845
f 1844 1845 1841
f 1845 1849 1850
f 1845 1850 1846
f 1846 1850 1851
f 1846 1851 1847
f 1847 1851 1852
f 1847 1852 1848
f 1848 1852 1849
f 1848 1849 1845
f 1849 1853 1854
f 1849 1854 1850
f 1850 1854 1855
f 1850 1855 1851
f 1851 1855 1856
f 1851 1856 1852
f 1852 1856 1853
f 1852 1853 1849
f 1853 1857 1858
f 1853 1858 1854
f 1854 1858 1859
f 1854 1859 1855
f 1855 1859 1860
f 1855 1860 1856
f 1856 1860 1857
f 1856 1857 1853
f 1857 1861 1862
f 1857 1862 1858
f 1858 1862 1863
f 1858 1863 1859
f 1859 1863 1864
f 1859 1864 1860
f 1860 1864 1861
f 1860 1861 1857
f 1861 1865 1866
f 1861 1866 1862
f 1862 1866 1867
f 1862 1867 1863
f 1863 1867 1868
f 1863 1868 1864
f 1864 1868 1865
f 1864 1865 1861
f 1865 1869 1870
f 1865 1870 1866
f 1866 1870 1871
f 1866 1871 1867
f 1867 1871 1872
f 1867 1872 1868
f 1868 1872 1869
f 1868 1869 1865
f 1873 1874 1875
f 1875 1876 1873
f 1869 1877 1870
f 1878 1879 1880
f 1880 1881 1878
f 1870 1877 1871
f 1882 1883 1884
f 1884 1885 1882
f 1871 1877 1872
f 1886 1887 1888
f 1888 1889 1886
f 1872 1877 1869
f 1890 1891 1892
f 1890 1892 1893
f 1890 1893 1894
f 1890 1894 1895
f 1890 1895 1896
f 1890 1896 1897
f 1890 1897 1898
f 1890 1898 1899
f 1890 1899 1900
f 1890 1900 1891
f 1891 1901 1902
f 1891 1902 1892
f 1892 1902 1903
f 1892 1903 1893
f 1893 1903 1904
f 1893 1904 1894
f 1894 1904 1905
f 1894 1905 1895
f 1895 1905 1906
f 1895 1906 1896
f 1896 1906 1907
f 1896 1907 1897
f 1897 1907 1908
f 1897 1908 1898
f 1898 1908 1909
f 1898 1909 1899
f 1899 1909 1910
f 1899 1910 1900
f 1900 1910 1901
f 1900 1901 1891
f 1911 1901 1902
f 1911 1902 1903
f 1911 1903 1904
f 1911 1904 1905
f 1911 1905 1906
f 1911 1906 1907
f 1911 1907 1908
f 1911 1908 1909
f 1911 1909 1910
f 1911 1910 1901
f 1912 1913 1914
f 1915 1914 1912
f 1914 1916 1913
f 1915 1914 1917
f 1918 1912 1915
f 1914 1916 1919
f 1913 1920 1916
f 1921 1917 1915
f 1917 1919 1914
f 1922 1915 1918
f 1919 1923 1916
f 1916 1924 1920
f 1921 1917 1925
f 1922 1915 1921
f 1917 1919 1926
f 1927 1918 1922
f 1919 1923 1928
f 1916 1924 1923
f 1920 1929 1924
f 1930 1925 1921
f 1925 1926 1917
f 1931 1921 1922
f 1926 1928 1919
f 1932 1922 1927
f 1928 1933 1923
f 1923 1934 1924
f 1924 1935 1929
f 1930 1925 1936
f 1931 1921 1930
f 1925 1926 1937
f 1932 1922 1931
f 1926 1928 1938
f 1939 1927 1932
f 1928 1933 1940
f 1923 1934 1933
f 1924 1935 1934
f 1929 1941 1935
f 1942 1930 1936
f 1936 1937 1925
f 1943 1930 1931
f 1937 1938 1926
f 1944 1931 1932
f 1938 1940 1928
f 1945 1932 1939
f 1940 1946 1933
f 1933 1947 1934
f 1934 1948 1935
f 1935 1949 1941
f 1950 1942 1930
f 1951 1942 1936
f 1936 1952 1937
f 1943 1950 1930
f 1944 1931 1943
f 1937 1953 1938
f 1945 1932 1944
f 1938 1954 1940
f 1955 1939 1945
f 1940 1956 1946
f 1933 1947 1946
f 1934 1948 1947
f 1935 1949 1948
f 1941 1957 1949
f 1951 1958 1936
f 1936 1952 1958
f 1952 1959 1937
f 1943 1950 1960
f 1961 1944 1943
f 1937 1953 1959
f 1953 1962 1938
f 1963 1945 1944
f 1938 1954 1962
f 1954 1964 1940
f 1965 1955 1945
f 1940 1956 1964
f 1956 1966 1946
f 1946 1967 1947
f 1947 1968 1948
f 1948 1969 1949
f 1949 1970 1957
f 1971 1960 1943
f 1972 1961 1944
f 1971 1961 1943
f 1973 1963 1945
f 1972 1963 1944
f 1974 1965 1955
f 1973 1965 1945
f 1946 1975 1966
f 1946 1975 1967
f 1947 1968 1967
f 1948 1969 1968
f 1949 1970 1969
f 1957 1976 1970
f 1975 1977 1967
f 1967 1978 1968
f 1968 1979 1969
f 1969 1980 1970
f 1970 1981 1976
f 1967 1982 1977
f 1967 1982 1978
f 1968 1979 1978
f 1969 1980 1979
f 1970 1981 1980
f 1976 1983 1981
f 1982 1984 1978
f 1978 1985 1979
f 1979 1986 1980
f 1980 1987 1981
f 1981 1988 1983
f 1978 1989 1984
f 1978 1990 1985
f 1979 1986 1985
f 1980 1987 1986
f 1981 1988 1987
f 1983 1991 1988
f 1978 1989 1990
f 1989 1990 1985
f 1985 1992 1986
f 1986 1993 1987
f 1987 1994 1988
f 1988 1995 1991
f 1986 1993 1992
f 1987 1994 1993
f 1988 1995 1994
f 1991 1996 1995
f 1992 1997 1993
f 1993 1998 1994
f 1994 1999 1995
f 1995 2000 1996
f 1993 1998 1997
f 1994 1999 1998
f 1995 2000 1999
f 1996 2001 2000
f 1997 2002 1998
f 1998 2003 1999
f 1999 2004 2000
f 2000 2005 2001
f 1998 2003 2002
f 1999 2004 2003
f 2000 2005 2004
f 2001 2006 2005
f 2002 2007 2003
f 2003 2008 2004
f 2004 2009 2005
f 2005 2010 2006
f 2011 1977 1975
f 2012 1966 2011
f 2003 2008 2007
f 2004 2009 2008
f 2005 2010 2009
f 2006 2013 2010
f 1966 1975 2011
f 2012 1966 1956
f 2014 1964 2012
f 2007 2015 2008
f 2008 2016 2009
f 2009 2017 2010
f 2010 2018 2013
f 1964 1956 2012
f 2014 1964 1954
f 2007 2019 2015
f 2008 2016 2015
f 2009 2017 2016
f 2010 2018 2017
f 2013 2020 2018
f 1962 1954 2014
f 2021 2019 2015
f 2015 2022 2016
f 2016 2023 2017
f 2017 2024 2018
f 2018 2025 2020
f 2015 2026 2021
f 2027 2028 2029
f 2029 2030 2031
f 2015 2026 2022
f 2016 2023 2022
f 2017 2024 2023
f 2018 2025 2024
f 2020 2032 2025
f 2029 2030 2028
f 2030 2033 2031
f 2031 2034 2035
f 2026 2036 2022
f 2022 2037 2023
f 2023 2038 2024
f 2024 2039 2025
f 2025 2040 2032
f 2031 2034 2033
f 2034 2041 2035
f 2022 2042 2036
f 2022 2042 2037
f 2023 2038 2037
f 2024 2039 2038
f 2025 2040 2039
f 2032 2043 2040
f 2044 1942 1951
f 2035 2045 2041
f 2042 2027 2037
f 2037 2046 2038
f 2038 2047 2039
f 2039 2048 2040
f 2040 2049 2043
f 2044 1942 1950
f 1960 1950 2044
f 2037 2028 2027
f 2037 2028 2046
f 2038 2047 2046
f 2039 2048 2047
f 2040 2049 2048
f 2043 2050 2049
f 2028 2030 2046
f 2046 2051 2047
f 2047 2052 2048
f 2048 2053 2049
f 2049 2054 2050
f 2055 2056 2057
f 2046 2033 2030
f 2046 2033 2051
f 2047 2052 2051
f 2048 2053 2052
f 2049 2054 2053
f 2050 2054 2058
f 2055 2059 2057
f 2033 2034 2051
f 2051 2060 2052
f 2052 2061 2053
f 2053 2062 2054
f 2054 2063 2058
f 2051 2041 2034
f 2051 2041 2060
f 2052 2061 2060
f 2053 2062 2061
f 2054 2062 2064
f 2054 2063 2064
f 2041 2045 2060
f 2060 2065 2061
f 2061 2066 2062
f 2062 2067 2064
f 2068 1965 1973
f 2060 2069 2045
f 2060 2069 2065
f 2061 2066 2065
f 2062 2066 2070
f 2062 2067 2070
f 2071 2068 1974
f 2068 1965 1974
f 2069 2072 2065
f 2066 2065 2055
f 2066 2073 2070
f 2064 2067 2074
f 2065 2056 2072
f 2066 2059 2055
f 2065 2056 2055
f 2066 2073 2075
f 2063 2076 2074
f 2064 2063 2074
f 2066 2059 2075
f 2058 2063 2076
f 2077 2078 2079
f 2077 2079 2080
f 2080 2079 2081
f 2080 2081 2082
f 2082 2081 2083
f 2082 2083 2084
f 2084 2083 2078
f 2084 2078 2077
f 2085 2086 2087
f 2085 2087 2088
f 2088 2087 2089
f 2088 2089 2090
f 2090 2089 2091
f 2090 2091 2092
f 2092 2091 2086
f 2092 2086 2085
f 2093 2094 2095
f 2093 2095 2096
f 2093 2096 2097
f 2093 2097 2098
f 2093 2098 2099
f 2093 2099 2100
f 2093 2100 2101
f 2093 2101 2102
f 2093 2102 2103
f 2093 2103 2094
f 2094 2104 2105
f 2094 2105 2095
f 2095 2105 2106
f 2095 2106 2096
f 2096 2106 2107
f 2096 2107 2097
f 2097 2107 2108
f 2097 2108 2098
f 2098 2108 2109
f 2098 2109 2099
f 2099 2109 2110
f 2099 2110 2100
f 2100 2110 2111
f 2100 2111 2101
f 2101 2111 2112
f 2101 2112 2102
f 2102 2112 2113
f 2102 2113 2103
f 2103 2113 2104
f 2103 2104 2094
f 2114 2104 2105
f 2114 2105 2106
f 2114 2106 2107
f 2114 2107 2108
f 2114 2108 2109
f 2114 2109 2110
f 2114 2110 2111
f 2114 2111 2112
f 2114 2112 2113
f 2114 2113 2104
f 2115 2116 2117
f 2115 2117 2118
f 2118 2117 2119
f 2118 2119 2120
f 2120 2119 2121
f 2120 2121 2122
f 2122 2121 2116
f 2122 2116 2115
f 2116 2123 2124
f 2116 2124 2117
f 2117 2124 2125
f 2117 2125 2119
f 2119 2125 2126
f 2119 2126 2121
f 2121 2126 2123
f 2121 2123 2116
f 2123 2127 2128
f 2123 2128 2124
f 2124 2128 2129
f 2124 2129 2125
f 2125 2129 2130
f 2125 2130 2126
f 2126 2130 2127
f 2126 2127 2123
f 2127 2131 2132
f 2127 2132 2128
f 2128 2132 2133
f 2128 2133 2129
f 2129 2133 2134
f 2129 2134 2130
f 2130 2134 2131
f 2130 2131 2127
f 2131 2135 2136
f 2131 2136 2132
f 2132 2136 2137
f 2132 2137 2133
f 2133 2137 2138
f 2133 2138 2134
f 2134 2138 2135
f 2134 2135 2131
f 2135 2139 2140
f 2135 2140 2136
f 2136 2140 2141
f 2136 2141 2137
f 2137 2141 2142
f 2137 2142 2138
f 2138 2142 2139
f 2138 2139 2135
f 2139 2143 2144
f 2139 2144 2140
f 2140 2144 2145
f 2140 2145 2141
f 2141 2145 2146
f 2141 2146 2142
f 2142 2146 2143
f 2142 2143 2139
f 2143 2147 2148
f 2143 2148 2144
f 2144 2148 2149
f 2144 2149 2145
f 2145 2149 2150
f 2145 2150 2146
f 2146 2150 2147
f 2146 2147 2143
f 2147 2151 2152
f 2147 2152 2148
f 2148 2152 2153
f 2148 2153 2149
f 2149 2153 2154
f 2149 2154 2150
f 2150 2154 2151
f 2150 2151 2147
f 2155 2156 2157
f 2157 2158 2155
f 2151 2159 2152
f 2160 2161 2162
f 2162 2163 2160
f 2152 2159 2153
f 2164 2165 2166
f 2166 2167 2164
f 2153 2159 2154
f 2168 2169 2170
f 2170 2171 2168
f 2154 2159 2151
f 2172 2173 2174
f 2174 2175 2173
f 2173 2176 2175
f 2175 2177 2176
f 2176 2178 2177
f 2177 2179 2178
f 2178 2180 2179
f 2179 2181 2180
f 2180 2182 2181
f 2181 2183 2182
f 2182 2184 2183
f 2183 2185 2184
f 2184 2186 2185
f 2185 2187 2186
f 2186 2188 2187
f 2187 2189 2188
f 2188 2190 2189
f 2189 2191 2190
f 2190 2192 2191
f 2191 2193 2192
f 2192 2194 2193
f 2193 2195 2194
f 2194 2196 2195
f 2195 2197 2196
f 2196 2198 2197
f 2197 2199 2198
f 2198 2200 2199
f 2199 2201 2200
f 2200 2172 2201
f 2201 2174 2172
f 2202 2203 2172
f 2172 2173 2203
f 2203 2204 2173
f 2173 2176 2204
f 2204 2205 2176
f 2176 2178 2205
f 2205 2206 2178
f 2178 2180 2206
f 2206 2207 2180
f 2180 2182 2207
f 2207 2208 2182
f 2182 2184 2208
f 2208 2209 2184
f 2184 2186 2209
f 2209 2210 2186
f 2186 2188 2210
f 2210 2211 2188
f 2188 2190 2211
f 2211 2212 2190
f 2190 2192 2212
f 2212 2213 2192
f 2192 2194 2213
f 2213 2214 2194
f 2194 2196 2214
f 2214 2215 2196
f 2196 2198 2215
f 2215 2216 2198
f 2198 2200 2216
f 2216 2202 2200
f 2200 2172 2202
f 2217 2218 2202
f 2202 2203 2218
f 2218 2219 2203
f 2203 2204 2219
f 2219 2220 2204
f 2204 2205 2220
f 2220 2221 2205
f 2205 2206 2221
f 2221 2222 2206
f 2206 2207 2222
f 2222 2223 2207
f 2207 2208 2223
f 2223 2224 2208
f 2208 2209 2224
f 2224 2225 2209
f 2209 2210 2225
f 2225 2226 2210
f 2210 2211 2226
f 2226 2227 2211
f 2211 2212 2227
f 2227 2228 2212
f 2212 2213 2228
f 2228 2229 2213
f 2213 2214 2229
f 2229 2230 2214
f 2214 2215 2230
f 2230 2231 2215
f 2215 2216 2231
f 2231 2217 2216
f 2216 2202 2217
f 2232 2233 2217
f 2217 2218 2233
f 2233 2234 2218
f 2218 2219 2234
f 2234 2235 2219
f 2219 2220 2235
f 2235 2236 2220
f 2220 2221 2236
f 2236 2237 2221
f 2221 2222 2237
f 2237 2238 2222
f 2222 2223 2238
f 2238 2239 2223
f 2223 2224 2239
f 2239 2240 2224
f 2224 2225 2240
f 2240 2241 2225
f 2225 2226 2241
f 2241 2242 2226
f 2226 2227 2242
f 2242 2243 2227
f 2227 2228 2243
f 2243 2244 2228
f 2228 2229 2244
f 2244 2245 2229
f 2229 2230 2245
f 2245 2246 2230
f 2230 2231 2246
f 2246 2232 2231
f 2231 2217 2232
f 2247 2248 2232
f 2232 2233 2248
f 2248 2249 2233
f 2233 2234 2249
f 2249 2250 2234
f 2234 2235 2250
f 2250 2251 2235
f 2235 2236 2251
f 2251 2252 2236
f 2236 2237 2252
f 2252 2253 2237
f 2237 2238 2253
f 2253 2254 2238
f 2238 2239 2254
f 2254 2255 2239
f 2239 2240 2255
f 2255 2256 2240
f 2240 2241 2256
f 2256 2257 2241
f 2241 2242 2257
f 2257 2258 2242
f 2242 2243 2258
f 2258 2259 2243
f 2243 2244 2259
f 2259 2260 2244
f 2244 2245 2260
f 2260 2261 2245
f 2245 2246 2261
f 2261 2247 2246
f 2246 2232 2247
f 2262 2263 2247
f 2247 2248 2263
f 2263 2264 2248
f 2248 2249 2264
f 2264 2265 2249
f 2249 2250 2265
f 2265 2266 2250
f 2250 2251 2266
f 2266 2267 2251
f 2251 2252 2267
f 2267 2268 2252
f 2252 2253 2268
f 2268 2269 2253
f 2253 2254 2269
f 2269 2270 2254
f 2254 2255 2270
f 2270 2271 2255
f 2255 2256 2271
f 2271 2272 2256
f 2256 2257 2272
f 2272 2273 2257
f 2257 2258 2273
f 2273 2274 2258
f 2258 2259 2274
f 2274 2275 2259
f 2259 2260 2275
f 2275 2276 2260
f 2260 2261 2276
f 2276 2262 2261
f 2261 2247 2262
f 2277 2278 2279
f 2277 2279 2280
f 2280 2279 2281
f 2280 2281 2282
f 2282 2281 2283
f 2282 2283 2284
f 2284 2283 2278
f 2284 2278 2277
f 2278 2285 2286
f 2278 2286 2279
f 2279 2286 2287
f 2279 2287 2281
f 2281 2287 2288
f 2281 2288 2283
f 2283 2288 2285
f 2283 2285 2278
f 2285 2289 2290
f 2285 2290 2286
f 2286 2290 2291
f 2286 2291 2287
f 2287 2291 2292
f 2287 2292 2288
f 2288 2292 2289
f 2288 2289 2285
f 2289 2293 2294
f 2289 2294 2290
f 2290 2294 2295
f 2290 2295 2291
f 2291 2295 2296
f 2291 2296 2292
f 2292 2296 2293
f 2292 2293 2289
f 2293 2297 2298
f 2293 2298 2294
f 2294 2298 2299
f 2294 2299 2295
f 2295 2299 2300
f 2295 2300 2296
f 2296 2300 2297
f 2296 2297 2293
f 2297 2301 2302
f 2297 2302 2298
f 2298 2302 2303
f 2298 2303 2299
f 2299 2303 2304
f 2299 2304 2300
f 2300 2304 2301
f 2300 2301 2297
f 2301 2305 2306
f 2301 2306 2302
f 2302 2306 2307
f 2302 2307 2303
f 2303 2307 2308
f 2303 2308 2304
f 2304 2308 2305
f 2304 2305 2301
f 2305 2309 2310
f 2305 2310 2306
f 2306 2310 2311
f 2306 2311 2307
f 2307 2311 2312
f 2307 2312 2308
f 2308 2312 2309
f 2308 2309 2305
f 2309 2313 2314
f 2309 2314 2310
f 2310 2314 2315
f 2310 2315 2311
f 2311 2315 2316
f 2311 2316 2312
f 2312 2316 2313
f 2312 2313 2309
f 2317 2318 2319
f 2319 2320 2317
f 2313 2321 2314
f 2322 2323 2324
f 2324 2325 2322
f 2314 2321 2315
f 2326 2327 2328
f 2328 2329 2326
f 2315 2321 2316
f 2330 2331 2332
f 2332 2333 2330
f 2316 2321 2313
f 2334 2335 2336
f 2334 2336 2337
f 2337 2336 2338
f 2337 2338 2339
f 2339 2338 2340
f 2339 2340 2341
f 2341 2340 2335
f 2341 2335 2334
f 2335 2342 2343
f 2335 2343 2336
f 2336 2343 2344
f 2336 2344 2338
f 2338 2344 2345
f 2338 2345 2340
f 2340 2345 2342
f 2340 2342 2335
f 2342 2346 2347
f 2342 2347 2343
f 2343 2347 2348
f 2343 2348 2344
f 2344 2348 2349
f 2344 2349 2345
f 2345 2349 2346
f 2345 2346 2342
f 2346 2350 2351
f 2346 2351 2347
f 2347 2351 2352
f 2347 2352 2348
f 2348 2352 2353
f 2348 2353 2349
f 2349 2353 2350
f 2349 2350 2346
f 2350 2354 2355
f 2350 2355 2351
f 2351 2355 2356
f 2351 2356 2352
f 2352 2356 2357
f 2352 2357 2353
f 2353 2357 2354
f 2353 2354 2350
f 2354 2358 2359
f 2354 2359 2355
f 2355 2359 2360
f 2355 2360 2356
f 2356 2360 2361
f 2356 2361 2357
f 2357 2361 2358
f 2357 2358 2354
f 2358 2362 2363
f 2358 2363 2359
f 2359 2363 2364
f 2359 2364 2360
f 2360 2364 2365
f 2360 2365 2361
f 2361 2365 2362
f 2361 2362 2358
f 2362 2366 2367
f 2362 2367 2363
f 2363 2367 2368
f 2363 2368 2364
f 2364 2368 2369
f 2364 2369 2365
f 2365 2369 2366
f 2365 2366 2362
f 2366 2370 2371
f 2366 2371 2367
f 2367 2371 2372
f 2367 2372 2368
f 2368 2372 2373
f 2368 2373 2369
f 2369 2373 2370
f 2369 2370 2366
f 2374 2375 2376
f 2376 2377 2374
f 2370 2378 2371
f 2379 2380 2381
f 2381 2382 2379
f 2371 2378 2372
f 2383 2384 2385
f 2385 2386 2383
f 2372 2378 2373
f 2387 2388 2389
f 2389 2390 2387
f 2373 2378 2370
f 2391 2392 2393
f 2393 2394 2392
f 2392 2395 2394
f 2394 2396 2395
f 2395 2397 2396
f 2396 2398 2397
f 2397 2399 2398
f 2398 2400 2399
f 2399 2401 2400
f 2400 2402 2401
f 2401 2403 2402
f 2402 2404 2403
f 2403 2405 2404
f 2404 2406 2405
f 2405 2407 2406
f 2406 2408 2407
f 2407 2409 2408
f 2408 2410 2409
f 2409 2411 2410
f 2410 2412 2411
f 2411 2413 2412
f 2412 2414 2413
f 2413 2415 2414
f 2414 2416 2415
f 2415 2417 2416
f 2416 2418 2417
f 2417 2419 2418
f 2418 2420 2419
f 2419 2421 2420
f 2420 2422 2421
f 2421 2423 2422
f 2422 2424 2423
f 2423 2425 2424
f 2424 2426 2425
f 2425 2427 2426
f 2426 2428 2427
f 2427 2429 2428
f 2428 2430 2429
f 2429 2431 2430
f 2430 2432 2431
f 2431 2433 2432
f 2432 2434 2433
f 2433 2435 2434
f 2434 2436 2435
f 2435 2437 2436
f 2436 2438 2437
f 2437 2439 2438
f 2438 2440 2439
f 2439 2441 2440
f 2440 2442 2441
f 2441 2443 2442
f 2442 2444 2443
f 2443 2445 2444
f 2444 2446 2445
f 2445 2447 2446
f 2446 2448 2447
f 2447 2449 2448
f 2448 2450 2449
f 2449 2391 2450
f 2450 2393 2391
f 2451 2452 2391
f 2391 2392 2452
f 2452 2453 2392
f 2392 2395 2453
f 2453 2454 2395
f 2395 2397 2454
f 2454 2455 2397
f 2397 2399 2455
f 2455 2456 2399
f 2399 2401 2456
f 2456 2457 2401
f 2401 2403 2457
f 2457 2458 2403
f 2403 2405 2458
f 2458 2459 2405
f 2405 2407 2459
f 2459 2460 2407
f 2407 2409 2460
f 2460 2461 2409
f 2409 2411 2461
f 2461 2462 2411
f 2411 2413 2462
f 2462 2463 2413
f 2413 2415 2463
f 2463 2464 2415
f 2415 2417 2464
f 2464 2465 2417
f 2417 2419 2465
f 2465 2466 2419
f 2419 2421 2466
f 2466 2467 2421
f 2421 2423 2467
f 2467 2468 2423
f 2423 2425 2468
f 2468 2469 2425
f 2425 2427 2469
f 2469 2470 2427
f 2427 2429 2470
f 2470 2471 2429
f 2429 2431 2471
f 2471 2472 2431
f 2431 2433 2472
f 2472 2473 2433
f 2433 2435 2473
f 2473 2474 2435
f 2435 2437 2474
f 2474 2475 2437
f 2437 2439 2475
f 2475 2476 2439
f 2439 2441 2476
f 2476 2477 2441
f 2441 2443 2477
f 2477 2478 2443
f 2443 2445 2478
f 2478 2479 2445
f 2445 2447 2479
f 2479 2480 2447
f 2447 2449 2480
f 2480 2451 2449
f 2449 2391 2451
f 2481 2482 2451
f 2451 2452 2482
f 2482 2483 2452
f 2452 2453 2483
f 2483 2484 2453
f 2453 2454 2484
f 2484 2485 2454
f 2454 2455 2485
f 2485 2486 2455
f 2455 2456 2486
f 2486 2487 2456
f 2456 2457 2487
f 2487 2488 2457
f 2457 2458 2488
f 2488 2489 2458
f 2458 2459 2489
f 2489 2490 2459
f 2459 2460 2490
f 2490 2491 2460
f 2460 2461 2491
f 2491 2492 2461
f 2461 2462 2492
f 2492 2493 2462
f 2462 2463 2493
f 2493 2494 2463
f 2463 2464 2494
f 2494 2495 2464
f 2464 2465 2495
f 2495 2496 2465
f 2465 2466 2496
f 2496 2497 2466
f 2466 2467 2497
f 2497 2498 2467
f 2467 2468 2498
f 2498 2499 2468
f 2468 2469 2499
f 2499 2500 2469
f 2469 2470 2500
f 2500 2501 2470
f 2470 2471 2501
f 2501 2502 2471
f 2471 2472 2502
f 2502 2503 2472
f 2472 2473 2503
f 2503 2504 2473
f 2473 2474 2504
f 2504 2505 2474
f 2474 2475 2505
f 2505 2506 2475
f 2475 2476 2506
f 2506 2507 2476
f 2476 2477 2507
f 2507 2508 2477
f 2477 2478 2508
f 2508 2509 2478
f 2478 2479 2509
f 2509 2510 2479
f 2479 2480 2510
f 2510 2481 2480
f 2480 2451 2481
f 2511 2512 2481
f 2481 2482 2512
f 2512 2513 2482
f 2482 2483 2513
f 2513 2514 2483
f 2483 2484 2514
f 2514 2515 2484
f 2484 2485 2515
f 2515 2516 2485
f 2485 2486 2516
f 2516 2517 2486
f 2486 2487 2517
f 2517 2518 2487
f 2487 2488 2518
f 2518 2519 2488
f 2488 2489 2519
f 2519 2520 2489
f 2489 2490 2520
f 2520 2521 2490
f 2490 2491 2521
f 2521 2522 2491
f 2491 2492 2522
f 2522 2523 2492
f 2492 2493 2523
f 2523 2524 2493
f 2493 2494 2524
f 2524 2525 2494
f 2494 2495 2525
f 2525 2526 2495
f 2495 2496 2526
f 2526 2527 2496
f 2496 2497 2527
f 2527 2528 2497
f 2497 2498 2528
f 2528 2529 2498
f 2498 2499 2529
f 2529 2530 2499
f 2499 2500 2530
f 2530 2531 2500
f 2500 2501 2531
f 2531 2532 2501
f 2501 2502 2532
f 2532 2533 2502
f 2502 2503 2533
f 2533 2534 2503
f 2503 2504 2534
f 2534 2535 2504
f 2504 2505 2535
f 2535 2536 2505
f 2505 2506 2536
f 2536 2537 2506
f 2506 2507 2537
f 2537 2538 2507
f 2507 2508 2538
f 2538 2539 2508
f 2508 2509 2539
f 2539 2540 2509
f 2509 2510 2540
f 2540 2511 2510
f 2510 2481 2511
f 2541 2542 2511
f 2511 2512 2542
f 2542 2543 2512
f 2512 2513 2543
f 2543 2544 2513
f 2513 2514 2544
f 2544 2545 2514
f 2514 2515 2545
f 2545 2546 2515
f 2515 2516 2546
f 2546 2547 2516
f 2516 2517 2547
f 2547 2548 2517
f 2517 2518 2548
f 2548 2549 2518
f 2518 2519 2549
f 2549 2550 2519
f 2519 2520 2550
f 2550 2551 2520
f 2520 2521 2551
f 2551 2552 2521
f 2521 2522 2552
f 2552 2553 2522
f 2522 2523 2553
f 2553 2554 2523
f 2523 2524 2554
f 2554 2555 2524
f 2524 2525 2555
f 2555 2556 2525
f 2525 2526 2556
f 2556 2557 2526
f 2526 2527 2557
f 2557 2558 2527
f 2527 2528 2558
f 2558 2559 2528
f 2528 2529 2559
f 2559 2560 2529
f 2529 2530 2560
f 2560 2561 2530
f 2530 2531 2561
f 2561 2562 2531
f 2531 2532 2562
f 2562 2563 2532
f 2532 2533 2563
f 2563 2564 2533
f 2533 2534 2564
f 2564 2565 2534
f 2534 2535 2565
f 2565 2566 2535
f 2535 2536 2566
f 2566 2567 2536
f 2536 2537 2567
f 2567 2568 2537
f 2537 2538 2568
f 2568 2569 2538
f 2538 2539 2569
f 2569 2570 2539
f 2539 2540 2570
f 2570 2541 2540
f 2540 2511 2541
f 2571 2572 2541
f 2541 2542 2572
f 2572 2573 2542
f 2542 2543 2573
f 2573 2574 2543
f 2543 2544 2574
f 2574 2575 2544
f 2544 2545 2575
f 2575 2576 2545
f 2545 2546 2576
f 2576 2577 2546
f 2546 2547 2577
f 2577 2578 2547
f 2547 2548 2578
f 2578 2579 2548
f 2548 2549 2579
f 2579 2580 2549
f 2549 2550 2580
f 2580 2581 2550
f 2550 2551 2581
f 2581 2582 2551
f 2551 2552 2582
f 2582 2583 2552
f 2552 2553 2583
f 2583 2584 2553
f 2553 2554 2584
f 2584 2585 2554
f 2554 2555 2585
f 2585 2586 2555
f 2555 2556 2586
f 2586 2587 2556
f 2556 2557 2587
f 2587 2588 2557
f 2557 2558 2588
f 2588 2589 2558
f 2558 2559 2589
f 2589 2590 2559
f 2559 2560 2590
f 2590 2591 2560
f 2560 2561 2591
f 2591 2592 2561
f 2561 2562 2592
f 2592 2593 2562
f 2562 2563 2593
f 2593 2594 2563
f 2563 2564 2594
f 2594 2595 2564
f 2564 2565 2595
f 2595 2596 2565
f 2565 2566 2596
f 2596 2597 2566
f 2566 2567 2597
f 2597 2598 2567
f 2567 2568 2598
f 2598 2599 2568
f 2568 2569 2599
f 2599 2600 2569
f 2569 2570 2600
f 2600 2571 2570
f 2570 2541 2571
f 2601 2602 2571
f 2571 2572 2602
f 2602 2603 2572
f 2572 2573 2603
f 2603 2604 2573
f 2573 2574 2604
f 2604 2605 2574
f 2574 2575 2605
f 2605 2606 2575
f 2575 2576 2606
f 2606 2607 2576
f 2576 2577 2607
f 2607 2608 2577
f 2577 2578 2608
f 2608 2609 2578
f 2578 2579 2609
f 2609 2610 2579
f 2579 2580 2610
f 2610 2611 2580
f 2580 2581 2611
f 2611 2612 2581
f 2581 2582 2612
f 2612 2613 2582
f 2582 2583 2613
f 2613 2614 2583
f 2583 2584 2614
f 2614 2615 2584
f 2584 2585 2615
f 2615 2616 2585
f 2585 2586 2616
f 2616 2617 2586
f 2586 2587 2617
f 2617 2618 2587
f 2587 2588 2618
f 2618 2619 2588
f 2588 2589 2619
f 2619 2620 2589
f 2589 2590 2620
f 2620 2621 2590
f 2590 2591 2621
f 2621 2622 2591
f 2591 2592 2622
f 2622 2623 2592
f 2592 2593 2623
f 2623 2624 2593
f 2593 2594 2624
f 2624 2625 2594
f 2594 2595 2625
f 2625 2626 2595
f 2595 2596 2626
f 2626 2627 2596
f 2596 2597 2627
f 2627 2628 2597
f 2597 2598 2628
f 2628 2629 2598
f 2598 2599 2629
f 2629 2630 2599
f 2599 2600 2630
f 2630 2601 2600
f 2600 2571 2601
f 2631 2632 2601
f 2601 2602 2632
f 2632 2633 2602
f 2602 2603 2633
f 2633 2634 2603
f 2603 2604 2634
f 2634 2635 2604
f 2604 2605 2635
f 2635 2636 2605
f 2605 2606 2636
f 2636 2637 2606
f 2606 2607 2637
f 2637 2638 2607
f 2607 2608 2638
f 2638 2639 2608
f 2608 2609 2639
f 2639 2640 2609
f 2609 2610 2640
f 2640 2641 2610
f 2610 2611 2641
f 2641 2642 2611
f 2611 2612 2642
f 2642 2643 2612
f 2612 2613 2643
f 2643 2644 2613
f 2613 2614 2644
f 2644 2645 2614
f 2614 2615 2645
f 2645 2646 2615
f 2615 2616 2646
f 2646 2647 2616
f 2616 2617 2647
f 2647 2648 2617
f 2617 2618 2648
f 2648 2649 2618
f 2618 2619 2649
f 2649 2650 2619
f 2619 2620 2650
f 2650 2651 2620
f 2620 2621 2651
f 2651 2652 2621
f 2621 2622 2652
f 2652 2653 2622
f 2622 2623 2653
f 2653 2654 2623
f 2623 2624 2654
f 2654 2655 2624
f 2624 2625 2655
f 2655 2656 2625
f 2625 2626 2656
f 2656 2657 2626
f 2626 2627 2657
f 2657 2658 2627
f 2627 2628 2658
f 2658 2659 2628
f 2628 2629 2659
f 2659 2660 2629
f 2629 2630 2660
f 2660 2631 2630
f 2630 2601 2631
f 2661 2662 2631
f 2631 2632 2662
f 2662 2663 2632
f 2632 2633 2663
f 2663 2664 2633
f 2633 2634 2664
f 2664 2665 2634
f 2634 2635 2665
f 2665 2666 2635
f 2635 2636 2666
f 2666 2667 2636
f 2636 2637 2667
f 2667 2668 2637
f 2637 2638 2668
f 2668 2669 2638
f 2638 2639 2669
f 2669 2670 2639
f 2639 2640 2670
f 2670 2671 2640
f 2640 2641 2671
f 2671 2672 2641
f 2641 2642 2672
f 2672 2673 2642
f 2642 2643 2673
f 2673 2674 2643
f 2643 2644 2674
f 2674 2675 2644
f 2644 2645 2675
f 2675 2676 2645
f 2645 2646 2676
f 2676 2677 2646
f 2646 2647 2677
f 2677 2678 2647
f 2647 2648 2678
f 2678 2679 2648
f 2648 2649 2679
f 2679 2680 2649
f 2649 2650 2680
f 2680 2681 2650
f 2650 2651 2681
f 2681 2682 2651
f 2651 2652 2682
f 2682 2683 2652
f 2652 2653 2683
f 2683 2684 2653
f 2653 2654 2684
f 2684 2685 2654
f 2654 2655 2685
f 2685 2686 2655
f 2655 2656 2686
f 2686 2687 2656
f 2656 2657 2687
f 2687 2688 2657
f 2657 2658 2688
f 2688 2689 2658
f 2658 2659 2689
f 2689 2690 2659
f 2659 2660 2690
f 2690 2661 2660
f 2660 2631 2661
f 2691 2692 2661
f 2661 2662 2692
f 2692 2693 2662
f 2662 2663 2693
f 2693 2694 2663
f 2663 2664 2694
f 2694 2695 2664
f 2664 2665 2695
f 2695 2696 2665
f 2665 2666 2696
f 2696 2697 2666
f 2666 2667 2697
f 2697 2698 2667
f 2667 2668 2698
f 2698 2699 2668
f 2668 2669 2699
f 2699 2700 2669
f 2669 2670 2700
f 2700 2701 2670
f 2670 2671 2701
f 2701 2702 2671
f 2671 2672 2702
f 2702 2703 2672
f 2672 2673 2703
f 2703 2704 2673
f 2673 2674 2704
f 2704 2705 2674
f 2674 2675 2705
f 2705 2706 2675
f 2675 2676 2706
f 2706 2707 2676
f 2676 2677 2707
f 2707 2708 2677
f 2677 2678 2708
f 2708 2709 2678
f 2678 2679 2709
f 2709 2710 2679
f 2679 2680 2710
f 2710 2711 2680
f 2680 2681 2711
f 2711 2712 2681
f 2681 2682 2712
f 2712 2713 2682
f 2682 2683 2713
f 2713 2714 2683
f 2683 2684 2714
f 2714 2715 2684
f 2684 2685 2715
f 2715 2716 2685
f 2685 2686 2716
f 2716 2717 2686
f 2686 2687 2717
f 2717 2718 2687
f 2687 2688 2718
f 2718 2719 2688
f 2688 2689 2719
f 2719 2720 2689
f 2689 2690 2720
f 2720 2691 2690
f 2690 2661 2691
f 2721 2722 2691
f 2691 2692 2722
f 2722 2723 2692
f 2692 2693 2723
f 2723 2724 2693
f 2693 2694 2724
f 2724 2725 2694
f 2694 2695 2725
f 2725 2726 2695
f 2695 2696 2726
f 2726 2727 2696
f 2696 2697 2727
f 2727 2728 2697
f 2697 2698 2728
f 2728 2729 2698
f 2698 2699 2729
f 2729 2730 2699
f 2699 2700 2730
f 2730 2731 2700
f 2700 2701 2731
f 2731 2732 2701
f 2701 2702 2732
f 2732 2733 2702
f 2702 2703 2733
f 2733 2734 2703
f 2703 2704 2734
f 2734 2735 2704
f 2704 2705 2735
f 2735 2736 2705
f 2705 2706 2736
f 2736 2737 2706
f 2706 2707 2737
f 2737 2738 2707
f 2707 2708 2738
f 2738 2739 2708
f 2708 2709 2739
f 2739 2740 2709
f 2709 2710 2740
f 2740 2741 2710
f 2710 2711 2741
f 2741 2742 2711
f 2711 2712 2742
f 2742 2743 2712
f 2712 2713 2743
f 2743 2744 2713
f 2713 2714 2744
f 2744 2745 2714
f 2714 2715 2745
f 2745 2746 2715
f 2715 2716 2746
f 2746 2747 2716
f 2716 2717 2747
f 2747 2748 2717
f 2717 2718 2748
f 2748 2749 2718
f 2718 2719 2749
f 2749 2750 2719
f 2719 2720 2750
f 2750 2721 2720
f 2720 2691 2721
f 2751 2752 2721
f 2721 2722 2752
f 2752 2753 2722
f 2722 2723 2753
f 2753 2754 2723
f 2723 2724 2754
f 2754 2755 2724
f 2724 2725 2755
f 2755 2756 2725
f 2725 2726 2756
f 2756 2757 2726
f 2726 2727 2757
f 2757 2758 2727
f 2727 2728 2758
f 2758 2759 2728
f 2728 2729 2759
f 2759 2760 2729
f 2729 2730 2760
f 2760 2761 2730
f 2730 2731 2761
f 2761 2762 2731
f 2731 2732 2762
f 2762 2763 2732
f 2732 2733 2763
f 2763 2764 2733
f 2733 2734 2764
f 2764 2765 2734
f 2734 2735 2765
f 2765 2766 2735
f 2735 2736 2766
f 2766 2767 2736
f 2736 2737 2767
f 2767 2768 2737
f 2737 2738 2768
f 2768 2769 2738
f 2738 2739 2769
f 2769 2770 2739
f 2739 2740 2770
f 2770 2771 2740
f 2740 2741 2771
f 2771 2772 2741
f 2741 2742 2772
f 2772 2773 2742
f 2742 2743 2773
f 2773 2774 2743
f 2743 2744 2774
f 2774 2775 2744
f 2744 2745 2775
f 2775 2776 2745
f 2745 2746 2776
f 2776 2777 2746
f 2746 2747 2777
f 2777 2778 2747
f 2747 2748 2778
f 2778 2779 2748
f 2748 2749 2779
f 2779 2780 2749
f 2749 2750 2780
f 2780 2751 2750
f 2750 2721 2751
f 2781 2782 2751
f 2751 2752 2782
f 2782 2783 2752
f 2752 2753 2783
f 2783 2784 2753
f 2753 2754 2784
f 2784 2785 2754
f 2754 2755 2785
f 2785 2786 2755
f 2755 2756 2786
f 2786 2787 2756
f 2756 2757 2787
f 2787 2788 2757
f 2757 2758 2788
f 2788 2789 2758
f 2758 2759 2789
f 2789 2790 2759
f 2759 2760 2790
f 2790 2791 2760
f 2760 2761 2791
f 2791 2792 2761
f 2761 2762 2792
f 2792 2793 2762
f 2762 2763 2793
f 2793 2794 2763
f 2763 2764 2794
f 2794 2795 2764
f 2764 2765 2795
f 2795 2796 2765
f 2765 2766 2796
f 2796 2797 2766
f 2766 2767 2797
f 2797 2798 2767
f 2767 2768 2798
f 2798 2799 2768
f 2768 2769 2799
f 2799 2800 2769
f 2769 2770 2800
f 2800 2801 2770
f 2770 2771 2801
f 2801 2802 2771
f 2771 2772 2802
f 2802 2803 2772
f 2772 2773 2803
f 2803 2804 2773
f 2773 2774 2804
f 2804 2805 2774
f 2774 2775 2805
f 2805 2806 2775
f 2775 2776 2806
f 2806 2807 2776
f 2776 2777 2807
f 2807 2808 2777
f 2777 2778 2808
f 2808 2809 2778
f 2778 2779 2809
f 2809 2810 2779
f 2779 2780 2810
f 2810 2781 2780
f 2780 2751 2781
f 2811 2812 2781
f 2781 2782 2812
f 2812 2813 2782
f 2782 2783 2813
f 2813 2814 2783
f 2783 2784 2814
f 2814 2815 2784
f 2784 2785 2815
f 2815 2816 2785
f 2785 2786 2816
f 2816 2817 2786
f 2786 2787 2817
f 2817 2818 2787
f 2787 2788 2818
f 2818 2819 2788
f 2788 2789 2819
f 2819 2820 2789
f 2789 2790 2820
f 2820 2821 2790
f 2790 2791 2821
f 2821 2822 2791
f 2791 2792 2822
f 2822 2823 2792
f 2792 2793 2823
f 2823 2824 2793
f 2793 2794 2824
f 2824 2825 2794
f 2794 2795 2825
f 2825 2826 2795
f 2795 2796 2826
f 2826 2827 2796
f 2796 2797 2827
f 2827 2828 2797
f 2797 2798 2828
f 2828 2829 2798
f 2798 2799 2829
f 2829 2830 2799
f 2799 2800 2830
f 2830 2831 2800
f 2800 2801 2831
f 2831 2832 2801
f 2801 2802 2832
f 2832 2833 2802
f 2802 2803 2833
f 2833 2834 2803
f 2803 2804 2834
f 2834 2835 2804
f 2804 2805 2835
f 2835 2836 2805
f 2805 2806 2836
f 2836 2837 2806
f 2806 2807 2837
f 2837 2838 2807
f 2807 2808 2838
f 2838 2839 2808
f 2808 2809 2839
f 2839 2840 2809
f 2809 2810 2840
f 2840 2811 2810
f 2810 2781 2811
f 2841 2842 2843
f 2841 2843 2844
f 2844 2843 2845
f 2844 2845 2846
f 2846 2845 2847
f 2846 2847 2848
f 2848 2847 2842
f 2848 2842 2841
f 2842 2849 2850
f 2842 2850 2843
f 2843 2850 2851
f 2843 2851 2845
f 2845 2851 2852
f 2845 2852 2847
f 2847 2852 2849
f 2847 2849 2842
f 2849 2853 2854
f 2849 2854 2850
f 2850 2854 2855
f 2850 2855 2851
f 2851 2855 2856
f 2851 2856 2852
f 2852 2856 2853
f 2852 2853 2849
f 2853 2857 2858
f 2853 2858 2854
f 2854 2858 2859
f 2854 2859 2855
f 2855 2859 2860
f 2855 2860 2856
f 2856 2860 2857
f 2856 2857 2853
f 2857 2861 2862
f 2857 2862 2858
f 2858 2862 2863
f 2858 2863 2859
f 2859 2863 2864
f 2859 2864 2860
f 2860 2864 2861
f 2860 2861 2857
f 2861 2865 2866
f 2861 2866 2862
f 2862 2866 2867
f 2862 2867 2863
f 2863 2867 2868
f 2863 2868 2864
f 2864 2868 2865
f 2864 2865 2861
f 2865 2869 2870
f 2865 2870 2866
f 2866 2870 2871
f 2866 2871 2867
f 2867 2871 2872
f 2867 2872 2868
f 2868 2872 2869
f 2868 2869 2865
f 2869 2873 2874
f 2869 2874 2870
f 2870 2874 2875
f 2870 2875 2871
f 2871 2875 2876
f 2871 2876 2872
f 2872 2876 2873
f 2872 2873 2869
f 2873 2877 2878
f 2873 2878 2874
f 2874 2878 2879
f 2874 2879 2875
f 2875 2879 2880
f 2875 2880 2876
f 2876 2880 2877
f 2876 2877 2873
f 2881 2882 2883
f 2883 2884 2881
f 2877 2885 2878
f 2886 2887 2888
f 2888 2889 2886
f 2878 2885 2879
f 2890 2891 2892
f 2892 2893 2890
f 2879 2885 2880
f 2894 2895 2896
f 2896 2897 2894
f 2880 2885 2877
f 2898 2899 2900
f 2898 2900 2901
f 2901 2900 2902
f 2901 2902 2903
f 2903 2902 2904
f 2903 2904 2905
f 2905 2904 2899
f 2905 2899 2898
f 2899 2906 2907
f 2899 2907 2900
f 2900 2907 2908
f 2900 2908 2902
f 2902 2908 2909
f 2902 2909 2904
f 2904 2909 2906
f 2904 2906 2899
f 2906 2910 2911
f 2906 2911 2907
f 2907 2911 2912
f 2907 2912 2908
f 2908 2912 2913
f 2908 2913 2909
f 2909 2913 2910
f 2909 2910 2906
f 2910 2914 2915
f 2910 2915 2911
f 2911 2915 2916
f 2911 2916 2912
f 2912 2916 2917
f 2912 2917 2913
f 2913 2917 2914
f 2913 2914 2910
f 2914 2918 2919
f 2914 2919 2915
f 2915 2919 2920
f 2915 2920 2916
f 2916 2920 2921
f 2916 2921 2917
f 2917 2921 2918
f 2917 2918 2914
f 2918 2922 2923
f 2918 2923 2919
f 2919 2923 2924
f 2919 2924 2920
f 2920 2924 2925
f 2920 2925 2921
f 2921 2925 2922
f 2921 2922 2918
f 2922 2926 2927
f 2922 2927 2923
f 2923 2927 2928
f 2923 2928 2924
f 2924 2928 2929
f 2924 2929 2925
f 2925 2929 2926
f 2925 2926 2922
f 2926 2930 2931
f 2926 2931 2927
f 2927 2931 2932
f 2927 2932 2928
f 2928 2932 2933
f 2928 2933 2929
f 2929 2933 2930
f 2929 2930 2926
f 2930 2934 2935
f 2930 2935 2931
f 2931 2935 2936
f 2931 2936 2932
f 2932 2936 2937
f 2932 2937 2933
f 2933 2937 2934
f 2933 2934 2930
f 2938 2939 2940
f 2940 2941 2938
f 2934 2942 2935
f 2943 2944 2945
f 2945 2946 2943
f 2935 2942 2936
f 2947 2948 2949
f 2949 2950 2947
f 2936 2942 2937
f 2951 2952 2953
f 2953 2954 2951
f 2937 2942 2934
f 2955 2956 2957
f 2955 2957 2958
f 2958 2957 2959
f 2958 2959 2960
f 2960 2959 2961
f 2960 2961 2962
f 2962 2961 2956
f 2962 2956 2955
f 2956 2963 2964
f 2956 2964 2957
f 2957 2964 2965
f 2957 2965 2959
f 2959 2965 2966
f 2959 2966 2961
f 2961 2966 2963
f 2961 2963 2956
f 2963 2967 2968
f 2963 2968 2964
f 2964 2968 2969
f 2964 2969 2965
f 2965 2969 2970
f 2965 2970 2966
f 2966 2970 2967
f 2966 2967 2963
f 2967 2971 2972
f 2967 2972 2968
f 2968 2972 2973
f 2968 2973 2969
f 2969 2973 2974
f 2969 2974 2970
f 2970 2974 2971
f 2970 2971 2967
f 2971 2975 2976
f 2971 2976 2972
f 2972 2976 2977
f 2972 2977 2973
f 2973 2977 2978
f 2973 2978 2974
f 2974 2978 2975
f 2974 2975 2971
f 2975 2979 2980
f 2975 2980 2976
f 2976 2980 2981
f 2976 2981 2977
f 2977 2981 2982
f 2977 2982 2978
f 2978 2982 2979
f 2978 2979 2975
f 2979 2983 2984
f 2979 2984 2980
f 2980 2984 2985
f 2980 2985 2981
f 2981 2985 2986
f 2981 2986 2982
f 2982 2986 2983
f 2982 2983 2979
f 2983 2987 2988
f 2983 2988 2984
f 2984 2988 2989
f 2984 2989 2985
f 2985 2989 2990
f 2985 2990 2986
f 2986 2990 2987
f 2986 2987 2983
f 2987 2991 2992
f 2987 2992 2988
f 2988 2992 2993
f 2988 2993 2989
f 2989 2993 2994
f 2989 2994 2990
f 2990 2994 2991
f 2990 2991 2987
f 2995 2996 2997
f 2997 2998 2995
f 2991 2999 2992
f 3000 3001 3002
f 3002 3003 3000
f 2992 2999 2993
f 3004 3005 3006
f 3006 3007 3004
f 2993 2999 2994
f 3008 3009 3010
f 3010 3011 3008
f 2994 2999 2991
f 3012 3013 3014
f 3012 3014 3015
f 3015 3014 3016
f 3015 3016 3017
f 3017 3016 3018
f 3017 3018 3019
f 3019 3018 3013
f 3019 3013 3012
f 3013 3020 3021
f 3013 3021 3014
f 3014 3021 3022
f 3014 3022 3016
f 3016 3022 3023
f 3016 3023 3018
f 3018 3023 3020
f 3018 3020 3013
f 3020 3024 3025
f 3020 3025 3021
f 3021 3025 3026
f 3021 3026 3022
f 3022 3026 3027
f 3022 3027 3023
f 3023 3027 3024
f 3023 3024 3020
f 3024 3028 3029
f 3024 3029 3025
f 3025 3029 3030
f 3025 3030 3026
f 3026 3030 3031
f 3026 3031 3027
f 3027 3031 3028
f 3027 3028 3024
f 3028 3032 3033
f 3028 3033 3029
f 3029 3033 3034
f 3029 3034 3030
f 3030 3034 3035
f 3030 3035 3031
f 3031 3035 3032
f 3031 3032 3028
f 3032 3036 3037
f 3032 3037 3033
f 3033 3037 3038
f 3033 3038 3034
f 3034 3038 3039
f 3034 3039 3035
f 3035 3039 3036
f 3035 3036 3032
f 3036 3040 3041
f 3036 3041 3037
f 3037 3041 3042
f 3037 3042 3038
f 3038 3042 3043
f 3038 3043 3039
f 3039 3043 3040
f 3039 3040 3036
f 3040 3044 3045
f 3040 3045 3041
f 3041 3045 3046
f 3041 3046 3042
f 3042 3046 3047
f 3042 3047 3043
f 3043 3047 3044
f 3043 3044 3040
f 3044 3048 3049
f 3044 3049 3045
f 3045 3049 3050
f 3045 3050 3046
f 3046 3050 3051
f 3046 3051 3047
f 3047 3051 3048
f 3047 3048 3044
f 3052 3053 3054
f 3054 3055 3052
f 3048 3056 3049
f 3057 3058 3059
f 3059 3060 3057
f 3049 3056 3050
f 3061 3062 3063
f 3063 3064 3061
f 3050 3056 3051
f 3065 3066 3067
f 3067 3068 3065
f 3051 3056 3048
f 3069 3070 3071
f 3069 3071 3072
f 3069 3072 3073
f 3069 3073 3074
f 3069 3074 3075
f 3069 3075 3076
f 3069 3076 3077
f 3069 3077 3078
f 3069 3078 3079
f 3069 3079 3080
f 3069 3080 3081
f 3069 3081 3082
f 3069 3082 3083
f 3069 3083 3084
f 3069 3084 3085
f 3069 3085 3086
f 3069 3086 3087
f 3069 3087 3088
f 3069 3088 3089
f 3069 3089 3090
f 3069 3090 3091
f 3069 3091 3092
f 3069 3092 3093
f 3069 3093 3070
f 3070 3071 3094
f 3094 3095 3071
f 3071 3072 3095
f 3095 3096 3072
f 3072 3073 3096
f 3096 3097 3073
f 3073 3074 3097
f 3097 3098 3074
f 3074 3075 3098
f 3098 3099 3075
f 3075 3076 3099
f 3099 3100 3076
f 3076 3077 3100
f 3100 3101 3077
f 3077 3078 3101
f 3101 3102 3078
f 3078 3079 3102
f 3102 3103 3079
f 3079 3080 3103
f 3103 3104 3080
f 3080 3081 3104
f 3104 3105 3081
f 3081 3082 3105
f 3105 3106 3082
f 3082 3083 3106
f 3106 3107 3083
f 3083 3084 3107
f 3107 3108 3084
f 3084 3085 3108
f 3108 3109 3085
f 3085 3086 3109
f 3109 3110 3086
f 3086 3087 3110
f 3110 3111 3087
f 3087 3088 3111
f 3111 3112 3088
f 3088 3089 3112
f 3112 3113 3089
f 3089 3090 3113
f 3113 3114 3090
f 3090 3091 3114
f 3114 3115 3091
f 3091 3092 3115
f 3115 3116 3092
f 3092 3093 3116
f 3116 3117 3093
f 3093 3070 3117
f 3117 3094 3070
f 3094 3095 3118
f 3118 3119 3095
f 3095 3096 3119
f 3119 3120 3096
f 3096 3097 3120
f 3120 3121 3097
f 3097 3098 3121
f 3121 3122 3098
f 3098 3099 3122
f 3122 3123 3099
f 3099 3100 3123
f 3123 3124 3100
f 3100 3101 3124
f 3124 3125 3101
f 3101 3102 3125
f 3125 3126 3102
f 3102 3103 3126
f 3126 3127 3103
f 3103 3104 3127
f 3127 3128 3104
f 3104 3105 3128
f 3128 3129 3105
f 3105 3106 3129
f 3129 3130 3106
f 3106 3107 3130
f 3130 3131 3107
f 3107 3108 3131
f 3131 3132 3108
f 3108 3109 3132
f 3132 3133 3109
f 3109 3110 3133
f 3133 3134 3110
f 3110 3111 3134
f 3134 3135 3111
f 3111 3112 3135
f 3135 3136 3112
f 3112 3113 3136
f 3136 3137 3113
f 3113 3114 3137
f 3137 3138 3114
f 3114 3115 3138
f 3138 3139 3115
f 3115 3116 3139
f 3139 3140 3116
f 3116 3117 3140
f 3140 3141 3117
f 3117 3094 3141
f 3141 3118 3094
f 3118 3119 3142
f 3142 3143 3119
f 3119 3120 3143
f 3143 3144 3120
f 3120 3121 3144
f 3144 3145 3121
f 3121 3122 3145
f 3145 3146 3122
f 3122 3123 3146
f 3146 3147 3123
f 3123 3124 3147
f 3147 3148 3124
f 3124 3125 3148
f 3148 3149 3125
f 3125 3126 3149
f 3149 3150 3126
f 3126 3127 3150
f 3150 3151 3127
f 3127 3128 3151
f 3151 3152 3128
f 3128 3129 3152
f 3152 3153 3129
f 3129 3130 3153
f 3153 3154 3130
f 3130 3131 3154
f 3154 3155 3131
f 3131 3132 3155
f 3155 3156 3132
f 3132 3133 3156
f 3156 3157 3133
f 3133 3134 3157
f 3157 3158 3134
f 3134 3135 3158
f 3158 3159 3135
f 3135 3136 3159
f 3159 3160 3136
f 3136 3137 3160
f 3160 3161 3137
f 3137 3138 3161
f 3161 3162 3138
f 3138 3139 3162
f 3162 3163 3139
f 3139 3140 3163
f 3163 3164 3140
f 3140 3141 3164
f 3164 3165 3141
f 3141 3118 3165
f 3165 3142 3118
f 3142 3143 3166
f 3166 3167 3143
f 3143 3144 3167
f 3167 3168 3144
f 3144 3145 3168
f 3168 3169 3145
f 3145 3146 3169
f 3169 3170 3146
f 3146 3147 3170
f 3170 3171 3147
f 3147 3148 3171
f 3171 3172 3148
f 3148 3149 3172
f 3172 3173 3149
f 3149 3150 3173
f 3173 3174 3150
f 3150 3151 3174
f 3174 3175 3151
f 3151 3152 3175
f 3175 3176 3152
f 3152 3153 3176
f 3176 3177 3153
f 3153 3154 3177
f 3177 3178 3154
f 3154 3155 3178
f 3178 3179 3155
f 3155 3156 3179
f 3179 3180 3156
f 3156 3157 3180
f 3180 3181 3157
f 3157 3158 3181
f 3181 3182 3158
f 3158 3159 3182
f 3182 3183 3159
f 3159 3160 3183
f 3183 3184 3160
f 3160 3161 3184
f 3184 3185 3161
f 3161 3162 3185
f 3185 3186 3162
f 3162 3163 3186
f 3186 3187 3163
f 3163 3164 3187
f 3187 3188 3164
f 3164 3165 3188
f 3188 3189 3165
f 3165 3142 3189
f 3189 3166 3142
f 3166 3167 3190
f 3190 3191 3167
f 3167 3168 3191
f 3191 3192 3168
f 3168 3169 3192
f 3192 3193 3169
f 3169 3170 3193
f 3193 3194 3170
f 3170 3171 3194
f 3194 3195 3171
f 3171 3172 3195
f 3195 3196 3172
f 3172 3173 3196
f 3196 3197 3173
f 3173 3174 3197
f 3197 3198 3174
f 3174 3175 3198
f 3198 3199 3175
f 3175 3176 3199
f 3199 3200 3176
f 3176 3177 3200
f 3200 3201 3177
f 3177 3178 3201
f 3201 3202 3178
f 3178 3179 3202
f 3202 3203 3179
f 3179 3180 3203
f 3203 3204 3180
f 3180 3181 3204
f 3204 3205 3181
f 3181 3182 3205
f 3205 3206 3182
f 3182 3183 3206
f 3206 3207 3183
f 3183 3184 3207
f 3207 3208 3184
f 3184 3185 3208
f 3208 3209 3185
f 3185 3186 3209
f 3209 3210 3186
f 3186 3187 3210
f 3210 3211 3187
f 3187 3188 3211
f 3211 3212 3188
f 3188 3189 3212
f 3212 3213 3189
f 3189 3166 3213
f 3213 3190 3166
f 3190 3191 3214
f 3214 3215 3191
f 3191 3192 3215
f 3215 3216 3192
f 3192 3193 3216
f 3216 3217 3193
f 3193 3194 3217
f 3217 3218 3194
f 3194 3195 3218
f 3218 3219 3195
f 3195 3196 3219
f 3219 3220 3196
f 3196 3197 3220
f 3220 3221 3197
f 3197 3198 3221
f 3221 3222 3198
f 3198 3199 3222
f 3222 3223 3199
f 3199 3200 3223
f 3223 3224 3200
f 3200 3201 3224
f 3224 3225 3201
f 3201 3202 3225
f 3225 3226 3202
f 3202 3203 3226
f 3226 3227 3203
f 3203 3204 3227
f 3227 3228 3204
f 3204 3205 3228
f 3228 3229 3205
f 3205 3206 3229
f 3229 3230 3206
f 3206 3207 3230
f 3230 3231 3207
f 3207 3208 3231
f 3231 3232 3208
f 3208 3209 3232
f 3232 3233 3209
f 3209 3210 3233
f 3233 3234 3210
f 3210 3211 3234
f 3234 3235 3211
f 3211 3212 3235
f 3235 3236 3212
f 3212 3213 3236
f 3236 3237 3213
f 3213 3190 3237
f 3237 3214 3190
f 3214 3215 3238
f 3238 3239 3215
f 3215 3216 3239
f 3239 3240 3216
f 3216 3217 3240
f 3240 3241 3217
f 3217 3218 3241
f 3241 3242 3218
f 3218 3219 3242
f 3242 3243 3219
f 3219 3220 3243
f 3243 3244 3220
f 3220 3221 3244
f 3244 3245 3221
f 3221 3222 3245
f 3245 3246 3222
f 3222 3223 3246
f 3246 3247 3223
f 3223 3224 3247
f 3247 3248 3224
f 3224 3225 3248
f 3248 3249 3225
f 3225 3226 3249
f 3249 3250 3226
f 3226 3227 3250
f 3250 3251 3227
f 3227 3228 3251
f 3251 3252 3228
f 3228 3229 3252
f 3252 3253 3229
f 3229 3230 3253
f 3253 3254 3230
f 3230 3231 3254
f 3254 3255 3231
f 3231 3232 3255
f 3255 3256 3232
f 3232 3233 3256
f 3256 3257 3233
f 3233 3234 3257
f 3257 3258 3234
f 3234 3235 3258
f 3258 3259 3235
f 3235 3236 3259
f 3259 3260 3236
f 3236 3237 3260
f 3260 3261 3237
f 3237 3214 3261
f 3261 3238 3214
f 3238 3239 3262
f 3262 3263 3239
f 3239 3240 3263
f 3263 3264 3240
f 3240 3241 3264
f 3264 3265 3241
f 3241 3242 3265
f 3265 3266 3242
f 3242 3243 3266
f 3266 3267 3243
f 3243 3244 3267
f 3267 3268 3244
f 3244 3245 3268
f 3268 3269 3245
f 3245 3246 3269
f 3269 3270 3246
f 3246 3247 3270
f 3270 3271 3247
f 3247 3248 3271
f 3271 3272 3248
f 3248 3249 3272
f 3272 3273 3249
f 3249 3250 3273
f 3273 3274 3250
f 3250 3251 3274
f 3274 3275 3251
f 3251 3252 3275
f 3275 3276 3252
f 3252 3253 3276
f 3276 3277 3253
f 3253 3254 3277
f 3277 3278 3254
f 3254 3255 3278
f 3278 3279 3255
f 3255 3256 3279
f 3279 3280 3256
f 3256 3257 3280
f 3280 3281 3257
f 3257 3258 3281
f 3281 3282 3258
f 3258 3259 3282
f 3282 3283 3259
f 3259 3260 3283
f 3283 3284 3260
f 3260 3261 3284
f 3284 3285 3261
f 3261 3238 3285
f 3285 3262 3238
f 3262 3263 3286
f 3286 3287 3263
f 3263 3264 3287
f 3287 3288 3264
f 3264 3265 3288
f 3288 3289 3265
f 3265 3266 3289
f 3289 3290 3266
f 3266 3267 3290
f 3290 3291 3267
f 3267 3268 3291
f 3291 3292 3268
f 3268 3269 3292
f 3292 3293 3269
f 3269 3270 3293
f 3293 3294 3270
f 3270 3271 3294
f 3294 3295 3271
f 3271 3272 3295
f 3295 3296 3272
f 3272 3273 3296
f 3296 3297 3273
f 3273 3274 3297
f 3297 3298 3274
f 3274 3275 3298
f 3298 3299 3275
f 3275 3276 3299
f 3299 3300 3276
f 3276 3277 3300
f 3300 3301 3277
f 3277 3278 3301
f 3301 3302 3278
f 3278 3279 3302
f 3302 3303 3279
f 3279 3280 3303
f 3303 3304 3280
f 3280 3281 3304
f 3304 3305 3281
f 3281 3282 3305
f 3305 3306 3282
f 3282 3283 3306
f 3306 3307 3283
f 3283 3284 3307
f 3307 3308 3284
f 3284 3285 3308
f 3308 3309 3285
f 3285 3262 3309
f 3309 3286 3262
f 3286 3287 3310
f 3310 3311 3287
f 3287 3288 3311
f 3311 3312 3288
f 3288 3289 3312
f 3312 3313 3289
f 3289 3290 3313
f 3313 3314 3290
f 3290 3291 3314
f 3314 3315 3291
f 3291 3292 3315
f 3315 3316 3292
f 3292 3293 3316
f 3316 3317 3293
f 3293 3294 3317
f 3317 3318 3294
f 3294 3295 3318
f 3318 3319 3295
f 3295 3296 3319
f 3319 3320 3296
f 3296 3297 3320
f 3320 3321 3297
f 3297 3298 3321
f 3321 3322 3298
f 3298 3299 3322
f 3322 3323 3299
f 3299 3300 3323
f 3323 3324 3300
f 3300 3301 3324
f 3324 3325 3301
f 3301 3302 3325
f 3325 3326 3302
f 3302 3303 3326
f 3326 3327 3303
f 3303 3304 3327
f 3327 3328 3304
f 3304 3305 3328
f 3328 3329 3305
f 3305 3306 3329
f 3329 3330 3306
f 3306 3307 3330
f 3330 3331 3307
f 3307 3308 3331
f 3331 3332 3308
f 3308 3309 3332
f 3332 3333 3309
f 3309 3286 3333
f 3333 3310 3286
f 3310 3311 3334
f 3311 3312 3334
f 3312 3313 3334
f 3313 3314 3334
f 3314 3315 3334
f 3315 3316 3334
f 3316 3317 3334
f 3317 3318 3334
f 3318 3319 3334
f 3319 3320 3334
f 3320 3321 3334
f 3321 3322 3334
f 3322 3323 3334
f 3323 3324 3334
f 3324 3325 3334
f 3325 3326 3334
f 3326 3327 3334
f 3327 3328 3334
f 3328 3329 3334
f 3329 3330 3334
f 3330 3331 3334
f 3331 3332 3334
f 3332 3333 3334
f 3333 3310 3334
f 65 67 68
f 67 65 66
f 70 72 73
f 72 70 71
f 74 76 77
f 76 74 75
f 78 80 81
f 80 78 79
f 146 148 149
f 148 146 147
f 151 153 154
f 153 151 152
f 146 156 149
f 156 146 155
f 157 159 160
f 159 157 158
f 225 227 228
f 227 225 226
f 230 232 233
f 232 230 231
f 225 235 228
f 235 225 234
f 236 238 239
f 238 236 237
f 304 306 307
f 306 304 305
f 309 311 312
f 311 309 310
f 304 314 307
f 314 304 313
f 315 317 318
f 317 315 316
f 383 385 386
f 385 383 384
f 388 390 391
f 390 388 389
f 392 394 395
f 394 392 393
f 396 398 399
f 398 396 397
f 464 466 467
f 466 464 465
f 469 471 472
f 471 469 470
f 473 475 467
f 475 473 474
f 476 478 479
f 478 476 477
f 1151 1153 1154
f 1153 1151 1152
f 1156 1158 1159
f 1158 1156 1157
f 1160 1162 1163
f 1162 1160 1161
f 1164 1166 1167
f 1166 1164 1165
f 1230 1232 1233
f 1232 1230 1231
f 1235 1237 1238
f 1237 1235 1236
f 1239 1241 1242
f 1241 1239 1240
f 1243 1245 1246
f 1245 1243 1244
f 1309 1311 1312
f 1311 1309 1310
f 1314 1316 1317
f 1316 1314 1315
f 1318 1320 1321
f 1320 1318 1319
f 1322 1324 1325
f 1324 1322 1323
f 1591 1593 1594
f 1593 1591 1592
f 1596 1598 1599
f 1598 1596 1597
f 1600 1602 1603
f 1602 1600 1601
f 1604 1606 1607
f 1606 1604 1605
f 1873 1875 1876
f 1875 1873 1874
f 1878 1880 1881
f 1880 1878 1879
f 1882 1884 1885
f 1884 1882 1883
f 1886 1888 1889
f 1888 1886 1887
f 2155 2157 2158
f 2157 2155 2156
f 2160 2162 2163
f 2162 2160 2161
f 2164 2166 2167
f 2166 2164 2165
f 2168 2170 2171
f 2170 2168 2169
f 2317 2319 2320
f 2319 2317 2318
f 2322 2324 2325
f 2324 2322 2323
f 2326 2328 2329
f 2328 2326 2327
f 2330 2332 2333
f 2332 2330 2331
f 2374 2376 2377
f 2376 2374 2375
f 2379 2381 2382
f 2381 2379 2380
f 2383 2385 2386
f 2385 2383 2384
f 2387 2389 2390
f 2389 2387 2388
f 2881 2883 2884
f 2883 2881 2882
f 2886 2888 2889
f 2888 2886 2887
f 2890 2892 2893
f 2892 2890 2891
f 2894 2896 2897
f 2896 2894 2895
f 2938 2940 2941
f 2940 2938 2939
f 2943 2945 2946
f 2945 2943 2944
f 2947 2949 2950
f 2949 2947 2948
f 2951 2953 2954
f 2953 2951 2952
f 2995 2997 2998
f 2997 2995 2996
f 3000 3002 3003
f 3002 3000 3001
f 3004 3006 3007
f 3006 3004 3005
f 3008 3010 3011
f 3010 3008 3009
f 3052 3054 3055
f 3054 3052 3053
f 3057 3059 3060
f 3059 3057 3058
f 3061 3063 3064
f 3063 3061 3062
f 3065 3067 3068
f 3067 3065 3066

