# https://github.com/mikedh/trimesh

o m33.off
v 0.28323600 0.59769100 0.90949000
v 0.28323500 0.59982900 0.91846500
v 0.28903100 0.59810600 0.91846500
v 0.28701900 0.59660500 0.90949000
v 0.28323400 0.59775800 0.93055600
v 0.29034400 0.59554300 0.93055600
v 0.28323400 0.59294600 0.94232400
v 0.29080000 0.59056200 0.94210900
v 0.28323300 0.58765600 0.95337300
v 0.29034300 0.58521000 0.95311300
v 0.28323300 0.58137800 0.96298200
v 0.28902900 0.57944400 0.96281800
v 0.28323200 0.57458300 0.97057200
v 0.28701600 0.57351900 0.97053100
v 0.28323200 0.56797000 0.97500000
v 0.28454700 0.56783700 0.97500000
v 0.29560900 0.59190700 0.91825100
v 0.29047100 0.59015300 0.90949000
v 0.29697500 0.58762000 0.93012800
v 0.29759700 0.58222400 0.94160600
v 0.29643100 0.57846700 0.95266900
v 0.29312300 0.57350200 0.96207300
v 0.28926300 0.56969300 0.96952500
v 0.28550900 0.56666300 0.97500000
v 0.29887000 0.57890500 0.91859300
v 0.29252600 0.58190700 0.90949000
v 0.29947900 0.57380300 0.92991400
v 0.29896800 0.56947900 0.94117300
v 0.29775500 0.56747400 0.95167300
v 0.29440800 0.56612000 0.96131600
v 0.29054500 0.56493300 0.96953000
v 0.28550900 0.56348400 0.97500000
v 0.29436600 0.56658800 0.91829700
v 0.29041100 0.57293300 0.90949000
v 0.28191700 0.56166600 0.97500000
v 0.28095500 0.56348400 0.97500000
v 0.28454700 0.56166600 0.97500000
v 0.28859200 0.56166600 0.97037300
v 0.29163300 0.56166600 0.91816200
v 0.28701900 0.56166600 0.90949000
v 0.28555700 0.55504000 0.91581700
v 0.28612700 0.55504000 0.92801500
v 0.28287100 0.55504000 0.93152900
v 0.28218900 0.55504000 0.91275600
v 0.29369700 0.56166600 0.96228500
v 0.29703900 0.56166600 0.95205300
v 0.29757700 0.56166600 0.94068700
v 0.29592500 0.56166600 0.93051300
v 0.27945200 0.59660500 0.90949000
v 0.27483700 0.56166600 0.91816200
v 0.27054400 0.56166600 0.93051300
v 0.27210400 0.56658800 0.91829700
v 0.26699000 0.57380300 0.93000500
v 0.26889100 0.56166600 0.94068700
v 0.26749900 0.56947900 0.94121400
v 0.26942800 0.56166600 0.95205300
v 0.26871200 0.56747400 0.95167300
v 0.27276900 0.56166600 0.96228500
v 0.27787300 0.56166600 0.97037300
v 0.27592000 0.56493300 0.96953000
v 0.27205800 0.56612000 0.96131600
v 0.27945200 0.56166600 0.90949000
v 0.27606000 0.57293300 0.90949000
v 0.26760000 0.57890500 0.91859300
v 0.27394500 0.58190700 0.90949000
v 0.28095500 0.56666300 0.97500000
v 0.27720200 0.56969300 0.96952500
v 0.27334300 0.57350200 0.96207300
v 0.27003600 0.57846700 0.95266900
v 0.26887000 0.58222400 0.94160600
v 0.26949400 0.58762000 0.93012800
v 0.27086100 0.59190700 0.91825100
v 0.27600000 0.59015300 0.90949000
v 0.28191700 0.56783700 0.97500000
v 0.27944900 0.57351900 0.97053100
v 0.27743600 0.57944400 0.96281800
v 0.27612300 0.58521000 0.95311300
v 0.27566800 0.59056200 0.94210900
v 0.27612500 0.59554300 0.93019600
v 0.27743900 0.59810600 0.91846500
v 0.27836900 0.56214400 0.96801000
v 0.28203900 0.56214400 0.97221000
v 0.28442600 0.56214400 0.97221000
v 0.28809600 0.56214400 0.96801000
v 0.29272900 0.56214400 0.96067100
v 0.29576200 0.56214400 0.95138300
v 0.29625000 0.56214400 0.94107000
v 0.29475100 0.56214400 0.93183700
v 0.29085700 0.56214400 0.92062800
v 0.28666900 0.56214400 0.91275600
v 0.27980100 0.56214400 0.91275600
v 0.27561300 0.56214400 0.92062800
v 0.27171800 0.56214400 0.93183700
v 0.27021700 0.56214400 0.94107000
v 0.27070500 0.56214400 0.95138300
v 0.27373600 0.56214400 0.96067100
v 0.27836900 0.55927700 0.96801000
v 0.28203900 0.55927700 0.97221000
v 0.28442600 0.55927700 0.97221000
v 0.28809600 0.55927700 0.96801000
v 0.29272900 0.55927700 0.96067100
v 0.29576200 0.55927700 0.95138300
v 0.29625000 0.55927700 0.94107000
v 0.29475100 0.55927700 0.93183700
v 0.29085700 0.55927700 0.92062800
v 0.28666900 0.55927700 0.91275600
v 0.28428100 0.55504000 0.91275600
v 0.27980100 0.55927700 0.91275600
v 0.27561300 0.55927700 0.92062800
v 0.27171800 0.55927700 0.93183700
v 0.27021700 0.55927700 0.94107000
v 0.27070500 0.55927700 0.95138300
v 0.27373600 0.55927700 0.96067100
v 0.28012300 0.55685000 0.94957100
v 0.28247000 0.55685000 0.95225800
v 0.28399700 0.55685000 0.95225800
v 0.28634400 0.55685000 0.94957100
v 0.28930700 0.55685000 0.94487900
v 0.29124600 0.55685000 0.93893900
v 0.29155800 0.55685000 0.93234500
v 0.29059900 0.55685000 0.92644000
v 0.28810900 0.55685000 0.91927200
v 0.28543100 0.55685000 0.91275600
v 0.28103900 0.55685000 0.91275600
v 0.27836100 0.55685000 0.91927200
v 0.27587000 0.55685000 0.92644000
v 0.27491000 0.55685000 0.93234500
v 0.27522200 0.55685000 0.93893900
v 0.27716100 0.55685000 0.94487900
v 0.28175300 0.55504000 0.93025100
v 0.28359800 0.55504000 0.93152900
v 0.28471600 0.55504000 0.93025100
v 0.28705100 0.55504000 0.92518400
v 0.28720000 0.55504000 0.92204400
v 0.28674300 0.55504000 0.91923100
v 0.28091400 0.55504000 0.91581700
v 0.27972700 0.55504000 0.91923100
v 0.27927000 0.55504000 0.92204400
v 0.27941800 0.55504000 0.92518400
v 0.28034200 0.55504000 0.92801500
v 0.28326800 0.37593900 0.37237200
v 0.28326700 0.35340500 0.37904300
v 0.27396000 0.35472000 0.37904300
v 0.28013500 0.37631200 0.37237200
v 0.28326600 0.33076300 0.39220700
v 0.26803800 0.33308900 0.39220600
v 0.28326400 0.30889700 0.41150100
v 0.26253100 0.31209900 0.41150000
v 0.28326200 0.28991500 0.43640000
v 0.25758900 0.29388300 0.43639800
v 0.28325900 0.27414700 0.46622500
v 0.25334800 0.27878600 0.46622300
v 0.28325700 0.26169500 0.50016200
v 0.24992200 0.26689000 0.50016000
v 0.28325400 0.25252900 0.53728600
v 0.24740500 0.25815100 0.53728400
v 0.28325100 0.24657700 0.57658400
v 0.24586600 0.25248100 0.57658200
v 0.28324700 0.24423600 0.61698400
v 0.24534700 0.25023200 0.61698200
v 0.28324400 0.24663600 0.65738400
v 0.24586200 0.25255100 0.65738200
v 0.28324100 0.25377100 0.69668200
v 0.24739700 0.25944300 0.69668000
v 0.28323900 0.26544700 0.73380600
v 0.24991000 0.27097900 0.73380400
v 0.28323600 0.28238700 0.76774300
v 0.25326800 0.28849300 0.76774100
v 0.28323400 0.30538200 0.79756800
v 0.25706300 0.31129000 0.79756700
v 0.28323300 0.33351700 0.82246700
v 0.26162400 0.33784500 0.82246600
v 0.28323200 0.36529200 0.84176100
v 0.26732500 0.36794100 0.84176000
v 0.28323100 0.39929400 0.85492400
v 0.27386500 0.40086000 0.85492400
v 0.28323100 0.43411300 0.86159600
v 0.28010900 0.43451000 0.86159600
v 0.26528900 0.35865600 0.37904300
v 0.27721800 0.37751600 0.37237200
v 0.25384900 0.33977200 0.39220500
v 0.24321200 0.32086600 0.41149900
v 0.23366700 0.30475500 0.43639700
v 0.22547400 0.29168400 0.46622200
v 0.21885700 0.28147300 0.50015900
v 0.21399700 0.27421000 0.53728200
v 0.21102700 0.26964200 0.57658000
v 0.21002600 0.26781300 0.61698000
v 0.21102200 0.26989200 0.65738000
v 0.21397500 0.27617600 0.69667800
v 0.21772000 0.28785400 0.73380200
v 0.22277800 0.30459800 0.76774000
v 0.22939000 0.32607500 0.79756500
v 0.23893900 0.35077400 0.82246500
v 0.25108300 0.37733200 0.84176000
v 0.26493800 0.40603400 0.85492400
v 0.27719200 0.43635100 0.86159600
v 0.25784300 0.36476100 0.37904100
v 0.27471300 0.37944300 0.37237200
v 0.24166500 0.34936000 0.39220400
v 0.22662200 0.33477900 0.41149800
v 0.21312400 0.32214500 0.43639600
v 0.20153900 0.31179800 0.46622000
v 0.19218200 0.30438900 0.50015700
v 0.18531000 0.29946100 0.53728100
v 0.18110900 0.29666400 0.57657900
v 0.17969400 0.29574700 0.61697800
v 0.18102200 0.29749700 0.65737800
v 0.18217500 0.30389300 0.69667600
v 0.18466500 0.31521600 0.73380000
v 0.19222200 0.33051500 0.76773800
v 0.20302600 0.34873600 0.79756400
v 0.21747000 0.36982300 0.82246400
v 0.23775600 0.39228100 0.84175900
v 0.25726700 0.41385100 0.85492200
v 0.27468700 0.43934500 0.86159600
v 0.25212900 0.37223700 0.37904100
v 0.27279100 0.38180800 0.37237200
v 0.23231600 0.36141000 0.39220400
v 0.21389200 0.35271600 0.41149700
v 0.19736100 0.34463500 0.43639500
v 0.18317200 0.33842900 0.46622000
v 0.17171300 0.33458200 0.50015600
v 0.16329600 0.33226200 0.53728000
v 0.15815200 0.33109600 0.57657700
v 0.15642000 0.33163300 0.61697700
v 0.15664500 0.33471300 0.65737700
v 0.15611200 0.34109800 0.69667500
v 0.15982000 0.35135700 0.73379900
v 0.17007600 0.36418800 0.76773700
v 0.18426200 0.37865900 0.79756300
v 0.20283200 0.39403700 0.82246300
v 0.22690700 0.41072900 0.84175800
v 0.25142300 0.42723500 0.85492200
v 0.27276500 0.44303400 0.86159600
v 0.24853800 0.38122600 0.37904100
v 0.27158300 0.38444100 0.37237200
v 0.22643900 0.37509600 0.39220400
v 0.20589000 0.37254500 0.41149700
v 0.18745200 0.37067100 0.43639500
v 0.17162600 0.36982000 0.46621900
v 0.15884600 0.36939100 0.50015600
v 0.14945900 0.36951000 0.53727900
v 0.14372100 0.37074100 0.57657700
v 0.14179000 0.37409700 0.61697600
v 0.14214900 0.37926200 0.65737600
v 0.14207200 0.38598400 0.69667400
v 0.14634000 0.39379200 0.73379800
v 0.15475100 0.40328900 0.76773600
v 0.16928700 0.41301300 0.79756200
v 0.18870600 0.42250400 0.82246200
v 0.21657200 0.43142800 0.84175800
v 0.24733000 0.43978800 0.85492200
v 0.27155700 0.44719200 0.86159600
v 0.24731300 0.39026400 0.37904100
v 0.27117100 0.38729200 0.37237200
v 0.22443500 0.38911500 0.39220300
v 0.20316100 0.39261200 0.41149700
v 0.18407200 0.39730100 0.43639500
v 0.16768800 0.40230500 0.46621900
v 0.15445700 0.40601000 0.50015500
v 0.14473900 0.40938900 0.53727900
v 0.13879900 0.41326400 0.57657700
v 0.13679900 0.41934000 0.61697600
v 0.13845200 0.42822600 0.65737600
v 0.13925900 0.43489000 0.69667400
v 0.14038100 0.43985400 0.73379800
v 0.14701000 0.44427700 0.76773600
v 0.16275600 0.44837200 0.79756200
v 0.18380900 0.45138200 0.82246200
v 0.21379000 0.45250300 0.84175800
v 0.24577500 0.45275300 0.85492200
v 0.27114500 0.45156600 0.86159600
v 0.24853800 0.39684000 0.37904100
v 0.27158300 0.39011900 0.37237200
v 0.22643900 0.40262200 0.39220400
v 0.20589000 0.41170900 0.41149700
v 0.18745200 0.42246500 0.43639500
v 0.17162600 0.43186800 0.46621900
v 0.15884600 0.44025400 0.50015600
v 0.14945900 0.44774100 0.53727900
v 0.14372100 0.45555900 0.57657700
v 0.14179000 0.46524600 0.61697600
v 0.14371700 0.47424200 0.65737600
v 0.14852700 0.48117500 0.69667500
v 0.14989900 0.48353300 0.73379900
v 0.15641800 0.48336300 0.76773600
v 0.17083600 0.48141500 0.79756200
v 0.19034000 0.47841000 0.82246200
v 0.21752900 0.47252700 0.84175800
v 0.24718000 0.46531000 0.85492200
v 0.27155700 0.45589400 0.86159600
v 0.25212900 0.40302400 0.37904100
v 0.27279100 0.39267900 0.37237200
v 0.23231600 0.41469700 0.39220400
v 0.21389200 0.42774700 0.41149700
v 0.19736100 0.44178900 0.43639500
v 0.18317200 0.45427900 0.46622000
v 0.17171300 0.46653200 0.50015600
v 0.16329600 0.47716400 0.53728000
v 0.15815200 0.49005000 0.57657700
v 0.15642000 0.50264500 0.61697700
v 0.15814800 0.51236100 0.65737700
v 0.16304600 0.51865400 0.69667500
v 0.16558500 0.52191400 0.73379900
v 0.17136800 0.51792600 0.76773700
v 0.18475200 0.51092900 0.79756300
v 0.20160500 0.50205100 0.82246300
v 0.22463000 0.49072600 0.84175800
v 0.25107300 0.47669300 0.85492200
v 0.27276500 0.45989200 0.86159600
v 0.25784300 0.40906000 0.37904100
v 0.27471300 0.39474400 0.37237200
v 0.24166500 0.42467900 0.39220400
v 0.22662200 0.44047800 0.41149800
v 0.21312400 0.45621400 0.43639600
v 0.20153900 0.46878100 0.46622000
v 0.19218200 0.48361700 0.50015700
v 0.18531000 0.49855800 0.53728100
v 0.18110900 0.51627200 0.57657900
v 0.17969400 0.52954000 0.61697800
v 0.18110500 0.53996100 0.65737800
v 0.18530100 0.54927200 0.69667600
v 0.18965900 0.55173000 0.73380100
v 0.19614800 0.54631000 0.76773900
v 0.20619200 0.53493700 0.79756400
v 0.21857200 0.52210800 0.82246400
v 0.23612300 0.50579000 0.84175900
v 0.25713800 0.48585000 0.85492200
v 0.27468700 0.46328300 0.86159600
v 0.26528900 0.41413100 0.37904300
v 0.27721800 0.39626200 0.37237200
v 0.25384900 0.43191700 0.39220500
v 0.24321200 0.45012500 0.41149900
v 0.23366700 0.46662500 0.43639700
v 0.22547400 0.47967700 0.46622200
v 0.21885700 0.49368300 0.50015900
v 0.21399700 0.51496700 0.53728200
v 0.21102700 0.53446900 0.57658000
v 0.21002600 0.54931400 0.61698000
v 0.21102200 0.56215800 0.65738000
v 0.21398900 0.57180600 0.69667800
v 0.21884500 0.57382400 0.73380200
v 0.22538800 0.56643400 0.76774000
v 0.23283300 0.55327600 0.79756500
v 0.24059500 0.53652800 0.82246500
v 0.25206300 0.51649000 0.84176000
v 0.26513000 0.49265300 0.85492400
v 0.27719200 0.46562500 0.86159600
v 0.27396000 0.41762200 0.37904300
v 0.28013500 0.39750100 0.37237200
v 0.26803800 0.43754200 0.39220600
v 0.26253100 0.45696000 0.41150000
v 0.25758900 0.47408700 0.43639800
v 0.25334800 0.48790000 0.46622300
v 0.24992200 0.50277300 0.50016000
v 0.24740500 0.52329600 0.53728400
v 0.24586600 0.54394000 0.57658200
v 0.24534700 0.56076200 0.61698200
v 0.24586200 0.57425100 0.65738200
v 0.24739700 0.58391600 0.69668000
v 0.24991000 0.58626700 0.73380400
v 0.25333200 0.57924000 0.76774100
v 0.25757000 0.56405400 0.79756700
v 0.26249900 0.54509300 0.82246600
v 0.26797200 0.52281700 0.84176100
v 0.27393400 0.49654300 0.85492400
v 0.28010900 0.46698000 0.86159600
v 0.28326800 0.41914600 0.37904300
v 0.28326800 0.39807600 0.37237200
v 0.28326700 0.43999100 0.39220700
v 0.28326600 0.46028200 0.41150100
v 0.28326400 0.47818100 0.43640000
v 0.28326200 0.49264700 0.46622500
v 0.28326000 0.50804900 0.50016200
v 0.28325700 0.52896400 0.53728600
v 0.28325400 0.54984700 0.57658400
v 0.28325200 0.56673700 0.61698400
v 0.28324900 0.58013400 0.65738400
v 0.28324600 0.58955000 0.69668200
v 0.28324300 0.59150700 0.73380600
v 0.28324000 0.58395800 0.76774300
v 0.28927100 0.46562500 0.86159800
v 0.28931800 0.37751500 0.37237200
v 0.28323200 0.46720000 0.86159600
v 0.28323300 0.49802300 0.85492400
v 0.28323400 0.52521800 0.84176100
v 0.28323600 0.54835400 0.82246700
v 0.28323800 0.56811000 0.79756800
v 0.30890500 0.56405300 0.79757100
v 0.31314900 0.57923900 0.76774700
v 0.30397300 0.54509200 0.82246900
v 0.29849600 0.52281700 0.84176300
v 0.29253100 0.49654200 0.85492400
v 0.28635400 0.46698000 0.86159800
v 0.31657600 0.58626600 0.73380900
v 0.31909500 0.58391500 0.69668600
v 0.32063500 0.57425000 0.65738800
v 0.32115600 0.56076100 0.61698800
v 0.32064200 0.54393900 0.57658800
v 0.31910900 0.52329500 0.53729000
v 0.31659700 0.50277200 0.50016600
v 0.31317600 0.48789900 0.46622800
v 0.30893900 0.47408700 0.43640300
v 0.30400100 0.45696000 0.41150300
v 0.29849700 0.43754200 0.39220800
v 0.29257600 0.41762200 0.37904300
v 0.28640200 0.39750100 0.37237200
v 0.30133500 0.49265200 0.85492400
v 0.31440500 0.51648900 0.84176500
v 0.32587600 0.53652700 0.82247200
v 0.33364200 0.55327500 0.79757400
v 0.34109200 0.56643200 0.76774900
v 0.34764000 0.57382200 0.73381300
v 0.35250200 0.57180400 0.69669000
v 0.35547500 0.56215600 0.65739200
v 0.35647700 0.54931200 0.61699200
v 0.35548200 0.53446700 0.57659200
v 0.35251700 0.51496500 0.53729400
v 0.34766200 0.49368100 0.50017000
v 0.34105000 0.47967600 0.46623100
v 0.33286200 0.46662400 0.43640500
v 0.32332000 0.45012400 0.41150500
v 0.31268500 0.43191600 0.39221000
v 0.30124700 0.41413000 0.37904600
v 0.28931800 0.39626100 0.37237200
v 0.29177600 0.46328300 0.86159800
v 0.30932600 0.48584900 0.85492900
v 0.33034500 0.50578800 0.84176700
v 0.34789900 0.52210700 0.82247500
v 0.36028300 0.53493500 0.79757700
v 0.37033200 0.54630800 0.76775300
v 0.37682600 0.55172700 0.73381600
v 0.38119000 0.54926900 0.69669300
v 0.38539200 0.53995800 0.65739600
v 0.38680800 0.52953800 0.61699600
v 0.38539900 0.51626900 0.57659600
v 0.38120400 0.49855500 0.53729700
v 0.37433700 0.48361400 0.50017300
v 0.36498500 0.46877800 0.46623400
v 0.35340400 0.45621200 0.43640800
v 0.33990900 0.44047600 0.41150700
v 0.32486900 0.42467700 0.39221100
v 0.30869300 0.40905900 0.37904800
v 0.29182300 0.39474400 0.37237200
v 0.29369800 0.45989200 0.86159800
v 0.31539100 0.47669200 0.85492900
v 0.34183700 0.49072400 0.84176800
v 0.36486500 0.50204800 0.82247700
v 0.38172200 0.51092600 0.79757900
v 0.39511100 0.51792300 0.76775600
v 0.40089900 0.52191100 0.73381900
v 0.40344400 0.51865000 0.69669500
v 0.40834800 0.51235700 0.65739800
v 0.41008100 0.50264100 0.61699800
v 0.40835500 0.49004600 0.57659800
v 0.40321700 0.47716000 0.53730000
v 0.39480600 0.46652900 0.50017500
v 0.38335200 0.45427600 0.46623600
v 0.36916700 0.44178600 0.43641000
v 0.35263800 0.42774500 0.41150800
v 0.33421800 0.41469500 0.39221200
v 0.31440600 0.40302300 0.37904800
v 0.29374500 0.39267800 0.37237200
v 0.29490600 0.45589400 0.86159800
v 0.31928400 0.46530900 0.85492900
v 0.34893800 0.47252500 0.84176900
v 0.37613000 0.47840700 0.82247800
v 0.39563700 0.48141100 0.79758100
v 0.41006000 0.48336000 0.76775700
v 0.41658400 0.48352900 0.73382100
v 0.41796200 0.48117100 0.69669700
v 0.42277800 0.47423800 0.65740000
v 0.42471100 0.46524200 0.61700000
v 0.42278500 0.45555500 0.57660000
v 0.41705400 0.44773700 0.53730100
v 0.40767200 0.44025000 0.50017600
v 0.39489700 0.43186400 0.46623800
v 0.37907600 0.42246200 0.43641100
v 0.36064000 0.41170700 0.41151000
v 0.34009400 0.40262000 0.39221300
v 0.31799800 0.39683900 0.37904800
v 0.29495300 0.39011800 0.37237200
v 0.29531800 0.45156500 0.86159800
v 0.32068900 0.45275200 0.85492900
v 0.35267500 0.45250100 0.84176900
v 0.38266000 0.45137900 0.82247800
v 0.40371600 0.44836800 0.79758200
v 0.41946700 0.44427300 0.76775800
v 0.42610100 0.43985000 0.73382200
v 0.42722800 0.43488600 0.69669800
v 0.42804200 0.42822200 0.65740000
v 0.42970000 0.41933600 0.61700100
v 0.42770600 0.41325900 0.57660000
v 0.42177300 0.40938500 0.53730200
v 0.41206000 0.40600600 0.50017700
v 0.39883400 0.40230200 0.46623800
v 0.38245500 0.39729800 0.43641100
v 0.36336900 0.39261000 0.41151000
v 0.34209900 0.38911300 0.39221300
v 0.31922300 0.39026300 0.37904800
v 0.29536500 0.38729200 0.37237200
v 0.29490600 0.44719200 0.86159800
v 0.31913400 0.43978700 0.85492900
v 0.34989400 0.43142600 0.84176900
v 0.37776200 0.42250100 0.82247800
v 0.39718500 0.41300900 0.79758100
v 0.41172500 0.40328500 0.76775800
v 0.42014100 0.39378800 0.73382100
v 0.42441400 0.38598000 0.69669800
v 0.42434300 0.37925800 0.65740000
v 0.42470900 0.37409300 0.61700000
v 0.42278300 0.37073700 0.57660000
v 0.41705200 0.36950600 0.53730100
v 0.40767000 0.36938800 0.50017600
v 0.39489500 0.36981700 0.46623800
v 0.37907400 0.37066800 0.43641100
v 0.36063900 0.37254300 0.41151000
v 0.34009400 0.37509400 0.39221300
v 0.31799700 0.38122500 0.37904800
v 0.29495300 0.38444000 0.37237200
v 0.29369700 0.44303300 0.86159800
v 0.31504000 0.42723400 0.85492900
v 0.33955800 0.41072800 0.84176800
v 0.36363600 0.39403500 0.82247600
v 0.38220900 0.37865600 0.79757900
v 0.39639900 0.36418400 0.76775600
v 0.40665900 0.35135300 0.73382000
v 0.41037300 0.34109400 0.69669600
v 0.40984600 0.33470900 0.65739800
v 0.41007700 0.33162900 0.61699800
v 0.40835100 0.33109300 0.57659800
v 0.40321300 0.33225900 0.53730000
v 0.39480200 0.33457900 0.50017500
v 0.38334900 0.33842700 0.46623600
v 0.36916400 0.34463300 0.43641000
v 0.35263700 0.35271400 0.41150800
v 0.33421600 0.36140900 0.39221200
v 0.31440500 0.37223600 0.37904800
v 0.29374500 0.38180800 0.37237200
v 0.29177500 0.43934400 0.86159800
v 0.30919600 0.41385000 0.85492900
v 0.32870800 0.39228000 0.84176600
v 0.34899700 0.36982100 0.82247500
v 0.36344400 0.34873400 0.79757700
v 0.37425200 0.33051200 0.76775300
v 0.38181400 0.31521300 0.73381700
v 0.38430900 0.30389100 0.69669300
v 0.38546800 0.29749400 0.65739600
v 0.38680200 0.29574400 0.61699600
v 0.38539300 0.29666100 0.57659600
v 0.38119900 0.29945800 0.53729700
v 0.37433200 0.30438600 0.50017300
v 0.36498100 0.31179500 0.46623400
v 0.35340100 0.32214300 0.43640800
v 0.33990600 0.33477800 0.41150700
v 0.32486700 0.34935800 0.39221100
v 0.30869200 0.36476000 0.37904800
v 0.29182300 0.37944300 0.37237200
v 0.28927000 0.43635100 0.86159800
v 0.30152400 0.40603300 0.85492400
v 0.31538100 0.37733100 0.84176500
v 0.32752800 0.35077300 0.82247200
v 0.33707900 0.32607300 0.79757400
v 0.34369500 0.30459600 0.76775000
v 0.34875800 0.28785200 0.73381300
v 0.35250800 0.27617400 0.69669000
v 0.35546700 0.26989000 0.65739200
v 0.35647000 0.26781100 0.61699200
v 0.35547500 0.26964000 0.57659200
v 0.35251000 0.27420800 0.53729400
v 0.34765600 0.28147100 0.50017000
v 0.34104500 0.29168300 0.46623100
v 0.33285800 0.30475400 0.43640500
v 0.32331600 0.32086500 0.41150500
v 0.31268300 0.33977100 0.39221000
v 0.30124600 0.35865500 0.37904600
v 0.28635300 0.43451000 0.86159800
v 0.29259800 0.40086000 0.85492400
v 0.29913900 0.36794100 0.84176300
v 0.30484200 0.33784400 0.82246900
v 0.30940600 0.31128900 0.79757100
v 0.31320500 0.28849200 0.76774700
v 0.31656800 0.27097800 0.73380900
v 0.31908600 0.25944200 0.69668600
v 0.32062700 0.25255000 0.65738800
v 0.32114800 0.25023200 0.61698800
v 0.32063500 0.25248000 0.57658800
v 0.31910200 0.25815000 0.53729000
v 0.31659100 0.26688900 0.50016600
v 0.31317100 0.27878500 0.46622800
v 0.30893400 0.29388200 0.43640300
v 0.30399700 0.31209800 0.41150300
v 0.29849400 0.33308800 0.39220800
v 0.29257500 0.35471900 0.37904300
v 0.28640100 0.37631100 0.37237200
v 0.17036800 0.34768100 0.47615400
v 0.17006400 0.32484100 0.47550900
v 0.16814800 0.32417800 0.47589900
v 0.16282100 0.34500200 0.47730300
v 0.16705100 0.37556800 0.48520600
v 0.15854300 0.37134000 0.48704600
v 0.16350000 0.41081400 0.50322800
v 0.15270600 0.40515900 0.50565200
v 0.15923500 0.44367500 0.52917200
v 0.14714100 0.43752000 0.53204400
v 0.15648900 0.46976100 0.56153200
v 0.14317400 0.46303600 0.56470900
v 0.15573100 0.49623300 0.59842600
v 0.14176500 0.48928300 0.60167600
v 0.15784100 0.52399900 0.63771000
v 0.14414300 0.51722500 0.64085500
v 0.16000000 0.54331000 0.67710100
v 0.14600600 0.53709200 0.67996900
v 0.16282600 0.54679500 0.71431000
v 0.15121200 0.54159000 0.71673400
v 0.16513300 0.53810700 0.74717400
v 0.15600000 0.53415700 0.74901400
v 0.16767800 0.52220600 0.77378400
v 0.16231100 0.51974000 0.77493200
v 0.17060700 0.50001600 0.79259300
v 0.16886800 0.49917800 0.79298300
v 0.16632800 0.32224500 0.47684100
v 0.15766500 0.33934500 0.48007200
v 0.15086600 0.36093300 0.49148200
v 0.14450400 0.39001400 0.51152300
v 0.13820700 0.42135600 0.53905100
v 0.13264800 0.44551300 0.57246000
v 0.12575300 0.47107900 0.60964300
v 0.12830100 0.49984900 0.64847600
v 0.12951600 0.52063100 0.68688400
v 0.13739500 0.52683100 0.72258000
v 0.14514200 0.52295600 0.75345100
v 0.15702600 0.51274800 0.77770200
v 0.16717500 0.49680200 0.79392500
v 0.16476400 0.31952000 0.47821900
v 0.15455400 0.33113000 0.48412800
v 0.14443700 0.34848600 0.49798000
v 0.13746600 0.37074800 0.52012100
v 0.13474000 0.40031900 0.54954000
v 0.12059500 0.42370000 0.58430400
v 0.11027800 0.45022000 0.62180900
v 0.11146500 0.47499700 0.65993800
v 0.11183100 0.49597100 0.69703200
v 0.12039100 0.50429800 0.73114200
v 0.13838500 0.50585500 0.75994800
v 0.15412100 0.50207300 0.78175800
v 0.16592800 0.49317300 0.79530300
v 0.16449100 0.31616700 0.47986900
v 0.15326600 0.32259300 0.48898100
v 0.14260300 0.33457700 0.50575400
v 0.13556300 0.35132200 0.53042600
v 0.13304000 0.37834000 0.56196200
v 0.11822900 0.40033300 0.59829800
v 0.10575500 0.42523600 0.63624300
v 0.10397300 0.44736000 0.67358600
v 0.10369500 0.46478500 0.70921400
v 0.11558200 0.47670800 0.74138600
v 0.13511200 0.48491600 0.76772200
v 0.15257000 0.48900300 0.78661100
v 0.16561400 0.48873000 0.79695300
v 0.16473000 0.31341600 0.48159000
v 0.15396700 0.31336500 0.49404600
v 0.14370700 0.32023500 0.51386800
v 0.13699200 0.33276100 0.54111800
v 0.13492200 0.35514700 0.57461000
v 0.12031800 0.37380100 0.61216600
v 0.10788100 0.39419300 0.65052600
v 0.10590900 0.41264200 0.68745500
v 0.10546200 0.43024300 0.72186200
v 0.11708100 0.44739000 0.75207700
v 0.13625600 0.46266600 0.77583600
v 0.15327900 0.47511300 0.79167600
v 0.16585300 0.48400900 0.79867400
v 0.16545500 0.31035500 0.48317700
v 0.15651900 0.30451700 0.49871200
v 0.14758800 0.30642000 0.52134300
v 0.14196800 0.31473500 0.55090500
v 0.14077100 0.32916600 0.58593600
v 0.12766400 0.34215900 0.62421600
v 0.11687400 0.35794600 0.66291500
v 0.12000600 0.37663900 0.69984700
v 0.11979200 0.39764400 0.73344500
v 0.12706600 0.41988000 0.76192600
v 0.14321300 0.44178700 0.78331100
v 0.15616300 0.46208000 0.79634200
v 0.16662000 0.47957900 0.80026000
v 0.16738700 0.30788900 0.48443600
v 0.16067600 0.29712000 0.50241600
v 0.15571200 0.29438000 0.52727700
v 0.15157900 0.29789300 0.55868400
v 0.14770100 0.30341300 0.59483700
v 0.14316100 0.31252900 0.63362600
v 0.13724400 0.32743700 0.67263200
v 0.13921300 0.34732000 0.70964900
v 0.13971200 0.37114900 0.74267800
v 0.14642400 0.39749500 0.76974500
v 0.15251300 0.42479900 0.78924500
v 0.16160200 0.45147500 0.80004600
v 0.16823600 0.47597400 0.80152000
v 0.16944100 0.30633300 0.48521600
v 0.16654000 0.29318600 0.50471200
v 0.16462700 0.28621600 0.53095400
v 0.16195400 0.28514800 0.56350900
v 0.15902400 0.28611800 0.60048300
v 0.15702800 0.29350800 0.63974900
v 0.15509300 0.30786900 0.67896500
v 0.15704400 0.32840900 0.71590400
v 0.15773400 0.35392700 0.74841000
v 0.16100600 0.38293500 0.77459000
v 0.16368300 0.41374900 0.79292300
v 0.16724300 0.44457800 0.80234200
v 0.17003200 0.47362900 0.80230000
v 0.17139200 0.30599100 0.48542400
v 0.17237300 0.29141300 0.50532200
v 0.17351200 0.28302000 0.53193200
v 0.17339700 0.28051000 0.56479700
v 0.17240900 0.28022900 0.60200600
v 0.17089900 0.28703300 0.64139700
v 0.16993800 0.30121500 0.68068100
v 0.17161600 0.32195200 0.71757500
v 0.17257700 0.34803900 0.74993400
v 0.17329600 0.37795800 0.77587900
v 0.17292100 0.40997200 0.79390000
v 0.17260700 0.44222000 0.80295200
v 0.17184700 0.47282800 0.80250700
v 0.17863300 0.51950200 0.77025500
v 0.17605700 0.53502200 0.74428300
v 0.18142200 0.49784500 0.78861300
v 0.18259100 0.47130800 0.79829000
v 0.18339800 0.44143400 0.79872400
v 0.18387500 0.40995900 0.78989000
v 0.18414100 0.37871200 0.77230000
v 0.18340500 0.34950900 0.74697700
v 0.18182800 0.32404800 0.71539300
v 0.18039800 0.30380800 0.67938400
v 0.18124900 0.28996600 0.64104200
v 0.18406800 0.28332500 0.60259400
v 0.18496300 0.28427200 0.56627700
v 0.18554300 0.28566800 0.53420000
v 0.18495400 0.29426900 0.50822800
v 0.18401200 0.30890400 0.48878000
v 0.18270300 0.32745000 0.47910300
v 0.18252100 0.34899900 0.47975900
v 0.17932900 0.37568100 0.48859400
v 0.17474200 0.41368100 0.50618400
v 0.17079700 0.44283900 0.53150700
v 0.16724500 0.46822900 0.56309100
v 0.16636600 0.49390800 0.59910000
v 0.16806900 0.52114300 0.63744200
v 0.17083200 0.53997000 0.67588900
v 0.17359500 0.54350200 0.71220600
v 0.39644100 0.32484100 0.47550900
v 0.39613600 0.34768100 0.47615400
v 0.40368300 0.34500200 0.47730300
v 0.39835700 0.32417800 0.47589900
v 0.39945400 0.37556800 0.48520600
v 0.40796200 0.37134000 0.48704600
v 0.40300400 0.41081400 0.50322800
v 0.41379800 0.40515900 0.50565200
v 0.40727000 0.44367500 0.52917200
v 0.41936400 0.43752000 0.53204400
v 0.41001500 0.46976100 0.56153200
v 0.42333100 0.46303600 0.56470900
v 0.41077400 0.49623300 0.59842600
v 0.42474000 0.48928300 0.60167600
v 0.40866400 0.52399900 0.63771000
v 0.42236200 0.51722500 0.64085500
v 0.40650400 0.54331000 0.67710100
v 0.42049900 0.53709200 0.67996900
v 0.40367900 0.54679500 0.71431000
v 0.41529300 0.54159000 0.71673400
v 0.40137100 0.53810700 0.74717400
v 0.41050400 0.53415700 0.74901400
v 0.39882700 0.52220600 0.77378400
v 0.40419400 0.51974000 0.77493200
v 0.39589800 0.50001600 0.79259300
v 0.39763600 0.49917800 0.79298300
v 0.40884000 0.33934500 0.48007200
v 0.40017600 0.32224500 0.47684100
v 0.41563900 0.36093300 0.49148200
v 0.42200100 0.39001400 0.51152300
v 0.42829800 0.42135600 0.53905100
v 0.43385700 0.44551300 0.57246000
v 0.44075200 0.47107900 0.60964300
v 0.43820400 0.49984900 0.64847600
v 0.43698900 0.52063100 0.68688400
v 0.42910900 0.52683100 0.72258000
v 0.42136300 0.52295600 0.75345100
v 0.40947800 0.51274800 0.77770200
v 0.39933000 0.49680200 0.79392500
v 0.41195100 0.33113000 0.48412800
v 0.40174100 0.31952000 0.47821900
v 0.42206800 0.34848600 0.49798000
v 0.42903900 0.37074800 0.52012100
v 0.43176400 0.40031900 0.54954000
v 0.44591000 0.42370000 0.58430400
v 0.45622700 0.45022000 0.62180900
v 0.45504000 0.47499700 0.65993800
v 0.45467400 0.49597100 0.69703200
v 0.44611400 0.50429800 0.73114200
v 0.42812000 0.50585500 0.75994800
v 0.41238400 0.50207300 0.78175800
v 0.40057700 0.49317300 0.79530300
v 0.41323900 0.32259300 0.48898100
v 0.40201400 0.31616700 0.47986900
v 0.42390200 0.33457700 0.50575400
v 0.43094200 0.35132200 0.53042600
v 0.43346500 0.37834000 0.56196200
v 0.44827500 0.40033300 0.59829800
v 0.46075000 0.42523600 0.63624300
v 0.46253200 0.44736000 0.67358600
v 0.46281000 0.46478500 0.70921400
v 0.45092200 0.47670800 0.74138600
v 0.43139300 0.48491600 0.76772200
v 0.41393500 0.48900300 0.78661100
v 0.40089100 0.48873000 0.79695300
v 0.41253800 0.31336500 0.49404600
v 0.40177500 0.31341600 0.48159000
v 0.42279800 0.32023500 0.51386800
v 0.42951300 0.33276100 0.54111800
v 0.43158300 0.35514700 0.57461000
v 0.44618700 0.37380100 0.61216600
v 0.45862400 0.39419300 0.65052600
v 0.46059500 0.41264200 0.68745500
v 0.46104300 0.43024300 0.72186200
v 0.44942400 0.44739000 0.75207700
v 0.43024800 0.46266600 0.77583600
v 0.41322500 0.47511300 0.79167600
v 0.40065100 0.48400900 0.79867400
v 0.40998500 0.30451700 0.49871200
v 0.40105000 0.31035500 0.48317700
v 0.41891700 0.30642000 0.52134300
v 0.42453700 0.31473500 0.55090500
v 0.42573400 0.32916600 0.58593600
v 0.43884100 0.34215900 0.62421600
v 0.44963100 0.35794600 0.66291500
v 0.44649900 0.37663900 0.69984700
v 0.44671300 0.39764400 0.73344500
v 0.43943900 0.41988000 0.76192600
v 0.42329200 0.44178700 0.78331100
v 0.41034100 0.46208000 0.79634200
v 0.39988500 0.47957900 0.80026000
v 0.40582900 0.29712000 0.50241600
v 0.39911800 0.30788900 0.48443600
v 0.41079300 0.29438000 0.52727700
v 0.41492600 0.29789300 0.55868400
v 0.41880400 0.30341300 0.59483700
v 0.42334400 0.31252900 0.63362600
v 0.42926100 0.32743700 0.67263200
v 0.42729200 0.34732000 0.70964900
v 0.42679300 0.37114900 0.74267800
v 0.42008000 0.39749500 0.76974500
v 0.41399200 0.42479900 0.78924500
v 0.40490300 0.45147500 0.80004600
v 0.39826900 0.47597400 0.80152000
v 0.39996500 0.29318600 0.50471200
v 0.39706400 0.30633300 0.48521600
v 0.40187700 0.28621600 0.53095400
v 0.40455100 0.28514800 0.56350900
v 0.40748100 0.28611800 0.60048300
v 0.40947700 0.29350800 0.63974900
v 0.41141200 0.30786900 0.67896500
v 0.40946000 0.32840900 0.71590400
v 0.40877100 0.35392700 0.74841000
v 0.40549900 0.38293500 0.77459000
v 0.40282200 0.41374900 0.79292300
v 0.39926100 0.44457800 0.80234200
v 0.39647300 0.47362900 0.80230000
v 0.39413200 0.29141300 0.50532200
v 0.39511200 0.30599100 0.48542400
v 0.39299300 0.28302000 0.53193200
v 0.39310800 0.28051000 0.56479700
v 0.39409600 0.28022900 0.60200600
v 0.39560600 0.28703300 0.64139700
v 0.39656700 0.30121500 0.68068100
v 0.39488800 0.32195200 0.71757500
v 0.39392800 0.34803900 0.74993400
v 0.39320900 0.37795800 0.77587900
v 0.39358400 0.40997200 0.79390000
v 0.39389800 0.44222000 0.80295200
v 0.39465800 0.47282800 0.80250700
v 0.39044800 0.53502200 0.74428300
v 0.38787200 0.51950200 0.77025500
v 0.38508300 0.49784500 0.78861300
v 0.38391400 0.47130800 0.79829000
v 0.38310600 0.44143400 0.79872400
v 0.38263000 0.40995900 0.78989000
v 0.38236400 0.37871200 0.77230000
v 0.38310000 0.34950900 0.74697700
v 0.38467700 0.32404800 0.71539300
v 0.38610600 0.30380800 0.67938400
v 0.38525500 0.28996600 0.64104200
v 0.38243700 0.28332500 0.60259400
v 0.38154100 0.28427200 0.56627700
v 0.38096200 0.28566800 0.53420000
v 0.38155100 0.29426900 0.50822800
v 0.38249300 0.30890400 0.48878000
v 0.38380200 0.32745000 0.47910300
v 0.38398400 0.34899900 0.47975900
v 0.38717600 0.37568100 0.48859400
v 0.39176300 0.41368100 0.50618400
v 0.39570800 0.44283900 0.53150700
v 0.39925900 0.46822900 0.56309100
v 0.40013900 0.49390800 0.59910000
v 0.39843600 0.52114300 0.63744200
v 0.39567300 0.53997000 0.67588900
v 0.39291000 0.54350200 0.71220600
v 0.22189700 0.61730000 0.85824300
v 0.21908100 0.61862100 0.84875200
v 0.21880300 0.61553400 0.84932000
v 0.22161900 0.61421300 0.85880800
v 0.22510400 0.62358400 0.84685400
v 0.22377400 0.61991400 0.84190900
v 0.22024100 0.62043700 0.84303000
v 0.22191200 0.62405700 0.84786800
v 0.22394800 0.61367500 0.84280400
v 0.21973000 0.61430000 0.84414200
v 0.22519600 0.60857200 0.84911900
v 0.22097800 0.60919600 0.85045700
v 0.22751300 0.60748500 0.85692500
v 0.22329500 0.60811000 0.85826300
v 0.22881500 0.61115900 0.86188000
v 0.22528200 0.61168200 0.86300200
v 0.22866900 0.61739300 0.86097800
v 0.22547700 0.61786600 0.86199000
v 0.22727200 0.62251900 0.85470800
v 0.22411400 0.62298700 0.85571100
v 0.21958900 0.62007700 0.84446900
v 0.22121800 0.62326100 0.84870700
v 0.21910000 0.61464600 0.84546600
v 0.22020600 0.61012500 0.85105900
v 0.22225800 0.60916300 0.85797400
v 0.22405400 0.61232200 0.86216100
v 0.22437500 0.61777700 0.86121700
v 0.22316400 0.62231400 0.85565600
v 0.22010200 0.62041700 0.85113200
v 0.21943200 0.61296500 0.85249900
v 0.22059800 0.61241700 0.85643100
v 0.22126800 0.61987000 0.85506300
v 0.34488600 0.61421300 0.85880800
v 0.34770200 0.61553400 0.84932000
v 0.34742400 0.61862100 0.84875200
v 0.34460800 0.61730000 0.85824300
v 0.34273100 0.61991400 0.84190900
v 0.34140100 0.62358400 0.84685400
v 0.34459300 0.62405700 0.84786800
v 0.34626400 0.62043700 0.84303000
v 0.34255700 0.61367500 0.84280400
v 0.34677500 0.61430000 0.84414200
v 0.34130800 0.60857200 0.84911900
v 0.34552600 0.60919600 0.85045700
v 0.33899200 0.60748500 0.85692500
v 0.34321000 0.60811000 0.85826300
v 0.33769000 0.61115900 0.86188000
v 0.34122300 0.61168200 0.86300200
v 0.33783600 0.61739300 0.86097800
v 0.34102800 0.61786600 0.86199000
v 0.33923300 0.62251900 0.85470800
v 0.34239100 0.62298700 0.85571100
v 0.34528700 0.62326100 0.84870700
v 0.34691600 0.62007700 0.84446900
v 0.34740500 0.61464600 0.84546600
v 0.34629900 0.61012500 0.85105900
v 0.34424700 0.60916300 0.85797400
v 0.34245100 0.61232200 0.86216100
v 0.34213000 0.61777700 0.86121700
v 0.34334000 0.62231400 0.85565600
v 0.34640300 0.62041700 0.85113200
v 0.34707300 0.61296500 0.85249900
v 0.34590700 0.61241700 0.85643100
v 0.34523700 0.61987000 0.85506300
v 0.21887500 0.62385300 0.83480800
v 0.21947500 0.62507000 0.83109800
v 0.21802200 0.61096700 0.83310300
v 0.21841800 0.61272200 0.83666500
v 0.22056300 0.59966700 0.84638400
v 0.22066700 0.60352200 0.84804800
v 0.22561000 0.59778900 0.86316600
v 0.22484300 0.60156400 0.86212200
v 0.23020700 0.60643300 0.87361400
v 0.22796200 0.60807200 0.87080800
v 0.23166000 0.62053700 0.87161000
v 0.22697300 0.61941700 0.86940800
v 0.22911900 0.63183700 0.85832700
v 0.22471700 0.62861700 0.85802600
v 0.22407200 0.63371500 0.84154700
v 0.22054700 0.63057600 0.84395300
v 0.22921600 0.59380400 0.86416000
v 0.22189500 0.62635900 0.82589100
v 0.22738100 0.63667500 0.83835900
v 0.23470200 0.60412000 0.87662700
v 0.21740800 0.62372800 0.83619400
v 0.21896400 0.63013800 0.84491700
v 0.21713500 0.61310100 0.83791200
v 0.21927800 0.60433700 0.84875700
v 0.22325600 0.60247100 0.86216100
v 0.22606400 0.60869500 0.87048900
v 0.22508600 0.61950800 0.86916900
v 0.22294200 0.62827200 0.85832300
v 0.21685000 0.62285900 0.83893500
v 0.21827200 0.62837000 0.84642800
v 0.21705600 0.61363700 0.84027500
v 0.21890200 0.60608700 0.84961800
v 0.22232900 0.60447900 0.86116700
v 0.22430800 0.60990700 0.86848300
v 0.22354600 0.61921100 0.86731900
v 0.22169900 0.62676200 0.85797400
v 0.21787400 0.62194100 0.84067600
v 0.21922200 0.62672100 0.84716400
v 0.21840400 0.61386100 0.84173100
v 0.22001200 0.60728800 0.84986700
v 0.22299500 0.60588800 0.85991800
v 0.22436600 0.61066500 0.86639800
v 0.22381300 0.61874900 0.86534900
v 0.22217600 0.62532600 0.85722400
v 0.22016100 0.60952900 0.82828300
v 0.23340400 0.63443500 0.85838400
v 0.23643600 0.62094900 0.87423600
v 0.22319300 0.59604400 0.84413400
v 0.34703000 0.62507000 0.83109800
v 0.34763000 0.62385300 0.83480800
v 0.34808700 0.61272200 0.83666500
v 0.34848300 0.61096700 0.83310300
v 0.34583800 0.60352200 0.84804800
v 0.34594200 0.59966700 0.84638400
v 0.34166200 0.60156400 0.86212200
v 0.34089500 0.59778900 0.86316600
v 0.33854300 0.60807200 0.87080800
v 0.33629800 0.60643300 0.87361400
v 0.33953200 0.61941700 0.86940800
v 0.33484500 0.62053700 0.87161000
v 0.34178800 0.62861700 0.85802600
v 0.33738600 0.63183700 0.85832700
v 0.34595700 0.63057600 0.84395300
v 0.34243300 0.63371500 0.84154700
v 0.33180300 0.60412000 0.87662700
v 0.33912400 0.63667500 0.83835900
v 0.34460900 0.62635900 0.82589100
v 0.33728800 0.59380400 0.86416000
v 0.34754000 0.63013800 0.84491700
v 0.34909700 0.62372800 0.83619400
v 0.34937000 0.61310100 0.83791200
v 0.34722700 0.60433700 0.84875700
v 0.34324900 0.60247100 0.86216100
v 0.34044100 0.60869500 0.87048900
v 0.34141900 0.61950800 0.86916900
v 0.34356300 0.62827200 0.85832300
v 0.34823300 0.62837000 0.84642800
v 0.34965500 0.62285900 0.83893500
v 0.34944900 0.61363700 0.84027500
v 0.34760200 0.60608700 0.84961800
v 0.34417500 0.60447900 0.86116700
v 0.34219700 0.60990700 0.86848300
v 0.34295900 0.61921100 0.86731900
v 0.34480500 0.62676200 0.85797400
v 0.34728300 0.62672100 0.84716400
v 0.34863100 0.62194100 0.84067600
v 0.34810000 0.61386100 0.84173100
v 0.34649300 0.60728800 0.84986700
v 0.34350900 0.60588800 0.85991800
v 0.34213800 0.61066500 0.86639800
v 0.34269200 0.61874900 0.86534900
v 0.34432900 0.62532600 0.85722400
v 0.34634400 0.60952900 0.82828300
v 0.33310100 0.63443500 0.85838400
v 0.33006900 0.62094900 0.87423600
v 0.34331200 0.59604400 0.84413400
v 0.19985400 0.18074700 0.35131700
v 0.19353600 0.17788700 0.39528400
v 0.19879200 0.15754300 0.36274100
v 0.19985500 0.16401800 0.35124900
v 0.15632600 0.27937900 0.57966300
v 0.15860600 0.30053600 0.53577200
v 0.17044800 0.26565400 0.46756700
v 0.16362800 0.25016700 0.54603600
v 0.16659700 0.25053000 0.54636600
v 0.15929600 0.27974200 0.57999300
v 0.15076200 0.32421500 0.60792400
v 0.14779200 0.32385200 0.60759400
v 0.15061900 0.32632400 0.60688600
v 0.14765000 0.32596200 0.60655700
v 0.15225900 0.33191800 0.58596700
v 0.14928900 0.33155500 0.58563800
v 0.16157300 0.30089800 0.53610200
v 0.17341800 0.26601700 0.46789700
v 0.18828900 0.23878500 0.41071800
v 0.18525700 0.23842200 0.41038800
v 0.19859800 0.20243700 0.36659000
v 0.19556000 0.20207400 0.36626000
v 0.19684000 0.18038400 0.35098700
v 0.19686100 0.16365500 0.35091900
v 0.19580700 0.15718000 0.36241000
v 0.19053900 0.17752400 0.39495400
v 0.17966300 0.20891700 0.47446800
v 0.17669400 0.20855400 0.47413800
v 0.36771200 0.15754300 0.36274100
v 0.36790700 0.20243700 0.36659000
v 0.36665100 0.18074700 0.35131700
v 0.36665000 0.16401800 0.35124900
v 0.40789900 0.30053600 0.53577200
v 0.41017900 0.27937900 0.57966300
v 0.40287700 0.25016700 0.54603600
v 0.39605700 0.26565400 0.46756700
v 0.40720900 0.27974200 0.57999300
v 0.39990700 0.25053000 0.54636600
v 0.41574300 0.32421500 0.60792400
v 0.41871200 0.32385200 0.60759400
v 0.41588600 0.32632400 0.60688600
v 0.41885500 0.32596200 0.60655700
v 0.41424600 0.33191800 0.58596700
v 0.41721600 0.33155500 0.58563800
v 0.40493100 0.30089800 0.53610200
v 0.39308700 0.26601700 0.46789700
v 0.37821600 0.23878500 0.41071800
v 0.38124700 0.23842200 0.41038800
v 0.37094500 0.20207400 0.36626000
v 0.36966500 0.18038400 0.35098700
v 0.36964400 0.16365500 0.35091900
v 0.37069700 0.15718000 0.36241000
v 0.37296800 0.17788700 0.39528400
v 0.37596600 0.17752400 0.39495400
v 0.38684100 0.20891700 0.47446800
v 0.38981100 0.20855400 0.47413800
v 0.19278800 0.32219400 0.37511000
v 0.18533200 0.31988700 0.41057600
v 0.19605100 0.30347700 0.38432400
v 0.19648000 0.30870000 0.37505500
v 0.15434300 0.40175500 0.55930500
v 0.15117600 0.41882100 0.52390100
v 0.15198000 0.39068400 0.46888300
v 0.15566100 0.37819100 0.53217900
v 0.15806500 0.37848400 0.53244500
v 0.15674300 0.40204800 0.55957000
v 0.15136100 0.43792100 0.58210100
v 0.14896600 0.43762900 0.58183500
v 0.15124600 0.43962300 0.58126300
v 0.14885100 0.43933000 0.58099800
v 0.15252500 0.44413500 0.56439000
v 0.15012900 0.44384200 0.56412300
v 0.15358100 0.41911300 0.52416600
v 0.15439600 0.39097600 0.46914900
v 0.16876000 0.36901000 0.42302600
v 0.16635300 0.36871700 0.42276000
v 0.18554600 0.33969000 0.38743100
v 0.18315600 0.33939800 0.38716400
v 0.19041300 0.32190100 0.37484500
v 0.19411100 0.30840700 0.37478800
v 0.19368200 0.30318500 0.38405800
v 0.18294100 0.31959400 0.41031000
v 0.16500100 0.34491700 0.47444900
v 0.16259400 0.34462400 0.47418300
v 0.37045400 0.30347700 0.38432400
v 0.38095900 0.33969000 0.38743100
v 0.37371700 0.32219400 0.37511000
v 0.37002500 0.30870000 0.37505500
v 0.41532900 0.41882100 0.52390100
v 0.41216100 0.40175500 0.55930500
v 0.41084400 0.37819100 0.53217900
v 0.41452500 0.39068400 0.46888300
v 0.40976200 0.40204800 0.55957000
v 0.40844000 0.37848400 0.53244500
v 0.41514400 0.43792100 0.58210100
v 0.41753900 0.43762900 0.58183500
v 0.41525900 0.43962300 0.58126300
v 0.41765400 0.43933000 0.58099800
v 0.41397900 0.44413500 0.56439000
v 0.41637600 0.44384200 0.56412300
v 0.41292400 0.41911300 0.52416600
v 0.41210900 0.39097600 0.46914900
v 0.39774500 0.36901000 0.42302600
v 0.40015200 0.36871700 0.42276000
v 0.38334900 0.33939800 0.38716400
v 0.37609200 0.32190100 0.37484500
v 0.37239400 0.30840700 0.37478800
v 0.37282300 0.30318500 0.38405800
v 0.38117300 0.31988700 0.41057600
v 0.38356400 0.31959400 0.41031000
v 0.40150400 0.34491700 0.47444900
v 0.40391100 0.34462400 0.47418300
v 0.20370300 0.27450200 0.35131700
v 0.19534900 0.27164200 0.39528400
v 0.20554400 0.25129900 0.36274100
v 0.20649300 0.25777300 0.35124900
v 0.15150200 0.37313500 0.57966400
v 0.14831700 0.39429100 0.53577300
v 0.15319200 0.35941000 0.46756700
v 0.15712000 0.34392300 0.54603600
v 0.16008400 0.34428600 0.54636600
v 0.15447100 0.37349800 0.57999300
v 0.14594100 0.41797100 0.60792400
v 0.14297200 0.41760800 0.60759500
v 0.14579900 0.42008000 0.60688600
v 0.14283000 0.41971700 0.60655700
v 0.14743800 0.42567300 0.58596700
v 0.14446900 0.42531100 0.58563800
v 0.15127600 0.39465400 0.53610200
v 0.15614200 0.35977200 0.46789700
v 0.17629000 0.33254000 0.41071800
v 0.17331700 0.33217800 0.41038900
v 0.19628000 0.29619300 0.36659000
v 0.19329400 0.29583000 0.36626000
v 0.20071200 0.27413900 0.35098700
v 0.20349800 0.25741000 0.35091900
v 0.20255200 0.25093600 0.36241000
v 0.19236400 0.27127900 0.39495400
v 0.17294000 0.30267200 0.47446800
v 0.16997600 0.30230900 0.47413800
v 0.36096000 0.25129900 0.36274100
v 0.37022400 0.29619300 0.36659000
v 0.36280100 0.27450200 0.35131700
v 0.36001200 0.25777300 0.35124900
v 0.41818700 0.39429100 0.53577300
v 0.41500300 0.37313500 0.57966400
v 0.40938500 0.34392300 0.54603600
v 0.41331300 0.35941000 0.46756700
v 0.41203400 0.37349800 0.57999300
v 0.40642100 0.34428600 0.54636600
v 0.42056400 0.41797100 0.60792400
v 0.42353300 0.41760800 0.60759500
v 0.42070600 0.42008000 0.60688600
v 0.42367500 0.41971700 0.60655700
v 0.41906700 0.42567300 0.58596700
v 0.42203600 0.42531100 0.58563800
v 0.41522900 0.39465400 0.53610200
v 0.41036300 0.35977200 0.46789700
v 0.39021500 0.33254000 0.41071800
v 0.39318700 0.33217800 0.41038900
v 0.37321000 0.29583000 0.36626000
v 0.36579300 0.27413900 0.35098700
v 0.36300700 0.25741000 0.35091900
v 0.36395300 0.25093600 0.36241000
v 0.37115600 0.27164200 0.39528400
v 0.37414100 0.27127900 0.39495400
v 0.39356500 0.30267200 0.47446800
v 0.39652900 0.30230900 0.47413800
v 0.20601000 0.22791900 0.35131700
v 0.19769900 0.22505900 0.39528400
v 0.20388700 0.20471600 0.36274100
v 0.20561200 0.21119000 0.35124900
v 0.15520100 0.32655200 0.57966400
v 0.15420000 0.34770800 0.53577200
v 0.16572700 0.31282700 0.46756700
v 0.16250300 0.29734000 0.54603600
v 0.16547200 0.29770200 0.54636600
v 0.15817000 0.32691500 0.57999300
v 0.14963600 0.37138800 0.60792400
v 0.14666700 0.37102500 0.60759500
v 0.14949400 0.37349700 0.60688600
v 0.14652500 0.37313400 0.60655700
v 0.15113300 0.37909000 0.58596700
v 0.14816400 0.37872800 0.58563800
v 0.15714900 0.34807100 0.53610200
v 0.16867500 0.31318900 0.46789700
v 0.18659600 0.28595700 0.41071800
v 0.18360100 0.28559400 0.41038800
v 0.20299200 0.24960900 0.36659000
v 0.19997100 0.24924700 0.36626000
v 0.20299600 0.22755600 0.35098700
v 0.20260700 0.21082800 0.35091900
v 0.20088600 0.20435300 0.36241000
v 0.19469800 0.22469600 0.39495400
v 0.17853800 0.25608900 0.47446800
v 0.17556900 0.25572600 0.47413800
v 0.36261700 0.20471600 0.36274100
v 0.36351300 0.24960900 0.36659000
v 0.36049500 0.22791900 0.35131700
v 0.36089300 0.21119000 0.35124900
v 0.41230500 0.34770800 0.53577200
v 0.41130400 0.32655200 0.57966400
v 0.40400200 0.29734000 0.54603600
v 0.40077800 0.31282700 0.46756700
v 0.40833500 0.32691500 0.57999300
v 0.40103200 0.29770200 0.54636600
v 0.41686800 0.37138800 0.60792400
v 0.41983800 0.37102500 0.60759500
v 0.41701100 0.37349700 0.60688600
v 0.41998000 0.37313400 0.60655700
v 0.41537100 0.37909000 0.58596700
v 0.41834100 0.37872800 0.58563800
v 0.40935600 0.34807100 0.53610200
v 0.39783000 0.31318900 0.46789700
v 0.37990900 0.28595700 0.41071800
v 0.38290300 0.28559400 0.41038800
v 0.36653300 0.24924700 0.36626000
v 0.36350900 0.22755600 0.35098700
v 0.36389800 0.21082800 0.35091900
v 0.36561800 0.20435300 0.36241000
v 0.36880600 0.22505900 0.39528400
v 0.37180700 0.22469600 0.39495400
v 0.38796700 0.25608900 0.47446800
v 0.39093600 0.25572600 0.47413800
v 0.28324800 0.59591000 0.68175000
v 0.28324600 0.62207800 0.70713800
v 0.30981600 0.61942300 0.71109800
v 0.31346400 0.59289300 0.68614900
v 0.28324500 0.65378100 0.72910400
v 0.30647400 0.65125800 0.73285600
v 0.28324400 0.67361200 0.75558900
v 0.30335900 0.67137400 0.75884100
v 0.28324200 0.68461800 0.77878700
v 0.30172100 0.68264200 0.78151200
v 0.28324100 0.69027500 0.79819100
v 0.29857100 0.68868600 0.80065100
v 0.28324000 0.69245600 0.81691800
v 0.29428400 0.69132100 0.81882900
v 0.28323900 0.69136700 0.83583400
v 0.29189000 0.69063300 0.83679500
v 0.28323800 0.68686800 0.85576300
v 0.28775800 0.68665600 0.85603400
v 0.33799100 0.60900700 0.72761700
v 0.34498200 0.58158200 0.70368400
v 0.33069400 0.64110200 0.74862400
v 0.32596500 0.66215200 0.77271300
v 0.32115700 0.67382900 0.79227500
v 0.31572000 0.68165800 0.81130000
v 0.31106100 0.68541600 0.82766800
v 0.30445500 0.68615000 0.84556400
v 0.29370700 0.68385200 0.86039000
v 0.35429200 0.59304000 0.75231200
v 0.36583500 0.56424800 0.72987200
v 0.34265800 0.63382800 0.76262100
v 0.34862000 0.62369000 0.77734500
v 0.33788200 0.65354900 0.78842700
v 0.34153600 0.64602700 0.79925500
v 0.33438200 0.66342200 0.80434600
v 0.33774600 0.65706800 0.81053100
v 0.33828400 0.66574900 0.81851000
v 0.32456200 0.67634900 0.84285400
v 0.33337600 0.67086800 0.82847400
v 0.31170700 0.67927100 0.85601200
v 0.29793100 0.67955600 0.86790900
v 0.28323700 0.67815400 0.87767000
v 0.28644100 0.67721300 0.87935300
v 0.36149000 0.57345100 0.78463900
v 0.37429900 0.54298300 0.76166200
v 0.35248500 0.60652700 0.80611700
v 0.34344800 0.63076100 0.82485900
v 0.33956600 0.63903600 0.83244100
v 0.33773200 0.64550000 0.84226700
v 0.34028500 0.64948300 0.84684900
v 0.31493700 0.67081600 0.87076000
v 0.32613400 0.66519100 0.86152700
v 0.30073600 0.67428200 0.87671500
v 0.28708500 0.67542000 0.88232200
v 0.36116700 0.55259100 0.82064800
v 0.37444000 0.52034600 0.79760700
v 0.34845300 0.58435500 0.84521300
v 0.33541300 0.60681500 0.86531300
v 0.33173700 0.61445100 0.86973900
v 0.33217200 0.63123800 0.87255800
v 0.33610300 0.63645100 0.87388900
v 0.31496600 0.66179500 0.88538300
v 0.32545600 0.65327700 0.88192800
v 0.30077900 0.66866200 0.88601500
v 0.28700500 0.67351000 0.88541300
v 0.34749300 0.53295900 0.85492200
v 0.36045300 0.49905900 0.83042200
v 0.33725900 0.56713500 0.87501800
v 0.32897600 0.59494600 0.88515500
v 0.32345800 0.61520300 0.89137300
v 0.30872000 0.65329800 0.89802300
v 0.31572800 0.64204400 0.89978300
v 0.29751400 0.66337400 0.89472500
v 0.28627600 0.67171600 0.88831600
v 0.32386900 0.51268100 0.87464100
v 0.33441800 0.47353000 0.85150300
v 0.31982800 0.55150100 0.89796900
v 0.31503700 0.58072800 0.90610100
v 0.31102100 0.60263300 0.90898200
v 0.32000500 0.63002300 0.89651900
v 0.30809800 0.61907600 0.91077500
v 0.30433700 0.63285900 0.91207700
v 0.29895300 0.64635600 0.90824100
v 0.29223200 0.65906000 0.90102700
v 0.28323700 0.67107100 0.88936300
v 0.30081400 0.49915400 0.88739100
v 0.30438900 0.45573600 0.86550000
v 0.29936700 0.54123900 0.91082500
v 0.29739100 0.57141200 0.91790000
v 0.29558700 0.59440600 0.91914200
v 0.29380400 0.61191300 0.92004200
v 0.29257400 0.62685000 0.92034800
v 0.29005100 0.64181900 0.91555200
v 0.28661900 0.65624300 0.90541900
v 0.28323600 0.49694000 0.89051100
v 0.28323800 0.45326100 0.86905500
v 0.28323500 0.53919500 0.91380900
v 0.28323500 0.56968500 0.92044100
v 0.28323500 0.59296300 0.92127500
v 0.28323500 0.61074500 0.92175200
v 0.28323500 0.62593400 0.92172700
v 0.28323500 0.64125600 0.91640700
v 0.28323600 0.65614500 0.90557900
v 0.34402700 0.48380300 0.79520000
v 0.30023900 0.45582200 0.82195000
v 0.28324700 0.55568600 0.69004600
v 0.35390800 0.51640200 0.74769700
v 0.28323800 0.44552200 0.86179400
v 0.30510400 0.44803300 0.85819300
v 0.33544300 0.46602500 0.84390400
v 0.36159300 0.49136100 0.82288700
v 0.37541900 0.51264300 0.79040500
v 0.37521400 0.53528000 0.75582600
v 0.36658100 0.55654500 0.72431400
v 0.34548700 0.57387800 0.69828300
v 0.31350700 0.58519000 0.68085900
v 0.28324800 0.58823400 0.67641900
v 0.28323800 0.44350300 0.85233800
v 0.30474900 0.44587100 0.84891400
v 0.33448500 0.46385200 0.83564500
v 0.35949900 0.48737000 0.81544700
v 0.37236800 0.50771500 0.78467000
v 0.37217000 0.52935400 0.75241300
v 0.36379700 0.54968300 0.72246900
v 0.34359000 0.56625200 0.69770700
v 0.31285900 0.57706500 0.68112800
v 0.28324800 0.57999200 0.67685700
v 0.28324000 0.45437700 0.82453300
v 0.32399700 0.46887000 0.81217200
v 0.35376500 0.49960000 0.77216500
v 0.34676500 0.53218700 0.72469200
v 0.33098000 0.54505300 0.70587800
v 0.30684700 0.55344800 0.69331700
v 0.33310700 0.64725800 0.87811500
v 0.33555600 0.65980900 0.85391900
v 0.33678400 0.64318800 0.87568100
v 0.34052500 0.65606000 0.84958900
v 0.27871800 0.68665600 0.85603400
v 0.27985200 0.65624300 0.90541900
v 0.27277000 0.68385200 0.86039000
v 0.27424000 0.65906000 0.90102700
v 0.22382800 0.63382800 0.76261500
v 0.23579400 0.64110200 0.74861900
v 0.22849900 0.60900700 0.72761100
v 0.22860100 0.65354900 0.78842200
v 0.24052100 0.66215200 0.77270900
v 0.23210000 0.66342200 0.80434100
v 0.24532600 0.67382900 0.79227100
v 0.22819700 0.66574900 0.81850400
v 0.22873500 0.65706800 0.81052500
v 0.22619300 0.64948300 0.84684500
v 0.22595200 0.65606000 0.84958400
v 0.23037200 0.63645100 0.87388500
v 0.22969000 0.64318800 0.87567600
v 0.24301500 0.61520300 0.89136800
v 0.23310300 0.67086800 0.82846900
v 0.25076200 0.68165800 0.81129700
v 0.23092000 0.65980900 0.85391500
v 0.23336800 0.64725800 0.87811000
v 0.24646700 0.63002300 0.89651500
v 0.24034300 0.66519100 0.86152300
v 0.24191600 0.67634900 0.84284900
v 0.24101800 0.65327700 0.88192300
v 0.25074400 0.64204400 0.89977800
v 0.25363600 0.57706500 0.68112500
v 0.25964600 0.55344800 0.69331400
v 0.22290300 0.56625200 0.69770000
v 0.23551200 0.54505300 0.70587300
v 0.20269400 0.54968300 0.72246000
v 0.21972500 0.53218700 0.72468500
v 0.19431700 0.52935400 0.75240400
v 0.21258000 0.51640200 0.74769000
v 0.19411600 0.50771500 0.78466100
v 0.21272100 0.49960000 0.77215800
v 0.20698200 0.48737000 0.81543900
v 0.22245600 0.48380300 0.79519400
v 0.23199400 0.46385200 0.83563900
v 0.24248400 0.46887000 0.81216800
v 0.26172800 0.44587100 0.84891200
v 0.26624100 0.45582300 0.82194800
v 0.25298800 0.58519000 0.68085600
v 0.22100700 0.57387800 0.69827700
v 0.19990900 0.55654500 0.72430500
v 0.19127300 0.53528000 0.75581600
v 0.19106500 0.51264300 0.79039500
v 0.20488700 0.49136100 0.82287900
v 0.23103600 0.46602500 0.84389800
v 0.26137300 0.44803300 0.85819000
v 0.25303000 0.59289300 0.68614600
v 0.22151100 0.58158200 0.70367800
v 0.20065500 0.56424800 0.72986300
v 0.19218800 0.54298300 0.76165300
v 0.19204200 0.52034600 0.79759700
v 0.20602600 0.49906000 0.83041400
v 0.23205900 0.47353000 0.85149900
v 0.26208600 0.45573600 0.86549700
v 0.27946900 0.67351000 0.88541300
v 0.27938900 0.67542000 0.88232200
v 0.27641900 0.64181900 0.91555200
v 0.27389600 0.62685000 0.92034800
v 0.27266600 0.61191300 0.92004200
v 0.27088300 0.59440600 0.91914200
v 0.26907900 0.57141200 0.91790000
v 0.26710400 0.54123900 0.91082500
v 0.26565900 0.49915400 0.88739100
v 0.26751800 0.64635600 0.90824100
v 0.26213400 0.63285900 0.91207500
v 0.25837300 0.61907600 0.91077100
v 0.25545000 0.60263300 0.90897700
v 0.25143400 0.58072800 0.90609600
v 0.24664400 0.55150100 0.89796400
v 0.24260600 0.51268100 0.87463700
v 0.28019700 0.67171600 0.88831600
v 0.26895800 0.66337400 0.89472500
v 0.25775200 0.65329800 0.89801900
v 0.23749700 0.59494600 0.88515100
v 0.22921600 0.56713500 0.87501300
v 0.21898400 0.53295900 0.85491500
v 0.26569400 0.66866200 0.88601500
v 0.25150800 0.66179500 0.88537900
v 0.23430300 0.63123800 0.87255400
v 0.23473800 0.61445100 0.86973400
v 0.23106300 0.60681500 0.86530800
v 0.21802400 0.58435500 0.84520800
v 0.20531300 0.55259100 0.82064000
v 0.26573800 0.67428200 0.87671500
v 0.25153800 0.67081600 0.87075500
v 0.22874600 0.64550000 0.84226200
v 0.22691300 0.63903600 0.83243500
v 0.22303200 0.63076100 0.82485300
v 0.21399600 0.60652700 0.80611000
v 0.20499400 0.57345100 0.78463100
v 0.28003400 0.67721300 0.87935300
v 0.26854400 0.67955600 0.86790900
v 0.25477000 0.67927100 0.85600700
v 0.22494600 0.64602700 0.79924900
v 0.21786500 0.62369000 0.77733800
v 0.21219600 0.59304000 0.75230500
v 0.26202300 0.68615000 0.84555900
v 0.25541800 0.68541600 0.82766500
v 0.27458900 0.69063300 0.83679400
v 0.27219600 0.69132100 0.81882800
v 0.26791200 0.68868600 0.80064900
v 0.26476400 0.68264200 0.78151100
v 0.26312800 0.67137400 0.75883900
v 0.26001600 0.65125800 0.73285400
v 0.25667600 0.61942300 0.71109500
v 0.38605900 0.02786040 0.63246400
v 0.38027700 0.03573260 0.67030100
v 0.37702200 0.03709550 0.66980400
v 0.38265000 0.02928940 0.63194300
v 0.37567300 0.04038890 0.66959800
v 0.38123800 0.03273780 0.63172700
v 0.37702200 0.04368230 0.66980400
v 0.38265000 0.03618620 0.63194300
v 0.38027700 0.04504530 0.67030100
v 0.38605900 0.03761290 0.63246400
v 0.38353200 0.04368230 0.67079800
v 0.38946700 0.03618620 0.63298500
v 0.38488000 0.04038890 0.67100500
v 0.39087900 0.03273780 0.63320000
v 0.38353200 0.03709550 0.67079800
v 0.38946700 0.02928940 0.63298500
v 0.38898200 0.03575770 0.61333900
v 0.39109200 0.03060220 0.61366200
v 0.38898200 0.02971790 0.61333900
v 0.38687100 0.03487110 0.61301700
v 0.36448700 0.02851450 0.77450600
v 0.36419400 0.02690990 0.77362100
v 0.36463600 0.02663640 0.77354500
v 0.36492800 0.02824330 0.77443200
v 0.38441600 0.02913440 0.61935900
v 0.38797800 0.02764160 0.61990300
v 0.39154000 0.02913440 0.62044700
v 0.39301600 0.03273780 0.62067300
v 0.39154000 0.03634110 0.62044700
v 0.38797800 0.03783170 0.61990300
v 0.38441600 0.03634110 0.61935900
v 0.38294100 0.03273780 0.61913300
v 0.38687100 0.03060220 0.61301700
v 0.39196600 0.03273780 0.61379500
v 0.39109200 0.03487110 0.61366200
v 0.38599700 0.03273780 0.61288300
v 0.38387300 0.03738040 0.67455000
v 0.37972400 0.03564370 0.67391600
v 0.37557600 0.03738040 0.67328200
v 0.37385700 0.04157870 0.67302000
v 0.37557600 0.04577460 0.67328200
v 0.37972400 0.04751360 0.67391600
v 0.38387300 0.04577460 0.67455000
v 0.38559100 0.04157870 0.67481300
v 0.38316700 0.03738040 0.67916700
v 0.37901900 0.03564370 0.67853200
v 0.37487000 0.03738040 0.67789900
v 0.37315200 0.04157870 0.67763600
v 0.37487000 0.04577460 0.67789900
v 0.37901900 0.04751360 0.67853200
v 0.38316700 0.04577460 0.67916700
v 0.38488600 0.04157870 0.67942900
v 0.38216100 0.03726880 0.68182100
v 0.37859900 0.03577820 0.68127600
v 0.37503700 0.03726880 0.68073200
v 0.37356200 0.04087210 0.68050700
v 0.37503700 0.04447550 0.68073200
v 0.37859900 0.04596830 0.68127600
v 0.38216100 0.04447550 0.68182100
v 0.38363700 0.04087210 0.68204600
v 0.37424600 0.03162780 0.72738300
v 0.37175300 0.03058620 0.72700200
v 0.36924100 0.03162780 0.72661800
v 0.36820000 0.03414860 0.72645900
v 0.36923600 0.03666710 0.72661800
v 0.37174100 0.03771090 0.72700000
v 0.37425300 0.03666930 0.72738400
v 0.37529900 0.03414860 0.72754400
v 0.37413000 0.03138390 0.73352700
v 0.37083200 0.02973150 0.73307600
v 0.36751100 0.03138390 0.73251400
v 0.36617500 0.03576450 0.73217000
v 0.36774200 0.04216210 0.73155600
v 0.37098100 0.04372110 0.73194800
v 0.37420100 0.04216670 0.73254200
v 0.37553300 0.03575540 0.73359900
v 0.37310800 0.03170760 0.74492700
v 0.36911000 0.02965180 0.74436900
v 0.36508100 0.03170760 0.74370000
v 0.36345300 0.03681750 0.74329800
v 0.36542200 0.04468060 0.74221400
v 0.36934900 0.04660880 0.74262300
v 0.37323200 0.04468520 0.74340700
v 0.37481000 0.03681290 0.74503300
v 0.37104300 0.03232520 0.75257100
v 0.36792200 0.03067740 0.75209400
v 0.36477500 0.03232520 0.75161300
v 0.36347100 0.03630920 0.75141400
v 0.36477000 0.04035470 0.75161200
v 0.36790700 0.04199350 0.75209200
v 0.37105200 0.04035700 0.75257200
v 0.37236300 0.03630690 0.75277300
v 0.37035800 0.03253260 0.75365500
v 0.36774300 0.03115150 0.75325600
v 0.36510600 0.03253260 0.75285300
v 0.36401300 0.03587160 0.75268600
v 0.36510100 0.03926300 0.75285200
v 0.36773000 0.04063510 0.75325400
v 0.37036600 0.03926530 0.75365700
v 0.37146400 0.03587160 0.75382400
v 0.36869100 0.03252130 0.75959600
v 0.36681500 0.03113550 0.75930900
v 0.36492500 0.03252130 0.75902000
v 0.36414200 0.03587160 0.75890000
v 0.36492200 0.03927440 0.75902000
v 0.36680600 0.04065100 0.75930800
v 0.36869600 0.03927670 0.75959600
v 0.36948400 0.03587160 0.75971700
v 0.36761800 0.03139080 0.76498700
v 0.36606900 0.03031730 0.76418800
v 0.36433900 0.03139080 0.76448600
v 0.36345500 0.03397990 0.76570700
v 0.36392800 0.03661010 0.76715800
v 0.36548600 0.03767440 0.76795300
v 0.36721400 0.03661240 0.76766000
v 0.36810600 0.03397990 0.76641800
v 0.36613500 0.02982960 0.77036000
v 0.36519800 0.02918000 0.76987700
v 0.36415200 0.02982730 0.77005700
v 0.36361600 0.03139530 0.77079600
v 0.36390300 0.03298620 0.77167400
v 0.36484500 0.03363120 0.77215500
v 0.36589100 0.03298850 0.77197700
v 0.36643000 0.03139530 0.77122600
v 0.36503100 0.02690990 0.77374900
v 0.36396900 0.02757090 0.77393300
v 0.36408900 0.02824100 0.77430300
v 0.36515600 0.02757090 0.77411400
v 0.42073600 0.02786040 0.61139000
v 0.45286000 0.03573260 0.63220300
v 0.45106900 0.03709550 0.63496600
v 0.41886100 0.02928940 0.61428400
v 0.45032800 0.04038890 0.63611100
v 0.41808400 0.03273780 0.61548300
v 0.45106900 0.04368230 0.63496600
v 0.41886100 0.03618620 0.61428400
v 0.45286000 0.04504530 0.63220300
v 0.42073600 0.03761290 0.61139000
v 0.45465000 0.04368230 0.62944000
v 0.42261100 0.03618620 0.60849700
v 0.45539200 0.04038890 0.62829500
v 0.42338700 0.03273780 0.60729800
v 0.45465000 0.03709550 0.62944000
v 0.42261100 0.02928940 0.60849700
v 0.40449900 0.03575770 0.60087100
v 0.40566000 0.03060220 0.59907900
v 0.40449900 0.02971790 0.60087100
v 0.40333800 0.03487110 0.60266300
v 0.54138400 0.02851450 0.68939800
v 0.54045900 0.02690990 0.68930100
v 0.54057000 0.02663640 0.68886800
v 0.54149800 0.02824330 0.68896500
v 0.40811300 0.02913440 0.60750500
v 0.41007200 0.02764160 0.60448100
v 0.41203100 0.02913440 0.60145700
v 0.41284300 0.03273780 0.60020500
v 0.41203100 0.03634110 0.60145700
v 0.41007200 0.03783170 0.60448100
v 0.40811300 0.03634110 0.60750500
v 0.40730100 0.03273780 0.60875800
v 0.40333800 0.03060220 0.60266300
v 0.40614100 0.03273780 0.59833700
v 0.40566000 0.03487110 0.59907900
v 0.40285700 0.03273780 0.60340500
v 0.45821100 0.03738040 0.63066900
v 0.45592800 0.03564370 0.63419100
v 0.45364700 0.03738040 0.63771400
v 0.45270200 0.04157870 0.63917300
v 0.45364700 0.04577460 0.63771400
v 0.45592800 0.04751360 0.63419100
v 0.45821100 0.04577460 0.63066900
v 0.45915600 0.04157870 0.62921000
v 0.46213000 0.03738040 0.63320800
v 0.45984800 0.03564370 0.63673100
v 0.45756600 0.03738040 0.64025300
v 0.45662100 0.04157870 0.64171200
v 0.45756600 0.04577460 0.64025300
v 0.45984800 0.04751360 0.63673100
v 0.46213000 0.04577460 0.63320800
v 0.46307500 0.04157870 0.63175000
v 0.46413700 0.03726880 0.63521600
v 0.46217800 0.03577820 0.63824000
v 0.46021800 0.03726880 0.64126400
v 0.45940700 0.04087210 0.64251700
v 0.46021800 0.04447550 0.64126400
v 0.46217800 0.04596830 0.63824000
v 0.46413700 0.04447550 0.63521600
v 0.46494800 0.04087210 0.63396300
v 0.50242800 0.03162780 0.66114600
v 0.50105700 0.03058620 0.66326200
v 0.49967500 0.03162780 0.66539600
v 0.49910200 0.03414860 0.66628000
v 0.49967300 0.03666710 0.66539900
v 0.50105000 0.03771090 0.66327200
v 0.50243200 0.03666930 0.66114100
v 0.50300800 0.03414860 0.66025100
v 0.50798200 0.03138390 0.66377500
v 0.50621700 0.02973150 0.66659700
v 0.50434100 0.03138390 0.66939400
v 0.50347700 0.03576450 0.67047100
v 0.50356100 0.04216210 0.66879000
v 0.50524800 0.04372110 0.66599700
v 0.50711400 0.04216670 0.66330600
v 0.50862400 0.03575540 0.66252500
v 0.51795600 0.03170760 0.66938900
v 0.51580500 0.02965180 0.67280500
v 0.51353900 0.03170760 0.67620400
v 0.51250500 0.03681750 0.67752300
v 0.51232700 0.04468060 0.67528300
v 0.51431200 0.04660880 0.67187000
v 0.51662100 0.04468520 0.66865200
v 0.51875200 0.03681290 0.66788100
v 0.52407800 0.03232520 0.67441200
v 0.52236000 0.03067740 0.67706100
v 0.52063000 0.03232520 0.67973300
v 0.51991200 0.03630920 0.68084000
v 0.52062800 0.04035470 0.67973800
v 0.52235300 0.04199350 0.67707400
v 0.52408300 0.04035700 0.67440400
v 0.52480300 0.03630690 0.67329100
v 0.52478500 0.03253260 0.67548100
v 0.52334700 0.03115150 0.67770200
v 0.52189700 0.03253260 0.67994000
v 0.52129500 0.03587160 0.68086800
v 0.52189500 0.03926300 0.67994500
v 0.52334000 0.04063510 0.67771200
v 0.52478900 0.03926530 0.67547500
v 0.52539300 0.03587160 0.67454200
v 0.52951600 0.03252130 0.67944200
v 0.52848400 0.03113550 0.68103400
v 0.52744500 0.03252130 0.68263800
v 0.52701400 0.03587160 0.68330400
v 0.52744200 0.03927440 0.68264100
v 0.52847900 0.04065100 0.68104100
v 0.52951900 0.03927670 0.67943700
v 0.52995200 0.03587160 0.67876800
v 0.53399000 0.03139080 0.68263400
v 0.53262700 0.03031730 0.68371900
v 0.53218800 0.03139080 0.68541700
v 0.53293700 0.03397990 0.68672500
v 0.53445500 0.03661010 0.68689000
v 0.53582100 0.03767440 0.68579600
v 0.53626300 0.03661240 0.68410000
v 0.53549500 0.03397990 0.68277700
v 0.53828200 0.02982960 0.68619300
v 0.53745700 0.02918000 0.68684900
v 0.53719000 0.02982730 0.68787700
v 0.53764400 0.03139530 0.68866800
v 0.53856200 0.03298620 0.68876700
v 0.53938700 0.03363120 0.68810600
v 0.53965600 0.03298850 0.68708000
v 0.53919100 0.03139530 0.68627900
v 0.54091700 0.02690990 0.68859100
v 0.54065000 0.02757090 0.68963500
v 0.54103500 0.02824100 0.68967700
v 0.54130200 0.02757090 0.68862800
v 0.35026600 0.15682000 0.47027500
v 0.39199000 0.02896580 0.59275900
v 0.38880200 0.02961530 0.59519600
v 0.34388100 0.15931800 0.47428000
v 0.38811700 0.03233440 0.59812800
v 0.34233700 0.16533300 0.47921500
v 0.39045200 0.03512410 0.60013700
v 0.34656400 0.17136600 0.48219900
v 0.39466600 0.03578050 0.60061500
v 0.35408000 0.17386800 0.48147200
v 0.39771200 0.03512410 0.59766300
v 0.36047700 0.17136600 0.47745900
v 0.39833600 0.03233440 0.59464700
v 0.36200400 0.16533300 0.47251500
v 0.39600300 0.02961530 0.59274300
v 0.35776900 0.15931800 0.46954900
v 0.34838500 0.18044400 0.46475300
v 0.35042100 0.17241200 0.45817300
v 0.34628000 0.17103500 0.45857300
v 0.34424400 0.17906500 0.46515400
v 0.34238800 0.16033000 0.47198200
v 0.34935800 0.15760600 0.46761000
v 0.35754800 0.16033000 0.46681800
v 0.36216600 0.16690300 0.47006100
v 0.36049800 0.17348800 0.47545600
v 0.35352200 0.17621400 0.47983200
v 0.34532500 0.17348800 0.48062400
v 0.34071000 0.16690300 0.47737000
v 0.34004300 0.16534700 0.46511700
v 0.34701900 0.16261800 0.46074200
v 0.35521500 0.16534700 0.45994900
v 0.35983100 0.17193100 0.46320300
v 0.35816200 0.17851300 0.46859900
v 0.35118600 0.18124100 0.47297500
v 0.34298900 0.17851300 0.47376700
v 0.33837400 0.17193100 0.47051300
v 0.34051100 0.16833500 0.46268200
v 0.34641800 0.16602600 0.45897700
v 0.35335800 0.16833500 0.45830600
v 0.35726600 0.17391200 0.46106200
v 0.35585300 0.17948600 0.46563000
v 0.34994600 0.18179500 0.46933500
v 0.34300600 0.17948600 0.47000700
v 0.33909800 0.17391200 0.46725100
v 0.34275500 0.17241200 0.46078400
v 0.35275300 0.17574000 0.45981600
v 0.35191000 0.17906500 0.46254300
v 0.34191200 0.17574000 0.46350900
v 0.39761300 0.02817490 0.59262300
v 0.39201800 0.02744780 0.59284100
v 0.38745400 0.02817490 0.59608400
v 0.38644100 0.03156400 0.60018100
v 0.39004300 0.03500100 0.60399100
v 0.39596700 0.03593320 0.60443300
v 0.40038900 0.03500100 0.60046700
v 0.40091700 0.03156400 0.59525000
v 0.40014000 0.02745240 0.59390000
v 0.39253800 0.02611000 0.59436500
v 0.38623100 0.02745240 0.59863800
v 0.38490600 0.03118110 0.60547100
v 0.39052300 0.03476850 0.61232800
v 0.39837300 0.03669670 0.61149700
v 0.40509800 0.03476850 0.60736300
v 0.40536100 0.03118110 0.59850300
v 0.40853500 0.03161190 0.60400300
v 0.40224400 0.02695780 0.59601500
v 0.39309400 0.02500000 0.59599800
v 0.38585700 0.02695780 0.60159700
v 0.38575000 0.03161190 0.61176500
v 0.39259500 0.03580780 0.61986100
v 0.40117600 0.03774740 0.61972600
v 0.40805600 0.03580780 0.61459500
v 0.39323000 0.02654070 0.60877800
v 0.40374100 0.02826380 0.61004000
v 0.40354600 0.03000510 0.61499900
v 0.39323300 0.02826380 0.61362000
v 0.40207200 0.03400950 0.62235300
v 0.40816200 0.03302270 0.61750800
v 0.40854100 0.02963350 0.60786100
v 0.40279600 0.02627860 0.60039900
v 0.39450800 0.02518460 0.60015100
v 0.38809600 0.02627860 0.60540600
v 0.38810000 0.02963350 0.61482400
v 0.39429000 0.03302270 0.62223400
v 0.40041500 0.03051330 0.61749000
v 0.40078700 0.02654070 0.60620400
v 0.39652700 0.02597780 0.60607700
v 0.39641500 0.03000510 0.61742900
v 0.34627800 0.16938100 0.48617300
v 0.34627500 0.23593200 0.55742100
v 0.33789100 0.23848700 0.55506900
v 0.33738600 0.17209100 0.48367800
v 0.33441900 0.24465600 0.54939100
v 0.33370300 0.17863400 0.47765600
v 0.33789200 0.25082400 0.54371400
v 0.33738700 0.18517800 0.47163500
v 0.34627500 0.25337900 0.54136300
v 0.34627900 0.18788700 0.46914100
v 0.35465900 0.25082400 0.54371500
v 0.35517200 0.18517800 0.47163600
v 0.35813100 0.24465600 0.54939200
v 0.35885400 0.17863400 0.47765800
v 0.35465800 0.23848700 0.55506900
v 0.35517100 0.17209100 0.48367900
v 0.34628000 0.16877000 0.45670900
v 0.35117900 0.16006800 0.46471800
v 0.34628000 0.15857500 0.46609300
v 0.34138100 0.16727700 0.45808200
v 0.34627500 0.25783300 0.55132900
v 0.34034600 0.24730200 0.56102100
v 0.34627500 0.24549500 0.56268400
v 0.35220300 0.25602600 0.55299200
v 0.33658100 0.16923700 0.48176500
v 0.34627900 0.16628100 0.48448500
v 0.35597600 0.16923700 0.48176600
v 0.35999300 0.17637100 0.47519900
v 0.35597600 0.18350700 0.46863200
v 0.34628000 0.18646300 0.46591200
v 0.33658200 0.18350700 0.46863100
v 0.33256500 0.17637100 0.47519800
v 0.33658200 0.16201200 0.47391400
v 0.34627900 0.15905600 0.47663500
v 0.35597600 0.16201200 0.47391500
v 0.35999300 0.16914600 0.46734800
v 0.35597700 0.17628200 0.46078100
v 0.34628000 0.17923600 0.45806100
v 0.33658300 0.17628200 0.46078000
v 0.33256600 0.16914600 0.46734700
v 0.33806800 0.16025900 0.46981500
v 0.34627900 0.15775500 0.47211900
v 0.35449000 0.16025900 0.46981600
v 0.35789100 0.16629900 0.46425600
v 0.35449100 0.17234100 0.45869500
v 0.34628000 0.17484400 0.45639200
v 0.33806900 0.17234100 0.45869400
v 0.33466700 0.16629900 0.46425500
v 0.34138000 0.16006800 0.46471800
v 0.35320800 0.16367400 0.46140100
v 0.35117900 0.16727700 0.45808300
v 0.33935100 0.16367400 0.46140000
v 0.35220200 0.24730200 0.56102100
v 0.33789100 0.25166400 0.55700600
v 0.34034700 0.25602600 0.55299200
v 0.35465800 0.25166400 0.55700700
v 0.40635300 0.02769630 0.63271100
v 0.41895500 0.03573260 0.66970400
v 0.41577300 0.03712520 0.67078900
v 0.40302100 0.02915490 0.63384600
v 0.41445500 0.04048690 0.67123800
v 0.40164000 0.03267400 0.63431600
v 0.41577300 0.04384870 0.67078900
v 0.40302100 0.03619530 0.63384600
v 0.41895500 0.04524130 0.66970400
v 0.40635300 0.03765390 0.63271100
v 0.42213700 0.04384870 0.66862100
v 0.40968600 0.03619530 0.63157600
v 0.42345600 0.04048690 0.66817100
v 0.41106600 0.03267400 0.63110500
v 0.42213700 0.03712520 0.66862100
v 0.40968600 0.02915490 0.63157600
v 0.39998400 0.03575770 0.61401300
v 0.40204800 0.03049510 0.61331000
v 0.39998400 0.02959250 0.61401300
v 0.39792100 0.03485510 0.61471600
v 0.45718100 0.02822050 0.78191700
v 0.45649900 0.02658400 0.78125300
v 0.45686300 0.02630370 0.78097600
v 0.45754500 0.02794470 0.78164100
v 0.39868800 0.02899540 0.62161700
v 0.40217000 0.02747290 0.62043000
v 0.40565300 0.02899540 0.61924400
v 0.40709500 0.03267400 0.61875300
v 0.40565300 0.03635480 0.61924400
v 0.40217000 0.03787730 0.62043000
v 0.39868800 0.03635480 0.62161700
v 0.39724500 0.03267400 0.62210800
v 0.39792100 0.03049510 0.61471600
v 0.40290200 0.03267400 0.61301900
v 0.40204800 0.03485510 0.61331000
v 0.39706600 0.03267400 0.61500700
v 0.42421500 0.03741690 0.67185700
v 0.42015900 0.03564140 0.67323900
v 0.41610300 0.03741690 0.67462100
v 0.41442300 0.04170170 0.67519300
v 0.41610300 0.04598660 0.67462100
v 0.42015900 0.04776200 0.67323900
v 0.42421500 0.04598660 0.67185700
v 0.42589500 0.04170170 0.67128500
v 0.42575300 0.03741690 0.67637000
v 0.42169700 0.03564140 0.67775200
v 0.41764100 0.03741690 0.67913400
v 0.41596000 0.04170170 0.67970600
v 0.41764100 0.04598660 0.67913400
v 0.42169700 0.04776200 0.67775200
v 0.42575300 0.04598660 0.67637000
v 0.42743300 0.04170170 0.67579800
v 0.42609300 0.03730290 0.67924900
v 0.42261000 0.03577820 0.68043500
v 0.41912800 0.03730290 0.68162100
v 0.41768600 0.04098150 0.68211300
v 0.41912800 0.04466010 0.68162100
v 0.42261000 0.04618490 0.68043500
v 0.42609300 0.04466010 0.67924900
v 0.42753500 0.04098150 0.67875700
v 0.44380300 0.03140220 0.73463900
v 0.44136600 0.03033780 0.73546900
v 0.43890900 0.03140220 0.73630600
v 0.43789100 0.03397310 0.73665300
v 0.43890500 0.03654630 0.73630800
v 0.44135400 0.03761060 0.73547300
v 0.44380900 0.03654850 0.73463700
v 0.44483300 0.03397310 0.73428800
v 0.44659500 0.03115150 0.74025800
v 0.44339500 0.02946490 0.74140400
v 0.44012300 0.03115150 0.74246100
v 0.43875000 0.03562320 0.74277900
v 0.43987900 0.04215760 0.74148400
v 0.44299800 0.04374840 0.74031200
v 0.44619500 0.04216210 0.73933300
v 0.44789900 0.03561640 0.73966200
v 0.45104400 0.03148420 0.75106500
v 0.44715900 0.02938280 0.75244400
v 0.44319500 0.03148200 0.75373700
v 0.44153100 0.03669900 0.75414100
v 0.44280300 0.04472850 0.75223100
v 0.44655200 0.04669770 0.75074900
v 0.45043900 0.04473300 0.74962900
v 0.45263500 0.03669440 0.75035800
v 0.45277700 0.03211330 0.75896100
v 0.44972500 0.03042900 0.76000000
v 0.44664900 0.03211330 0.76104800
v 0.44537400 0.03617930 0.76148200
v 0.44664300 0.04031140 0.76105000
v 0.44971100 0.04198430 0.76000500
v 0.45278500 0.04031370 0.75895800
v 0.45406700 0.03617930 0.75852100
v 0.45266800 0.03232520 0.76026600
v 0.45011100 0.03091440 0.76113700
v 0.44753300 0.03232520 0.76201500
v 0.44646400 0.03573260 0.76237900
v 0.44752800 0.03919690 0.76201600
v 0.45009900 0.04059860 0.76114100
v 0.45267500 0.03919690 0.76026300
v 0.45374900 0.03573260 0.75989700
v 0.45395800 0.03231380 0.76643100
v 0.45212500 0.03089850 0.76705600
v 0.45027600 0.03231380 0.76768500
v 0.44951100 0.03573260 0.76794600
v 0.45027300 0.03920830 0.76768700
v 0.45211600 0.04061460 0.76705900
v 0.45396400 0.03921060 0.76642900
v 0.45473400 0.03573260 0.76616700
v 0.45552800 0.03115830 0.77182000
v 0.45374900 0.03006430 0.77182700
v 0.45232300 0.03115830 0.77291100
v 0.45209800 0.03380210 0.77443400
v 0.45321000 0.03648930 0.77552500
v 0.45499600 0.03757640 0.77551100
v 0.45642300 0.03648930 0.77443100
v 0.45664500 0.03380210 0.77288500
v 0.45671900 0.02956520 0.77738500
v 0.45564300 0.02890190 0.77739000
v 0.45478000 0.02956290 0.77804600
v 0.45464300 0.03116290 0.77896700
v 0.45531600 0.03278790 0.77962700
v 0.45639700 0.03344660 0.77961800
v 0.45726000 0.03279020 0.77896500
v 0.45739400 0.03116290 0.77803000
v 0.45731700 0.02658400 0.78097500
v 0.45644100 0.02725870 0.78164200
v 0.45672500 0.02794470 0.78192100
v 0.45760200 0.02725870 0.78124600
v 0.39159300 0.02678230 0.59109500
v 0.38177600 0.03339640 0.57308900
v 0.38441000 0.03454290 0.57229100
v 0.39435200 0.02798340 0.59030500
v 0.38550200 0.03730750 0.57186600
v 0.39549400 0.03088030 0.58995400
v 0.38441000 0.04007440 0.57206400
v 0.39435200 0.03377710 0.59024900
v 0.38177600 0.04122080 0.57276800
v 0.39159300 0.03497820 0.59101600
v 0.37914100 0.04007440 0.57356600
v 0.38883400 0.03377710 0.59180600
v 0.37805000 0.03730750 0.57399000
v 0.38769100 0.03088030 0.59215600
v 0.37914100 0.03454290 0.57379300
v 0.38883400 0.02798340 0.59186200
v 0.39655500 0.03341700 0.60142500
v 0.39484600 0.02908650 0.60192500
v 0.39655500 0.02834350 0.60145300
v 0.39826300 0.03267400 0.60095200
v 0.35463800 0.02733160 0.51968500
v 0.35519000 0.02598230 0.52017800
v 0.35488600 0.02575440 0.52037000
v 0.35433500 0.02710370 0.51987800
v 0.39773400 0.02785350 0.59694300
v 0.39485200 0.02659770 0.59775800
v 0.39196900 0.02785350 0.59855700
v 0.39077500 0.03088030 0.59887000
v 0.39196900 0.03390700 0.59851500
v 0.39485200 0.03516050 0.59769900
v 0.39773400 0.03390700 0.59690200
v 0.39892900 0.03088030 0.59658800
v 0.39826300 0.02908650 0.60097200
v 0.39413900 0.03088030 0.60211200
v 0.39484600 0.03267400 0.60190500
v 0.39897000 0.03088030 0.60076500
v 0.37748000 0.03478220 0.57235900
v 0.38083800 0.03332120 0.57147100
v 0.38419600 0.03478220 0.57044600
v 0.38558700 0.03830810 0.56988400
v 0.38419600 0.04183390 0.57011700
v 0.38083800 0.04329490 0.57100700
v 0.37748000 0.04183390 0.57203100
v 0.37608900 0.03830810 0.57259100
v 0.37628200 0.03478220 0.57029500
v 0.37964000 0.03332120 0.56941100
v 0.38299800 0.03478220 0.56838200
v 0.38438900 0.03830810 0.56781200
v 0.38299800 0.04183390 0.56803600
v 0.37964000 0.04329490 0.56892200
v 0.37628200 0.04183390 0.56994900
v 0.37489200 0.03830810 0.57051800
v 0.37604500 0.03468870 0.56894600
v 0.37892800 0.03343290 0.56818600
v 0.38181100 0.03468870 0.56730400
v 0.38300500 0.03771550 0.56681700
v 0.38181100 0.04074220 0.56701200
v 0.37892800 0.04199800 0.56777300
v 0.37604500 0.04074220 0.56865400
v 0.37485100 0.03771550 0.56914000
v 0.36494100 0.02994810 0.54784800
v 0.36695800 0.02907290 0.54731900
v 0.36899200 0.02994810 0.54671600
v 0.36983400 0.03206540 0.54639700
v 0.36899500 0.03418280 0.54655000
v 0.36696800 0.03505800 0.54708300
v 0.36493500 0.03418280 0.54768400
v 0.36408800 0.03206540 0.54800400
v 0.36272800 0.02974290 0.54499800
v 0.36537700 0.02835490 0.54428500
v 0.36808500 0.02974290 0.54350600
v 0.36921900 0.03342380 0.54310400
v 0.36827100 0.03880040 0.54351900
v 0.36568800 0.04010860 0.54420700
v 0.36304300 0.03880260 0.54497800
v 0.36164500 0.03341700 0.54521500
v 0.35922800 0.03001640 0.53916300
v 0.36244500 0.02828660 0.53832500
v 0.36572500 0.03001420 0.53736400
v 0.36710000 0.03430810 0.53683600
v 0.36602500 0.04091540 0.53745900
v 0.36291900 0.04253360 0.53829500
v 0.35970400 0.04092000 0.53921400
v 0.35790800 0.03430360 0.53938400
v 0.35792000 0.03053380 0.53458100
v 0.36044600 0.02914810 0.53395500
v 0.36299300 0.03053380 0.53318100
v 0.36404800 0.03387960 0.53269600
v 0.36299700 0.03728010 0.53275800
v 0.36045800 0.03865680 0.53335900
v 0.35791300 0.03728240 0.53416300
v 0.35685200 0.03387960 0.53468300
v 0.35802900 0.03070930 0.53379200
v 0.36014600 0.02954690 0.53326700
v 0.36228000 0.03070930 0.53262000
v 0.36316400 0.03351270 0.53221800
v 0.36228400 0.03636160 0.53227800
v 0.36015600 0.03751720 0.53278600
v 0.35802300 0.03636390 0.53345400
v 0.35713300 0.03351270 0.53388200
v 0.35705900 0.03070020 0.53000500
v 0.35857700 0.02953330 0.52963900
v 0.36010700 0.03069790 0.52916700
v 0.36074100 0.03351270 0.52883600
v 0.36011000 0.03637300 0.52880800
v 0.35858400 0.03753090 0.52913400
v 0.35705500 0.03637300 0.52964900
v 0.35641700 0.03351270 0.53002700
v 0.35584800 0.02974750 0.52657200
v 0.35731200 0.02884720 0.52659600
v 0.35850100 0.02974750 0.52584300
v 0.35870900 0.03192410 0.52473000
v 0.35781000 0.03413490 0.52386700
v 0.35634000 0.03502830 0.52381000
v 0.35515100 0.03413490 0.52459700
v 0.35494500 0.03192410 0.52576300
v 0.35495100 0.02843700 0.52285500
v 0.35583700 0.02789230 0.52287500
v 0.35655700 0.02843700 0.52241500
v 0.35668200 0.02975210 0.52173600
v 0.35613800 0.03108990 0.52121700
v 0.35524900 0.03163240 0.52118700
v 0.35452900 0.03108990 0.52165800
v 0.35440500 0.02975210 0.52236100
v 0.35451200 0.02598230 0.52036300
v 0.35524300 0.02653840 0.51990000
v 0.35501300 0.02710370 0.51969200
v 0.35428200 0.02653840 0.52016300
v 0.27750400 0.35086700 0.33584600
v 0.27681000 0.33588100 0.34624600
v 0.26326000 0.33916700 0.34592300
v 0.27286200 0.35199200 0.33573700
v 0.27641400 0.32430700 0.36228900
v 0.25505400 0.32948700 0.36177700
v 0.27635100 0.31708200 0.38267400
v 0.24891100 0.32373700 0.38202000
v 0.27662500 0.31479200 0.40575500
v 0.24532800 0.32238200 0.40500800
v 0.25266400 0.34676900 0.34453000
v 0.26923300 0.35459700 0.33526100
v 0.23835200 0.34147100 0.35958600
v 0.22745500 0.33913200 0.37920500
v 0.22085700 0.33994200 0.40179600
v 0.24712300 0.35718200 0.34234900
v 0.26733400 0.35816400 0.33451300
v 0.22961600 0.35788700 0.35614700
v 0.21623300 0.36022000 0.37478600
v 0.20805700 0.36399300 0.39675700
v 0.24773200 0.36834400 0.33980800
v 0.26754300 0.36198800 0.33364200
v 0.23057700 0.37548100 0.35214200
v 0.21746700 0.38282300 0.36964200
v 0.20946500 0.38977200 0.39088800
v 0.25437200 0.37804300 0.33741000
v 0.26981800 0.36531100 0.33282000
v 0.24104400 0.39077100 0.34836100
v 0.23091400 0.40246400 0.36478500
v 0.22480100 0.41217400 0.38535200
v 0.26572700 0.38435800 0.33563400
v 0.27370800 0.36747400 0.33221100
v 0.25894500 0.40072600 0.34555800
v 0.25390900 0.41525300 0.36118400
v 0.25102800 0.42676100 0.38124300
v 0.27954900 0.38603900 0.33482500
v 0.27844300 0.36805000 0.33193500
v 0.28073300 0.40337700 0.34428600
v 0.28189800 0.41865700 0.35955000
v 0.28295200 0.43064400 0.37937900
v 0.29309900 0.38275300 0.33514900
v 0.28308500 0.36692400 0.33204500
v 0.30209300 0.39819600 0.34479400
v 0.30933800 0.41200300 0.36020600
v 0.31424900 0.42305400 0.38012600
v 0.30369400 0.37515100 0.33653900
v 0.28671400 0.36432000 0.33252100
v 0.31879500 0.38621200 0.34698900
v 0.33079400 0.39660700 0.36301900
v 0.33872000 0.40549500 0.38333700
v 0.30923500 0.36473800 0.33872300
v 0.28861300 0.36075200 0.33326900
v 0.32753100 0.36979700 0.35042600
v 0.34201700 0.37552000 0.36743800
v 0.35152000 0.38144300 0.38837700
v 0.30862600 0.35357600 0.34126400
v 0.28840400 0.35692900 0.33413900
v 0.32657000 0.35220200 0.35443300
v 0.34078200 0.35291700 0.37258400
v 0.35011200 0.35566400 0.39424600
v 0.30198600 0.34387800 0.34365900
v 0.28612900 0.35360600 0.33496000
v 0.31610300 0.33691300 0.35821200
v 0.32733600 0.33327600 0.37743900
v 0.33477500 0.33326200 0.39978300
v 0.29063100 0.33756200 0.34543700
v 0.28223900 0.35144300 0.33557100
v 0.29820200 0.32695700 0.36101500
v 0.30434100 0.32048600 0.38103800
v 0.30854800 0.31867500 0.40389000
v 0.30984600 0.32068200 0.41986200
v 0.27702000 0.31669000 0.42178000
v 0.33681600 0.33568200 0.41563800
v 0.35258600 0.35871800 0.40994500
v 0.35403400 0.38522700 0.40391000
v 0.34087200 0.40995900 0.39872800
v 0.31570800 0.42801600 0.39542600
v 0.28352500 0.43582000 0.39465700
v 0.25069800 0.43182800 0.39657500
v 0.22372900 0.41682800 0.40079900
v 0.20795900 0.39379200 0.40649200
v 0.20651100 0.36728300 0.41252700
v 0.21967300 0.34255100 0.41770900
v 0.24483700 0.32449400 0.42101100
v 0.31190900 0.42519400 0.41204500
v 0.21712800 0.39508900 0.42178000
v 0.24956800 0.33413200 0.43455100
v 0.34562300 0.38755500 0.41950800
v 0.30675300 0.33077800 0.43354100
v 0.27787700 0.32726600 0.43522800
v 0.22743200 0.35001500 0.43164700
v 0.21585400 0.37177000 0.42708800
v 0.23100000 0.41535300 0.41677100
v 0.25472400 0.42854700 0.41305600
v 0.28360000 0.43206000 0.41136900
v 0.33404500 0.40931100 0.41495000
v 0.34434900 0.36423600 0.42481700
v 0.33047700 0.34397300 0.42982500
v 0.18622300 0.03573260 0.67029100
v 0.18044400 0.02786040 0.63245300
v 0.18385300 0.02928940 0.63193300
v 0.18947800 0.03709550 0.66979400
v 0.18526500 0.03273780 0.63171700
v 0.19082600 0.04038890 0.66958800
v 0.18385300 0.03618620 0.63193300
v 0.18947800 0.04368230 0.66979400
v 0.18044400 0.03761290 0.63245300
v 0.18622300 0.04504530 0.67029100
v 0.17703500 0.03618620 0.63297400
v 0.18296800 0.04368230 0.67078800
v 0.17562400 0.03273780 0.63318900
v 0.18161900 0.04038890 0.67099400
v 0.17703500 0.02928940 0.63297400
v 0.18296800 0.03709550 0.67078800
v 0.17963400 0.03487110 0.61300600
v 0.17752400 0.02971790 0.61332800
v 0.17541300 0.03060220 0.61365100
v 0.17752400 0.03575770 0.61332800
v 0.20156000 0.02824330 0.77442300
v 0.20185200 0.02663640 0.77353700
v 0.20229400 0.02690990 0.77361300
v 0.20200100 0.02851450 0.77449800
v 0.17852600 0.02764160 0.61989200
v 0.18208800 0.02913440 0.61934800
v 0.17496400 0.02913440 0.62043600
v 0.17348900 0.03273780 0.62066100
v 0.17496400 0.03634110 0.62043600
v 0.17852600 0.03783170 0.61989200
v 0.18208800 0.03634110 0.61934800
v 0.18356300 0.03273780 0.61912300
v 0.17963400 0.03060220 0.61300600
v 0.17453900 0.03273780 0.61378400
v 0.17541300 0.03487110 0.61365100
v 0.18050900 0.03273780 0.61287200
v 0.18677500 0.03564370 0.67390600
v 0.18262600 0.03738040 0.67453900
v 0.19092300 0.03738040 0.67327200
v 0.19264200 0.04157870 0.67301000
v 0.19092300 0.04577460 0.67327200
v 0.18677500 0.04751360 0.67390600
v 0.18262600 0.04577460 0.67453900
v 0.18090700 0.04157870 0.67480200
v 0.18748000 0.03564370 0.67852200
v 0.18333100 0.03738040 0.67915600
v 0.19162900 0.03738040 0.67788900
v 0.19334700 0.04157870 0.67762700
v 0.19162900 0.04577460 0.67788900
v 0.18748000 0.04751360 0.67852200
v 0.18333100 0.04577460 0.67915600
v 0.18161200 0.04157870 0.67941900
v 0.18789800 0.03577820 0.68126600
v 0.18433700 0.03726880 0.68181000
v 0.19146100 0.03726880 0.68072300
v 0.19293600 0.04087210 0.68049700
v 0.19146100 0.04447550 0.68072300
v 0.18789800 0.04596830 0.68126600
v 0.18433700 0.04447550 0.68181000
v 0.18286100 0.04087210 0.68203600
v 0.19474000 0.03058620 0.72699300
v 0.19224700 0.03162780 0.72737400
v 0.19725300 0.03162780 0.72661000
v 0.19829400 0.03414860 0.72645000
v 0.19725700 0.03666710 0.72660900
v 0.19475200 0.03771090 0.72699100
v 0.19224100 0.03666930 0.72737500
v 0.19119300 0.03414860 0.72753500
v 0.19566000 0.02973150 0.73306700
v 0.19236200 0.03138390 0.73351700
v 0.19898100 0.03138390 0.73250600
v 0.20031800 0.03576450 0.73216100
v 0.19875100 0.04216210 0.73154700
v 0.19551200 0.04372110 0.73193800
v 0.19229100 0.04216670 0.73253300
v 0.19096000 0.03575540 0.73358900
v 0.19738200 0.02965180 0.74436000
v 0.19338300 0.03170760 0.74491800
v 0.20141000 0.03170760 0.74369100
v 0.20303800 0.03681750 0.74329000
v 0.20107000 0.04468060 0.74220500
v 0.19714300 0.04660880 0.74261300
v 0.19325900 0.04468520 0.74339700
v 0.19168100 0.03681290 0.74502300
v 0.19856900 0.03067740 0.75208500
v 0.19544700 0.03232520 0.75256200
v 0.20171600 0.03232520 0.75160400
v 0.20302000 0.03630920 0.75140500
v 0.20172100 0.04035470 0.75160300
v 0.19858400 0.04199350 0.75208300
v 0.19543900 0.04035700 0.75256300
v 0.19412800 0.03630690 0.75276300
v 0.19874800 0.03115150 0.75324700
v 0.19613200 0.03253260 0.75364600
v 0.20138500 0.03253260 0.75284400
v 0.20247800 0.03587160 0.75267800
v 0.20138900 0.03926300 0.75284400
v 0.19876000 0.04063510 0.75324500
v 0.19612500 0.03926530 0.75364800
v 0.19502600 0.03587160 0.75381500
v 0.19967400 0.03113550 0.75930000
v 0.19779900 0.03252130 0.75958700
v 0.20156500 0.03252130 0.75901200
v 0.20234800 0.03587160 0.75889200
v 0.20156800 0.03927440 0.75901100
v 0.19968300 0.04065100 0.75929900
v 0.19779400 0.03927670 0.75958700
v 0.19700600 0.03587160 0.75970800
v 0.20042100 0.03031730 0.76418000
v 0.19887100 0.03139080 0.76497800
v 0.20215000 0.03139080 0.76447700
v 0.20303400 0.03397990 0.76569800
v 0.20256100 0.03661010 0.76714900
v 0.20100300 0.03767440 0.76794500
v 0.19927500 0.03661240 0.76765100
v 0.19838400 0.03397990 0.76640900
v 0.20129100 0.02918000 0.76986800
v 0.20035400 0.02982960 0.77035100
v 0.20233700 0.02982730 0.77004900
v 0.20287200 0.03139530 0.77078800
v 0.20258500 0.03298620 0.77166500
v 0.20164300 0.03363120 0.77214600
v 0.20059700 0.03298850 0.77196900
v 0.20005800 0.03139530 0.77121700
v 0.20145700 0.02690990 0.77374000
v 0.20251900 0.02757090 0.77392500
v 0.20239900 0.02824100 0.77429500
v 0.20133200 0.02757090 0.77410600
v 0.11364300 0.03573260 0.63218500
v 0.14577000 0.02786040 0.61137600
v 0.14764400 0.02928940 0.61427000
v 0.11543400 0.03709550 0.63494900
v 0.14842100 0.03273780 0.61546900
v 0.11617500 0.04038890 0.63609400
v 0.14764400 0.03618620 0.61427000
v 0.11543400 0.04368230 0.63494900
v 0.14577000 0.03761290 0.61137600
v 0.11364300 0.04504530 0.63218500
v 0.14389500 0.03618620 0.60848200
v 0.11185300 0.04368230 0.62942100
v 0.14311900 0.03273780 0.60728300
v 0.11111200 0.04038890 0.62827700
v 0.14389500 0.02928940 0.60848200
v 0.11185300 0.03709550 0.62942100
v 0.16316800 0.03487110 0.60265000
v 0.16200700 0.02971790 0.60085800
v 0.16084700 0.03060220 0.59906600
v 0.16200700 0.03575770 0.60085800
v 0.02500000 0.02824330 0.68893800
v 0.02592760 0.02663640 0.68884100
v 0.02603930 0.02690990 0.68927400
v 0.02511170 0.02851450 0.68937100
v 0.15643400 0.02764160 0.60446800
v 0.15839300 0.02913440 0.60749200
v 0.15447500 0.02913440 0.60144400
v 0.15366400 0.03273780 0.60019100
v 0.15447500 0.03634110 0.60144400
v 0.15643400 0.03783170 0.60446800
v 0.15839300 0.03634110 0.60749200
v 0.15920500 0.03273780 0.60874500
v 0.16316800 0.03060220 0.60265000
v 0.16036600 0.03273780 0.59832400
v 0.16084700 0.03487110 0.59906600
v 0.16364900 0.03273780 0.60339200
v 0.11057500 0.03564370 0.63417300
v 0.10829300 0.03738040 0.63065100
v 0.11285600 0.03738040 0.63769600
v 0.11380100 0.04157870 0.63915500
v 0.11285600 0.04577460 0.63769600
v 0.11057500 0.04751360 0.63417300
v 0.10829300 0.04577460 0.63065100
v 0.10734800 0.04157870 0.62919200
v 0.10665500 0.03564370 0.63671200
v 0.10437300 0.03738040 0.63319000
v 0.10893600 0.03738040 0.64023500
v 0.10988100 0.04157870 0.64169400
v 0.10893600 0.04577460 0.64023500
v 0.10665500 0.04751360 0.63671200
v 0.10437300 0.04577460 0.63319000
v 0.10342800 0.04157870 0.63173100
v 0.10432500 0.03577820 0.63822100
v 0.10236600 0.03726880 0.63519700
v 0.10628400 0.03726880 0.64124500
v 0.10709500 0.04087210 0.64249800
v 0.10628400 0.04447550 0.64124500
v 0.10432500 0.04596830 0.63822100
v 0.10236600 0.04447550 0.63519700
v 0.10155400 0.04087210 0.63394400
v 0.06544270 0.03058620 0.66324000
v 0.06407220 0.03162780 0.66112300
v 0.06682480 0.03162780 0.66537300
v 0.06739710 0.03414860 0.66625700
v 0.06682700 0.03666710 0.66537700
v 0.06544950 0.03771090 0.66325000
v 0.06406860 0.03666930 0.66111800
v 0.06349260 0.03414860 0.66022800
v 0.06028290 0.02973150 0.66657400
v 0.05851790 0.03138390 0.66375100
v 0.06215860 0.03138390 0.66937100
v 0.06302170 0.03576450 0.67044800
v 0.06293860 0.04216210 0.66876700
v 0.06125130 0.04372110 0.66597400
v 0.05938620 0.04216670 0.66328200
v 0.05787630 0.03575540 0.66250200
v 0.05069300 0.02965180 0.67278100
v 0.04854150 0.03170760 0.66936500
v 0.05295850 0.03170760 0.67618000
v 0.05399330 0.03681750 0.67749900
v 0.05417330 0.04468060 0.67525900
v 0.05218820 0.04660880 0.67184600
v 0.04987940 0.04468520 0.66862700
v 0.04774840 0.03681290 0.66785600
v 0.04413820 0.03067740 0.67703600
v 0.04242200 0.03232520 0.67438600
v 0.04586810 0.03232520 0.67970800
v 0.04658600 0.03630920 0.68081500
v 0.04587030 0.04035470 0.67971300
v 0.04414500 0.04199350 0.67704900
v 0.04241740 0.04035700 0.67437900
v 0.04169490 0.03630690 0.67326500
v 0.04315130 0.03115150 0.67767700
v 0.04171310 0.03253260 0.67545600
v 0.04460310 0.03253260 0.67991500
v 0.04520250 0.03587160 0.68084300
v 0.04460540 0.03926300 0.67992000
v 0.04315810 0.04063510 0.67768700
v 0.04170860 0.03926530 0.67545000
v 0.04110460 0.03587160 0.67451700
v 0.03801400 0.03113550 0.68100800
v 0.03698160 0.03252130 0.67941600
v 0.03905330 0.03252130 0.68261300
v 0.03948410 0.03587160 0.68327800
v 0.03905560 0.03927440 0.68261600
v 0.03801860 0.04065100 0.68101600
v 0.03697930 0.03927670 0.67941100
v 0.03654630 0.03587160 0.67874200
v 0.03387050 0.03031730 0.68369200
v 0.03250760 0.03139080 0.68260800
v 0.03431040 0.03139080 0.68539100
v 0.03355830 0.03397990 0.68669900
v 0.03204260 0.03661010 0.68686300
v 0.03067740 0.03767440 0.68577000
v 0.03023520 0.03661240 0.68407400
v 0.03100100 0.03397990 0.68275000
v 0.02904100 0.02918000 0.68682200
v 0.02821590 0.02982960 0.68616600
v 0.02930760 0.02982730 0.68785000
v 0.02885410 0.03139530 0.68864100
v 0.02793560 0.03298620 0.68874100
v 0.02711050 0.03363120 0.68807900
v 0.02684160 0.03298850 0.68705300
v 0.02730650 0.03139530 0.68625200
v 0.02557890 0.02690990 0.68856400
v 0.02584790 0.02757090 0.68960800
v 0.02546040 0.02824100 0.68965000
v 0.02519600 0.02757090 0.68860000
v 0.17451700 0.02896580 0.59274700
v 0.21625400 0.15682000 0.47026800
v 0.22263900 0.15931800 0.47427300
v 0.17770500 0.02961530 0.59518500
v 0.22418300 0.16533300 0.47920900
v 0.17839000 0.03233440 0.59811700
v 0.21995500 0.17136600 0.48219200
v 0.17605500 0.03512410 0.60012500
v 0.21243900 0.17386800 0.48146400
v 0.17184000 0.03578050 0.60060300
v 0.20604200 0.17136600 0.47745100
v 0.16879400 0.03512410 0.59765100
v 0.20451600 0.16533300 0.47250700
v 0.16817100 0.03233440 0.59463500
v 0.20875200 0.15931800 0.46954100
v 0.17050400 0.02961530 0.59273100
v 0.22227600 0.17906500 0.46514700
v 0.22024200 0.17103500 0.45856600
v 0.21610100 0.17241200 0.45816500
v 0.21813600 0.18044400 0.46474600
v 0.21716200 0.15760600 0.46760300
v 0.22413200 0.16033000 0.47197600
v 0.20897300 0.16033000 0.46681000
v 0.20435400 0.16690300 0.47005300
v 0.20602200 0.17348800 0.47544800
v 0.21299800 0.17621400 0.47982400
v 0.22119400 0.17348800 0.48061800
v 0.22580900 0.16690300 0.47736400
v 0.21950200 0.16261800 0.46073500
v 0.22647800 0.16534700 0.46511100
v 0.21130600 0.16534700 0.45994100
v 0.20669000 0.17193100 0.46319500
v 0.20835900 0.17851300 0.46859100
v 0.21533400 0.18124100 0.47296700
v 0.22353000 0.17851300 0.47376100
v 0.22814600 0.17193100 0.47050700
v 0.22010400 0.16602600 0.45897100
v 0.22601000 0.16833500 0.46267600
v 0.21316400 0.16833500 0.45829900
v 0.20925500 0.17391200 0.46105400
v 0.21066800 0.17948600 0.46562300
v 0.21657400 0.18179500 0.46932900
v 0.22351400 0.17948600 0.47000000
v 0.22742300 0.17391200 0.46724500
v 0.22376600 0.17241200 0.46077700
v 0.21376900 0.17574000 0.45980900
v 0.21461100 0.17906500 0.46253500
v 0.22460900 0.17574000 0.46350300
v 0.17448900 0.02744780 0.59282900
v 0.16889400 0.02817490 0.59261100
v 0.17905300 0.02817490 0.59607300
v 0.18006600 0.03156400 0.60017000
v 0.17646300 0.03500100 0.60397900
v 0.17053900 0.03593320 0.60442100
v 0.16611800 0.03500100 0.60045400
v 0.16559000 0.03156400 0.59523700
v 0.17397000 0.02611000 0.59435400
v 0.16636700 0.02745240 0.59388700
v 0.18027600 0.02745240 0.59862700
v 0.18160000 0.03118110 0.60546100
v 0.17598200 0.03476850 0.61231700
v 0.16813200 0.03669670 0.61148400
v 0.16140700 0.03476850 0.60735000
v 0.16114500 0.03118110 0.59849000
v 0.16426300 0.02695780 0.59600200
v 0.15797100 0.03161190 0.60399000
v 0.17341300 0.02500000 0.59598600
v 0.18065000 0.02695780 0.60158600
v 0.18075500 0.03161190 0.61175400
v 0.17390900 0.03580780 0.61985000
v 0.16532800 0.03774740 0.61971300
v 0.15844900 0.03580780 0.61458100
v 0.17327200 0.02826380 0.61360800
v 0.16295900 0.03000510 0.61498700
v 0.16276500 0.02826380 0.61002700
v 0.17327500 0.02654070 0.60876700
v 0.15834300 0.03302270 0.61749500
v 0.16443300 0.03400950 0.62234000
v 0.15796500 0.02963350 0.60784800
v 0.16371100 0.02627860 0.60038600
v 0.17199800 0.02518460 0.60013900
v 0.17841000 0.02627860 0.60539500
v 0.17840500 0.02963350 0.61481300
v 0.17221400 0.03302270 0.62222200
v 0.16609000 0.03051330 0.61747800
v 0.16571900 0.02654070 0.60619200
v 0.16997900 0.02597780 0.60606500
v 0.17009000 0.03000510 0.61741700
v 0.22023600 0.23593200 0.55741400
v 0.22024000 0.16938100 0.48616600
v 0.22913200 0.17209100 0.48367200
v 0.22862000 0.23848700 0.55506300
v 0.23281600 0.17863400 0.47765100
v 0.23209300 0.24465600 0.54938600
v 0.22913300 0.18517800 0.47162900
v 0.22862100 0.25082400 0.54370800
v 0.22024100 0.18788700 0.46913400
v 0.22023700 0.25337900 0.54135600
v 0.21134900 0.18517800 0.47162800
v 0.21185400 0.25082400 0.54370700
v 0.20766500 0.17863400 0.47765000
v 0.20838100 0.24465600 0.54938400
v 0.21134800 0.17209100 0.48367100
v 0.21185300 0.23848700 0.55506200
v 0.22514100 0.16727700 0.45807600
v 0.22024100 0.15857500 0.46608600
v 0.21534200 0.16006800 0.46471100
v 0.22024200 0.16877000 0.45670200
v 0.21430900 0.25602600 0.55298500
v 0.22023600 0.24549500 0.56267700
v 0.22616400 0.24730200 0.56101500
v 0.22023700 0.25783300 0.55132300
v 0.22024000 0.16628100 0.48447900
v 0.22993700 0.16923700 0.48175900
v 0.21054300 0.16923700 0.48175800
v 0.20652700 0.17637100 0.47519100
v 0.21054400 0.18350700 0.46862500
v 0.22024100 0.18646300 0.46590500
v 0.22993800 0.18350700 0.46862500
v 0.23395400 0.17637100 0.47519200
v 0.22024100 0.15905600 0.47662800
v 0.22993800 0.16201200 0.47390900
v 0.21054400 0.16201200 0.47390800
v 0.20652700 0.16914600 0.46734000
v 0.21054400 0.17628200 0.46077400
v 0.22024200 0.17923600 0.45805400
v 0.22993900 0.17628200 0.46077500
v 0.23395500 0.16914600 0.46734200
v 0.22024100 0.15775500 0.47211200
v 0.22845200 0.16025900 0.46980900
v 0.21203000 0.16025900 0.46980800
v 0.20862900 0.16629900 0.46424800
v 0.21203100 0.17234100 0.45868800
v 0.22024200 0.17484400 0.45638500
v 0.22845300 0.17234100 0.45868800
v 0.23185300 0.16629900 0.46424900
v 0.22514000 0.16006800 0.46471200
v 0.21331300 0.16367400 0.46139300
v 0.21534200 0.16727700 0.45807600
v 0.22717000 0.16367400 0.46139400
v 0.21430800 0.24730200 0.56101400
v 0.22862000 0.25166400 0.55700000
v 0.22616500 0.25602600 0.55298600
v 0.21185300 0.25166400 0.55699900
v 0.14754400 0.03573260 0.66969000
v 0.16015000 0.02769630 0.63269800
v 0.16348200 0.02915490 0.63383400
v 0.15072600 0.03712520 0.67077500
v 0.16486300 0.03267400 0.63430400
v 0.15204400 0.04048690 0.67122400
v 0.16348200 0.03619530 0.63383400
v 0.15072600 0.04384870 0.67077500
v 0.16015000 0.03765390 0.63269800
v 0.14754400 0.04524130 0.66969000
v 0.15681700 0.03619530 0.63156200
v 0.14436200 0.04384870 0.66860600
v 0.15543700 0.03267400 0.63109200
v 0.14304400 0.04048690 0.66815700
v 0.15681700 0.02915490 0.63156200
v 0.14436200 0.03712520 0.66860600
v 0.16858500 0.03485510 0.61470400
v 0.16652100 0.02959250 0.61400100
v 0.16445800 0.03049510 0.61329800
v 0.16652100 0.03575770 0.61400100
v 0.10894200 0.02794470 0.78162300
v 0.10962500 0.02630370 0.78095800
v 0.10998900 0.02658400 0.78123500
v 0.10930600 0.02822050 0.78189900
v 0.16433400 0.02747290 0.62041800
v 0.16781700 0.02899540 0.62160500
v 0.16085200 0.02899540 0.61923100
v 0.15941000 0.03267400 0.61874000
v 0.16085200 0.03635480 0.61923100
v 0.16433400 0.03787730 0.62041800
v 0.16781700 0.03635480 0.62160500
v 0.16925900 0.03267400 0.62209600
v 0.16858500 0.03049510 0.61470400
v 0.16360300 0.03267400 0.61300600
v 0.16445800 0.03485510 0.61329800
v 0.16943900 0.03267400 0.61499500
v 0.14634000 0.03564140 0.67322400
v 0.14228400 0.03741690 0.67184200
v 0.15039600 0.03741690 0.67460700
v 0.15207600 0.04170170 0.67517900
v 0.15039600 0.04598660 0.67460700
v 0.14634000 0.04776200 0.67322400
v 0.14228400 0.04598660 0.67184200
v 0.14060400 0.04170170 0.67127000
v 0.14480200 0.03564140 0.67773800
v 0.14074600 0.03741690 0.67635500
v 0.14885800 0.03741690 0.67912000
v 0.15053800 0.04170170 0.67969200
v 0.14885800 0.04598660 0.67912000
v 0.14480200 0.04776200 0.67773800
v 0.14074600 0.04598660 0.67635500
v 0.13906600 0.04170170 0.67578300
v 0.14388700 0.03577820 0.68042000
v 0.14040500 0.03730290 0.67923300
v 0.14737000 0.03730290 0.68160700
v 0.14881200 0.04098150 0.68209800
v 0.14737000 0.04466010 0.68160700
v 0.14388700 0.04618490 0.68042000
v 0.14040500 0.04466010 0.67923300
v 0.13896300 0.04098150 0.67874200
v 0.12512600 0.03033780 0.73545300
v 0.12268900 0.03140220 0.73462200
v 0.12758300 0.03140220 0.73629000
v 0.12860100 0.03397310 0.73663700
v 0.12758700 0.03654630 0.73629100
v 0.12513800 0.03761060 0.73545700
v 0.12268300 0.03654850 0.73462000
v 0.12165900 0.03397310 0.73427100
v 0.12309600 0.02946490 0.74138700
v 0.11989700 0.03115150 0.74024100
v 0.12636900 0.03115150 0.74244500
v 0.12774200 0.03562320 0.74276300
v 0.12661300 0.04215760 0.74146800
v 0.12349400 0.04374840 0.74029500
v 0.12029700 0.04216210 0.73931500
v 0.11859300 0.03561640 0.73964400
v 0.11933200 0.02938280 0.75242600
v 0.11544700 0.03148420 0.75104700
v 0.12329500 0.03148200 0.75372000
v 0.12495900 0.03669900 0.75412400
v 0.12368700 0.04472850 0.75221400
v 0.11993800 0.04669770 0.75073200
v 0.11605200 0.04473300 0.74961100
v 0.11385600 0.03669440 0.75034000
v 0.11676400 0.03042900 0.75998300
v 0.11371300 0.03211330 0.75894300
v 0.11984100 0.03211330 0.76103100
v 0.12111600 0.03617930 0.76146500
v 0.11984600 0.04031140 0.76103300
v 0.11677900 0.04198430 0.75998700
v 0.11370400 0.04031370 0.75894000
v 0.11242300 0.03617930 0.75850300
v 0.11637900 0.03091440 0.76111900
v 0.11382200 0.03232520 0.76024800
v 0.11895700 0.03232520 0.76199800
v 0.12002500 0.03573260 0.76236200
v 0.11896100 0.03919690 0.76199900
v 0.11639100 0.04059860 0.76112300
v 0.11381500 0.03919690 0.76024500
v 0.11274000 0.03573260 0.75987900
v 0.11436400 0.03089850 0.76703800
v 0.11253100 0.03231380 0.76641300
v 0.11621200 0.03231380 0.76766800
v 0.11697900 0.03573260 0.76792900
v 0.11621600 0.03920830 0.76766900
v 0.11437300 0.04061460 0.76704100
v 0.11252600 0.03921060 0.76641100
v 0.11175600 0.03573260 0.76614900
v 0.11273900 0.03006430 0.77180900
v 0.11096000 0.03115830 0.77180100
v 0.11416600 0.03115830 0.77289400
v 0.11439100 0.03380210 0.77441700
v 0.11327800 0.03648930 0.77550700
v 0.11149200 0.03757640 0.77549300
v 0.11006500 0.03648930 0.77441300
v 0.10984400 0.03380210 0.77286700
v 0.11084500 0.02890190 0.77737100
v 0.10976900 0.02956520 0.77736700
v 0.11170800 0.02956290 0.77802800
v 0.11184400 0.03116290 0.77894900
v 0.11117100 0.03278790 0.77960900
v 0.11009100 0.03344660 0.77960000
v 0.10922800 0.03279020 0.77894600
v 0.10909400 0.03116290 0.77801100
v 0.10917100 0.02658400 0.78095600
v 0.11004600 0.02725870 0.78162400
v 0.10976200 0.02794470 0.78190200
v 0.10888600 0.02725870 0.78122800
v 0.18472900 0.03339640 0.57308900
v 0.17491200 0.02678230 0.59109500
v 0.17215300 0.02798340 0.59030500
v 0.18209500 0.03454290 0.57229100
v 0.17101000 0.03088030 0.58995400
v 0.18100300 0.03730750 0.57186600
v 0.17215300 0.03377710 0.59024900
v 0.18209500 0.04007440 0.57206400
v 0.17491200 0.03497820 0.59101600
v 0.18472900 0.04122080 0.57276800
v 0.17767100 0.03377710 0.59180600
v 0.18736400 0.04007440 0.57356600
v 0.17881300 0.03088030 0.59215600
v 0.18845500 0.03730750 0.57399000
v 0.17767100 0.02798340 0.59186200
v 0.18736400 0.03454290 0.57379300
v 0.16824200 0.03267400 0.60095200
v 0.16995000 0.02834350 0.60145300
v 0.17165800 0.02908650 0.60192500
v 0.16995000 0.03341700 0.60142500
v 0.21217000 0.02710370 0.51987800
v 0.21161900 0.02575440 0.52037000
v 0.21131500 0.02598230 0.52017800
v 0.21186600 0.02733160 0.51968500
v 0.17165300 0.02659770 0.59775800
v 0.16877000 0.02785350 0.59694300
v 0.17453600 0.02785350 0.59855700
v 0.17573000 0.03088030 0.59887000
v 0.17453600 0.03390700 0.59851500
v 0.17165300 0.03516050 0.59769900
v 0.16877000 0.03390700 0.59690200
v 0.16757600 0.03088030 0.59658800
v 0.16824200 0.02908650 0.60097200
v 0.17236600 0.03088030 0.60211200
v 0.17165800 0.03267400 0.60190500
v 0.16753500 0.03088030 0.60076500
v 0.18566700 0.03332120 0.57147100
v 0.18902500 0.03478220 0.57235900
v 0.18230900 0.03478220 0.57044600
v 0.18091800 0.03830810 0.56988400
v 0.18230900 0.04183390 0.57011700
v 0.18566700 0.04329490 0.57100700
v 0.18902500 0.04183390 0.57203100
v 0.19041500 0.03830810 0.57259100
v 0.18686500 0.03332120 0.56941100
v 0.19022300 0.03478220 0.57029500
v 0.18350700 0.03478220 0.56838200
v 0.18211600 0.03830810 0.56781200
v 0.18350700 0.04183390 0.56803600
v 0.18686500 0.04329490 0.56892200
v 0.19022300 0.04183390 0.56994900
v 0.19161300 0.03830810 0.57051800
v 0.18757700 0.03343290 0.56818600
v 0.19045900 0.03468870 0.56894600
v 0.18469400 0.03468870 0.56730400
v 0.18350000 0.03771550 0.56681700
v 0.18469400 0.04074220 0.56701200
v 0.18757700 0.04199800 0.56777300
v 0.19045900 0.04074220 0.56865400
v 0.19165400 0.03771550 0.56914000
v 0.19954700 0.02907290 0.54731900
v 0.20156400 0.02994810 0.54784800
v 0.19751300 0.02994810 0.54671600
v 0.19667000 0.03206540 0.54639700
v 0.19751000 0.03418280 0.54655000
v 0.19953700 0.03505800 0.54708300
v 0.20156900 0.03418280 0.54768400
v 0.20241700 0.03206540 0.54800400
v 0.20112800 0.02835490 0.54428500
v 0.20377700 0.02974290 0.54499800
v 0.19842000 0.02974290 0.54350600
v 0.19728600 0.03342380 0.54310400
v 0.19823400 0.03880040 0.54351900
v 0.20081700 0.04010860 0.54420700
v 0.20346200 0.03880260 0.54497800
v 0.20485900 0.03341700 0.54521500
v 0.20406000 0.02828660 0.53832500
v 0.20727700 0.03001640 0.53916300
v 0.20077900 0.03001420 0.53736400
v 0.19940500 0.03430810 0.53683600
v 0.20047900 0.04091540 0.53745900
v 0.20358600 0.04253360 0.53829500
v 0.20680000 0.04092000 0.53921400
v 0.20859600 0.03430360 0.53938400
v 0.20605900 0.02914810 0.53395500
v 0.20858500 0.03053380 0.53458100
v 0.20351200 0.03053380 0.53318100
v 0.20245700 0.03387960 0.53269600
v 0.20350800 0.03728010 0.53275800
v 0.20604700 0.03865680 0.53335900
v 0.20859200 0.03728240 0.53416300
v 0.20965300 0.03387960 0.53468300
v 0.20635900 0.02954690 0.53326700
v 0.20847600 0.03070930 0.53379200
v 0.20422500 0.03070930 0.53262000
v 0.20334100 0.03351270 0.53221800
v 0.20422100 0.03636160 0.53227800
v 0.20634900 0.03751720 0.53278600
v 0.20848200 0.03636390 0.53345400
v 0.20937100 0.03351270 0.53388200
v 0.20792800 0.02953330 0.52963900
v 0.20944600 0.03070020 0.53000500
v 0.20639800 0.03069790 0.52916700
v 0.20576400 0.03351270 0.52883600
v 0.20639500 0.03637300 0.52880800
v 0.20792000 0.03753090 0.52913400
v 0.20945000 0.03637300 0.52964900
v 0.21008800 0.03351270 0.53002700
v 0.20919300 0.02884720 0.52659600
v 0.21065700 0.02974750 0.52657200
v 0.20800400 0.02974750 0.52584300
v 0.20779600 0.03192410 0.52473000
v 0.20869500 0.03413490 0.52386700
v 0.21016400 0.03502830 0.52381000
v 0.21135400 0.03413490 0.52459700
v 0.21156000 0.03192410 0.52576300
v 0.21066800 0.02789230 0.52287500
v 0.21155300 0.02843700 0.52285500
v 0.20994800 0.02843700 0.52241500
v 0.20982300 0.02975210 0.52173600
v 0.21036600 0.03108990 0.52121700
v 0.21125600 0.03163240 0.52118700
v 0.21197600 0.03108990 0.52165800
v 0.21210000 0.02975210 0.52236100
v 0.21199200 0.02598230 0.52036300
v 0.21126200 0.02653840 0.51990000
v 0.21149100 0.02710370 0.51969200
v 0.21222300 0.02653840 0.52016300
v 0.28328300 0.27313700 0.03935650
v 0.28326400 0.35888200 0.39161600
v 0.25522700 0.36131300 0.39078200
v 0.21255100 0.27927000 0.03724820
v 0.24361300 0.36718200 0.38876900
v 0.18325300 0.29407600 0.03217480
v 0.25522700 0.37305100 0.38675600
v 0.21255100 0.30888200 0.02709910
v 0.28326400 0.37548200 0.38592700
v 0.28328400 0.31501500 0.02500000
v 0.31130200 0.37305100 0.38676100
v 0.35401500 0.30888200 0.02710820
v 0.32291600 0.36718200 0.38877300
v 0.38331300 0.29407600 0.03218390
v 0.31130200 0.36131300 0.39078500
v 0.35401500 0.27927000 0.03725740
v 0.22136100 0.30202100 0.57150000
v 0.22136000 0.29733100 0.58819100
v 0.22615600 0.29625900 0.58932200
v 0.23517100 0.29893300 0.57475600
v 0.22136200 0.29960200 0.55196900
v 0.24252000 0.29486900 0.55695700
v 0.22136300 0.29036400 0.53195400
v 0.24731700 0.28455900 0.53807300
v 0.22136400 0.27542300 0.51386900
v 0.24898400 0.26924500 0.52038000
v 0.22136500 0.25658100 0.49989500
v 0.24731900 0.25077600 0.50601400
v 0.22136500 0.23610900 0.49171800
v 0.24252300 0.23137700 0.49670600
v 0.22136500 0.21647900 0.49032400
v 0.23517500 0.21339000 0.49357900
v 0.22136500 0.20005600 0.49588000
v 0.22616100 0.19898300 0.49701100
v 0.22912000 0.29345000 0.59228100
v 0.24370500 0.29084600 0.58327800
v 0.25559600 0.28248000 0.57001400
v 0.26335700 0.26936100 0.55408800
v 0.26605300 0.25307300 0.53742400
v 0.26335900 0.23557800 0.52202900
v 0.25559900 0.21898800 0.50976200
v 0.24371000 0.20530400 0.50210100
v 0.22912500 0.19617500 0.49997100
v 0.22912000 0.28997900 0.59593900
v 0.24370500 0.28085100 0.59381100
v 0.25559500 0.26716600 0.58615100
v 0.26335600 0.25057600 0.57388400
v 0.26605200 0.23308200 0.55849000
v 0.26335800 0.21679300 0.54182500
v 0.25559800 0.20367400 0.52589900
v 0.24370900 0.19530800 0.51263400
v 0.22912500 0.19270400 0.50362900
v 0.22615600 0.28717000 0.59889900
v 0.23516900 0.27276400 0.60233200
v 0.24251800 0.25477700 0.59920600
v 0.24731400 0.23537800 0.58989800
v 0.24898100 0.21690900 0.57553200
v 0.24731600 0.20159500 0.55783900
v 0.24252100 0.19128600 0.53895400
v 0.23517400 0.18722200 0.52115500
v 0.22616000 0.18989500 0.50658800
v 0.22135900 0.28609800 0.60002900
v 0.22135900 0.26967500 0.60558600
v 0.22135900 0.25004400 0.60419100
v 0.22136000 0.22957300 0.59601400
v 0.22136000 0.21073100 0.58204000
v 0.22136100 0.19579000 0.56395500
v 0.22136200 0.18655200 0.54394000
v 0.22136300 0.18413400 0.52440900
v 0.22136400 0.18882200 0.50771800
v 0.21656300 0.28717000 0.59889800
v 0.20754900 0.27276400 0.60233000
v 0.20020100 0.25477700 0.59920300
v 0.19540500 0.23537800 0.58989600
v 0.19374100 0.21690900 0.57552900
v 0.19540700 0.20159500 0.55783600
v 0.20020400 0.19128600 0.53895200
v 0.20755300 0.18722200 0.52115300
v 0.21656800 0.18989500 0.50658800
v 0.21359900 0.28997900 0.59593900
v 0.19901400 0.28085100 0.59380800
v 0.18712500 0.26716600 0.58614700
v 0.17936500 0.25057600 0.57388000
v 0.17667100 0.23308200 0.55848500
v 0.17936700 0.21679300 0.54182100
v 0.18712800 0.20367400 0.52589600
v 0.19901900 0.19530800 0.51263200
v 0.21360400 0.19270400 0.50362800
v 0.21359900 0.29345000 0.59228100
v 0.19901500 0.29084600 0.58327500
v 0.18712600 0.28248000 0.57001000
v 0.17936700 0.26936100 0.55408400
v 0.17667200 0.25307300 0.53741900
v 0.17936800 0.23557800 0.52202500
v 0.18712900 0.21898800 0.50975800
v 0.19901900 0.20530400 0.50209900
v 0.21360400 0.19617500 0.49997000
v 0.21656400 0.29625900 0.58932100
v 0.20755100 0.29893300 0.57475400
v 0.20020300 0.29486900 0.55695500
v 0.19540800 0.28455900 0.53807000
v 0.19374300 0.26924500 0.52037700
v 0.19541000 0.25077600 0.50601100
v 0.20020700 0.23137700 0.49670300
v 0.20755500 0.21339000 0.49357800
v 0.21656900 0.19898300 0.49701000
v 0.34514800 0.29733100 0.58819800
v 0.34514900 0.30202100 0.57150700
v 0.33133800 0.29893300 0.57476100
v 0.34035100 0.29625900 0.58932800
v 0.34515000 0.29960200 0.55197600
v 0.32399100 0.29486900 0.55696100
v 0.34515100 0.29036400 0.53196100
v 0.31919600 0.28455900 0.53807600
v 0.34515200 0.27542300 0.51387500
v 0.31753100 0.26924500 0.52038400
v 0.34515200 0.25658100 0.49990200
v 0.31919800 0.25077600 0.50601700
v 0.34515300 0.23610900 0.49172400
v 0.32399400 0.23137700 0.49671000
v 0.34515300 0.21647900 0.49033000
v 0.33134300 0.21339000 0.49358400
v 0.34515300 0.20005600 0.49588700
v 0.34035600 0.19898300 0.49701700
v 0.32280300 0.29084600 0.58328200
v 0.33738700 0.29345000 0.59228700
v 0.31091400 0.28248000 0.57001600
v 0.30315500 0.26936100 0.55409100
v 0.30046000 0.25307300 0.53742600
v 0.30315600 0.23557800 0.52203200
v 0.31091700 0.21898800 0.50976500
v 0.32280700 0.20530400 0.50210500
v 0.33739200 0.19617500 0.49997600
v 0.32280200 0.28085100 0.59381500
v 0.33738700 0.28997900 0.59594500
v 0.31091300 0.26716600 0.58615400
v 0.30315300 0.25057600 0.57388600
v 0.30045900 0.23308200 0.55849200
v 0.30315500 0.21679300 0.54182700
v 0.31091600 0.20367400 0.52590200
v 0.32280700 0.19530800 0.51263800
v 0.33739200 0.19270400 0.50363400
v 0.33133700 0.27276400 0.60233700
v 0.34035100 0.28717000 0.59890500
v 0.32398900 0.25477700 0.59921000
v 0.31919300 0.23537800 0.58990200
v 0.31752800 0.21690900 0.57553500
v 0.31919500 0.20159500 0.55784300
v 0.32399200 0.19128600 0.53895800
v 0.33134100 0.18722200 0.52116000
v 0.34035600 0.18989500 0.50659400
v 0.34514700 0.26967500 0.60559200
v 0.34514700 0.28609800 0.60003500
v 0.34514700 0.25004400 0.60419800
v 0.34514700 0.22957300 0.59602100
v 0.34514800 0.21073100 0.58204700
v 0.34514900 0.19579000 0.56396100
v 0.34515000 0.18655200 0.54394600
v 0.34515100 0.18413400 0.52441500
v 0.34515200 0.18882200 0.50772500
v 0.35895700 0.27276400 0.60233800
v 0.34994400 0.28717000 0.59890500
v 0.36630500 0.25477700 0.59921200
v 0.37110200 0.23537800 0.58990500
v 0.37276900 0.21690900 0.57553800
v 0.37110400 0.20159500 0.55784500
v 0.36630900 0.19128600 0.53896100
v 0.35896200 0.18722200 0.52116100
v 0.34994800 0.18989500 0.50659400
v 0.36749300 0.28085100 0.59381700
v 0.35290800 0.28997900 0.59594600
v 0.37938300 0.26716600 0.58615800
v 0.38714400 0.25057600 0.57389100
v 0.38984000 0.23308200 0.55849700
v 0.38714500 0.21679300 0.54183200
v 0.37938600 0.20367400 0.52590600
v 0.36749700 0.19530800 0.51264000
v 0.35291300 0.19270400 0.50363500
v 0.36749300 0.29084600 0.58328400
v 0.35290800 0.29345000 0.59228800
v 0.37938400 0.28248000 0.57002000
v 0.38714500 0.26936100 0.55409500
v 0.38984100 0.25307300 0.53743100
v 0.38714700 0.23557800 0.52203600
v 0.37938700 0.21898800 0.50976800
v 0.36749800 0.20530400 0.50210700
v 0.35291300 0.19617500 0.49997700
v 0.35895900 0.29893300 0.57476200
v 0.34994400 0.29625900 0.58932800
v 0.36630800 0.29486900 0.55696400
v 0.37110500 0.28455900 0.53807900
v 0.37277100 0.26924500 0.52038700
v 0.37110700 0.25077600 0.50602000
v 0.36631100 0.23137700 0.49671200
v 0.35896300 0.21339000 0.49358600
v 0.34994900 0.19898300 0.49701700
f 1 2 3
f 2 5 6
f 5 7 8
f 7 9 10
f 9 11 12
f 11 13 14
f 13 15 16
f 4 3 17
f 3 6 19
f 6 8 20
f 8 10 21
f 10 12 22
f 12 14 23
f 14 16 24
f 18 17 25
f 17 19 27
f 19 20 28
f 20 21 29
f 21 22 30
f 22 23 31
f 23 24 32
f 26 25 33
f 27 33 25
f 35 24 15
f 37 38 31
f 39 40 34
f 41 42 43
f 45 46 29
f 38 45 30
f 46 47 28
f 47 48 27
f 27 48 33
f 33 48 39
f 4 34 40
f 50 51 52
f 52 51 53
f 51 54 55
f 54 56 57
f 58 59 60
f 56 58 61
f 62 50 52
f 59 35 36
f 64 52 53
f 64 65 63
f 66 67 60
f 67 68 61
f 68 69 57
f 69 70 55
f 70 71 53
f 71 72 64
f 72 73 65
f 74 75 67
f 75 76 68
f 76 77 69
f 77 78 70
f 78 79 71
f 79 80 72
f 80 49 73
f 15 13 75
f 13 11 76
f 11 9 77
f 9 7 78
f 7 5 79
f 5 2 80
f 2 1 49
f 35 59 81
f 37 35 82
f 38 37 83
f 45 38 84
f 46 45 85
f 47 46 86
f 48 47 87
f 39 48 88
f 40 39 89
f 62 40 90
f 50 62 91
f 51 50 92
f 54 51 93
f 56 54 94
f 58 56 95
f 59 58 96
f 82 81 97
f 83 82 98
f 84 83 99
f 85 84 100
f 86 85 101
f 87 86 102
f 88 87 103
f 89 88 104
f 90 89 105
f 44 91 90
f 92 91 108
f 93 92 109
f 94 93 110
f 95 94 111
f 96 95 112
f 81 96 113
f 98 97 114
f 99 98 115
f 100 99 116
f 101 100 117
f 102 101 118
f 103 102 119
f 104 103 120
f 105 104 121
f 106 105 122
f 109 108 124
f 110 109 125
f 111 110 126
f 112 111 127
f 113 112 128
f 97 113 129
f 115 114 130
f 116 115 43
f 117 116 131
f 118 117 132
f 119 118 42
f 120 119 133
f 121 120 134
f 122 121 135
f 123 122 41
f 125 124 44
f 126 125 136
f 127 126 137
f 128 127 138
f 129 128 139
f 114 129 140
f 66 36 74
f 37 32 35
f 16 15 24
f 140 139 130
f 137 136 138
f 107 41 44
f 134 133 135
f 132 131 42
f 130 139 43
f 136 44 138
f 135 133 41
f 131 43 42
f 138 44 139
f 65 73 63
f 1 4 49
f 26 34 18
f 62 63 40
f 73 49 63
f 123 107 106
f 124 108 44
f 24 35 32
f 36 15 74
f 42 41 133
f 44 43 139
f 34 4 18
f 49 40 63
f 91 44 108
f 107 90 106
f 141 142 143
f 142 145 146
f 145 147 148
f 147 149 150
f 149 151 152
f 151 153 154
f 153 155 156
f 155 157 158
f 157 159 160
f 159 161 162
f 161 163 164
f 163 165 166
f 165 167 168
f 167 169 170
f 169 171 172
f 171 173 174
f 173 175 176
f 175 177 178
f 144 143 179
f 143 146 181
f 146 148 182
f 148 150 183
f 150 152 184
f 152 154 185
f 154 156 186
f 156 158 187
f 158 160 188
f 160 162 189
f 162 164 190
f 164 166 191
f 166 168 192
f 168 170 193
f 170 172 194
f 172 174 195
f 174 176 196
f 176 178 197
f 180 179 198
f 179 181 200
f 181 182 201
f 182 183 202
f 183 184 203
f 184 185 204
f 185 186 205
f 186 187 206
f 187 188 207
f 188 189 208
f 189 190 209
f 190 191 210
f 191 192 211
f 192 193 212
f 193 194 213
f 194 195 214
f 195 196 215
f 196 197 216
f 199 198 217
f 198 200 219
f 200 201 220
f 201 202 221
f 202 203 222
f 203 204 223
f 204 205 224
f 205 206 225
f 206 207 226
f 207 208 227
f 208 209 228
f 209 210 229
f 210 211 230
f 211 212 231
f 212 213 232
f 213 214 233
f 214 215 234
f 215 216 235
f 218 217 236
f 217 219 238
f 219 220 239
f 220 221 240
f 221 222 241
f 222 223 242
f 223 224 243
f 224 225 244
f 225 226 245
f 226 227 246
f 227 228 247
f 228 229 248
f 229 230 249
f 230 231 250
f 231 232 251
f 232 233 252
f 233 234 253
f 234 235 254
f 237 236 255
f 236 238 257
f 238 239 258
f 239 240 259
f 240 241 260
f 241 242 261
f 242 243 262
f 243 244 263
f 244 245 264
f 245 246 265
f 246 247 266
f 247 248 267
f 248 249 268
f 249 250 269
f 250 251 270
f 251 252 271
f 252 253 272
f 253 254 273
f 256 255 274
f 255 257 276
f 257 258 277
f 258 259 278
f 259 260 279
f 260 261 280
f 261 262 281
f 262 263 282
f 263 264 283
f 264 265 284
f 265 266 285
f 266 267 286
f 267 268 287
f 268 269 288
f 269 270 289
f 270 271 290
f 271 272 291
f 272 273 292
f 275 274 293
f 274 276 295
f 276 277 296
f 277 278 297
f 278 279 298
f 279 280 299
f 280 281 300
f 281 282 301
f 282 283 302
f 283 284 303
f 284 285 304
f 285 286 305
f 286 287 306
f 287 288 307
f 288 289 308
f 289 290 309
f 290 291 310
f 291 292 311
f 294 293 312
f 293 295 314
f 295 296 315
f 296 297 316
f 297 298 317
f 298 299 318
f 299 300 319
f 300 301 320
f 301 302 321
f 302 303 322
f 303 304 323
f 304 305 324
f 305 306 325
f 306 307 326
f 307 308 327
f 308 309 328
f 309 310 329
f 310 311 330
f 313 312 331
f 312 314 333
f 314 315 334
f 315 316 335
f 316 317 336
f 317 318 337
f 318 319 338
f 319 320 339
f 320 321 340
f 321 322 341
f 322 323 342
f 323 324 343
f 324 325 344
f 325 326 345
f 326 327 346
f 327 328 347
f 328 329 348
f 329 330 349
f 332 331 350
f 331 333 352
f 333 334 353
f 334 335 354
f 335 336 355
f 336 337 356
f 337 338 357
f 338 339 358
f 339 340 359
f 340 341 360
f 341 342 361
f 342 343 362
f 343 344 363
f 344 345 364
f 345 346 365
f 346 347 366
f 347 348 367
f 348 349 368
f 351 350 369
f 350 352 371
f 352 353 372
f 353 354 373
f 354 355 374
f 355 356 375
f 356 357 376
f 357 358 377
f 358 359 378
f 359 360 379
f 360 361 380
f 361 362 381
f 362 363 382
f 368 254 177
f 144 275 370
f 385 386 367
f 386 387 366
f 387 388 365
f 388 389 364
f 389 382 363
f 382 389 390
f 389 388 392
f 388 387 393
f 387 386 394
f 386 385 395
f 391 396 381
f 396 397 380
f 397 398 379
f 398 399 378
f 399 400 377
f 400 401 376
f 401 402 375
f 402 403 374
f 403 404 373
f 404 405 372
f 405 406 371
f 406 407 369
f 407 408 370
f 383 409 394
f 409 410 393
f 410 411 392
f 411 412 390
f 412 413 391
f 413 414 396
f 414 415 397
f 415 416 398
f 416 417 399
f 417 418 400
f 418 419 401
f 419 420 402
f 420 421 403
f 421 422 404
f 422 423 405
f 423 424 406
f 424 425 407
f 425 426 408
f 427 428 409
f 428 429 410
f 429 430 411
f 430 431 412
f 431 432 413
f 432 433 414
f 433 434 415
f 434 435 416
f 435 436 417
f 436 437 418
f 437 438 419
f 438 439 420
f 439 440 421
f 440 441 422
f 441 442 423
f 442 443 424
f 443 444 425
f 444 445 426
f 446 447 428
f 447 448 429
f 448 449 430
f 449 450 431
f 450 451 432
f 451 452 433
f 452 453 434
f 453 454 435
f 454 455 436
f 455 456 437
f 456 457 438
f 457 458 439
f 458 459 440
f 459 460 441
f 460 461 442
f 461 462 443
f 462 463 444
f 463 464 445
f 465 466 447
f 466 467 448
f 467 468 449
f 468 469 450
f 469 470 451
f 470 471 452
f 471 472 453
f 472 473 454
f 473 474 455
f 474 475 456
f 475 476 457
f 476 477 458
f 477 478 459
f 478 479 460
f 479 480 461
f 480 481 462
f 481 482 463
f 482 483 464
f 484 485 466
f 485 486 467
f 486 487 468
f 487 488 469
f 488 489 470
f 489 490 471
f 490 491 472
f 491 492 473
f 492 493 474
f 493 494 475
f 494 495 476
f 495 496 477
f 496 497 478
f 497 498 479
f 498 499 480
f 499 500 481
f 500 501 482
f 501 502 483
f 503 504 485
f 504 505 486
f 505 506 487
f 506 507 488
f 507 508 489
f 508 509 490
f 509 510 491
f 510 511 492
f 511 512 493
f 512 513 494
f 513 514 495
f 514 515 496
f 515 516 497
f 516 517 498
f 517 518 499
f 518 519 500
f 519 520 501
f 520 521 502
f 522 523 504
f 523 524 505
f 524 525 506
f 525 526 507
f 526 527 508
f 527 528 509
f 528 529 510
f 529 530 511
f 530 531 512
f 531 532 513
f 532 533 514
f 533 534 515
f 534 535 516
f 535 536 517
f 536 537 518
f 537 538 519
f 538 539 520
f 539 540 521
f 541 542 523
f 542 543 524
f 543 544 525
f 544 545 526
f 545 546 527
f 546 547 528
f 547 548 529
f 548 549 530
f 549 550 531
f 550 551 532
f 551 552 533
f 552 553 534
f 553 554 535
f 554 555 536
f 555 556 537
f 556 557 538
f 557 558 539
f 558 559 540
f 560 561 542
f 561 562 543
f 562 563 544
f 563 564 545
f 564 565 546
f 565 566 547
f 566 567 548
f 567 568 549
f 568 569 550
f 569 570 551
f 570 571 552
f 571 572 553
f 572 573 554
f 573 574 555
f 574 575 556
f 575 576 557
f 576 577 558
f 577 384 559
f 578 579 561
f 579 580 562
f 580 581 563
f 581 582 564
f 582 583 565
f 583 584 566
f 584 585 567
f 585 586 568
f 586 587 569
f 587 588 570
f 588 589 571
f 589 590 572
f 590 591 573
f 591 592 574
f 592 593 575
f 593 594 576
f 594 595 577
f 595 596 384
f 177 175 579
f 175 173 580
f 173 171 581
f 171 169 582
f 169 167 583
f 167 165 584
f 165 163 585
f 163 161 586
f 161 159 587
f 159 157 588
f 157 155 589
f 155 153 590
f 153 151 591
f 151 149 592
f 149 147 593
f 147 145 594
f 145 142 595
f 142 141 596
f 560 541 578
f 503 484 522
f 446 427 465
f 395 385 383
f 349 330 368
f 292 273 311
f 235 216 254
f 178 177 197
f 541 522 578
f 465 427 484
f 385 368 383
f 311 273 330
f 216 197 254
f 578 522 177
f 427 383 484
f 330 273 368
f 197 177 254
f 484 383 522
f 426 445 408
f 483 502 464
f 540 559 521
f 596 141 384
f 180 199 144
f 237 256 218
f 294 313 275
f 351 370 332
f 445 464 408
f 521 559 502
f 141 144 384
f 218 256 199
f 313 332 275
f 408 464 370
f 559 384 502
f 199 256 144
f 332 370 275
f 502 384 464
f 254 368 273
f 383 177 522
f 275 144 256
f 384 370 464
f 597 598 599
f 601 597 600
f 603 601 602
f 605 603 604
f 607 605 606
f 609 607 608
f 611 609 610
f 613 611 612
f 615 613 614
f 617 615 616
f 619 617 618
f 621 619 620
f 600 599 623
f 602 600 624
f 604 602 625
f 606 604 626
f 608 606 627
f 610 608 628
f 612 610 629
f 614 612 630
f 616 614 631
f 618 616 632
f 620 618 633
f 622 620 634
f 624 623 636
f 625 624 637
f 626 625 638
f 627 626 639
f 628 627 640
f 629 628 641
f 630 629 642
f 631 630 643
f 632 631 644
f 633 632 645
f 634 633 646
f 635 634 647
f 637 636 649
f 638 637 650
f 639 638 651
f 640 639 652
f 641 640 653
f 642 641 654
f 643 642 655
f 644 643 656
f 645 644 657
f 646 645 658
f 647 646 659
f 648 647 660
f 650 649 662
f 651 650 663
f 652 651 664
f 653 652 665
f 654 653 666
f 655 654 667
f 656 655 668
f 657 656 669
f 658 657 670
f 659 658 671
f 660 659 672
f 661 660 673
f 663 662 675
f 664 663 676
f 665 664 677
f 666 665 678
f 667 666 679
f 668 667 680
f 669 668 681
f 670 669 682
f 671 670 683
f 672 671 684
f 673 672 685
f 674 673 686
f 676 675 688
f 677 676 689
f 678 677 690
f 679 678 691
f 680 679 692
f 681 680 693
f 682 681 694
f 683 682 695
f 684 683 696
f 685 684 697
f 686 685 698
f 687 686 699
f 689 688 701
f 690 689 702
f 691 690 703
f 692 691 704
f 693 692 705
f 694 693 706
f 695 694 707
f 696 695 708
f 697 696 709
f 698 697 710
f 699 698 711
f 700 699 712
f 702 701 714
f 703 702 715
f 704 703 716
f 705 704 717
f 706 705 718
f 707 706 719
f 708 707 720
f 709 708 721
f 710 709 722
f 711 710 723
f 712 711 724
f 713 712 725
f 623 714 701
f 687 726 621
f 617 619 727
f 619 621 729
f 621 726 730
f 726 725 731
f 725 724 732
f 724 723 733
f 723 722 734
f 722 721 735
f 721 720 736
f 720 719 737
f 719 718 738
f 718 717 739
f 717 716 740
f 716 715 741
f 715 714 742
f 714 598 743
f 598 597 744
f 597 601 745
f 601 603 746
f 603 605 747
f 605 607 748
f 607 609 749
f 609 611 750
f 611 613 751
f 613 615 752
f 615 617 728
f 746 752 728
f 753 754 755
f 754 757 758
f 757 759 760
f 759 761 762
f 761 763 764
f 763 765 766
f 765 767 768
f 767 769 770
f 769 771 772
f 771 773 774
f 773 775 776
f 775 777 778
f 756 755 779
f 755 758 781
f 758 760 782
f 760 762 783
f 762 764 784
f 764 766 785
f 766 768 786
f 768 770 787
f 770 772 788
f 772 774 789
f 774 776 790
f 776 778 791
f 780 779 792
f 779 781 794
f 781 782 795
f 782 783 796
f 783 784 797
f 784 785 798
f 785 786 799
f 786 787 800
f 787 788 801
f 788 789 802
f 789 790 803
f 790 791 804
f 793 792 805
f 792 794 807
f 794 795 808
f 795 796 809
f 796 797 810
f 797 798 811
f 798 799 812
f 799 800 813
f 800 801 814
f 801 802 815
f 802 803 816
f 803 804 817
f 806 805 818
f 805 807 820
f 807 808 821
f 808 809 822
f 809 810 823
f 810 811 824
f 811 812 825
f 812 813 826
f 813 814 827
f 814 815 828
f 815 816 829
f 816 817 830
f 819 818 831
f 818 820 833
f 820 821 834
f 821 822 835
f 822 823 836
f 823 824 837
f 824 825 838
f 825 826 839
f 826 827 840
f 827 828 841
f 828 829 842
f 829 830 843
f 832 831 844
f 831 833 846
f 833 834 847
f 834 835 848
f 835 836 849
f 836 837 850
f 837 838 851
f 838 839 852
f 839 840 853
f 840 841 854
f 841 842 855
f 842 843 856
f 845 844 857
f 844 846 859
f 846 847 860
f 847 848 861
f 848 849 862
f 849 850 863
f 850 851 864
f 851 852 865
f 852 853 866
f 853 854 867
f 854 855 868
f 855 856 869
f 858 857 870
f 857 859 872
f 859 860 873
f 860 861 874
f 861 862 875
f 862 863 876
f 863 864 877
f 864 865 878
f 865 866 879
f 866 867 880
f 867 868 881
f 868 869 882
f 819 858 871
f 804 777 882
f 775 773 883
f 777 775 884
f 882 777 885
f 881 882 886
f 880 881 887
f 879 880 888
f 878 879 889
f 877 878 890
f 876 877 891
f 875 876 892
f 874 875 893
f 873 874 894
f 872 873 895
f 870 872 896
f 871 870 897
f 753 871 898
f 754 753 899
f 757 754 900
f 759 757 901
f 761 759 902
f 763 761 903
f 765 763 904
f 767 765 905
f 769 767 906
f 771 769 907
f 773 771 908
f 896 890 887
f 675 662 688
f 636 623 649
f 598 714 599
f 688 662 701
f 635 648 622
f 674 687 661
f 713 726 700
f 622 648 621
f 730 731 729
f 733 734 732
f 736 737 735
f 739 740 738
f 742 743 741
f 745 746 744
f 748 749 747
f 751 752 750
f 727 729 728
f 731 732 729
f 735 737 734
f 740 741 738
f 744 746 743
f 750 752 749
f 729 732 728
f 737 738 734
f 743 746 741
f 749 752 747
f 732 734 728
f 741 746 738
f 756 780 753
f 806 819 793
f 845 858 832
f 753 780 871
f 856 843 869
f 817 804 830
f 778 777 791
f 869 843 882
f 907 906 908
f 904 903 905
f 901 900 902
f 898 897 899
f 895 894 896
f 892 891 893
f 889 888 890
f 886 885 887
f 883 908 884
f 906 905 908
f 902 900 903
f 897 896 899
f 893 891 894
f 888 887 890
f 884 908 885
f 905 903 908
f 899 896 900
f 891 890 894
f 885 908 887
f 903 900 908
f 714 623 599
f 649 701 662
f 726 687 700
f 661 621 648
f 752 746 747
f 738 728 734
f 858 819 832
f 793 871 780
f 777 804 791
f 830 882 843
f 890 896 894
f 900 887 908
f 909 910 911
f 913 914 915
f 914 917 918
f 917 919 920
f 919 921 922
f 921 923 924
f 923 925 926
f 925 927 928
f 927 913 916
f 916 915 929
f 915 918 931
f 918 920 932
f 920 922 933
f 922 924 934
f 924 926 935
f 926 928 936
f 928 916 930
f 930 929 910
f 929 931 911
f 931 932 938
f 932 933 939
f 933 934 912
f 934 935 909
f 935 936 940
f 936 930 937
f 941 942 943
f 945 946 947
f 949 945 948
f 951 949 950
f 953 951 952
f 955 953 954
f 957 955 956
f 959 957 958
f 946 959 960
f 948 947 961
f 950 948 962
f 952 950 963
f 954 952 964
f 956 954 965
f 958 956 966
f 960 958 967
f 947 960 968
f 962 961 969
f 963 962 943
f 964 963 942
f 965 964 970
f 966 965 971
f 967 966 941
f 968 967 944
f 961 968 972
f 939 912 938
f 940 937 909
f 972 944 969
f 971 970 941
f 910 909 937
f 912 911 938
f 942 941 970
f 944 943 969
f 973 974 975
f 976 975 977
f 978 977 979
f 980 979 981
f 982 981 983
f 984 983 985
f 986 985 987
f 988 987 974
f 989 990 991
f 988 973 993
f 973 976 995
f 976 978 996
f 978 980 997
f 980 982 998
f 982 984 999
f 984 986 1000
f 986 988 994
f 994 993 1001
f 993 995 1003
f 995 996 1004
f 996 997 1005
f 997 998 1006
f 998 999 1007
f 999 1000 1008
f 1000 994 1002
f 1002 1001 1009
f 1001 1003 1011
f 1003 1004 1012
f 1004 1005 1013
f 1005 1006 1014
f 1006 1007 1015
f 1007 1008 1016
f 1008 1002 1010
f 1010 1009 914
f 1009 1011 917
f 1011 1012 919
f 1012 1013 921
f 1013 1014 923
f 1014 1015 925
f 1015 1016 927
f 1016 1010 913
f 975 974 990
f 974 987 991
f 987 985 1018
f 985 983 1019
f 983 981 992
f 981 979 989
f 979 977 1020
f 977 975 1017
f 1021 1022 1023
f 1024 1023 1025
f 1026 1025 1027
f 1028 1027 1029
f 1030 1029 1031
f 1032 1031 1033
f 1034 1033 1035
f 1036 1035 1022
f 1037 1038 1039
f 1022 1035 1041
f 1023 1022 1042
f 1025 1023 1043
f 1027 1025 1044
f 1029 1027 1045
f 1031 1029 1046
f 1033 1031 1047
f 1035 1033 1048
f 1042 1041 1049
f 1043 1042 1050
f 1044 1043 1051
f 1045 1044 1052
f 1046 1045 1053
f 1047 1046 1054
f 1048 1047 1055
f 1041 1048 1056
f 1050 1049 1057
f 1051 1050 1058
f 1052 1051 1059
f 1053 1052 1060
f 1054 1053 1061
f 1055 1054 1062
f 1056 1055 1063
f 1049 1056 1064
f 1058 1057 946
f 1059 1058 945
f 1060 1059 949
f 1061 1060 951
f 1062 1061 953
f 1063 1062 955
f 1064 1063 957
f 1057 1064 959
f 1021 1024 1065
f 1036 1021 1039
f 1034 1036 1038
f 1032 1034 1066
f 1030 1032 1067
f 1028 1030 1037
f 1026 1028 1040
f 1024 1026 1068
f 1019 992 1018
f 1020 1017 989
f 1068 1040 1065
f 1067 1066 1037
f 990 989 1017
f 992 991 1018
f 1038 1037 1066
f 1040 1039 1065
f 1069 1070 1071
f 1073 1074 1075
f 1077 1078 1073
f 1078 1079 1080
f 1079 1081 1082
f 1081 1083 1084
f 1083 1085 1074
f 1085 1086 1075
f 1086 1087 1088
f 1087 1089 1090
f 1089 1069 1091
f 1069 1072 1092
f 1072 1071 1093
f 1071 1070 1094
f 1070 1095 1096
f 1095 1077 1076
f 1093 1090 1091
f 1096 1088 1090
f 1076 1075 1088
f 1084 1073 1080
f 1095 1087 1086
f 1087 1095 1070
f 1079 1085 1083
f 1085 1078 1077
f 1097 1098 1099
f 1101 1102 1103
f 1105 1106 1103
f 1107 1105 1102
f 1109 1107 1108
f 1111 1109 1110
f 1113 1111 1112
f 1114 1113 1101
f 1115 1114 1104
f 1098 1115 1116
f 1099 1098 1117
f 1100 1099 1118
f 1097 1100 1119
f 1121 1097 1120
f 1123 1121 1122
f 1106 1123 1124
f 1118 1122 1120
f 1116 1124 1122
f 1104 1103 1124
f 1108 1101 1112
f 1115 1123 1106
f 1123 1115 1098
f 1111 1105 1107
f 1105 1113 1114
f 1070 1069 1089
f 1090 1093 1094
f 1073 1084 1074
f 1085 1079 1078
f 1098 1097 1121
f 1122 1118 1117
f 1101 1108 1102
f 1105 1111 1113
f 1125 1126 1127
f 1129 1130 1131
f 1133 1134 1129
f 1134 1135 1136
f 1135 1137 1138
f 1137 1139 1140
f 1139 1141 1130
f 1141 1142 1131
f 1142 1143 1144
f 1143 1145 1146
f 1145 1125 1147
f 1125 1128 1148
f 1128 1127 1149
f 1127 1126 1150
f 1126 1151 1152
f 1151 1133 1132
f 1149 1146 1147
f 1152 1144 1146
f 1132 1131 1144
f 1140 1129 1136
f 1151 1143 1142
f 1143 1151 1126
f 1135 1141 1139
f 1141 1134 1133
f 1153 1154 1155
f 1157 1158 1159
f 1161 1162 1159
f 1163 1161 1158
f 1165 1163 1164
f 1167 1165 1166
f 1169 1167 1168
f 1170 1169 1157
f 1171 1170 1160
f 1154 1171 1172
f 1155 1154 1173
f 1156 1155 1174
f 1153 1156 1175
f 1177 1153 1176
f 1179 1177 1178
f 1162 1179 1180
f 1174 1178 1176
f 1172 1180 1178
f 1160 1159 1180
f 1164 1157 1168
f 1171 1179 1162
f 1179 1171 1154
f 1167 1161 1163
f 1161 1169 1170
f 1126 1125 1145
f 1146 1149 1150
f 1129 1140 1130
f 1141 1135 1134
f 1154 1153 1177
f 1178 1174 1173
f 1157 1164 1158
f 1161 1167 1169
f 1181 1182 1183
f 1185 1186 1187
f 1189 1190 1185
f 1190 1191 1192
f 1191 1193 1194
f 1193 1195 1196
f 1195 1197 1186
f 1197 1198 1187
f 1198 1199 1200
f 1199 1201 1202
f 1201 1181 1203
f 1181 1184 1204
f 1184 1183 1205
f 1183 1182 1206
f 1182 1207 1208
f 1207 1189 1188
f 1205 1202 1203
f 1208 1200 1202
f 1188 1187 1200
f 1196 1185 1192
f 1207 1199 1198
f 1199 1207 1182
f 1191 1197 1195
f 1197 1190 1189
f 1209 1210 1211
f 1213 1214 1215
f 1217 1218 1215
f 1219 1217 1214
f 1221 1219 1220
f 1223 1221 1222
f 1225 1223 1224
f 1226 1225 1213
f 1227 1226 1216
f 1210 1227 1228
f 1211 1210 1229
f 1212 1211 1230
f 1209 1212 1231
f 1233 1209 1232
f 1235 1233 1234
f 1218 1235 1236
f 1230 1234 1232
f 1228 1236 1234
f 1216 1215 1236
f 1220 1213 1224
f 1227 1235 1218
f 1235 1227 1210
f 1223 1217 1219
f 1217 1225 1226
f 1182 1181 1201
f 1202 1205 1206
f 1185 1196 1186
f 1197 1191 1190
f 1210 1209 1233
f 1234 1230 1229
f 1213 1220 1214
f 1217 1223 1225
f 1237 1238 1239
f 1241 1242 1243
f 1245 1246 1241
f 1246 1247 1248
f 1247 1249 1250
f 1249 1251 1252
f 1251 1253 1242
f 1253 1254 1243
f 1254 1255 1256
f 1255 1257 1258
f 1257 1237 1259
f 1237 1240 1260
f 1240 1239 1261
f 1239 1238 1262
f 1238 1263 1264
f 1263 1245 1244
f 1261 1258 1259
f 1264 1256 1258
f 1244 1243 1256
f 1252 1241 1248
f 1263 1255 1254
f 1255 1263 1238
f 1247 1253 1251
f 1253 1246 1245
f 1265 1266 1267
f 1269 1270 1271
f 1273 1274 1271
f 1275 1273 1270
f 1277 1275 1276
f 1279 1277 1278
f 1281 1279 1280
f 1282 1281 1269
f 1283 1282 1272
f 1266 1283 1284
f 1267 1266 1285
f 1268 1267 1286
f 1265 1268 1287
f 1289 1265 1288
f 1291 1289 1290
f 1274 1291 1292
f 1286 1290 1288
f 1284 1292 1290
f 1272 1271 1292
f 1276 1269 1280
f 1283 1291 1274
f 1291 1283 1266
f 1279 1273 1275
f 1273 1281 1282
f 1238 1237 1257
f 1258 1261 1262
f 1241 1252 1242
f 1253 1247 1246
f 1266 1265 1289
f 1290 1286 1285
f 1269 1276 1270
f 1273 1279 1281
f 1293 1294 1295
f 1294 1297 1298
f 1297 1299 1300
f 1299 1301 1302
f 1301 1303 1304
f 1303 1305 1306
f 1305 1307 1308
f 1307 1309 1310
f 1296 1295 1311
f 1295 1298 1313
f 1298 1300 1314
f 1300 1302 1315
f 1302 1304 1316
f 1304 1306 1317
f 1306 1308 1318
f 1308 1310 1319
f 1312 1311 1320
f 1311 1322 1323
f 1322 1324 1325
f 1324 1326 1327
f 1328 1327 1326
f 1316 1317 1329
f 1317 1318 1331
f 1318 1319 1332
f 1319 1333 1334
f 1321 1320 1335
f 1320 1323 1337
f 1323 1325 1338
f 1325 1327 1339
f 1340 1339 1327
f 1327 1341 1340
f 1329 1331 1342
f 1331 1332 1344
f 1332 1334 1345
f 1336 1335 1346
f 1335 1337 1348
f 1337 1338 1349
f 1338 1339 1350
f 1339 1340 1351
f 1340 1341 1352
f 1343 1342 1353
f 1342 1344 1355
f 1344 1345 1356
f 1347 1346 1357
f 1346 1348 1359
f 1348 1349 1360
f 1349 1350 1361
f 1351 1361 1350
f 1352 1361 1351
f 1354 1353 1362
f 1353 1355 1364
f 1355 1356 1365
f 1358 1357 1366
f 1357 1359 1368
f 1359 1360 1369
f 1360 1361 1370
f 1361 1371 1372
f 1371 1363 1373
f 1363 1362 1374
f 1362 1364 1375
f 1364 1365 1376
f 1367 1366 1377
f 1366 1368 1379
f 1368 1369 1380
f 1369 1370 1381
f 1370 1372 1382
f 1372 1373 1383
f 1373 1374 1384
f 1374 1375 1385
f 1378 1377 1386
f 1377 1379 1388
f 1379 1380 1389
f 1380 1381 1390
f 1381 1382 1391
f 1382 1383 1392
f 1383 1384 1393
f 1384 1385 1394
f 1345 1333 1376
f 1395 1396 1397
f 1387 1399 1400
f 1367 1378 1400
f 1358 1367 1401
f 1347 1358 1402
f 1336 1347 1403
f 1321 1336 1404
f 1312 1321 1405
f 1296 1312 1406
f 1293 1296 1407
f 1399 1409 1410
f 1401 1400 1410
f 1402 1401 1411
f 1403 1402 1412
f 1404 1403 1413
f 1405 1404 1414
f 1406 1405 1415
f 1407 1406 1416
f 1408 1407 1417
f 1409 1419 1396
f 1411 1410 1396
f 1412 1411 1420
f 1413 1412 1395
f 1414 1413 1421
f 1415 1414 1398
f 1416 1415 1422
f 1417 1416 1423
f 1418 1417 1424
f 1371 1425 1354
f 1425 1426 1343
f 1426 1330 1329
f 1361 1427 1425
f 1427 1428 1426
f 1428 1328 1330
f 1328 1315 1316
f 1352 1427 1361
f 1352 1341 1428
f 1341 1327 1328
f 1326 1315 1328
f 1326 1324 1314
f 1324 1322 1313
f 1311 1313 1322
f 1385 1375 1376
f 1319 1310 1333
f 1376 1394 1385
f 1310 1309 1333
f 1333 1309 1429
f 1430 1394 1376
f 1333 1429 1431
f 1376 1432 1430
f 1433 1434 1435
f 1433 1436 1437
f 1436 1438 1439
f 1440 1439 1438
f 1441 1442 1443
f 1442 1444 1445
f 1446 1445 1444
f 1439 1440 1447
f 1440 1443 1449
f 1443 1445 1450
f 1445 1446 1451
f 1447 1449 1452
f 1449 1450 1454
f 1450 1451 1455
f 1456 1418 1397
f 1458 1456 1457
f 1460 1458 1459
f 1462 1460 1461
f 1464 1462 1463
f 1466 1464 1465
f 1468 1466 1467
f 1470 1468 1469
f 1419 1409 1470
f 1472 1408 1418
f 1473 1472 1456
f 1474 1473 1458
f 1475 1474 1460
f 1476 1475 1462
f 1477 1476 1464
f 1478 1477 1466
f 1479 1478 1468
f 1409 1399 1479
f 1480 1293 1408
f 1481 1480 1472
f 1482 1481 1473
f 1483 1482 1474
f 1484 1483 1475
f 1485 1484 1476
f 1486 1485 1477
f 1487 1486 1478
f 1399 1387 1487
f 1461 1457 1419
f 1488 1376 1333
f 1430 1490 1393
f 1490 1491 1392
f 1491 1492 1391
f 1492 1493 1390
f 1493 1494 1389
f 1494 1495 1388
f 1495 1496 1386
f 1496 1487 1387
f 1432 1497 1490
f 1497 1498 1491
f 1498 1499 1492
f 1499 1500 1493
f 1500 1501 1494
f 1501 1502 1495
f 1502 1503 1496
f 1503 1486 1487
f 1504 1505 1432
f 1505 1506 1497
f 1506 1455 1498
f 1455 1451 1499
f 1451 1446 1500
f 1446 1507 1501
f 1507 1508 1502
f 1508 1509 1503
f 1509 1485 1486
f 1488 1510 1505
f 1510 1511 1506
f 1511 1454 1455
f 1512 1446 1444
f 1513 1446 1512
f 1513 1514 1507
f 1514 1515 1508
f 1515 1516 1509
f 1516 1484 1485
f 1489 1517 1510
f 1517 1518 1511
f 1518 1452 1454
f 1442 1519 1512
f 1519 1520 1513
f 1520 1521 1514
f 1521 1522 1515
f 1522 1523 1516
f 1523 1483 1484
f 1524 1525 1517
f 1525 1526 1518
f 1526 1453 1452
f 1519 1442 1441
f 1441 1520 1519
f 1441 1527 1521
f 1527 1528 1522
f 1528 1529 1523
f 1529 1482 1483
f 1333 1431 1525
f 1431 1530 1526
f 1530 1531 1453
f 1531 1448 1447
f 1438 1441 1440
f 1438 1436 1527
f 1436 1433 1528
f 1433 1435 1529
f 1435 1481 1482
f 1429 1532 1530
f 1532 1533 1531
f 1533 1534 1448
f 1534 1535 1439
f 1535 1536 1437
f 1536 1537 1434
f 1537 1538 1435
f 1538 1480 1481
f 1309 1307 1532
f 1307 1305 1533
f 1305 1303 1534
f 1303 1301 1535
f 1301 1299 1536
f 1299 1297 1537
f 1297 1294 1538
f 1294 1293 1480
f 1423 1422 1424
f 1421 1395 1398
f 1419 1397 1396
f 1422 1398 1424
f 1471 1469 1419
f 1463 1461 1465
f 1397 1419 1457
f 1465 1461 1467
f 1333 1345 1334
f 1356 1376 1365
f 1396 1395 1420
f 1398 1397 1424
f 1457 1461 1459
f 1467 1419 1469
f 1376 1488 1504
f 1489 1333 1524
f 1539 1540 1541
f 1542 1541 1543
f 1544 1543 1545
f 1546 1545 1547
f 1548 1547 1549
f 1550 1549 1551
f 1552 1551 1553
f 1554 1553 1540
f 1555 1556 1557
f 1559 1560 1561
f 1539 1542 1563
f 1554 1539 1564
f 1552 1554 1565
f 1550 1552 1566
f 1548 1550 1567
f 1546 1548 1568
f 1544 1546 1569
f 1542 1544 1570
f 1564 1563 1571
f 1565 1564 1557
f 1566 1565 1556
f 1567 1566 1572
f 1568 1567 1573
f 1569 1568 1555
f 1570 1569 1558
f 1563 1570 1574
f 1540 1553 1575
f 1541 1540 1576
f 1543 1541 1577
f 1545 1543 1578
f 1547 1545 1579
f 1549 1547 1580
f 1551 1549 1581
f 1553 1551 1582
f 1576 1575 1583
f 1577 1576 1584
f 1578 1577 1585
f 1579 1578 1586
f 1580 1579 1587
f 1581 1580 1588
f 1582 1581 1589
f 1575 1582 1590
f 1584 1583 1591
f 1585 1584 1592
f 1586 1585 1593
f 1587 1586 1594
f 1588 1587 1595
f 1589 1588 1596
f 1590 1589 1597
f 1583 1590 1598
f 1592 1591 1599
f 1593 1592 1600
f 1594 1593 1601
f 1595 1594 1602
f 1596 1595 1603
f 1597 1596 1604
f 1598 1597 1605
f 1591 1598 1606
f 1600 1599 1607
f 1601 1600 1608
f 1602 1601 1609
f 1603 1602 1610
f 1604 1603 1611
f 1605 1604 1612
f 1606 1605 1613
f 1599 1606 1614
f 1608 1607 1615
f 1609 1608 1616
f 1610 1609 1617
f 1611 1610 1618
f 1612 1611 1619
f 1613 1612 1620
f 1614 1613 1621
f 1607 1614 1622
f 1616 1615 1623
f 1617 1616 1624
f 1618 1617 1625
f 1619 1618 1626
f 1620 1619 1627
f 1621 1620 1628
f 1622 1621 1629
f 1615 1622 1630
f 1624 1623 1631
f 1625 1624 1632
f 1626 1625 1633
f 1627 1626 1634
f 1628 1627 1635
f 1629 1628 1636
f 1630 1629 1637
f 1623 1630 1638
f 1632 1631 1639
f 1633 1632 1640
f 1634 1633 1641
f 1635 1634 1642
f 1636 1635 1643
f 1637 1636 1644
f 1638 1637 1645
f 1631 1638 1646
f 1640 1639 1647
f 1641 1640 1648
f 1642 1641 1649
f 1643 1642 1650
f 1644 1643 1651
f 1645 1644 1652
f 1646 1645 1653
f 1639 1646 1654
f 1648 1647 1655
f 1649 1648 1656
f 1650 1649 1657
f 1651 1650 1658
f 1652 1651 1659
f 1653 1652 1660
f 1654 1653 1661
f 1647 1654 1662
f 1656 1655 1663
f 1657 1656 1561
f 1658 1657 1560
f 1659 1658 1664
f 1660 1659 1665
f 1661 1660 1559
f 1662 1661 1562
f 1655 1662 1666
f 1667 1668 1669
f 1670 1669 1671
f 1672 1671 1673
f 1674 1673 1675
f 1676 1675 1677
f 1678 1677 1679
f 1680 1679 1681
f 1682 1681 1668
f 1683 1684 1685
f 1687 1688 1689
f 1667 1670 1691
f 1682 1667 1692
f 1680 1682 1693
f 1678 1680 1694
f 1676 1678 1695
f 1674 1676 1696
f 1672 1674 1697
f 1670 1672 1698
f 1692 1691 1699
f 1693 1692 1685
f 1694 1693 1684
f 1695 1694 1700
f 1696 1695 1701
f 1697 1696 1683
f 1698 1697 1686
f 1691 1698 1702
f 1668 1681 1703
f 1669 1668 1704
f 1671 1669 1705
f 1673 1671 1706
f 1675 1673 1707
f 1677 1675 1708
f 1679 1677 1709
f 1681 1679 1710
f 1704 1703 1711
f 1705 1704 1712
f 1706 1705 1713
f 1707 1706 1714
f 1708 1707 1715
f 1709 1708 1716
f 1710 1709 1717
f 1703 1710 1718
f 1712 1711 1719
f 1713 1712 1720
f 1714 1713 1721
f 1715 1714 1722
f 1716 1715 1723
f 1717 1716 1724
f 1718 1717 1725
f 1711 1718 1726
f 1720 1719 1727
f 1721 1720 1728
f 1722 1721 1729
f 1723 1722 1730
f 1724 1723 1731
f 1725 1724 1732
f 1726 1725 1733
f 1719 1726 1734
f 1728 1727 1735
f 1729 1728 1736
f 1730 1729 1737
f 1731 1730 1738
f 1732 1731 1739
f 1733 1732 1740
f 1734 1733 1741
f 1727 1734 1742
f 1736 1735 1743
f 1737 1736 1744
f 1738 1737 1745
f 1739 1738 1746
f 1740 1739 1747
f 1741 1740 1748
f 1742 1741 1749
f 1735 1742 1750
f 1744 1743 1751
f 1745 1744 1752
f 1746 1745 1753
f 1747 1746 1754
f 1748 1747 1755
f 1749 1748 1756
f 1750 1749 1757
f 1743 1750 1758
f 1752 1751 1759
f 1753 1752 1760
f 1754 1753 1761
f 1755 1754 1762
f 1756 1755 1763
f 1757 1756 1764
f 1758 1757 1765
f 1751 1758 1766
f 1760 1759 1767
f 1761 1760 1768
f 1762 1761 1769
f 1763 1762 1770
f 1764 1763 1771
f 1765 1764 1772
f 1766 1765 1773
f 1759 1766 1774
f 1768 1767 1775
f 1769 1768 1776
f 1770 1769 1777
f 1771 1770 1778
f 1772 1771 1779
f 1773 1772 1780
f 1774 1773 1781
f 1767 1774 1782
f 1776 1775 1783
f 1777 1776 1784
f 1778 1777 1785
f 1779 1778 1786
f 1780 1779 1787
f 1781 1780 1788
f 1782 1781 1789
f 1775 1782 1790
f 1784 1783 1791
f 1785 1784 1689
f 1786 1785 1688
f 1787 1786 1792
f 1788 1787 1793
f 1789 1788 1687
f 1790 1789 1690
f 1783 1790 1794
f 1795 1796 1797
f 1798 1797 1799
f 1800 1799 1801
f 1802 1801 1803
f 1804 1803 1805
f 1806 1805 1807
f 1808 1807 1809
f 1810 1809 1796
f 1811 1812 1813
f 1795 1798 1815
f 1810 1795 1816
f 1808 1810 1817
f 1806 1808 1818
f 1804 1806 1819
f 1802 1804 1820
f 1800 1802 1821
f 1798 1800 1822
f 1816 1815 1823
f 1817 1816 1824
f 1818 1817 1825
f 1819 1818 1826
f 1820 1819 1827
f 1821 1820 1828
f 1822 1821 1829
f 1815 1822 1830
f 1824 1823 1831
f 1825 1824 1832
f 1826 1825 1833
f 1827 1826 1834
f 1828 1827 1835
f 1829 1828 1836
f 1830 1829 1837
f 1823 1830 1838
f 1832 1831 1839
f 1833 1832 1813
f 1834 1833 1812
f 1835 1834 1840
f 1836 1835 1841
f 1837 1836 1811
f 1838 1837 1814
f 1831 1838 1842
f 1796 1809 1843
f 1797 1796 1844
f 1799 1797 1845
f 1801 1799 1846
f 1803 1801 1847
f 1805 1803 1848
f 1807 1805 1849
f 1809 1807 1850
f 1844 1843 1851
f 1845 1844 1852
f 1846 1845 1853
f 1847 1846 1854
f 1848 1847 1855
f 1849 1848 1856
f 1850 1849 1857
f 1843 1850 1858
f 1851 1858 1859
f 1852 1851 1860
f 1853 1852 1861
f 1854 1853 1862
f 1855 1854 1863
f 1856 1855 1864
f 1857 1856 1865
f 1858 1857 1866
f 1867 1868 1869
f 1866 1865 1871
f 1859 1866 1872
f 1860 1859 1873
f 1861 1860 1874
f 1862 1861 1875
f 1863 1862 1876
f 1864 1863 1877
f 1865 1864 1878
f 1872 1871 1879
f 1873 1872 1869
f 1874 1873 1868
f 1875 1874 1880
f 1876 1875 1881
f 1877 1876 1867
f 1878 1877 1870
f 1871 1878 1882
f 1883 1884 1885
f 1886 1885 1887
f 1888 1887 1889
f 1890 1889 1891
f 1892 1891 1893
f 1894 1893 1895
f 1896 1895 1897
f 1898 1897 1884
f 1899 1900 1901
f 1903 1904 1905
f 1883 1886 1907
f 1898 1883 1908
f 1896 1898 1909
f 1894 1896 1910
f 1892 1894 1911
f 1890 1892 1912
f 1888 1890 1913
f 1886 1888 1914
f 1908 1907 1915
f 1909 1908 1916
f 1910 1909 1917
f 1911 1910 1918
f 1912 1911 1919
f 1913 1912 1920
f 1914 1913 1921
f 1907 1914 1922
f 1916 1915 1923
f 1917 1916 1924
f 1918 1917 1925
f 1919 1918 1926
f 1920 1919 1927
f 1921 1920 1928
f 1922 1921 1929
f 1915 1922 1930
f 1924 1923 1931
f 1925 1924 1901
f 1926 1925 1900
f 1927 1926 1932
f 1928 1927 1933
f 1929 1928 1899
f 1930 1929 1902
f 1923 1930 1934
f 1884 1897 1935
f 1885 1884 1905
f 1887 1885 1904
f 1889 1887 1936
f 1891 1889 1937
f 1893 1891 1903
f 1895 1893 1906
f 1897 1895 1938
f 1939 1940 1941
f 1942 1941 1943
f 1944 1943 1945
f 1946 1945 1947
f 1948 1947 1949
f 1950 1949 1951
f 1952 1951 1953
f 1954 1953 1940
f 1955 1956 1957
f 1959 1960 1961
f 1939 1942 1963
f 1954 1939 1964
f 1952 1954 1965
f 1950 1952 1966
f 1948 1950 1967
f 1946 1948 1968
f 1944 1946 1969
f 1942 1944 1970
f 1964 1963 1971
f 1965 1964 1957
f 1966 1965 1956
f 1967 1966 1972
f 1968 1967 1973
f 1969 1968 1955
f 1970 1969 1958
f 1963 1970 1974
f 1940 1953 1975
f 1941 1940 1976
f 1943 1941 1977
f 1945 1943 1978
f 1947 1945 1979
f 1949 1947 1980
f 1951 1949 1981
f 1953 1951 1982
f 1976 1975 1983
f 1977 1976 1984
f 1978 1977 1985
f 1979 1978 1986
f 1980 1979 1987
f 1981 1980 1988
f 1982 1981 1989
f 1975 1982 1990
f 1984 1983 1991
f 1985 1984 1992
f 1986 1985 1993
f 1987 1986 1994
f 1988 1987 1995
f 1989 1988 1996
f 1990 1989 1997
f 1983 1990 1998
f 1992 1991 1999
f 1993 1992 2000
f 1994 1993 2001
f 1995 1994 2002
f 1996 1995 2003
f 1997 1996 2004
f 1998 1997 2005
f 1991 1998 2006
f 2000 1999 2007
f 2001 2000 2008
f 2002 2001 2009
f 2003 2002 2010
f 2004 2003 2011
f 2005 2004 2012
f 2006 2005 2013
f 1999 2006 2014
f 2008 2007 2015
f 2009 2008 2016
f 2010 2009 2017
f 2011 2010 2018
f 2012 2011 2019
f 2013 2012 2020
f 2014 2013 2021
f 2007 2014 2022
f 2016 2015 2023
f 2017 2016 2024
f 2018 2017 2025
f 2019 2018 2026
f 2020 2019 2027
f 2021 2020 2028
f 2022 2021 2029
f 2015 2022 2030
f 2024 2023 2031
f 2025 2024 2032
f 2026 2025 2033
f 2027 2026 2034
f 2028 2027 2035
f 2029 2028 2036
f 2030 2029 2037
f 2023 2030 2038
f 2032 2031 2039
f 2033 2032 2040
f 2034 2033 2041
f 2035 2034 2042
f 2036 2035 2043
f 2037 2036 2044
f 2038 2037 2045
f 2031 2038 2046
f 2040 2039 2047
f 2041 2040 2048
f 2042 2041 2049
f 2043 2042 2050
f 2044 2043 2051
f 2045 2044 2052
f 2046 2045 2053
f 2039 2046 2054
f 2048 2047 2055
f 2049 2048 2056
f 2050 2049 2057
f 2051 2050 2058
f 2052 2051 2059
f 2053 2052 2060
f 2054 2053 2061
f 2047 2054 2062
f 2056 2055 2063
f 2057 2056 1961
f 2058 2057 1960
f 2059 2058 2064
f 2060 2059 2065
f 2061 2060 1959
f 2062 2061 1962
f 2055 2062 2066
f 2067 2068 2069
f 2070 2069 2071
f 2072 2071 2073
f 2074 2073 2075
f 2076 2075 2077
f 2078 2077 2079
f 2080 2079 2081
f 2082 2081 2068
f 2083 2084 2085
f 2087 2088 2089
f 2067 2070 2091
f 2082 2067 2092
f 2080 2082 2093
f 2078 2080 2094
f 2076 2078 2095
f 2074 2076 2096
f 2072 2074 2097
f 2070 2072 2098
f 2092 2091 2099
f 2093 2092 2085
f 2094 2093 2084
f 2095 2094 2100
f 2096 2095 2101
f 2097 2096 2083
f 2098 2097 2086
f 2091 2098 2102
f 2068 2081 2103
f 2069 2068 2104
f 2071 2069 2105
f 2073 2071 2106
f 2075 2073 2107
f 2077 2075 2108
f 2079 2077 2109
f 2081 2079 2110
f 2104 2103 2111
f 2105 2104 2112
f 2106 2105 2113
f 2107 2106 2114
f 2108 2107 2115
f 2109 2108 2116
f 2110 2109 2117
f 2103 2110 2118
f 2112 2111 2119
f 2113 2112 2120
f 2114 2113 2121
f 2115 2114 2122
f 2116 2115 2123
f 2117 2116 2124
f 2118 2117 2125
f 2111 2118 2126
f 2120 2119 2127
f 2121 2120 2128
f 2122 2121 2129
f 2123 2122 2130
f 2124 2123 2131
f 2125 2124 2132
f 2126 2125 2133
f 2119 2126 2134
f 2128 2127 2135
f 2129 2128 2136
f 2130 2129 2137
f 2131 2130 2138
f 2132 2131 2139
f 2133 2132 2140
f 2134 2133 2141
f 2127 2134 2142
f 2136 2135 2143
f 2137 2136 2144
f 2138 2137 2145
f 2139 2138 2146
f 2140 2139 2147
f 2141 2140 2148
f 2142 2141 2149
f 2135 2142 2150
f 2144 2143 2151
f 2145 2144 2152
f 2146 2145 2153
f 2147 2146 2154
f 2148 2147 2155
f 2149 2148 2156
f 2150 2149 2157
f 2143 2150 2158
f 2152 2151 2159
f 2153 2152 2160
f 2154 2153 2161
f 2155 2154 2162
f 2156 2155 2163
f 2157 2156 2164
f 2158 2157 2165
f 2151 2158 2166
f 2160 2159 2167
f 2161 2160 2168
f 2162 2161 2169
f 2163 2162 2170
f 2164 2163 2171
f 2165 2164 2172
f 2166 2165 2173
f 2159 2166 2174
f 2168 2167 2175
f 2169 2168 2176
f 2170 2169 2177
f 2171 2170 2178
f 2172 2171 2179
f 2173 2172 2180
f 2174 2173 2181
f 2167 2174 2182
f 2176 2175 2183
f 2177 2176 2184
f 2178 2177 2185
f 2179 2178 2186
f 2180 2179 2187
f 2181 2180 2188
f 2182 2181 2189
f 2175 2182 2190
f 2184 2183 2191
f 2185 2184 2089
f 2186 2185 2088
f 2187 2186 2192
f 2188 2187 2193
f 2189 2188 2087
f 2190 2189 2090
f 2183 2190 2194
f 1574 1558 1571
f 1573 1572 1555
f 1666 1562 1663
f 1665 1664 1559
f 1702 1686 1699
f 1701 1700 1683
f 1794 1690 1791
f 1793 1792 1687
f 1842 1814 1839
f 1841 1840 1811
f 1882 1870 1879
f 1881 1880 1867
f 1934 1902 1931
f 1933 1932 1899
f 1938 1906 1935
f 1937 1936 1903
f 1974 1958 1971
f 1973 1972 1955
f 2066 1962 2063
f 2065 2064 1959
f 2102 2086 2099
f 2101 2100 2083
f 2194 2090 2191
f 2193 2192 2087
f 1556 1555 1572
f 1558 1557 1571
f 1560 1559 1664
f 1562 1561 1663
f 1684 1683 1700
f 1686 1685 1699
f 1688 1687 1792
f 1690 1689 1791
f 1812 1811 1840
f 1814 1813 1839
f 1868 1867 1880
f 1870 1869 1879
f 1900 1899 1932
f 1902 1901 1931
f 1904 1903 1936
f 1906 1905 1935
f 1956 1955 1972
f 1958 1957 1971
f 1960 1959 2064
f 1962 1961 2063
f 2084 2083 2100
f 2086 2085 2099
f 2088 2087 2192
f 2090 2089 2191
f 2195 2196 2197
f 2196 2199 2200
f 2199 2201 2202
f 2201 2203 2204
f 2198 2197 2205
f 2197 2200 2207
f 2200 2202 2208
f 2202 2204 2209
f 2206 2205 2210
f 2205 2207 2212
f 2207 2208 2213
f 2208 2209 2214
f 2211 2210 2215
f 2210 2212 2217
f 2212 2213 2218
f 2213 2214 2219
f 2216 2215 2220
f 2215 2217 2222
f 2217 2218 2223
f 2218 2219 2224
f 2221 2220 2225
f 2220 2222 2227
f 2222 2223 2228
f 2223 2224 2229
f 2226 2225 2230
f 2225 2227 2232
f 2227 2228 2233
f 2228 2229 2234
f 2231 2230 2235
f 2230 2232 2237
f 2232 2233 2238
f 2233 2234 2239
f 2236 2235 2240
f 2235 2237 2242
f 2237 2238 2243
f 2238 2239 2244
f 2241 2240 2245
f 2240 2242 2247
f 2242 2243 2248
f 2243 2244 2249
f 2246 2245 2250
f 2245 2247 2252
f 2247 2248 2253
f 2248 2249 2254
f 2251 2250 2255
f 2250 2252 2257
f 2252 2253 2258
f 2253 2254 2259
f 2256 2255 2260
f 2255 2257 2262
f 2257 2258 2263
f 2258 2259 2264
f 2261 2260 2196
f 2260 2262 2199
f 2262 2263 2201
f 2263 2264 2203
f 2226 2246 2261
f 2265 2266 2203
f 2267 2265 2264
f 2268 2267 2259
f 2269 2268 2254
f 2270 2269 2249
f 2271 2270 2244
f 2272 2271 2239
f 2273 2272 2234
f 2274 2273 2229
f 2275 2274 2224
f 2276 2275 2219
f 2277 2276 2214
f 2278 2277 2209
f 2266 2278 2204
f 2279 2280 2281
f 2266 2265 2283
f 2278 2266 2284
f 2277 2278 2281
f 2276 2277 2285
f 2275 2276 2286
f 2274 2275 2280
f 2273 2274 2287
f 2272 2273 2288
f 2271 2272 2289
f 2270 2271 2279
f 2269 2270 2290
f 2268 2269 2282
f 2267 2268 2291
f 2265 2267 2292
f 2206 2211 2198
f 2221 2226 2216
f 2236 2241 2231
f 2251 2256 2246
f 2195 2198 2261
f 2211 2216 2198
f 2231 2241 2226
f 2256 2261 2246
f 2292 2291 2283
f 2290 2279 2282
f 2288 2287 2289
f 2286 2285 2280
f 2284 2283 2281
f 2291 2282 2283
f 2289 2287 2279
f 2285 2281 2280
f 2246 2226 2241
f 2216 2261 2198
f 2280 2279 2287
f 2282 2281 2283
f 2293 2294 2295
f 2296 2295 2297
f 2298 2297 2299
f 2300 2299 2301
f 2302 2301 2303
f 2304 2303 2305
f 2306 2305 2307
f 2308 2307 2294
f 2309 2310 2311
f 2313 2314 2315
f 2295 2294 2317
f 2294 2307 2319
f 2307 2305 2320
f 2305 2303 2321
f 2303 2301 2322
f 2301 2299 2323
f 2299 2297 2324
f 2297 2295 2318
f 2318 2317 2310
f 2317 2319 2311
f 2319 2320 2326
f 2320 2321 2327
f 2321 2322 2312
f 2322 2323 2309
f 2323 2324 2328
f 2324 2318 2325
f 2308 2293 2329
f 2293 2296 2331
f 2296 2298 2332
f 2298 2300 2333
f 2300 2302 2334
f 2302 2304 2335
f 2304 2306 2336
f 2306 2308 2330
f 2330 2329 2337
f 2329 2331 2339
f 2331 2332 2340
f 2332 2333 2341
f 2333 2334 2342
f 2334 2335 2343
f 2335 2336 2344
f 2336 2330 2338
f 2338 2337 2345
f 2337 2339 2347
f 2339 2340 2348
f 2340 2341 2349
f 2341 2342 2350
f 2342 2343 2351
f 2343 2344 2352
f 2344 2338 2346
f 2346 2345 2353
f 2345 2347 2355
f 2347 2348 2356
f 2348 2349 2357
f 2349 2350 2358
f 2350 2351 2359
f 2351 2352 2360
f 2352 2346 2354
f 2354 2353 2361
f 2353 2355 2363
f 2355 2356 2364
f 2356 2357 2365
f 2357 2358 2366
f 2358 2359 2367
f 2359 2360 2368
f 2360 2354 2362
f 2362 2361 2369
f 2361 2363 2371
f 2363 2364 2372
f 2364 2365 2373
f 2365 2366 2374
f 2366 2367 2375
f 2367 2368 2376
f 2368 2362 2370
f 2370 2369 2377
f 2369 2371 2379
f 2371 2372 2380
f 2372 2373 2381
f 2373 2374 2382
f 2374 2375 2383
f 2375 2376 2384
f 2376 2370 2378
f 2378 2377 2385
f 2377 2379 2387
f 2379 2380 2388
f 2380 2381 2389
f 2381 2382 2390
f 2382 2383 2391
f 2383 2384 2392
f 2384 2378 2386
f 2386 2385 2393
f 2385 2387 2395
f 2387 2388 2396
f 2388 2389 2397
f 2389 2390 2398
f 2390 2391 2399
f 2391 2392 2400
f 2392 2386 2394
f 2394 2393 2401
f 2393 2395 2403
f 2395 2396 2404
f 2396 2397 2405
f 2397 2398 2406
f 2398 2399 2407
f 2399 2400 2408
f 2400 2394 2402
f 2402 2401 2409
f 2401 2403 2411
f 2403 2404 2412
f 2404 2405 2413
f 2405 2406 2414
f 2406 2407 2415
f 2407 2408 2416
f 2408 2402 2410
f 2410 2409 2314
f 2409 2411 2315
f 2411 2412 2418
f 2412 2413 2419
f 2413 2414 2316
f 2414 2415 2313
f 2415 2416 2420
f 2416 2410 2417
f 2421 2422 2423
f 2424 2423 2425
f 2426 2425 2427
f 2428 2427 2429
f 2430 2429 2431
f 2432 2431 2433
f 2434 2433 2435
f 2436 2435 2422
f 2437 2438 2439
f 2441 2442 2443
f 2423 2422 2445
f 2422 2435 2447
f 2435 2433 2448
f 2433 2431 2449
f 2431 2429 2450
f 2429 2427 2451
f 2427 2425 2452
f 2425 2423 2446
f 2446 2445 2438
f 2445 2447 2439
f 2447 2448 2454
f 2448 2449 2455
f 2449 2450 2440
f 2450 2451 2437
f 2451 2452 2456
f 2452 2446 2453
f 2436 2421 2457
f 2421 2424 2459
f 2424 2426 2460
f 2426 2428 2461
f 2428 2430 2462
f 2430 2432 2463
f 2432 2434 2464
f 2434 2436 2458
f 2458 2457 2465
f 2457 2459 2467
f 2459 2460 2468
f 2460 2461 2469
f 2461 2462 2470
f 2462 2463 2471
f 2463 2464 2472
f 2464 2458 2466
f 2466 2465 2473
f 2465 2467 2475
f 2467 2468 2476
f 2468 2469 2477
f 2469 2470 2478
f 2470 2471 2479
f 2471 2472 2480
f 2472 2466 2474
f 2474 2473 2481
f 2473 2475 2483
f 2475 2476 2484
f 2476 2477 2485
f 2477 2478 2486
f 2478 2479 2487
f 2479 2480 2488
f 2480 2474 2482
f 2482 2481 2489
f 2481 2483 2491
f 2483 2484 2492
f 2484 2485 2493
f 2485 2486 2494
f 2486 2487 2495
f 2487 2488 2496
f 2488 2482 2490
f 2490 2489 2497
f 2489 2491 2499
f 2491 2492 2500
f 2492 2493 2501
f 2493 2494 2502
f 2494 2495 2503
f 2495 2496 2504
f 2496 2490 2498
f 2498 2497 2505
f 2497 2499 2507
f 2499 2500 2508
f 2500 2501 2509
f 2501 2502 2510
f 2502 2503 2511
f 2503 2504 2512
f 2504 2498 2506
f 2506 2505 2513
f 2505 2507 2515
f 2507 2508 2516
f 2508 2509 2517
f 2509 2510 2518
f 2510 2511 2519
f 2511 2512 2520
f 2512 2506 2514
f 2514 2513 2521
f 2513 2515 2523
f 2515 2516 2524
f 2516 2517 2525
f 2517 2518 2526
f 2518 2519 2527
f 2519 2520 2528
f 2520 2514 2522
f 2522 2521 2529
f 2521 2523 2531
f 2523 2524 2532
f 2524 2525 2533
f 2525 2526 2534
f 2526 2527 2535
f 2527 2528 2536
f 2528 2522 2530
f 2530 2529 2537
f 2529 2531 2539
f 2531 2532 2540
f 2532 2533 2541
f 2533 2534 2542
f 2534 2535 2543
f 2535 2536 2544
f 2536 2530 2538
f 2538 2537 2442
f 2537 2539 2443
f 2539 2540 2546
f 2540 2541 2547
f 2541 2542 2444
f 2542 2543 2441
f 2543 2544 2548
f 2544 2538 2545
f 2549 2550 2551
f 2552 2551 2553
f 2554 2553 2555
f 2556 2555 2557
f 2558 2557 2559
f 2560 2559 2561
f 2562 2561 2563
f 2564 2563 2550
f 2565 2566 2567
f 2551 2550 2569
f 2550 2563 2571
f 2563 2561 2572
f 2561 2559 2573
f 2559 2557 2574
f 2557 2555 2575
f 2555 2553 2576
f 2553 2551 2570
f 2570 2569 2577
f 2569 2571 2579
f 2571 2572 2580
f 2572 2573 2581
f 2573 2574 2582
f 2574 2575 2583
f 2575 2576 2584
f 2576 2570 2578
f 2578 2577 2585
f 2577 2579 2587
f 2579 2580 2588
f 2580 2581 2589
f 2581 2582 2590
f 2582 2583 2591
f 2583 2584 2592
f 2584 2578 2586
f 2586 2585 2566
f 2585 2587 2567
f 2587 2588 2594
f 2588 2589 2595
f 2589 2590 2568
f 2590 2591 2565
f 2591 2592 2596
f 2592 2586 2593
f 2564 2549 2597
f 2549 2552 2599
f 2552 2554 2600
f 2554 2556 2601
f 2556 2558 2602
f 2558 2560 2603
f 2560 2562 2604
f 2562 2564 2598
f 2598 2597 2605
f 2597 2599 2607
f 2599 2600 2608
f 2600 2601 2609
f 2601 2602 2610
f 2602 2603 2611
f 2603 2604 2612
f 2604 2598 2606
f 2612 2606 2613
f 2606 2605 2615
f 2605 2607 2616
f 2607 2608 2617
f 2608 2609 2618
f 2609 2610 2619
f 2610 2611 2620
f 2611 2612 2614
f 2621 2622 2623
f 2619 2620 2625
f 2620 2614 2627
f 2614 2613 2628
f 2613 2615 2629
f 2615 2616 2630
f 2616 2617 2631
f 2617 2618 2632
f 2618 2619 2626
f 2626 2625 2622
f 2625 2627 2623
f 2627 2628 2634
f 2628 2629 2635
f 2629 2630 2624
f 2630 2631 2621
f 2631 2632 2636
f 2632 2626 2633
f 2637 2638 2639
f 2640 2639 2641
f 2642 2641 2643
f 2644 2643 2645
f 2646 2645 2647
f 2648 2647 2649
f 2650 2649 2651
f 2652 2651 2638
f 2653 2654 2655
f 2657 2658 2659
f 2639 2638 2661
f 2638 2651 2663
f 2651 2649 2664
f 2649 2647 2665
f 2647 2645 2666
f 2645 2643 2667
f 2643 2641 2668
f 2641 2639 2662
f 2662 2661 2669
f 2661 2663 2671
f 2663 2664 2672
f 2664 2665 2673
f 2665 2666 2674
f 2666 2667 2675
f 2667 2668 2676
f 2668 2662 2670
f 2670 2669 2677
f 2669 2671 2679
f 2671 2672 2680
f 2672 2673 2681
f 2673 2674 2682
f 2674 2675 2683
f 2675 2676 2684
f 2676 2670 2678
f 2678 2677 2654
f 2677 2679 2655
f 2679 2680 2686
f 2680 2681 2687
f 2681 2682 2656
f 2682 2683 2653
f 2683 2684 2688
f 2684 2678 2685
f 2652 2637 2658
f 2637 2640 2659
f 2640 2642 2690
f 2642 2644 2691
f 2644 2646 2660
f 2646 2648 2657
f 2648 2650 2692
f 2650 2652 2689
f 2693 2694 2695
f 2696 2695 2697
f 2698 2697 2699
f 2700 2699 2701
f 2702 2701 2703
f 2704 2703 2705
f 2706 2705 2707
f 2708 2707 2694
f 2709 2710 2711
f 2713 2714 2715
f 2695 2694 2717
f 2694 2707 2719
f 2707 2705 2720
f 2705 2703 2721
f 2703 2701 2722
f 2701 2699 2723
f 2699 2697 2724
f 2697 2695 2718
f 2718 2717 2710
f 2717 2719 2711
f 2719 2720 2726
f 2720 2721 2727
f 2721 2722 2712
f 2722 2723 2709
f 2723 2724 2728
f 2724 2718 2725
f 2708 2693 2729
f 2693 2696 2731
f 2696 2698 2732
f 2698 2700 2733
f 2700 2702 2734
f 2702 2704 2735
f 2704 2706 2736
f 2706 2708 2730
f 2730 2729 2737
f 2729 2731 2739
f 2731 2732 2740
f 2732 2733 2741
f 2733 2734 2742
f 2734 2735 2743
f 2735 2736 2744
f 2736 2730 2738
f 2738 2737 2745
f 2737 2739 2747
f 2739 2740 2748
f 2740 2741 2749
f 2741 2742 2750
f 2742 2743 2751
f 2743 2744 2752
f 2744 2738 2746
f 2746 2745 2753
f 2745 2747 2755
f 2747 2748 2756
f 2748 2749 2757
f 2749 2750 2758
f 2750 2751 2759
f 2751 2752 2760
f 2752 2746 2754
f 2754 2753 2761
f 2753 2755 2763
f 2755 2756 2764
f 2756 2757 2765
f 2757 2758 2766
f 2758 2759 2767
f 2759 2760 2768
f 2760 2754 2762
f 2762 2761 2769
f 2761 2763 2771
f 2763 2764 2772
f 2764 2765 2773
f 2765 2766 2774
f 2766 2767 2775
f 2767 2768 2776
f 2768 2762 2770
f 2770 2769 2777
f 2769 2771 2779
f 2771 2772 2780
f 2772 2773 2781
f 2773 2774 2782
f 2774 2775 2783
f 2775 2776 2784
f 2776 2770 2778
f 2778 2777 2785
f 2777 2779 2787
f 2779 2780 2788
f 2780 2781 2789
f 2781 2782 2790
f 2782 2783 2791
f 2783 2784 2792
f 2784 2778 2786
f 2786 2785 2793
f 2785 2787 2795
f 2787 2788 2796
f 2788 2789 2797
f 2789 2790 2798
f 2790 2791 2799
f 2791 2792 2800
f 2792 2786 2794
f 2794 2793 2801
f 2793 2795 2803
f 2795 2796 2804
f 2796 2797 2805
f 2797 2798 2806
f 2798 2799 2807
f 2799 2800 2808
f 2800 2794 2802
f 2802 2801 2809
f 2801 2803 2811
f 2803 2804 2812
f 2804 2805 2813
f 2805 2806 2814
f 2806 2807 2815
f 2807 2808 2816
f 2808 2802 2810
f 2810 2809 2714
f 2809 2811 2715
f 2811 2812 2818
f 2812 2813 2819
f 2813 2814 2716
f 2814 2815 2713
f 2815 2816 2820
f 2816 2810 2817
f 2821 2822 2823
f 2824 2823 2825
f 2826 2825 2827
f 2828 2827 2829
f 2830 2829 2831
f 2832 2831 2833
f 2834 2833 2835
f 2836 2835 2822
f 2837 2838 2839
f 2841 2842 2843
f 2823 2822 2845
f 2822 2835 2847
f 2835 2833 2848
f 2833 2831 2849
f 2831 2829 2850
f 2829 2827 2851
f 2827 2825 2852
f 2825 2823 2846
f 2846 2845 2838
f 2845 2847 2839
f 2847 2848 2854
f 2848 2849 2855
f 2849 2850 2840
f 2850 2851 2837
f 2851 2852 2856
f 2852 2846 2853
f 2836 2821 2857
f 2821 2824 2859
f 2824 2826 2860
f 2826 2828 2861
f 2828 2830 2862
f 2830 2832 2863
f 2832 2834 2864
f 2834 2836 2858
f 2858 2857 2865
f 2857 2859 2867
f 2859 2860 2868
f 2860 2861 2869
f 2861 2862 2870
f 2862 2863 2871
f 2863 2864 2872
f 2864 2858 2866
f 2866 2865 2873
f 2865 2867 2875
f 2867 2868 2876
f 2868 2869 2877
f 2869 2870 2878
f 2870 2871 2879
f 2871 2872 2880
f 2872 2866 2874
f 2874 2873 2881
f 2873 2875 2883
f 2875 2876 2884
f 2876 2877 2885
f 2877 2878 2886
f 2878 2879 2887
f 2879 2880 2888
f 2880 2874 2882
f 2882 2881 2889
f 2881 2883 2891
f 2883 2884 2892
f 2884 2885 2893
f 2885 2886 2894
f 2886 2887 2895
f 2887 2888 2896
f 2888 2882 2890
f 2890 2889 2897
f 2889 2891 2899
f 2891 2892 2900
f 2892 2893 2901
f 2893 2894 2902
f 2894 2895 2903
f 2895 2896 2904
f 2896 2890 2898
f 2898 2897 2905
f 2897 2899 2907
f 2899 2900 2908
f 2900 2901 2909
f 2901 2902 2910
f 2902 2903 2911
f 2903 2904 2912
f 2904 2898 2906
f 2906 2905 2913
f 2905 2907 2915
f 2907 2908 2916
f 2908 2909 2917
f 2909 2910 2918
f 2910 2911 2919
f 2911 2912 2920
f 2912 2906 2914
f 2914 2913 2921
f 2913 2915 2923
f 2915 2916 2924
f 2916 2917 2925
f 2917 2918 2926
f 2918 2919 2927
f 2919 2920 2928
f 2920 2914 2922
f 2922 2921 2929
f 2921 2923 2931
f 2923 2924 2932
f 2924 2925 2933
f 2925 2926 2934
f 2926 2927 2935
f 2927 2928 2936
f 2928 2922 2930
f 2930 2929 2937
f 2929 2931 2939
f 2931 2932 2940
f 2932 2933 2941
f 2933 2934 2942
f 2934 2935 2943
f 2935 2936 2944
f 2936 2930 2938
f 2938 2937 2842
f 2937 2939 2843
f 2939 2940 2946
f 2940 2941 2947
f 2941 2942 2844
f 2942 2943 2841
f 2943 2944 2948
f 2944 2938 2945
f 2327 2312 2326
f 2328 2325 2309
f 2419 2316 2418
f 2420 2417 2313
f 2455 2440 2454
f 2456 2453 2437
f 2547 2444 2546
f 2548 2545 2441
f 2595 2568 2594
f 2596 2593 2565
f 2635 2624 2634
f 2636 2633 2621
f 2687 2656 2686
f 2688 2685 2653
f 2691 2660 2690
f 2692 2689 2657
f 2727 2712 2726
f 2728 2725 2709
f 2819 2716 2818
f 2820 2817 2713
f 2855 2840 2854
f 2856 2853 2837
f 2947 2844 2946
f 2948 2945 2841
f 2310 2309 2325
f 2312 2311 2326
f 2314 2313 2417
f 2316 2315 2418
f 2438 2437 2453
f 2440 2439 2454
f 2442 2441 2545
f 2444 2443 2546
f 2566 2565 2593
f 2568 2567 2594
f 2622 2621 2633
f 2624 2623 2634
f 2654 2653 2685
f 2656 2655 2686
f 2658 2657 2689
f 2660 2659 2690
f 2710 2709 2725
f 2712 2711 2726
f 2714 2713 2817
f 2716 2715 2818
f 2838 2837 2853
f 2840 2839 2854
f 2842 2841 2945
f 2844 2843 2946
f 2949 2950 2951
f 2952 2951 2953
f 2954 2953 2955
f 2956 2955 2957
f 2958 2957 2959
f 2960 2959 2961
f 2962 2961 2963
f 2964 2963 2950
f 2958 2964 2949
f 2957 2951 2950
f 2954 2956 2952
f 2960 2962 2958
f 2961 2959 2963
f 2955 2953 2957
f 2964 2958 2962
f 2956 2949 2952
f 2951 2957 2953
f 2959 2950 2963
f 2965 2966 2967
f 2969 2965 2968
f 2971 2969 2970
f 2973 2971 2972
f 2975 2973 2974
f 2977 2975 2976
f 2979 2977 2978
f 2981 2979 2980
f 2968 2967 2983
f 2970 2968 2984
f 2972 2970 2985
f 2974 2972 2986
f 2976 2974 2987
f 2978 2976 2988
f 2980 2978 2989
f 2982 2980 2990
f 2984 2983 2992
f 2985 2984 2993
f 2986 2985 2994
f 2987 2986 2995
f 2988 2987 2996
f 2989 2988 2997
f 2990 2989 2998
f 2991 2990 2999
f 2993 2992 3001
f 2994 2993 3002
f 2995 2994 3003
f 2996 2995 3004
f 2997 2996 3005
f 2998 2997 3006
f 2999 2998 3007
f 3000 2999 3008
f 3002 3001 3010
f 3003 3002 3011
f 3004 3003 3012
f 3005 3004 3013
f 3006 3005 3014
f 3007 3006 3015
f 3008 3007 3016
f 3009 3008 3017
f 3011 3010 3019
f 3012 3011 3020
f 3013 3012 3021
f 3014 3013 3022
f 3015 3014 3023
f 3016 3015 3024
f 3017 3016 3025
f 3018 3017 3026
f 3020 3019 3028
f 3021 3020 3029
f 3022 3021 3030
f 3023 3022 3031
f 3024 3023 3032
f 3025 3024 3033
f 3026 3025 3034
f 3027 3026 3035
f 3029 3028 3037
f 3030 3029 3038
f 3031 3030 3039
f 3032 3031 3040
f 3033 3032 3041
f 3034 3033 3042
f 3035 3034 3043
f 3036 3035 3044
f 3038 3037 3046
f 3039 3038 3047
f 3040 3039 3048
f 3041 3040 3049
f 3042 3041 3050
f 3043 3042 3051
f 3044 3043 3052
f 3045 3044 3053
f 3047 3046 2966
f 3048 3047 2965
f 3049 3048 2969
f 3050 3049 2971
f 3051 3050 2973
f 3052 3051 2975
f 3053 3052 2977
f 3054 3053 2979
f 2992 2966 3046
f 3036 2981 2982
f 3055 3056 3057
f 3056 3059 3060
f 3059 3061 3062
f 3061 3063 3064
f 3063 3065 3066
f 3065 3067 3068
f 3067 3069 3070
f 3069 3071 3072
f 3058 3057 3073
f 3057 3060 3075
f 3060 3062 3076
f 3062 3064 3077
f 3064 3066 3078
f 3066 3068 3079
f 3068 3070 3080
f 3070 3072 3081
f 3074 3073 3082
f 3073 3075 3084
f 3075 3076 3085
f 3076 3077 3086
f 3077 3078 3087
f 3078 3079 3088
f 3079 3080 3089
f 3080 3081 3090
f 3083 3082 3091
f 3082 3084 3093
f 3084 3085 3094
f 3085 3086 3095
f 3086 3087 3096
f 3087 3088 3097
f 3088 3089 3098
f 3089 3090 3099
f 3092 3091 3100
f 3091 3093 3102
f 3093 3094 3103
f 3094 3095 3104
f 3095 3096 3105
f 3096 3097 3106
f 3097 3098 3107
f 3098 3099 3108
f 3101 3100 3109
f 3100 3102 3111
f 3102 3103 3112
f 3103 3104 3113
f 3104 3105 3114
f 3105 3106 3115
f 3106 3107 3116
f 3107 3108 3117
f 3110 3109 3118
f 3109 3111 3120
f 3111 3112 3121
f 3112 3113 3122
f 3113 3114 3123
f 3114 3115 3124
f 3115 3116 3125
f 3116 3117 3126
f 3119 3118 3127
f 3118 3120 3129
f 3120 3121 3130
f 3121 3122 3131
f 3122 3123 3132
f 3123 3124 3133
f 3124 3125 3134
f 3125 3126 3135
f 3128 3127 3136
f 3127 3129 3138
f 3129 3130 3139
f 3130 3131 3140
f 3131 3132 3141
f 3132 3133 3142
f 3133 3134 3143
f 3134 3135 3144
f 3137 3136 3056
f 3136 3138 3059
f 3138 3139 3061
f 3139 3140 3063
f 3140 3141 3065
f 3141 3142 3067
f 3142 3143 3069
f 3143 3144 3071
f 3110 3137 3055
f 3099 3072 3071
f 3028 3019 3037
f 3001 2992 3010
f 2967 2966 2983
f 3037 3019 3046
f 3000 3009 2991
f 3027 3036 3018
f 3054 2981 3045
f 2991 3009 2982
f 3074 3083 3058
f 3101 3110 3092
f 3128 3137 3119
f 3058 3083 3055
f 3135 3126 3144
f 3108 3099 3117
f 3081 3072 3090
f 3144 3126 3071
f 2966 2992 2983
f 3010 3046 3019
f 2981 3036 3045
f 3018 2982 3009
f 3137 3110 3119
f 3092 3055 3083
f 3072 3099 3090
f 3117 3071 3126
f 1 3 4
f 2 6 3
f 5 8 6
f 7 10 8
f 9 12 10
f 11 14 12
f 13 16 14
f 4 17 18
f 3 19 17
f 6 20 19
f 8 21 20
f 10 22 21
f 12 23 22
f 14 24 23
f 18 25 26
f 17 27 25
f 19 28 27
f 20 29 28
f 21 30 29
f 22 31 30
f 23 32 31
f 26 33 34
f 35 15 36
f 37 31 32
f 39 34 33
f 41 43 44
f 45 29 30
f 38 30 31
f 46 28 29
f 47 27 28
f 4 40 49
f 51 55 53
f 54 57 55
f 58 60 61
f 56 61 57
f 62 52 63
f 59 36 60
f 64 63 52
f 66 60 36
f 67 61 60
f 68 57 61
f 69 55 57
f 70 53 55
f 71 64 53
f 72 65 64
f 74 67 66
f 75 68 67
f 76 69 68
f 77 70 69
f 78 71 70
f 79 72 71
f 80 73 72
f 15 75 74
f 13 76 75
f 11 77 76
f 9 78 77
f 7 79 78
f 5 80 79
f 2 49 80
f 35 81 82
f 37 82 83
f 38 83 84
f 45 84 85
f 46 85 86
f 47 86 87
f 48 87 88
f 39 88 89
f 40 89 90
f 62 90 91
f 50 91 92
f 51 92 93
f 54 93 94
f 56 94 95
f 58 95 96
f 59 96 81
f 82 97 98
f 83 98 99
f 84 99 100
f 85 100 101
f 86 101 102
f 87 102 103
f 88 103 104
f 89 104 105
f 90 105 106
f 44 90 107
f 92 108 109
f 93 109 110
f 94 110 111
f 95 111 112
f 96 112 113
f 81 113 97
f 98 114 115
f 99 115 116
f 100 116 117
f 101 117 118
f 102 118 119
f 103 119 120
f 104 120 121
f 105 121 122
f 106 122 123
f 109 124 125
f 110 125 126
f 111 126 127
f 112 127 128
f 113 128 129
f 97 129 114
f 115 130 43
f 116 43 131
f 117 131 132
f 118 132 42
f 119 42 133
f 120 133 134
f 121 134 135
f 122 135 41
f 123 41 107
f 125 44 136
f 126 136 137
f 127 137 138
f 128 138 139
f 129 139 140
f 114 140 130
f 141 143 144
f 142 146 143
f 145 148 146
f 147 150 148
f 149 152 150
f 151 154 152
f 153 156 154
f 155 158 156
f 157 160 158
f 159 162 160
f 161 164 162
f 163 166 164
f 165 168 166
f 167 170 168
f 169 172 170
f 171 174 172
f 173 176 174
f 175 178 176
f 144 179 180
f 143 181 179
f 146 182 181
f 148 183 182
f 150 184 183
f 152 185 184
f 154 186 185
f 156 187 186
f 158 188 187
f 160 189 188
f 162 190 189
f 164 191 190
f 166 192 191
f 168 193 192
f 170 194 193
f 172 195 194
f 174 196 195
f 176 197 196
f 180 198 199
f 179 200 198
f 181 201 200
f 182 202 201
f 183 203 202
f 184 204 203
f 185 205 204
f 186 206 205
f 187 207 206
f 188 208 207
f 189 209 208
f 190 210 209
f 191 211 210
f 192 212 211
f 193 213 212
f 194 214 213
f 195 215 214
f 196 216 215
f 199 217 218
f 198 219 217
f 200 220 219
f 201 221 220
f 202 222 221
f 203 223 222
f 204 224 223
f 205 225 224
f 206 226 225
f 207 227 226
f 208 228 227
f 209 229 228
f 210 230 229
f 211 231 230
f 212 232 231
f 213 233 232
f 214 234 233
f 215 235 234
f 218 236 237
f 217 238 236
f 219 239 238
f 220 240 239
f 221 241 240
f 222 242 241
f 223 243 242
f 224 244 243
f 225 245 244
f 226 246 245
f 227 247 246
f 228 248 247
f 229 249 248
f 230 250 249
f 231 251 250
f 232 252 251
f 233 253 252
f 234 254 253
f 237 255 256
f 236 257 255
f 238 258 257
f 239 259 258
f 240 260 259
f 241 261 260
f 242 262 261
f 243 263 262
f 244 264 263
f 245 265 264
f 246 266 265
f 247 267 266
f 248 268 267
f 249 269 268
f 250 270 269
f 251 271 270
f 252 272 271
f 253 273 272
f 256 274 275
f 255 276 274
f 257 277 276
f 258 278 277
f 259 279 278
f 260 280 279
f 261 281 280
f 262 282 281
f 263 283 282
f 264 284 283
f 265 285 284
f 266 286 285
f 267 287 286
f 268 288 287
f 269 289 288
f 270 290 289
f 271 291 290
f 272 292 291
f 275 293 294
f 274 295 293
f 276 296 295
f 277 297 296
f 278 298 297
f 279 299 298
f 280 300 299
f 281 301 300
f 282 302 301
f 283 303 302
f 284 304 303
f 285 305 304
f 286 306 305
f 287 307 306
f 288 308 307
f 289 309 308
f 290 310 309
f 291 311 310
f 294 312 313
f 293 314 312
f 295 315 314
f 296 316 315
f 297 317 316
f 298 318 317
f 299 319 318
f 300 320 319
f 301 321 320
f 302 322 321
f 303 323 322
f 304 324 323
f 305 325 324
f 306 326 325
f 307 327 326
f 308 328 327
f 309 329 328
f 310 330 329
f 313 331 332
f 312 333 331
f 314 334 333
f 315 335 334
f 316 336 335
f 317 337 336
f 318 338 337
f 319 339 338
f 320 340 339
f 321 341 340
f 322 342 341
f 323 343 342
f 324 344 343
f 325 345 344
f 326 346 345
f 327 347 346
f 328 348 347
f 329 349 348
f 332 350 351
f 331 352 350
f 333 353 352
f 334 354 353
f 335 355 354
f 336 356 355
f 337 357 356
f 338 358 357
f 339 359 358
f 340 360 359
f 341 361 360
f 342 362 361
f 343 363 362
f 344 364 363
f 345 365 364
f 346 366 365
f 347 367 366
f 348 368 367
f 351 369 370
f 350 371 369
f 352 372 371
f 353 373 372
f 354 374 373
f 355 375 374
f 356 376 375
f 357 377 376
f 358 378 377
f 359 379 378
f 360 380 379
f 361 381 380
f 362 382 381
f 368 177 383
f 144 370 384
f 385 367 368
f 386 366 367
f 387 365 366
f 388 364 365
f 389 363 364
f 382 390 391
f 389 392 390
f 388 393 392
f 387 394 393
f 386 395 394
f 391 381 382
f 396 380 381
f 397 379 380
f 398 378 379
f 399 377 378
f 400 376 377
f 401 375 376
f 402 374 375
f 403 373 374
f 404 372 373
f 405 371 372
f 406 369 371
f 407 370 369
f 383 394 395
f 409 393 394
f 410 392 393
f 411 390 392
f 412 391 390
f 413 396 391
f 414 397 396
f 415 398 397
f 416 399 398
f 417 400 399
f 418 401 400
f 419 402 401
f 420 403 402
f 421 404 403
f 422 405 404
f 423 406 405
f 424 407 406
f 425 408 407
f 427 409 383
f 428 410 409
f 429 411 410
f 430 412 411
f 431 413 412
f 432 414 413
f 433 415 414
f 434 416 415
f 435 417 416
f 436 418 417
f 437 419 418
f 438 420 419
f 439 421 420
f 440 422 421
f 441 423 422
f 442 424 423
f 443 425 424
f 444 426 425
f 446 428 427
f 447 429 428
f 448 430 429
f 449 431 430
f 450 432 431
f 451 433 432
f 452 434 433
f 453 435 434
f 454 436 435
f 455 437 436
f 456 438 437
f 457 439 438
f 458 440 439
f 459 441 440
f 460 442 441
f 461 443 442
f 462 444 443
f 463 445 444
f 465 447 446
f 466 448 447
f 467 449 448
f 468 450 449
f 469 451 450
f 470 452 451
f 471 453 452
f 472 454 453
f 473 455 454
f 474 456 455
f 475 457 456
f 476 458 457
f 477 459 458
f 478 460 459
f 479 461 460
f 480 462 461
f 481 463 462
f 482 464 463
f 484 466 465
f 485 467 466
f 486 468 467
f 487 469 468
f 488 470 469
f 489 471 470
f 490 472 471
f 491 473 472
f 492 474 473
f 493 475 474
f 494 476 475
f 495 477 476
f 496 478 477
f 497 479 478
f 498 480 479
f 499 481 480
f 500 482 481
f 501 483 482
f 503 485 484
f 504 486 485
f 505 487 486
f 506 488 487
f 507 489 488
f 508 490 489
f 509 491 490
f 510 492 491
f 511 493 492
f 512 494 493
f 513 495 494
f 514 496 495
f 515 497 496
f 516 498 497
f 517 499 498
f 518 500 499
f 519 501 500
f 520 502 501
f 522 504 503
f 523 505 504
f 524 506 505
f 525 507 506
f 526 508 507
f 527 509 508
f 528 510 509
f 529 511 510
f 530 512 511
f 531 513 512
f 532 514 513
f 533 515 514
f 534 516 515
f 535 517 516
f 536 518 517
f 537 519 518
f 538 520 519
f 539 521 520
f 541 523 522
f 542 524 523
f 543 525 524
f 544 526 525
f 545 527 526
f 546 528 527
f 547 529 528
f 548 530 529
f 549 531 530
f 550 532 531
f 551 533 532
f 552 534 533
f 553 535 534
f 554 536 535
f 555 537 536
f 556 538 537
f 557 539 538
f 558 540 539
f 560 542 541
f 561 543 542
f 562 544 543
f 563 545 544
f 564 546 545
f 565 547 546
f 566 548 547
f 567 549 548
f 568 550 549
f 569 551 550
f 570 552 551
f 571 553 552
f 572 554 553
f 573 555 554
f 574 556 555
f 575 557 556
f 576 558 557
f 577 559 558
f 578 561 560
f 579 562 561
f 580 563 562
f 581 564 563
f 582 565 564
f 583 566 565
f 584 567 566
f 585 568 567
f 586 569 568
f 587 570 569
f 588 571 570
f 589 572 571
f 590 573 572
f 591 574 573
f 592 575 574
f 593 576 575
f 594 577 576
f 595 384 577
f 177 579 578
f 175 580 579
f 173 581 580
f 171 582 581
f 169 583 582
f 167 584 583
f 165 585 584
f 163 586 585
f 161 587 586
f 159 588 587
f 157 589 588
f 155 590 589
f 153 591 590
f 151 592 591
f 149 593 592
f 147 594 593
f 145 595 594
f 142 596 595
f 597 599 600
f 601 600 602
f 603 602 604
f 605 604 606
f 607 606 608
f 609 608 610
f 611 610 612
f 613 612 614
f 615 614 616
f 617 616 618
f 619 618 620
f 621 620 622
f 600 623 624
f 602 624 625
f 604 625 626
f 606 626 627
f 608 627 628
f 610 628 629
f 612 629 630
f 614 630 631
f 616 631 632
f 618 632 633
f 620 633 634
f 622 634 635
f 624 636 637
f 625 637 638
f 626 638 639
f 627 639 640
f 628 640 641
f 629 641 642
f 630 642 643
f 631 643 644
f 632 644 645
f 633 645 646
f 634 646 647
f 635 647 648
f 637 649 650
f 638 650 651
f 639 651 652
f 640 652 653
f 641 653 654
f 642 654 655
f 643 655 656
f 644 656 657
f 645 657 658
f 646 658 659
f 647 659 660
f 648 660 661
f 650 662 663
f 651 663 664
f 652 664 665
f 653 665 666
f 654 666 667
f 655 667 668
f 656 668 669
f 657 669 670
f 658 670 671
f 659 671 672
f 660 672 673
f 661 673 674
f 663 675 676
f 664 676 677
f 665 677 678
f 666 678 679
f 667 679 680
f 668 680 681
f 669 681 682
f 670 682 683
f 671 683 684
f 672 684 685
f 673 685 686
f 674 686 687
f 676 688 689
f 677 689 690
f 678 690 691
f 679 691 692
f 680 692 693
f 681 693 694
f 682 694 695
f 683 695 696
f 684 696 697
f 685 697 698
f 686 698 699
f 687 699 700
f 689 701 702
f 690 702 703
f 691 703 704
f 692 704 705
f 693 705 706
f 694 706 707
f 695 707 708
f 696 708 709
f 697 709 710
f 698 710 711
f 699 711 712
f 700 712 713
f 702 714 715
f 703 715 716
f 704 716 717
f 705 717 718
f 706 718 719
f 707 719 720
f 708 720 721
f 709 721 722
f 710 722 723
f 711 723 724
f 712 724 725
f 713 725 726
f 623 701 649
f 687 621 661
f 617 727 728
f 619 729 727
f 621 730 729
f 726 731 730
f 725 732 731
f 724 733 732
f 723 734 733
f 722 735 734
f 721 736 735
f 720 737 736
f 719 738 737
f 718 739 738
f 717 740 739
f 716 741 740
f 715 742 741
f 714 743 742
f 598 744 743
f 597 745 744
f 601 746 745
f 603 747 746
f 605 748 747
f 607 749 748
f 609 750 749
f 611 751 750
f 613 752 751
f 615 728 752
f 746 728 738
f 753 755 756
f 754 758 755
f 757 760 758
f 759 762 760
f 761 764 762
f 763 766 764
f 765 768 766
f 767 770 768
f 769 772 770
f 771 774 772
f 773 776 774
f 775 778 776
f 756 779 780
f 755 781 779
f 758 782 781
f 760 783 782
f 762 784 783
f 764 785 784
f 766 786 785
f 768 787 786
f 770 788 787
f 772 789 788
f 774 790 789
f 776 791 790
f 780 792 793
f 779 794 792
f 781 795 794
f 782 796 795
f 783 797 796
f 784 798 797
f 785 799 798
f 786 800 799
f 787 801 800
f 788 802 801
f 789 803 802
f 790 804 803
f 793 805 806
f 792 807 805
f 794 808 807
f 795 809 808
f 796 810 809
f 797 811 810
f 798 812 811
f 799 813 812
f 800 814 813
f 801 815 814
f 802 816 815
f 803 817 816
f 806 818 819
f 805 820 818
f 807 821 820
f 808 822 821
f 809 823 822
f 810 824 823
f 811 825 824
f 812 826 825
f 813 827 826
f 814 828 827
f 815 829 828
f 816 830 829
f 819 831 832
f 818 833 831
f 820 834 833
f 821 835 834
f 822 836 835
f 823 837 836
f 824 838 837
f 825 839 838
f 826 840 839
f 827 841 840
f 828 842 841
f 829 843 842
f 832 844 845
f 831 846 844
f 833 847 846
f 834 848 847
f 835 849 848
f 836 850 849
f 837 851 850
f 838 852 851
f 839 853 852
f 840 854 853
f 841 855 854
f 842 856 855
f 845 857 858
f 844 859 857
f 846 860 859
f 847 861 860
f 848 862 861
f 849 863 862
f 850 864 863
f 851 865 864
f 852 866 865
f 853 867 866
f 854 868 867
f 855 869 868
f 858 870 871
f 857 872 870
f 859 873 872
f 860 874 873
f 861 875 874
f 862 876 875
f 863 877 876
f 864 878 877
f 865 879 878
f 866 880 879
f 867 881 880
f 868 882 881
f 819 871 793
f 804 882 830
f 775 883 884
f 777 884 885
f 882 885 886
f 881 886 887
f 880 887 888
f 879 888 889
f 878 889 890
f 877 890 891
f 876 891 892
f 875 892 893
f 874 893 894
f 873 894 895
f 872 895 896
f 870 896 897
f 871 897 898
f 753 898 899
f 754 899 900
f 757 900 901
f 759 901 902
f 761 902 903
f 763 903 904
f 765 904 905
f 767 905 906
f 769 906 907
f 771 907 908
f 773 908 883
f 896 887 900
f 909 911 912
f 913 915 916
f 914 918 915
f 917 920 918
f 919 922 920
f 921 924 922
f 923 926 924
f 925 928 926
f 927 916 928
f 916 929 930
f 915 931 929
f 918 932 931
f 920 933 932
f 922 934 933
f 924 935 934
f 926 936 935
f 928 930 936
f 930 910 937
f 929 911 910
f 931 938 911
f 932 939 938
f 933 912 939
f 934 909 912
f 935 940 909
f 936 937 940
f 941 943 944
f 945 947 948
f 949 948 950
f 951 950 952
f 953 952 954
f 955 954 956
f 957 956 958
f 959 958 960
f 946 960 947
f 948 961 962
f 950 962 963
f 952 963 964
f 954 964 965
f 956 965 966
f 958 966 967
f 960 967 968
f 947 968 961
f 962 969 943
f 963 943 942
f 964 942 970
f 965 970 971
f 966 971 941
f 967 941 944
f 968 944 972
f 961 972 969
f 973 975 976
f 976 977 978
f 978 979 980
f 980 981 982
f 982 983 984
f 984 985 986
f 986 987 988
f 988 974 973
f 989 991 992
f 988 993 994
f 973 995 993
f 976 996 995
f 978 997 996
f 980 998 997
f 982 999 998
f 984 1000 999
f 986 994 1000
f 994 1001 1002
f 993 1003 1001
f 995 1004 1003
f 996 1005 1004
f 997 1006 1005
f 998 1007 1006
f 999 1008 1007
f 1000 1002 1008
f 1002 1009 1010
f 1001 1011 1009
f 1003 1012 1011
f 1004 1013 1012
f 1005 1014 1013
f 1006 1015 1014
f 1007 1016 1015
f 1008 1010 1016
f 1010 914 913
f 1009 917 914
f 1011 919 917
f 1012 921 919
f 1013 923 921
f 1014 925 923
f 1015 927 925
f 1016 913 927
f 975 990 1017
f 974 991 990
f 987 1018 991
f 985 1019 1018
f 983 992 1019
f 981 989 992
f 979 1020 989
f 977 1017 1020
f 1021 1023 1024
f 1024 1025 1026
f 1026 1027 1028
f 1028 1029 1030
f 1030 1031 1032
f 1032 1033 1034
f 1034 1035 1036
f 1036 1022 1021
f 1037 1039 1040
f 1022 1041 1042
f 1023 1042 1043
f 1025 1043 1044
f 1027 1044 1045
f 1029 1045 1046
f 1031 1046 1047
f 1033 1047 1048
f 1035 1048 1041
f 1042 1049 1050
f 1043 1050 1051
f 1044 1051 1052
f 1045 1052 1053
f 1046 1053 1054
f 1047 1054 1055
f 1048 1055 1056
f 1041 1056 1049
f 1050 1057 1058
f 1051 1058 1059
f 1052 1059 1060
f 1053 1060 1061
f 1054 1061 1062
f 1055 1062 1063
f 1056 1063 1064
f 1049 1064 1057
f 1058 946 945
f 1059 945 949
f 1060 949 951
f 1061 951 953
f 1062 953 955
f 1063 955 957
f 1064 957 959
f 1057 959 946
f 1021 1065 1039
f 1036 1039 1038
f 1034 1038 1066
f 1032 1066 1067
f 1030 1067 1037
f 1028 1037 1040
f 1026 1040 1068
f 1024 1068 1065
f 1069 1071 1072
f 1073 1075 1076
f 1077 1073 1076
f 1078 1080 1073
f 1079 1082 1080
f 1081 1084 1082
f 1083 1074 1084
f 1085 1075 1074
f 1086 1088 1075
f 1087 1090 1088
f 1089 1091 1090
f 1069 1092 1091
f 1072 1093 1092
f 1071 1094 1093
f 1070 1096 1094
f 1095 1076 1096
f 1093 1091 1092
f 1096 1090 1094
f 1076 1088 1096
f 1084 1080 1082
f 1095 1086 1077
f 1087 1070 1089
f 1079 1083 1081
f 1085 1077 1086
f 1097 1099 1100
f 1101 1103 1104
f 1105 1103 1102
f 1107 1102 1108
f 1109 1108 1110
f 1111 1110 1112
f 1113 1112 1101
f 1114 1101 1104
f 1115 1104 1116
f 1098 1116 1117
f 1099 1117 1118
f 1100 1118 1119
f 1097 1119 1120
f 1121 1120 1122
f 1123 1122 1124
f 1106 1124 1103
f 1118 1120 1119
f 1116 1122 1117
f 1104 1124 1116
f 1108 1112 1110
f 1115 1106 1114
f 1123 1098 1121
f 1111 1107 1109
f 1105 1114 1106
f 1125 1127 1128
f 1129 1131 1132
f 1133 1129 1132
f 1134 1136 1129
f 1135 1138 1136
f 1137 1140 1138
f 1139 1130 1140
f 1141 1131 1130
f 1142 1144 1131
f 1143 1146 1144
f 1145 1147 1146
f 1125 1148 1147
f 1128 1149 1148
f 1127 1150 1149
f 1126 1152 1150
f 1151 1132 1152
f 1149 1147 1148
f 1152 1146 1150
f 1132 1144 1152
f 1140 1136 1138
f 1151 1142 1133
f 1143 1126 1145
f 1135 1139 1137
f 1141 1133 1142
f 1153 1155 1156
f 1157 1159 1160
f 1161 1159 1158
f 1163 1158 1164
f 1165 1164 1166
f 1167 1166 1168
f 1169 1168 1157
f 1170 1157 1160
f 1171 1160 1172
f 1154 1172 1173
f 1155 1173 1174
f 1156 1174 1175
f 1153 1175 1176
f 1177 1176 1178
f 1179 1178 1180
f 1162 1180 1159
f 1174 1176 1175
f 1172 1178 1173
f 1160 1180 1172
f 1164 1168 1166
f 1171 1162 1170
f 1179 1154 1177
f 1167 1163 1165
f 1161 1170 1162
f 1181 1183 1184
f 1185 1187 1188
f 1189 1185 1188
f 1190 1192 1185
f 1191 1194 1192
f 1193 1196 1194
f 1195 1186 1196
f 1197 1187 1186
f 1198 1200 1187
f 1199 1202 1200
f 1201 1203 1202
f 1181 1204 1203
f 1184 1205 1204
f 1183 1206 1205
f 1182 1208 1206
f 1207 1188 1208
f 1205 1203 1204
f 1208 1202 1206
f 1188 1200 1208
f 1196 1192 1194
f 1207 1198 1189
f 1199 1182 1201
f 1191 1195 1193
f 1197 1189 1198
f 1209 1211 1212
f 1213 1215 1216
f 1217 1215 1214
f 1219 1214 1220
f 1221 1220 1222
f 1223 1222 1224
f 1225 1224 1213
f 1226 1213 1216
f 1227 1216 1228
f 1210 1228 1229
f 1211 1229 1230
f 1212 1230 1231
f 1209 1231 1232
f 1233 1232 1234
f 1235 1234 1236
f 1218 1236 1215
f 1230 1232 1231
f 1228 1234 1229
f 1216 1236 1228
f 1220 1224 1222
f 1227 1218 1226
f 1235 1210 1233
f 1223 1219 1221
f 1217 1226 1218
f 1237 1239 1240
f 1241 1243 1244
f 1245 1241 1244
f 1246 1248 1241
f 1247 1250 1248
f 1249 1252 1250
f 1251 1242 1252
f 1253 1243 1242
f 1254 1256 1243
f 1255 1258 1256
f 1257 1259 1258
f 1237 1260 1259
f 1240 1261 1260
f 1239 1262 1261
f 1238 1264 1262
f 1263 1244 1264
f 1261 1259 1260
f 1264 1258 1262
f 1244 1256 1264
f 1252 1248 1250
f 1263 1254 1245
f 1255 1238 1257
f 1247 1251 1249
f 1253 1245 1254
f 1265 1267 1268
f 1269 1271 1272
f 1273 1271 1270
f 1275 1270 1276
f 1277 1276 1278
f 1279 1278 1280
f 1281 1280 1269
f 1282 1269 1272
f 1283 1272 1284
f 1266 1284 1285
f 1267 1285 1286
f 1268 1286 1287
f 1265 1287 1288
f 1289 1288 1290
f 1291 1290 1292
f 1274 1292 1271
f 1286 1288 1287
f 1284 1290 1285
f 1272 1292 1284
f 1276 1280 1278
f 1283 1274 1282
f 1291 1266 1289
f 1279 1275 1277
f 1273 1282 1274
f 1293 1295 1296
f 1294 1298 1295
f 1297 1300 1298
f 1299 1302 1300
f 1301 1304 1302
f 1303 1306 1304
f 1305 1308 1306
f 1307 1310 1308
f 1296 1311 1312
f 1295 1313 1311
f 1298 1314 1313
f 1300 1315 1314
f 1302 1316 1315
f 1304 1317 1316
f 1306 1318 1317
f 1308 1319 1318
f 1312 1320 1321
f 1311 1323 1320
f 1322 1325 1323
f 1324 1327 1325
f 1316 1329 1330
f 1317 1331 1329
f 1318 1332 1331
f 1319 1334 1332
f 1321 1335 1336
f 1320 1337 1335
f 1323 1338 1337
f 1325 1339 1338
f 1329 1342 1343
f 1331 1344 1342
f 1332 1345 1344
f 1336 1346 1347
f 1335 1348 1346
f 1337 1349 1348
f 1338 1350 1349
f 1339 1351 1350
f 1340 1352 1351
f 1343 1353 1354
f 1342 1355 1353
f 1344 1356 1355
f 1347 1357 1358
f 1346 1359 1357
f 1348 1360 1359
f 1349 1361 1360
f 1354 1362 1363
f 1353 1364 1362
f 1355 1365 1364
f 1358 1366 1367
f 1357 1368 1366
f 1359 1369 1368
f 1360 1370 1369
f 1361 1372 1370
f 1371 1373 1372
f 1363 1374 1373
f 1362 1375 1374
f 1364 1376 1375
f 1367 1377 1378
f 1366 1379 1377
f 1368 1380 1379
f 1369 1381 1380
f 1370 1382 1381
f 1372 1383 1382
f 1373 1384 1383
f 1374 1385 1384
f 1378 1386 1387
f 1377 1388 1386
f 1379 1389 1388
f 1380 1390 1389
f 1381 1391 1390
f 1382 1392 1391
f 1383 1393 1392
f 1384 1394 1393
f 1345 1376 1356
f 1395 1397 1398
f 1387 1400 1378
f 1367 1400 1401
f 1358 1401 1402
f 1347 1402 1403
f 1336 1403 1404
f 1321 1404 1405
f 1312 1405 1406
f 1296 1406 1407
f 1293 1407 1408
f 1399 1410 1400
f 1401 1410 1411
f 1402 1411 1412
f 1403 1412 1413
f 1404 1413 1414
f 1405 1414 1415
f 1406 1415 1416
f 1407 1416 1417
f 1408 1417 1418
f 1409 1396 1410
f 1411 1396 1420
f 1412 1420 1395
f 1413 1395 1421
f 1414 1421 1398
f 1415 1398 1422
f 1416 1422 1423
f 1417 1423 1424
f 1418 1424 1397
f 1371 1354 1363
f 1425 1343 1354
f 1426 1329 1343
f 1361 1425 1371
f 1427 1426 1425
f 1428 1330 1426
f 1328 1316 1330
f 1352 1428 1427
f 1341 1328 1428
f 1326 1314 1315
f 1324 1313 1314
f 1433 1437 1434
f 1436 1439 1437
f 1441 1443 1440
f 1442 1445 1443
f 1439 1447 1448
f 1440 1449 1447
f 1443 1450 1449
f 1445 1451 1450
f 1447 1452 1453
f 1449 1454 1452
f 1450 1455 1454
f 1456 1397 1457
f 1458 1457 1459
f 1460 1459 1461
f 1462 1461 1463
f 1464 1463 1465
f 1466 1465 1467
f 1468 1467 1469
f 1470 1469 1471
f 1419 1470 1471
f 1472 1418 1456
f 1473 1456 1458
f 1474 1458 1460
f 1475 1460 1462
f 1476 1462 1464
f 1477 1464 1466
f 1478 1466 1468
f 1479 1468 1470
f 1409 1479 1470
f 1480 1408 1472
f 1481 1472 1473
f 1482 1473 1474
f 1483 1474 1475
f 1484 1475 1476
f 1485 1476 1477
f 1486 1477 1478
f 1487 1478 1479
f 1399 1487 1479
f 1461 1419 1467
f 1488 1333 1489
f 1430 1393 1394
f 1490 1392 1393
f 1491 1391 1392
f 1492 1390 1391
f 1493 1389 1390
f 1494 1388 1389
f 1495 1386 1388
f 1496 1387 1386
f 1432 1490 1430
f 1497 1491 1490
f 1498 1492 1491
f 1499 1493 1492
f 1500 1494 1493
f 1501 1495 1494
f 1502 1496 1495
f 1503 1487 1496
f 1504 1432 1376
f 1505 1497 1432
f 1506 1498 1497
f 1455 1499 1498
f 1451 1500 1499
f 1446 1501 1500
f 1507 1502 1501
f 1508 1503 1502
f 1509 1486 1503
f 1488 1505 1504
f 1510 1506 1505
f 1511 1455 1506
f 1513 1507 1446
f 1514 1508 1507
f 1515 1509 1508
f 1516 1485 1509
f 1489 1510 1488
f 1517 1511 1510
f 1518 1454 1511
f 1442 1512 1444
f 1519 1513 1512
f 1520 1514 1513
f 1521 1515 1514
f 1522 1516 1515
f 1523 1484 1516
f 1524 1517 1489
f 1525 1518 1517
f 1526 1452 1518
f 1441 1521 1520
f 1527 1522 1521
f 1528 1523 1522
f 1529 1483 1523
f 1333 1525 1524
f 1431 1526 1525
f 1530 1453 1526
f 1531 1447 1453
f 1438 1527 1441
f 1436 1528 1527
f 1433 1529 1528
f 1435 1482 1529
f 1429 1530 1431
f 1532 1531 1530
f 1533 1448 1531
f 1534 1439 1448
f 1535 1437 1439
f 1536 1434 1437
f 1537 1435 1434
f 1538 1481 1435
f 1309 1532 1429
f 1307 1533 1532
f 1305 1534 1533
f 1303 1535 1534
f 1301 1536 1535
f 1299 1537 1536
f 1297 1538 1537
f 1294 1480 1538
f 1539 1541 1542
f 1542 1543 1544
f 1544 1545 1546
f 1546 1547 1548
f 1548 1549 1550
f 1550 1551 1552
f 1552 1553 1554
f 1554 1540 1539
f 1555 1557 1558
f 1559 1561 1562
f 1539 1563 1564
f 1554 1564 1565
f 1552 1565 1566
f 1550 1566 1567
f 1548 1567 1568
f 1546 1568 1569
f 1544 1569 1570
f 1542 1570 1563
f 1564 1571 1557
f 1565 1557 1556
f 1566 1556 1572
f 1567 1572 1573
f 1568 1573 1555
f 1569 1555 1558
f 1570 1558 1574
f 1563 1574 1571
f 1540 1575 1576
f 1541 1576 1577
f 1543 1577 1578
f 1545 1578 1579
f 1547 1579 1580
f 1549 1580 1581
f 1551 1581 1582
f 1553 1582 1575
f 1576 1583 1584
f 1577 1584 1585
f 1578 1585 1586
f 1579 1586 1587
f 1580 1587 1588
f 1581 1588 1589
f 1582 1589 1590
f 1575 1590 1583
f 1584 1591 1592
f 1585 1592 1593
f 1586 1593 1594
f 1587 1594 1595
f 1588 1595 1596
f 1589 1596 1597
f 1590 1597 1598
f 1583 1598 1591
f 1592 1599 1600
f 1593 1600 1601
f 1594 1601 1602
f 1595 1602 1603
f 1596 1603 1604
f 1597 1604 1605
f 1598 1605 1606
f 1591 1606 1599
f 1600 1607 1608
f 1601 1608 1609
f 1602 1609 1610
f 1603 1610 1611
f 1604 1611 1612
f 1605 1612 1613
f 1606 1613 1614
f 1599 1614 1607
f 1608 1615 1616
f 1609 1616 1617
f 1610 1617 1618
f 1611 1618 1619
f 1612 1619 1620
f 1613 1620 1621
f 1614 1621 1622
f 1607 1622 1615
f 1616 1623 1624
f 1617 1624 1625
f 1618 1625 1626
f 1619 1626 1627
f 1620 1627 1628
f 1621 1628 1629
f 1622 1629 1630
f 1615 1630 1623
f 1624 1631 1632
f 1625 1632 1633
f 1626 1633 1634
f 1627 1634 1635
f 1628 1635 1636
f 1629 1636 1637
f 1630 1637 1638
f 1623 1638 1631
f 1632 1639 1640
f 1633 1640 1641
f 1634 1641 1642
f 1635 1642 1643
f 1636 1643 1644
f 1637 1644 1645
f 1638 1645 1646
f 1631 1646 1639
f 1640 1647 1648
f 1641 1648 1649
f 1642 1649 1650
f 1643 1650 1651
f 1644 1651 1652
f 1645 1652 1653
f 1646 1653 1654
f 1639 1654 1647
f 1648 1655 1656
f 1649 1656 1657
f 1650 1657 1658
f 1651 1658 1659
f 1652 1659 1660
f 1653 1660 1661
f 1654 1661 1662
f 1647 1662 1655
f 1656 1663 1561
f 1657 1561 1560
f 1658 1560 1664
f 1659 1664 1665
f 1660 1665 1559
f 1661 1559 1562
f 1662 1562 1666
f 1655 1666 1663
f 1667 1669 1670
f 1670 1671 1672
f 1672 1673 1674
f 1674 1675 1676
f 1676 1677 1678
f 1678 1679 1680
f 1680 1681 1682
f 1682 1668 1667
f 1683 1685 1686
f 1687 1689 1690
f 1667 1691 1692
f 1682 1692 1693
f 1680 1693 1694
f 1678 1694 1695
f 1676 1695 1696
f 1674 1696 1697
f 1672 1697 1698
f 1670 1698 1691
f 1692 1699 1685
f 1693 1685 1684
f 1694 1684 1700
f 1695 1700 1701
f 1696 1701 1683
f 1697 1683 1686
f 1698 1686 1702
f 1691 1702 1699
f 1668 1703 1704
f 1669 1704 1705
f 1671 1705 1706
f 1673 1706 1707
f 1675 1707 1708
f 1677 1708 1709
f 1679 1709 1710
f 1681 1710 1703
f 1704 1711 1712
f 1705 1712 1713
f 1706 1713 1714
f 1707 1714 1715
f 1708 1715 1716
f 1709 1716 1717
f 1710 1717 1718
f 1703 1718 1711
f 1712 1719 1720
f 1713 1720 1721
f 1714 1721 1722
f 1715 1722 1723
f 1716 1723 1724
f 1717 1724 1725
f 1718 1725 1726
f 1711 1726 1719
f 1720 1727 1728
f 1721 1728 1729
f 1722 1729 1730
f 1723 1730 1731
f 1724 1731 1732
f 1725 1732 1733
f 1726 1733 1734
f 1719 1734 1727
f 1728 1735 1736
f 1729 1736 1737
f 1730 1737 1738
f 1731 1738 1739
f 1732 1739 1740
f 1733 1740 1741
f 1734 1741 1742
f 1727 1742 1735
f 1736 1743 1744
f 1737 1744 1745
f 1738 1745 1746
f 1739 1746 1747
f 1740 1747 1748
f 1741 1748 1749
f 1742 1749 1750
f 1735 1750 1743
f 1744 1751 1752
f 1745 1752 1753
f 1746 1753 1754
f 1747 1754 1755
f 1748 1755 1756
f 1749 1756 1757
f 1750 1757 1758
f 1743 1758 1751
f 1752 1759 1760
f 1753 1760 1761
f 1754 1761 1762
f 1755 1762 1763
f 1756 1763 1764
f 1757 1764 1765
f 1758 1765 1766
f 1751 1766 1759
f 1760 1767 1768
f 1761 1768 1769
f 1762 1769 1770
f 1763 1770 1771
f 1764 1771 1772
f 1765 1772 1773
f 1766 1773 1774
f 1759 1774 1767
f 1768 1775 1776
f 1769 1776 1777
f 1770 1777 1778
f 1771 1778 1779
f 1772 1779 1780
f 1773 1780 1781
f 1774 1781 1782
f 1767 1782 1775
f 1776 1783 1784
f 1777 1784 1785
f 1778 1785 1786
f 1779 1786 1787
f 1780 1787 1788
f 1781 1788 1789
f 1782 1789 1790
f 1775 1790 1783
f 1784 1791 1689
f 1785 1689 1688
f 1786 1688 1792
f 1787 1792 1793
f 1788 1793 1687
f 1789 1687 1690
f 1790 1690 1794
f 1783 1794 1791
f 1795 1797 1798
f 1798 1799 1800
f 1800 1801 1802
f 1802 1803 1804
f 1804 1805 1806
f 1806 1807 1808
f 1808 1809 1810
f 1810 1796 1795
f 1811 1813 1814
f 1795 1815 1816
f 1810 1816 1817
f 1808 1817 1818
f 1806 1818 1819
f 1804 1819 1820
f 1802 1820 1821
f 1800 1821 1822
f 1798 1822 1815
f 1816 1823 1824
f 1817 1824 1825
f 1818 1825 1826
f 1819 1826 1827
f 1820 1827 1828
f 1821 1828 1829
f 1822 1829 1830
f 1815 1830 1823
f 1824 1831 1832
f 1825 1832 1833
f 1826 1833 1834
f 1827 1834 1835
f 1828 1835 1836
f 1829 1836 1837
f 1830 1837 1838
f 1823 1838 1831
f 1832 1839 1813
f 1833 1813 1812
f 1834 1812 1840
f 1835 1840 1841
f 1836 1841 1811
f 1837 1811 1814
f 1838 1814 1842
f 1831 1842 1839
f 1796 1843 1844
f 1797 1844 1845
f 1799 1845 1846
f 1801 1846 1847
f 1803 1847 1848
f 1805 1848 1849
f 1807 1849 1850
f 1809 1850 1843
f 1844 1851 1852
f 1845 1852 1853
f 1846 1853 1854
f 1847 1854 1855
f 1848 1855 1856
f 1849 1856 1857
f 1850 1857 1858
f 1843 1858 1851
f 1851 1859 1860
f 1852 1860 1861
f 1853 1861 1862
f 1854 1862 1863
f 1855 1863 1864
f 1856 1864 1865
f 1857 1865 1866
f 1858 1866 1859
f 1867 1869 1870
f 1866 1871 1872
f 1859 1872 1873
f 1860 1873 1874
f 1861 1874 1875
f 1862 1875 1876
f 1863 1876 1877
f 1864 1877 1878
f 1865 1878 1871
f 1872 1879 1869
f 1873 1869 1868
f 1874 1868 1880
f 1875 1880 1881
f 1876 1881 1867
f 1877 1867 1870
f 1878 1870 1882
f 1871 1882 1879
f 1883 1885 1886
f 1886 1887 1888
f 1888 1889 1890
f 1890 1891 1892
f 1892 1893 1894
f 1894 1895 1896
f 1896 1897 1898
f 1898 1884 1883
f 1899 1901 1902
f 1903 1905 1906
f 1883 1907 1908
f 1898 1908 1909
f 1896 1909 1910
f 1894 1910 1911
f 1892 1911 1912
f 1890 1912 1913
f 1888 1913 1914
f 1886 1914 1907
f 1908 1915 1916
f 1909 1916 1917
f 1910 1917 1918
f 1911 1918 1919
f 1912 1919 1920
f 1913 1920 1921
f 1914 1921 1922
f 1907 1922 1915
f 1916 1923 1924
f 1917 1924 1925
f 1918 1925 1926
f 1919 1926 1927
f 1920 1927 1928
f 1921 1928 1929
f 1922 1929 1930
f 1915 1930 1923
f 1924 1931 1901
f 1925 1901 1900
f 1926 1900 1932
f 1927 1932 1933
f 1928 1933 1899
f 1929 1899 1902
f 1930 1902 1934
f 1923 1934 1931
f 1884 1935 1905
f 1885 1905 1904
f 1887 1904 1936
f 1889 1936 1937
f 1891 1937 1903
f 1893 1903 1906
f 1895 1906 1938
f 1897 1938 1935
f 1939 1941 1942
f 1942 1943 1944
f 1944 1945 1946
f 1946 1947 1948
f 1948 1949 1950
f 1950 1951 1952
f 1952 1953 1954
f 1954 1940 1939
f 1955 1957 1958
f 1959 1961 1962
f 1939 1963 1964
f 1954 1964 1965
f 1952 1965 1966
f 1950 1966 1967
f 1948 1967 1968
f 1946 1968 1969
f 1944 1969 1970
f 1942 1970 1963
f 1964 1971 1957
f 1965 1957 1956
f 1966 1956 1972
f 1967 1972 1973
f 1968 1973 1955
f 1969 1955 1958
f 1970 1958 1974
f 1963 1974 1971
f 1940 1975 1976
f 1941 1976 1977
f 1943 1977 1978
f 1945 1978 1979
f 1947 1979 1980
f 1949 1980 1981
f 1951 1981 1982
f 1953 1982 1975
f 1976 1983 1984
f 1977 1984 1985
f 1978 1985 1986
f 1979 1986 1987
f 1980 1987 1988
f 1981 1988 1989
f 1982 1989 1990
f 1975 1990 1983
f 1984 1991 1992
f 1985 1992 1993
f 1986 1993 1994
f 1987 1994 1995
f 1988 1995 1996
f 1989 1996 1997
f 1990 1997 1998
f 1983 1998 1991
f 1992 1999 2000
f 1993 2000 2001
f 1994 2001 2002
f 1995 2002 2003
f 1996 2003 2004
f 1997 2004 2005
f 1998 2005 2006
f 1991 2006 1999
f 2000 2007 2008
f 2001 2008 2009
f 2002 2009 2010
f 2003 2010 2011
f 2004 2011 2012
f 2005 2012 2013
f 2006 2013 2014
f 1999 2014 2007
f 2008 2015 2016
f 2009 2016 2017
f 2010 2017 2018
f 2011 2018 2019
f 2012 2019 2020
f 2013 2020 2021
f 2014 2021 2022
f 2007 2022 2015
f 2016 2023 2024
f 2017 2024 2025
f 2018 2025 2026
f 2019 2026 2027
f 2020 2027 2028
f 2021 2028 2029
f 2022 2029 2030
f 2015 2030 2023
f 2024 2031 2032
f 2025 2032 2033
f 2026 2033 2034
f 2027 2034 2035
f 2028 2035 2036
f 2029 2036 2037
f 2030 2037 2038
f 2023 2038 2031
f 2032 2039 2040
f 2033 2040 2041
f 2034 2041 2042
f 2035 2042 2043
f 2036 2043 2044
f 2037 2044 2045
f 2038 2045 2046
f 2031 2046 2039
f 2040 2047 2048
f 2041 2048 2049
f 2042 2049 2050
f 2043 2050 2051
f 2044 2051 2052
f 2045 2052 2053
f 2046 2053 2054
f 2039 2054 2047
f 2048 2055 2056
f 2049 2056 2057
f 2050 2057 2058
f 2051 2058 2059
f 2052 2059 2060
f 2053 2060 2061
f 2054 2061 2062
f 2047 2062 2055
f 2056 2063 1961
f 2057 1961 1960
f 2058 1960 2064
f 2059 2064 2065
f 2060 2065 1959
f 2061 1959 1962
f 2062 1962 2066
f 2055 2066 2063
f 2067 2069 2070
f 2070 2071 2072
f 2072 2073 2074
f 2074 2075 2076
f 2076 2077 2078
f 2078 2079 2080
f 2080 2081 2082
f 2082 2068 2067
f 2083 2085 2086
f 2087 2089 2090
f 2067 2091 2092
f 2082 2092 2093
f 2080 2093 2094
f 2078 2094 2095
f 2076 2095 2096
f 2074 2096 2097
f 2072 2097 2098
f 2070 2098 2091
f 2092 2099 2085
f 2093 2085 2084
f 2094 2084 2100
f 2095 2100 2101
f 2096 2101 2083
f 2097 2083 2086
f 2098 2086 2102
f 2091 2102 2099
f 2068 2103 2104
f 2069 2104 2105
f 2071 2105 2106
f 2073 2106 2107
f 2075 2107 2108
f 2077 2108 2109
f 2079 2109 2110
f 2081 2110 2103
f 2104 2111 2112
f 2105 2112 2113
f 2106 2113 2114
f 2107 2114 2115
f 2108 2115 2116
f 2109 2116 2117
f 2110 2117 2118
f 2103 2118 2111
f 2112 2119 2120
f 2113 2120 2121
f 2114 2121 2122
f 2115 2122 2123
f 2116 2123 2124
f 2117 2124 2125
f 2118 2125 2126
f 2111 2126 2119
f 2120 2127 2128
f 2121 2128 2129
f 2122 2129 2130
f 2123 2130 2131
f 2124 2131 2132
f 2125 2132 2133
f 2126 2133 2134
f 2119 2134 2127
f 2128 2135 2136
f 2129 2136 2137
f 2130 2137 2138
f 2131 2138 2139
f 2132 2139 2140
f 2133 2140 2141
f 2134 2141 2142
f 2127 2142 2135
f 2136 2143 2144
f 2137 2144 2145
f 2138 2145 2146
f 2139 2146 2147
f 2140 2147 2148
f 2141 2148 2149
f 2142 2149 2150
f 2135 2150 2143
f 2144 2151 2152
f 2145 2152 2153
f 2146 2153 2154
f 2147 2154 2155
f 2148 2155 2156
f 2149 2156 2157
f 2150 2157 2158
f 2143 2158 2151
f 2152 2159 2160
f 2153 2160 2161
f 2154 2161 2162
f 2155 2162 2163
f 2156 2163 2164
f 2157 2164 2165
f 2158 2165 2166
f 2151 2166 2159
f 2160 2167 2168
f 2161 2168 2169
f 2162 2169 2170
f 2163 2170 2171
f 2164 2171 2172
f 2165 2172 2173
f 2166 2173 2174
f 2159 2174 2167
f 2168 2175 2176
f 2169 2176 2177
f 2170 2177 2178
f 2171 2178 2179
f 2172 2179 2180
f 2173 2180 2181
f 2174 2181 2182
f 2167 2182 2175
f 2176 2183 2184
f 2177 2184 2185
f 2178 2185 2186
f 2179 2186 2187
f 2180 2187 2188
f 2181 2188 2189
f 2182 2189 2190
f 2175 2190 2183
f 2184 2191 2089
f 2185 2089 2088
f 2186 2088 2192
f 2187 2192 2193
f 2188 2193 2087
f 2189 2087 2090
f 2190 2090 2194
f 2183 2194 2191
f 2195 2197 2198
f 2196 2200 2197
f 2199 2202 2200
f 2201 2204 2202
f 2198 2205 2206
f 2197 2207 2205
f 2200 2208 2207
f 2202 2209 2208
f 2206 2210 2211
f 2205 2212 2210
f 2207 2213 2212
f 2208 2214 2213
f 2211 2215 2216
f 2210 2217 2215
f 2212 2218 2217
f 2213 2219 2218
f 2216 2220 2221
f 2215 2222 2220
f 2217 2223 2222
f 2218 2224 2223
f 2221 2225 2226
f 2220 2227 2225
f 2222 2228 2227
f 2223 2229 2228
f 2226 2230 2231
f 2225 2232 2230
f 2227 2233 2232
f 2228 2234 2233
f 2231 2235 2236
f 2230 2237 2235
f 2232 2238 2237
f 2233 2239 2238
f 2236 2240 2241
f 2235 2242 2240
f 2237 2243 2242
f 2238 2244 2243
f 2241 2245 2246
f 2240 2247 2245
f 2242 2248 2247
f 2243 2249 2248
f 2246 2250 2251
f 2245 2252 2250
f 2247 2253 2252
f 2248 2254 2253
f 2251 2255 2256
f 2250 2257 2255
f 2252 2258 2257
f 2253 2259 2258
f 2256 2260 2261
f 2255 2262 2260
f 2257 2263 2262
f 2258 2264 2263
f 2261 2196 2195
f 2260 2199 2196
f 2262 2201 2199
f 2263 2203 2201
f 2226 2261 2216
f 2265 2203 2264
f 2267 2264 2259
f 2268 2259 2254
f 2269 2254 2249
f 2270 2249 2244
f 2271 2244 2239
f 2272 2239 2234
f 2273 2234 2229
f 2274 2229 2224
f 2275 2224 2219
f 2276 2219 2214
f 2277 2214 2209
f 2278 2209 2204
f 2266 2204 2203
f 2279 2281 2282
f 2266 2283 2284
f 2278 2284 2281
f 2277 2281 2285
f 2276 2285 2286
f 2275 2286 2280
f 2274 2280 2287
f 2273 2287 2288
f 2272 2288 2289
f 2271 2289 2279
f 2270 2279 2290
f 2269 2290 2282
f 2268 2282 2291
f 2267 2291 2292
f 2265 2292 2283
f 2293 2295 2296
f 2296 2297 2298
f 2298 2299 2300
f 2300 2301 2302
f 2302 2303 2304
f 2304 2305 2306
f 2306 2307 2308
f 2308 2294 2293
f 2309 2311 2312
f 2313 2315 2316
f 2295 2317 2318
f 2294 2319 2317
f 2307 2320 2319
f 2305 2321 2320
f 2303 2322 2321
f 2301 2323 2322
f 2299 2324 2323
f 2297 2318 2324
f 2318 2310 2325
f 2317 2311 2310
f 2319 2326 2311
f 2320 2327 2326
f 2321 2312 2327
f 2322 2309 2312
f 2323 2328 2309
f 2324 2325 2328
f 2308 2329 2330
f 2293 2331 2329
f 2296 2332 2331
f 2298 2333 2332
f 2300 2334 2333
f 2302 2335 2334
f 2304 2336 2335
f 2306 2330 2336
f 2330 2337 2338
f 2329 2339 2337
f 2331 2340 2339
f 2332 2341 2340
f 2333 2342 2341
f 2334 2343 2342
f 2335 2344 2343
f 2336 2338 2344
f 2338 2345 2346
f 2337 2347 2345
f 2339 2348 2347
f 2340 2349 2348
f 2341 2350 2349
f 2342 2351 2350
f 2343 2352 2351
f 2344 2346 2352
f 2346 2353 2354
f 2345 2355 2353
f 2347 2356 2355
f 2348 2357 2356
f 2349 2358 2357
f 2350 2359 2358
f 2351 2360 2359
f 2352 2354 2360
f 2354 2361 2362
f 2353 2363 2361
f 2355 2364 2363
f 2356 2365 2364
f 2357 2366 2365
f 2358 2367 2366
f 2359 2368 2367
f 2360 2362 2368
f 2362 2369 2370
f 2361 2371 2369
f 2363 2372 2371
f 2364 2373 2372
f 2365 2374 2373
f 2366 2375 2374
f 2367 2376 2375
f 2368 2370 2376
f 2370 2377 2378
f 2369 2379 2377
f 2371 2380 2379
f 2372 2381 2380
f 2373 2382 2381
f 2374 2383 2382
f 2375 2384 2383
f 2376 2378 2384
f 2378 2385 2386
f 2377 2387 2385
f 2379 2388 2387
f 2380 2389 2388
f 2381 2390 2389
f 2382 2391 2390
f 2383 2392 2391
f 2384 2386 2392
f 2386 2393 2394
f 2385 2395 2393
f 2387 2396 2395
f 2388 2397 2396
f 2389 2398 2397
f 2390 2399 2398
f 2391 2400 2399
f 2392 2394 2400
f 2394 2401 2402
f 2393 2403 2401
f 2395 2404 2403
f 2396 2405 2404
f 2397 2406 2405
f 2398 2407 2406
f 2399 2408 2407
f 2400 2402 2408
f 2402 2409 2410
f 2401 2411 2409
f 2403 2412 2411
f 2404 2413 2412
f 2405 2414 2413
f 2406 2415 2414
f 2407 2416 2415
f 2408 2410 2416
f 2410 2314 2417
f 2409 2315 2314
f 2411 2418 2315
f 2412 2419 2418
f 2413 2316 2419
f 2414 2313 2316
f 2415 2420 2313
f 2416 2417 2420
f 2421 2423 2424
f 2424 2425 2426
f 2426 2427 2428
f 2428 2429 2430
f 2430 2431 2432
f 2432 2433 2434
f 2434 2435 2436
f 2436 2422 2421
f 2437 2439 2440
f 2441 2443 2444
f 2423 2445 2446
f 2422 2447 2445
f 2435 2448 2447
f 2433 2449 2448
f 2431 2450 2449
f 2429 2451 2450
f 2427 2452 2451
f 2425 2446 2452
f 2446 2438 2453
f 2445 2439 2438
f 2447 2454 2439
f 2448 2455 2454
f 2449 2440 2455
f 2450 2437 2440
f 2451 2456 2437
f 2452 2453 2456
f 2436 2457 2458
f 2421 2459 2457
f 2424 2460 2459
f 2426 2461 2460
f 2428 2462 2461
f 2430 2463 2462
f 2432 2464 2463
f 2434 2458 2464
f 2458 2465 2466
f 2457 2467 2465
f 2459 2468 2467
f 2460 2469 2468
f 2461 2470 2469
f 2462 2471 2470
f 2463 2472 2471
f 2464 2466 2472
f 2466 2473 2474
f 2465 2475 2473
f 2467 2476 2475
f 2468 2477 2476
f 2469 2478 2477
f 2470 2479 2478
f 2471 2480 2479
f 2472 2474 2480
f 2474 2481 2482
f 2473 2483 2481
f 2475 2484 2483
f 2476 2485 2484
f 2477 2486 2485
f 2478 2487 2486
f 2479 2488 2487
f 2480 2482 2488
f 2482 2489 2490
f 2481 2491 2489
f 2483 2492 2491
f 2484 2493 2492
f 2485 2494 2493
f 2486 2495 2494
f 2487 2496 2495
f 2488 2490 2496
f 2490 2497 2498
f 2489 2499 2497
f 2491 2500 2499
f 2492 2501 2500
f 2493 2502 2501
f 2494 2503 2502
f 2495 2504 2503
f 2496 2498 2504
f 2498 2505 2506
f 2497 2507 2505
f 2499 2508 2507
f 2500 2509 2508
f 2501 2510 2509
f 2502 2511 2510
f 2503 2512 2511
f 2504 2506 2512
f 2506 2513 2514
f 2505 2515 2513
f 2507 2516 2515
f 2508 2517 2516
f 2509 2518 2517
f 2510 2519 2518
f 2511 2520 2519
f 2512 2514 2520
f 2514 2521 2522
f 2513 2523 2521
f 2515 2524 2523
f 2516 2525 2524
f 2517 2526 2525
f 2518 2527 2526
f 2519 2528 2527
f 2520 2522 2528
f 2522 2529 2530
f 2521 2531 2529
f 2523 2532 2531
f 2524 2533 2532
f 2525 2534 2533
f 2526 2535 2534
f 2527 2536 2535
f 2528 2530 2536
f 2530 2537 2538
f 2529 2539 2537
f 2531 2540 2539
f 2532 2541 2540
f 2533 2542 2541
f 2534 2543 2542
f 2535 2544 2543
f 2536 2538 2544
f 2538 2442 2545
f 2537 2443 2442
f 2539 2546 2443
f 2540 2547 2546
f 2541 2444 2547
f 2542 2441 2444
f 2543 2548 2441
f 2544 2545 2548
f 2549 2551 2552
f 2552 2553 2554
f 2554 2555 2556
f 2556 2557 2558
f 2558 2559 2560
f 2560 2561 2562
f 2562 2563 2564
f 2564 2550 2549
f 2565 2567 2568
f 2551 2569 2570
f 2550 2571 2569
f 2563 2572 2571
f 2561 2573 2572
f 2559 2574 2573
f 2557 2575 2574
f 2555 2576 2575
f 2553 2570 2576
f 2570 2577 2578
f 2569 2579 2577
f 2571 2580 2579
f 2572 2581 2580
f 2573 2582 2581
f 2574 2583 2582
f 2575 2584 2583
f 2576 2578 2584
f 2578 2585 2586
f 2577 2587 2585
f 2579 2588 2587
f 2580 2589 2588
f 2581 2590 2589
f 2582 2591 2590
f 2583 2592 2591
f 2584 2586 2592
f 2586 2566 2593
f 2585 2567 2566
f 2587 2594 2567
f 2588 2595 2594
f 2589 2568 2595
f 2590 2565 2568
f 2591 2596 2565
f 2592 2593 2596
f 2564 2597 2598
f 2549 2599 2597
f 2552 2600 2599
f 2554 2601 2600
f 2556 2602 2601
f 2558 2603 2602
f 2560 2604 2603
f 2562 2598 2604
f 2598 2605 2606
f 2597 2607 2605
f 2599 2608 2607
f 2600 2609 2608
f 2601 2610 2609
f 2602 2611 2610
f 2603 2612 2611
f 2604 2606 2612
f 2612 2613 2614
f 2606 2615 2613
f 2605 2616 2615
f 2607 2617 2616
f 2608 2618 2617
f 2609 2619 2618
f 2610 2620 2619
f 2611 2614 2620
f 2621 2623 2624
f 2619 2625 2626
f 2620 2627 2625
f 2614 2628 2627
f 2613 2629 2628
f 2615 2630 2629
f 2616 2631 2630
f 2617 2632 2631
f 2618 2626 2632
f 2626 2622 2633
f 2625 2623 2622
f 2627 2634 2623
f 2628 2635 2634
f 2629 2624 2635
f 2630 2621 2624
f 2631 2636 2621
f 2632 2633 2636
f 2637 2639 2640
f 2640 2641 2642
f 2642 2643 2644
f 2644 2645 2646
f 2646 2647 2648
f 2648 2649 2650
f 2650 2651 2652
f 2652 2638 2637
f 2653 2655 2656
f 2657 2659 2660
f 2639 2661 2662
f 2638 2663 2661
f 2651 2664 2663
f 2649 2665 2664
f 2647 2666 2665
f 2645 2667 2666
f 2643 2668 2667
f 2641 2662 2668
f 2662 2669 2670
f 2661 2671 2669
f 2663 2672 2671
f 2664 2673 2672
f 2665 2674 2673
f 2666 2675 2674
f 2667 2676 2675
f 2668 2670 2676
f 2670 2677 2678
f 2669 2679 2677
f 2671 2680 2679
f 2672 2681 2680
f 2673 2682 2681
f 2674 2683 2682
f 2675 2684 2683
f 2676 2678 2684
f 2678 2654 2685
f 2677 2655 2654
f 2679 2686 2655
f 2680 2687 2686
f 2681 2656 2687
f 2682 2653 2656
f 2683 2688 2653
f 2684 2685 2688
f 2652 2658 2689
f 2637 2659 2658
f 2640 2690 2659
f 2642 2691 2690
f 2644 2660 2691
f 2646 2657 2660
f 2648 2692 2657
f 2650 2689 2692
f 2693 2695 2696
f 2696 2697 2698
f 2698 2699 2700
f 2700 2701 2702
f 2702 2703 2704
f 2704 2705 2706
f 2706 2707 2708
f 2708 2694 2693
f 2709 2711 2712
f 2713 2715 2716
f 2695 2717 2718
f 2694 2719 2717
f 2707 2720 2719
f 2705 2721 2720
f 2703 2722 2721
f 2701 2723 2722
f 2699 2724 2723
f 2697 2718 2724
f 2718 2710 2725
f 2717 2711 2710
f 2719 2726 2711
f 2720 2727 2726
f 2721 2712 2727
f 2722 2709 2712
f 2723 2728 2709
f 2724 2725 2728
f 2708 2729 2730
f 2693 2731 2729
f 2696 2732 2731
f 2698 2733 2732
f 2700 2734 2733
f 2702 2735 2734
f 2704 2736 2735
f 2706 2730 2736
f 2730 2737 2738
f 2729 2739 2737
f 2731 2740 2739
f 2732 2741 2740
f 2733 2742 2741
f 2734 2743 2742
f 2735 2744 2743
f 2736 2738 2744
f 2738 2745 2746
f 2737 2747 2745
f 2739 2748 2747
f 2740 2749 2748
f 2741 2750 2749
f 2742 2751 2750
f 2743 2752 2751
f 2744 2746 2752
f 2746 2753 2754
f 2745 2755 2753
f 2747 2756 2755
f 2748 2757 2756
f 2749 2758 2757
f 2750 2759 2758
f 2751 2760 2759
f 2752 2754 2760
f 2754 2761 2762
f 2753 2763 2761
f 2755 2764 2763
f 2756 2765 2764
f 2757 2766 2765
f 2758 2767 2766
f 2759 2768 2767
f 2760 2762 2768
f 2762 2769 2770
f 2761 2771 2769
f 2763 2772 2771
f 2764 2773 2772
f 2765 2774 2773
f 2766 2775 2774
f 2767 2776 2775
f 2768 2770 2776
f 2770 2777 2778
f 2769 2779 2777
f 2771 2780 2779
f 2772 2781 2780
f 2773 2782 2781
f 2774 2783 2782
f 2775 2784 2783
f 2776 2778 2784
f 2778 2785 2786
f 2777 2787 2785
f 2779 2788 2787
f 2780 2789 2788
f 2781 2790 2789
f 2782 2791 2790
f 2783 2792 2791
f 2784 2786 2792
f 2786 2793 2794
f 2785 2795 2793
f 2787 2796 2795
f 2788 2797 2796
f 2789 2798 2797
f 2790 2799 2798
f 2791 2800 2799
f 2792 2794 2800
f 2794 2801 2802
f 2793 2803 2801
f 2795 2804 2803
f 2796 2805 2804
f 2797 2806 2805
f 2798 2807 2806
f 2799 2808 2807
f 2800 2802 2808
f 2802 2809 2810
f 2801 2811 2809
f 2803 2812 2811
f 2804 2813 2812
f 2805 2814 2813
f 2806 2815 2814
f 2807 2816 2815
f 2808 2810 2816
f 2810 2714 2817
f 2809 2715 2714
f 2811 2818 2715
f 2812 2819 2818
f 2813 2716 2819
f 2814 2713 2716
f 2815 2820 2713
f 2816 2817 2820
f 2821 2823 2824
f 2824 2825 2826
f 2826 2827 2828
f 2828 2829 2830
f 2830 2831 2832
f 2832 2833 2834
f 2834 2835 2836
f 2836 2822 2821
f 2837 2839 2840
f 2841 2843 2844
f 2823 2845 2846
f 2822 2847 2845
f 2835 2848 2847
f 2833 2849 2848
f 2831 2850 2849
f 2829 2851 2850
f 2827 2852 2851
f 2825 2846 2852
f 2846 2838 2853
f 2845 2839 2838
f 2847 2854 2839
f 2848 2855 2854
f 2849 2840 2855
f 2850 2837 2840
f 2851 2856 2837
f 2852 2853 2856
f 2836 2857 2858
f 2821 2859 2857
f 2824 2860 2859
f 2826 2861 2860
f 2828 2862 2861
f 2830 2863 2862
f 2832 2864 2863
f 2834 2858 2864
f 2858 2865 2866
f 2857 2867 2865
f 2859 2868 2867
f 2860 2869 2868
f 2861 2870 2869
f 2862 2871 2870
f 2863 2872 2871
f 2864 2866 2872
f 2866 2873 2874
f 2865 2875 2873
f 2867 2876 2875
f 2868 2877 2876
f 2869 2878 2877
f 2870 2879 2878
f 2871 2880 2879
f 2872 2874 2880
f 2874 2881 2882
f 2873 2883 2881
f 2875 2884 2883
f 2876 2885 2884
f 2877 2886 2885
f 2878 2887 2886
f 2879 2888 2887
f 2880 2882 2888
f 2882 2889 2890
f 2881 2891 2889
f 2883 2892 2891
f 2884 2893 2892
f 2885 2894 2893
f 2886 2895 2894
f 2887 2896 2895
f 2888 2890 2896
f 2890 2897 2898
f 2889 2899 2897
f 2891 2900 2899
f 2892 2901 2900
f 2893 2902 2901
f 2894 2903 2902
f 2895 2904 2903
f 2896 2898 2904
f 2898 2905 2906
f 2897 2907 2905
f 2899 2908 2907
f 2900 2909 2908
f 2901 2910 2909
f 2902 2911 2910
f 2903 2912 2911
f 2904 2906 2912
f 2906 2913 2914
f 2905 2915 2913
f 2907 2916 2915
f 2908 2917 2916
f 2909 2918 2917
f 2910 2919 2918
f 2911 2920 2919
f 2912 2914 2920
f 2914 2921 2922
f 2913 2923 2921
f 2915 2924 2923
f 2916 2925 2924
f 2917 2926 2925
f 2918 2927 2926
f 2919 2928 2927
f 2920 2922 2928
f 2922 2929 2930
f 2921 2931 2929
f 2923 2932 2931
f 2924 2933 2932
f 2925 2934 2933
f 2926 2935 2934
f 2927 2936 2935
f 2928 2930 2936
f 2930 2937 2938
f 2929 2939 2937
f 2931 2940 2939
f 2932 2941 2940
f 2933 2942 2941
f 2934 2943 2942
f 2935 2944 2943
f 2936 2938 2944
f 2938 2842 2945
f 2937 2843 2842
f 2939 2946 2843
f 2940 2947 2946
f 2941 2844 2947
f 2942 2841 2844
f 2943 2948 2841
f 2944 2945 2948
f 2949 2951 2952
f 2952 2953 2954
f 2954 2955 2956
f 2956 2957 2958
f 2958 2959 2960
f 2960 2961 2962
f 2962 2963 2964
f 2964 2950 2949
f 2958 2949 2956
f 2957 2950 2959
f 2965 2967 2968
f 2969 2968 2970
f 2971 2970 2972
f 2973 2972 2974
f 2975 2974 2976
f 2977 2976 2978
f 2979 2978 2980
f 2981 2980 2982
f 2968 2983 2984
f 2970 2984 2985
f 2972 2985 2986
f 2974 2986 2987
f 2976 2987 2988
f 2978 2988 2989
f 2980 2989 2990
f 2982 2990 2991
f 2984 2992 2993
f 2985 2993 2994
f 2986 2994 2995
f 2987 2995 2996
f 2988 2996 2997
f 2989 2997 2998
f 2990 2998 2999
f 2991 2999 3000
f 2993 3001 3002
f 2994 3002 3003
f 2995 3003 3004
f 2996 3004 3005
f 2997 3005 3006
f 2998 3006 3007
f 2999 3007 3008
f 3000 3008 3009
f 3002 3010 3011
f 3003 3011 3012
f 3004 3012 3013
f 3005 3013 3014
f 3006 3014 3015
f 3007 3015 3016
f 3008 3016 3017
f 3009 3017 3018
f 3011 3019 3020
f 3012 3020 3021
f 3013 3021 3022
f 3014 3022 3023
f 3015 3023 3024
f 3016 3024 3025
f 3017 3025 3026
f 3018 3026 3027
f 3020 3028 3029
f 3021 3029 3030
f 3022 3030 3031
f 3023 3031 3032
f 3024 3032 3033
f 3025 3033 3034
f 3026 3034 3035
f 3027 3035 3036
f 3029 3037 3038
f 3030 3038 3039
f 3031 3039 3040
f 3032 3040 3041
f 3033 3041 3042
f 3034 3042 3043
f 3035 3043 3044
f 3036 3044 3045
f 3038 3046 3047
f 3039 3047 3048
f 3040 3048 3049
f 3041 3049 3050
f 3042 3050 3051
f 3043 3051 3052
f 3044 3052 3053
f 3045 3053 3054
f 3047 2966 2965
f 3048 2965 2969
f 3049 2969 2971
f 3050 2971 2973
f 3051 2973 2975
f 3052 2975 2977
f 3053 2977 2979
f 3054 2979 2981
f 2992 3046 3010
f 3036 2982 3018
f 3055 3057 3058
f 3056 3060 3057
f 3059 3062 3060
f 3061 3064 3062
f 3063 3066 3064
f 3065 3068 3066
f 3067 3070 3068
f 3069 3072 3070
f 3058 3073 3074
f 3057 3075 3073
f 3060 3076 3075
f 3062 3077 3076
f 3064 3078 3077
f 3066 3079 3078
f 3068 3080 3079
f 3070 3081 3080
f 3074 3082 3083
f 3073 3084 3082
f 3075 3085 3084
f 3076 3086 3085
f 3077 3087 3086
f 3078 3088 3087
f 3079 3089 3088
f 3080 3090 3089
f 3083 3091 3092
f 3082 3093 3091
f 3084 3094 3093
f 3085 3095 3094
f 3086 3096 3095
f 3087 3097 3096
f 3088 3098 3097
f 3089 3099 3098
f 3092 3100 3101
f 3091 3102 3100
f 3093 3103 3102
f 3094 3104 3103
f 3095 3105 3104
f 3096 3106 3105
f 3097 3107 3106
f 3098 3108 3107
f 3101 3109 3110
f 3100 3111 3109
f 3102 3112 3111
f 3103 3113 3112
f 3104 3114 3113
f 3105 3115 3114
f 3106 3116 3115
f 3107 3117 3116
f 3110 3118 3119
f 3109 3120 3118
f 3111 3121 3120
f 3112 3122 3121
f 3113 3123 3122
f 3114 3124 3123
f 3115 3125 3124
f 3116 3126 3125
f 3119 3127 3128
f 3118 3129 3127
f 3120 3130 3129
f 3121 3131 3130
f 3122 3132 3131
f 3123 3133 3132
f 3124 3134 3133
f 3125 3135 3134
f 3128 3136 3137
f 3127 3138 3136
f 3129 3139 3138
f 3130 3140 3139
f 3131 3141 3140
f 3132 3142 3141
f 3133 3143 3142
f 3134 3144 3143
f 3137 3056 3055
f 3136 3059 3056
f 3138 3061 3059
f 3139 3063 3061
f 3140 3065 3063
f 3141 3067 3065
f 3142 3069 3067
f 3143 3071 3069
f 3110 3055 3092
f 3099 3071 3117

