# https://github.com/mikedh/trimesh

o m49.off
v 0.50182200 0.02500000 0.35785300
v 0.56445400 0.02554980 0.35785300
v 0.56319500 0.02555340 0.35089200
v 0.55821300 0.02554620 0.34385500
v 0.54807800 0.02551810 0.33743200
v 0.53461500 0.02547930 0.33194900
v 0.52125400 0.02544660 0.32755100
v 0.50961500 0.02542820 0.32449000
v 0.49949700 0.02541950 0.32312700
v 0.49062000 0.02541590 0.32382900
v 0.48270400 0.02541440 0.32696200
v 0.47561900 0.02541030 0.33260900
v 0.46983200 0.02540470 0.33971900
v 0.46591000 0.02539910 0.34706100
v 0.46399100 0.02539290 0.35427100
v 0.46399100 0.02538730 0.36143600
v 0.46591100 0.02538170 0.36864600
v 0.46983200 0.02537610 0.37598700
v 0.47561900 0.02536990 0.38309800
v 0.48270400 0.02536480 0.38874400
v 0.49062000 0.02536180 0.39187700
v 0.49949600 0.02536380 0.39257900
v 0.50961500 0.02537510 0.39121600
v 0.52125400 0.02539860 0.38815500
v 0.53461500 0.02543790 0.38375700
v 0.54807800 0.02548590 0.37827500
v 0.55821400 0.02552370 0.37185100
v 0.56319500 0.02554210 0.36481400
v 0.56445400 0.02554930 0.35785300
v 0.62513200 0.02828450 0.35785600
v 0.62231900 0.02828090 0.34362500
v 0.61214300 0.02818950 0.32914200
v 0.59260300 0.02793760 0.31621600
v 0.56688000 0.02759880 0.30520400
v 0.54070200 0.02731830 0.29574700
v 0.51689400 0.02715530 0.28830300
v 0.49535700 0.02707910 0.28414900
v 0.47586200 0.02705820 0.28459900
v 0.45818000 0.02705770 0.29096300
v 0.44233800 0.02705210 0.30369100
v 0.42937500 0.02704030 0.31977500
v 0.42048600 0.02702750 0.33566000
v 0.41605800 0.02701580 0.35056600
v 0.41605800 0.02700400 0.36514300
v 0.42048600 0.02699230 0.38004900
v 0.42937500 0.02697950 0.39593400
v 0.44233900 0.02696570 0.41201800
v 0.45818000 0.02695140 0.42474600
v 0.47586200 0.02694120 0.43111000
v 0.49535700 0.02696210 0.43155900
v 0.51689400 0.02704440 0.42740600
v 0.54070200 0.02721970 0.41996300
v 0.56687800 0.02751500 0.41050600
v 0.59260300 0.02787110 0.39949400
v 0.61214300 0.02814400 0.38656800
v 0.62231800 0.02825850 0.37208500
v 0.62513300 0.02828400 0.35785500
v 0.68312900 0.03483310 0.35786100
v 0.67849500 0.03480090 0.33596000
v 0.66301700 0.03447180 0.31343000
v 0.63500600 0.03360220 0.29407900
v 0.59856000 0.03244120 0.27803300
v 0.56060600 0.03148110 0.26362200
v 0.52473900 0.03092010 0.25127700
v 0.49118200 0.03065950 0.24354700
v 0.46001500 0.03058900 0.24307400
v 0.43131600 0.03059770 0.25249800
v 0.40550300 0.03059660 0.27285500
v 0.38433600 0.03057880 0.29875800
v 0.36977100 0.03055880 0.32380500
v 0.36248100 0.03054100 0.34674300
v 0.36248100 0.03052310 0.36897100
v 0.36977100 0.03050470 0.39191000
v 0.38433600 0.03048470 0.41695600
v 0.40550300 0.03046120 0.44286000
v 0.43131600 0.03043010 0.46321700
v 0.46001500 0.03040610 0.47264100
v 0.49118200 0.03047710 0.47216800
v 0.52473900 0.03074990 0.46443800
v 0.56060600 0.03133140 0.45209400
v 0.59855900 0.03231400 0.43768400
v 0.63500600 0.03350050 0.42164100
v 0.66301700 0.03440130 0.40228900
v 0.67849500 0.03476620 0.37976100
v 0.68312900 0.03483310 0.35786000
v 0.73772100 0.04682500 0.35787100
v 0.73102700 0.04673150 0.32780400
v 0.71024100 0.04593390 0.29643600
v 0.67490300 0.04385580 0.27089100
v 0.62960200 0.04109040 0.25085300
v 0.58141100 0.03880230 0.23235700
v 0.53422800 0.03746150 0.21539500
v 0.48875200 0.03683870 0.20394600
v 0.44554700 0.03667210 0.20216600
v 0.40517700 0.03670120 0.21420700
v 0.36863000 0.03671450 0.24185500
v 0.33860100 0.03669350 0.27740800
v 0.31798800 0.03666650 0.31165100
v 0.30771900 0.03664140 0.34280500
v 0.30771900 0.03661740 0.37291900
v 0.31798700 0.03659290 0.40407300
v 0.33860100 0.03656530 0.43831600
v 0.36863000 0.03653000 0.47386900
v 0.40517700 0.03647280 0.50151600
v 0.44554700 0.03642430 0.51355800
v 0.48875200 0.03659340 0.51177800
v 0.53422700 0.03723470 0.50033000
v 0.58141000 0.03860200 0.48337000
v 0.62960000 0.04091980 0.46487800
v 0.67490300 0.04371730 0.44484500
v 0.71024100 0.04583630 0.41930100
v 0.73102700 0.04668350 0.38793500
v 0.73772100 0.04682500 0.35787000
v 0.78818400 0.06588930 0.35788600
v 0.77922200 0.06569050 0.31906600
v 0.75322400 0.06411730 0.27787400
v 0.71189700 0.06004380 0.24652300
v 0.65995200 0.05462860 0.22408000
v 0.60355700 0.05014740 0.20313500
v 0.54643800 0.04751890 0.18264200
v 0.48984500 0.04629570 0.16797500
v 0.43492600 0.04597020 0.16478800
v 0.38282600 0.04603560 0.17873400
v 0.33524100 0.04607750 0.21244600
v 0.29605500 0.04605650 0.25646500
v 0.26935700 0.04602280 0.29935500
v 0.25623200 0.04599110 0.33875700
v 0.25623200 0.04596100 0.37698200
v 0.26935700 0.04592930 0.41638400
v 0.29605500 0.04589510 0.45927400
v 0.33524100 0.04584600 0.50329300
v 0.38282600 0.04575050 0.53700500
v 0.43492600 0.04566310 0.55095100
v 0.48984500 0.04599320 0.54776400
v 0.54643800 0.04723990 0.53309900
v 0.60355700 0.04990060 0.51261000
v 0.65994600 0.05441500 0.49167300
v 0.71189700 0.05986600 0.46923800
v 0.75322400 0.06399000 0.43789100
v 0.77922200 0.06562870 0.39670400
v 0.78818400 0.06588930 0.35788500
v 0.83380900 0.09343570 0.35790800
v 0.82241900 0.09307850 0.30974500
v 0.79143400 0.09035200 0.25769700
v 0.74563100 0.08331900 0.22107300
v 0.68949600 0.07397540 0.19820100
v 0.62733000 0.06624340 0.17702300
v 0.56219900 0.06170700 0.15474100
v 0.49591000 0.05959570 0.13790500
v 0.43022200 0.05903620 0.13347000
v 0.36689400 0.05915680 0.14839300
v 0.30840600 0.05924470 0.18619000
v 0.26012600 0.05922780 0.23661500
v 0.22762600 0.05918690 0.28708700
v 0.21197400 0.05914860 0.33461400
v 0.21197400 0.05911180 0.38114600
v 0.22762500 0.05907400 0.42867300
v 0.26012600 0.05903470 0.47914500
v 0.30840600 0.05897130 0.52957000
v 0.36689400 0.05882310 0.56736700
v 0.43022200 0.05867900 0.58228900
v 0.49591000 0.05924520 0.57785600
v 0.56219900 0.06138360 0.56102200
v 0.62733000 0.06595570 0.53874800
v 0.68949100 0.07372090 0.51758300
v 0.74563100 0.08310080 0.49472600
v 0.79143400 0.09019250 0.45810900
v 0.82241900 0.09300190 0.40606800
v 0.83381400 0.09343570 0.35790700
v 0.87400200 0.12941800 0.35793700
v 0.86021100 0.12884600 0.30045800
v 0.82472900 0.12457100 0.23742000
v 0.77591100 0.11357000 0.19613500
v 0.71773700 0.09896640 0.17417300
v 0.65197000 0.08689020 0.15433700
v 0.58066800 0.07981630 0.13168500
v 0.50617900 0.07653690 0.11365100
v 0.43087300 0.07568360 0.10820900
v 0.35711600 0.07588800 0.12333200
v 0.28821300 0.07603460 0.16337400
v 0.23121100 0.07601420 0.21820600
v 0.19336300 0.07596000 0.27512300
v 0.17557200 0.07591350 0.33048000
v 0.17557200 0.07586960 0.38530600
v 0.19336300 0.07582820 0.44066400
v 0.23121100 0.07579190 0.49758000
v 0.28821300 0.07572500 0.55241200
v 0.35711600 0.07551440 0.59245400
v 0.43087300 0.07528550 0.60757700
v 0.50617900 0.07614750 0.60213600
v 0.58066700 0.07945610 0.58410800
v 0.65197000 0.08656570 0.56146700
v 0.71773200 0.09867310 0.54165000
v 0.77591100 0.11331200 0.51971000
v 0.82472900 0.12437900 0.47843900
v 0.86021100 0.12875400 0.41541100
v 0.87400200 0.12941800 0.35793500
v 0.90820100 0.17319500 0.35797200
v 0.89228400 0.17235100 0.29207200
v 0.85312900 0.16613700 0.21919900
v 0.80261400 0.15017100 0.17391700
v 0.74402100 0.12899300 0.15314600
v 0.67629200 0.11150700 0.13508400
v 0.60032300 0.10130100 0.11275600
v 0.51898500 0.09660620 0.09416580
v 0.43523800 0.09542330 0.08796730
v 0.35204600 0.09575140 0.10281700
v 0.27353100 0.09596190 0.14376500
v 0.20847100 0.09591740 0.20144400
v 0.16584500 0.09583370 0.26378100
v 0.14628800 0.09577490 0.32649500
v 0.14628800 0.09572480 0.38932400
v 0.16584500 0.09568390 0.45203800
v 0.20847100 0.09566810 0.51437400
v 0.27353100 0.09562110 0.57205400
v 0.35204600 0.09534520 0.61300200
v 0.43523800 0.09499360 0.62785000
v 0.51898500 0.09618620 0.62165400
v 0.60032300 0.10091000 0.60307000
v 0.67629200 0.11115200 0.58075800
v 0.74402100 0.12866600 0.56272500
v 0.80261400 0.14987700 0.54198700
v 0.85312900 0.16591600 0.49672600
v 0.89228400 0.17224600 0.42386600
v 0.90820100 0.17319500 0.35797000
v 0.93585500 0.22412500 0.35801300
v 0.91834400 0.22295400 0.28545500
v 0.87664900 0.21441000 0.20519000
v 0.82561800 0.19249100 0.15662600
v 0.76769500 0.16344500 0.13626900
v 0.69911200 0.13951200 0.11927200
v 0.61964200 0.12561300 0.09723930
v 0.53265600 0.11929100 0.07839890
v 0.44167800 0.11776800 0.07170360
v 0.35023400 0.11826900 0.08610680
v 0.26322500 0.11854200 0.12712500
v 0.19106200 0.11843600 0.18653600
v 0.14434500 0.11829900 0.25338000
v 0.12338000 0.11822100 0.32279500
v 0.12338000 0.11816500 0.39305900
v 0.14434500 0.11813300 0.46247400
v 0.19106200 0.11816400 0.52931800
v 0.26322500 0.11817400 0.58872900
v 0.35023400 0.11783600 0.62974700
v 0.44167800 0.11731200 0.64414900
v 0.53265500 0.11884600 0.63745700
v 0.61964200 0.12519800 0.61862600
v 0.69911200 0.13913200 0.59661500
v 0.76769500 0.16309100 0.57965700
v 0.82561800 0.19216900 0.55934500
v 0.87665400 0.21416700 0.51081000
v 0.91834400 0.22283800 0.43056400
v 0.93586000 0.22412500 0.35801000
v 0.95641600 0.28156600 0.35805800
v 0.93807700 0.28001000 0.28147400
v 0.89531900 0.26875000 0.19755100
v 0.84480500 0.23990100 0.14647100
v 0.78810800 0.20171300 0.12469200
v 0.71923900 0.17032600 0.10690800
v 0.63710100 0.15220700 0.08441600
v 0.54552000 0.14407600 0.06530070
v 0.44854800 0.14222900 0.05837860
v 0.35023000 0.14296300 0.07246550
v 0.25616200 0.14328900 0.11322100
v 0.17814100 0.14307200 0.17368800
v 0.12813500 0.14284700 0.24424000
v 0.10610900 0.14274100 0.31952100
v 0.10610900 0.14268000 0.39637200
v 0.12813400 0.14266600 0.47165400
v 0.17814100 0.14277900 0.54220600
v 0.25616200 0.14289900 0.60267200
v 0.35023000 0.14250800 0.64342800
v 0.44854800 0.14175200 0.65751400
v 0.54552000 0.14361000 0.65059500
v 0.63710100 0.15177100 0.63149200
v 0.71923900 0.16992600 0.60902900
v 0.78810300 0.20134000 0.59129500
v 0.84480500 0.23956400 0.56957600
v 0.89531900 0.26849500 0.51853600
v 0.93807700 0.27988700 0.43463500
v 0.95641600 0.28156700 0.35805600
v 0.96939000 0.34465100 0.35810900
v 0.95121400 0.34265300 0.28091800
v 0.90915700 0.32831000 0.19821800
v 0.86005700 0.29160700 0.14542800
v 0.80462700 0.24307500 0.11944000
v 0.73554400 0.20329500 0.09798280
v 0.65124000 0.18048900 0.07361670
v 0.55598200 0.17041700 0.05389630
v 0.45428300 0.16829400 0.04702640
v 0.35065200 0.16933700 0.06121040
v 0.25125300 0.16970300 0.10184500
v 0.16888900 0.16931400 0.16310800
v 0.11650100 0.16895900 0.23667100
v 0.09374610 0.16881600 0.31680600
v 0.09374610 0.16875100 0.39912900
v 0.11650000 0.16876600 0.47926400
v 0.16888900 0.16900400 0.55282700
v 0.25125300 0.16929600 0.61409100
v 0.35065200 0.16886500 0.65472500
v 0.45428200 0.16779900 0.66890700
v 0.55598100 0.16993300 0.66204100
v 0.65124000 0.18003600 0.64233600
v 0.73554400 0.20288100 0.61800700
v 0.80462700 0.24269300 0.59661200
v 0.86005700 0.29126800 0.57070100
v 0.90915700 0.32805600 0.51796300
v 0.95121400 0.34253000 0.43529200
v 0.96939500 0.34465100 0.35810600
v 0.97499500 0.40988000 0.35816100
v 0.95793400 0.40740800 0.28363100
v 0.91824200 0.38983400 0.20657300
v 0.87133400 0.34493000 0.15279800
v 0.81705900 0.28556100 0.12007800
v 0.74759800 0.23700100 0.09229670
v 0.66143800 0.20938800 0.06471770
v 0.56331200 0.19745000 0.04407300
v 0.45817900 0.19521300 0.03755550
v 0.35090100 0.19669700 0.05232360
v 0.24797300 0.19713200 0.09311890
v 0.16279000 0.19653900 0.15503700
v 0.10890200 0.19603000 0.23089700
v 0.08572890 0.19584300 0.31473800
v 0.08572880 0.19577400 0.40123900
v 0.10890200 0.19582700 0.48508100
v 0.16279000 0.19621500 0.56094200
v 0.24797300 0.19671100 0.62286100
v 0.35090100 0.19621000 0.66365600
v 0.45817900 0.19470300 0.67842200
v 0.56331200 0.19695000 0.67190700
v 0.66143800 0.20892000 0.65128100
v 0.74759800 0.23657800 0.62374600
v 0.81705400 0.28517900 0.59604300
v 0.87133400 0.34460200 0.56341700
v 0.91824200 0.38959400 0.50970700
v 0.95793400 0.40728900 0.43268200
v 0.97500000 0.40988000 0.35815800
v 0.97391700 0.47206200 0.35821000
v 0.95870000 0.46912300 0.28885200
v 0.92269200 0.44857100 0.22036200
v 0.87866700 0.39614100 0.16619700
v 0.82549500 0.32664100 0.12526100
v 0.75548200 0.26977000 0.08950840
v 0.66763700 0.23770700 0.05790290
v 0.56736500 0.22423600 0.03623930
v 0.46010000 0.22215200 0.03041830
v 0.35088000 0.22424600 0.04620730
v 0.24615500 0.22482600 0.08737710
v 0.15951900 0.22404900 0.14973400
v 0.10491000 0.22339000 0.22708600
v 0.08159760 0.22316200 0.31337600
v 0.08159760 0.22309100 0.40264500
v 0.10490900 0.22318200 0.48893600
v 0.15951900 0.22371700 0.56628800
v 0.24615400 0.22439500 0.62864700
v 0.35088000 0.22374900 0.66981600
v 0.46010000 0.22163000 0.68560100
v 0.56736500 0.22372300 0.67978400
v 0.66763700 0.23722900 0.65814100
v 0.75548200 0.26934200 0.62658700
v 0.82549500 0.32626700 0.59092500
v 0.87866700 0.39583400 0.55009900
v 0.92269700 0.44835200 0.49601300
v 0.95870000 0.46901200 0.42755900
v 0.97391700 0.47206200 0.35820800
v 0.96683000 0.52597500 0.35825300
v 0.95396300 0.52262800 0.29581300
v 0.92262600 0.49981000 0.23733300
v 0.88209600 0.44168200 0.18331600
v 0.83005800 0.36405800 0.13373500
v 0.75927400 0.30021000 0.08930040
v 0.66977200 0.26448800 0.05334090
v 0.56798100 0.25000400 0.03079030
v 0.45990500 0.24837700 0.02607100
v 0.35050100 0.25122300 0.04327280
v 0.24563600 0.25203900 0.08495660
v 0.15875600 0.25114700 0.14745900
v 0.10409400 0.25037400 0.22540400
v 0.08089520 0.25011400 0.31277500
v 0.08089510 0.25004200 0.40328900
v 0.10409400 0.25016200 0.49066000
v 0.15875600 0.25081200 0.56860700
v 0.24563600 0.25160400 0.63111000
v 0.35050200 0.25072200 0.67279400
v 0.45990500 0.24784900 0.68999000
v 0.56798100 0.24948300 0.68527400
v 0.66977200 0.26400300 0.66274600
v 0.75927400 0.29978100 0.62684300
v 0.83005800 0.36369800 0.58251200
v 0.88209600 0.44140200 0.53305300
v 0.92263100 0.49961900 0.47912400
v 0.95396300 0.52252700 0.42068400
v 0.96683000 0.52597500 0.35825000
v 0.95442800 0.56639800 0.35828600
v 0.94419900 0.56275200 0.30374700
v 0.91812900 0.53884800 0.25526500
v 0.88159000 0.47804700 0.20194300
v 0.83078400 0.39569700 0.14437300
v 0.75893100 0.32711100 0.09143730
v 0.66764700 0.28894900 0.05123980
v 0.56491200 0.27412500 0.02815470
v 0.45742300 0.27323700 0.02500000
v 0.34967400 0.27689800 0.04394420
v 0.24625700 0.27803200 0.08619880
v 0.16018000 0.27713400 0.14847200
v 0.10602900 0.27631200 0.22601800
v 0.08316420 0.27603900 0.31299300
v 0.08316420 0.27596700 0.40311200
v 0.10602900 0.27610200 0.49008700
v 0.16018000 0.27680000 0.56763600
v 0.24625700 0.27759900 0.62991000
v 0.34967400 0.27639800 0.67216300
v 0.45742300 0.27270700 0.69110100
v 0.56491200 0.27359900 0.68794800
v 0.66764700 0.28846100 0.66488600
v 0.75893100 0.32668600 0.62474900
v 0.83078400 0.39535300 0.57192400
v 0.88159000 0.47779700 0.51448500
v 0.91813400 0.53868500 0.46125500
v 0.94419900 0.56266400 0.41281400
v 0.95442800 0.56639900 0.35828300
v 0.93740300 0.58831300 0.35830300
v 0.92985600 0.58451500 0.31188100
v 0.90925900 0.56107900 0.27196600
v 0.87703700 0.50169500 0.21994000
v 0.82753400 0.41940900 0.15618200
v 0.75419500 0.34933400 0.09582240
v 0.66085100 0.31043000 0.05193010
v 0.55777400 0.29609000 0.02886450
v 0.45245100 0.29616200 0.02775110
v 0.34831400 0.30058300 0.04865530
v 0.24786600 0.30208900 0.09142400
v 0.16347800 0.30133000 0.15300800
v 0.11029400 0.30055400 0.22907800
v 0.08795760 0.30029400 0.31408100
v 0.08795760 0.30022400 0.40206300
v 0.11029400 0.30034900 0.48706700
v 0.16347800 0.30100300 0.56313800
v 0.24786600 0.30166400 0.62472300
v 0.34831400 0.30009100 0.66749000
v 0.45245100 0.29563500 0.68838600
v 0.55777400 0.29556500 0.68727300
v 0.66085100 0.30994300 0.66422900
v 0.75419500 0.34891700 0.62039900
v 0.82752900 0.41908500 0.56015400
v 0.87703700 0.50147300 0.49652500
v 0.90925900 0.56094300 0.44459000
v 0.92985600 0.58444100 0.40471500
v 0.93740300 0.58831400 0.35830000
v 0.91667300 0.59137900 0.35830500
v 0.91159900 0.58755000 0.31932500
v 0.89609600 0.56594000 0.28573100
v 0.86801800 0.51182200 0.23564600
v 0.81970600 0.43468800 0.16837700
v 0.74458900 0.36694600 0.10254300
v 0.64926200 0.32926500 0.05591830
v 0.54685700 0.31615400 0.03346010
v 0.44542400 0.31716400 0.03460980
v 0.34667400 0.32208100 0.05735610
v 0.25046300 0.32392800 0.10038400
v 0.16851500 0.32344500 0.16076800
v 0.11670200 0.32281800 0.23435100
v 0.09506690 0.32260000 0.31595200
v 0.09506690 0.32253300 0.40022700
v 0.11670200 0.32262100 0.48182900
v 0.16851500 0.32313100 0.55541300
v 0.25046300 0.32351800 0.61579800
v 0.34667400 0.32160100 0.65882300
v 0.44542400 0.31664900 0.68156100
v 0.54685700 0.31563700 0.68270900
v 0.64926200 0.32878400 0.66027100
v 0.74458900 0.36653900 0.61370700
v 0.81970100 0.43438300 0.54798300
v 0.86801800 0.51162500 0.48083600
v 0.89609600 0.56582600 0.43083400
v 0.91159900 0.58748700 0.39727600
v 0.91667300 0.59138000 0.35830300
v 0.89334700 0.57993300 0.35829600
v 0.89027100 0.57611800 0.32505900
v 0.87883000 0.55699000 0.29526300
v 0.85395600 0.51043600 0.24760000
v 0.80639500 0.44246700 0.17998600
v 0.72975500 0.38083400 0.11163600
v 0.63357000 0.34636800 0.06380460
v 0.53350500 0.33498600 0.04240000
v 0.43756500 0.33661600 0.04549290
v 0.34535100 0.34159900 0.06946200
v 0.25419600 0.34368800 0.11225000
v 0.17533400 0.34358400 0.17091900
v 0.12529500 0.34319200 0.24122100
v 0.10452200 0.34304000 0.31838300
v 0.10452200 0.34297600 0.39782900
v 0.12529500 0.34300500 0.47499100
v 0.17533400 0.34328500 0.54529400
v 0.25419600 0.34329700 0.60396300
v 0.34535100 0.34114000 0.64674900
v 0.43756500 0.33611900 0.67070900
v 0.53350500 0.33448300 0.67379900
v 0.63357000 0.34589900 0.65241300
v 0.72975500 0.38044100 0.60463600
v 0.80639000 0.44218000 0.53638600
v 0.85395600 0.51025800 0.46888000
v 0.87883000 0.55689100 0.42128700
v 0.89027100 0.57606500 0.39152400
v 0.89334700 0.57993300 0.35829400
v 0.86856000 0.55851300 0.35827900
v 0.86675600 0.55469900 0.32805400
v 0.85776300 0.53808900 0.29920200
v 0.83449900 0.49982300 0.25400000
v 0.78704000 0.44354500 0.18943200
v 0.70999100 0.39137400 0.12270700
v 0.61526800 0.36205600 0.07595800
v 0.51966900 0.35275300 0.05592640
v 0.43033600 0.35461000 0.06012510
v 0.34498200 0.35926200 0.08428520
v 0.25921900 0.36150800 0.12615700
v 0.18398500 0.36186600 0.18260100
v 0.13612400 0.36178000 0.24905900
v 0.11636200 0.36171400 0.32114300
v 0.11636200 0.36165500 0.39509900
v 0.13612400 0.36160700 0.46718300
v 0.18398500 0.36158700 0.53364100
v 0.25921900 0.36113900 0.59008500
v 0.34498200 0.35882600 0.63195300
v 0.43033600 0.35413500 0.65610600
v 0.51966900 0.35227100 0.66030100
v 0.61526800 0.36160700 0.64028400
v 0.70999100 0.39099900 0.59358200
v 0.78704000 0.44327400 0.52694300
v 0.83449900 0.49965700 0.46246200
v 0.85776300 0.53799600 0.41731900
v 0.86675600 0.55465000 0.38849500
v 0.86856000 0.55851300 0.35827700
v 0.84344100 0.53166000 0.35825700
v 0.84195400 0.52780600 0.32727700
v 0.83335400 0.51336100 0.29618000
v 0.80981400 0.48287600 0.25295200
v 0.76214000 0.43912400 0.19468000
v 0.68697700 0.39867800 0.13459300
v 0.59707800 0.37604100 0.09197280
v 0.50795100 0.36911000 0.07367490
v 0.42537700 0.37096400 0.07788530
v 0.34620700 0.37510200 0.10102300
v 0.26568000 0.37751300 0.14121800
v 0.19451900 0.37841400 0.19495600
v 0.14924100 0.37868800 0.25723100
v 0.13062900 0.37872100 0.32400100
v 0.13062900 0.37866600 0.39226700
v 0.14924100 0.37852800 0.45903800
v 0.19451900 0.37815400 0.52131200
v 0.26567900 0.37716800 0.57504900
v 0.34620700 0.37469300 0.61524100
v 0.42537700 0.37051800 0.63837200
v 0.50795100 0.36865700 0.64257900
v 0.59707800 0.37561700 0.62429200
v 0.68697700 0.39832200 0.58170700
v 0.76214000 0.43886200 0.52168800
v 0.80981400 0.48270800 0.46348400
v 0.83335400 0.51326200 0.42030100
v 0.84195400 0.52775700 0.38922900
v 0.84344100 0.53166000 0.35825600
v 0.81903700 0.50387900 0.35823500
v 0.81670700 0.49996100 0.32175200
v 0.80620600 0.48718300 0.28504000
v 0.78083700 0.46326400 0.24305400
v 0.73376100 0.43126000 0.19392700
v 0.66406000 0.40296400 0.14538700
v 0.58259400 0.38761700 0.11021400
v 0.50117000 0.38331900 0.09432830
v 0.42429700 0.38530800 0.09769820
v 0.34962100 0.38910400 0.11874500
v 0.27371300 0.39182200 0.15654000
v 0.20698900 0.39335200 0.20713700
v 0.16469900 0.39402400 0.26511300
v 0.14736400 0.39416600 0.32673200
v 0.14736400 0.39411700 0.38956100
v 0.16469900 0.39387700 0.45118000
v 0.20698900 0.39311200 0.50915600
v 0.27371300 0.39150200 0.55975000
v 0.34962100 0.38872200 0.59754100
v 0.42429600 0.38489400 0.61858100
v 0.50116900 0.38289900 0.62194800
v 0.58259400 0.38722200 0.60606900
v 0.66406000 0.40262500 0.57092100
v 0.73376100 0.43099700 0.52242700
v 0.78083700 0.46308000 0.47335000
v 0.80621100 0.48706800 0.43139900
v 0.81670700 0.49990300 0.39471000
v 0.81903700 0.50388000 0.35823300
v 0.79110700 0.47769800 0.35821400
v 0.78719800 0.47387800 0.31345400
v 0.77357600 0.46280800 0.26975500
v 0.74641300 0.44479900 0.22898500
v 0.70215300 0.42326000 0.19019400
v 0.64131700 0.40582100 0.15489700
v 0.57082500 0.39714000 0.12859200
v 0.49792300 0.39547900 0.11580300
v 0.42609900 0.39792000 0.11831100
v 0.35485600 0.40170500 0.13689300
v 0.28334600 0.40489000 0.17181300
v 0.22156000 0.40707400 0.21888100
v 0.18269100 0.40813900 0.27251500
v 0.16676100 0.40838900 0.32926500
v 0.16676100 0.40834400 0.38705100
v 0.18269100 0.40800400 0.44380100
v 0.22156000 0.40685300 0.49743400
v 0.28334600 0.40459400 0.54449700
v 0.35485600 0.40135200 0.57941300
v 0.42609900 0.39753900 0.59798800
v 0.49792300 0.39509400 0.60049300
v 0.57082400 0.39677400 0.58770600
v 0.64131700 0.40549700 0.56141500
v 0.70214700 0.42299200 0.52614700
v 0.74641300 0.44459300 0.48739000
v 0.77357600 0.46266800 0.44664400
v 0.78719800 0.47380700 0.40296600
v 0.79110700 0.47769800 0.35821200
v 0.74725100 0.45257300 0.35819500
v 0.74233500 0.44942100 0.30889600
v 0.72719000 0.44128000 0.26169600
v 0.70076300 0.43011300 0.22291300
v 0.66210800 0.41860400 0.19199700
v 0.61199500 0.41040600 0.16627500
v 0.55373200 0.40713600 0.14679000
v 0.49098500 0.40763800 0.13689900
v 0.42617200 0.41045400 0.13916800
v 0.36016300 0.41418800 0.15574400
v 0.29445800 0.41771100 0.18766800
v 0.23857700 0.42039500 0.23083900
v 0.20362100 0.42176100 0.27991500
v 0.18924500 0.42209400 0.33177600
v 0.18924500 0.42205200 0.38456200
v 0.20362100 0.42163700 0.43642200
v 0.23857700 0.42019300 0.48549600
v 0.29445800 0.41744100 0.52866300
v 0.36016300 0.41386600 0.56058200
v 0.42617200 0.41010500 0.57715100
v 0.49098500 0.40728600 0.57941600
v 0.55373200 0.40679900 0.56952400
v 0.61199500 0.41010100 0.55004400
v 0.66210800 0.41833900 0.52433700
v 0.70076300 0.42989700 0.49343700
v 0.72719000 0.44112700 0.45466900
v 0.74233500 0.44934200 0.40748400
v 0.74725100 0.45257300 0.35819200
v 0.67574600 0.42845400 0.35817500
v 0.67168900 0.42686600 0.31445500
v 0.65911400 0.42365900 0.27153700
v 0.63741800 0.42108200 0.23523600
v 0.60683500 0.41980300 0.20625800
v 0.56840000 0.41969900 0.18309900
v 0.52356100 0.42062900 0.16629000
v 0.47375700 0.42243300 0.15808100
v 0.42020400 0.42494400 0.16059900
v 0.36380400 0.42801300 0.17587500
v 0.30682600 0.43137000 0.20482800
v 0.25823600 0.43421300 0.24372100
v 0.22773700 0.43571500 0.28783900
v 0.21508400 0.43608700 0.33445600
v 0.21508400 0.43604900 0.38190400
v 0.22773700 0.43560300 0.42852100
v 0.25823600 0.43403200 0.47263600
v 0.30682600 0.43112600 0.51152500
v 0.36380400 0.42772300 0.54047200
v 0.42020400 0.42463000 0.55574400
v 0.47375700 0.42211400 0.55825700
v 0.52356100 0.42032400 0.55004600
v 0.56840000 0.41942000 0.53323500
v 0.60683400 0.41956100 0.51007700
v 0.63741800 0.42088500 0.48110000
v 0.65911400 0.42352100 0.44480000
v 0.67168900 0.42679600 0.40189000
v 0.67574600 0.42845400 0.35817300
v 0.59351500 0.42080100 0.35816900
v 0.59139300 0.42092400 0.32640200
v 0.58356600 0.42229300 0.29274000
v 0.56811600 0.42620600 0.25935400
v 0.54555500 0.43153000 0.22893400
v 0.51764000 0.43594400 0.20444000
v 0.48536900 0.43864200 0.18794900
v 0.44894500 0.44036100 0.18061300
v 0.40852300 0.44190400 0.18352900
v 0.36424300 0.44407400 0.19778800
v 0.31782600 0.44729100 0.22362400
v 0.27739200 0.45043500 0.25782900
v 0.25168800 0.45216800 0.29651500
v 0.24087700 0.45260600 0.33739100
v 0.24087700 0.45257300 0.37899500
v 0.25168800 0.45207000 0.41987100
v 0.27739100 0.45027500 0.45855300
v 0.31782600 0.44707700 0.49275400
v 0.36424300 0.44381900 0.51858500
v 0.40852300 0.44162600 0.53284000
v 0.44894500 0.44007800 0.53575400
v 0.48536900 0.43837100 0.52841500
v 0.51764000 0.43569800 0.51192000
v 0.54555500 0.43132400 0.48742000
v 0.56811600 0.42604800 0.45699100
v 0.58356600 0.42218800 0.42359600
v 0.59139300 0.42087300 0.38993400
v 0.59351500 0.42080100 0.35816700
v 0.54303500 0.45764000 0.35819800
v 0.54134600 0.45797600 0.33171200
v 0.53508000 0.45877500 0.30307200
v 0.52267200 0.45976500 0.27335900
v 0.50459600 0.46053800 0.24554300
v 0.48234500 0.46063600 0.22349200
v 0.45669800 0.46019600 0.20943100
v 0.42770800 0.45995400 0.20392500
v 0.39539900 0.46066800 0.20747000
v 0.35979300 0.46310000 0.22056000
v 0.32223000 0.46748900 0.24307000
v 0.28932300 0.47199800 0.27240200
v 0.26821300 0.47452400 0.30547800
v 0.25920200 0.47517600 0.34042600
v 0.25920200 0.47514800 0.37599600
v 0.26821300 0.47444100 0.41094300
v 0.28932300 0.47186100 0.44401500
v 0.32223000 0.46730500 0.47334000
v 0.35979300 0.46288100 0.49584400
v 0.39539900 0.46042800 0.50892900
v 0.42770800 0.45970800 0.51247300
v 0.45669800 0.45995900 0.50696800
v 0.48234500 0.46042100 0.49290700
v 0.50459600 0.46035900 0.47085800
v 0.52267200 0.45963000 0.44303900
v 0.53508000 0.45868700 0.41332300
v 0.54134600 0.45793400 0.38468200
v 0.54303500 0.45764000 0.35819700
v 0.52594500 0.50619300 0.35823700
v 0.52344100 0.50627300 0.32702400
v 0.51617100 0.50595800 0.29455400
v 0.50444600 0.50459800 0.26299700
v 0.48813600 0.50256600 0.23513000
v 0.46691100 0.50073800 0.21399700
v 0.44100300 0.49962700 0.20128800
v 0.41120100 0.49937400 0.19733300
v 0.37832400 0.50010400 0.20240700
v 0.34318400 0.50194200 0.21678100
v 0.30753500 0.50477500 0.24019500
v 0.27686700 0.50753300 0.27024800
v 0.25697800 0.50905100 0.30412100
v 0.24821400 0.50943400 0.33997900
v 0.24821400 0.50940500 0.37649800
v 0.25697800 0.50896500 0.41235600
v 0.27686700 0.50739200 0.44622600
v 0.30753500 0.50458700 0.47627500
v 0.34318400 0.50171800 0.49968400
v 0.37832400 0.49985600 0.51405500
v 0.41120100 0.49911800 0.51912700
v 0.44100300 0.49937700 0.51517300
v 0.46691100 0.50050900 0.50246600
v 0.48813600 0.50237000 0.48133700
v 0.50444600 0.50444700 0.45347300
v 0.51617200 0.50585600 0.42191500
v 0.52344100 0.50622400 0.38944800
v 0.52594500 0.50619300 0.35823500
v 0.55794300 0.56729000 0.35828600
v 0.55425700 0.56738500 0.32070600
v 0.54302300 0.56756800 0.28238600
v 0.52412800 0.56777900 0.24647100
v 0.49873500 0.56806100 0.21587600
v 0.46864100 0.56850300 0.19335100
v 0.43499900 0.56911700 0.18035400
v 0.39831400 0.56983200 0.17705100
v 0.35905900 0.57057500 0.18355300
v 0.31771000 0.57127300 0.19996900
v 0.27592700 0.57185600 0.22593900
v 0.24010500 0.57226400 0.25920500
v 0.21707000 0.57245300 0.29711000
v 0.20706100 0.57247900 0.33760800
v 0.20706100 0.57244600 0.37897000
v 0.21707000 0.57235600 0.41946800
v 0.24010500 0.57210600 0.45737300
v 0.27592700 0.57164500 0.49063800
v 0.31771000 0.57102100 0.51660600
v 0.35905900 0.57029600 0.53302200
v 0.39831400 0.56954300 0.53952200
v 0.43499900 0.56883300 0.53621800
v 0.46864100 0.56824100 0.52322000
v 0.49873400 0.56783400 0.50069500
v 0.52412800 0.56760100 0.47010000
v 0.54302300 0.56744700 0.43418200
v 0.55425700 0.56732600 0.39586300
v 0.55794300 0.56729000 0.35828400
v 0.57892300 0.67130500 0.35836800
v 0.57477800 0.67140200 0.32109400
v 0.56105100 0.67180600 0.28337500
v 0.53629200 0.67272800 0.24853300
v 0.50325800 0.67395000 0.21929600
v 0.46678000 0.67503800 0.19804500
v 0.42932000 0.67581500 0.18592300
v 0.39095800 0.67633600 0.18283500
v 0.35166500 0.67666300 0.18863300
v 0.31141700 0.67687700 0.20317000
v 0.27112000 0.67702600 0.22618700
v 0.23541000 0.67712300 0.25696900
v 0.20954200 0.67714800 0.29454000
v 0.19606000 0.67713300 0.33659600
v 0.19606000 0.67709700 0.38014800
v 0.20954200 0.67704600 0.42220400
v 0.23540900 0.67695900 0.45977500
v 0.27112000 0.67681600 0.49055800
v 0.31141700 0.67663200 0.51357300
v 0.35166500 0.67639200 0.52811000
v 0.39095800 0.67605500 0.53390800
v 0.42932000 0.67553900 0.53081900
v 0.46678000 0.67478200 0.51869600
v 0.50325700 0.67372500 0.49744400
v 0.53629100 0.67255300 0.46820500
v 0.56105200 0.67168600 0.43335800
v 0.57477800 0.67134200 0.39564000
v 0.57892300 0.67130500 0.35836700
v 0.49629800 0.77286800 0.35844900
v 0.49384700 0.77289900 0.33645000
v 0.48587700 0.77298600 0.31424600
v 0.47171300 0.77317500 0.29383600
v 0.45283000 0.77342500 0.27680100
v 0.43177000 0.77364000 0.26447200
v 0.41004800 0.77378300 0.25741300
v 0.38814300 0.77387500 0.25541300
v 0.36648800 0.77392100 0.25822800
v 0.34551500 0.77394600 0.26561700
v 0.32562700 0.77395700 0.27751400
v 0.30708900 0.77395700 0.29457300
v 0.29050200 0.77394600 0.31737300
v 0.27962600 0.77392600 0.34429800
v 0.27962600 0.77390500 0.37260100
v 0.29050200 0.77388000 0.39952500
v 0.30708900 0.77385400 0.42232500
v 0.32562700 0.77382900 0.43938400
v 0.34551500 0.77379800 0.45128100
v 0.36648800 0.77376200 0.45866900
v 0.38814300 0.77371100 0.46148500
v 0.41004800 0.77362400 0.45948500
v 0.43177000 0.77349200 0.45242500
v 0.45282900 0.77329200 0.44009700
v 0.47171200 0.77307300 0.42306100
v 0.48587800 0.77291400 0.40264900
v 0.49384700 0.77286300 0.38044600
v 0.49629800 0.77286800 0.35844800
v 0.38810100 0.80099200 0.35847100
v 0.38809900 0.80099200 0.35845500
v 0.38809300 0.80099200 0.35843900
v 0.38808400 0.80099200 0.35842500
v 0.38807000 0.80099200 0.35841200
v 0.38805500 0.80099200 0.35840400
v 0.38804000 0.80099200 0.35839800
v 0.38802400 0.80099200 0.35839700
v 0.38800900 0.80099200 0.35839900
v 0.38799500 0.80099200 0.35840400
v 0.38798100 0.80099200 0.35841200
v 0.38796800 0.80099200 0.35842400
v 0.38795500 0.80099200 0.35844000
v 0.38794700 0.80099200 0.35846000
v 0.38794700 0.80099200 0.35848100
v 0.38795500 0.80099200 0.35850100
v 0.38796800 0.80099200 0.35851800
v 0.38798100 0.80099200 0.35853000
v 0.38799500 0.80099200 0.35853800
v 0.38800900 0.80099200 0.35854300
v 0.38802400 0.80099200 0.35854500
v 0.38804000 0.80099200 0.35854300
v 0.38805500 0.80099200 0.35853800
v 0.38807000 0.80099200 0.35852900
v 0.38808400 0.80099200 0.35851700
v 0.38809300 0.80099200 0.35850200
v 0.38809900 0.80099200 0.35848700
v 0.04801150 0.61052900 0.30870300
v 0.04628030 0.61103400 0.31084800
v 0.04474030 0.61155500 0.31353000
v 0.04335910 0.61208200 0.31661000
v 0.04210270 0.61260800 0.31994800
v 0.04093870 0.61312200 0.32340400
v 0.03985180 0.61361300 0.32687400
v 0.03887540 0.61406400 0.33034500
v 0.03804810 0.61445900 0.33381500
v 0.03740990 0.61477800 0.33728600
v 0.03696690 0.61501700 0.34075600
v 0.03668690 0.61518300 0.34422600
v 0.03653410 0.61528400 0.34769600
v 0.03647330 0.61533000 0.35116700
v 0.03647330 0.61532700 0.35463700
v 0.03653670 0.61527600 0.35810700
v 0.03668940 0.61516900 0.36157700
v 0.03696030 0.61500100 0.36504700
v 0.03737820 0.61476300 0.36851700
v 0.03797150 0.61444900 0.37198700
v 0.03876190 0.61405500 0.37545600
v 0.03972310 0.61359500 0.37892600
v 0.04081140 0.61309000 0.38239500
v 0.04199590 0.61255900 0.38584200
v 0.04328760 0.61201600 0.38915900
v 0.04470660 0.61147600 0.39222200
v 0.04627470 0.61095300 0.39490800
v 0.04801150 0.61045900 0.39709300
v 0.05070070 0.60900900 0.30525600
v 0.04992410 0.61222000 0.30281700
v 0.04837020 0.61506900 0.30251700
v 0.04619190 0.61761900 0.30389600
v 0.04354150 0.61993100 0.30649500
v 0.04057230 0.62206600 0.30985300
v 0.03745030 0.62405300 0.31363000
v 0.03437830 0.62583200 0.31778800
v 0.03156490 0.62733000 0.32233700
v 0.02921450 0.62847600 0.32728600
v 0.02742400 0.62926000 0.33260300
v 0.02615580 0.62974600 0.33820400
v 0.02536330 0.63000100 0.34400400
v 0.02500000 0.63009600 0.34991600
v 0.02501480 0.63009000 0.35585800
v 0.02537610 0.62998100 0.36176500
v 0.02612360 0.62971600 0.36756500
v 0.02730400 0.62923800 0.37318200
v 0.02896460 0.62848800 0.37854100
v 0.03115260 0.62740900 0.38356900
v 0.03388520 0.62595900 0.38819900
v 0.03699190 0.62419700 0.39242700
v 0.04022690 0.62222200 0.39627300
v 0.04335400 0.62009600 0.39966900
v 0.04616540 0.61777600 0.40223800
v 0.04846070 0.61518900 0.40353500
v 0.05003950 0.61226500 0.40311600
v 0.05070070 0.60893300 0.40053600
v 0.05392340 0.60770700 0.30203700
v 0.05360200 0.61260500 0.29681700
v 0.05280800 0.61687300 0.29469900
v 0.05144930 0.62067400 0.29506700
v 0.04943400 0.62416900 0.29730500
v 0.04667070 0.62752100 0.30079800
v 0.04319870 0.63080100 0.30506800
v 0.03939300 0.63384400 0.31000000
v 0.03568130 0.63645200 0.31553200
v 0.03248470 0.63842900 0.32160300
v 0.03002230 0.63972500 0.32812700
v 0.02825950 0.64048000 0.33499400
v 0.02714610 0.64083800 0.34208800
v 0.02663150 0.64095000 0.34929500
v 0.02665660 0.64094300 0.35652100
v 0.02717010 0.64080800 0.36372900
v 0.02821600 0.64042900 0.37082600
v 0.02984960 0.63968800 0.37771100
v 0.03212750 0.63846000 0.38428200
v 0.03510390 0.63662500 0.39043800
v 0.03877270 0.63410100 0.39608000
v 0.04273220 0.63106300 0.40113200
v 0.04642490 0.62778700 0.40552700
v 0.04940490 0.62445800 0.40909500
v 0.05161490 0.62096100 0.41130800
v 0.05308490 0.61711200 0.41155900
v 0.05384470 0.61272800 0.40924200
v 0.05392340 0.60762500 0.40375000
v 0.05765660 0.60648500 0.29902800
v 0.05757580 0.61226900 0.29244800
v 0.05783390 0.61724900 0.28942700
v 0.05792940 0.62167200 0.28931000
v 0.05736020 0.62578200 0.29144200
v 0.05562600 0.62982500 0.29516900
v 0.05252180 0.63390700 0.29996200
v 0.04859760 0.63777500 0.30560800
v 0.04452210 0.64111900 0.31194800
v 0.04095450 0.64363600 0.31882200
v 0.03823920 0.64524600 0.32608800
v 0.03632460 0.64614100 0.33362900
v 0.03513610 0.64653300 0.34133200
v 0.03459800 0.64663500 0.34907900
v 0.03462620 0.64663000 0.35680300
v 0.03516620 0.64649600 0.36456100
v 0.03628120 0.64607000 0.37227200
v 0.03805020 0.64518200 0.37982800
v 0.04055080 0.64366200 0.38712400
v 0.04386090 0.64133800 0.39405400
v 0.04795790 0.63809900 0.40050300
v 0.05217690 0.63422100 0.40630000
v 0.05560090 0.63013000 0.41125400
v 0.05756770 0.62612000 0.41508600
v 0.05831780 0.62201900 0.41720700
v 0.05829020 0.61754900 0.41696200
v 0.05792380 0.61243400 0.41369600
v 0.05765660 0.60639800 0.40675500
v 0.06189610 0.60520300 0.29621000
v 0.06210860 0.61129100 0.28930900
v 0.06325420 0.61648100 0.28605100
v 0.06450970 0.62104200 0.28581300
v 0.06504980 0.62524200 0.28797500
v 0.06405080 0.62935400 0.29191600
v 0.06112660 0.63349600 0.29711000
v 0.05700300 0.63741000 0.30327800
v 0.05258260 0.64077700 0.31018100
v 0.04875500 0.64328600 0.31757900
v 0.04596350 0.64485600 0.32528600
v 0.04409590 0.64569800 0.33317900
v 0.04300550 0.64604100 0.34113900
v 0.04254460 0.64611300 0.34904900
v 0.04256920 0.64611000 0.35687300
v 0.04303210 0.64600000 0.36480700
v 0.04405350 0.64561000 0.37278100
v 0.04577090 0.64475800 0.38068400
v 0.04831960 0.64326500 0.38840300
v 0.05183660 0.64094900 0.39582800
v 0.05631680 0.63769100 0.40282800
v 0.06085270 0.63377400 0.40915900
v 0.06418110 0.62963700 0.41453300
v 0.06542180 0.62557900 0.41859700
v 0.06504570 0.62140300 0.42076600
v 0.06382090 0.61680300 0.42040600
v 0.06251490 0.61147500 0.41688400
v 0.06189610 0.60511200 0.40956700
v 0.06688210 0.60369400 0.29360600
v 0.06749380 0.60974300 0.28702400
v 0.06920980 0.61485500 0.28394500
v 0.07105580 0.61926900 0.28381400
v 0.07205720 0.62322300 0.28608000
v 0.07124090 0.62695400 0.29018700
v 0.06815440 0.63058000 0.29565000
v 0.06367370 0.63391600 0.30215300
v 0.05888490 0.63672700 0.30940800
v 0.05485800 0.63878500 0.31712600
v 0.05209570 0.64004600 0.32508900
v 0.05039420 0.64069800 0.33315900
v 0.04950610 0.64094100 0.34120500
v 0.04918470 0.64097900 0.34909700
v 0.04919900 0.64097800 0.35683100
v 0.04952140 0.64090000 0.36476000
v 0.05034970 0.64059500 0.37282600
v 0.05190200 0.63990900 0.38090300
v 0.05439450 0.63868700 0.38886600
v 0.05804640 0.63677400 0.39659000
v 0.06289710 0.63406500 0.40392800
v 0.06786160 0.63075900 0.41059100
v 0.07141170 0.62717700 0.41623800
v 0.07248080 0.62352700 0.42047900
v 0.07163620 0.61962000 0.42277000
v 0.06980460 0.61518100 0.42253300
v 0.06791120 0.60993300 0.41919000
v 0.06688210 0.60359900 0.41216300
v 0.07301640 0.60177400 0.29126400
v 0.07404720 0.60768800 0.28522900
v 0.07606340 0.61266000 0.28249500
v 0.07809040 0.61687700 0.28258000
v 0.07915340 0.62052300 0.28499900
v 0.07827880 0.62378300 0.28926900
v 0.07503530 0.62676500 0.29494700
v 0.07037440 0.62937800 0.30169600
v 0.06546570 0.63150400 0.30919500
v 0.06146120 0.63302600 0.31712400
v 0.05887370 0.63394300 0.32523800
v 0.05742200 0.63440400 0.33338500
v 0.05677620 0.63456500 0.34141800
v 0.05660450 0.63458200 0.34918800
v 0.05660810 0.63458300 0.35672600
v 0.05677620 0.63452200 0.36454900
v 0.05737300 0.63428800 0.37260800
v 0.05868160 0.63376600 0.38076000
v 0.06098600 0.63284400 0.38886600
v 0.06457100 0.63140800 0.39678300
v 0.06952430 0.62937300 0.40434900
v 0.07468880 0.62683100 0.41124700
v 0.07841790 0.62394100 0.41710200
v 0.07954970 0.62079200 0.42151000
v 0.07864130 0.61721500 0.42397300
v 0.07662720 0.61298700 0.42397100
v 0.07444080 0.60788200 0.42098500
v 0.07301630 0.60167600 0.41449600
v 0.08065180 0.59932700 0.28920500
v 0.08203720 0.60522600 0.28358800
v 0.08413100 0.61018700 0.28115200
v 0.08608000 0.61435500 0.28145700
v 0.08703100 0.61787100 0.28406300
v 0.08613200 0.62087700 0.28853000
v 0.08302850 0.62347200 0.29443900
v 0.07863670 0.62563900 0.30143300
v 0.07407270 0.62734300 0.30916100
v 0.07043480 0.62855000 0.31727600
v 0.06819430 0.62929300 0.32551000
v 0.06704150 0.62968300 0.33369700
v 0.06661740 0.62983500 0.34167800
v 0.06656380 0.62986700 0.34929300
v 0.06655870 0.62986700 0.35660400
v 0.06660420 0.62978800 0.36428600
v 0.06698530 0.62955100 0.37230000
v 0.06800680 0.62908100 0.38049200
v 0.06997480 0.62830100 0.38870800
v 0.07319430 0.62713400 0.39679500
v 0.07778150 0.62551500 0.40457200
v 0.08264180 0.62345500 0.41170000
v 0.08620620 0.62099200 0.41777700
v 0.08735390 0.61812300 0.42238300
v 0.08655420 0.61469600 0.42504600
v 0.08462560 0.61052700 0.42528300
v 0.08238540 0.60543200 0.42261000
v 0.08065170 0.59922500 0.41654300
v 0.08984980 0.59663200 0.28729600
v 0.09146880 0.60264900 0.28192800
v 0.09343920 0.60773300 0.27971700
v 0.09510870 0.61200100 0.28023800
v 0.09582500 0.61556900 0.28306800
v 0.09493670 0.61855300 0.28777900
v 0.09219970 0.62104500 0.29395900
v 0.08840970 0.62307100 0.30122400
v 0.08452570 0.62464800 0.30919400
v 0.08149150 0.62579200 0.31749200
v 0.07969850 0.62655000 0.32583300
v 0.07885070 0.62700000 0.33404200
v 0.07860900 0.62722500 0.34195300
v 0.07863420 0.62730700 0.34940000
v 0.07862370 0.62730400 0.35647800
v 0.07858490 0.62716900 0.36400800
v 0.07878700 0.62685300 0.37196000
v 0.07951830 0.62631000 0.38017400
v 0.08106710 0.62549500 0.38848700
v 0.08372190 0.62436300 0.39673800
v 0.08760590 0.62286900 0.40473700
v 0.09178870 0.62097500 0.41212000
v 0.09492640 0.61864600 0.41845700
v 0.09604420 0.61582000 0.42330700
v 0.09547530 0.61235700 0.42620300
v 0.09384000 0.60809500 0.42667300
v 0.09175810 0.60287200 0.42424200
v 0.08984960 0.59652700 0.41843900
v 0.10057000 0.59410600 0.28534900
v 0.10225500 0.60031600 0.28013000
v 0.10391400 0.60559600 0.27811500
v 0.10512700 0.61004700 0.27887300
v 0.10547500 0.61377300 0.28197300
v 0.10454000 0.61687700 0.28698300
v 0.10219900 0.61944900 0.29347700
v 0.09909110 0.62153900 0.30104400
v 0.09597340 0.62319200 0.30927200
v 0.09359070 0.62445300 0.31775500
v 0.09223970 0.62536900 0.32619000
v 0.09165940 0.62598600 0.33440300
v 0.09155340 0.62635400 0.34222900
v 0.09162570 0.62651900 0.34950300
v 0.09161250 0.62651100 0.35635500
v 0.09152230 0.62628500 0.36372600
v 0.09159080 0.62582200 0.37160200
v 0.09207000 0.62510600 0.37982200
v 0.09321200 0.62412200 0.38822000
v 0.09526890 0.62285400 0.39663300
v 0.09836110 0.62128100 0.40486700
v 0.10176600 0.61934100 0.41253500
v 0.10443000 0.61695500 0.41917600
v 0.10557100 0.61402900 0.42432300
v 0.10536700 0.61042300 0.42749800
v 0.10420700 0.60598300 0.42821900
v 0.10247900 0.60056000 0.42600400
v 0.10057000 0.59399800 0.42037200
v 0.11277300 0.59216500 0.28317800
v 0.11431000 0.59858800 0.27807700
v 0.11548100 0.60407500 0.27627100
v 0.11608600 0.60872400 0.27730900
v 0.11592200 0.61263800 0.28073800
v 0.11478800 0.61591600 0.28610600
v 0.11267600 0.61864900 0.29296400
v 0.11007800 0.62090400 0.30086700
v 0.10756400 0.62274400 0.30937400
v 0.10569200 0.62423100 0.31804500
v 0.10467200 0.62540300 0.32656300
v 0.10427700 0.62626900 0.33476500
v 0.10425400 0.62683800 0.34249400
v 0.10434800 0.62711700 0.34959700
v 0.10433400 0.62710100 0.35623800
v 0.10422000 0.62675400 0.36345100
v 0.10420800 0.62608800 0.37124100
v 0.10451500 0.62512200 0.37945200
v 0.10535700 0.62387400 0.38792400
v 0.10695000 0.62236500 0.39649900
v 0.10941000 0.62060000 0.40498500
v 0.11220900 0.61850500 0.41297200
v 0.11456800 0.61597500 0.41996700
v 0.11588500 0.61289300 0.42547100
v 0.11619400 0.60911400 0.42898400
v 0.11566400 0.60448400 0.43000000
v 0.11446600 0.59884800 0.42801700
v 0.11277300 0.59205300 0.42253200
v 0.12635500 0.59112400 0.28059300
v 0.12750800 0.59773200 0.27564000
v 0.12803900 0.60338700 0.27409600
v 0.12791200 0.60819600 0.27547800
v 0.12709000 0.61226300 0.27930600
v 0.12553400 0.61569400 0.28509900
v 0.12332900 0.61858800 0.29237700
v 0.12086900 0.62102500 0.30066000
v 0.11859700 0.62308600 0.30947200
v 0.11694600 0.62484700 0.31833800
v 0.11606400 0.62633500 0.32693100
v 0.11574100 0.62751000 0.33510800
v 0.11574400 0.62833000 0.34273400
v 0.11584200 0.62875100 0.34967600
v 0.11582800 0.62872500 0.35613200
v 0.11571200 0.62822800 0.36319600
v 0.11567900 0.62731200 0.37089500
v 0.11592500 0.62603900 0.37908500
v 0.11664600 0.62446900 0.38762200
v 0.11804000 0.62266500 0.39636300
v 0.12022300 0.62066800 0.40512400
v 0.12280500 0.61839600 0.41347200
v 0.12519600 0.61572100 0.42087700
v 0.12691900 0.61250300 0.42680800
v 0.12789100 0.60858700 0.43073100
v 0.12811700 0.60380800 0.43211100
v 0.12760300 0.59800300 0.43041400
v 0.12635500 0.59100800 0.42510600
v 0.14094200 0.59085700 0.27740600
v 0.14156200 0.59761100 0.27264700
v 0.14136200 0.60339400 0.27143100
v 0.14042400 0.60832100 0.27323900
v 0.13882900 0.61250600 0.27755200
v 0.13665800 0.61606400 0.28385300
v 0.13406700 0.61910700 0.29162300
v 0.13140300 0.62173300 0.30034600
v 0.12904000 0.62403700 0.30950400
v 0.12734600 0.62611400 0.31858500
v 0.12643300 0.62797300 0.32725500
v 0.12608600 0.62951400 0.33540100
v 0.12607300 0.63063200 0.34292600
v 0.12616300 0.63122200 0.34973100
v 0.12615000 0.63118400 0.35604500
v 0.12604800 0.63050900 0.36298200
v 0.12603700 0.62929800 0.37059400
v 0.12631400 0.62766400 0.37876000
v 0.12707200 0.62571900 0.38736200
v 0.12850600 0.62357500 0.39628200
v 0.13074100 0.62131700 0.40535500
v 0.13346600 0.61885800 0.41412300
v 0.13619900 0.61604400 0.42201600
v 0.13852800 0.61271600 0.42845900
v 0.14028100 0.60869900 0.43288100
v 0.14134500 0.60381600 0.43470800
v 0.14160400 0.59788800 0.43336600
v 0.14094200 0.59073600 0.42828300
v 0.15608600 0.59111200 0.27342700
v 0.15614100 0.59798200 0.26891400
v 0.15519100 0.60386000 0.26810200
v 0.15341100 0.60887500 0.27042700
v 0.15097200 0.61315500 0.27532600
v 0.14804800 0.61682900 0.28223700
v 0.14485800 0.62002300 0.29059500
v 0.14173800 0.62285200 0.29983800
v 0.13904300 0.62543100 0.30940300
v 0.13711800 0.62787000 0.31873200
v 0.13605400 0.63015700 0.32748800
v 0.13562100 0.63212300 0.33560800
v 0.13556900 0.63358800 0.34304400
v 0.13564600 0.63437400 0.34975000
v 0.13563500 0.63432200 0.35598500
v 0.13555200 0.63344100 0.36283300
v 0.13559200 0.63189000 0.37037100
v 0.13596100 0.62984000 0.37852000
v 0.13686400 0.62746200 0.38719800
v 0.13850800 0.62492800 0.39632400
v 0.14103200 0.62237300 0.40576200
v 0.14416500 0.61970700 0.41503000
v 0.14746700 0.61675100 0.42350600
v 0.15054600 0.61332300 0.43056800
v 0.15315700 0.60922900 0.43559600
v 0.15509100 0.60427300 0.43796600
v 0.15613700 0.59825700 0.43705900
v 0.15608600 0.59098500 0.43225200
v 0.17134800 0.59165100 0.26847800
v 0.17091900 0.59860800 0.26426800
v 0.16927200 0.60455700 0.26394500
v 0.16666400 0.60964300 0.26689300
v 0.16335100 0.61400900 0.27249500
v 0.15958900 0.61780000 0.28013400
v 0.15566400 0.62115700 0.28919200
v 0.15192800 0.62421400 0.29905300
v 0.14874500 0.62710500 0.30910100
v 0.14647200 0.62995900 0.31872500
v 0.14519100 0.63273500 0.32758800
v 0.14464100 0.63518500 0.33569400
v 0.14454000 0.63704600 0.34306500
v 0.14460800 0.63805700 0.34972400
v 0.14459800 0.63798800 0.35596100
v 0.14453500 0.63687200 0.36277000
v 0.14463500 0.63493400 0.37026100
v 0.14512600 0.63241100 0.37840700
v 0.14623600 0.62954200 0.38717900
v 0.14819300 0.62656300 0.39655000
v 0.15115900 0.62366900 0.40642500
v 0.15486800 0.62076600 0.41628900
v 0.15888600 0.61765400 0.42546400
v 0.16280700 0.61412400 0.43327000
v 0.16631200 0.60996300 0.43902500
v 0.16910200 0.60495200 0.44205000
v 0.17088000 0.59887600 0.44166400
v 0.17134800 0.59151600 0.43718800
v 0.18647900 0.59240900 0.26258900
v 0.18567900 0.59942200 0.25873700
v 0.18340500 0.60541600 0.25898800
v 0.17999400 0.61055400 0.26266100
v 0.17578800 0.61499600 0.26907800
v 0.17112700 0.61890200 0.27755900
v 0.16636600 0.62243300 0.28742700
v 0.16189700 0.62574100 0.29800100
v 0.15811800 0.62898100 0.30860200
v 0.15541700 0.63229800 0.31856100
v 0.15387700 0.63562500 0.32754700
v 0.15319600 0.63862000 0.33564600
v 0.15304900 0.64092700 0.34297500
v 0.15311200 0.64218900 0.34964700
v 0.15310300 0.64210100 0.35597700
v 0.15305600 0.64072200 0.36280400
v 0.15321700 0.63835000 0.37027400
v 0.15384500 0.63529700 0.37843000
v 0.15519900 0.63187600 0.38731100
v 0.15754000 0.62840000 0.39695900
v 0.16105300 0.62512500 0.40733400
v 0.16546000 0.62196100 0.41788800
v 0.17030300 0.61867900 0.42787400
v 0.17513400 0.61504700 0.43654300
v 0.17955500 0.61082900 0.44314500
v 0.18317800 0.60578500 0.44693200
v 0.18561600 0.59967700 0.44715500
v 0.18647900 0.59226300 0.44306500
v 0.20137800 0.59345200 0.25594900
v 0.20029400 0.60048700 0.25251100
v 0.19743500 0.60649300 0.25340900
v 0.19322900 0.61165300 0.25789600
v 0.18809900 0.61614700 0.26522200
v 0.18247200 0.62015500 0.27464000
v 0.17678000 0.62385600 0.28540100
v 0.17147100 0.62742700 0.29675800
v 0.16699700 0.63104200 0.30796200
v 0.16379900 0.63486800 0.31827700
v 0.16196500 0.63880300 0.32738100
v 0.16114300 0.64240300 0.33547000
v 0.16095400 0.64520700 0.34277300
v 0.16101900 0.64675000 0.34951600
v 0.16101100 0.64664100 0.35603700
v 0.16097500 0.64496800 0.36293800
v 0.16119600 0.64211400 0.37040700
v 0.16197300 0.63847400 0.37857200
v 0.16360400 0.63444300 0.38756000
v 0.16638800 0.63041900 0.39749700
v 0.17054200 0.62673200 0.40841400
v 0.17575900 0.62329200 0.41972800
v 0.18152700 0.61984100 0.43061300
v 0.18734000 0.61612100 0.44024400
v 0.19271200 0.61187100 0.44779400
v 0.19716200 0.60682700 0.45243600
v 0.20021100 0.60072300 0.45334500
v 0.20137800 0.59329800 0.44969400
v 0.21595000 0.59485900 0.24875200
v 0.21463400 0.60187300 0.24578200
v 0.21121200 0.60784900 0.24739500
v 0.20619500 0.61298900 0.25276800
v 0.20009800 0.61749800 0.26107900
v 0.19343500 0.62158000 0.27150400
v 0.18672000 0.62543600 0.28322100
v 0.18047300 0.62926800 0.29540700
v 0.17521700 0.63327600 0.30723800
v 0.17146100 0.63765000 0.31790700
v 0.16930400 0.64224800 0.32711000
v 0.16833400 0.64651400 0.33517100
v 0.16810900 0.64986600 0.34245600
v 0.16818200 0.65171900 0.34932900
v 0.16817600 0.65158600 0.35614400
v 0.16814600 0.64959000 0.36317400
v 0.16842500 0.64620300 0.37065400
v 0.16935900 0.64191700 0.37881600
v 0.17129300 0.63722100 0.38789000
v 0.17457400 0.63260600 0.39810900
v 0.17945400 0.62848400 0.40958800
v 0.18558100 0.62476300 0.42170700
v 0.19237100 0.62115800 0.43355600
v 0.19924000 0.61737900 0.44422500
v 0.20560800 0.61313500 0.45280400
v 0.21090000 0.60813400 0.45837900
v 0.21454000 0.60208400 0.46004300
v 0.21595000 0.59469200 0.45688300
v 0.23009800 0.59670000 0.24119500
v 0.22857400 0.60364800 0.23874400
v 0.22458100 0.60954000 0.24112800
v 0.21872200 0.61460900 0.24744700
v 0.21160200 0.61908400 0.25679900
v 0.20382700 0.62319800 0.26828100
v 0.19599900 0.62718100 0.28099100
v 0.18872500 0.63126100 0.29402700
v 0.18260900 0.63567000 0.30648800
v 0.17824300 0.64062400 0.31748900
v 0.17574100 0.64593900 0.32675100
v 0.17462200 0.65093000 0.33475400
v 0.17436700 0.65488200 0.34202300
v 0.17445700 0.65707700 0.34908500
v 0.17445100 0.65691600 0.35630000
v 0.17442300 0.65456400 0.36351500
v 0.17475600 0.65059600 0.37101100
v 0.17585300 0.64560600 0.37914400
v 0.17811200 0.64019100 0.38826800
v 0.18193500 0.63494500 0.39874000
v 0.18761200 0.63037100 0.41077700
v 0.19474100 0.62637900 0.42372300
v 0.20264400 0.62264700 0.43657700
v 0.21064500 0.61885100 0.44834000
v 0.21806800 0.61466600 0.45800900
v 0.22423500 0.60976700 0.46458200
v 0.22847000 0.60382700 0.46705900
v 0.23009800 0.59652100 0.46443700
v 0.24372600 0.59905100 0.23347200
v 0.24198700 0.60588100 0.23158900
v 0.23739000 0.61163000 0.23479300
v 0.23063700 0.61656100 0.24210300
v 0.22242500 0.62094000 0.25253300
v 0.21345800 0.62503100 0.26509900
v 0.20443200 0.62909700 0.27881700
v 0.19604900 0.63340300 0.29270200
v 0.18900600 0.63821100 0.30577100
v 0.18398800 0.64377100 0.31705900
v 0.18112500 0.64985400 0.32632400
v 0.17985700 0.65563100 0.33422400
v 0.17958200 0.66023600 0.34147200
v 0.17969700 0.66280300 0.34878100
v 0.17969100 0.66261300 0.35650900
v 0.17965800 0.65987100 0.36396200
v 0.18004200 0.65526900 0.37147200
v 0.18130400 0.64951800 0.37953800
v 0.18390500 0.64333100 0.38865900
v 0.18830600 0.63742000 0.39933500
v 0.19484500 0.63238800 0.41190400
v 0.20305500 0.62814400 0.42567500
v 0.21215600 0.62432700 0.43955100
v 0.22137200 0.62057000 0.45244000
v 0.22991800 0.61651100 0.46324300
v 0.23701200 0.61178200 0.47086100
v 0.24187500 0.60602100 0.47420100
v 0.24372600 0.59886000 0.47216400
v 0.25672600 0.60196600 0.22580100
v 0.25473000 0.60862200 0.22454200
v 0.24947400 0.61415900 0.22861100
v 0.24175600 0.61887900 0.23694000
v 0.23237800 0.62308800 0.24846400
v 0.22213900 0.62708800 0.26211400
v 0.21184000 0.63118300 0.27682400
v 0.20228000 0.63567600 0.29152500
v 0.19426000 0.64087200 0.30515100
v 0.18856000 0.64705700 0.31665800
v 0.18532800 0.65395100 0.32585000
v 0.18391800 0.66056700 0.33358900
v 0.18363500 0.66587600 0.34080200
v 0.18378500 0.66884700 0.34841600
v 0.18377900 0.66862300 0.35677200
v 0.18373500 0.66546000 0.36451700
v 0.18416000 0.66017500 0.37203100
v 0.18558500 0.65360900 0.37997800
v 0.18853700 0.64660400 0.38902300
v 0.19354300 0.64000100 0.39983100
v 0.20099000 0.63451500 0.41287700
v 0.21034600 0.63005200 0.42744100
v 0.22072100 0.62620400 0.44232800
v 0.23122700 0.62255600 0.45634700
v 0.24097200 0.61870100 0.46830300
v 0.24906300 0.61422400 0.47700100
v 0.25461200 0.60871600 0.48124700
v 0.25672600 0.60176200 0.47984900
v 0.26873800 0.60506400 0.21887100
v 0.26637900 0.61151700 0.21851900
v 0.26040700 0.61680200 0.22359100
v 0.25171400 0.62126400 0.23296300
v 0.24119100 0.62524700 0.24550600
v 0.22973100 0.62909800 0.26009700
v 0.21822600 0.63316100 0.27560800
v 0.20756800 0.63778200 0.29091400
v 0.19865000 0.64330600 0.30488900
v 0.19234400 0.65005900 0.31643500
v 0.18880700 0.65771500 0.32541900
v 0.18730400 0.66513100 0.33291200
v 0.18704700 0.67111400 0.34006200
v 0.18724800 0.67447100 0.34801500
v 0.18724000 0.67421500 0.35707600
v 0.18716500 0.67064800 0.36513900
v 0.18760000 0.66471000 0.37262700
v 0.18914000 0.65736900 0.38037600
v 0.19238200 0.64959400 0.38922100
v 0.19792400 0.64235300 0.39999700
v 0.20620100 0.63647100 0.41332600
v 0.21662500 0.63184900 0.42847700
v 0.22820400 0.62802900 0.44418400
v 0.23995000 0.62455100 0.45918600
v 0.25086800 0.62095400 0.47221400
v 0.25996600 0.61677800 0.48200100
v 0.26625400 0.61156400 0.48728500
v 0.26873900 0.60485000 0.48679800
v 0.27914900 0.60753400 0.21384500
v 0.27621800 0.61381100 0.21512800
v 0.26950000 0.61886800 0.22153800
v 0.25994700 0.62308300 0.23196600
v 0.24850800 0.62683700 0.24529700
v 0.23613200 0.63051100 0.26042200
v 0.22377000 0.63448300 0.27622800
v 0.21237100 0.63913500 0.29160300
v 0.20288500 0.64484600 0.30543700
v 0.19624200 0.65197600 0.31664600
v 0.19259200 0.66016400 0.32518700
v 0.19112500 0.66815100 0.33231000
v 0.19097000 0.67462400 0.33934700
v 0.19125200 0.67826200 0.34762800
v 0.19123900 0.67798100 0.35738900
v 0.19109200 0.67412300 0.36575000
v 0.19144900 0.66771300 0.37315300
v 0.19297000 0.65982000 0.38058000
v 0.19631500 0.65150700 0.38901200
v 0.20214200 0.64383600 0.39943300
v 0.21094000 0.63771400 0.41259700
v 0.22208600 0.63303700 0.42781600
v 0.23452500 0.62930500 0.44383000
v 0.24720300 0.62601700 0.45938800
v 0.25906100 0.62267500 0.47322600
v 0.26904100 0.61877700 0.48408600
v 0.27609000 0.61382300 0.49071100
v 0.27914900 0.60731100 0.49184200
v 0.28732900 0.60854200 0.21190600
v 0.28351300 0.61472900 0.21600400
v 0.27605100 0.61964600 0.22428800
v 0.26588700 0.62369200 0.23578200
v 0.25397000 0.62726500 0.24950900
v 0.24124500 0.63076400 0.26449500
v 0.22865800 0.63459000 0.27976600
v 0.21715700 0.63913900 0.29434400
v 0.20768700 0.64481300 0.30725400
v 0.20117400 0.65198800 0.31755100
v 0.19774100 0.66029500 0.32531400
v 0.19652100 0.66843300 0.33190200
v 0.19658100 0.67504300 0.33875300
v 0.19699000 0.67876800 0.34730600
v 0.19696600 0.67848200 0.35768200
v 0.19668100 0.67453700 0.36627100
v 0.19682400 0.66799800 0.37349600
v 0.19810300 0.65996400 0.38043100
v 0.20122900 0.65153100 0.38815200
v 0.20691100 0.64379500 0.39773200
v 0.21568200 0.63769000 0.41002600
v 0.22693100 0.63310400 0.42447200
v 0.23960200 0.62951700 0.43995300
v 0.25264300 0.62640800 0.45535400
v 0.26499300 0.62325500 0.46955700
v 0.27559400 0.61953700 0.48144000
v 0.28339300 0.61473100 0.48989000
v 0.28732900 0.60831700 0.49378800
v 0.29772300 0.60179200 0.48489900
v 0.29682900 0.60063500 0.48928300
v 0.29435800 0.59684800 0.49068500
v 0.29062500 0.59095200 0.48928300
v 0.28594600 0.58346800 0.48525400
v 0.28063600 0.57491800 0.47877600
v 0.27501100 0.56582300 0.47002500
v 0.26938600 0.55670600 0.45918000
v 0.26407600 0.54808600 0.44641700
v 0.25939800 0.54048500 0.43191500
v 0.25561200 0.53433900 0.41587800
v 0.25277300 0.52973300 0.39862700
v 0.25088100 0.52666800 0.38050800
v 0.24993400 0.52514400 0.36186900
v 0.24993400 0.52515800 0.34305700
v 0.25088100 0.52671300 0.32442100
v 0.25277300 0.52980700 0.30630700
v 0.25561200 0.53444000 0.28906300
v 0.25939800 0.54061200 0.27303600
v 0.26407600 0.54823500 0.25854600
v 0.26938600 0.55687500 0.24579700
v 0.27501100 0.56601000 0.23496600
v 0.28063600 0.57511900 0.22623000
v 0.28594600 0.58368000 0.21976500
v 0.29062500 0.59117000 0.21574800
v 0.29435800 0.59706800 0.21435600
v 0.29682900 0.60085300 0.21576400
v 0.29772300 0.60200300 0.22015000
v 0.26501300 0.59945300 0.47152100
v 0.26431900 0.59785100 0.47530900
v 0.26247000 0.59411200 0.47647200
v 0.25969600 0.58866900 0.47516200
v 0.25622900 0.58195600 0.47152800
v 0.25230100 0.57440700 0.46572200
v 0.24814400 0.56645400 0.45789500
v 0.24399100 0.55853200 0.44819700
v 0.24007200 0.55107200 0.43677800
v 0.23661900 0.54451000 0.42379000
v 0.23382600 0.53920500 0.40941100
v 0.23173100 0.53523100 0.39392900
v 0.23033400 0.53258600 0.37765900
v 0.22963600 0.53127000 0.36091700
v 0.22963600 0.53128300 0.34401900
v 0.23033400 0.53262600 0.32727900
v 0.23173100 0.53529700 0.31101300
v 0.23382600 0.53929600 0.29553700
v 0.23661900 0.54462400 0.28116700
v 0.24007200 0.55120700 0.26818900
v 0.24399100 0.55868400 0.25678300
v 0.24814400 0.56662200 0.24709700
v 0.25230100 0.57458700 0.23928300
v 0.25622900 0.58214600 0.23348900
v 0.25969600 0.58886400 0.22986600
v 0.26247000 0.59430900 0.22856400
v 0.26431900 0.59804600 0.22973300
v 0.26501300 0.59964300 0.23352400
v 0.23830600 0.59772900 0.46044800
v 0.23768800 0.59576600 0.46376400
v 0.23623300 0.59208500 0.46477500
v 0.23411000 0.58704400 0.46360000
v 0.23148800 0.58100200 0.46036200
v 0.22853800 0.57431700 0.45518100
v 0.22542800 0.56734800 0.44817700
v 0.22233000 0.56045200 0.43947300
v 0.21941100 0.55398900 0.42918900
v 0.21684200 0.54831600 0.41744600
v 0.21476500 0.54373400 0.40439400
v 0.21320600 0.54030000 0.39030200
v 0.21216800 0.53801500 0.37546700
v 0.21164800 0.53687900 0.36018700
v 0.21164800 0.53689100 0.34475800
v 0.21216800 0.53805200 0.32948000
v 0.21320600 0.54036000 0.31464800
v 0.21476500 0.54381600 0.30056200
v 0.21684200 0.54842000 0.28751700
v 0.21941100 0.55411100 0.27578300
v 0.22233000 0.56059000 0.26550900
v 0.22542800 0.56750000 0.25681600
v 0.22853800 0.57448000 0.24982400
v 0.23148800 0.58117300 0.24465300
v 0.23411000 0.58722100 0.24142500
v 0.23623300 0.59226400 0.24025800
v 0.23768800 0.59594300 0.24127400
v 0.23830600 0.59790100 0.24459300
v 0.21683600 0.59652800 0.45143000
v 0.21618800 0.59428300 0.45438400
v 0.21493200 0.59067200 0.45531500
v 0.21319300 0.58598900 0.45431000
v 0.21109900 0.58053000 0.45146100
v 0.20877400 0.57459000 0.44685400
v 0.20634600 0.56846400 0.44058100
v 0.20393900 0.56244600 0.43273000
v 0.20168100 0.55683400 0.42339000
v 0.19969800 0.55192200 0.41265200
v 0.19809600 0.54795600 0.40063700
v 0.19689300 0.54498400 0.38760400
v 0.19609100 0.54300700 0.37384300
v 0.19569000 0.54202400 0.35964700
v 0.19569000 0.54203600 0.34530600
v 0.19609100 0.54304100 0.33111100
v 0.19689300 0.54504000 0.31735400
v 0.19809600 0.54803200 0.30432600
v 0.19969800 0.55201800 0.29231700
v 0.20168100 0.55694700 0.28158600
v 0.20393900 0.56257400 0.27225600
v 0.20634600 0.56860400 0.26441500
v 0.20877400 0.57474000 0.25815100
v 0.21109900 0.58068700 0.25355400
v 0.21319300 0.58615100 0.25071300
v 0.21493200 0.59083600 0.24971600
v 0.21618800 0.59444500 0.25065200
v 0.21683600 0.59668600 0.25361000
v 0.19983800 0.59576100 0.44421500
v 0.19907400 0.59330500 0.44690300
v 0.19785300 0.58977600 0.44781300
v 0.19627500 0.58541500 0.44700300
v 0.19443700 0.58046400 0.44452700
v 0.19243900 0.57516600 0.44044500
v 0.19037900 0.56976300 0.43481100
v 0.18835600 0.56449700 0.42768500
v 0.18647000 0.55961000 0.41912100
v 0.18481800 0.55534500 0.40917700
v 0.18348300 0.55190300 0.39794900
v 0.18248200 0.54932500 0.38569300
v 0.18181500 0.54761000 0.37270100
v 0.18148100 0.54675900 0.35926900
v 0.18148100 0.54676900 0.34569100
v 0.18181500 0.54764300 0.33226000
v 0.18248200 0.54937800 0.31927200
v 0.18348300 0.55197600 0.30701900
v 0.18481800 0.55543600 0.29579700
v 0.18647000 0.55971700 0.28586000
v 0.18835600 0.56461700 0.27730400
v 0.19037900 0.56989400 0.27018600
v 0.19243900 0.57530600 0.26456100
v 0.19443700 0.58061100 0.26048700
v 0.19627500 0.58556500 0.25802000
v 0.19785300 0.58992700 0.25721600
v 0.19907400 0.59345600 0.25813200
v 0.19983800 0.59590700 0.26082400
v 0.18654500 0.59533500 0.43855300
v 0.18559900 0.59273300 0.44105400
v 0.18428300 0.58930000 0.44199000
v 0.18268100 0.58523200 0.44138600
v 0.18087800 0.58072900 0.43926600
v 0.17896000 0.57598900 0.43565500
v 0.17701200 0.57120700 0.43057700
v 0.17511700 0.56658500 0.42405800
v 0.17336200 0.56231800 0.41612200
v 0.17183100 0.55860400 0.40679300
v 0.17059500 0.55561000 0.39614200
v 0.16966800 0.55336700 0.38442800
v 0.16904900 0.55187600 0.37195400
v 0.16874000 0.55113600 0.35902400
v 0.16874000 0.55114600 0.34594300
v 0.16904900 0.55190700 0.33301500
v 0.16966800 0.55341800 0.32054300
v 0.17059500 0.55568000 0.30883200
v 0.17183100 0.55869100 0.29818700
v 0.17336200 0.56241900 0.28886400
v 0.17511700 0.56669900 0.28093400
v 0.17701200 0.57133200 0.27442200
v 0.17896000 0.57612100 0.26935200
v 0.18087800 0.58086700 0.26574800
v 0.18268100 0.58537400 0.26363600
v 0.18428300 0.58944200 0.26303800
v 0.18559900 0.59287400 0.26397900
v 0.18654500 0.59547200 0.26648500
v 0.17619200 0.59516100 0.43419400
v 0.17501800 0.59247000 0.43657300
v 0.17350600 0.58914700 0.43756700
v 0.17173900 0.58535300 0.43717200
v 0.16979900 0.58125000 0.43538200
v 0.16776800 0.57699700 0.43218800
v 0.16572700 0.57275700 0.42758600
v 0.16375900 0.56868900 0.42157000
v 0.16194500 0.56495600 0.41413200
v 0.16036800 0.56171700 0.40526800
v 0.15909500 0.55910700 0.39502500
v 0.15814000 0.55715300 0.38366700
v 0.15750400 0.55585300 0.37151300
v 0.15718600 0.55520900 0.35888200
v 0.15718600 0.55521900 0.34609200
v 0.15750400 0.55588300 0.33346200
v 0.15814000 0.55720200 0.32131000
v 0.15909500 0.55917500 0.30995500
v 0.16036800 0.56180100 0.29971700
v 0.16194500 0.56505400 0.29085700
v 0.16375900 0.56880000 0.28342600
v 0.16572700 0.57287700 0.27741600
v 0.16776800 0.57712400 0.27282100
v 0.16979900 0.58138100 0.26963400
v 0.17173900 0.58548800 0.26784900
v 0.17350600 0.58928200 0.26746100
v 0.17501800 0.59260300 0.26846100
v 0.17619200 0.59529100 0.27084400
v 0.16801300 0.59514800 0.43088700
v 0.16658300 0.59241700 0.43319300
v 0.16480800 0.58922100 0.43426600
v 0.16277600 0.58568800 0.43407200
v 0.16057400 0.58195000 0.43257700
v 0.15828900 0.57813400 0.42974600
v 0.15600800 0.57437200 0.42554400
v 0.15381800 0.57079300 0.41993800
v 0.15180600 0.56752600 0.41289300
v 0.15005900 0.56470200 0.40437300
v 0.14865100 0.56242700 0.39440800
v 0.14759400 0.56072400 0.38326900
v 0.14688900 0.55959300 0.37129200
v 0.14653700 0.55903200 0.35881300
v 0.14653700 0.55904200 0.34616700
v 0.14688900 0.55962300 0.33368900
v 0.14759400 0.56077300 0.32171400
v 0.14865100 0.56249400 0.31057800
v 0.15005900 0.56478500 0.30061500
v 0.15180600 0.56762200 0.29210100
v 0.15381800 0.57090000 0.28506000
v 0.15600800 0.57448900 0.27946000
v 0.15828900 0.57825700 0.27526500
v 0.16057400 0.58207700 0.27244000
v 0.16277600 0.58581800 0.27095100
v 0.16480800 0.58935000 0.27076300
v 0.16658300 0.59254600 0.27184100
v 0.16801300 0.59527300 0.27415100
v 0.16124200 0.59520500 0.42838100
v 0.15954900 0.59247700 0.43064800
v 0.15747500 0.58942400 0.43180600
v 0.15511900 0.58614800 0.43179500
v 0.15257900 0.58275300 0.43055600
v 0.14995300 0.57934100 0.42803100
v 0.14733700 0.57601400 0.42416000
v 0.14483100 0.57287600 0.41888300
v 0.14253100 0.57002900 0.41214300
v 0.14053600 0.56757600 0.40387900
v 0.13892700 0.56560300 0.39410100
v 0.13772000 0.56412500 0.38309200
v 0.13691500 0.56314400 0.37120400
v 0.13651300 0.56265900 0.35878800
v 0.13651300 0.56266900 0.34619700
v 0.13691500 0.56317400 0.33378300
v 0.13772000 0.56417400 0.32189600
v 0.13892700 0.56566900 0.31089000
v 0.14053600 0.56765800 0.30111500
v 0.14253100 0.57012400 0.29285500
v 0.14483100 0.57298200 0.28611900
v 0.14733700 0.57612800 0.28084700
v 0.14995300 0.57946100 0.27698200
v 0.15257900 0.58287700 0.27446100
v 0.15511900 0.58627400 0.27322800
v 0.15747500 0.58955000 0.27322300
v 0.15954900 0.59260200 0.27438600
v 0.16124200 0.59532600 0.27665700
v 0.15511400 0.59524200 0.42642600
v 0.15316900 0.59255200 0.42867400
v 0.15079300 0.58966100 0.42990900
v 0.14809600 0.58664500 0.43005200
v 0.14519100 0.58358500 0.42902400
v 0.14218800 0.58055800 0.42674700
v 0.13919800 0.57764300 0.42314000
v 0.13633400 0.57492000 0.41812500
v 0.13370700 0.57246500 0.41162300
v 0.13142800 0.57035900 0.40355400
v 0.12959000 0.56866500 0.39391400
v 0.12821100 0.56739900 0.38299400
v 0.12729200 0.56655800 0.37116000
v 0.12683200 0.56614300 0.35877800
v 0.12683200 0.56615200 0.34621300
v 0.12729200 0.56658800 0.33383200
v 0.12821100 0.56744700 0.32199900
v 0.12959000 0.56873200 0.31108100
v 0.13142800 0.57044000 0.30144400
v 0.13370700 0.57255900 0.29337900
v 0.13633400 0.57502400 0.28688100
v 0.13919800 0.57775600 0.28187000
v 0.14218800 0.58067600 0.27826800
v 0.14519100 0.58370600 0.27599500
v 0.14809600 0.58676900 0.27497200
v 0.15079300 0.58978400 0.27512100
v 0.15316900 0.59267300 0.27636000
v 0.15511400 0.59536000 0.27861200
v 0.14899300 0.59519100 0.42480500
v 0.14682500 0.59256900 0.42703900
v 0.14416900 0.58985600 0.42833400
v 0.14114900 0.58711000 0.42859300
v 0.13789100 0.58438600 0.42772600
v 0.13452200 0.58174100 0.42563700
v 0.13116600 0.57923100 0.42223300
v 0.12794900 0.57691000 0.41742200
v 0.12499700 0.57483700 0.41111000
v 0.12243700 0.57306600 0.40320200
v 0.12037100 0.57164400 0.39368500
v 0.11882200 0.57058100 0.38285500
v 0.11778900 0.56987600 0.37108700
v 0.11727300 0.56952800 0.35875700
v 0.11727300 0.56953800 0.34623900
v 0.11778900 0.56990500 0.33391000
v 0.11882200 0.57062900 0.32214300
v 0.12037100 0.57171000 0.31131500
v 0.12243700 0.57314700 0.30180000
v 0.12499700 0.57493000 0.29389600
v 0.12794900 0.57701400 0.28758700
v 0.13116600 0.57934200 0.28277900
v 0.13452200 0.58185800 0.27937900
v 0.13789100 0.58450600 0.27729500
v 0.14114900 0.58723100 0.27643100
v 0.14416900 0.58997700 0.27669500
v 0.14682500 0.59268700 0.27799400
v 0.14899300 0.59530600 0.28023300
v 0.14276700 0.59507700 0.42343600
v 0.14040400 0.59254600 0.42566300
v 0.13749500 0.59002800 0.42699600
v 0.13417900 0.58755800 0.42733300
v 0.13059500 0.58517200 0.42657300
v 0.12688300 0.58290300 0.42461500
v 0.12318200 0.58078800 0.42135600
v 0.11963300 0.57886000 0.41669400
v 0.11637500 0.57715600 0.41052900
v 0.11354800 0.57570900 0.40275800
v 0.11126700 0.57455000 0.39336000
v 0.10955700 0.57368400 0.38263400
v 0.10841700 0.57311000 0.37096000
v 0.10784600 0.57282800 0.35871700
v 0.10784600 0.57283700 0.34628500
v 0.10841700 0.57313900 0.33404200
v 0.10955700 0.57373200 0.32236900
v 0.11126700 0.57461500 0.31164500
v 0.11354800 0.57578900 0.30224800
v 0.11637500 0.57724800 0.29448000
v 0.11963300 0.57896200 0.28831700
v 0.12318200 0.58089700 0.28365900
v 0.12688300 0.58301800 0.28040300
v 0.13059500 0.58529000 0.27844800
v 0.13417900 0.58767700 0.27769200
v 0.13749500 0.59014700 0.27803400
v 0.14040400 0.59266300 0.27937000
v 0.14276700 0.59519000 0.28160100
v 0.13645600 0.59495000 0.42227200
v 0.13392200 0.59253100 0.42449600
v 0.13078700 0.59021800 0.42584800
v 0.12720200 0.58802600 0.42622500
v 0.12332200 0.58597200 0.42552200
v 0.11929800 0.58407000 0.42363600
v 0.11528300 0.58233600 0.42046400
v 0.11143000 0.58078600 0.41590100
v 0.10789100 0.57943600 0.40984300
v 0.10481900 0.57829900 0.40218800
v 0.10234000 0.57739100 0.39291200
v 0.10048200 0.57671300 0.38231200
v 0.09924300 0.57626300 0.37076600
v 0.09862350 0.57604400 0.35865400
v 0.09862350 0.57605400 0.34635300
v 0.09924300 0.57629300 0.33424100
v 0.10048200 0.57676000 0.32269600
v 0.10234000 0.57745500 0.31209700
v 0.10481900 0.57837800 0.30282200
v 0.10789100 0.57952700 0.29516900
v 0.11143000 0.58088700 0.28911400
v 0.11528300 0.58244500 0.28455400
v 0.11929800 0.58418400 0.28138400
v 0.12332200 0.58608800 0.27950100
v 0.12720200 0.58814400 0.27880200
v 0.13078700 0.59033500 0.27918200
v 0.13392200 0.59264500 0.28053800
v 0.13645600 0.59506100 0.28276600
v 0.13008000 0.59485600 0.42126200
v 0.12739400 0.59256600 0.42349100
v 0.12405800 0.59046500 0.42484300
v 0.12023700 0.58854900 0.42522100
v 0.11609400 0.58681800 0.42452500
v 0.11179400 0.58526900 0.42265600
v 0.10750200 0.58389900 0.41951400
v 0.10338000 0.58270600 0.41500100
v 0.09959300 0.58168900 0.40901600
v 0.09630500 0.58084600 0.40146100
v 0.09365280 0.58017400 0.39231300
v 0.09166370 0.57967300 0.38186800
v 0.09033760 0.57934300 0.37049400
v 0.08967450 0.57918200 0.35856400
v 0.08967450 0.57919200 0.34644800
v 0.09033760 0.57937100 0.33451800
v 0.09166370 0.57972000 0.32314500
v 0.09365280 0.58023700 0.31270000
v 0.09630500 0.58092400 0.30355400
v 0.09959290 0.58178000 0.29600000
v 0.10338000 0.58280600 0.29001700
v 0.10750200 0.58400600 0.28550500
v 0.11179400 0.58538000 0.28236600
v 0.11609400 0.58693300 0.28049900
v 0.12023700 0.58866500 0.27980600
v 0.12405800 0.59058000 0.28018700
v 0.12739300 0.59267900 0.28154300
v 0.13008000 0.59496500 0.28377400
v 0.12365700 0.59484400 0.42036200
v 0.12083300 0.59269700 0.42260000
v 0.11732300 0.59080900 0.42393400
v 0.11329800 0.58916300 0.42427700
v 0.10893300 0.58774100 0.42353800
v 0.10440000 0.58652500 0.42163000
v 0.09987350 0.58549700 0.41846500
v 0.09552660 0.58463800 0.41395500
v 0.09153230 0.58393200 0.40800900
v 0.08806410 0.58336000 0.40054200
v 0.08526650 0.58290800 0.39153800
v 0.08316830 0.58257000 0.38128200
v 0.08176940 0.58235000 0.37013000
v 0.08107000 0.58224400 0.35844200
v 0.08107010 0.58225300 0.34657500
v 0.08176940 0.58237800 0.33488700
v 0.08316830 0.58261600 0.32373600
v 0.08526650 0.58296900 0.31348000
v 0.08806420 0.58343600 0.30447700
v 0.09153230 0.58402000 0.29701000
v 0.09552650 0.58473600 0.29106600
v 0.09987350 0.58560200 0.28655700
v 0.10440000 0.58663500 0.28339400
v 0.10893200 0.58785400 0.28148800
v 0.11329800 0.58927800 0.28075100
v 0.11732300 0.59092300 0.28109600
v 0.12083300 0.59280900 0.28243400
v 0.12365700 0.59495200 0.28467600
v 0.11720700 0.59496400 0.41952000
v 0.11425700 0.59296800 0.42177600
v 0.11059600 0.59129300 0.42307500
v 0.10640300 0.58990400 0.42334400
v 0.10185800 0.58877300 0.42251400
v 0.09714160 0.58786600 0.42051300
v 0.09243290 0.58715200 0.41727200
v 0.08791200 0.58659900 0.41272100
v 0.08375860 0.58617700 0.40678700
v 0.08015260 0.58585200 0.39940000
v 0.07724380 0.58559800 0.39056000
v 0.07506220 0.58541100 0.38053500
v 0.07360780 0.58528900 0.36966300
v 0.07288050 0.58523400 0.35828500
v 0.07288050 0.58524300 0.34673700
v 0.07360780 0.58531700 0.33535800
v 0.07506220 0.58545600 0.32448700
v 0.07724380 0.58565900 0.31446300
v 0.08015260 0.58592600 0.30562200
v 0.08375860 0.58626300 0.29823700
v 0.08791190 0.58669500 0.29230300
v 0.09243290 0.58725500 0.28775200
v 0.09714160 0.58797400 0.28451300
v 0.10185800 0.58888400 0.28251400
v 0.10640300 0.59001700 0.28168500
v 0.11059600 0.59140400 0.28195700
v 0.11425700 0.59307800 0.28325800
v 0.11720700 0.59507100 0.28551700
v 0.11074900 0.59526300 0.41869000
v 0.10767900 0.59342400 0.42097300
v 0.10389200 0.59195400 0.42221700
v 0.09956820 0.59080800 0.42237700
v 0.09489230 0.58994400 0.42140800
v 0.09004680 0.58931800 0.41926100
v 0.08521450 0.58888700 0.41589400
v 0.08057860 0.58860700 0.41125800
v 0.07632170 0.58843700 0.40531000
v 0.07262700 0.58833100 0.39800300
v 0.06964680 0.58825400 0.38935100
v 0.06741150 0.58820000 0.37960600
v 0.06592150 0.58816600 0.36908100
v 0.06517650 0.58815400 0.35808800
v 0.06517650 0.58816300 0.34693900
v 0.06592150 0.58819300 0.33594500
v 0.06741150 0.58824300 0.32542000
v 0.06964680 0.58831300 0.31567600
v 0.07262700 0.58840400 0.30702400
v 0.07632170 0.58852100 0.29971700
v 0.08057850 0.58870100 0.29376900
v 0.08521450 0.58898800 0.28913400
v 0.09004670 0.58942400 0.28576700
v 0.09489220 0.59005300 0.28362200
v 0.09956820 0.59092000 0.28265300
v 0.10389200 0.59206500 0.28281500
v 0.10767900 0.59353400 0.28406200
v 0.11074900 0.59536800 0.28634800
v 0.10430200 0.59579000 0.41782300
v 0.10111500 0.59411000 0.42014100
v 0.09722440 0.59283500 0.42131500
v 0.09281040 0.59191100 0.42133000
v 0.08805590 0.59128500 0.42017300
v 0.08314270 0.59090700 0.41782900
v 0.07825280 0.59072300 0.41428500
v 0.07356840 0.59068000 0.40952800
v 0.06927150 0.59072600 0.40354300
v 0.06554390 0.59080800 0.39631700
v 0.06253790 0.59088300 0.38788400
v 0.06028290 0.59094200 0.37847600
v 0.05878020 0.59098400 0.36837100
v 0.05802860 0.59101000 0.35784700
v 0.05802860 0.59101800 0.34718400
v 0.05878020 0.59101000 0.33666000
v 0.06028290 0.59098300 0.32655500
v 0.06253790 0.59094000 0.31714600
v 0.06554390 0.59087800 0.30871400
v 0.06927150 0.59080700 0.30148800
v 0.07356840 0.59077000 0.29550300
v 0.07825280 0.59082100 0.29074500
v 0.08314270 0.59101100 0.28720200
v 0.08805580 0.59139300 0.28485900
v 0.09281040 0.59202000 0.28370200
v 0.09722430 0.59294400 0.28371900
v 0.10111500 0.59421800 0.28489400
v 0.10430200 0.59589400 0.28721600
v 0.09788530 0.59659300 0.41687100
v 0.09458040 0.59507000 0.41923500
v 0.09060850 0.59397500 0.42032200
v 0.08614630 0.59324800 0.42015600
v 0.08137010 0.59282900 0.41876400
v 0.07645670 0.59266000 0.41617200
v 0.07158250 0.59268200 0.41240400
v 0.06692400 0.59283400 0.40748800
v 0.06265790 0.59305800 0.40144700
v 0.05896060 0.59329400 0.39430900
v 0.05597910 0.59349200 0.38613400
v 0.05374310 0.59364400 0.37712500
v 0.05225260 0.59374700 0.36752000
v 0.05150710 0.59380300 0.35755800
v 0.05150710 0.59381100 0.34747700
v 0.05225260 0.59377100 0.33751500
v 0.05374310 0.59368200 0.32791000
v 0.05597910 0.59354600 0.31890100
v 0.05896060 0.59336000 0.31072600
v 0.06265790 0.59313600 0.30358700
v 0.06692400 0.59292200 0.29754700
v 0.07158250 0.59277700 0.29262900
v 0.07645670 0.59276200 0.28886200
v 0.08137000 0.59293500 0.28627000
v 0.08614620 0.59335500 0.28487900
v 0.09060850 0.59408200 0.28471400
v 0.09458030 0.59517700 0.28580200
v 0.09788540 0.59669600 0.28816900
v 0.09152490 0.59770400 0.41577400
v 0.08809990 0.59633400 0.41818600
v 0.08407220 0.59540200 0.41916600
v 0.07960780 0.59484400 0.41878600
v 0.07487270 0.59459700 0.41711700
v 0.07003290 0.59459700 0.41423200
v 0.06525420 0.59478000 0.41020100
v 0.06070300 0.59508300 0.40509800
v 0.05654520 0.59544200 0.39899200
v 0.05294650 0.59579400 0.39195700
v 0.05004570 0.59608700 0.38408300
v 0.04786950 0.59630800 0.37554200
v 0.04641930 0.59645700 0.36652400
v 0.04569380 0.59653700 0.35722000
v 0.04569380 0.59654400 0.34782000
v 0.04641930 0.59648000 0.33851600
v 0.04786950 0.59634400 0.32949700
v 0.05004570 0.59613700 0.32095600
v 0.05294650 0.59585700 0.31308200
v 0.05654520 0.59551600 0.30604500
v 0.06070300 0.59516700 0.29994000
v 0.06525420 0.59487200 0.29483500
v 0.07003290 0.59469500 0.29080500
v 0.07487260 0.59470000 0.28791900
v 0.07960780 0.59495000 0.28625200
v 0.08407210 0.59550900 0.28587200
v 0.08809980 0.59643900 0.28685300
v 0.09152500 0.59780500 0.28926700
v 0.08527120 0.59908800 0.41442600
v 0.08174240 0.59787600 0.41684800
v 0.07769830 0.59709700 0.41768600
v 0.07328960 0.59668600 0.41706100
v 0.06866720 0.59657800 0.41509200
v 0.06398190 0.59670700 0.41189900
v 0.05938420 0.59700900 0.40760100
v 0.05502510 0.59742000 0.40231800
v 0.05105540 0.59787300 0.39617000
v 0.04762620 0.59830500 0.38927500
v 0.04486240 0.59866000 0.38175800
v 0.04278940 0.59892900 0.37375300
v 0.04140770 0.59911000 0.36540000
v 0.04071690 0.59920400 0.35683800
v 0.04071690 0.59921100 0.34820600
v 0.04140770 0.59913100 0.33964400
v 0.04278940 0.59896200 0.33129100
v 0.04486240 0.59870700 0.32328600
v 0.04762620 0.59836300 0.31576700
v 0.05105540 0.59794300 0.30887200
v 0.05502510 0.59749900 0.30272300
v 0.05938420 0.59709700 0.29743900
v 0.06398190 0.59680200 0.29314100
v 0.06866710 0.59667700 0.28994800
v 0.07328960 0.59678900 0.28797900
v 0.07769820 0.59720100 0.28735500
v 0.08174230 0.59797900 0.28819400
v 0.08527140 0.59918700 0.29061800
v 0.07918140 0.60069400 0.41270800
v 0.07558700 0.59965500 0.41505300
v 0.07158330 0.59902700 0.41569500
v 0.06730160 0.59874700 0.41480000
v 0.06287360 0.59875000 0.41253000
v 0.05843070 0.59897500 0.40905000
v 0.05410380 0.59935700 0.40452200
v 0.05002470 0.59983300 0.39910900
v 0.04632530 0.60034100 0.39297700
v 0.04313640 0.60081600 0.38628800
v 0.04056770 0.60120500 0.37919300
v 0.03864140 0.60149900 0.37179200
v 0.03735680 0.60169800 0.36417200
v 0.03671500 0.60180000 0.35642100
v 0.03671500 0.60180600 0.34862700
v 0.03735680 0.60171600 0.34087600
v 0.03864140 0.60153000 0.33325600
v 0.04056770 0.60124800 0.32585500
v 0.04313640 0.60086900 0.31875900
v 0.04632530 0.60040500 0.31206900
v 0.05002470 0.59990800 0.30593600
v 0.05410380 0.59944000 0.30052300
v 0.05843070 0.59906500 0.29599400
v 0.06287360 0.59884600 0.29251300
v 0.06730160 0.59884600 0.29024300
v 0.07158330 0.59912800 0.28934900
v 0.07558700 0.59975500 0.28999200
v 0.07918150 0.60079000 0.29233800
v 0.07331240 0.60247100 0.41050200
v 0.06971290 0.60163000 0.41263400
v 0.06582390 0.60115900 0.41300900
v 0.06175450 0.60100100 0.41182300
v 0.05761210 0.60109500 0.40927400
v 0.05350650 0.60138300 0.40556000
v 0.04954540 0.60180800 0.40088000
v 0.04583730 0.60231200 0.39543100
v 0.04249100 0.60283400 0.38941200
v 0.03961530 0.60331800 0.38301900
v 0.03730010 0.60371400 0.37642400
v 0.03556380 0.60401200 0.36969300
v 0.03440590 0.60421200 0.36286500
v 0.03382700 0.60431600 0.35597900
v 0.03382700 0.60432100 0.34907300
v 0.03440590 0.60422900 0.34218600
v 0.03556380 0.60403900 0.33535800
v 0.03730010 0.60375200 0.32862700
v 0.03961530 0.60336600 0.32203200
v 0.04249100 0.60289300 0.31563800
v 0.04583730 0.60238000 0.30961800
v 0.04954540 0.60188500 0.30416800
v 0.05350650 0.60146800 0.29948700
v 0.05761210 0.60118500 0.29577300
v 0.06175450 0.60109500 0.29322400
v 0.06582390 0.60125500 0.29203900
v 0.06971290 0.60172600 0.29241400
v 0.07331240 0.60256300 0.29454800
v 0.06772160 0.60436600 0.40768800
v 0.06419950 0.60376000 0.40942600
v 0.06051750 0.60346100 0.40944000
v 0.05675780 0.60342200 0.40794600
v 0.05300370 0.60359000 0.40516400
v 0.04933700 0.60391600 0.40130800
v 0.04584090 0.60435100 0.39659600
v 0.04259730 0.60484300 0.39124500
v 0.03968940 0.60534400 0.38547100
v 0.03719990 0.60580200 0.37949200
v 0.03519690 0.60617600 0.37348800
v 0.03369470 0.60645800 0.36749300
v 0.03269370 0.60664800 0.36150500
v 0.03219290 0.60674500 0.35552000
v 0.03219290 0.60674900 0.34953600
v 0.03269370 0.60666200 0.34355100
v 0.03369520 0.60648200 0.33756200
v 0.03519690 0.60621000 0.33156700
v 0.03719990 0.60584500 0.32556200
v 0.03968940 0.60539600 0.31958300
v 0.04259730 0.60490500 0.31380900
v 0.04584040 0.60442100 0.30845700
v 0.04933700 0.60399400 0.30374400
v 0.05300370 0.60367300 0.29988800
v 0.05675780 0.60350900 0.29710400
v 0.06051750 0.60355200 0.29561100
v 0.06419950 0.60385000 0.29562600
v 0.06772160 0.60445400 0.29736400
v 0.06246530 0.60633000 0.40415000
v 0.05912510 0.60600300 0.40526000
v 0.05575930 0.60590100 0.40480200
v 0.05242170 0.60598400 0.40299100
v 0.04916730 0.60621600 0.40004100
v 0.04604890 0.60655700 0.39616800
v 0.04312150 0.60697000 0.39158500
v 0.04043950 0.60741700 0.38650900
v 0.03805680 0.60786000 0.38115300
v 0.03602770 0.60826000 0.37573200
v 0.03439670 0.60858600 0.37042000
v 0.03317400 0.60883100 0.36522500
v 0.03235850 0.60899600 0.36011400
v 0.03195070 0.60908000 0.35505200
v 0.03195070 0.60908400 0.35000700
v 0.03235850 0.60900800 0.34494600
v 0.03317400 0.60885100 0.33983400
v 0.03439670 0.60861400 0.33463800
v 0.03602770 0.60829700 0.32932600
v 0.03805680 0.60790500 0.32390500
v 0.04043950 0.60747100 0.31854800
v 0.04312150 0.60703300 0.31347100
v 0.04604890 0.60662700 0.30888800
v 0.04916680 0.60629200 0.30501400
v 0.05242220 0.60606500 0.30206400
v 0.05575930 0.60598400 0.30025300
v 0.05912510 0.60608700 0.29979500
v 0.06246530 0.60641200 0.30090500
v 0.05760140 0.60830900 0.39976800
v 0.05456980 0.60832000 0.39997000
v 0.05164710 0.60844500 0.39891100
v 0.04885720 0.60866300 0.39677500
v 0.04622360 0.60895200 0.39374800
v 0.04377000 0.60928900 0.39001700
v 0.04152070 0.60965300 0.38576700
v 0.03949930 0.61002100 0.38118500
v 0.03772980 0.61037100 0.37645500
v 0.03623620 0.61068100 0.37176300
v 0.03503800 0.61093300 0.36725700
v 0.03413920 0.61112200 0.36292500
v 0.03354030 0.61125000 0.35871800
v 0.03324040 0.61131500 0.35458500
v 0.03324040 0.61131900 0.35047800
v 0.03354030 0.61126000 0.34634500
v 0.03413920 0.61113900 0.34213800
v 0.03503800 0.61095700 0.33780600
v 0.03623620 0.61071200 0.33329900
v 0.03772980 0.61040900 0.32860700
v 0.03949930 0.61006700 0.32387700
v 0.04152070 0.60970600 0.31929300
v 0.04377000 0.60934900 0.31504300
v 0.04622360 0.60901800 0.31131100
v 0.04885720 0.60873400 0.30828500
v 0.05164710 0.60851900 0.30614800
v 0.05456980 0.60839500 0.30508800
v 0.05760140 0.60838500 0.30529000
v 0.05318610 0.61025400 0.39442400
v 0.05061230 0.61066800 0.39339000
v 0.04827720 0.61106200 0.39157900
v 0.04617360 0.61143200 0.38911700
v 0.04429270 0.61177800 0.38612600
v 0.04262740 0.61209600 0.38273300
v 0.04116960 0.61238600 0.37906000
v 0.03991110 0.61264400 0.37523200
v 0.03884520 0.61286900 0.37137400
v 0.03796280 0.61305800 0.36760900
v 0.03725820 0.61321000 0.36403300
v 0.03672930 0.61332500 0.36062600
v 0.03637720 0.61340200 0.35734100
v 0.03620100 0.61344200 0.35412800
v 0.03620100 0.61344500 0.35093900
v 0.03637720 0.61341000 0.34772600
v 0.03672930 0.61333800 0.34444000
v 0.03725820 0.61322800 0.34103300
v 0.03796280 0.61308200 0.33745700
v 0.03884520 0.61289900 0.33369200
v 0.03991110 0.61268000 0.32983300
v 0.04116960 0.61242800 0.32600500
v 0.04262740 0.61214400 0.32233200
v 0.04429270 0.61183100 0.31893800
v 0.04617360 0.61149000 0.31594700
v 0.04827720 0.61112300 0.31348400
v 0.05061230 0.61073300 0.31167300
v 0.05318610 0.61032000 0.31063700
v 0.04927720 0.61211200 0.38800000
v 0.04733140 0.61300700 0.38535100
v 0.04574640 0.61371800 0.38262100
v 0.04448070 0.61426600 0.37983500
v 0.04349450 0.61467300 0.37701700
v 0.04274800 0.61496200 0.37419000
v 0.04219970 0.61515500 0.37138100
v 0.04181040 0.61527400 0.36861200
v 0.04153850 0.61534200 0.36590800
v 0.04134490 0.61538100 0.36329300
v 0.04119520 0.61540900 0.36078500
v 0.04108330 0.61543100 0.35836400
v 0.04100820 0.61544600 0.35600700
v 0.04097090 0.61545500 0.35368800
v 0.04097090 0.61545700 0.35138200
v 0.04100820 0.61545200 0.34906300
v 0.04108330 0.61544000 0.34670600
v 0.04119520 0.61542300 0.34428500
v 0.04134490 0.61539800 0.34177600
v 0.04153850 0.61536300 0.33916200
v 0.04181040 0.61529900 0.33645800
v 0.04219970 0.61518500 0.33368900
v 0.04274800 0.61499600 0.33087900
v 0.04349450 0.61471200 0.32805200
v 0.04448070 0.61430900 0.32523300
v 0.04574640 0.61376600 0.32244600
v 0.04733140 0.61305900 0.31971500
v 0.04927720 0.61216800 0.31706500
f 1 2 1
f 1 2 3
f 1 3 1
f 1 3 4
f 1 4 5
f 1 5 1
f 1 5 6
f 1 6 1
f 1 6 7
f 1 7 1
f 1 7 8
f 1 8 1
f 1 8 9
f 1 9 1
f 1 9 10
f 1 10 1
f 1 10 11
f 1 11 1
f 1 11 12
f 1 12 1
f 1 12 13
f 1 13 1
f 1 13 14
f 1 14 1
f 1 14 15
f 1 15 1
f 1 15 16
f 1 16 1
f 1 16 17
f 1 17 1
f 1 17 18
f 1 18 1
f 1 18 19
f 1 19 1
f 1 19 20
f 1 20 1
f 1 20 21
f 1 21 1
f 1 21 22
f 1 22 1
f 1 22 23
f 1 23 1
f 1 23 24
f 1 24 1
f 1 24 25
f 1 25 1
f 1 25 26
f 1 26 27
f 1 27 1
f 1 27 28
f 1 28 1
f 1 28 29
f 2 30 3
f 3 30 31
f 3 31 4
f 4 31 32
f 4 32 5
f 5 32 33
f 5 33 6
f 6 33 34
f 6 34 7
f 7 34 35
f 7 35 8
f 8 35 36
f 8 36 9
f 9 36 37
f 9 37 10
f 10 37 38
f 10 38 11
f 11 38 39
f 11 39 12
f 12 39 40
f 12 40 13
f 13 40 41
f 13 41 14
f 14 41 42
f 14 42 15
f 15 42 43
f 15 43 16
f 16 43 44
f 16 44 17
f 17 44 45
f 17 45 18
f 18 45 46
f 18 46 19
f 19 46 47
f 19 47 20
f 20 47 48
f 20 48 21
f 21 48 49
f 21 49 22
f 22 49 50
f 22 50 23
f 23 50 51
f 23 51 24
f 24 51 52
f 24 52 25
f 25 52 53
f 25 53 26
f 26 53 54
f 26 54 27
f 27 54 55
f 27 55 28
f 28 55 56
f 28 56 29
f 29 56 57
f 30 58 31
f 31 58 59
f 31 59 32
f 32 59 60
f 32 60 33
f 33 60 61
f 33 61 34
f 34 61 62
f 34 62 35
f 35 62 63
f 35 63 36
f 36 63 64
f 36 64 37
f 37 64 65
f 37 65 38
f 38 65 66
f 38 66 39
f 39 66 67
f 39 67 40
f 40 67 68
f 40 68 41
f 41 68 69
f 41 69 42
f 42 69 70
f 42 70 43
f 43 70 71
f 43 71 44
f 44 71 72
f 44 72 45
f 45 72 73
f 45 73 46
f 46 73 74
f 46 74 47
f 47 74 75
f 47 75 48
f 48 75 76
f 48 76 49
f 49 76 77
f 49 77 50
f 50 77 78
f 50 78 51
f 51 78 79
f 51 79 52
f 52 79 80
f 52 80 53
f 53 80 81
f 53 81 54
f 54 81 82
f 54 82 55
f 55 82 83
f 55 83 56
f 56 83 84
f 56 84 57
f 57 84 85
f 58 86 59
f 59 86 87
f 59 87 60
f 60 87 88
f 60 88 61
f 61 88 89
f 61 89 62
f 62 89 90
f 62 90 63
f 63 90 91
f 63 91 64
f 64 91 92
f 64 92 65
f 65 92 93
f 65 93 66
f 66 93 94
f 66 94 67
f 67 94 95
f 67 95 68
f 68 95 96
f 68 96 69
f 69 96 97
f 69 97 70
f 70 97 98
f 70 98 71
f 71 98 99
f 71 99 72
f 72 99 100
f 72 100 73
f 73 100 101
f 73 101 74
f 74 101 102
f 74 102 75
f 75 102 103
f 75 103 76
f 76 103 104
f 76 104 77
f 77 104 105
f 77 105 78
f 78 105 106
f 78 106 79
f 79 106 107
f 79 107 80
f 80 107 108
f 80 108 81
f 81 108 109
f 81 109 82
f 82 109 110
f 82 110 83
f 83 110 111
f 83 111 84
f 84 111 112
f 84 112 85
f 85 112 113
f 86 114 87
f 87 114 115
f 87 115 88
f 88 115 116
f 88 116 89
f 89 116 117
f 89 117 90
f 90 117 118
f 90 118 91
f 91 118 119
f 91 119 92
f 92 119 120
f 92 120 93
f 93 120 121
f 93 121 94
f 94 121 122
f 94 122 95
f 95 122 123
f 95 123 96
f 96 123 124
f 96 124 97
f 97 124 125
f 97 125 98
f 98 125 126
f 98 126 99
f 99 126 127
f 99 127 100
f 100 127 128
f 100 128 101
f 101 128 129
f 101 129 102
f 102 129 130
f 102 130 103
f 103 130 131
f 103 131 104
f 104 131 132
f 104 132 105
f 105 132 133
f 105 133 106
f 106 133 134
f 106 134 107
f 107 134 135
f 107 135 108
f 108 135 136
f 108 136 109
f 109 136 137
f 109 137 110
f 110 137 138
f 110 138 111
f 111 138 139
f 111 139 112
f 112 139 140
f 112 140 113
f 113 140 141
f 114 142 115
f 115 142 143
f 115 143 116
f 116 143 144
f 116 144 117
f 117 144 145
f 117 145 118
f 118 145 146
f 118 146 119
f 119 146 147
f 119 147 120
f 120 147 148
f 120 148 121
f 121 148 149
f 121 149 122
f 122 149 150
f 122 150 123
f 123 150 151
f 123 151 124
f 124 151 152
f 124 152 125
f 125 152 153
f 125 153 126
f 126 153 154
f 126 154 127
f 127 154 155
f 127 155 128
f 128 155 156
f 128 156 129
f 129 156 157
f 129 157 130
f 130 157 158
f 130 158 131
f 131 158 159
f 131 159 132
f 132 159 160
f 132 160 133
f 133 160 161
f 133 161 134
f 134 161 162
f 134 162 135
f 135 162 163
f 135 163 136
f 136 163 164
f 136 164 137
f 137 164 165
f 137 165 138
f 138 165 166
f 138 166 139
f 139 166 167
f 139 167 140
f 140 167 168
f 140 168 141
f 141 168 169
f 142 170 143
f 143 170 171
f 143 171 144
f 144 171 172
f 144 172 145
f 145 172 173
f 145 173 146
f 146 173 174
f 146 174 147
f 147 174 175
f 147 175 148
f 148 175 176
f 148 176 149
f 149 176 177
f 149 177 150
f 150 177 178
f 150 178 151
f 151 178 179
f 151 179 152
f 152 179 180
f 152 180 153
f 153 180 181
f 153 181 154
f 154 181 182
f 154 182 155
f 155 182 183
f 155 183 156
f 156 183 184
f 156 184 157
f 157 184 185
f 157 185 158
f 158 185 186
f 158 186 159
f 159 186 187
f 159 187 160
f 160 187 188
f 160 188 161
f 161 188 189
f 161 189 162
f 162 189 190
f 162 190 163
f 163 190 191
f 163 191 164
f 164 191 192
f 164 192 165
f 165 192 193
f 165 193 166
f 166 193 194
f 166 194 167
f 167 194 195
f 167 195 168
f 168 195 196
f 168 196 169
f 169 196 197
f 170 198 171
f 171 198 199
f 171 199 172
f 172 199 200
f 172 200 173
f 173 200 201
f 173 201 174
f 174 201 202
f 174 202 175
f 175 202 203
f 175 203 176
f 176 203 204
f 176 204 177
f 177 204 205
f 177 205 178
f 178 205 206
f 178 206 179
f 179 206 207
f 179 207 180
f 180 207 208
f 180 208 181
f 181 208 209
f 181 209 182
f 182 209 210
f 182 210 183
f 183 210 211
f 183 211 184
f 184 211 212
f 184 212 185
f 185 212 213
f 185 213 186
f 186 213 214
f 186 214 187
f 187 214 215
f 187 215 188
f 188 215 216
f 188 216 189
f 189 216 217
f 189 217 190
f 190 217 218
f 190 218 191
f 191 218 219
f 191 219 192
f 192 219 220
f 192 220 193
f 193 220 221
f 193 221 194
f 194 221 222
f 194 222 195
f 195 222 223
f 195 223 196
f 196 223 224
f 196 224 197
f 197 224 225
f 198 226 199
f 199 226 227
f 199 227 200
f 200 227 228
f 200 228 201
f 201 228 229
f 201 229 202
f 202 229 230
f 202 230 203
f 203 230 231
f 203 231 204
f 204 231 232
f 204 232 205
f 205 232 233
f 205 233 206
f 206 233 234
f 206 234 207
f 207 234 235
f 207 235 208
f 208 235 236
f 208 236 209
f 209 236 237
f 209 237 210
f 210 237 238
f 210 238 211
f 211 238 239
f 211 239 212
f 212 239 240
f 212 240 213
f 213 240 241
f 213 241 214
f 214 241 242
f 214 242 215
f 215 242 243
f 215 243 216
f 216 243 244
f 216 244 217
f 217 244 245
f 217 245 218
f 218 245 246
f 218 246 219
f 219 246 247
f 219 247 220
f 220 247 248
f 220 248 221
f 221 248 249
f 221 249 222
f 222 249 250
f 222 250 223
f 223 250 251
f 223 251 224
f 224 251 252
f 224 252 225
f 225 252 253
f 226 254 227
f 227 254 255
f 227 255 228
f 228 255 256
f 228 256 229
f 229 256 257
f 229 257 230
f 230 257 258
f 230 258 231
f 231 258 259
f 231 259 232
f 232 259 260
f 232 260 233
f 233 260 261
f 233 261 234
f 234 261 262
f 234 262 235
f 235 262 263
f 235 263 236
f 236 263 264
f 236 264 237
f 237 264 265
f 237 265 238
f 238 265 266
f 238 266 239
f 239 266 267
f 239 267 240
f 240 267 268
f 240 268 241
f 241 268 269
f 241 269 242
f 242 269 270
f 242 270 243
f 243 270 271
f 243 271 244
f 244 271 272
f 244 272 245
f 245 272 273
f 245 273 246
f 246 273 274
f 246 274 247
f 247 274 275
f 247 275 248
f 248 275 276
f 248 276 249
f 249 276 277
f 249 277 250
f 250 277 278
f 250 278 251
f 251 278 279
f 251 279 252
f 252 279 280
f 252 280 253
f 253 280 281
f 254 282 255
f 255 282 283
f 255 283 256
f 256 283 284
f 256 284 257
f 257 284 285
f 257 285 258
f 258 285 286
f 258 286 259
f 259 286 287
f 259 287 260
f 260 287 288
f 260 288 261
f 261 288 289
f 261 289 262
f 262 289 290
f 262 290 263
f 263 290 291
f 263 291 264
f 264 291 292
f 264 292 265
f 265 292 293
f 265 293 266
f 266 293 294
f 266 294 267
f 267 294 295
f 267 295 268
f 268 295 296
f 268 296 269
f 269 296 297
f 269 297 270
f 270 297 298
f 270 298 271
f 271 298 299
f 271 299 272
f 272 299 300
f 272 300 273
f 273 300 301
f 273 301 274
f 274 301 302
f 274 302 275
f 275 302 303
f 275 303 276
f 276 303 304
f 276 304 277
f 277 304 305
f 277 305 278
f 278 305 306
f 278 306 279
f 279 306 307
f 279 307 280
f 280 307 308
f 280 308 281
f 281 308 309
f 282 310 283
f 283 310 311
f 283 311 284
f 284 311 312
f 284 312 285
f 285 312 313
f 285 313 286
f 286 313 314
f 286 314 287
f 287 314 315
f 287 315 288
f 288 315 316
f 288 316 289
f 289 316 317
f 289 317 290
f 290 317 318
f 290 318 291
f 291 318 319
f 291 319 292
f 292 319 320
f 292 320 293
f 293 320 321
f 293 321 294
f 294 321 322
f 294 322 295
f 295 322 323
f 295 323 296
f 296 323 324
f 296 324 297
f 297 324 325
f 297 325 298
f 298 325 326
f 298 326 299
f 299 326 327
f 299 327 300
f 300 327 328
f 300 328 301
f 301 328 329
f 301 329 302
f 302 329 330
f 302 330 303
f 303 330 331
f 303 331 304
f 304 331 332
f 304 332 305
f 305 332 333
f 305 333 306
f 306 333 334
f 306 334 307
f 307 334 335
f 307 335 308
f 308 335 336
f 308 336 309
f 309 336 337
f 310 338 311
f 311 338 339
f 311 339 312
f 312 339 340
f 312 340 313
f 313 340 341
f 313 341 314
f 314 341 342
f 314 342 315
f 315 342 343
f 315 343 316
f 316 343 344
f 316 344 317
f 317 344 345
f 317 345 318
f 318 345 346
f 318 346 319
f 319 346 347
f 319 347 320
f 320 347 348
f 320 348 321
f 321 348 349
f 321 349 322
f 322 349 350
f 322 350 323
f 323 350 351
f 323 351 324
f 324 351 352
f 324 352 325
f 325 352 353
f 325 353 326
f 326 353 354
f 326 354 327
f 327 354 355
f 327 355 328
f 328 355 356
f 328 356 329
f 329 356 357
f 329 357 330
f 330 357 358
f 330 358 331
f 331 358 359
f 331 359 332
f 332 359 360
f 332 360 333
f 333 360 361
f 333 361 334
f 334 361 362
f 334 362 335
f 335 362 363
f 335 363 336
f 336 363 364
f 336 364 337
f 337 364 365
f 338 366 339
f 339 366 367
f 339 367 340
f 340 367 368
f 340 368 341
f 341 368 369
f 341 369 342
f 342 369 370
f 342 370 343
f 343 370 371
f 343 371 344
f 344 371 372
f 344 372 345
f 345 372 373
f 345 373 346
f 346 373 374
f 346 374 347
f 347 374 375
f 347 375 348
f 348 375 376
f 348 376 349
f 349 376 377
f 349 377 350
f 350 377 378
f 350 378 351
f 351 378 379
f 351 379 352
f 352 379 380
f 352 380 353
f 353 380 381
f 353 381 354
f 354 381 382
f 354 382 355
f 355 382 383
f 355 383 356
f 356 383 384
f 356 384 357
f 357 384 385
f 357 385 358
f 358 385 386
f 358 386 359
f 359 386 387
f 359 387 360
f 360 387 388
f 360 388 361
f 361 388 389
f 361 389 362
f 362 389 390
f 362 390 363
f 363 390 391
f 363 391 364
f 364 391 392
f 364 392 365
f 365 392 393
f 366 394 367
f 367 394 395
f 367 395 368
f 368 395 396
f 368 396 369
f 369 396 397
f 369 397 370
f 370 397 398
f 370 398 371
f 371 398 399
f 371 399 372
f 372 399 400
f 372 400 373
f 373 400 401
f 373 401 374
f 374 401 402
f 374 402 375
f 375 402 403
f 375 403 376
f 376 403 404
f 376 404 377
f 377 404 405
f 377 405 378
f 378 405 406
f 378 406 379
f 379 406 407
f 379 407 380
f 380 407 408
f 380 408 381
f 381 408 409
f 381 409 382
f 382 409 410
f 382 410 383
f 383 410 411
f 383 411 384
f 384 411 412
f 384 412 385
f 385 412 413
f 385 413 386
f 386 413 414
f 386 414 387
f 387 414 415
f 387 415 388
f 388 415 416
f 388 416 389
f 389 416 417
f 389 417 390
f 390 417 418
f 390 418 391
f 391 418 419
f 391 419 392
f 392 419 420
f 392 420 393
f 393 420 421
f 394 422 395
f 395 422 423
f 395 423 396
f 396 423 424
f 396 424 397
f 397 424 425
f 397 425 398
f 398 425 426
f 398 426 399
f 399 426 427
f 399 427 400
f 400 427 428
f 400 428 401
f 401 428 429
f 401 429 402
f 402 429 430
f 402 430 403
f 403 430 431
f 403 431 404
f 404 431 432
f 404 432 405
f 405 432 433
f 405 433 406
f 406 433 434
f 406 434 407
f 407 434 435
f 407 435 408
f 408 435 436
f 408 436 409
f 409 436 437
f 409 437 410
f 410 437 438
f 410 438 411
f 411 438 439
f 411 439 412
f 412 439 440
f 412 440 413
f 413 440 441
f 413 441 414
f 414 441 442
f 414 442 415
f 415 442 443
f 415 443 416
f 416 443 444
f 416 444 417
f 417 444 445
f 417 445 418
f 418 445 446
f 418 446 419
f 419 446 447
f 419 447 420
f 420 447 448
f 420 448 421
f 421 448 449
f 422 450 423
f 423 450 451
f 423 451 424
f 424 451 452
f 424 452 425
f 425 452 453
f 425 453 426
f 426 453 454
f 426 454 427
f 427 454 455
f 427 455 428
f 428 455 456
f 428 456 429
f 429 456 457
f 429 457 430
f 430 457 458
f 430 458 431
f 431 458 459
f 431 459 432
f 432 459 460
f 432 460 433
f 433 460 461
f 433 461 434
f 434 461 462
f 434 462 435
f 435 462 463
f 435 463 436
f 436 463 464
f 436 464 437
f 437 464 465
f 437 465 438
f 438 465 466
f 438 466 439
f 439 466 467
f 439 467 440
f 440 467 468
f 440 468 441
f 441 468 469
f 441 469 442
f 442 469 470
f 442 470 443
f 443 470 471
f 443 471 444
f 444 471 472
f 444 472 445
f 445 472 473
f 445 473 446
f 446 473 474
f 446 474 447
f 447 474 475
f 447 475 448
f 448 475 476
f 448 476 449
f 449 476 477
f 450 478 451
f 451 478 479
f 451 479 452
f 452 479 480
f 452 480 453
f 453 480 481
f 453 481 454
f 454 481 482
f 454 482 455
f 455 482 483
f 455 483 456
f 456 483 484
f 456 484 457
f 457 484 485
f 457 485 458
f 458 485 486
f 458 486 459
f 459 486 487
f 459 487 460
f 460 487 488
f 460 488 461
f 461 488 489
f 461 489 462
f 462 489 490
f 462 490 463
f 463 490 491
f 463 491 464
f 464 491 492
f 464 492 465
f 465 492 493
f 465 493 466
f 466 493 494
f 466 494 467
f 467 494 495
f 467 495 468
f 468 495 496
f 468 496 469
f 469 496 497
f 469 497 470
f 470 497 498
f 470 498 471
f 471 498 499
f 471 499 472
f 472 499 500
f 472 500 473
f 473 500 501
f 473 501 474
f 474 501 502
f 474 502 475
f 475 502 503
f 475 503 476
f 476 503 504
f 476 504 477
f 477 504 505
f 478 506 479
f 479 506 507
f 479 507 480
f 480 507 508
f 480 508 481
f 481 508 509
f 481 509 482
f 482 509 510
f 482 510 483
f 483 510 511
f 483 511 484
f 484 511 512
f 484 512 485
f 485 512 513
f 485 513 486
f 486 513 514
f 486 514 487
f 487 514 515
f 487 515 488
f 488 515 516
f 488 516 489
f 489 516 517
f 489 517 490
f 490 517 518
f 490 518 491
f 491 518 519
f 491 519 492
f 492 519 520
f 492 520 493
f 493 520 521
f 493 521 494
f 494 521 522
f 494 522 495
f 495 522 523
f 495 523 496
f 496 523 524
f 496 524 497
f 497 524 525
f 497 525 498
f 498 525 526
f 498 526 499
f 499 526 527
f 499 527 500
f 500 527 528
f 500 528 501
f 501 528 529
f 501 529 502
f 502 529 530
f 502 530 503
f 503 530 531
f 503 531 504
f 504 531 532
f 504 532 505
f 505 532 533
f 506 534 507
f 507 534 535
f 507 535 508
f 508 535 536
f 508 536 509
f 509 536 537
f 509 537 510
f 510 537 538
f 510 538 511
f 511 538 539
f 511 539 512
f 512 539 540
f 512 540 513
f 513 540 541
f 513 541 514
f 514 541 542
f 514 542 515
f 515 542 543
f 515 543 516
f 516 543 544
f 516 544 517
f 517 544 545
f 517 545 518
f 518 545 546
f 518 546 519
f 519 546 547
f 519 547 520
f 520 547 548
f 520 548 521
f 521 548 549
f 521 549 522
f 522 549 550
f 522 550 523
f 523 550 551
f 523 551 524
f 524 551 552
f 524 552 525
f 525 552 553
f 525 553 526
f 526 553 554
f 526 554 527
f 527 554 555
f 527 555 528
f 528 555 556
f 528 556 529
f 529 556 557
f 529 557 530
f 530 557 558
f 530 558 531
f 531 558 559
f 531 559 532
f 532 559 560
f 532 560 533
f 533 560 561
f 534 562 535
f 535 562 563
f 535 563 536
f 536 563 564
f 536 564 537
f 537 564 565
f 537 565 538
f 538 565 566
f 538 566 539
f 539 566 567
f 539 567 540
f 540 567 568
f 540 568 541
f 541 568 569
f 541 569 542
f 542 569 570
f 542 570 543
f 543 570 571
f 543 571 544
f 544 571 572
f 544 572 545
f 545 572 573
f 545 573 546
f 546 573 574
f 546 574 547
f 547 574 575
f 547 575 548
f 548 575 576
f 548 576 549
f 549 576 577
f 549 577 550
f 550 577 578
f 550 578 551
f 551 578 579
f 551 579 552
f 552 579 580
f 552 580 553
f 553 580 581
f 553 581 554
f 554 581 582
f 554 582 555
f 555 582 583
f 555 583 556
f 556 583 584
f 556 584 557
f 557 584 585
f 557 585 558
f 558 585 586
f 558 586 559
f 559 586 587
f 559 587 560
f 560 587 588
f 560 588 561
f 561 588 589
f 562 590 563
f 563 590 591
f 563 591 564
f 564 591 592
f 564 592 565
f 565 592 593
f 565 593 566
f 566 593 594
f 566 594 567
f 567 594 595
f 567 595 568
f 568 595 596
f 568 596 569
f 569 596 597
f 569 597 570
f 570 597 598
f 570 598 571
f 571 598 599
f 571 599 572
f 572 599 600
f 572 600 573
f 573 600 601
f 573 601 574
f 574 601 602
f 574 602 575
f 575 602 603
f 575 603 576
f 576 603 604
f 576 604 577
f 577 604 605
f 577 605 578
f 578 605 606
f 578 606 579
f 579 606 607
f 579 607 580
f 580 607 608
f 580 608 581
f 581 608 609
f 581 609 582
f 582 609 610
f 582 610 583
f 583 610 611
f 583 611 584
f 584 611 612
f 584 612 585
f 585 612 613
f 585 613 586
f 586 613 614
f 586 614 587
f 587 614 615
f 587 615 588
f 588 615 616
f 588 616 589
f 589 616 617
f 590 618 591
f 591 618 619
f 591 619 592
f 592 619 620
f 592 620 593
f 593 620 621
f 593 621 594
f 594 621 622
f 594 622 595
f 595 622 623
f 595 623 596
f 596 623 624
f 596 624 597
f 597 624 625
f 597 625 598
f 598 625 626
f 598 626 599
f 599 626 627
f 599 627 600
f 600 627 628
f 600 628 601
f 601 628 629
f 601 629 602
f 602 629 630
f 602 630 603
f 603 630 631
f 603 631 604
f 604 631 632
f 604 632 605
f 605 632 633
f 605 633 606
f 606 633 634
f 606 634 607
f 607 634 635
f 607 635 608
f 608 635 636
f 608 636 609
f 609 636 637
f 609 637 610
f 610 637 638
f 610 638 611
f 611 638 639
f 611 639 612
f 612 639 640
f 612 640 613
f 613 640 641
f 613 641 614
f 614 641 642
f 614 642 615
f 615 642 643
f 615 643 616
f 616 643 644
f 616 644 617
f 617 644 645
f 618 646 619
f 619 646 647
f 619 647 620
f 620 647 648
f 620 648 621
f 621 648 649
f 621 649 622
f 622 649 650
f 622 650 623
f 623 650 651
f 623 651 624
f 624 651 652
f 624 652 625
f 625 652 653
f 625 653 626
f 626 653 654
f 626 654 627
f 627 654 655
f 627 655 628
f 628 655 656
f 628 656 629
f 629 656 657
f 629 657 630
f 630 657 658
f 630 658 631
f 631 658 659
f 631 659 632
f 632 659 660
f 632 660 633
f 633 660 661
f 633 661 634
f 634 661 662
f 634 662 635
f 635 662 663
f 635 663 636
f 636 663 664
f 636 664 637
f 637 664 665
f 637 665 638
f 638 665 666
f 638 666 639
f 639 666 667
f 639 667 640
f 640 667 668
f 640 668 641
f 641 668 669
f 641 669 642
f 642 669 670
f 642 670 643
f 643 670 671
f 643 671 644
f 644 671 672
f 644 672 645
f 645 672 673
f 646 674 647
f 647 674 675
f 647 675 648
f 648 675 676
f 648 676 649
f 649 676 677
f 649 677 650
f 650 677 678
f 650 678 651
f 651 678 679
f 651 679 652
f 652 679 680
f 652 680 653
f 653 680 681
f 653 681 654
f 654 681 682
f 654 682 655
f 655 682 683
f 655 683 656
f 656 683 684
f 656 684 657
f 657 684 685
f 657 685 658
f 658 685 686
f 658 686 659
f 659 686 687
f 659 687 660
f 660 687 688
f 660 688 661
f 661 688 689
f 661 689 662
f 662 689 690
f 662 690 663
f 663 690 691
f 663 691 664
f 664 691 692
f 664 692 665
f 665 692 693
f 665 693 666
f 666 693 694
f 666 694 667
f 667 694 695
f 667 695 668
f 668 695 696
f 668 696 669
f 669 696 697
f 669 697 670
f 670 697 698
f 670 698 671
f 671 698 699
f 671 699 672
f 672 699 700
f 672 700 673
f 673 700 701
f 674 702 675
f 675 702 703
f 675 703 676
f 676 703 704
f 676 704 677
f 677 704 705
f 677 705 678
f 678 705 706
f 678 706 679
f 679 706 707
f 679 707 680
f 680 707 708
f 680 708 681
f 681 708 709
f 681 709 682
f 682 709 710
f 682 710 683
f 683 710 711
f 683 711 684
f 684 711 712
f 684 712 685
f 685 712 713
f 685 713 686
f 686 713 714
f 686 714 687
f 687 714 715
f 687 715 688
f 688 715 716
f 688 716 689
f 689 716 717
f 689 717 690
f 690 717 718
f 690 718 691
f 691 718 719
f 691 719 692
f 692 719 720
f 692 720 693
f 693 720 721
f 693 721 694
f 694 721 722
f 694 722 695
f 695 722 723
f 695 723 696
f 696 723 724
f 696 724 697
f 697 724 725
f 697 725 698
f 698 725 726
f 698 726 699
f 699 726 727
f 699 727 700
f 700 727 728
f 700 728 701
f 701 728 729
f 702 730 703
f 703 730 731
f 703 731 704
f 704 731 732
f 704 732 705
f 705 732 733
f 705 733 706
f 706 733 734
f 706 734 707
f 707 734 735
f 707 735 708
f 708 735 736
f 708 736 709
f 709 736 737
f 709 737 710
f 710 737 738
f 710 738 711
f 711 738 739
f 711 739 712
f 712 739 740
f 712 740 713
f 713 740 741
f 713 741 714
f 714 741 742
f 714 742 715
f 715 742 743
f 715 743 716
f 716 743 744
f 716 744 717
f 717 744 745
f 717 745 718
f 718 745 746
f 718 746 719
f 719 746 747
f 719 747 720
f 720 747 748
f 720 748 721
f 721 748 749
f 721 749 722
f 722 749 750
f 722 750 723
f 723 750 751
f 723 751 724
f 724 751 752
f 724 752 725
f 725 752 753
f 725 753 726
f 726 753 754
f 726 754 727
f 727 754 755
f 727 755 728
f 728 755 756
f 728 756 729
f 729 756 757
f 730 758 731
f 731 758 759
f 731 759 732
f 732 759 760
f 732 760 733
f 733 760 761
f 733 761 734
f 734 761 762
f 734 762 735
f 735 762 763
f 735 763 736
f 736 763 764
f 736 764 737
f 737 764 765
f 737 765 738
f 738 765 766
f 738 766 739
f 739 766 767
f 739 767 740
f 740 767 768
f 740 768 741
f 741 768 769
f 741 769 742
f 742 769 770
f 742 770 743
f 743 770 771
f 743 771 744
f 744 771 772
f 744 772 745
f 745 772 773
f 745 773 746
f 746 773 774
f 746 774 747
f 747 774 775
f 747 775 748
f 748 775 776
f 748 776 749
f 749 776 777
f 749 777 750
f 750 777 778
f 750 778 751
f 751 778 779
f 751 779 752
f 752 779 780
f 752 780 753
f 753 780 781
f 753 781 754
f 754 781 782
f 754 782 755
f 755 782 783
f 755 783 756
f 756 783 784
f 756 784 757
f 757 784 785
f 758 786 759
f 759 786 787
f 759 787 760
f 760 787 788
f 760 788 761
f 761 788 789
f 761 789 762
f 762 789 790
f 762 790 763
f 763 790 791
f 763 791 764
f 764 791 792
f 764 792 765
f 765 792 793
f 765 793 766
f 766 793 794
f 766 794 767
f 767 794 795
f 767 795 768
f 768 795 796
f 768 796 769
f 769 796 797
f 769 797 770
f 770 797 798
f 770 798 771
f 771 798 799
f 771 799 772
f 772 799 800
f 772 800 773
f 773 800 801
f 773 801 774
f 774 801 802
f 774 802 775
f 775 802 803
f 775 803 776
f 776 803 804
f 776 804 777
f 777 804 805
f 777 805 778
f 778 805 806
f 778 806 779
f 779 806 807
f 779 807 780
f 780 807 808
f 780 808 781
f 781 808 809
f 781 809 782
f 782 809 810
f 782 810 783
f 783 810 811
f 783 811 784
f 784 811 812
f 784 812 785
f 785 812 813
f 786 814 787
f 787 814 815
f 787 815 788
f 788 815 816
f 788 816 789
f 789 816 817
f 789 817 790
f 790 817 818
f 790 818 791
f 791 818 819
f 791 819 792
f 792 819 820
f 792 820 793
f 793 820 821
f 793 821 794
f 794 821 822
f 794 822 795
f 795 822 823
f 795 823 796
f 796 823 824
f 796 824 797
f 797 824 825
f 797 825 798
f 798 825 826
f 798 826 799
f 799 826 827
f 799 827 800
f 800 827 828
f 800 828 801
f 801 828 829
f 801 829 802
f 802 829 830
f 802 830 803
f 803 830 831
f 803 831 804
f 804 831 832
f 804 832 805
f 805 832 833
f 805 833 806
f 806 833 834
f 806 834 807
f 807 834 835
f 807 835 808
f 808 835 836
f 808 836 809
f 809 836 837
f 809 837 810
f 810 837 838
f 810 838 811
f 811 838 839
f 811 839 812
f 812 839 840
f 812 840 813
f 813 840 841
f 814 842 815
f 815 842 843
f 815 843 816
f 816 843 844
f 816 844 817
f 817 844 845
f 817 845 818
f 818 845 846
f 818 846 819
f 819 846 847
f 819 847 820
f 820 847 848
f 820 848 821
f 821 848 849
f 821 849 822
f 822 849 850
f 822 850 823
f 823 850 851
f 823 851 824
f 824 851 852
f 824 852 825
f 825 852 853
f 825 853 826
f 826 853 854
f 826 854 827
f 827 854 855
f 827 855 828
f 828 855 856
f 828 856 829
f 829 856 857
f 829 857 830
f 830 857 858
f 830 858 831
f 831 858 859
f 831 859 832
f 832 859 860
f 832 860 833
f 833 860 861
f 833 861 834
f 834 861 862
f 834 862 835
f 835 862 863
f 835 863 836
f 836 863 864
f 836 864 837
f 837 864 865
f 837 865 838
f 838 865 866
f 838 866 839
f 839 866 867
f 839 867 840
f 840 867 868
f 840 868 841
f 841 868 842
f 869 897 870
f 870 897 898
f 870 898 871
f 871 898 899
f 871 899 872
f 872 899 900
f 872 900 873
f 873 900 901
f 873 901 874
f 874 901 902
f 874 902 875
f 875 902 903
f 875 903 876
f 876 903 904
f 876 904 877
f 877 904 905
f 877 905 878
f 878 905 906
f 878 906 879
f 879 906 907
f 879 907 880
f 880 907 908
f 880 908 881
f 881 908 909
f 881 909 882
f 882 909 910
f 882 910 883
f 883 910 911
f 883 911 884
f 884 911 912
f 884 912 885
f 885 912 913
f 885 913 886
f 886 913 914
f 886 914 887
f 887 914 915
f 887 915 888
f 888 915 916
f 888 916 889
f 889 916 917
f 889 917 890
f 890 917 918
f 890 918 891
f 891 918 919
f 891 919 892
f 892 919 920
f 892 920 893
f 893 920 921
f 893 921 894
f 894 921 922
f 894 922 895
f 895 922 923
f 895 923 896
f 896 923 924
f 897 925 898
f 898 925 926
f 898 926 899
f 899 926 927
f 899 927 900
f 900 927 928
f 900 928 901
f 901 928 929
f 901 929 902
f 902 929 930
f 902 930 903
f 903 930 931
f 903 931 904
f 904 931 932
f 904 932 905
f 905 932 933
f 905 933 906
f 906 933 934
f 906 934 907
f 907 934 935
f 907 935 908
f 908 935 936
f 908 936 909
f 909 936 937
f 909 937 910
f 910 937 938
f 910 938 911
f 911 938 939
f 911 939 912
f 912 939 940
f 912 940 913
f 913 940 941
f 913 941 914
f 914 941 942
f 914 942 915
f 915 942 943
f 915 943 916
f 916 943 944
f 916 944 917
f 917 944 945
f 917 945 918
f 918 945 946
f 918 946 919
f 919 946 947
f 919 947 920
f 920 947 948
f 920 948 921
f 921 948 949
f 921 949 922
f 922 949 950
f 922 950 923
f 923 950 951
f 923 951 924
f 924 951 952
f 925 953 926
f 926 953 954
f 926 954 927
f 927 954 955
f 927 955 928
f 928 955 956
f 928 956 929
f 929 956 957
f 929 957 930
f 930 957 958
f 930 958 931
f 931 958 959
f 931 959 932
f 932 959 960
f 932 960 933
f 933 960 961
f 933 961 934
f 934 961 962
f 934 962 935
f 935 962 963
f 935 963 936
f 936 963 964
f 936 964 937
f 937 964 965
f 937 965 938
f 938 965 966
f 938 966 939
f 939 966 967
f 939 967 940
f 940 967 968
f 940 968 941
f 941 968 969
f 941 969 942
f 942 969 970
f 942 970 943
f 943 970 971
f 943 971 944
f 944 971 972
f 944 972 945
f 945 972 973
f 945 973 946
f 946 973 974
f 946 974 947
f 947 974 975
f 947 975 948
f 948 975 976
f 948 976 949
f 949 976 977
f 949 977 950
f 950 977 978
f 950 978 951
f 951 978 979
f 951 979 952
f 952 979 980
f 953 981 954
f 954 981 982
f 954 982 955
f 955 982 983
f 955 983 956
f 956 983 984
f 956 984 957
f 957 984 985
f 957 985 958
f 958 985 986
f 958 986 959
f 959 986 987
f 959 987 960
f 960 987 988
f 960 988 961
f 961 988 989
f 961 989 962
f 962 989 990
f 962 990 963
f 963 990 991
f 963 991 964
f 964 991 992
f 964 992 965
f 965 992 993
f 965 993 966
f 966 993 994
f 966 994 967
f 967 994 995
f 967 995 968
f 968 995 996
f 968 996 969
f 969 996 997
f 969 997 970
f 970 997 998
f 970 998 971
f 971 998 999
f 971 999 972
f 972 999 1000
f 972 1000 973
f 973 1000 1001
f 973 1001 974
f 974 1001 1002
f 974 1002 975
f 975 1002 1003
f 975 1003 976
f 976 1003 1004
f 976 1004 977
f 977 1004 1005
f 977 1005 978
f 978 1005 1006
f 978 1006 979
f 979 1006 1007
f 979 1007 980
f 980 1007 1008
f 981 1009 982
f 982 1009 1010
f 982 1010 983
f 983 1010 1011
f 983 1011 984
f 984 1011 1012
f 984 1012 985
f 985 1012 1013
f 985 1013 986
f 986 1013 1014
f 986 1014 987
f 987 1014 1015
f 987 1015 988
f 988 1015 1016
f 988 1016 989
f 989 1016 1017
f 989 1017 990
f 990 1017 1018
f 990 1018 991
f 991 1018 1019
f 991 1019 992
f 992 1019 1020
f 992 1020 993
f 993 1020 1021
f 993 1021 994
f 994 1021 1022
f 994 1022 995
f 995 1022 1023
f 995 1023 996
f 996 1023 1024
f 996 1024 997
f 997 1024 1025
f 997 1025 998
f 998 1025 1026
f 998 1026 999
f 999 1026 1027
f 999 1027 1000
f 1000 1027 1028
f 1000 1028 1001
f 1001 1028 1029
f 1001 1029 1002
f 1002 1029 1030
f 1002 1030 1003
f 1003 1030 1031
f 1003 1031 1004
f 1004 1031 1032
f 1004 1032 1005
f 1005 1032 1033
f 1005 1033 1006
f 1006 1033 1034
f 1006 1034 1007
f 1007 1034 1035
f 1007 1035 1008
f 1008 1035 1036
f 1009 1037 1010
f 1010 1037 1038
f 1010 1038 1011
f 1011 1038 1039
f 1011 1039 1012
f 1012 1039 1040
f 1012 1040 1013
f 1013 1040 1041
f 1013 1041 1014
f 1014 1041 1042
f 1014 1042 1015
f 1015 1042 1043
f 1015 1043 1016
f 1016 1043 1044
f 1016 1044 1017
f 1017 1044 1045
f 1017 1045 1018
f 1018 1045 1046
f 1018 1046 1019
f 1019 1046 1047
f 1019 1047 1020
f 1020 1047 1048
f 1020 1048 1021
f 1021 1048 1049
f 1021 1049 1022
f 1022 1049 1050
f 1022 1050 1023
f 1023 1050 1051
f 1023 1051 1024
f 1024 1051 1052
f 1024 1052 1025
f 1025 1052 1053
f 1025 1053 1026
f 1026 1053 1054
f 1026 1054 1027
f 1027 1054 1055
f 1027 1055 1028
f 1028 1055 1056
f 1028 1056 1029
f 1029 1056 1057
f 1029 1057 1030
f 1030 1057 1058
f 1030 1058 1031
f 1031 1058 1059
f 1031 1059 1032
f 1032 1059 1060
f 1032 1060 1033
f 1033 1060 1061
f 1033 1061 1034
f 1034 1061 1062
f 1034 1062 1035
f 1035 1062 1063
f 1035 1063 1036
f 1036 1063 1064
f 1037 1065 1038
f 1038 1065 1066
f 1038 1066 1039
f 1039 1066 1067
f 1039 1067 1040
f 1040 1067 1068
f 1040 1068 1041
f 1041 1068 1069
f 1041 1069 1042
f 1042 1069 1070
f 1042 1070 1043
f 1043 1070 1071
f 1043 1071 1044
f 1044 1071 1072
f 1044 1072 1045
f 1045 1072 1073
f 1045 1073 1046
f 1046 1073 1074
f 1046 1074 1047
f 1047 1074 1075
f 1047 1075 1048
f 1048 1075 1076
f 1048 1076 1049
f 1049 1076 1077
f 1049 1077 1050
f 1050 1077 1078
f 1050 1078 1051
f 1051 1078 1079
f 1051 1079 1052
f 1052 1079 1080
f 1052 1080 1053
f 1053 1080 1081
f 1053 1081 1054
f 1054 1081 1082
f 1054 1082 1055
f 1055 1082 1083
f 1055 1083 1056
f 1056 1083 1084
f 1056 1084 1057
f 1057 1084 1085
f 1057 1085 1058
f 1058 1085 1086
f 1058 1086 1059
f 1059 1086 1087
f 1059 1087 1060
f 1060 1087 1088
f 1060 1088 1061
f 1061 1088 1089
f 1061 1089 1062
f 1062 1089 1090
f 1062 1090 1063
f 1063 1090 1091
f 1063 1091 1064
f 1064 1091 1092
f 1065 1093 1066
f 1066 1093 1094
f 1066 1094 1067
f 1067 1094 1095
f 1067 1095 1068
f 1068 1095 1096
f 1068 1096 1069
f 1069 1096 1097
f 1069 1097 1070
f 1070 1097 1098
f 1070 1098 1071
f 1071 1098 1099
f 1071 1099 1072
f 1072 1099 1100
f 1072 1100 1073
f 1073 1100 1101
f 1073 1101 1074
f 1074 1101 1102
f 1074 1102 1075
f 1075 1102 1103
f 1075 1103 1076
f 1076 1103 1104
f 1076 1104 1077
f 1077 1104 1105
f 1077 1105 1078
f 1078 1105 1106
f 1078 1106 1079
f 1079 1106 1107
f 1079 1107 1080
f 1080 1107 1108
f 1080 1108 1081
f 1081 1108 1109
f 1081 1109 1082
f 1082 1109 1110
f 1082 1110 1083
f 1083 1110 1111
f 1083 1111 1084
f 1084 1111 1112
f 1084 1112 1085
f 1085 1112 1113
f 1085 1113 1086
f 1086 1113 1114
f 1086 1114 1087
f 1087 1114 1115
f 1087 1115 1088
f 1088 1115 1116
f 1088 1116 1089
f 1089 1116 1117
f 1089 1117 1090
f 1090 1117 1118
f 1090 1118 1091
f 1091 1118 1119
f 1091 1119 1092
f 1092 1119 1120
f 1093 1121 1094
f 1094 1121 1122
f 1094 1122 1095
f 1095 1122 1123
f 1095 1123 1096
f 1096 1123 1124
f 1096 1124 1097
f 1097 1124 1125
f 1097 1125 1098
f 1098 1125 1126
f 1098 1126 1099
f 1099 1126 1127
f 1099 1127 1100
f 1100 1127 1128
f 1100 1128 1101
f 1101 1128 1129
f 1101 1129 1102
f 1102 1129 1130
f 1102 1130 1103
f 1103 1130 1131
f 1103 1131 1104
f 1104 1131 1132
f 1104 1132 1105
f 1105 1132 1133
f 1105 1133 1106
f 1106 1133 1134
f 1106 1134 1107
f 1107 1134 1135
f 1107 1135 1108
f 1108 1135 1136
f 1108 1136 1109
f 1109 1136 1137
f 1109 1137 1110
f 1110 1137 1138
f 1110 1138 1111
f 1111 1138 1139
f 1111 1139 1112
f 1112 1139 1140
f 1112 1140 1113
f 1113 1140 1141
f 1113 1141 1114
f 1114 1141 1142
f 1114 1142 1115
f 1115 1142 1143
f 1115 1143 1116
f 1116 1143 1144
f 1116 1144 1117
f 1117 1144 1145
f 1117 1145 1118
f 1118 1145 1146
f 1118 1146 1119
f 1119 1146 1147
f 1119 1147 1120
f 1120 1147 1148
f 1121 1149 1122
f 1122 1149 1150
f 1122 1150 1123
f 1123 1150 1151
f 1123 1151 1124
f 1124 1151 1152
f 1124 1152 1125
f 1125 1152 1153
f 1125 1153 1126
f 1126 1153 1154
f 1126 1154 1127
f 1127 1154 1155
f 1127 1155 1128
f 1128 1155 1156
f 1128 1156 1129
f 1129 1156 1157
f 1129 1157 1130
f 1130 1157 1158
f 1130 1158 1131
f 1131 1158 1159
f 1131 1159 1132
f 1132 1159 1160
f 1132 1160 1133
f 1133 1160 1161
f 1133 1161 1134
f 1134 1161 1162
f 1134 1162 1135
f 1135 1162 1163
f 1135 1163 1136
f 1136 1163 1164
f 1136 1164 1137
f 1137 1164 1165
f 1137 1165 1138
f 1138 1165 1166
f 1138 1166 1139
f 1139 1166 1167
f 1139 1167 1140
f 1140 1167 1168
f 1140 1168 1141
f 1141 1168 1169
f 1141 1169 1142
f 1142 1169 1170
f 1142 1170 1143
f 1143 1170 1171
f 1143 1171 1144
f 1144 1171 1172
f 1144 1172 1145
f 1145 1172 1173
f 1145 1173 1146
f 1146 1173 1174
f 1146 1174 1147
f 1147 1174 1175
f 1147 1175 1148
f 1148 1175 1176
f 1149 1177 1150
f 1150 1177 1178
f 1150 1178 1151
f 1151 1178 1179
f 1151 1179 1152
f 1152 1179 1180
f 1152 1180 1153
f 1153 1180 1181
f 1153 1181 1154
f 1154 1181 1182
f 1154 1182 1155
f 1155 1182 1183
f 1155 1183 1156
f 1156 1183 1184
f 1156 1184 1157
f 1157 1184 1185
f 1157 1185 1158
f 1158 1185 1186
f 1158 1186 1159
f 1159 1186 1187
f 1159 1187 1160
f 1160 1187 1188
f 1160 1188 1161
f 1161 1188 1189
f 1161 1189 1162
f 1162 1189 1190
f 1162 1190 1163
f 1163 1190 1191
f 1163 1191 1164
f 1164 1191 1192
f 1164 1192 1165
f 1165 1192 1193
f 1165 1193 1166
f 1166 1193 1194
f 1166 1194 1167
f 1167 1194 1195
f 1167 1195 1168
f 1168 1195 1196
f 1168 1196 1169
f 1169 1196 1197
f 1169 1197 1170
f 1170 1197 1198
f 1170 1198 1171
f 1171 1198 1199
f 1171 1199 1172
f 1172 1199 1200
f 1172 1200 1173
f 1173 1200 1201
f 1173 1201 1174
f 1174 1201 1202
f 1174 1202 1175
f 1175 1202 1203
f 1175 1203 1176
f 1176 1203 1204
f 1177 1205 1178
f 1178 1205 1206
f 1178 1206 1179
f 1179 1206 1207
f 1179 1207 1180
f 1180 1207 1208
f 1180 1208 1181
f 1181 1208 1209
f 1181 1209 1182
f 1182 1209 1210
f 1182 1210 1183
f 1183 1210 1211
f 1183 1211 1184
f 1184 1211 1212
f 1184 1212 1185
f 1185 1212 1213
f 1185 1213 1186
f 1186 1213 1214
f 1186 1214 1187
f 1187 1214 1215
f 1187 1215 1188
f 1188 1215 1216
f 1188 1216 1189
f 1189 1216 1217
f 1189 1217 1190
f 1190 1217 1218
f 1190 1218 1191
f 1191 1218 1219
f 1191 1219 1192
f 1192 1219 1220
f 1192 1220 1193
f 1193 1220 1221
f 1193 1221 1194
f 1194 1221 1222
f 1194 1222 1195
f 1195 1222 1223
f 1195 1223 1196
f 1196 1223 1224
f 1196 1224 1197
f 1197 1224 1225
f 1197 1225 1198
f 1198 1225 1226
f 1198 1226 1199
f 1199 1226 1227
f 1199 1227 1200
f 1200 1227 1228
f 1200 1228 1201
f 1201 1228 1229
f 1201 1229 1202
f 1202 1229 1230
f 1202 1230 1203
f 1203 1230 1231
f 1203 1231 1204
f 1204 1231 1232
f 1205 1233 1206
f 1206 1233 1234
f 1206 1234 1207
f 1207 1234 1235
f 1207 1235 1208
f 1208 1235 1236
f 1208 1236 1209
f 1209 1236 1237
f 1209 1237 1210
f 1210 1237 1238
f 1210 1238 1211
f 1211 1238 1239
f 1211 1239 1212
f 1212 1239 1240
f 1212 1240 1213
f 1213 1240 1241
f 1213 1241 1214
f 1214 1241 1242
f 1214 1242 1215
f 1215 1242 1243
f 1215 1243 1216
f 1216 1243 1244
f 1216 1244 1217
f 1217 1244 1245
f 1217 1245 1218
f 1218 1245 1246
f 1218 1246 1219
f 1219 1246 1247
f 1219 1247 1220
f 1220 1247 1248
f 1220 1248 1221
f 1221 1248 1249
f 1221 1249 1222
f 1222 1249 1250
f 1222 1250 1223
f 1223 1250 1251
f 1223 1251 1224
f 1224 1251 1252
f 1224 1252 1225
f 1225 1252 1253
f 1225 1253 1226
f 1226 1253 1254
f 1226 1254 1227
f 1227 1254 1255
f 1227 1255 1228
f 1228 1255 1256
f 1228 1256 1229
f 1229 1256 1257
f 1229 1257 1230
f 1230 1257 1258
f 1230 1258 1231
f 1231 1258 1259
f 1231 1259 1232
f 1232 1259 1260
f 1233 1261 1234
f 1234 1261 1262
f 1234 1262 1235
f 1235 1262 1263
f 1235 1263 1236
f 1236 1263 1264
f 1236 1264 1237
f 1237 1264 1265
f 1237 1265 1238
f 1238 1265 1266
f 1238 1266 1239
f 1239 1266 1267
f 1239 1267 1240
f 1240 1267 1268
f 1240 1268 1241
f 1241 1268 1269
f 1241 1269 1242
f 1242 1269 1270
f 1242 1270 1243
f 1243 1270 1271
f 1243 1271 1244
f 1244 1271 1272
f 1244 1272 1245
f 1245 1272 1273
f 1245 1273 1246
f 1246 1273 1274
f 1246 1274 1247
f 1247 1274 1275
f 1247 1275 1248
f 1248 1275 1276
f 1248 1276 1249
f 1249 1276 1277
f 1249 1277 1250
f 1250 1277 1278
f 1250 1278 1251
f 1251 1278 1279
f 1251 1279 1252
f 1252 1279 1280
f 1252 1280 1253
f 1253 1280 1281
f 1253 1281 1254
f 1254 1281 1282
f 1254 1282 1255
f 1255 1282 1283
f 1255 1283 1256
f 1256 1283 1284
f 1256 1284 1257
f 1257 1284 1285
f 1257 1285 1258
f 1258 1285 1286
f 1258 1286 1259
f 1259 1286 1287
f 1259 1287 1260
f 1260 1287 1288
f 1261 1289 1262
f 1262 1289 1290
f 1262 1290 1263
f 1263 1290 1291
f 1263 1291 1264
f 1264 1291 1292
f 1264 1292 1265
f 1265 1292 1293
f 1265 1293 1266
f 1266 1293 1294
f 1266 1294 1267
f 1267 1294 1295
f 1267 1295 1268
f 1268 1295 1296
f 1268 1296 1269
f 1269 1296 1297
f 1269 1297 1270
f 1270 1297 1298
f 1270 1298 1271
f 1271 1298 1299
f 1271 1299 1272
f 1272 1299 1300
f 1272 1300 1273
f 1273 1300 1301
f 1273 1301 1274
f 1274 1301 1302
f 1274 1302 1275
f 1275 1302 1303
f 1275 1303 1276
f 1276 1303 1304
f 1276 1304 1277
f 1277 1304 1305
f 1277 1305 1278
f 1278 1305 1306
f 1278 1306 1279
f 1279 1306 1307
f 1279 1307 1280
f 1280 1307 1308
f 1280 1308 1281
f 1281 1308 1309
f 1281 1309 1282
f 1282 1309 1310
f 1282 1310 1283
f 1283 1310 1311
f 1283 1311 1284
f 1284 1311 1312
f 1284 1312 1285
f 1285 1312 1313
f 1285 1313 1286
f 1286 1313 1314
f 1286 1314 1287
f 1287 1314 1315
f 1287 1315 1288
f 1288 1315 1316
f 1289 1317 1290
f 1290 1317 1318
f 1290 1318 1291
f 1291 1318 1319
f 1291 1319 1292
f 1292 1319 1320
f 1292 1320 1293
f 1293 1320 1321
f 1293 1321 1294
f 1294 1321 1322
f 1294 1322 1295
f 1295 1322 1323
f 1295 1323 1296
f 1296 1323 1324
f 1296 1324 1297
f 1297 1324 1325
f 1297 1325 1298
f 1298 1325 1326
f 1298 1326 1299
f 1299 1326 1327
f 1299 1327 1300
f 1300 1327 1328
f 1300 1328 1301
f 1301 1328 1329
f 1301 1329 1302
f 1302 1329 1330
f 1302 1330 1303
f 1303 1330 1331
f 1303 1331 1304
f 1304 1331 1332
f 1304 1332 1305
f 1305 1332 1333
f 1305 1333 1306
f 1306 1333 1334
f 1306 1334 1307
f 1307 1334 1335
f 1307 1335 1308
f 1308 1335 1336
f 1308 1336 1309
f 1309 1336 1337
f 1309 1337 1310
f 1310 1337 1338
f 1310 1338 1311
f 1311 1338 1339
f 1311 1339 1312
f 1312 1339 1340
f 1312 1340 1313
f 1313 1340 1341
f 1313 1341 1314
f 1314 1341 1342
f 1314 1342 1315
f 1315 1342 1343
f 1315 1343 1316
f 1316 1343 1344
f 1317 1345 1318
f 1318 1345 1346
f 1318 1346 1319
f 1319 1346 1347
f 1319 1347 1320
f 1320 1347 1348
f 1320 1348 1321
f 1321 1348 1349
f 1321 1349 1322
f 1322 1349 1350
f 1322 1350 1323
f 1323 1350 1351
f 1323 1351 1324
f 1324 1351 1352
f 1324 1352 1325
f 1325 1352 1353
f 1325 1353 1326
f 1326 1353 1354
f 1326 1354 1327
f 1327 1354 1355
f 1327 1355 1328
f 1328 1355 1356
f 1328 1356 1329
f 1329 1356 1357
f 1329 1357 1330
f 1330 1357 1358
f 1330 1358 1331
f 1331 1358 1359
f 1331 1359 1332
f 1332 1359 1360
f 1332 1360 1333
f 1333 1360 1361
f 1333 1361 1334
f 1334 1361 1362
f 1334 1362 1335
f 1335 1362 1363
f 1335 1363 1336
f 1336 1363 1364
f 1336 1364 1337
f 1337 1364 1365
f 1337 1365 1338
f 1338 1365 1366
f 1338 1366 1339
f 1339 1366 1367
f 1339 1367 1340
f 1340 1367 1368
f 1340 1368 1341
f 1341 1368 1369
f 1341 1369 1342
f 1342 1369 1370
f 1342 1370 1343
f 1343 1370 1371
f 1343 1371 1344
f 1344 1371 1372
f 1345 1373 1346
f 1346 1373 1374
f 1346 1374 1347
f 1347 1374 1375
f 1347 1375 1348
f 1348 1375 1376
f 1348 1376 1349
f 1349 1376 1377
f 1349 1377 1350
f 1350 1377 1378
f 1350 1378 1351
f 1351 1378 1379
f 1351 1379 1352
f 1352 1379 1380
f 1352 1380 1353
f 1353 1380 1381
f 1353 1381 1354
f 1354 1381 1382
f 1354 1382 1355
f 1355 1382 1383
f 1355 1383 1356
f 1356 1383 1384
f 1356 1384 1357
f 1357 1384 1385
f 1357 1385 1358
f 1358 1385 1386
f 1358 1386 1359
f 1359 1386 1387
f 1359 1387 1360
f 1360 1387 1388
f 1360 1388 1361
f 1361 1388 1389
f 1361 1389 1362
f 1362 1389 1390
f 1362 1390 1363
f 1363 1390 1391
f 1363 1391 1364
f 1364 1391 1392
f 1364 1392 1365
f 1365 1392 1393
f 1365 1393 1366
f 1366 1393 1394
f 1366 1394 1367
f 1367 1394 1395
f 1367 1395 1368
f 1368 1395 1396
f 1368 1396 1369
f 1369 1396 1397
f 1369 1397 1370
f 1370 1397 1398
f 1370 1398 1371
f 1371 1398 1399
f 1371 1399 1372
f 1372 1399 1400
f 1373 1401 1374
f 1374 1401 1402
f 1374 1402 1375
f 1375 1402 1403
f 1375 1403 1376
f 1376 1403 1404
f 1376 1404 1377
f 1377 1404 1405
f 1377 1405 1378
f 1378 1405 1406
f 1378 1406 1379
f 1379 1406 1407
f 1379 1407 1380
f 1380 1407 1408
f 1380 1408 1381
f 1381 1408 1409
f 1381 1409 1382
f 1382 1409 1410
f 1382 1410 1383
f 1383 1410 1411
f 1383 1411 1384
f 1384 1411 1412
f 1384 1412 1385
f 1385 1412 1413
f 1385 1413 1386
f 1386 1413 1414
f 1386 1414 1387
f 1387 1414 1415
f 1387 1415 1388
f 1388 1415 1416
f 1388 1416 1389
f 1389 1416 1417
f 1389 1417 1390
f 1390 1417 1418
f 1390 1418 1391
f 1391 1418 1419
f 1391 1419 1392
f 1392 1419 1420
f 1392 1420 1393
f 1393 1420 1421
f 1393 1421 1394
f 1394 1421 1422
f 1394 1422 1395
f 1395 1422 1423
f 1395 1423 1396
f 1396 1423 1424
f 1396 1424 1397
f 1397 1424 1425
f 1397 1425 1398
f 1398 1425 1426
f 1398 1426 1399
f 1399 1426 1427
f 1399 1427 1400
f 1400 1427 1428
f 1401 1429 1402
f 1402 1429 1430
f 1402 1430 1403
f 1403 1430 1431
f 1403 1431 1404
f 1404 1431 1432
f 1404 1432 1405
f 1405 1432 1433
f 1405 1433 1406
f 1406 1433 1434
f 1406 1434 1407
f 1407 1434 1435
f 1407 1435 1408
f 1408 1435 1436
f 1408 1436 1409
f 1409 1436 1437
f 1409 1437 1410
f 1410 1437 1438
f 1410 1438 1411
f 1411 1438 1439
f 1411 1439 1412
f 1412 1439 1440
f 1412 1440 1413
f 1413 1440 1441
f 1413 1441 1414
f 1414 1441 1442
f 1414 1442 1415
f 1415 1442 1443
f 1415 1443 1416
f 1416 1443 1444
f 1416 1444 1417
f 1417 1444 1445
f 1417 1445 1418
f 1418 1445 1446
f 1418 1446 1419
f 1419 1446 1447
f 1419 1447 1420
f 1420 1447 1448
f 1420 1448 1421
f 1421 1448 1449
f 1421 1449 1422
f 1422 1449 1450
f 1422 1450 1423
f 1423 1450 1451
f 1423 1451 1424
f 1424 1451 1452
f 1424 1452 1425
f 1425 1452 1453
f 1425 1453 1426
f 1426 1453 1454
f 1426 1454 1427
f 1427 1454 1455
f 1427 1455 1428
f 1428 1455 1456
f 1429 1457 1430
f 1430 1457 1458
f 1430 1458 1431
f 1431 1458 1459
f 1431 1459 1432
f 1432 1459 1460
f 1432 1460 1433
f 1433 1460 1461
f 1433 1461 1434
f 1434 1461 1462
f 1434 1462 1435
f 1435 1462 1463
f 1435 1463 1436
f 1436 1463 1464
f 1436 1464 1437
f 1437 1464 1465
f 1437 1465 1438
f 1438 1465 1466
f 1438 1466 1439
f 1439 1466 1467
f 1439 1467 1440
f 1440 1467 1468
f 1440 1468 1441
f 1441 1468 1469
f 1441 1469 1442
f 1442 1469 1470
f 1442 1470 1443
f 1443 1470 1471
f 1443 1471 1444
f 1444 1471 1472
f 1444 1472 1445
f 1445 1472 1473
f 1445 1473 1446
f 1446 1473 1474
f 1446 1474 1447
f 1447 1474 1475
f 1447 1475 1448
f 1448 1475 1476
f 1448 1476 1449
f 1449 1476 1477
f 1449 1477 1450
f 1450 1477 1478
f 1450 1478 1451
f 1451 1478 1479
f 1451 1479 1452
f 1452 1479 1480
f 1452 1480 1453
f 1453 1480 1481
f 1453 1481 1454
f 1454 1481 1482
f 1454 1482 1455
f 1455 1482 1483
f 1455 1483 1456
f 1456 1483 1484
f 1457 1485 1458
f 1458 1485 1486
f 1458 1486 1459
f 1459 1486 1487
f 1459 1487 1460
f 1460 1487 1488
f 1460 1488 1461
f 1461 1488 1489
f 1461 1489 1462
f 1462 1489 1490
f 1462 1490 1463
f 1463 1490 1491
f 1463 1491 1464
f 1464 1491 1492
f 1464 1492 1465
f 1465 1492 1493
f 1465 1493 1466
f 1466 1493 1494
f 1466 1494 1467
f 1467 1494 1495
f 1467 1495 1468
f 1468 1495 1496
f 1468 1496 1469
f 1469 1496 1497
f 1469 1497 1470
f 1470 1497 1498
f 1470 1498 1471
f 1471 1498 1499
f 1471 1499 1472
f 1472 1499 1500
f 1472 1500 1473
f 1473 1500 1501
f 1473 1501 1474
f 1474 1501 1502
f 1474 1502 1475
f 1475 1502 1503
f 1475 1503 1476
f 1476 1503 1504
f 1476 1504 1477
f 1477 1504 1505
f 1477 1505 1478
f 1478 1505 1506
f 1478 1506 1479
f 1479 1506 1507
f 1479 1507 1480
f 1480 1507 1508
f 1480 1508 1481
f 1481 1508 1509
f 1481 1509 1482
f 1482 1509 1510
f 1482 1510 1483
f 1483 1510 1511
f 1483 1511 1484
f 1484 1511 1512
f 1485 1513 1486
f 1486 1513 1514
f 1486 1514 1487
f 1487 1514 1515
f 1487 1515 1488
f 1488 1515 1516
f 1488 1516 1489
f 1489 1516 1517
f 1489 1517 1490
f 1490 1517 1518
f 1490 1518 1491
f 1491 1518 1519
f 1491 1519 1492
f 1492 1519 1520
f 1492 1520 1493
f 1493 1520 1521
f 1493 1521 1494
f 1494 1521 1522
f 1494 1522 1495
f 1495 1522 1523
f 1495 1523 1496
f 1496 1523 1524
f 1496 1524 1497
f 1497 1524 1525
f 1497 1525 1498
f 1498 1525 1526
f 1498 1526 1499
f 1499 1526 1527
f 1499 1527 1500
f 1500 1527 1528
f 1500 1528 1501
f 1501 1528 1529
f 1501 1529 1502
f 1502 1529 1530
f 1502 1530 1503
f 1503 1530 1531
f 1503 1531 1504
f 1504 1531 1532
f 1504 1532 1505
f 1505 1532 1533
f 1505 1533 1506
f 1506 1533 1534
f 1506 1534 1507
f 1507 1534 1535
f 1507 1535 1508
f 1508 1535 1536
f 1508 1536 1509
f 1509 1536 1537
f 1509 1537 1510
f 1510 1537 1538
f 1510 1538 1511
f 1511 1538 1539
f 1511 1539 1512
f 1512 1539 1540
f 1541 1569 1542
f 1542 1569 1570
f 1542 1570 1543
f 1543 1570 1571
f 1543 1571 1544
f 1544 1571 1572
f 1544 1572 1545
f 1545 1572 1573
f 1545 1573 1546
f 1546 1573 1574
f 1546 1574 1547
f 1547 1574 1575
f 1547 1575 1548
f 1548 1575 1576
f 1548 1576 1549
f 1549 1576 1577
f 1549 1577 1550
f 1550 1577 1578
f 1550 1578 1551
f 1551 1578 1579
f 1551 1579 1552
f 1552 1579 1580
f 1552 1580 1553
f 1553 1580 1581
f 1553 1581 1554
f 1554 1581 1582
f 1554 1582 1555
f 1555 1582 1583
f 1555 1583 1556
f 1556 1583 1584
f 1556 1584 1557
f 1557 1584 1585
f 1557 1585 1558
f 1558 1585 1586
f 1558 1586 1559
f 1559 1586 1587
f 1559 1587 1560
f 1560 1587 1588
f 1560 1588 1561
f 1561 1588 1589
f 1561 1589 1562
f 1562 1589 1590
f 1562 1590 1563
f 1563 1590 1591
f 1563 1591 1564
f 1564 1591 1592
f 1564 1592 1565
f 1565 1592 1593
f 1565 1593 1566
f 1566 1593 1594
f 1566 1594 1567
f 1567 1594 1595
f 1567 1595 1568
f 1568 1595 1596
f 1569 1597 1570
f 1570 1597 1598
f 1570 1598 1571
f 1571 1598 1599
f 1571 1599 1572
f 1572 1599 1600
f 1572 1600 1573
f 1573 1600 1601
f 1573 1601 1574
f 1574 1601 1602
f 1574 1602 1575
f 1575 1602 1603
f 1575 1603 1576
f 1576 1603 1604
f 1576 1604 1577
f 1577 1604 1605
f 1577 1605 1578
f 1578 1605 1606
f 1578 1606 1579
f 1579 1606 1607
f 1579 1607 1580
f 1580 1607 1608
f 1580 1608 1581
f 1581 1608 1609
f 1581 1609 1582
f 1582 1609 1610
f 1582 1610 1583
f 1583 1610 1611
f 1583 1611 1584
f 1584 1611 1612
f 1584 1612 1585
f 1585 1612 1613
f 1585 1613 1586
f 1586 1613 1614
f 1586 1614 1587
f 1587 1614 1615
f 1587 1615 1588
f 1588 1615 1616
f 1588 1616 1589
f 1589 1616 1617
f 1589 1617 1590
f 1590 1617 1618
f 1590 1618 1591
f 1591 1618 1619
f 1591 1619 1592
f 1592 1619 1620
f 1592 1620 1593
f 1593 1620 1621
f 1593 1621 1594
f 1594 1621 1622
f 1594 1622 1595
f 1595 1622 1623
f 1595 1623 1596
f 1596 1623 1624
f 1597 1625 1598
f 1598 1625 1626
f 1598 1626 1599
f 1599 1626 1627
f 1599 1627 1600
f 1600 1627 1628
f 1600 1628 1601
f 1601 1628 1629
f 1601 1629 1602
f 1602 1629 1630
f 1602 1630 1603
f 1603 1630 1631
f 1603 1631 1604
f 1604 1631 1632
f 1604 1632 1605
f 1605 1632 1633
f 1605 1633 1606
f 1606 1633 1634
f 1606 1634 1607
f 1607 1634 1635
f 1607 1635 1608
f 1608 1635 1636
f 1608 1636 1609
f 1609 1636 1637
f 1609 1637 1610
f 1610 1637 1638
f 1610 1638 1611
f 1611 1638 1639
f 1611 1639 1612
f 1612 1639 1640
f 1612 1640 1613
f 1613 1640 1641
f 1613 1641 1614
f 1614 1641 1642
f 1614 1642 1615
f 1615 1642 1643
f 1615 1643 1616
f 1616 1643 1644
f 1616 1644 1617
f 1617 1644 1645
f 1617 1645 1618
f 1618 1645 1646
f 1618 1646 1619
f 1619 1646 1647
f 1619 1647 1620
f 1620 1647 1648
f 1620 1648 1621
f 1621 1648 1649
f 1621 1649 1622
f 1622 1649 1650
f 1622 1650 1623
f 1623 1650 1651
f 1623 1651 1624
f 1624 1651 1652
f 1625 1653 1626
f 1626 1653 1654
f 1626 1654 1627
f 1627 1654 1655
f 1627 1655 1628
f 1628 1655 1656
f 1628 1656 1629
f 1629 1656 1657
f 1629 1657 1630
f 1630 1657 1658
f 1630 1658 1631
f 1631 1658 1659
f 1631 1659 1632
f 1632 1659 1660
f 1632 1660 1633
f 1633 1660 1661
f 1633 1661 1634
f 1634 1661 1662
f 1634 1662 1635
f 1635 1662 1663
f 1635 1663 1636
f 1636 1663 1664
f 1636 1664 1637
f 1637 1664 1665
f 1637 1665 1638
f 1638 1665 1666
f 1638 1666 1639
f 1639 1666 1667
f 1639 1667 1640
f 1640 1667 1668
f 1640 1668 1641
f 1641 1668 1669
f 1641 1669 1642
f 1642 1669 1670
f 1642 1670 1643
f 1643 1670 1671
f 1643 1671 1644
f 1644 1671 1672
f 1644 1672 1645
f 1645 1672 1673
f 1645 1673 1646
f 1646 1673 1674
f 1646 1674 1647
f 1647 1674 1675
f 1647 1675 1648
f 1648 1675 1676
f 1648 1676 1649
f 1649 1676 1677
f 1649 1677 1650
f 1650 1677 1678
f 1650 1678 1651
f 1651 1678 1679
f 1651 1679 1652
f 1652 1679 1680
f 1653 1681 1654
f 1654 1681 1682
f 1654 1682 1655
f 1655 1682 1683
f 1655 1683 1656
f 1656 1683 1684
f 1656 1684 1657
f 1657 1684 1685
f 1657 1685 1658
f 1658 1685 1686
f 1658 1686 1659
f 1659 1686 1687
f 1659 1687 1660
f 1660 1687 1688
f 1660 1688 1661
f 1661 1688 1689
f 1661 1689 1662
f 1662 1689 1690
f 1662 1690 1663
f 1663 1690 1691
f 1663 1691 1664
f 1664 1691 1692
f 1664 1692 1665
f 1665 1692 1693
f 1665 1693 1666
f 1666 1693 1694
f 1666 1694 1667
f 1667 1694 1695
f 1667 1695 1668
f 1668 1695 1696
f 1668 1696 1669
f 1669 1696 1697
f 1669 1697 1670
f 1670 1697 1698
f 1670 1698 1671
f 1671 1698 1699
f 1671 1699 1672
f 1672 1699 1700
f 1672 1700 1673
f 1673 1700 1701
f 1673 1701 1674
f 1674 1701 1702
f 1674 1702 1675
f 1675 1702 1703
f 1675 1703 1676
f 1676 1703 1704
f 1676 1704 1677
f 1677 1704 1705
f 1677 1705 1678
f 1678 1705 1706
f 1678 1706 1679
f 1679 1706 1707
f 1679 1707 1680
f 1680 1707 1708
f 1681 1709 1682
f 1682 1709 1710
f 1682 1710 1683
f 1683 1710 1711
f 1683 1711 1684
f 1684 1711 1712
f 1684 1712 1685
f 1685 1712 1713
f 1685 1713 1686
f 1686 1713 1714
f 1686 1714 1687
f 1687 1714 1715
f 1687 1715 1688
f 1688 1715 1716
f 1688 1716 1689
f 1689 1716 1717
f 1689 1717 1690
f 1690 1717 1718
f 1690 1718 1691
f 1691 1718 1719
f 1691 1719 1692
f 1692 1719 1720
f 1692 1720 1693
f 1693 1720 1721
f 1693 1721 1694
f 1694 1721 1722
f 1694 1722 1695
f 1695 1722 1723
f 1695 1723 1696
f 1696 1723 1724
f 1696 1724 1697
f 1697 1724 1725
f 1697 1725 1698
f 1698 1725 1726
f 1698 1726 1699
f 1699 1726 1727
f 1699 1727 1700
f 1700 1727 1728
f 1700 1728 1701
f 1701 1728 1729
f 1701 1729 1702
f 1702 1729 1730
f 1702 1730 1703
f 1703 1730 1731
f 1703 1731 1704
f 1704 1731 1732
f 1704 1732 1705
f 1705 1732 1733
f 1705 1733 1706
f 1706 1733 1734
f 1706 1734 1707
f 1707 1734 1735
f 1707 1735 1708
f 1708 1735 1736
f 1709 1737 1710
f 1710 1737 1738
f 1710 1738 1711
f 1711 1738 1739
f 1711 1739 1712
f 1712 1739 1740
f 1712 1740 1713
f 1713 1740 1741
f 1713 1741 1714
f 1714 1741 1742
f 1714 1742 1715
f 1715 1742 1743
f 1715 1743 1716
f 1716 1743 1744
f 1716 1744 1717
f 1717 1744 1745
f 1717 1745 1718
f 1718 1745 1746
f 1718 1746 1719
f 1719 1746 1747
f 1719 1747 1720
f 1720 1747 1748
f 1720 1748 1721
f 1721 1748 1749
f 1721 1749 1722
f 1722 1749 1750
f 1722 1750 1723
f 1723 1750 1751
f 1723 1751 1724
f 1724 1751 1752
f 1724 1752 1725
f 1725 1752 1753
f 1725 1753 1726
f 1726 1753 1754
f 1726 1754 1727
f 1727 1754 1755
f 1727 1755 1728
f 1728 1755 1756
f 1728 1756 1729
f 1729 1756 1757
f 1729 1757 1730
f 1730 1757 1758
f 1730 1758 1731
f 1731 1758 1759
f 1731 1759 1732
f 1732 1759 1760
f 1732 1760 1733
f 1733 1760 1761
f 1733 1761 1734
f 1734 1761 1762
f 1734 1762 1735
f 1735 1762 1763
f 1735 1763 1736
f 1736 1763 1764
f 1737 1765 1738
f 1738 1765 1766
f 1738 1766 1739
f 1739 1766 1767
f 1739 1767 1740
f 1740 1767 1768
f 1740 1768 1741
f 1741 1768 1769
f 1741 1769 1742
f 1742 1769 1770
f 1742 1770 1743
f 1743 1770 1771
f 1743 1771 1744
f 1744 1771 1772
f 1744 1772 1745
f 1745 1772 1773
f 1745 1773 1746
f 1746 1773 1774
f 1746 1774 1747
f 1747 1774 1775
f 1747 1775 1748
f 1748 1775 1776
f 1748 1776 1749
f 1749 1776 1777
f 1749 1777 1750
f 1750 1777 1778
f 1750 1778 1751
f 1751 1778 1779
f 1751 1779 1752
f 1752 1779 1780
f 1752 1780 1753
f 1753 1780 1781
f 1753 1781 1754
f 1754 1781 1782
f 1754 1782 1755
f 1755 1782 1783
f 1755 1783 1756
f 1756 1783 1784
f 1756 1784 1757
f 1757 1784 1785
f 1757 1785 1758
f 1758 1785 1786
f 1758 1786 1759
f 1759 1786 1787
f 1759 1787 1760
f 1760 1787 1788
f 1760 1788 1761
f 1761 1788 1789
f 1761 1789 1762
f 1762 1789 1790
f 1762 1790 1763
f 1763 1790 1791
f 1763 1791 1764
f 1764 1791 1792
f 1765 1793 1766
f 1766 1793 1794
f 1766 1794 1767
f 1767 1794 1795
f 1767 1795 1768
f 1768 1795 1796
f 1768 1796 1769
f 1769 1796 1797
f 1769 1797 1770
f 1770 1797 1798
f 1770 1798 1771
f 1771 1798 1799
f 1771 1799 1772
f 1772 1799 1800
f 1772 1800 1773
f 1773 1800 1801
f 1773 1801 1774
f 1774 1801 1802
f 1774 1802 1775
f 1775 1802 1803
f 1775 1803 1776
f 1776 1803 1804
f 1776 1804 1777
f 1777 1804 1805
f 1777 1805 1778
f 1778 1805 1806
f 1778 1806 1779
f 1779 1806 1807
f 1779 1807 1780
f 1780 1807 1808
f 1780 1808 1781
f 1781 1808 1809
f 1781 1809 1782
f 1782 1809 1810
f 1782 1810 1783
f 1783 1810 1811
f 1783 1811 1784
f 1784 1811 1812
f 1784 1812 1785
f 1785 1812 1813
f 1785 1813 1786
f 1786 1813 1814
f 1786 1814 1787
f 1787 1814 1815
f 1787 1815 1788
f 1788 1815 1816
f 1788 1816 1789
f 1789 1816 1817
f 1789 1817 1790
f 1790 1817 1818
f 1790 1818 1791
f 1791 1818 1819
f 1791 1819 1792
f 1792 1819 1820
f 1793 1821 1794
f 1794 1821 1822
f 1794 1822 1795
f 1795 1822 1823
f 1795 1823 1796
f 1796 1823 1824
f 1796 1824 1797
f 1797 1824 1825
f 1797 1825 1798
f 1798 1825 1826
f 1798 1826 1799
f 1799 1826 1827
f 1799 1827 1800
f 1800 1827 1828
f 1800 1828 1801
f 1801 1828 1829
f 1801 1829 1802
f 1802 1829 1830
f 1802 1830 1803
f 1803 1830 1831
f 1803 1831 1804
f 1804 1831 1832
f 1804 1832 1805
f 1805 1832 1833
f 1805 1833 1806
f 1806 1833 1834
f 1806 1834 1807
f 1807 1834 1835
f 1807 1835 1808
f 1808 1835 1836
f 1808 1836 1809
f 1809 1836 1837
f 1809 1837 1810
f 1810 1837 1838
f 1810 1838 1811
f 1811 1838 1839
f 1811 1839 1812
f 1812 1839 1840
f 1812 1840 1813
f 1813 1840 1841
f 1813 1841 1814
f 1814 1841 1842
f 1814 1842 1815
f 1815 1842 1843
f 1815 1843 1816
f 1816 1843 1844
f 1816 1844 1817
f 1817 1844 1845
f 1817 1845 1818
f 1818 1845 1846
f 1818 1846 1819
f 1819 1846 1847
f 1819 1847 1820
f 1820 1847 1848
f 1821 1849 1822
f 1822 1849 1850
f 1822 1850 1823
f 1823 1850 1851
f 1823 1851 1824
f 1824 1851 1852
f 1824 1852 1825
f 1825 1852 1853
f 1825 1853 1826
f 1826 1853 1854
f 1826 1854 1827
f 1827 1854 1855
f 1827 1855 1828
f 1828 1855 1856
f 1828 1856 1829
f 1829 1856 1857
f 1829 1857 1830
f 1830 1857 1858
f 1830 1858 1831
f 1831 1858 1859
f 1831 1859 1832
f 1832 1859 1860
f 1832 1860 1833
f 1833 1860 1861
f 1833 1861 1834
f 1834 1861 1862
f 1834 1862 1835
f 1835 1862 1863
f 1835 1863 1836
f 1836 1863 1864
f 1836 1864 1837
f 1837 1864 1865
f 1837 1865 1838
f 1838 1865 1866
f 1838 1866 1839
f 1839 1866 1867
f 1839 1867 1840
f 1840 1867 1868
f 1840 1868 1841
f 1841 1868 1869
f 1841 1869 1842
f 1842 1869 1870
f 1842 1870 1843
f 1843 1870 1871
f 1843 1871 1844
f 1844 1871 1872
f 1844 1872 1845
f 1845 1872 1873
f 1845 1873 1846
f 1846 1873 1874
f 1846 1874 1847
f 1847 1874 1875
f 1847 1875 1848
f 1848 1875 1876
f 1849 1877 1850
f 1850 1877 1878
f 1850 1878 1851
f 1851 1878 1879
f 1851 1879 1852
f 1852 1879 1880
f 1852 1880 1853
f 1853 1880 1881
f 1853 1881 1854
f 1854 1881 1882
f 1854 1882 1855
f 1855 1882 1883
f 1855 1883 1856
f 1856 1883 1884
f 1856 1884 1857
f 1857 1884 1885
f 1857 1885 1858
f 1858 1885 1886
f 1858 1886 1859
f 1859 1886 1887
f 1859 1887 1860
f 1860 1887 1888
f 1860 1888 1861
f 1861 1888 1889
f 1861 1889 1862
f 1862 1889 1890
f 1862 1890 1863
f 1863 1890 1891
f 1863 1891 1864
f 1864 1891 1892
f 1864 1892 1865
f 1865 1892 1893
f 1865 1893 1866
f 1866 1893 1894
f 1866 1894 1867
f 1867 1894 1895
f 1867 1895 1868
f 1868 1895 1896
f 1868 1896 1869
f 1869 1896 1897
f 1869 1897 1870
f 1870 1897 1898
f 1870 1898 1871
f 1871 1898 1899
f 1871 1899 1872
f 1872 1899 1900
f 1872 1900 1873
f 1873 1900 1901
f 1873 1901 1874
f 1874 1901 1902
f 1874 1902 1875
f 1875 1902 1903
f 1875 1903 1876
f 1876 1903 1904
f 1877 1905 1878
f 1878 1905 1906
f 1878 1906 1879
f 1879 1906 1907
f 1879 1907 1880
f 1880 1907 1908
f 1880 1908 1881
f 1881 1908 1909
f 1881 1909 1882
f 1882 1909 1910
f 1882 1910 1883
f 1883 1910 1911
f 1883 1911 1884
f 1884 1911 1912
f 1884 1912 1885
f 1885 1912 1913
f 1885 1913 1886
f 1886 1913 1914
f 1886 1914 1887
f 1887 1914 1915
f 1887 1915 1888
f 1888 1915 1916
f 1888 1916 1889
f 1889 1916 1917
f 1889 1917 1890
f 1890 1917 1918
f 1890 1918 1891
f 1891 1918 1919
f 1891 1919 1892
f 1892 1919 1920
f 1892 1920 1893
f 1893 1920 1921
f 1893 1921 1894
f 1894 1921 1922
f 1894 1922 1895
f 1895 1922 1923
f 1895 1923 1896
f 1896 1923 1924
f 1896 1924 1897
f 1897 1924 1925
f 1897 1925 1898
f 1898 1925 1926
f 1898 1926 1899
f 1899 1926 1927
f 1899 1927 1900
f 1900 1927 1928
f 1900 1928 1901
f 1901 1928 1929
f 1901 1929 1902
f 1902 1929 1930
f 1902 1930 1903
f 1903 1930 1931
f 1903 1931 1904
f 1904 1931 1932
f 1905 1933 1906
f 1906 1933 1934
f 1906 1934 1907
f 1907 1934 1935
f 1907 1935 1908
f 1908 1935 1936
f 1908 1936 1909
f 1909 1936 1937
f 1909 1937 1910
f 1910 1937 1938
f 1910 1938 1911
f 1911 1938 1939
f 1911 1939 1912
f 1912 1939 1940
f 1912 1940 1913
f 1913 1940 1941
f 1913 1941 1914
f 1914 1941 1942
f 1914 1942 1915
f 1915 1942 1943
f 1915 1943 1916
f 1916 1943 1944
f 1916 1944 1917
f 1917 1944 1945
f 1917 1945 1918
f 1918 1945 1946
f 1918 1946 1919
f 1919 1946 1947
f 1919 1947 1920
f 1920 1947 1948
f 1920 1948 1921
f 1921 1948 1949
f 1921 1949 1922
f 1922 1949 1950
f 1922 1950 1923
f 1923 1950 1951
f 1923 1951 1924
f 1924 1951 1952
f 1924 1952 1925
f 1925 1952 1953
f 1925 1953 1926
f 1926 1953 1954
f 1926 1954 1927
f 1927 1954 1955
f 1927 1955 1928
f 1928 1955 1956
f 1928 1956 1929
f 1929 1956 1957
f 1929 1957 1930
f 1930 1957 1958
f 1930 1958 1931
f 1931 1958 1959
f 1931 1959 1932
f 1932 1959 1960
f 1933 1961 1934
f 1934 1961 1962
f 1934 1962 1935
f 1935 1962 1963
f 1935 1963 1936
f 1936 1963 1964
f 1936 1964 1937
f 1937 1964 1965
f 1937 1965 1938
f 1938 1965 1966
f 1938 1966 1939
f 1939 1966 1967
f 1939 1967 1940
f 1940 1967 1968
f 1940 1968 1941
f 1941 1968 1969
f 1941 1969 1942
f 1942 1969 1970
f 1942 1970 1943
f 1943 1970 1971
f 1943 1971 1944
f 1944 1971 1972
f 1944 1972 1945
f 1945 1972 1973
f 1945 1973 1946
f 1946 1973 1974
f 1946 1974 1947
f 1947 1974 1975
f 1947 1975 1948
f 1948 1975 1976
f 1948 1976 1949
f 1949 1976 1977
f 1949 1977 1950
f 1950 1977 1978
f 1950 1978 1951
f 1951 1978 1979
f 1951 1979 1952
f 1952 1979 1980
f 1952 1980 1953
f 1953 1980 1981
f 1953 1981 1954
f 1954 1981 1982
f 1954 1982 1955
f 1955 1982 1983
f 1955 1983 1956
f 1956 1983 1984
f 1956 1984 1957
f 1957 1984 1985
f 1957 1985 1958
f 1958 1985 1986
f 1958 1986 1959
f 1959 1986 1987
f 1959 1987 1960
f 1960 1987 1988
f 1961 1989 1962
f 1962 1989 1990
f 1962 1990 1963
f 1963 1990 1991
f 1963 1991 1964
f 1964 1991 1992
f 1964 1992 1965
f 1965 1992 1993
f 1965 1993 1966
f 1966 1993 1994
f 1966 1994 1967
f 1967 1994 1995
f 1967 1995 1968
f 1968 1995 1996
f 1968 1996 1969
f 1969 1996 1997
f 1969 1997 1970
f 1970 1997 1998
f 1970 1998 1971
f 1971 1998 1999
f 1971 1999 1972
f 1972 1999 2000
f 1972 2000 1973
f 1973 2000 2001
f 1973 2001 1974
f 1974 2001 2002
f 1974 2002 1975
f 1975 2002 2003
f 1975 2003 1976
f 1976 2003 2004
f 1976 2004 1977
f 1977 2004 2005
f 1977 2005 1978
f 1978 2005 2006
f 1978 2006 1979
f 1979 2006 2007
f 1979 2007 1980
f 1980 2007 2008
f 1980 2008 1981
f 1981 2008 2009
f 1981 2009 1982
f 1982 2009 2010
f 1982 2010 1983
f 1983 2010 2011
f 1983 2011 1984
f 1984 2011 2012
f 1984 2012 1985
f 1985 2012 2013
f 1985 2013 1986
f 1986 2013 2014
f 1986 2014 1987
f 1987 2014 2015
f 1987 2015 1988
f 1988 2015 2016
f 1989 2017 1990
f 1990 2017 2018
f 1990 2018 1991
f 1991 2018 2019
f 1991 2019 1992
f 1992 2019 2020
f 1992 2020 1993
f 1993 2020 2021
f 1993 2021 1994
f 1994 2021 2022
f 1994 2022 1995
f 1995 2022 2023
f 1995 2023 1996
f 1996 2023 2024
f 1996 2024 1997
f 1997 2024 2025
f 1997 2025 1998
f 1998 2025 2026
f 1998 2026 1999
f 1999 2026 2027
f 1999 2027 2000
f 2000 2027 2028
f 2000 2028 2001
f 2001 2028 2029
f 2001 2029 2002
f 2002 2029 2030
f 2002 2030 2003
f 2003 2030 2031
f 2003 2031 2004
f 2004 2031 2032
f 2004 2032 2005
f 2005 2032 2033
f 2005 2033 2006
f 2006 2033 2034
f 2006 2034 2007
f 2007 2034 2035
f 2007 2035 2008
f 2008 2035 2036
f 2008 2036 2009
f 2009 2036 2037
f 2009 2037 2010
f 2010 2037 2038
f 2010 2038 2011
f 2011 2038 2039
f 2011 2039 2012
f 2012 2039 2040
f 2012 2040 2013
f 2013 2040 2041
f 2013 2041 2014
f 2014 2041 2042
f 2014 2042 2015
f 2015 2042 2043
f 2015 2043 2016
f 2016 2043 2044
f 2017 2045 2018
f 2018 2045 2046
f 2018 2046 2019
f 2019 2046 2047
f 2019 2047 2020
f 2020 2047 2048
f 2020 2048 2021
f 2021 2048 2049
f 2021 2049 2022
f 2022 2049 2050
f 2022 2050 2023
f 2023 2050 2051
f 2023 2051 2024
f 2024 2051 2052
f 2024 2052 2025
f 2025 2052 2053
f 2025 2053 2026
f 2026 2053 2054
f 2026 2054 2027
f 2027 2054 2055
f 2027 2055 2028
f 2028 2055 2056
f 2028 2056 2029
f 2029 2056 2057
f 2029 2057 2030
f 2030 2057 2058
f 2030 2058 2031
f 2031 2058 2059
f 2031 2059 2032
f 2032 2059 2060
f 2032 2060 2033
f 2033 2060 2061
f 2033 2061 2034
f 2034 2061 2062
f 2034 2062 2035
f 2035 2062 2063
f 2035 2063 2036
f 2036 2063 2064
f 2036 2064 2037
f 2037 2064 2065
f 2037 2065 2038
f 2038 2065 2066
f 2038 2066 2039
f 2039 2066 2067
f 2039 2067 2040
f 2040 2067 2068
f 2040 2068 2041
f 2041 2068 2069
f 2041 2069 2042
f 2042 2069 2070
f 2042 2070 2043
f 2043 2070 2071
f 2043 2071 2044
f 2044 2071 2072
f 2045 2073 2046
f 2046 2073 2074
f 2046 2074 2047
f 2047 2074 2075
f 2047 2075 2048
f 2048 2075 2076
f 2048 2076 2049
f 2049 2076 2077
f 2049 2077 2050
f 2050 2077 2078
f 2050 2078 2051
f 2051 2078 2079
f 2051 2079 2052
f 2052 2079 2080
f 2052 2080 2053
f 2053 2080 2081
f 2053 2081 2054
f 2054 2081 2082
f 2054 2082 2055
f 2055 2082 2083
f 2055 2083 2056
f 2056 2083 2084
f 2056 2084 2057
f 2057 2084 2085
f 2057 2085 2058
f 2058 2085 2086
f 2058 2086 2059
f 2059 2086 2087
f 2059 2087 2060
f 2060 2087 2088
f 2060 2088 2061
f 2061 2088 2089
f 2061 2089 2062
f 2062 2089 2090
f 2062 2090 2063
f 2063 2090 2091
f 2063 2091 2064
f 2064 2091 2092
f 2064 2092 2065
f 2065 2092 2093
f 2065 2093 2066
f 2066 2093 2094
f 2066 2094 2067
f 2067 2094 2095
f 2067 2095 2068
f 2068 2095 2096
f 2068 2096 2069
f 2069 2096 2097
f 2069 2097 2070
f 2070 2097 2098
f 2070 2098 2071
f 2071 2098 2099
f 2071 2099 2072
f 2072 2099 2100
f 2073 2101 2074
f 2074 2101 2102
f 2074 2102 2075
f 2075 2102 2103
f 2075 2103 2076
f 2076 2103 2104
f 2076 2104 2077
f 2077 2104 2105
f 2077 2105 2078
f 2078 2105 2106
f 2078 2106 2079
f 2079 2106 2107
f 2079 2107 2080
f 2080 2107 2108
f 2080 2108 2081
f 2081 2108 2109
f 2081 2109 2082
f 2082 2109 2110
f 2082 2110 2083
f 2083 2110 2111
f 2083 2111 2084
f 2084 2111 2112
f 2084 2112 2085
f 2085 2112 2113
f 2085 2113 2086
f 2086 2113 2114
f 2086 2114 2087
f 2087 2114 2115
f 2087 2115 2088
f 2088 2115 2116
f 2088 2116 2089
f 2089 2116 2117
f 2089 2117 2090
f 2090 2117 2118
f 2090 2118 2091
f 2091 2118 2119
f 2091 2119 2092
f 2092 2119 2120
f 2092 2120 2093
f 2093 2120 2121
f 2093 2121 2094
f 2094 2121 2122
f 2094 2122 2095
f 2095 2122 2123
f 2095 2123 2096
f 2096 2123 2124
f 2096 2124 2097
f 2097 2124 2125
f 2097 2125 2098
f 2098 2125 2126
f 2098 2126 2099
f 2099 2126 2127
f 2099 2127 2100
f 2100 2127 2128
f 2101 2129 2102
f 2102 2129 2130
f 2102 2130 2103
f 2103 2130 2131
f 2103 2131 2104
f 2104 2131 2132
f 2104 2132 2105
f 2105 2132 2133
f 2105 2133 2106
f 2106 2133 2134
f 2106 2134 2107
f 2107 2134 2135
f 2107 2135 2108
f 2108 2135 2136
f 2108 2136 2109
f 2109 2136 2137
f 2109 2137 2110
f 2110 2137 2138
f 2110 2138 2111
f 2111 2138 2139
f 2111 2139 2112
f 2112 2139 2140
f 2112 2140 2113
f 2113 2140 2141
f 2113 2141 2114
f 2114 2141 2142
f 2114 2142 2115
f 2115 2142 2143
f 2115 2143 2116
f 2116 2143 2144
f 2116 2144 2117
f 2117 2144 2145
f 2117 2145 2118
f 2118 2145 2146
f 2118 2146 2119
f 2119 2146 2147
f 2119 2147 2120
f 2120 2147 2148
f 2120 2148 2121
f 2121 2148 2149
f 2121 2149 2122
f 2122 2149 2150
f 2122 2150 2123
f 2123 2150 2151
f 2123 2151 2124
f 2124 2151 2152
f 2124 2152 2125
f 2125 2152 2153
f 2125 2153 2126
f 2126 2153 2154
f 2126 2154 2127
f 2127 2154 2155
f 2127 2155 2128
f 2128 2155 2156
f 2129 2157 2130
f 2130 2157 2158
f 2130 2158 2131
f 2131 2158 2159
f 2131 2159 2132
f 2132 2159 2160
f 2132 2160 2133
f 2133 2160 2161
f 2133 2161 2134
f 2134 2161 2162
f 2134 2162 2135
f 2135 2162 2163
f 2135 2163 2136
f 2136 2163 2164
f 2136 2164 2137
f 2137 2164 2165
f 2137 2165 2138
f 2138 2165 2166
f 2138 2166 2139
f 2139 2166 2167
f 2139 2167 2140
f 2140 2167 2168
f 2140 2168 2141
f 2141 2168 2169
f 2141 2169 2142
f 2142 2169 2170
f 2142 2170 2143
f 2143 2170 2171
f 2143 2171 2144
f 2144 2171 2172
f 2144 2172 2145
f 2145 2172 2173
f 2145 2173 2146
f 2146 2173 2174
f 2146 2174 2147
f 2147 2174 2175
f 2147 2175 2148
f 2148 2175 2176
f 2148 2176 2149
f 2149 2176 2177
f 2149 2177 2150
f 2150 2177 2178
f 2150 2178 2151
f 2151 2178 2179
f 2151 2179 2152
f 2152 2179 2180
f 2152 2180 2153
f 2153 2180 2181
f 2153 2181 2154
f 2154 2181 2182
f 2154 2182 2155
f 2155 2182 2183
f 2155 2183 2156
f 2156 2183 2184
f 2157 2185 2158
f 2158 2185 2186
f 2158 2186 2159
f 2159 2186 2187
f 2159 2187 2160
f 2160 2187 2188
f 2160 2188 2161
f 2161 2188 2189
f 2161 2189 2162
f 2162 2189 2190
f 2162 2190 2163
f 2163 2190 2191
f 2163 2191 2164
f 2164 2191 2192
f 2164 2192 2165
f 2165 2192 2193
f 2165 2193 2166
f 2166 2193 2194
f 2166 2194 2167
f 2167 2194 2195
f 2167 2195 2168
f 2168 2195 2196
f 2168 2196 2169
f 2169 2196 2197
f 2169 2197 2170
f 2170 2197 2198
f 2170 2198 2171
f 2171 2198 2199
f 2171 2199 2172
f 2172 2199 2200
f 2172 2200 2173
f 2173 2200 2201
f 2173 2201 2174
f 2174 2201 2202
f 2174 2202 2175
f 2175 2202 2203
f 2175 2203 2176
f 2176 2203 2204
f 2176 2204 2177
f 2177 2204 2205
f 2177 2205 2178
f 2178 2205 2206
f 2178 2206 2179
f 2179 2206 2207
f 2179 2207 2180
f 2180 2207 2208
f 2180 2208 2181
f 2181 2208 2209
f 2181 2209 2182
f 2182 2209 2210
f 2182 2210 2183
f 2183 2210 2211
f 2183 2211 2184
f 2184 2211 2212
f 2185 2213 2186
f 2186 2213 2214
f 2186 2214 2187
f 2187 2214 2215
f 2187 2215 2188
f 2188 2215 2216
f 2188 2216 2189
f 2189 2216 2217
f 2189 2217 2190
f 2190 2217 2218
f 2190 2218 2191
f 2191 2218 2219
f 2191 2219 2192
f 2192 2219 2220
f 2192 2220 2193
f 2193 2220 2221
f 2193 2221 2194
f 2194 2221 2222
f 2194 2222 2195
f 2195 2222 2223
f 2195 2223 2196
f 2196 2223 2224
f 2196 2224 2197
f 2197 2224 2225
f 2197 2225 2198
f 2198 2225 2226
f 2198 2226 2199
f 2199 2226 2227
f 2199 2227 2200
f 2200 2227 2228
f 2200 2228 2201
f 2201 2228 2229
f 2201 2229 2202
f 2202 2229 2230
f 2202 2230 2203
f 2203 2230 2231
f 2203 2231 2204
f 2204 2231 2232
f 2204 2232 2205
f 2205 2232 2233
f 2205 2233 2206
f 2206 2233 2234
f 2206 2234 2207
f 2207 2234 2235
f 2207 2235 2208
f 2208 2235 2236
f 2208 2236 2209
f 2209 2236 2237
f 2209 2237 2210
f 2210 2237 2238
f 2210 2238 2211
f 2211 2238 2239
f 2211 2239 2212
f 2212 2239 2240
f 2213 2241 2214
f 2214 2241 2242
f 2214 2242 2215
f 2215 2242 2243
f 2215 2243 2216
f 2216 2243 2244
f 2216 2244 2217
f 2217 2244 2245
f 2217 2245 2218
f 2218 2245 2246
f 2218 2246 2219
f 2219 2246 2247
f 2219 2247 2220
f 2220 2247 2248
f 2220 2248 2221
f 2221 2248 2249
f 2221 2249 2222
f 2222 2249 2250
f 2222 2250 2223
f 2223 2250 2251
f 2223 2251 2224
f 2224 2251 2252
f 2224 2252 2225
f 2225 2252 2253
f 2225 2253 2226
f 2226 2253 2254
f 2226 2254 2227
f 2227 2254 2255
f 2227 2255 2228
f 2228 2255 2256
f 2228 2256 2229
f 2229 2256 2257
f 2229 2257 2230
f 2230 2257 2258
f 2230 2258 2231
f 2231 2258 2259
f 2231 2259 2232
f 2232 2259 2260
f 2232 2260 2233
f 2233 2260 2261
f 2233 2261 2234
f 2234 2261 2262
f 2234 2262 2235
f 2235 2262 2263
f 2235 2263 2236
f 2236 2263 2264
f 2236 2264 2237
f 2237 2264 2265
f 2237 2265 2238
f 2238 2265 2266
f 2238 2266 2239
f 2239 2266 2267
f 2239 2267 2240
f 2240 2267 2268
f 2241 2269 2242
f 2242 2269 2270
f 2242 2270 2243
f 2243 2270 2271
f 2243 2271 2244
f 2244 2271 2272
f 2244 2272 2245
f 2245 2272 2273
f 2245 2273 2246
f 2246 2273 2274
f 2246 2274 2247
f 2247 2274 2275
f 2247 2275 2248
f 2248 2275 2276
f 2248 2276 2249
f 2249 2276 2277
f 2249 2277 2250
f 2250 2277 2278
f 2250 2278 2251
f 2251 2278 2279
f 2251 2279 2252
f 2252 2279 2280
f 2252 2280 2253
f 2253 2280 2281
f 2253 2281 2254
f 2254 2281 2282
f 2254 2282 2255
f 2255 2282 2283
f 2255 2283 2256
f 2256 2283 2284
f 2256 2284 2257
f 2257 2284 2285
f 2257 2285 2258
f 2258 2285 2286
f 2258 2286 2259
f 2259 2286 2287
f 2259 2287 2260
f 2260 2287 2288
f 2260 2288 2261
f 2261 2288 2289
f 2261 2289 2262
f 2262 2289 2290
f 2262 2290 2263
f 2263 2290 2291
f 2263 2291 2264
f 2264 2291 2292
f 2264 2292 2265
f 2265 2292 2293
f 2265 2293 2266
f 2266 2293 2294
f 2266 2294 2267
f 2267 2294 2295
f 2267 2295 2268
f 2268 2295 2296
f 2269 2297 2270
f 2270 2297 2298
f 2270 2298 2271
f 2271 2298 2299
f 2271 2299 2272
f 2272 2299 2300
f 2272 2300 2273
f 2273 2300 2301
f 2273 2301 2274
f 2274 2301 2302
f 2274 2302 2275
f 2275 2302 2303
f 2275 2303 2276
f 2276 2303 2304
f 2276 2304 2277
f 2277 2304 2305
f 2277 2305 2278
f 2278 2305 2306
f 2278 2306 2279
f 2279 2306 2307
f 2279 2307 2280
f 2280 2307 2308
f 2280 2308 2281
f 2281 2308 2309
f 2281 2309 2282
f 2282 2309 2310
f 2282 2310 2283
f 2283 2310 2311
f 2283 2311 2284
f 2284 2311 2312
f 2284 2312 2285
f 2285 2312 2313
f 2285 2313 2286
f 2286 2313 2314
f 2286 2314 2287
f 2287 2314 2315
f 2287 2315 2288
f 2288 2315 2316
f 2288 2316 2289
f 2289 2316 2317
f 2289 2317 2290
f 2290 2317 2318
f 2290 2318 2291
f 2291 2318 2319
f 2291 2319 2292
f 2292 2319 2320
f 2292 2320 2293
f 2293 2320 2321
f 2293 2321 2294
f 2294 2321 2322
f 2294 2322 2295
f 2295 2322 2323
f 2295 2323 2296
f 2296 2323 2324

