# https://github.com/mikedh/trimesh

o m2.off
v 0.33061900 0.30337900 0.58984400
v 0.31998700 0.30155700 0.58860300
v 0.28698900 0.23947700 0.72827700
v 0.39038500 0.27933400 0.66863700
v 0.39179200 0.26593500 0.68268000
v 0.33246500 0.28318900 0.58885400
v 0.35956100 0.33192900 0.65280600
v 0.38479200 0.25667300 0.60127000
v 0.37842500 0.21849900 0.68808500
v 0.32149300 0.32753200 0.67376400
v 0.32139800 0.28803200 0.58607000
v 0.30936400 0.28318900 0.58885400
v 0.35563600 0.24407100 0.73672400
v 0.35873000 0.23578500 0.72320500
v 0.34993700 0.29366500 0.72863900
v 0.31349100 0.31153800 0.60807700
v 0.37648600 0.31613000 0.62136800
v 0.40223300 0.24745200 0.63777700
v 0.39311100 0.29052100 0.65854400
v 0.31453500 0.33552400 0.65088900
v 0.35985800 0.32005000 0.68342300
v 0.33469100 0.23861800 0.75719000
v 0.37931500 0.21897500 0.65147400
v 0.36506900 0.32714300 0.62721300
v 0.34152800 0.22823700 0.72642500
v 0.38283400 0.27916400 0.69846800
v 0.33279900 0.22086700 0.72518300
v 0.35234000 0.21621600 0.66868500
v 0.33895200 0.23423300 0.73467400
v 0.26964500 0.21465700 0.67690900
v 0.23959700 0.24745200 0.63777700
v 0.25157100 0.30146500 0.64161100
v 0.35168300 0.26248100 0.74950000
v 0.25004800 0.26617200 0.61112700
v 0.28949000 0.21621600 0.66868500
v 0.37276000 0.23630500 0.72901700
v 0.28197200 0.32005100 0.68342000
v 0.28944500 0.30289900 0.71514900
v 0.27523600 0.23191100 0.73357900
v 0.37027800 0.22690600 0.72059000
v 0.29492900 0.23712800 0.72940500
v 0.32091500 0.23987500 0.74992000
v 0.28723500 0.24396000 0.73663300
v 0.29359600 0.24216400 0.75069200
v 0.37466900 0.22694700 0.70959500
v 0.28065300 0.23729700 0.72869400
v 0.27605400 0.22442700 0.71856900
v 0.34177700 0.23483700 0.73960400
v 0.29888800 0.22766000 0.72925300
v 0.28685500 0.22193800 0.71724400
v 0.30005300 0.23483700 0.73960400
v 0.37169700 0.24496500 0.73633900
v 0.27761100 0.23707400 0.73965900
v 0.27988200 0.22216300 0.71452500
v 0.27016600 0.30562200 0.69392900
v 0.35234300 0.25427100 0.75522100
v 0.34772600 0.25964200 0.75437800
v 0.26002700 0.29624100 0.68945900
v 0.31387600 0.30909100 0.71068100
v 0.34426700 0.21731500 0.70258300
v 0.25460800 0.22635900 0.68803600
v 0.25307000 0.26435500 0.70153000
v 0.26341900 0.26764300 0.72370900
v 0.25190900 0.22283000 0.65677900
v 0.31456800 0.26372300 0.75275500
v 0.31169200 0.21883000 0.70105800
v 0.27996200 0.24037300 0.60642900
v 0.34209500 0.30055700 0.71213900
v 0.34658400 0.29600200 0.72485700
v 0.24682800 0.27995000 0.62422600
v 0.26734800 0.32356900 0.63931600
v 0.32737600 0.28531500 0.73554400
v 0.25779700 0.30952300 0.66094900
v 0.36897700 0.27899800 0.72766300
v 0.28226800 0.33192900 0.65280600
v 0.27083600 0.32089700 0.66330600
v 0.25703800 0.25667300 0.60127000
v 0.32091500 0.25778900 0.74934100
v 0.32091500 0.23994600 0.75485300
v 0.25834400 0.22860900 0.62761400
v 0.27268100 0.22795300 0.62511500
v 0.24003400 0.26039000 0.64841900
v 0.35870500 0.21435100 0.69316700
v 0.38379300 0.23436000 0.70571900
v 0.24655900 0.23552000 0.62863500
v 0.30790800 0.28253800 0.73801400
v 0.35679600 0.27428000 0.59601400
v 0.31418100 0.28393500 0.73527900
v 0.29458100 0.30947600 0.70846700
v 0.36544900 0.30217300 0.60323300
v 0.27676000 0.32714300 0.62721300
v 0.29639800 0.33523700 0.63497500
v 0.24744100 0.26100500 0.68499400
v 0.25118200 0.27952500 0.66800600
v 0.34421100 0.29179500 0.59504800
v 0.35499400 0.32131300 0.61039500
v 0.25513500 0.29668500 0.67264500
v 0.33866300 0.30660000 0.59971500
v 0.26565200 0.21765800 0.69031500
v 0.26534300 0.31613000 0.62136800
v 0.35756400 0.25202700 0.59835900
v 0.30444800 0.33600100 0.64159200
v 0.37191400 0.27653200 0.59574700
v 0.36421700 0.26287400 0.59481400
v 0.29854500 0.33331100 0.64301800
v 0.38501900 0.27822100 0.60394000
v 0.34306800 0.33327300 0.64291700
v 0.34413000 0.33529000 0.63433100
v 0.33759100 0.33621000 0.64395800
v 0.34171600 0.33634800 0.65149700
v 0.38549300 0.28090600 0.68141600
v 0.32083800 0.28266800 0.72952800
v 0.39024200 0.22691100 0.67780200
v 0.40179500 0.26038900 0.64841900
v 0.36914900 0.22795300 0.62511500
v 0.38669400 0.29677600 0.67263600
v 0.38348600 0.22860900 0.62761400
v 0.39527000 0.23552000 0.62863500
v 0.32926000 0.33003400 0.67246800
v 0.39500200 0.27995000 0.62422600
v 0.39823600 0.27430400 0.65906500
v 0.37099400 0.32089700 0.66330600
v 0.39025800 0.30146500 0.64161100
v 0.33847100 0.30798600 0.70871300
v 0.34780700 0.30952500 0.70850200
v 0.39178100 0.26617200 0.61112700
v 0.34781100 0.33483300 0.64616000
v 0.32860900 0.31064600 0.70851200
v 0.35178500 0.23040800 0.62371200
v 0.32254500 0.23017600 0.64256500
v 0.32087300 0.33353200 0.64983900
v 0.39459900 0.26126800 0.68464200
v 0.38647100 0.30514300 0.62604000
v 0.36418900 0.22020800 0.64196100
v 0.37448100 0.32356900 0.63931600
v 0.32091500 0.22241400 0.67167600
v 0.32091500 0.22232900 0.71946800
v 0.33616400 0.21763800 0.71601900
v 0.32689500 0.26518400 0.75139400
v 0.33521900 0.25437600 0.75970900
v 0.33103700 0.28250600 0.73608100
v 0.34399300 0.26843400 0.74673900
v 0.33358400 0.26546300 0.75243500
v 0.38992000 0.22283000 0.65677900
v 0.38913000 0.24767600 0.70390900
v 0.32093600 0.29993000 0.71705000
v 0.38180200 0.29624000 0.68945900
v 0.37178200 0.30590200 0.69338300
v 0.34294200 0.22766000 0.72925300
v 0.36577500 0.22442600 0.71856900
v 0.35951300 0.22183800 0.71298300
v 0.36594700 0.23381200 0.73657500
v 0.34823400 0.24216400 0.75069200
v 0.36226500 0.25484600 0.74458900
v 0.35497400 0.22193800 0.71724400
v 0.35549500 0.23235500 0.72076100
v 0.33483800 0.23551900 0.75602600
v 0.37901500 0.27217300 0.72012700
v 0.31611600 0.33014500 0.66619300
v 0.32557100 0.32918500 0.66758900
v 0.31989900 0.32735500 0.66715600
v 0.32091500 0.30722500 0.61125600
v 0.33749600 0.32173100 0.68895100
v 0.30500400 0.29501800 0.58881300
v 0.31922900 0.27016700 0.60051800
v 0.33682600 0.29501800 0.58881300
v 0.30984200 0.30459700 0.59206100
v 0.34529600 0.27040400 0.74789600
v 0.30041000 0.24127000 0.76160300
v 0.28627600 0.24421800 0.74727200
v 0.32602600 0.23902300 0.62662500
v 0.38960000 0.25971400 0.70236400
v 0.24359300 0.27430400 0.65906500
v 0.24965700 0.24753400 0.69453400
v 0.24871900 0.29052000 0.65854400
v 0.26607600 0.24842400 0.60032800
v 0.29761800 0.29179500 0.59504900
v 0.25555700 0.30504000 0.62515400
v 0.27761200 0.26287400 0.59481400
v 0.29796700 0.26841400 0.74669400
v 0.25961200 0.24631400 0.71826200
v 0.26940400 0.27705800 0.59587400
v 0.38356400 0.31026800 0.66003500
v 0.26254600 0.29547600 0.60748300
v 0.29053900 0.26545300 0.59717800
v 0.32842100 0.24629800 0.76028100
v 0.33272800 0.23769500 0.76282800
v 0.30478200 0.25771600 0.60092900
v 0.34684000 0.23681500 0.72883300
v 0.32833900 0.31153800 0.60807700
v 0.34390200 0.24263700 0.74876300
v 0.33437400 0.23304200 0.74679100
v 0.36857600 0.22752100 0.71988800
v 0.29755400 0.27129500 0.74737300
v 0.34717300 0.24631800 0.75240900
v 0.35458300 0.24056400 0.73008100
v 0.37218400 0.21465700 0.67690900
v 0.36375000 0.21850800 0.70453600
v 0.35234200 0.30309300 0.71488700
v 0.37918700 0.29277700 0.60529500
v 0.29449000 0.32448600 0.68359800
v 0.33687500 0.32867200 0.61719700
v 0.32120900 0.32614400 0.62680900
v 0.25577500 0.27990100 0.68023900
v 0.33722700 0.25741500 0.60075300
v 0.36186800 0.24037300 0.60642900
v 0.37575400 0.24842300 0.60032800
v 0.24115600 0.23739400 0.65871600
v 0.32306400 0.33110900 0.66298900
v 0.40067400 0.23739400 0.65871600
v 0.34555800 0.32878200 0.67444300
v 0.33426200 0.28252800 0.73856300
v 0.26567200 0.21854000 0.64888800
v 0.33514300 0.27408900 0.59576400
v 0.28878600 0.22134900 0.64497700
v 0.33638800 0.29970900 0.71828100
v 0.35555400 0.24421700 0.74727200
v 0.34140400 0.24122200 0.76148000
v 0.30369200 0.30801300 0.70900700
v 0.25686300 0.27874100 0.60408800
v 0.27005500 0.24550900 0.73747100
v 0.29960600 0.29479200 0.72476300
v 0.32177800 0.25438000 0.60815300
v 0.30443200 0.25487100 0.75926600
v 0.29063400 0.22909300 0.62609800
v 0.31137800 0.23803200 0.62619100
v 0.29401800 0.33483300 0.64616000
v 0.30028400 0.33649400 0.65238900
v 0.30380400 0.32192000 0.68780400
v 0.32091500 0.33187600 0.63602500
v 0.31269400 0.32960100 0.67293600
v 0.28283100 0.25153200 0.59808500
v 0.30323300 0.30650800 0.59947900
v 0.28427500 0.31848500 0.60854600
v 0.30101200 0.32823500 0.61643200
v 0.27887500 0.28973500 0.59882200
v 0.30382700 0.27558900 0.59561000
v 0.29549500 0.21665000 0.69720400
v 0.31122200 0.25211300 0.60705600
v 0.30827800 0.23791900 0.76320300
v 0.31340900 0.24629800 0.76028100
v 0.28261000 0.21453600 0.69446600
v 0.30208900 0.22955600 0.72818300
v 0.27539500 0.27491900 0.73261200
v 0.28805600 0.22273300 0.71311900
v 0.29993700 0.30072700 0.71195800
v 0.30824600 0.26546400 0.75243500
v 0.29374600 0.25957800 0.75432000
v 0.29410000 0.29514300 0.72679300
v 0.28964000 0.25417100 0.75526700
v 0.27720000 0.28952500 0.72123900
v 0.26121400 0.28793100 0.70098300
v 0.28454100 0.23283800 0.72039900
v 0.26851800 0.23636600 0.72921400
v 0.27224700 0.22849300 0.72228000
v 0.29000100 0.26250800 0.74954800
v 0.30763100 0.23265600 0.74565900
v 0.29453400 0.22015400 0.71023800
v 0.30713900 0.23861800 0.75719000
v 0.30224900 0.23684400 0.73911600
v 0.30544800 0.29856800 0.71898900
v 0.27481300 0.22355600 0.71315400
v 0.27946800 0.25424800 0.74435600
v 0.27001200 0.24199200 0.73376900
v 0.29665800 0.24403100 0.75218300
v 0.30770400 0.21916500 0.72114200
v 0.30699200 0.23551900 0.75602600
v 0.31113000 0.21152500 0.75820200
v 0.35941900 0.23549800 0.71764100
v 0.35763100 0.24399100 0.72680600
v 0.31176400 0.19500500 0.77580100
v 0.34559600 0.20751400 0.77067700
v 0.31206600 0.19371400 0.77634700
v 0.34873400 0.20645100 0.77572300
v 0.29237300 0.21393200 0.76055200
v 0.30053900 0.21449800 0.75923700
v 0.29552600 0.21873400 0.75124500
v 0.29242000 0.21816800 0.74365800
v 0.29702800 0.22262400 0.74561100
v 0.35683500 0.22033200 0.77360300
v 0.27522500 0.22731600 0.72919500
v 0.28778000 0.22057200 0.72214800
v 0.30558100 0.22393300 0.76914800
v 0.30265500 0.23392000 0.73352400
v 0.29694000 0.24545200 0.74302500
v 0.28224200 0.24240300 0.74200300
v 0.27649900 0.23181100 0.72344400
v 0.27939700 0.23172600 0.71875700
v 0.28963200 0.22663000 0.71680700
v 0.30137100 0.23335100 0.72578800
v 0.29893100 0.24614200 0.73618400
v 0.28134500 0.24331400 0.73262800
v 0.30902900 0.21748100 0.76979800
v 0.31411600 0.20992000 0.76422800
v 0.29899900 0.20191100 0.78476800
v 0.30928700 0.19223300 0.78254800
v 0.30250400 0.23052700 0.76601600
v 0.28419800 0.24399100 0.72680600
v 0.29304000 0.24676400 0.73002300
v 0.29824100 0.23891400 0.72275900
v 0.31532300 0.20283600 0.76960400
v 0.29138200 0.23330300 0.71654500
v 0.28241000 0.23549800 0.71764100
v 0.27786100 0.23871600 0.73059800
v 0.29365700 0.24800900 0.73792300
v 0.30253600 0.24052100 0.73170000
v 0.31619500 0.19204300 0.77554200
v 0.29532400 0.22710000 0.72052500
v 0.29045500 0.24649400 0.74408500
v 0.27778200 0.22590700 0.72094200
v 0.27672300 0.23483700 0.73675300
v 0.31940900 0.18918000 0.78173900
v 0.29466900 0.22343300 0.72428500
v 0.29014500 0.21660100 0.77984800
v 0.31423300 0.18761800 0.77973500
v 0.33438200 0.19621800 0.78435100
v 0.34273700 0.20892900 0.78357900
v 0.33275800 0.19245300 0.78242500
v 0.36342300 0.23952000 0.72930200
v 0.34996700 0.24823700 0.73797800
v 0.33929400 0.24052100 0.73170000
v 0.34640700 0.22818400 0.71981700
v 0.36192200 0.22793300 0.71786800
v 0.36505100 0.23580600 0.73486800
v 0.31264700 0.21387400 0.75798500
v 0.35137400 0.24649400 0.74408500
v 0.34716000 0.22343300 0.72428500
v 0.36283100 0.22184300 0.72246100
v 0.36145100 0.22396100 0.76544300
v 0.35300000 0.20952300 0.77222500
v 0.36601500 0.22906200 0.73488800
v 0.35405000 0.22057200 0.72214800
v 0.33917500 0.23392000 0.73352400
v 0.31211700 0.21254400 0.76143800
v 0.34488900 0.24545200 0.74302500
v 0.36261700 0.23876400 0.74018600
v 0.36641000 0.22842400 0.72736900
v 0.35829600 0.22026700 0.72170800
v 0.34203500 0.22815900 0.72864200
v 0.34044500 0.24194600 0.73979800
v 0.31367700 0.19044600 0.78469400
v 0.35793100 0.24355200 0.74261100
v 0.35544300 0.22449600 0.71722100
v 0.34289900 0.24614200 0.73618400
v 0.36469700 0.23299900 0.72231300
v 0.35420300 0.22813000 0.71595400
v 0.31170000 0.18849600 0.78250200
v 0.34069700 0.23329100 0.72526700
v 0.31503100 0.18670400 0.78216900
v 0.35803900 0.24545200 0.73535300
v 0.34420300 0.24400400 0.72777900
v 0.34879000 0.24676400 0.73001900
v 0.30536200 0.19605500 0.78479100
v 0.34358800 0.23891400 0.72275900
v 0.35044700 0.23330300 0.71654500
v 0.30735100 0.19655800 0.78439300
v 0.34085900 0.19781400 0.77999000
v 0.34318100 0.20260100 0.78483600
v 0.29297300 0.21858200 0.77956400
v 0.33629500 0.21356400 0.77762700
v 0.32520300 0.18637600 0.78098600
v 0.33976100 0.20359300 0.78530800
v 0.32980000 0.20866700 0.77475000
v 0.28882900 0.20952300 0.77222500
v 0.30479900 0.19555600 0.77972200
v 0.29383300 0.20793500 0.77959600
v 0.29673700 0.20776700 0.77022800
v 0.27997200 0.22124700 0.72232600
v 0.28353400 0.22026700 0.72170800
v 0.30950200 0.19158900 0.77885900
v 0.29979400 0.22815900 0.72864200
v 0.30138400 0.24194600 0.73979800
v 0.30172600 0.20398500 0.78533400
v 0.28254600 0.22458900 0.71767000
v 0.28774900 0.24746100 0.73703800
v 0.28400700 0.22815900 0.71616400
v 0.29769000 0.23215200 0.72095500
v 0.29762600 0.24400400 0.72777900
v 0.27844300 0.23716300 0.72438500
v 0.30911900 0.19415800 0.78460000
v 0.29866600 0.20000700 0.77740100
v 0.31643000 0.18655000 0.78059500
v 0.28693700 0.21334500 0.77557800
v 0.29621800 0.21383900 0.78221100
v 0.29309600 0.20645100 0.77572300
v 0.28669300 0.22442700 0.77378400
v 0.31771300 0.18828800 0.77996100
v 0.31111100 0.20707700 0.77572000
v 0.30637800 0.21277300 0.77729400
v 0.29060500 0.21098000 0.76743800
v 0.28567800 0.21399300 0.76584400
v 0.28383500 0.21601900 0.75585800
v 0.31254300 0.18746500 0.77999400
v 0.28659100 0.23230300 0.76543700
v 0.29305500 0.23686100 0.76327400
v 0.31052400 0.21185100 0.77345700
v 0.27860900 0.21881200 0.75275500
v 0.29361900 0.23137600 0.76992100
v 0.30009800 0.22519900 0.77242000
v 0.29219000 0.24027400 0.75201800
v 0.31234000 0.19801100 0.77478900
v 0.28820000 0.24135200 0.74935700
v 0.31293600 0.19536000 0.77824200
v 0.28361700 0.23806500 0.74755400
v 0.28495400 0.22048800 0.77355100
v 0.30352800 0.21987800 0.77460500
v 0.27752300 0.22827000 0.74052200
v 0.30191100 0.20882200 0.76618700
v 0.32406900 0.18841100 0.77998700
v 0.30357600 0.22317600 0.75258700
v 0.30035200 0.22737400 0.74736300
v 0.30428100 0.22806200 0.75418400
v 0.33052300 0.19951200 0.77810900
v 0.32744900 0.18732300 0.78272500
v 0.31299200 0.21714300 0.75834100
v 0.30793100 0.22652900 0.76545300
v 0.33734000 0.19734500 0.78524700
v 0.36457000 0.22619800 0.73871500
v 0.36395700 0.22181500 0.75817600
v 0.35393100 0.22493400 0.77430400
v 0.33663700 0.19533600 0.77992300
v 0.34102200 0.22309000 0.77351500
v 0.29025200 0.22440700 0.77514500
v 0.33166500 0.20971200 0.77510900
v 0.33296400 0.21869400 0.76903800
v 0.33807600 0.22345000 0.75254500
v 0.33077600 0.21139400 0.75848700
v 0.32266700 0.18934600 0.78184900
v 0.30415200 0.19899600 0.77528000
v 0.29492700 0.24118000 0.74903400
v 0.33059900 0.20513900 0.76724400
v 0.31440500 0.18830000 0.78372100
v 0.31311100 0.20703000 0.77374800
v 0.32648100 0.18936900 0.77944400
v 0.31270600 0.20773700 0.76792600
v 0.32926400 0.21370000 0.75795600
v 0.31083200 0.20996000 0.76251800
v 0.35703300 0.21507800 0.76390500
v 0.31547300 0.18987200 0.77955400
v 0.31130000 0.19954900 0.77806400
v 0.31495800 0.19245800 0.78119300
v 0.34124700 0.21399400 0.75972100
v 0.34732000 0.21827400 0.75140000
v 0.35358000 0.21558700 0.75329200
v 0.31407400 0.19019600 0.77685500
v 0.31145000 0.19697700 0.77386800
v 0.31202100 0.21190100 0.77048000
v 0.34555600 0.22188100 0.74508400
v 0.29377800 0.22023600 0.73347800
v 0.31125800 0.20513300 0.76728300
v 0.28505800 0.21632600 0.77238100
v 0.29476900 0.20973100 0.78237000
v 0.31912400 0.18783100 0.78262800
v 0.33014800 0.19583600 0.77978400
v 0.28035500 0.22393800 0.76542100
v 0.27777800 0.22193200 0.75754900
v 0.27804400 0.22036100 0.73024200
v 0.28401700 0.21667200 0.73110200
v 0.28838800 0.21664300 0.74928600
v 0.29867000 0.23724900 0.74590200
v 0.32563500 0.19204300 0.77554200
v 0.29927100 0.23034600 0.74132400
v 0.32891300 0.19533200 0.77791200
v 0.32771300 0.20992000 0.76422800
v 0.29927400 0.23515700 0.76008000
v 0.29913100 0.23549300 0.75275800
v 0.31069100 0.22232100 0.76423100
v 0.32288200 0.18751100 0.78251200
v 0.34831800 0.21445200 0.75978300
v 0.32960800 0.19775000 0.77474700
v 0.33974500 0.20821400 0.76673000
v 0.32889000 0.19195300 0.77622400
v 0.32981500 0.21137200 0.76127300
v 0.33087100 0.21966300 0.76510100
v 0.33139600 0.20969000 0.76306700
v 0.32883800 0.21712600 0.75833800
v 0.33745600 0.22369700 0.77052500
v 0.32980900 0.21190100 0.77048000
v 0.32654000 0.20286700 0.76954200
v 0.32912300 0.20773700 0.76792600
v 0.32994300 0.19420000 0.77624700
v 0.32712300 0.19291300 0.78075000
v 0.33245000 0.19391800 0.78465800
v 0.32833000 0.18710000 0.78003600
v 0.33049300 0.19683100 0.77400000
v 0.34994600 0.21761000 0.78026200
v 0.34899100 0.22051600 0.77831600
v 0.35696400 0.21631400 0.77205400
v 0.35152200 0.21108400 0.76741200
v 0.35843600 0.21663200 0.74665500
v 0.35427200 0.24024300 0.75053700
v 0.36133800 0.23427200 0.74488700
v 0.34141500 0.23145000 0.76682400
v 0.33050900 0.22146200 0.76231100
v 0.34267700 0.23525000 0.75986000
v 0.33374200 0.22638800 0.76540100
v 0.34250500 0.23482800 0.75195600
v 0.34315800 0.23713900 0.74593100
v 0.34679500 0.22160300 0.73512700
v 0.34266100 0.23017500 0.74148300
v 0.35204200 0.21769200 0.73300000
v 0.33772500 0.19853600 0.77577500
v 0.34162300 0.22700200 0.74725300
v 0.34939800 0.21816800 0.74367400
v 0.35888200 0.21683100 0.73168700
v 0.36329700 0.21871900 0.75185900
v 0.36441800 0.22129600 0.72998700
v 0.35474600 0.21221900 0.77449200
v 0.34665000 0.23925900 0.75097000
v 0.34964000 0.24027400 0.75201800
v 0.35594600 0.23137700 0.76598300
v 0.32772200 0.19010200 0.78453600
v 0.34925800 0.23025500 0.77088400
v 0.34877400 0.23686100 0.76327400
v 0.35275100 0.21539200 0.77918200
v 0.33234100 0.19159000 0.77884900
v 0.33010700 0.18838000 0.78237300
v 0.34552500 0.21375600 0.78232400
v 0.34682900 0.20873800 0.78240200
v 0.30240400 0.37259900 0.48833400
v 0.32940800 0.27886500 0.55083700
v 0.32028000 0.30370400 0.58667700
v 0.33711600 0.28745500 0.56566400
v 0.32911400 0.28012700 0.57728600
v 0.37122400 0.29320100 0.40204500
v 0.30421400 0.28658600 0.56481900
v 0.32057100 0.30220800 0.60808100
v 0.33561200 0.28787900 0.58944200
v 0.31580800 0.31649200 0.32874900
v 0.32431100 0.29643900 0.32708100
v 0.34187200 0.32554500 0.34136300
v 0.33122700 0.34695600 0.39401600
v 0.31024900 0.28479900 0.32742800
v 0.31285400 0.29260800 0.61841300
v 0.35424200 0.34304800 0.40562200
v 0.33250200 0.29571000 0.60365400
v 0.30809500 0.29443500 0.60205400
v 0.33378000 0.29672100 0.58145800
v 0.31027600 0.27886500 0.55248300
v 0.32069500 0.29723600 0.62208900
v 0.35470800 0.32446800 0.38944800
v 0.37620000 0.30243500 0.40943600
v 0.32095500 0.33065400 0.34908500
v 0.35341600 0.36359100 0.47952100
v 0.36347300 0.35328800 0.49729700
v 0.37782800 0.32259800 0.50429500
v 0.33166800 0.28480200 0.32744600
v 0.37072600 0.30632400 0.47156500
v 0.32123800 0.27256700 0.40113800
v 0.31455200 0.25578800 0.35452100
v 0.25908600 0.29825400 0.52089100
v 0.29301800 0.35617100 0.53498300
v 0.27062400 0.32791500 0.48846400
v 0.34253300 0.34582800 0.58095100
v 0.30830400 0.36188700 0.54051500
v 0.33975500 0.33939000 0.59192500
v 0.32084600 0.36144200 0.55014400
v 0.37100200 0.32874900 0.55704500
v 0.27826000 0.34021900 0.42265700
v 0.29004600 0.35317400 0.42309900
v 0.28034000 0.34881600 0.51320900
v 0.35101100 0.31510100 0.58945100
v 0.36554800 0.32012700 0.57405000
v 0.32033100 0.32440400 0.33756000
v 0.37470900 0.28564800 0.54829300
v 0.28340800 0.32204800 0.35106000
v 0.28716200 0.30846000 0.33182600
v 0.29958600 0.32576100 0.34169500
v 0.38683000 0.28130400 0.36412700
v 0.38564600 0.29105600 0.38461200
v 0.32094300 0.33518000 0.38117900
v 0.31895600 0.33439500 0.36405900
v 0.27383600 0.31295600 0.39516700
v 0.28857200 0.32504300 0.38905400
v 0.37914800 0.29925400 0.42282800
v 0.26977800 0.32139100 0.42222000
v 0.30801200 0.36469800 0.42999100
v 0.37411700 0.26711400 0.36541300
v 0.28832400 0.36357300 0.47958400
v 0.32738200 0.37203000 0.51765200
v 0.32566800 0.25585100 0.34865700
v 0.27308700 0.34199000 0.48172600
v 0.28014600 0.35467400 0.50218700
v 0.29903700 0.36938300 0.51210500
v 0.26392200 0.32268900 0.50436700
v 0.35498700 0.27436700 0.36098100
v 0.26892900 0.33367300 0.52287900
v 0.25873700 0.30335900 0.54024200
v 0.35241200 0.26221700 0.34784900
v 0.25743900 0.28467700 0.35339900
v 0.36780300 0.26558100 0.37782200
v 0.26808200 0.27934800 0.34026400
v 0.32093900 0.25972400 0.37405000
v 0.26508200 0.27964700 0.39229000
v 0.37674100 0.27965400 0.39240200
v 0.34613400 0.27571600 0.40034200
v 0.32058000 0.28753900 0.46614400
v 0.35302500 0.26717400 0.39289700
v 0.30652000 0.28686900 0.47036000
v 0.25363700 0.28628200 0.36905000
v 0.32613200 0.26557300 0.38948400
v 0.29223800 0.29649900 0.58282500
v 0.26676500 0.29518100 0.48344300
v 0.35640300 0.27946500 0.32922200
v 0.37166900 0.28620500 0.42492600
v 0.32082200 0.32753300 0.60204100
v 0.37292600 0.29902200 0.40051500
v 0.37280900 0.27235700 0.51531900
v 0.34298400 0.27937400 0.41349900
v 0.36412600 0.30147500 0.57293700
v 0.35214200 0.28193500 0.43996000
v 0.34934600 0.29063800 0.41823200
v 0.36562100 0.28477400 0.41476600
v 0.32081900 0.31456600 0.60074000
v 0.36096300 0.28320700 0.43454800
v 0.32481400 0.28378300 0.44874900
v 0.31990600 0.25706600 0.34667100
v 0.32096300 0.26797600 0.33172000
v 0.37500000 0.29516600 0.48350200
v 0.36730400 0.27977300 0.49092500
v 0.32083500 0.34999700 0.58764500
v 0.32733400 0.28639100 0.47199400
v 0.33340700 0.36187800 0.54053400
v 0.36135300 0.34887100 0.51324800
v 0.32076200 0.28112700 0.47769600
v 0.36715300 0.34251300 0.52869300
v 0.37112200 0.32801700 0.48852800
v 0.34746700 0.36954900 0.49923200
v 0.36665900 0.33605400 0.42375600
v 0.33377900 0.36467700 0.42992000
v 0.32742400 0.37514700 0.49116900
v 0.35177900 0.35317500 0.42313600
v 0.33482500 0.28103600 0.49533700
v 0.32091100 0.36028400 0.41867200
v 0.33739300 0.28820100 0.48999500
v 0.32089800 0.37263300 0.46240600
v 0.33796300 0.33182300 0.36556500
v 0.36016000 0.32550400 0.37264300
v 0.35845900 0.32206800 0.35110200
v 0.35395200 0.31455000 0.33711300
v 0.36968200 0.31225700 0.39616800
v 0.34873200 0.35613700 0.53504600
v 0.32083300 0.30998300 0.59233800
v 0.30752200 0.29601400 0.58106300
v 0.34241100 0.26474200 0.51228200
v 0.35995200 0.26944100 0.50231800
v 0.32880300 0.29262700 0.61850900
v 0.32712600 0.26954400 0.49463200
v 0.32086600 0.26606900 0.52160300
v 0.28651500 0.27935300 0.32867000
v 0.33459300 0.31570400 0.32969500
v 0.34583500 0.29847600 0.58564200
v 0.29720100 0.28193000 0.32384200
v 0.30555500 0.29744100 0.32259800
v 0.33005800 0.27436600 0.32521200
v 0.34473200 0.28193300 0.32386600
v 0.38353400 0.28787800 0.35200700
v 0.38715000 0.29068800 0.36668300
v 0.33439300 0.30000900 0.32248900
v 0.31125600 0.29270100 0.32714000
v 0.30338300 0.28428700 0.32301900
v 0.30800300 0.27873200 0.32368700
v 0.37634400 0.29972600 0.44951500
v 0.32362600 0.27774600 0.32407000
v 0.32094400 0.28137600 0.32782400
v 0.33814100 0.28286000 0.32323100
v 0.31964400 0.30255300 0.32236100
v 0.37307100 0.32097700 0.45954600
v 0.33784300 0.32219500 0.59781200
v 0.26275200 0.29886200 0.42318000
v 0.37603000 0.28474900 0.49909200
v 0.29519000 0.28932600 0.46420500
v 0.31567900 0.26555700 0.38941800
v 0.28198100 0.32697300 0.39474800
v 0.27949400 0.32401300 0.37476300
v 0.26911400 0.30273400 0.46113100
v 0.27756400 0.30129300 0.57278900
v 0.27124200 0.31513800 0.39988700
v 0.25638000 0.29074400 0.38494900
v 0.30493400 0.27857800 0.43012200
v 0.30006300 0.27904400 0.41435000
v 0.36165300 0.28643500 0.56694900
v 0.36723100 0.27543200 0.55056900
v 0.34563600 0.28880600 0.46514800
v 0.35879200 0.28265600 0.40352900
v 0.33898200 0.25891700 0.37194700
v 0.26405300 0.28017400 0.53047100
v 0.32821600 0.28430900 0.60405600
v 0.30830100 0.30924000 0.59631600
v 0.31353400 0.28412100 0.60367200
v 0.35904100 0.30111500 0.33078500
v 0.37768000 0.30289500 0.35329000
v 0.37592900 0.31197500 0.38088300
v 0.38327400 0.30502100 0.53699800
v 0.38300400 0.29373400 0.52697700
v 0.37963600 0.29491100 0.39490500
v 0.34762300 0.27152900 0.33189300
v 0.34992200 0.26072200 0.37817200
v 0.32243700 0.26995100 0.39420600
v 0.32094900 0.27703500 0.42809600
v 0.35975700 0.29436400 0.46467800
v 0.33785500 0.27902000 0.43161600
v 0.36632100 0.29858000 0.46879600
v 0.33148500 0.28850300 0.48592200
v 0.31162100 0.26809000 0.49653400
v 0.30031200 0.26473000 0.51407400
v 0.36153500 0.26258100 0.34736100
v 0.37409300 0.27967800 0.34016800
v 0.34479000 0.28002800 0.55241000
v 0.27468600 0.27680200 0.49455700
v 0.27480100 0.26743700 0.51645800
v 0.27537800 0.29874700 0.46842800
v 0.37399500 0.27470400 0.53210600
v 0.27070300 0.28745400 0.43663900
v 0.36239200 0.26657900 0.52481500
v 0.33733500 0.26593000 0.52997200
v 0.33384900 0.30901700 0.59615100
v 0.30976500 0.28871400 0.48611400
v 0.27057200 0.30646100 0.47347300
v 0.26870700 0.29721600 0.40092300
v 0.30441100 0.26592500 0.52994700
v 0.27359700 0.27666600 0.55252800
v 0.29696800 0.27998600 0.55231200
v 0.28178300 0.26930400 0.50240600
v 0.28676200 0.28750000 0.47344600
v 0.32108500 0.27163100 0.48719100
v 0.30696800 0.28104700 0.49531000
v 0.30348700 0.28806400 0.49064400
v 0.28375300 0.29385400 0.46395000
v 0.28140800 0.28324800 0.40335500
v 0.28006800 0.26270700 0.34755600
v 0.26818700 0.28345600 0.54876700
v 0.27407700 0.27015300 0.53622600
v 0.26580800 0.30152100 0.40894500
v 0.26231200 0.29480200 0.39489700
v 0.29249000 0.29063800 0.41819900
v 0.27501300 0.28485700 0.41580200
v 0.29063500 0.31512800 0.58940900
v 0.28434200 0.28265900 0.43857800
v 0.30103600 0.33957700 0.59126100
v 0.27661400 0.32430800 0.57204500
v 0.29909100 0.34575900 0.58098500
v 0.26630300 0.30847500 0.45289900
v 0.29137300 0.34505200 0.40464800
v 0.27505300 0.29475300 0.33554200
v 0.26400200 0.30220600 0.35269700
v 0.29109300 0.32875800 0.36562600
v 0.26559700 0.31172800 0.38126400
v 0.31059800 0.35312400 0.40408100
v 0.31411300 0.34131500 0.38780400
v 0.29743900 0.27532300 0.40052800
v 0.26519500 0.32143800 0.54781700
v 0.27722800 0.34263200 0.54357600
v 0.26584500 0.27684500 0.51836800
v 0.26583700 0.28480300 0.49885400
v 0.29381500 0.26563900 0.39243500
v 0.27860500 0.27380600 0.39512400
v 0.27344000 0.26528500 0.37773700
v 0.30380400 0.32220400 0.59777700
v 0.29167500 0.26070200 0.37819300
v 0.29573100 0.27095700 0.33171600
v 0.26776800 0.26710900 0.36537200
v 0.30289700 0.25891600 0.37193800
v 0.28690700 0.27436400 0.36094800
v 0.28949700 0.26234700 0.34789100
v 0.29472300 0.46656400 0.72705200
v 0.29538000 0.46559500 0.72446600
v 0.29951100 0.46384900 0.72640500
v 0.29645000 0.46313800 0.72058600
v 0.30009900 0.46161800 0.72220300
v 0.29555700 0.45272900 0.72478900
v 0.29190100 0.45424800 0.72317200
v 0.29644000 0.46372000 0.72058600
v 0.30043200 0.46203900 0.72220300
v 0.29546000 0.45230800 0.72511200
v 0.29146200 0.45398900 0.72349600
v 0.29674400 0.46423700 0.71929300
v 0.30136300 0.46233000 0.72123300
v 0.29561900 0.45108000 0.72478900
v 0.29099000 0.45298700 0.72252600
v 0.29820500 0.46061600 0.71379800
v 0.30265600 0.45909700 0.71638400
v 0.29592300 0.45023900 0.72349600
v 0.29146500 0.45175900 0.72091000
v 0.29896100 0.45211400 0.71153500
v 0.30260200 0.45150000 0.71412100
v 0.29624300 0.44797600 0.72252600
v 0.29260000 0.44855800 0.71994000
v 0.29895500 0.44497000 0.71218100
v 0.30218400 0.44497000 0.71444400
v 0.29632000 0.44497000 0.72220300
v 0.29309100 0.44497000 0.71994000
v 0.29988900 0.40197500 0.71509100
v 0.30266300 0.40197500 0.71703000
v 0.29760700 0.40197500 0.72381900
v 0.29483300 0.40197500 0.72155600
v 0.30065900 0.36269800 0.71509100
v 0.30343200 0.36269800 0.71735400
v 0.29837300 0.36269800 0.72381900
v 0.29559900 0.36269800 0.72187900
v 0.30250800 0.29554200 0.71379800
v 0.30085900 0.29394500 0.71476700
v 0.29912000 0.29394500 0.71347400
v 0.29963100 0.29554200 0.71153500
v 0.29439700 0.29554200 0.71864700
v 0.29595200 0.29394500 0.71767700
v 0.29769100 0.29394500 0.71897000
v 0.29727400 0.29554200 0.72058600
v 0.29986700 0.29849300 0.71121200
v 0.29606500 0.29554200 0.71218100
v 0.29585500 0.29849300 0.71185800
v 0.29721300 0.29849600 0.72155600
v 0.30084000 0.29554200 0.72026300
v 0.30122800 0.29849600 0.72091000
v 0.29985000 0.30036800 0.71153500
v 0.29605500 0.30036800 0.71218100
v 0.29734200 0.30037100 0.72123300
v 0.30113700 0.30037100 0.72058600
v 0.29968900 0.30257000 0.71250500
v 0.29658500 0.30257000 0.71282800
v 0.29763600 0.30257000 0.72058600
v 0.30074300 0.30257000 0.71994000
v 0.29971100 0.30518800 0.71282800
v 0.29676300 0.30518800 0.71315100
v 0.29776200 0.30518800 0.72026300
v 0.30071000 0.30518800 0.71994000
v 0.30003500 0.30589900 0.71185800
v 0.29615900 0.30589900 0.71218100
v 0.29747100 0.30589900 0.72155600
v 0.30134700 0.30589900 0.72091000
v 0.30018000 0.30790300 0.71153500
v 0.29602600 0.30790300 0.71218100
v 0.29743200 0.30790300 0.72220300
v 0.30158600 0.30790300 0.72155600
v 0.30021900 0.30945500 0.71153500
v 0.29606500 0.30945500 0.71218100
v 0.29747400 0.30945500 0.72220300
v 0.30162500 0.30945500 0.72155600
v 0.30030000 0.32125500 0.71315100
v 0.30318300 0.32125500 0.71541400
v 0.29793300 0.32125500 0.72220300
v 0.29505000 0.32125500 0.71994000
v 0.30028400 0.31769900 0.71250500
v 0.30331300 0.31769900 0.71476700
v 0.29780100 0.31769900 0.72220300
v 0.29477500 0.31769900 0.71994000
v 0.29412500 0.30945500 0.71961700
v 0.30356800 0.30945500 0.71412100
v 0.35155100 0.46485100 0.72640500
v 0.35089500 0.46384900 0.72414200
v 0.35304100 0.45967900 0.72543500
v 0.34236100 0.45424800 0.72511200
v 0.34048200 0.45793300 0.72414200
v 0.34929800 0.46161800 0.72026300
v 0.35118300 0.45793300 0.72123300
v 0.34208900 0.45398900 0.72543500
v 0.34003000 0.45803000 0.72446600
v 0.34967900 0.46203900 0.72026300
v 0.35174200 0.45803000 0.72123300
v 0.34126100 0.45298700 0.72511200
v 0.33888500 0.45767500 0.72381900
v 0.35004500 0.46233000 0.71897000
v 0.35243400 0.45767500 0.72026300
v 0.34078900 0.45175900 0.72349600
v 0.33800300 0.45541200 0.72058600
v 0.34875500 0.45909700 0.71412100
v 0.35154800 0.45541200 0.71703000
v 0.34114800 0.44855800 0.72187900
v 0.33851400 0.45004500 0.71864700
v 0.34730700 0.45150000 0.71218100
v 0.34994100 0.45004500 0.71573700
v 0.34150700 0.44497000 0.72187900
v 0.33907900 0.44497000 0.71864700
v 0.34687300 0.44497000 0.71282800
v 0.34930400 0.44497000 0.71606100
v 0.34078000 0.40197500 0.72317200
v 0.33868500 0.40197500 0.72058600
v 0.34538300 0.40197500 0.71541400
v 0.34747800 0.40197500 0.71832300
v 0.34001700 0.36269800 0.72349600
v 0.33791900 0.36269800 0.72058600
v 0.34461000 0.36269800 0.71573700
v 0.34670900 0.36269800 0.71832300
v 0.34793400 0.29554200 0.71509100
v 0.34618200 0.29394500 0.71541400
v 0.34486900 0.29394500 0.71379800
v 0.34576500 0.29554200 0.71218100
v 0.33882100 0.29554200 0.71735400
v 0.34066700 0.29394500 0.71670700
v 0.34197900 0.29394500 0.71864700
v 0.34099000 0.29554200 0.72026300
v 0.34785300 0.29849600 0.71897000
v 0.34743300 0.29554200 0.71864700
v 0.34841500 0.29849300 0.71509100
v 0.33872700 0.29849300 0.71347400
v 0.33932200 0.29554200 0.71379800
v 0.33816100 0.29849300 0.71767700
v 0.34754900 0.30037100 0.71897000
v 0.34808200 0.30036800 0.71509100
v 0.33891800 0.30036800 0.71379800
v 0.33838400 0.30036800 0.71767700
v 0.34669600 0.30257000 0.71864700
v 0.34713200 0.30257000 0.71541400
v 0.33963500 0.30257000 0.71444400
v 0.33920200 0.30257000 0.71735400
v 0.34644300 0.30518800 0.71864700
v 0.34685700 0.30518800 0.71573700
v 0.33974200 0.30518800 0.71476700
v 0.33932800 0.30518800 0.71767700
v 0.34748100 0.30589900 0.71929300
v 0.34802700 0.30589900 0.71541400
v 0.33867200 0.30589900 0.71412100
v 0.33812600 0.30589900 0.71800000
v 0.34774600 0.30790300 0.71961700
v 0.34832800 0.30790300 0.71541400
v 0.33830000 0.30790300 0.71412100
v 0.33771800 0.30790300 0.71800000
v 0.34770400 0.30945500 0.71961700
v 0.34828900 0.30945500 0.71541400
v 0.33826100 0.30945500 0.71412100
v 0.33768000 0.30945500 0.71832300
v 0.34031700 0.32125500 0.72155600
v 0.33814500 0.32125500 0.71897000
v 0.34510500 0.32125500 0.71347400
v 0.34728100 0.32125500 0.71638400
v 0.34027200 0.31769900 0.72155600
v 0.33799000 0.31769900 0.71864700
v 0.34529900 0.31769900 0.71315100
v 0.34758100 0.31769900 0.71606100
v 0.34413900 0.29394500 0.71897000
v 0.34097000 0.29394500 0.71476700
v 0.34271000 0.29394500 0.71347400
v 0.34587800 0.29394500 0.71767700
v 0.34576500 0.30945500 0.71218100
v 0.34020400 0.30945500 0.72155600
v 0.33851700 0.31769900 0.71476700
v 0.34705400 0.31769900 0.71994000
v 0.34402900 0.31769900 0.72220300
v 0.34389600 0.32125500 0.72220300
v 0.34154600 0.31769900 0.71250500
v 0.34153000 0.32125500 0.71315100
v 0.34345600 0.36269800 0.72381900
v 0.34117100 0.36269800 0.71509100
v 0.34435500 0.30945500 0.72220300
v 0.34439700 0.30790300 0.72220300
v 0.34161100 0.30945500 0.71153500
v 0.34164900 0.30790300 0.71153500
v 0.34435800 0.30589900 0.72155600
v 0.34179500 0.30589900 0.71185800
v 0.34406700 0.30518800 0.72026300
v 0.34211800 0.30518800 0.71282800
v 0.34419300 0.30257000 0.72058600
v 0.34214100 0.30257000 0.71250500
v 0.34448800 0.30037100 0.72123300
v 0.34197900 0.30036800 0.71153500
v 0.34461700 0.29849600 0.72155600
v 0.34196300 0.29849300 0.71121200
v 0.34455600 0.29554200 0.72058600
v 0.34219900 0.29554200 0.71153500
v 0.34422300 0.40197500 0.72381900
v 0.34194000 0.40197500 0.71509100
v 0.34550900 0.44497000 0.72220300
v 0.34287400 0.44497000 0.71218100
v 0.34558700 0.44797600 0.72252600
v 0.34286800 0.45211400 0.71153500
v 0.34590700 0.45023900 0.72349600
v 0.34362500 0.46061600 0.71379800
v 0.34621100 0.45108000 0.72478900
v 0.34508600 0.46423700 0.71929300
v 0.34636900 0.45230800 0.72511200
v 0.34539000 0.46372000 0.72058600
v 0.34627200 0.45272900 0.72478900
v 0.34538000 0.46313800 0.72058600
v 0.34645000 0.46559500 0.72446600
v 0.34710600 0.46656400 0.72705200
v 0.30155700 0.31769900 0.72155600
v 0.29653000 0.31769900 0.71315100
v 0.29454900 0.32125500 0.71638400
v 0.29424800 0.31769900 0.71606100
v 0.30368400 0.32125500 0.71897000
v 0.30384000 0.31769900 0.71864700
v 0.29512100 0.36269800 0.71832300
v 0.30391100 0.36269800 0.72058600
v 0.30411100 0.30790300 0.71800000
v 0.30415000 0.30945500 0.71832300
v 0.29350100 0.30790300 0.71541400
v 0.29354000 0.30945500 0.71541400
v 0.30370400 0.30589900 0.71800000
v 0.29380200 0.30589900 0.71541400
v 0.30250100 0.30518800 0.71767700
v 0.29497200 0.30518800 0.71573700
v 0.30262700 0.30257000 0.71735400
v 0.29469800 0.30257000 0.71541400
v 0.30344500 0.30036800 0.71767700
v 0.29374700 0.30036800 0.71509100
v 0.30366800 0.29849300 0.71767700
v 0.29341400 0.29849300 0.71509100
v 0.30300900 0.29554200 0.71735400
v 0.29389600 0.29554200 0.71509100
v 0.29985000 0.29394500 0.71864700
v 0.29696000 0.29394500 0.71379800
v 0.29435200 0.40197500 0.71832300
v 0.30314500 0.40197500 0.72058600
v 0.29252500 0.44497000 0.71606100
v 0.30275000 0.44497000 0.71864700
v 0.29188800 0.45004500 0.71573700
v 0.30331600 0.45004500 0.71864700
v 0.29028200 0.45541200 0.71703000
v 0.30382700 0.45541200 0.72058600
v 0.28939600 0.45767500 0.72026300
v 0.30294400 0.45767500 0.72381900
v 0.29008800 0.45803000 0.72123300
v 0.30180000 0.45803000 0.72446600
v 0.29064700 0.45793300 0.72123300
v 0.30134700 0.45793300 0.72414200
v 0.28878800 0.45967900 0.72543500
v 0.29027800 0.46485100 0.72640500
v 0.29093500 0.46384900 0.72414200
v 0.29253200 0.46161800 0.72026300
v 0.29946900 0.45424800 0.72511200
v 0.29215000 0.46203900 0.72026300
v 0.29974100 0.45398900 0.72543500
v 0.29178500 0.46233000 0.71897000
v 0.30056800 0.45298700 0.72511200
v 0.29307500 0.45909700 0.71412100
v 0.30104000 0.45175900 0.72349600
v 0.29452300 0.45150000 0.71218100
v 0.30068100 0.44855800 0.72187900
v 0.29495600 0.44497000 0.71282800
v 0.30032200 0.44497000 0.72187900
v 0.29644600 0.40197500 0.71541400
v 0.30105000 0.40197500 0.72317200
v 0.29721900 0.36269800 0.71573700
v 0.30181300 0.36269800 0.72349600
v 0.30116300 0.29394500 0.71670700
v 0.29564800 0.29394500 0.71541400
v 0.30310300 0.29849300 0.71347400
v 0.29397700 0.29849600 0.71897000
v 0.30291200 0.30036800 0.71379800
v 0.29428100 0.30037100 0.71897000
v 0.30219400 0.30257000 0.71444400
v 0.29513400 0.30257000 0.71864700
v 0.30208800 0.30518800 0.71476700
v 0.29538600 0.30518800 0.71864700
v 0.30315800 0.30589900 0.71412100
v 0.29434800 0.30589900 0.71929300
v 0.30352900 0.30790300 0.71412100
v 0.29408300 0.30790300 0.71961700
v 0.29672400 0.32125500 0.71347400
v 0.30151200 0.32125500 0.72155600
v 0.34231800 0.46384900 0.72640500
v 0.34173000 0.46161800 0.72220300
v 0.34992800 0.45424800 0.72317200
v 0.34139700 0.46203900 0.72220300
v 0.35036800 0.45398900 0.72349600
v 0.34046600 0.46233000 0.72123300
v 0.35084000 0.45298700 0.72252600
v 0.33917300 0.45909700 0.71638400
v 0.35036500 0.45175900 0.72091000
v 0.33922800 0.45150000 0.71412100
v 0.34923000 0.44855800 0.71994000
v 0.33964500 0.44497000 0.71444400
v 0.34873900 0.44497000 0.71994000
v 0.33916700 0.40197500 0.71703000
v 0.34699600 0.40197500 0.72155600
v 0.33839700 0.36269800 0.71735400
v 0.34623000 0.36269800 0.72187900
v 0.34597500 0.29849300 0.71185800
v 0.34060200 0.29849600 0.72091000
v 0.34577400 0.30036800 0.71218100
v 0.34069200 0.30037100 0.72058600
v 0.34524400 0.30257000 0.71282800
v 0.34108700 0.30257000 0.71994000
v 0.34506600 0.30518800 0.71315100
v 0.34111900 0.30518800 0.71994000
v 0.34567100 0.30589900 0.71218100
v 0.34048200 0.30589900 0.72091000
v 0.34580300 0.30790300 0.71218100
v 0.34024300 0.30790300 0.72155600
v 0.33864600 0.32125500 0.71541400
v 0.34678000 0.32125500 0.71994000
v 0.32091500 0.20439700 0.26454900
v 0.26551900 0.17452800 0.21170200
v 0.34498500 0.30048900 0.23520600
v 0.37631000 0.17452800 0.21170200
v 0.30870600 0.27538900 0.25520900
v 0.33249000 0.27584000 0.25524300
v 0.34558200 0.14811100 0.05860850
v 0.40758300 0.26572200 0.21739600
v 0.38089400 0.29255100 0.13164700
v 0.41213300 0.21863200 0.19354100
v 0.32091500 0.32134100 0.20188800
v 0.32099900 0.13434400 0.09763910
v 0.40991600 0.22341700 0.13635700
v 0.32101200 0.15756800 0.19410500
v 0.39739100 0.24243000 0.11143000
v 0.29166400 0.20455700 0.05224260
v 0.28247100 0.15349800 0.11568600
v 0.30083900 0.27410000 0.08545410
v 0.31339600 0.24538600 0.27653800
v 0.27422300 0.16989000 0.18449100
v 0.23191400 0.22341700 0.13635600
v 0.22930500 0.25409500 0.18981600
v 0.29616800 0.31459400 0.16205500
v 0.34685300 0.17314500 0.22824600
v 0.31940400 0.18742500 0.03216530
v 0.33146700 0.15981200 0.20790500
v 0.27166000 0.28458700 0.24231800
v 0.23424600 0.26572200 0.21739600
v 0.31888700 0.13137500 0.05552670
v 0.31902400 0.18774100 0.24915800
v 0.31281400 0.14423000 0.12145200
v 0.32083800 0.14488700 0.12401500
v 0.25751300 0.17320000 0.09059150
v 0.24261000 0.24323700 0.11170600
v 0.35068200 0.14311600 0.09088930
v 0.33779800 0.13592300 0.06697210
v 0.23416700 0.22970400 0.21295600
v 0.26313800 0.30390300 0.16519300
v 0.38525600 0.25110900 0.25774300
v 0.29839800 0.15109800 0.16990800
v 0.32088600 0.13096500 0.07119560
v 0.29004000 0.18675700 0.24322000
v 0.26054800 0.16991500 0.15912300
v 0.40993500 0.20927000 0.17690000
v 0.22569300 0.23823600 0.15953000
v 0.40247200 0.19520000 0.20053400
v 0.40073800 0.21163500 0.22327800
v 0.24596700 0.29067100 0.20467400
v 0.25233500 0.22343200 0.09162410
v 0.23619200 0.27194500 0.14711000
v 0.28774500 0.31021500 0.21715300
v 0.40862200 0.23612100 0.23101500
v 0.29769000 0.31906500 0.19601400
v 0.27055400 0.30999000 0.19763000
v 0.30374600 0.24993800 0.06305600
v 0.23320700 0.23612100 0.23101500
v 0.26911200 0.26339400 0.09370360
v 0.27058600 0.19055500 0.06798360
v 0.28886600 0.20638600 0.05048050
v 0.23924300 0.28127800 0.17535600
v 0.30512600 0.15927300 0.19207300
v 0.32906100 0.14422700 0.12143600
v 0.33672300 0.15927900 0.19206800
v 0.35757500 0.27446100 0.25158300
v 0.39054400 0.25963700 0.24724700
v 0.34939600 0.18637800 0.24416300
v 0.32091500 0.28168500 0.08365380
v 0.40258600 0.28127800 0.17535600
v 0.32608500 0.16297700 0.03095690
v 0.41250400 0.20975200 0.16117900
v 0.37869200 0.30390300 0.16519300
v 0.40779500 0.22986400 0.21285300
v 0.35408400 0.31021500 0.21715300
v 0.34446500 0.30690100 0.13430300
v 0.32091500 0.31967300 0.16190700
v 0.31637300 0.31218600 0.13508600
v 0.32092000 0.25917600 0.06389620
v 0.40599900 0.27375000 0.15386100
v 0.41619700 0.23920900 0.15806400
v 0.32082500 0.16404900 0.02893580
v 0.34413900 0.31906500 0.19601400
v 0.35252000 0.20592900 0.05122080
v 0.33807700 0.24993500 0.06305080
v 0.37271700 0.26339400 0.09370360
v 0.33167300 0.17712100 0.03295920
v 0.39586300 0.29067100 0.20467400
v 0.37127500 0.30999000 0.19763000
v 0.37124400 0.19055500 0.06798360
v 0.38949500 0.22343200 0.09162370
v 0.39568100 0.19996500 0.10204500
v 0.38312900 0.16900600 0.14576000
v 0.37456200 0.20983500 0.25934700
v 0.35647000 0.15521500 0.16447900
v 0.35361900 0.14885000 0.13776000
v 0.40306500 0.24498400 0.24117900
v 0.32641700 0.13324900 0.04702700
v 0.32230300 0.14662600 0.17289100
v 0.34566100 0.31459400 0.16205500
v 0.41252400 0.25409500 0.18981600
v 0.41234900 0.23485700 0.20122300
v 0.40484100 0.23713200 0.23264700
v 0.34099100 0.27410100 0.08545410
v 0.34023800 0.27877400 0.08452730
v 0.32091500 0.21970300 0.04176450
v 0.32090900 0.21704900 0.04409690
v 0.39148600 0.18495900 0.17518300
v 0.36760600 0.16989000 0.18449100
v 0.29684400 0.30048900 0.23520600
v 0.34038300 0.15110900 0.04739680
v 0.31635200 0.14145100 0.14591600
v 0.37324200 0.19172400 0.23884800
v 0.32506800 0.13672000 0.03057450
v 0.40080900 0.24500800 0.11134500
v 0.29945700 0.15018000 0.04934220
v 0.25713000 0.17171300 0.10434300
v 0.32094600 0.14346600 0.02651030
v 0.38351400 0.28832800 0.23232200
v 0.24128200 0.21147600 0.22333300
v 0.25448300 0.28999800 0.22591800
v 0.26858800 0.19172400 0.23884800
v 0.27552500 0.15544800 0.13240300
v 0.22969100 0.21860000 0.19350500
v 0.32095200 0.13625600 0.03355440
v 0.28946600 0.17430000 0.22764400
v 0.24963000 0.27047400 0.23869400
v 0.24614800 0.19996500 0.10204500
v 0.23162700 0.20932600 0.17665000
v 0.32091500 0.30706300 0.23435600
v 0.39619800 0.27073400 0.23388700
v 0.23882200 0.24501200 0.24127200
v 0.37251500 0.16219700 0.07690720
v 0.39857500 0.23062100 0.24889100
v 0.38435100 0.17350900 0.09028220
v 0.26093500 0.29255100 0.13164700
v 0.30159200 0.27877400 0.08452730
v 0.32072900 0.24945900 0.26566700
v 0.34717700 0.25251400 0.25861100
v 0.38449000 0.17167100 0.10414100
v 0.31488700 0.16551600 0.02996670
v 0.30365400 0.15486200 0.04332300
v 0.33544700 0.24620000 0.27676500
v 0.36341900 0.24571700 0.27026400
v 0.39581500 0.25150600 0.24619900
v 0.40122900 0.19102900 0.12190400
v 0.39196700 0.17572300 0.11993000
v 0.38196400 0.17339900 0.09114980
v 0.28393200 0.16906800 0.05498850
v 0.35789800 0.16906800 0.05498850
v 0.25095400 0.26099300 0.24549200
v 0.35888000 0.15327300 0.11578200
v 0.40903400 0.20883700 0.16375300
v 0.40177300 0.19041400 0.14404000
v 0.35625400 0.15108400 0.06660100
v 0.27984700 0.26344000 0.25375100
v 0.29420000 0.14824500 0.06288790
v 0.28614700 0.15066200 0.06461550
v 0.25979600 0.17351200 0.09109740
v 0.23281400 0.20884400 0.16377600
v 0.25042500 0.18490900 0.17520200
v 0.24980900 0.17574800 0.12000000
v 0.24060100 0.19102900 0.12190400
v 0.26997400 0.16201500 0.07709560
v 0.22932600 0.20975200 0.16117900
v 0.24006000 0.19038400 0.14401400
v 0.31681600 0.13673300 0.03059030
v 0.22948000 0.23485700 0.20122300
v 0.31227400 0.13555600 0.04851470
v 0.25657400 0.25110900 0.25774300
v 0.29056500 0.14380400 0.09256150
v 0.23686400 0.23715100 0.23252300
v 0.24325400 0.23062100 0.24889100
v 0.26726800 0.20983500 0.25934700
v 0.29996600 0.16236300 0.20746700
v 0.32103300 0.26462400 0.26042800
v 0.23955100 0.19497700 0.20034900
v 0.29393500 0.25226300 0.25816200
v 0.24584400 0.25122100 0.24612400
v 0.32032500 0.23462800 0.27569100
v 0.27970600 0.24588400 0.27074800
v 0.30482700 0.13567900 0.06438760
v 0.54331900 0.16168600 0.13460800
v 0.54689200 0.16277500 0.13277700
v 0.54833500 0.16117100 0.12977800
v 0.54659000 0.16036300 0.12363600
v 0.54678400 0.16336900 0.12770900
v 0.54057600 0.16147300 0.13085300
v 0.54410800 0.16558700 0.13029600
v 0.54976900 0.16407200 0.12341100
v 0.53907700 0.16131400 0.12394300
v 0.54060900 0.16359600 0.12848500
v 0.39834900 0.26214300 0.31068000
v 0.55494700 0.15627100 0.13721400
v 0.51267200 0.30703900 0.21153700
v 0.50877800 0.28502500 0.21393500
v 0.53671200 0.30642100 0.16917600
v 0.54680500 0.29549500 0.18396400
v 0.55403100 0.30528000 0.17528400
v 0.54143200 0.31479500 0.16715100
v 0.54904900 0.30083300 0.18153400
v 0.54714900 0.31135300 0.16485000
v 0.45487800 0.29679600 0.27409200
v 0.46886200 0.28259100 0.24521500
v 0.51736300 0.30134300 0.21747000
v 0.53111200 0.31642900 0.17734000
v 0.40755600 0.24568900 0.32389000
v 0.53443500 0.30380000 0.17150300
v 0.39956600 0.24765500 0.32927500
v 0.53895100 0.15959200 0.13624800
v 0.40032100 0.24590000 0.32134900
v 0.53813400 0.30735100 0.16564300
v 0.41119300 0.25294400 0.30607800
v 0.54735700 0.29577000 0.17637100
v 0.40343200 0.25633600 0.30644700
v 0.40702700 0.26931800 0.32054300
v 0.42172400 0.27016300 0.31232400
v 0.40444400 0.25020700 0.33160000
v 0.54018200 0.31167100 0.19082100
v 0.54957700 0.29036100 0.17746900
v 0.54421900 0.16131400 0.12868500
v 0.54971700 0.30419300 0.18439200
v 0.53860500 0.16159100 0.13262200
v 0.53316500 0.30706200 0.16964600
v 0.52596800 0.29521600 0.21343200
v 0.53793900 0.29566800 0.16344200
v 0.49864200 0.29725900 0.20904500
v 0.54850800 0.30103600 0.18047500
v 0.50162200 0.30488200 0.21032700
v 0.52834400 0.28940600 0.20663800
v 0.54982200 0.31065100 0.16712800
v 0.55158400 0.30952000 0.17631300
v 0.44821900 0.29585500 0.26717400
v 0.40131300 0.26950700 0.31457000
v 0.42381700 0.25796100 0.30256900
v 0.42348000 0.26079500 0.31182200
v 0.54757600 0.31650700 0.17150400
v 0.53846100 0.29552300 0.17567300
v 0.53988100 0.29181500 0.18059000
v 0.53328100 0.29590800 0.17540800
v 0.53874400 0.31864700 0.18107000
v 0.55019400 0.31200400 0.17754400
v 0.55295900 0.15504300 0.13291200
v 0.55501900 0.15765600 0.13335500
v 0.55654100 0.15006200 0.13463300
v 0.55366900 0.15487500 0.13093000
v 0.56260500 0.13978600 0.13562500
v 0.55747300 0.15018400 0.13283900
v 0.56391500 0.14281000 0.13608900
v 0.55309500 0.16115400 0.12780300
v 0.53928300 0.31087100 0.17895400
v 0.55458100 0.16007300 0.13082000
v 0.56334700 0.14295700 0.13803400
v 0.55263400 0.31052600 0.16774000
v 0.55997000 0.15747500 0.13460900
v 0.53576100 0.16474200 0.13019500
v 0.54491500 0.30878600 0.18146600
v 0.54405100 0.31390000 0.17096700
v 0.53669800 0.31042800 0.17398000
v 0.56161200 0.13981900 0.13693600
v 0.53337200 0.29258100 0.18993100
v 0.52451800 0.29658600 0.18778100
v 0.54148800 0.30086200 0.18159600
v 0.53589000 0.30069900 0.17799200
v 0.54023200 0.29578400 0.17608600
v 0.54137100 0.28902200 0.17799100
v 0.55436900 0.29389100 0.17263700
v 0.53239800 0.29300600 0.16840500
v 0.46040600 0.29020100 0.27945500
v 0.46215200 0.27939700 0.28059900
v 0.54545100 0.15967100 0.14209300
v 0.53427300 0.29036300 0.17455900
v 0.53790100 0.16426100 0.13871500
v 0.44485700 0.28571700 0.26293300
v 0.55754500 0.16104300 0.12758800
v 0.54372700 0.20269200 0.13652400
v 0.54108200 0.30625300 0.17827600
v 0.54852700 0.31330100 0.17265900
v 0.53706600 0.29774300 0.16985600
v 0.55366600 0.15897400 0.13436600
v 0.40285800 0.25477900 0.33188400
v 0.55376800 0.15560400 0.13894500
v 0.55481400 0.15954700 0.14190900
v 0.39629900 0.26215900 0.34464400
v 0.54137600 0.16619800 0.12437900
v 0.54107900 0.16087100 0.13034000
v 0.38407700 0.25345900 0.33668800
v 0.39947200 0.23769300 0.33037200
v 0.39411600 0.27499900 0.33001600
v 0.38894300 0.26562800 0.33883200
v 0.39722100 0.25012900 0.34292500
v 0.38722800 0.24740800 0.33752300
v 0.41104200 0.26411400 0.33986600
v 0.38412700 0.26478800 0.32352300
v 0.38468400 0.24929800 0.31766200
v 0.40901600 0.24816900 0.33707900
v 0.40486300 0.27467000 0.33617600
v 0.42256100 0.25629800 0.30827900
v 0.40939500 0.26544000 0.30012800
v 0.39124300 0.23896400 0.32070700
v 0.41425500 0.27132100 0.30435600
v 0.42353100 0.26504600 0.30987900
v 0.41800200 0.25058300 0.30347900
v 0.41741900 0.25715800 0.29792100
v 0.42070700 0.26557000 0.30149400
v 0.39098600 0.25736000 0.34325500
v 0.40889900 0.25691200 0.29790700
v 0.41242700 0.25097400 0.29938900
v 0.42005300 0.27102400 0.30820100
v 0.09519330 0.16474900 0.13069400
v 0.09660690 0.16115300 0.13480700
v 0.09368650 0.16097300 0.13181200
v 0.09900690 0.16552400 0.13040500
v 0.09557470 0.16102100 0.12856600
v 0.10114800 0.16284200 0.13328500
v 0.09394900 0.15688600 0.12221900
v 0.09671750 0.15185000 0.12784500
v 0.10379300 0.15361300 0.12718500
v 0.08524880 0.16041100 0.12813700
v 0.10185500 0.15962600 0.12079900
v 0.23978300 0.24530800 0.32186100
v 0.23480300 0.26931800 0.32054300
v 0.23063700 0.25294400 0.30607800
v 0.12080800 0.30251600 0.21367100
v 0.09445460 0.29581200 0.17636100
v 0.17253400 0.28301300 0.24443500
v 0.09278040 0.30083300 0.18153400
v 0.10511700 0.30642100 0.16917600
v 0.09526700 0.31101300 0.16512600
v 0.09298950 0.31331400 0.18030100
v 0.10854900 0.29590800 0.17540800
v 0.08777520 0.30521200 0.17532400
v 0.09237660 0.31126300 0.17723800
v 0.08746100 0.29389100 0.17263700
v 0.10489700 0.29807000 0.17376300
v 0.14318800 0.29725900 0.20904400
v 0.09227900 0.30461400 0.18510400
v 0.10358200 0.16026600 0.13739800
v 0.10738400 0.30365300 0.17134500
v 0.23718300 0.27168800 0.31020400
v 0.22076600 0.25615800 0.30785400
v 0.10045400 0.16619800 0.12437900
v 0.23427400 0.24568900 0.32389000
v 0.09024530 0.30952000 0.17631300
v 0.08968220 0.31063500 0.16773800
v 0.24147300 0.26406500 0.32036000
v 0.10469700 0.30690000 0.16507800
v 0.24279600 0.24927900 0.31823700
v 0.23398400 0.25896300 0.32783500
v 0.09641520 0.15633900 0.14057900
v 0.24411400 0.25703000 0.31728400
v 0.23749700 0.25012700 0.33167200
v 0.23836400 0.25646100 0.30629700
v 0.22010600 0.27016300 0.31232400
v 0.10866500 0.30706200 0.16964600
v 0.09694280 0.15869100 0.13347500
v 0.10308500 0.31864700 0.18107000
v 0.12915800 0.30703900 0.21153700
v 0.13305100 0.28502500 0.21393500
v 0.19361100 0.29585500 0.26717400
v 0.18695200 0.29679600 0.27409200
v 0.14020800 0.30488200 0.21032800
v 0.11348700 0.28940500 0.20664000
v 0.18905300 0.26989100 0.27024200
v 0.18226400 0.27092600 0.27723100
v 0.10478500 0.29772800 0.16985800
v 0.19697300 0.28571700 0.26293300
v 0.24029500 0.26450200 0.30662600
v 0.21754200 0.26308100 0.31157100
v 0.09977980 0.29476300 0.17805600
v 0.09425390 0.31650700 0.17150400
v 0.10194900 0.29181500 0.18059000
v 0.07856850 0.14335800 0.13796400
v 0.11071800 0.31642900 0.17734000
v 0.10039800 0.31479500 0.16715100
v 0.08325460 0.15208800 0.13567300
v 0.09017190 0.16217900 0.12975900
v 0.09130630 0.15534500 0.13132400
v 0.08010630 0.13975300 0.13706000
v 0.09084850 0.15519200 0.12971300
v 0.08991720 0.15857800 0.12998200
v 0.09098880 0.16211700 0.13145200
v 0.09691440 0.30878600 0.18146600
v 0.10400800 0.29531800 0.17455200
v 0.09586730 0.29081100 0.16117100
v 0.08393600 0.16282700 0.12802500
v 0.09939000 0.15948100 0.13008400
v 0.08113550 0.16049700 0.13585000
v 0.10606800 0.16474200 0.13019500
v 0.09969740 0.29568000 0.17650700
v 0.10045900 0.28902200 0.17799100
v 0.07768500 0.14319200 0.13623000
v 0.09777850 0.31390000 0.17096700
v 0.10513200 0.31042800 0.17398000
v 0.10034200 0.30086200 0.18159600
v 0.10593900 0.30069900 0.17799200
v 0.08878570 0.28989000 0.16481000
v 0.10755700 0.29036300 0.17455900
v 0.10943200 0.29300600 0.16840500
v 0.09330210 0.31330100 0.17265900
v 0.10254700 0.31087100 0.17895400
v 0.10389100 0.29566800 0.16344200
v 0.07927900 0.14003200 0.13559400
v 0.09810270 0.20269000 0.13652300
v 0.09225250 0.29036100 0.17746900
v 0.08717940 0.15801100 0.14143200
v 0.10230700 0.30834300 0.16596300
v 0.09347060 0.30121800 0.18059500
v 0.08794980 0.15566000 0.13808800
v 0.08978630 0.16006800 0.13326300
v 0.08320160 0.15771600 0.13390800
v 0.09206080 0.16407200 0.12341100
v 0.22757400 0.27132100 0.30435600
v 0.22382700 0.25058300 0.30347900
v 0.25264000 0.26525800 0.31791400
v 0.23181300 0.24830100 0.33646100
v 0.25817000 0.26293300 0.32774500
v 0.24344800 0.25904800 0.34469500
v 0.17967800 0.27939700 0.28059900
v 0.17851000 0.29084600 0.27698500
v 0.25758300 0.25332200 0.33693000
v 0.25753300 0.24935000 0.31921000
v 0.09502450 0.29549500 0.18396400
v 0.23010500 0.26431000 0.33944300
v 0.22466500 0.26566300 0.29973600
v 0.24133800 0.25363300 0.33056700
v 0.24226400 0.24764800 0.32925800
v 0.21969100 0.26368100 0.30274000
v 0.10845800 0.29258100 0.18993100
v 0.11731200 0.29658600 0.18778100
v 0.23291900 0.25692400 0.29790600
v 0.12774000 0.29195900 0.22576300
v 0.10080900 0.30624100 0.17826500
v 0.25090200 0.25745600 0.34323500
v 0.25288600 0.26562800 0.33883200
v 0.21829800 0.26503400 0.30986600
v 0.23244600 0.26543900 0.30013000
v 0.22437100 0.25725000 0.29794000
v 0.24825400 0.24924700 0.34257900
v 0.21926600 0.25630500 0.30827900
v 0.22939000 0.25096300 0.29939700
v 0.22177700 0.27102400 0.30820100
v 0.24650700 0.26574300 0.34271000
v 0.25466500 0.24485200 0.33357700
v 0.24431800 0.23934800 0.33284200
v 0.24771300 0.27499900 0.33001600
v 0.24995000 0.23861600 0.31970700
v 0.23744600 0.23925400 0.32370100
v 0.23696700 0.27467000 0.33617600
v 0.34176200 0.26148400 0.43921100
v 0.59031400 0.18259800 0.32865400
v 0.34421600 0.26636600 0.43255300
v 0.39830000 0.27623000 0.40246800
v 0.36759100 0.28542500 0.40841900
v 0.58903400 0.18200800 0.31955200
v 0.58800600 0.19077300 0.32153000
v 0.58321400 0.18162200 0.32058100
v 0.58232600 0.18168700 0.32629800
v 0.40764200 0.27263500 0.39589100
v 0.58341600 0.19040400 0.32572800
v 0.59288200 0.17895100 0.32475200
v 0.59116900 0.17898300 0.32843400
v 0.34035300 0.27373100 0.42225100
v 0.59256800 0.18278500 0.32485200
v 0.58757100 0.19071800 0.32734100
v 0.57680500 0.17465000 0.31583600
v 0.40961400 0.26767100 0.39823500
v 0.57837500 0.17842700 0.31474700
v 0.33640100 0.26129200 0.43205600
v 0.36391400 0.27879200 0.41979900
v 0.38506800 0.27101100 0.40529300
v 0.57097900 0.17210200 0.31136300
v 0.56326800 0.17140500 0.30649500
v 0.56291500 0.16559600 0.30409200
v 0.57546700 0.18169500 0.31326100
v 0.57750200 0.17448700 0.31427300
v 0.57902100 0.18135300 0.31532100
v 0.57423800 0.17968700 0.32070100
v 0.59556500 0.18392900 0.32194700
v 0.59442900 0.18222400 0.32924000
v 0.58093000 0.17988300 0.31682400
v 0.58768700 0.18420600 0.32422200
v 0.55084300 0.30850300 0.33407100
v 0.58480400 0.18263500 0.31783600
v 0.54185700 0.30760700 0.34714200
v 0.54703900 0.29296700 0.32948600
v 0.53856500 0.30742200 0.33656200
v 0.54845700 0.31126600 0.34234300
v 0.53837400 0.30871900 0.34208400
v 0.53729200 0.29841800 0.34082600
v 0.54035300 0.29860600 0.34644400
v 0.54260100 0.29498000 0.33465000
v 0.55406700 0.30872200 0.33935600
v 0.53973900 0.28822000 0.33776700
v 0.58291600 0.18392200 0.31114000
v 0.54608700 0.30127100 0.34929600
v 0.58653500 0.18178100 0.33239900
v 0.54796400 0.29494400 0.34541200
v 0.59046100 0.18452300 0.31417300
v 0.54393700 0.28849000 0.34420300
v 0.54532200 0.31125500 0.33711900
v 0.54337600 0.29371300 0.34285000
v 0.53863600 0.30095200 0.33411200
v 0.54137400 0.29282900 0.33932100
v 0.54478500 0.30534600 0.33149600
v 0.58665900 0.17972600 0.33029200
v 0.55231700 0.30833100 0.33767400
v 0.42080900 0.28095700 0.38203400
v 0.42889700 0.27237200 0.39408100
v 0.54365100 0.30334500 0.32938000
v 0.54076000 0.28988200 0.33104700
v 0.55269000 0.30479100 0.34686700
v 0.40726000 0.25627400 0.40035500
v 0.39603400 0.28994000 0.40179900
v 0.39803700 0.25627600 0.40527300
v 0.38815200 0.28112500 0.40737200
v 0.57898900 0.17980300 0.32800500
v 0.57870400 0.18012300 0.32252600
v 0.38816800 0.27335700 0.41191700
v 0.39215400 0.28125800 0.41316600
v 0.38630500 0.26469800 0.40193500
v 0.39712900 0.25600600 0.39268200
v 0.55656200 0.29361100 0.34568000
v 0.55076100 0.29025500 0.34779900
v 0.40389400 0.29001400 0.41104500
v 0.42736600 0.27491700 0.38220000
v 0.42356600 0.26731400 0.38258000
v 0.58215900 0.18041900 0.32433700
v 0.42671500 0.28618800 0.39312000
v 0.43021400 0.27398600 0.38759900
v 0.42683700 0.26698600 0.38822800
v 0.42947300 0.28182700 0.38774500
v 0.42306400 0.28651800 0.38768400
v 0.42112300 0.27290200 0.37995900
v 0.42905100 0.28056100 0.39590000
v 0.39266000 0.26573900 0.38756900
v 0.40668800 0.27966800 0.41681800
v 0.56284200 0.16937400 0.30377800
v 0.57845100 0.18102900 0.31718000
v 0.40716900 0.26479800 0.41346900
v 0.38927300 0.27964600 0.39326000
v 0.39399000 0.27491000 0.41606200
v 0.56132600 0.16650700 0.30514700
v 0.39081300 0.26566300 0.41240400
v 0.36654600 0.26244200 0.44694400
v 0.34790300 0.25579300 0.39916100
v 0.38750400 0.26866300 0.43614000
v 0.33735300 0.25312200 0.43137700
v 0.35068200 0.29387200 0.43387900
v 0.34246900 0.29118600 0.43401600
v 0.33880300 0.25755700 0.43729300
v 0.39283300 0.25827300 0.39926400
v 0.37655900 0.28290900 0.42454400
v 0.34514700 0.24293300 0.42282200
v 0.35876700 0.24134100 0.41092700
v 0.38783600 0.26641000 0.39235900
v 0.40177300 0.26117600 0.39507900
v 0.40706100 0.25947900 0.40205800
v 0.40048600 0.27958800 0.39762600
v 0.39628700 0.27529800 0.39005300
v 0.39762600 0.26723900 0.38992200
v 0.40450000 0.27790800 0.40282900
v 0.40988600 0.27135300 0.40815600
v 0.33727500 0.25385900 0.41396500
v 0.35456700 0.24055000 0.43617300
v 0.36019200 0.24783000 0.44613000
v 0.33572400 0.26683100 0.41451400
v 0.37163000 0.23816000 0.42916500
v 0.34267700 0.27190300 0.40313500
v 0.38101100 0.24830500 0.44191400
v 0.35547200 0.27533400 0.39608800
v 0.41041000 0.26384400 0.40778900
v 0.39956900 0.25599500 0.40838400
v 0.34700300 0.28538600 0.44118000
v 0.38509900 0.27613800 0.39286200
v 0.34434600 0.25107700 0.44100000
v 0.34897700 0.28210300 0.41330300
v 0.35874900 0.29326800 0.42521700
v 0.35725900 0.29010500 0.43760300
v 0.36313800 0.27921800 0.43432000
v 0.33824100 0.28020000 0.43834900
v 0.35103600 0.27112100 0.43793800
v 0.34497000 0.29280800 0.42037900
v 0.33758300 0.28701900 0.42747100
v 0.29761300 0.26636600 0.43255300
v 0.05950330 0.18168700 0.32629800
v 0.30147600 0.27373100 0.42225100
v 0.26527100 0.28290900 0.42454400
v 0.05559530 0.19088900 0.32758400
v 0.05382340 0.19077300 0.32153000
v 0.04894750 0.17895100 0.32475200
v 0.05066090 0.17898300 0.32843400
v 0.23507800 0.27452200 0.39722000
v 0.05873680 0.18967800 0.32412800
v 0.27784100 0.27883100 0.41997900
v 0.27924500 0.28490300 0.40995600
v 0.04926110 0.18278500 0.32485200
v 0.25143800 0.27683300 0.40658800
v 0.30542900 0.26129200 0.43205600
v 0.05151530 0.18259800 0.32865400
v 0.05861590 0.18162200 0.32058100
v 0.05279510 0.18200800 0.31955200
v 0.06406490 0.17478800 0.31442200
v 0.06406460 0.18045900 0.31426200
v 0.30006800 0.26148400 0.43921100
v 0.05961580 0.18040600 0.32437000
v 0.08023980 0.16919900 0.30543700
v 0.06328970 0.17999800 0.32228400
v 0.06556140 0.17441000 0.31547900
v 0.07895770 0.16567300 0.30404000
v 0.07995850 0.16563200 0.30545900
v 0.09751270 0.30429400 0.33076800
v 0.07089820 0.17158400 0.30962400
v 0.09997250 0.30760700 0.34714200
v 0.09373990 0.29492500 0.34548300
v 0.06760830 0.18079000 0.32145600
v 0.04626470 0.18392900 0.32194700
v 0.08911450 0.30477000 0.34686000
v 0.06033800 0.18128400 0.31595900
v 0.08951250 0.30833100 0.33767400
v 0.06180080 0.17991900 0.31875800
v 0.09098620 0.30850300 0.33407100
v 0.09650770 0.31125500 0.33711900
v 0.08776290 0.30872200 0.33935600
v 0.09789260 0.28849000 0.34420300
v 0.10168800 0.29089200 0.33825800
v 0.10147700 0.29860600 0.34644400
v 0.10324600 0.30102300 0.33416800
v 0.10345500 0.30871900 0.34208400
v 0.09337260 0.31126600 0.34234300
v 0.10326500 0.30742200 0.33656200
v 0.10453700 0.29841800 0.34082600
v 0.09566590 0.30119400 0.34929100
v 0.04740000 0.18222400 0.32924000
v 0.05529490 0.18178100 0.33239900
v 0.08526760 0.29361100 0.34568000
v 0.09479020 0.29296700 0.32948600
v 0.06636270 0.18169500 0.31326100
v 0.09106830 0.29025500 0.34779900
v 0.09845380 0.29371300 0.34285000
v 0.05433160 0.18422700 0.32416500
v 0.05517020 0.17972600 0.33029200
v 0.06316750 0.17981000 0.32822900
v 0.05136820 0.18452300 0.31417300
v 0.05886970 0.18372100 0.31113700
v 0.21160700 0.28077800 0.38820200
v 0.23466100 0.26479800 0.41346900
v 0.06440410 0.17957700 0.31690500
v 0.25255600 0.27964600 0.39326000
v 0.25367100 0.27344400 0.41189200
v 0.25101600 0.26566300 0.41240400
v 0.24110800 0.25478800 0.40382000
v 0.09922610 0.29501600 0.33484400
v 0.24484400 0.29058800 0.40140400
v 0.21875700 0.28652200 0.38769500
v 0.21499300 0.26698600 0.38822800
v 0.10107000 0.28988200 0.33104700
v 0.21293200 0.27237200 0.39408100
v 0.22102000 0.28095700 0.38203400
v 0.05705290 0.18262600 0.31785500
v 0.22070800 0.27291000 0.37995900
v 0.21352900 0.27405900 0.38290200
v 0.21276900 0.28055800 0.39586200
v 0.21511500 0.28618800 0.39312000
v 0.21826300 0.26731400 0.38258000
v 0.07895700 0.16966200 0.30384000
v 0.23436600 0.27986900 0.41671200
v 0.25009800 0.26578900 0.38874700
v 0.24470100 0.25600600 0.39268200
v 0.23793500 0.29001400 0.41104500
v 0.25696900 0.26954600 0.40392400
v 0.24783900 0.27491000 0.41606200
v 0.25316900 0.26155800 0.40218000
v 0.06461550 0.17832000 0.31637000
v 0.25262200 0.28113600 0.41065400
v 0.27528400 0.26244200 0.44694400
v 0.06256630 0.18088000 0.31568300
v 0.29392700 0.25579300 0.39916100
v 0.30447700 0.25312200 0.43137700
v 0.06353540 0.18094500 0.31721100
v 0.29936100 0.29118600 0.43401600
v 0.28635700 0.27533400 0.39608800
v 0.06360850 0.17859500 0.31453700
v 0.29915200 0.27190300 0.40313500
v 0.26081800 0.24830500 0.44191400
v 0.30455400 0.25385900 0.41396500
v 0.23733000 0.27790800 0.40282900
v 0.24420400 0.26723900 0.38992200
v 0.23194300 0.27135300 0.40815600
v 0.24554300 0.27529800 0.39005300
v 0.24185400 0.27971000 0.39779500
v 0.24226000 0.25599500 0.40838400
v 0.23192300 0.26770400 0.39875500
v 0.24005700 0.26117600 0.39507900
v 0.23476800 0.25948000 0.40205800
v 0.23634300 0.27090700 0.39333300
v 0.29748400 0.25107700 0.44100000
v 0.28163700 0.24783000 0.44613000
v 0.30610600 0.26683100 0.41451400
v 0.29668200 0.24293300 0.42282200
v 0.28726200 0.24055000 0.43617300
v 0.27869200 0.27921800 0.43432000
v 0.27019900 0.23816000 0.42916500
v 0.29482700 0.28538600 0.44118000
v 0.29114700 0.29387200 0.43387900
v 0.28306200 0.24134100 0.41092700
v 0.24899700 0.25827300 0.39926500
v 0.23142000 0.26384400 0.40778900
v 0.25432600 0.26866300 0.43614000
v 0.25673000 0.27613800 0.39286200
v 0.25399300 0.26641000 0.39235900
v 0.30424700 0.28701900 0.42747100
v 0.29285300 0.28210300 0.41330300
v 0.30302600 0.25755700 0.43729300
v 0.30358800 0.28020000 0.43834900
v 0.29685900 0.29280800 0.42037900
v 0.28308100 0.29326800 0.42521700
v 0.29079400 0.27112100 0.43793800
v 0.28457000 0.29010500 0.43760300
v 0.50045200 0.14180800 0.58417300
v 0.49583700 0.14527600 0.58994100
v 0.50541700 0.13559900 0.57461600
v 0.47679200 0.27165900 0.59979900
v 0.49641300 0.15097100 0.59284200
v 0.50360000 0.13526100 0.57429400
v 0.49459400 0.15100500 0.59208700
v 0.50547500 0.13987800 0.57460800
v 0.49737900 0.14430200 0.59084700
v 0.48566200 0.28388500 0.61704500
v 0.47547500 0.28120100 0.61955700
v 0.47884600 0.27814500 0.61418500
v 0.49709800 0.14987400 0.59615200
v 0.48526100 0.14946100 0.59107900
v 0.50100400 0.14998000 0.60160500
v 0.48040000 0.27647300 0.61062500
v 0.48117100 0.28282100 0.62458200
v 0.36581000 0.27918000 0.48958100
v 0.39327400 0.26709400 0.50619000
v 0.48783400 0.27605400 0.61156200
v 0.40357000 0.26358100 0.50787500
v 0.48081900 0.28374500 0.61615100
v 0.48967400 0.27815800 0.62501500
v 0.47521900 0.27448600 0.61452700
v 0.47380700 0.27384800 0.62089500
v 0.48107700 0.26917600 0.61254600
v 0.33853300 0.26934800 0.47997600
v 0.32590500 0.25355100 0.48471000
v 0.48266100 0.26524700 0.60755600
v 0.32990000 0.26043800 0.48914700
v 0.35646100 0.27218200 0.49465100
v 0.47754400 0.26690700 0.61372300
v 0.40410300 0.25824900 0.50855900
v 0.49023600 0.26808700 0.62320100
v 0.39725800 0.27072100 0.50441600
v 0.48664200 0.14556200 0.60646100
v 0.50283800 0.15176800 0.59319500
v 0.38900500 0.25704400 0.49722200
v 0.49548100 0.18522200 0.59409100
v 0.49238600 0.26560000 0.61448700
v 0.47460600 0.26234200 0.61975700
v 0.48309600 0.14669000 0.59967200
v 0.48528100 0.26581700 0.62724200
v 0.48520800 0.27663800 0.62885200
v 0.49070300 0.15031900 0.60032100
v 0.49414500 0.14876600 0.60797300
v 0.40015000 0.24387500 0.51104800
v 0.49195300 0.27676500 0.61739500
v 0.39608500 0.27886600 0.50323000
v 0.48688700 0.26942300 0.61229800
v 0.39017000 0.25014300 0.50284500
v 0.38966100 0.26449000 0.49583400
v 0.47737100 0.27414800 0.62792400
v 0.38780400 0.25413200 0.51376400
v 0.48949500 0.26584800 0.60801300
v 0.40539900 0.26956700 0.49581000
v 0.39592300 0.25476800 0.52113900
v 0.41861400 0.26146200 0.53067600
v 0.42608700 0.27000000 0.51822100
v 0.42204600 0.27554100 0.52281800
v 0.49948200 0.15344200 0.58624100
v 0.42280100 0.25592800 0.52620200
v 0.42849500 0.26298600 0.52528600
v 0.42415100 0.27004800 0.52947300
v 0.42687900 0.25646400 0.52118300
v 0.41827500 0.27526700 0.52819000
v 0.41687400 0.26964800 0.53151000
v 0.47708500 0.26748500 0.61907600
v 0.42813600 0.26197200 0.51768000
v 0.40785900 0.24489800 0.50212700
v 0.39146100 0.27847600 0.51411900
v 0.40891300 0.25469100 0.49506500
v 0.38895900 0.26889200 0.52050600
v 0.38565000 0.26971900 0.50488800
v 0.39443800 0.25321700 0.49502300
v 0.49205000 0.15012000 0.59326200
v 0.38389200 0.26075400 0.50445500
v 0.35448500 0.23020300 0.50176600
v 0.49514700 0.14685900 0.60511200
v 0.39800600 0.25000100 0.50964200
v 0.49620600 0.14931500 0.59101300
v 0.33974000 0.28895100 0.48540800
v 0.49152200 0.15209700 0.58604100
v 0.33790400 0.28743300 0.49703500
v 0.39100600 0.25033200 0.49761500
v 0.35771000 0.23593300 0.48019900
v 0.47769700 0.26228300 0.62590400
v 0.35854300 0.27401500 0.50680800
v 0.33730800 0.23381000 0.49487900
v 0.40053200 0.26719500 0.49601200
v 0.39700200 0.26072300 0.51744600
v 0.40027700 0.25277800 0.50092200
v 0.40126900 0.25953200 0.49583800
v 0.39644600 0.26823400 0.51095200
v 0.34003300 0.23820000 0.47920000
v 0.33446900 0.23966800 0.50677500
v 0.34085400 0.25054900 0.46888800
v 0.33963500 0.26353100 0.46985800
v 0.35073700 0.23803300 0.51784000
v 0.33814600 0.25293500 0.51317600
v 0.35440600 0.25190000 0.46604300
v 0.35267300 0.26871300 0.46730400
v 0.36678700 0.27132100 0.47163600
v 0.36840300 0.25459600 0.47037500
v 0.39749300 0.25332900 0.51658400
v 0.36102100 0.25825500 0.52137900
v 0.39215600 0.25917900 0.49036600
v 0.39048300 0.26885800 0.49006000
v 0.32569400 0.24708400 0.49229800
v 0.32866700 0.24846400 0.48117400
v 0.34975900 0.28587800 0.49704800
v 0.35029300 0.27758900 0.48046900
v 0.34554200 0.27154300 0.50464400
v 0.33483300 0.26471700 0.49806600
v 0.33277100 0.28055400 0.48079900
v 0.32487400 0.27419700 0.49032200
v 0.32915500 0.27830000 0.49889100
v 0.33878900 0.28296300 0.50385600
v 0.32935500 0.28333900 0.49395600
v 0.47331500 0.28045000 0.62065600
v 0.43301000 0.25893000 0.55210200
v 0.43974900 0.28602100 0.54437200
v 0.47852400 0.28958700 0.60492700
v 0.47012100 0.27078900 0.60548100
v 0.48916600 0.27383400 0.61176500
v 0.41182900 0.27306600 0.52201800
v 0.41590300 0.25459500 0.52371300
v 0.41669300 0.27409200 0.51786100
v 0.50337500 0.13995900 0.57430600
v 0.42295000 0.27605100 0.52435200
v 0.44372900 0.26169600 0.54994800
v 0.42162000 0.25587200 0.51893500
v 0.43118200 0.28367800 0.54947900
v 0.41734600 0.27523600 0.52927100
v 0.47231300 0.27385900 0.61960400
v 0.49004900 0.28241400 0.61381100
v 0.47766700 0.28529400 0.62086700
v 0.48391100 0.28754000 0.61790200
v 0.41065900 0.26328600 0.51628000
v 0.40951100 0.26052900 0.52449400
v 0.47517300 0.26811400 0.61385700
v 0.48715600 0.28369200 0.61751600
v 0.42115400 0.26929100 0.51388200
v 0.48054300 0.26905400 0.61305000
v 0.40880800 0.26802800 0.52506700
v 0.42719300 0.26519200 0.55793800
v 0.41346600 0.26941900 0.53316100
v 0.44699000 0.28036100 0.54101000
v 0.41397100 0.26056800 0.53265700
v 0.44777900 0.26892700 0.54333700
v 0.48493600 0.28496100 0.60164400
v 0.42815900 0.27079300 0.52075700
v 0.46676700 0.27595900 0.61192600
v 0.45277600 0.28153300 0.59341500
v 0.48428400 0.27724700 0.60050500
v 0.42516700 0.26164100 0.51544500
v 0.41393400 0.26569300 0.51364800
v 0.47097100 0.28269200 0.61955600
v 0.47227600 0.28851600 0.61067000
v 0.48269700 0.26789200 0.60930800
v 0.14138600 0.14148600 0.58364600
v 0.13817200 0.13547900 0.57399000
v 0.17170800 0.27078900 0.60548100
v 0.13656600 0.13547900 0.57462900
v 0.14576700 0.14433600 0.59055100
v 0.13634800 0.13984900 0.57466500
v 0.15159300 0.26808600 0.62320100
v 0.22879300 0.26209700 0.51469000
v 0.14467000 0.14990500 0.59613400
v 0.14979700 0.15012100 0.59326300
v 0.16503700 0.27165900 0.59979900
v 0.15654900 0.26581900 0.62724200
v 0.14634900 0.18522200 0.59409100
v 0.16428500 0.26690700 0.61372300
v 0.16635400 0.28120100 0.61955700
v 0.15616800 0.28388500 0.61704500
v 0.28539400 0.27220300 0.49485400
v 0.27569300 0.27924100 0.49000400
v 0.16101100 0.28374500 0.61615100
v 0.16014900 0.28264200 0.62522800
v 0.30329700 0.26934800 0.47997600
v 0.16661000 0.27448600 0.61452700
v 0.16143000 0.27647300 0.61062500
v 0.23776400 0.26179600 0.50912200
v 0.16023700 0.26929700 0.61238200
v 0.16413300 0.26228300 0.62590400
v 0.15916900 0.26524700 0.60755600
v 0.15233500 0.26584800 0.60801300
v 0.14082500 0.14998000 0.60160500
v 0.31192900 0.26043800 0.48914700
v 0.24732100 0.26669200 0.50637500
v 0.14944400 0.26560000 0.61448700
v 0.13897700 0.15190200 0.59322600
v 0.15873400 0.14669000 0.59967200
v 0.16722300 0.26234200 0.61975700
v 0.16797700 0.27283900 0.62074800
v 0.15123000 0.15032000 0.60045500
v 0.14668200 0.14685900 0.60511200
v 0.15518800 0.14556200 0.60646100
v 0.14768500 0.14876600 0.60797300
v 0.15656800 0.14946100 0.59107900
v 0.15030700 0.15209700 0.58604100
v 0.14562300 0.14931500 0.59101300
v 0.21369000 0.26196900 0.51771300
v 0.22495500 0.26964800 0.53151000
v 0.23503900 0.24499200 0.50178800
v 0.25036800 0.27847600 0.51411900
v 0.24739200 0.25321700 0.49502300
v 0.25618000 0.26971900 0.50488800
v 0.25271100 0.25699700 0.49715500
v 0.16482600 0.26733200 0.61856100
v 0.16443000 0.27415500 0.62793400
v 0.25206700 0.26459800 0.49582200
v 0.25165900 0.25014300 0.50284500
v 0.24574500 0.27886600 0.50323000
v 0.24270700 0.24422100 0.51046800
v 0.21904500 0.25592800 0.52621400
v 0.21978300 0.27554100 0.52281800
v 0.21336500 0.26345800 0.52463600
v 0.21495700 0.25645100 0.52117900
v 0.21705900 0.26402500 0.52966800
v 0.15399600 0.27605400 0.61156200
v 0.22355500 0.27526700 0.52819000
v 0.21629700 0.27102800 0.52698400
v 0.21574300 0.27000000 0.51822100
v 0.22324700 0.26146500 0.53068400
v 0.23643000 0.26956700 0.49581000
v 0.25284800 0.25378500 0.51656200
v 0.23216200 0.25469400 0.49526400
v 0.15628700 0.27683900 0.62906900
v 0.25287100 0.26889200 0.52050600
v 0.25793900 0.26080500 0.50456200
v 0.28734400 0.23020300 0.50176600
v 0.14987600 0.27672000 0.61737800
v 0.27504300 0.27132100 0.47163600
v 0.29109300 0.23803300 0.51784000
v 0.28915700 0.26871300 0.46730400
v 0.30219400 0.26353100 0.46985800
v 0.30736000 0.23966800 0.50677500
v 0.24482800 0.26072300 0.51744600
v 0.24129700 0.26719500 0.49601200
v 0.24457200 0.27072100 0.50441600
v 0.24382300 0.25000100 0.50964200
v 0.24433600 0.25332900 0.51658400
v 0.23751800 0.26038200 0.50409300
v 0.25134600 0.26885800 0.49006100
v 0.15216300 0.27812500 0.62505000
v 0.24056100 0.25953200 0.49583700
v 0.14234700 0.15344200 0.58624100
v 0.15494200 0.26942300 0.61229800
v 0.24155300 0.25277800 0.50092200
v 0.24480600 0.26821200 0.51077600
v 0.30452200 0.23381000 0.49487900
v 0.31613600 0.24708400 0.49229800
v 0.30179700 0.23820000 0.47920000
v 0.30097500 0.25054900 0.46888800
v 0.30368400 0.25293500 0.51317600
v 0.14454900 0.14775300 0.59149200
v 0.28412000 0.23593300 0.48019900
v 0.28742400 0.25190000 0.46604300
v 0.27912600 0.27452100 0.50721000
v 0.14712700 0.15080400 0.59205100
v 0.27342600 0.25459600 0.47037500
v 0.28080900 0.25825500 0.52137900
v 0.24967300 0.25917900 0.49036600
v 0.25082400 0.25033200 0.49761500
v 0.31247500 0.28333900 0.49395600
v 0.31316300 0.24846400 0.48117400
v 0.31592400 0.25355100 0.48471000
v 0.30699600 0.26471700 0.49806600
v 0.30905800 0.28055400 0.48079900
v 0.29153700 0.27758900 0.48046900
v 0.29207100 0.28587800 0.49704800
v 0.14559400 0.15110500 0.59290000
v 0.29628800 0.27154300 0.50464400
v 0.31267500 0.27830000 0.49889100
v 0.31695600 0.27419700 0.49032200
v 0.30209000 0.28895100 0.48540800
v 0.30392600 0.28743300 0.49703500
v 0.30304000 0.28296300 0.50385600
v 0.19405100 0.26892700 0.54333700
v 0.18905400 0.28153300 0.59341400
v 0.15754600 0.27724700 0.60050500
v 0.15791900 0.28754000 0.61790200
v 0.16665700 0.26811400 0.61385700
v 0.22067600 0.26929100 0.51388200
v 0.23231800 0.26052900 0.52449400
v 0.22592700 0.25459500 0.52371300
v 0.22513700 0.27409200 0.51786100
v 0.21888000 0.27605100 0.52435200
v 0.23096000 0.26727800 0.51630700
v 0.13841000 0.13994600 0.57424900
v 0.19810000 0.26169600 0.54994800
v 0.21064700 0.28367800 0.54947900
v 0.16951700 0.27385900 0.61960400
v 0.15467300 0.28369200 0.61751600
v 0.15178000 0.28241400 0.61381000
v 0.22021000 0.25587200 0.51893500
v 0.16416300 0.28529400 0.62086700
v 0.17085800 0.28269200 0.61955600
v 0.16128600 0.26905400 0.61304900
v 0.23000000 0.27306600 0.52201800
v 0.16851400 0.28045000 0.62065600
v 0.16304200 0.27829100 0.61425900
v 0.15266300 0.27383400 0.61176500
v 0.23302100 0.26802800 0.52506700
v 0.22785900 0.26056800 0.53265700
v 0.21367100 0.27079300 0.52075700
v 0.21463500 0.26519200 0.55794000
v 0.20208100 0.28602100 0.54437200
v 0.22448400 0.27523600 0.52927100
v 0.19483900 0.28036100 0.54101000
v 0.21666200 0.26164100 0.51544600
v 0.22836400 0.26941900 0.53316100
v 0.20881900 0.25893000 0.55210200
v 0.15913300 0.26789200 0.60930800
v 0.15689400 0.28496100 0.60164300
v 0.17506300 0.27595900 0.61192500
v 0.16955400 0.28851600 0.61066900
v 0.16330500 0.28958700 0.60492700
v 0.25830700 0.28654800 0.68882800
v 0.25452100 0.29011600 0.68178700
v 0.24606900 0.27026900 0.67219300
v 0.25333300 0.29157500 0.67663800
v 0.24764400 0.26559300 0.67709400
v 0.25711300 0.29058600 0.68272200
v 0.25867800 0.27727500 0.69409400
v 0.25697700 0.27223600 0.69474100
v 0.25510200 0.26816500 0.69345700
v 0.25039200 0.28424000 0.66252400
v 0.24927500 0.26572200 0.68455500
v 0.25213200 0.28811900 0.66495500
v 0.24869200 0.28451200 0.68022600
v 0.25095400 0.28939900 0.67347300
v 0.38590300 0.29267200 0.67506300
v 0.39387200 0.28113700 0.68222100
v 0.38760300 0.29044600 0.68069800
v 0.39227400 0.28353400 0.68319700
v 0.39553300 0.26967000 0.67166600
v 0.38461400 0.29140900 0.67996100
v 0.38322800 0.28175000 0.69288200
v 0.38554400 0.28304200 0.69090700
v 0.38870000 0.26514200 0.68989800
v 0.39079200 0.26409000 0.68442500
v 0.38659500 0.27306200 0.69455000
v 0.38757900 0.29150800 0.67014000
v 0.39512800 0.27454300 0.66608000
v 0.39431000 0.26822300 0.67037600
v 0.39313300 0.26504400 0.67662200
v 0.39390200 0.27385800 0.66497400
v 0.39433600 0.27977900 0.66372300
v 0.38314200 0.28885600 0.68536900
v 0.39272500 0.28613000 0.66728900
v 0.38670000 0.28804400 0.68506200
v 0.39304100 0.26730900 0.68421800
v 0.39489400 0.26794200 0.67792400
v 0.39305300 0.28496200 0.67979000
v 0.39146300 0.26900700 0.68890900
v 0.39004100 0.26593500 0.68980100
v 0.39191200 0.26457400 0.68440300
v 0.38528600 0.29076600 0.68224700
v 0.39404400 0.26548200 0.67703500
v 0.38368200 0.28744500 0.68778700
v 0.25425600 0.29152000 0.67015600
v 0.25559000 0.29284800 0.67537400
v 0.38777700 0.29244400 0.67586200
v 0.38925200 0.27035100 0.69223900
v 0.25076900 0.26405100 0.68438000
v 0.25906700 0.28736700 0.68730200
v 0.39259400 0.28422200 0.66313200
v 0.39065100 0.28837900 0.66572100
v 0.38754200 0.26852700 0.69334800
v 0.39312600 0.27921300 0.66231700
v 0.38329700 0.28477700 0.69046100
v 0.24970500 0.28330200 0.68373000
v 0.39557500 0.27678200 0.67602700
v 0.39003100 0.28116900 0.68773200
v 0.39486200 0.28150100 0.67625300
v 0.38502500 0.27812100 0.69386200
v 0.38890600 0.29166300 0.67083500
v 0.25311200 0.29168000 0.67072200
v 0.24858800 0.27876500 0.68527200
v 0.24791800 0.28137900 0.68196900
v 0.25331200 0.26989200 0.69294700
v 0.25523500 0.27306200 0.69455000
v 0.24702300 0.27715500 0.68199100
v 0.25104000 0.26699200 0.68951000
v 0.24787300 0.27391000 0.66496800
v 0.24862000 0.27915400 0.66233000
v 0.25038800 0.28801700 0.66621900
v 0.24777900 0.26807300 0.67021800
v 0.25300300 0.26509600 0.68986000
v 0.25964000 0.28260200 0.69193200
v 0.39281900 0.27868200 0.68583800
v 0.39489000 0.27704500 0.68160600
v 0.38653900 0.26822900 0.69343200
v 0.38485300 0.27223500 0.69474100
v 0.25721200 0.27791300 0.69407800
v 0.38967400 0.28812900 0.66498400
v 0.39153400 0.28402300 0.66244300
v 0.25543900 0.27976900 0.69225800
v 0.25605500 0.28485000 0.68916800
v 0.24657800 0.27960200 0.67360200
v 0.24670100 0.27454300 0.66608000
v 0.25860200 0.28175000 0.69288200
v 0.38216000 0.28254000 0.69197700
v 0.38310000 0.27739900 0.69407500
v 0.25766400 0.29089200 0.68146700
v 0.24686800 0.26868200 0.67809900
v 0.24883600 0.28432800 0.66375500
v 0.24744700 0.27970200 0.66381400
v 0.24710500 0.28179600 0.67676400
v 0.24869600 0.26504400 0.67662200
v 0.32146000 0.32481600 0.30645500
v 0.30520300 0.25216300 0.26640300
v 0.33241100 0.28871100 0.33714300
v 0.33616700 0.28305700 0.32470600
v 0.34172400 0.27191600 0.26234100
v 0.33734100 0.30641000 0.31751300
v 0.33600400 0.32132000 0.30920000
v 0.34784400 0.31087200 0.30840100
v 0.31543100 0.27921100 0.26051000
v 0.32788800 0.24952200 0.26811700
v 0.30415000 0.26228000 0.31404800
v 0.32217100 0.32478000 0.29874100
v 0.34633100 0.28278800 0.32050500
v 0.35261400 0.28453300 0.31113200
v 0.30753800 0.28305700 0.32470600
v 0.30438400 0.25250200 0.28370600
v 0.34376600 0.27982200 0.27574200
v 0.35123400 0.29430500 0.29069500
v 0.31410500 0.29120800 0.34078300
v 0.32185200 0.30535600 0.33203000
v 0.33693200 0.24921900 0.30372200
v 0.32810400 0.27288100 0.33022900
v 0.33957300 0.26223800 0.31399900
v 0.34681600 0.27164300 0.31878300
v 0.30136400 0.27062200 0.26258800
v 0.31228600 0.25149600 0.26771100
v 0.33034000 0.27968100 0.26050400
v 0.31418300 0.30298500 0.32801500
v 0.32952000 0.30298400 0.32801500
v 0.32596800 0.28815600 0.34194700
v 0.31592200 0.27957500 0.33796500
v 0.33121700 0.30151900 0.31910100
v 0.32571400 0.29969700 0.33901500
v 0.29748600 0.28309600 0.32048500
v 0.32222400 0.23880500 0.31317400
v 0.32247300 0.23033400 0.28111100
v 0.32725700 0.26053400 0.27146000
v 0.33738700 0.25012800 0.28270900
v 0.32185200 0.30775700 0.31563500
v 0.33134100 0.23534300 0.28401300
v 0.33917200 0.31693900 0.29488800
v 0.35249500 0.26726400 0.28557700
v 0.34290800 0.25490300 0.26855600
v 0.33817900 0.25222000 0.26634400
v 0.31802000 0.29993300 0.33877600
v 0.31340000 0.26466400 0.27097600
v 0.32050900 0.24408900 0.27986000
v 0.32615500 0.27252800 0.26823500
v 0.31292700 0.23418900 0.28279300
v 0.29115300 0.26786300 0.28475900
v 0.31760500 0.24185000 0.31234200
v 0.30679800 0.24922000 0.30377900
v 0.29663800 0.27198000 0.31890000
v 0.32140600 0.26474100 0.31908300
v 0.31409400 0.27142100 0.32631600
v 0.32186000 0.29284000 0.27604000
v 0.29278000 0.29877500 0.29402900
v 0.30636100 0.30640900 0.31751300
v 0.30952200 0.28064800 0.26306300
v 0.30518200 0.31992600 0.30840700
v 0.30009700 0.25480100 0.26934300
v 0.30404800 0.31662300 0.29462600
v 0.29106600 0.28439600 0.31116900
v 0.29570800 0.31080800 0.30824800
v 0.31248500 0.30151900 0.31910100
v 0.29993700 0.27962000 0.27558100
v 0.07152630 0.04977610 0.64262700
v 0.07703910 0.04117680 0.63833000
v 0.08159650 0.04653170 0.63457100
v 0.07577350 0.05383250 0.63872800
v 0.09406310 0.05339250 0.63107000
v 0.07391080 0.04225070 0.63596700
v 0.09394610 0.05311550 0.62717700
v 0.08665600 0.06054000 0.63227200
v 0.10505800 0.06293870 0.62035200
v 0.09742450 0.06884510 0.62569700
v 0.11472800 0.07820770 0.61347200
v 0.07777160 0.03548370 0.63556000
v 0.07847310 0.03762500 0.63303800
v 0.12659100 0.11031500 0.61304000
v 0.07470310 0.03541450 0.63355600
v 0.15276000 0.14170700 0.59847900
v 0.14655100 0.14731300 0.60300800
v 0.15085500 0.15142700 0.59967700
v 0.15568600 0.14817800 0.60086100
v 0.11717700 0.08408830 0.60828500
v 0.07472280 0.03886020 0.63362300
v 0.10889800 0.08203420 0.61376500
v 0.11668000 0.07864350 0.61799100
v 0.09645600 0.06812680 0.62175600
v 0.10613300 0.06348270 0.62425500
v 0.07391890 0.03818200 0.64094200
v 0.08558080 0.05954080 0.62839900
v 0.07076250 0.03905030 0.63910000
v 0.07541400 0.05374550 0.63513000
v 0.07037320 0.04902320 0.63852100
v 0.08333310 0.04741260 0.63920600
v 0.06838930 0.04252970 0.64413900
v 0.07155290 0.04092460 0.64627600
v 0.06800460 0.04120070 0.63997600
v 0.07335410 0.03878330 0.64330900
v 0.07871850 0.04667790 0.64436200
v 0.07473450 0.04858770 0.64531000
v 0.07637700 0.05050380 0.63324800
v 0.08363310 0.05055550 0.64146900
v 0.15141600 0.14963400 0.60396900
v 0.07979140 0.05249510 0.64203500
v 0.08013660 0.04807990 0.63178400
v 0.09315410 0.05645840 0.63463500
v 0.15368900 0.14723500 0.59582000
v 0.15161500 0.14960700 0.59640900
v 0.08705400 0.05684920 0.62581300
v 0.08964730 0.05922660 0.63503600
v 0.09016060 0.05447030 0.62520900
v 0.10448200 0.06577860 0.62775900
v 0.09815990 0.06594120 0.61878700
v 0.10047700 0.06771920 0.62820500
v 0.10171300 0.06404460 0.61802600
v 0.11116200 0.08405660 0.61049800
v 0.14996800 0.14257700 0.59655200
v 0.14923900 0.14617000 0.60515600
v 0.15359600 0.14233800 0.60199100
v 0.14563300 0.14656300 0.59950000
v 0.11618100 0.08048130 0.62104700
v 0.15235500 0.14430300 0.60473700
v 0.12045300 0.08103730 0.61653200
v 0.14719800 0.14453800 0.59684400
v 0.10914800 0.08583070 0.61355100
v 0.10881600 0.08434240 0.61920600
v 0.11207700 0.08325390 0.62191500
v 0.12079300 0.08261840 0.61118300
v 0.57145700 0.04902320 0.63852100
v 0.55624900 0.05954080 0.62839900
v 0.53569600 0.06348270 0.62425500
v 0.54537400 0.06812680 0.62175600
v 0.52514900 0.07864350 0.61799100
v 0.53293100 0.08203420 0.61376500
v 0.52465300 0.08408800 0.60828500
v 0.56828800 0.03817880 0.64120100
v 0.48614300 0.14817800 0.60086100
v 0.56783700 0.04210780 0.63597000
v 0.48947500 0.14430300 0.60473700
v 0.52975300 0.08325390 0.62191500
v 0.49463100 0.14453800 0.59684400
v 0.53066700 0.08405630 0.61049800
v 0.56710700 0.03886020 0.63362300
v 0.52564900 0.08048130 0.62104700
v 0.54367000 0.06594120 0.61878700
v 0.53734800 0.06577860 0.62775900
v 0.55477600 0.05684920 0.62581300
v 0.54867500 0.05645840 0.63463500
v 0.56345400 0.03762760 0.63302200
v 0.56500400 0.05100350 0.63215900
v 0.56415000 0.03547070 0.63562400
v 0.55819600 0.05055550 0.64146900
v 0.56652500 0.05257300 0.63493600
v 0.57199300 0.04385930 0.63686600
v 0.56155400 0.04549240 0.64306000
v 0.56712600 0.03541450 0.63355200
v 0.57117100 0.03911140 0.63924500
v 0.57414800 0.04233310 0.64283700
v 0.56482200 0.04116840 0.63830400
v 0.57122200 0.04133870 0.64596600
v 0.57030300 0.04977640 0.64262700
v 0.49041300 0.14963400 0.60396900
v 0.49097500 0.15142700 0.59967700
v 0.56709500 0.04858770 0.64531000
v 0.55857900 0.04692160 0.63816500
v 0.48814100 0.14723500 0.59582000
v 0.56540300 0.05426340 0.63919300
v 0.49021400 0.14960700 0.59640900
v 0.55846900 0.04666400 0.63441500
v 0.56256800 0.04783520 0.63290300
v 0.56203800 0.05249510 0.64203500
v 0.54776600 0.05339250 0.63107000
v 0.55517400 0.06054000 0.63227200
v 0.54788300 0.05311550 0.62717700
v 0.55166900 0.05447030 0.62520900
v 0.49186100 0.14257700 0.59655200
v 0.49259100 0.14617000 0.60515600
v 0.55218200 0.05922690 0.63503600
v 0.53677200 0.06293870 0.62035200
v 0.54440500 0.06884510 0.62569700
v 0.49527800 0.14731300 0.60300800
v 0.54011700 0.06404460 0.61802600
v 0.48907000 0.14170700 0.59847900
v 0.54135300 0.06771950 0.62820500
v 0.53301400 0.08434240 0.61920600
v 0.52710200 0.07820770 0.61347200
v 0.49619600 0.14656300 0.59950000
v 0.53268200 0.08583070 0.61355100
v 0.52137700 0.08103760 0.61653200
v 0.48823300 0.14233800 0.60199100
v 0.51523700 0.11031800 0.61303900
v 0.52103700 0.08261810 0.61118300
v 0.56818300 0.03937000 0.64493500
v 0.54584200 0.31060200 0.34580700
v 0.53543500 0.28968500 0.34699300
v 0.53208500 0.28947500 0.33886500
v 0.43112400 0.28788800 0.39132700
v 0.42128900 0.26854600 0.38421000
v 0.41744400 0.28649500 0.39248800
v 0.53441900 0.29670200 0.33250600
v 0.45911300 0.29907500 0.38044100
v 0.46446700 0.28416400 0.38777300
v 0.53897500 0.30302900 0.34360800
v 0.53994200 0.29627400 0.35224700
v 0.53623100 0.29081300 0.34195900
v 0.41253700 0.27875400 0.39467800
v 0.41215400 0.27306300 0.39176800
v 0.51005000 0.30613100 0.35750600
v 0.52272100 0.29878200 0.33624100
v 0.52730700 0.29603100 0.35693800
v 0.54183900 0.30633600 0.33242700
v 0.54411600 0.30416200 0.35114300
v 0.42404100 0.26710600 0.39143500
v 0.42694400 0.28136900 0.39861200
v 0.52074400 0.29269100 0.34327100
v 0.41494300 0.27367300 0.38159000
v 0.45329400 0.29549600 0.36350200
v 0.45546000 0.30099800 0.37119600
v 0.52630700 0.29185300 0.35000400
v 0.49979500 0.30585400 0.35236800
v 0.52350300 0.30646200 0.33592500
v 0.51967100 0.30232200 0.36007600
v 0.53847200 0.31307300 0.34825700
v 0.42666600 0.28900900 0.38514200
v 0.54592000 0.31288100 0.33907200
v 0.42646600 0.27267200 0.39821000
v 0.41470800 0.28273900 0.38270000
v 0.53332600 0.31439100 0.34126100
v 0.10741100 0.29670200 0.33250600
v 0.11552200 0.29185300 0.35000400
v 0.09771320 0.30416200 0.35114300
v 0.09999060 0.30633600 0.33242700
v 0.18577100 0.30145300 0.37599900
v 0.14203400 0.30585400 0.35236800
v 0.22712200 0.28273900 0.38270000
v 0.21536400 0.27267200 0.39821000
v 0.11452300 0.29603100 0.35693800
v 0.10188700 0.29627400 0.35224700
v 0.10639500 0.28968500 0.34699300
v 0.13129600 0.30623700 0.35739800
v 0.10295500 0.30290800 0.34354100
v 0.12108600 0.29269100 0.34327100
v 0.10974400 0.28947500 0.33886500
v 0.22951500 0.27301900 0.39247300
v 0.09598790 0.31060200 0.34580700
v 0.21778900 0.26710600 0.39143600
v 0.10559800 0.29081300 0.34195900
v 0.21488600 0.28136900 0.39861200
v 0.22438500 0.28649500 0.39248800
v 0.22688600 0.27367300 0.38159000
v 0.22937600 0.27941900 0.39430600
v 0.17796500 0.28139200 0.38674500
v 0.17929000 0.29075700 0.38674500
v 0.18853600 0.29549600 0.36350200
v 0.12121400 0.30267100 0.35966400
v 0.11910900 0.29878200 0.33624100
v 0.11832600 0.30646200 0.33592500
v 0.21516400 0.28900900 0.38514200
v 0.10335800 0.31307300 0.34825700
v 0.22054000 0.26854600 0.38421000
v 0.10850400 0.31439100 0.34126100
v 0.09590930 0.31288100 0.33907200
v 0.21070600 0.28788800 0.39132700
v 0.29991900 0.29375100 0.72141400
v 0.33703500 0.29703000 0.71552100
v 0.29248500 0.29819700 0.71926100
v 0.29186100 0.30205800 0.71373600
v 0.29454600 0.30188700 0.72006900
v 0.30148700 0.30312800 0.71253400
v 0.34936800 0.29819000 0.71922500
v 0.29447100 0.30544000 0.71634800
v 0.30466900 0.30130700 0.71789700
v 0.29866300 0.30362400 0.70749700
v 0.29754300 0.30439700 0.71255300
v 0.29650900 0.29571400 0.72264600
v 0.34212500 0.29884800 0.71974600
v 0.33949300 0.30599900 0.71159300
v 0.34189900 0.29377700 0.72142700
v 0.34382500 0.30016700 0.72323400
v 0.34721900 0.30359700 0.70888700
v 0.34316600 0.30362400 0.70749700
v 0.34098400 0.29901200 0.72277200
v 0.34523300 0.30658300 0.71236200
v 0.33725600 0.30115200 0.71815500
v 0.34986800 0.30225600 0.71387500
v 0.34735900 0.30544000 0.71634800
v 0.30455900 0.29668900 0.71590500
v 0.34731000 0.30194400 0.72012100
v 0.34136000 0.30334200 0.71223300
v 0.29473800 0.30344000 0.70893600
v 0.33941600 0.30198500 0.70799500
v 0.34533900 0.29520800 0.72225100
v 0.30241300 0.30198500 0.70799500
v 0.29959200 0.29921400 0.72343100
v 0.29959100 0.29887300 0.71988800
v 0.30277700 0.30560600 0.71178000
v 0.29760700 0.30690900 0.71175800
v 0.34103000 0.33666400 0.64608600
v 0.33960500 0.33685200 0.64256500
v 0.34196700 0.33786400 0.64034100
v 0.34397000 0.33699000 0.63857900
v 0.32084800 0.33195900 0.66829700
v 0.34642100 0.33684700 0.64256500
v 0.32095000 0.32929900 0.67172100
v 0.31984500 0.32651400 0.67243200
v 0.31893700 0.32943900 0.67091600
v 0.31770100 0.32995300 0.66877600
v 0.31623800 0.32780500 0.66718900
v 0.31842500 0.33127700 0.66490300
v 0.31828400 0.32901300 0.66207400
v 0.32095000 0.32960700 0.66109200
v 0.32429500 0.33058300 0.66737000
v 0.32458400 0.32894500 0.66275700
v 0.32146300 0.33225500 0.66594400
v 0.32453100 0.32701600 0.67048900
v 0.32296300 0.32943900 0.67091600
v 0.30353800 0.33405100 0.64264300
v 0.29836300 0.33710600 0.64637300
v 0.30009000 0.33405000 0.64851300
v 0.29595700 0.33419700 0.64728800
v 0.30039800 0.33405300 0.63653900
v 0.29540800 0.33684700 0.64256500
v 0.29609400 0.33402400 0.63750600
v 0.29410000 0.33405100 0.64264300
v 0.29825400 0.33842000 0.64242900
v 0.29954800 0.33836000 0.64234200
v 0.29785900 0.33698900 0.63857900
v 0.34588700 0.33415700 0.64730400
v 0.34772900 0.33405100 0.64264300
v 0.30137000 0.33695300 0.63985000
v 0.34459100 0.33405300 0.63653900
v 0.34009200 0.33414600 0.63756100
v 0.33829100 0.33405100 0.64264300
v 0.30203500 0.33667200 0.64387100
v 0.34346600 0.33710600 0.64637300
v 0.34174000 0.33405400 0.64851000
v 0.30079900 0.33666500 0.64608600
v 0.34260200 0.33838400 0.64309200
v 0.34377100 0.33832000 0.64187700
v 0.38047100 0.22233000 0.36444100
v 0.36781700 0.27720000 0.37820800
v 0.39891700 0.24408200 0.32317900
v 0.36826900 0.26960500 0.34719400
v 0.39674500 0.26124700 0.32797900
v 0.37560600 0.26648300 0.37044100
v 0.36127300 0.22553000 0.35306000
v 0.38661100 0.25980700 0.31954800
v 0.38745700 0.25210400 0.31886000
v 0.37157200 0.22751900 0.38300600
v 0.34623900 0.23251700 0.36899300
v 0.34622400 0.25733100 0.36787200
v 0.39393700 0.23239500 0.37301100
v 0.38308200 0.24673200 0.38264100
v 0.34574400 0.25827700 0.34693200
v 0.35736700 0.24849400 0.38419300
v 0.36960500 0.26297300 0.35904100
v 0.34651000 0.23996700 0.34681900
v 0.40015600 0.25602100 0.31904400
v 0.40815000 0.25120000 0.32826200
v 0.39382700 0.26376600 0.32379700
v 0.39780200 0.25283100 0.36428300
v 0.35306900 0.24020300 0.38547200
v 0.36709700 0.27745200 0.36610500
v 0.35331300 0.26628800 0.35926600
v 0.36548600 0.25545400 0.38077000
v 0.34713300 0.26846100 0.37539200
v 0.35383900 0.26434000 0.38673600
v 0.35941900 0.27408600 0.38460500
v 0.35257800 0.27699500 0.36738900
v 0.24076400 0.25389500 0.31938700
v 0.27634400 0.25545400 0.38077000
v 0.29531900 0.23996700 0.34681900
v 0.24402800 0.25283100 0.36428300
v 0.27401200 0.27720000 0.37820800
v 0.23368000 0.25120000 0.32826200
v 0.28055700 0.22553000 0.35306000
v 0.29559000 0.23251700 0.36899300
v 0.24201100 0.25971900 0.32178900
v 0.25437300 0.25210400 0.31886000
v 0.28446300 0.24849400 0.38419300
v 0.25874800 0.24673200 0.38264100
v 0.27025700 0.22751900 0.38300600
v 0.26622300 0.26648300 0.37044100
v 0.24789300 0.23239500 0.37301100
v 0.29560600 0.25733100 0.36787200
v 0.29608500 0.25827700 0.34693200
v 0.26135800 0.22233000 0.36444100
v 0.24291300 0.24408200 0.32317900
v 0.24839300 0.26388900 0.32416200
v 0.28819500 0.26726200 0.35921600
v 0.28047200 0.27225500 0.38518500
v 0.25521900 0.25980700 0.31954800
v 0.29006800 0.24277400 0.38421000
v 0.28701800 0.23696700 0.38578700
v 0.29469700 0.26846100 0.37539200
v 0.27473200 0.27745200 0.36610500
v 0.27208300 0.26301100 0.35917300
v 0.28799100 0.26434000 0.38673600
v 0.28869200 0.27825900 0.37113100
v 0.31895400 0.25810700 0.23628900
v 0.33083200 0.25035000 0.27767700
v 0.31626800 0.26399800 0.23643600
v 0.33089300 0.27558200 0.27279400
v 0.31036300 0.27519400 0.27276500
v 0.31093600 0.24900500 0.27279300
v 0.32189000 0.26670500 0.23637500
v 0.32589200 0.26176900 0.23629700
v 0.30262000 0.26175800 0.27259600
v 0.33920900 0.26283200 0.27259600
v 0.33668300 0.25806800 0.24445600
v 0.30514700 0.26652000 0.24445600
v 0.31881900 0.24785900 0.24404600
v 0.33851700 0.26499600 0.25058300
v 0.32301200 0.27672700 0.24404600
v 0.30331300 0.25959200 0.25058300
v 0.32741400 0.25896900 0.28444500
v 0.33544100 0.25973800 0.27957300
v 0.33004900 0.24968700 0.24476800
v 0.33237800 0.27318300 0.24425800
v 0.31178200 0.27490000 0.24476800
v 0.30945200 0.25140300 0.24425800
v 0.33126500 0.27191300 0.27990900
v 0.31943100 0.26889500 0.28438600
v 0.31486400 0.25871300 0.28430100
v 0.30887000 0.26972200 0.27974800
v 0.30681500 0.25717900 0.27963300
v 0.31980700 0.24802800 0.27858800
v 0.31892100 0.27645000 0.27857200
v 0.09805360 0.04591360 0.02950640
v 0.11065700 0.06399960 0.05409210
v 0.10295500 0.07014820 0.04595660
v 0.11022400 0.07602370 0.06408430
v 0.10220900 0.08145430 0.05657320
v 0.10099300 0.13696400 0.09843310
v 0.10943900 0.09529280 0.07913580
v 0.10183500 0.13701300 0.11278600
v 0.09673500 0.15181300 0.12787400
v 0.11011800 0.09362190 0.07378210
v 0.10033000 0.09748660 0.06880760
v 0.11227100 0.07871680 0.06104400
v 0.10037400 0.07875010 0.05967850
v 0.10115500 0.06707200 0.04899670
v 0.11088500 0.05858260 0.03942430
v 0.09877610 0.05913020 0.03749600
v 0.10508300 0.04763800 0.02808560
v 0.09661150 0.05361520 0.02757840
v 0.10081900 0.04974890 0.02500000
v 0.10119500 0.04949000 0.03746720
v 0.09599110 0.05224750 0.03381750
v 0.11215100 0.04569900 0.03279400
v 0.11160200 0.04756590 0.03699040
v 0.10539900 0.05810030 0.02894620
v 0.10715800 0.05474730 0.04119870
v 0.10985000 0.04420520 0.03566760
v 0.10310400 0.04532690 0.03097890
v 0.10172400 0.06240790 0.03390800
v 0.10570300 0.06387780 0.03382170
v 0.10769300 0.05096050 0.03195030
v 0.10148100 0.05471730 0.04176830
v 0.10544600 0.04901640 0.03528940
v 0.10946100 0.06046370 0.03569020
v 0.10651000 0.06297880 0.05411920
v 0.10741400 0.07145360 0.04528550
v 0.10279200 0.06413440 0.05246600
v 0.11288200 0.06843260 0.04911050
v 0.10670500 0.08301440 0.05568510
v 0.10142500 0.09172070 0.07529470
v 0.09818220 0.09749140 0.07343780
v 0.11012800 0.09816250 0.06961360
v 0.10364300 0.07484630 0.06421560
v 0.11091000 0.08141390 0.05761050
v 0.10569800 0.09960690 0.06749780
v 0.10453700 0.09330250 0.07949040
v 0.09439640 0.15728000 0.12190300
v 0.09797280 0.13969200 0.11229300
v 0.10494700 0.15489000 0.12613900
v 0.11166000 0.09741350 0.07497180
v 0.09673300 0.14353000 0.11043500
v 0.10209500 0.15978900 0.12066200
v 0.61162500 0.03402150 0.32951500
v 0.60112800 0.05795190 0.34308100
v 0.58654800 0.18129500 0.33143800
v 0.58221400 0.18037300 0.32434100
v 0.57875500 0.17992100 0.32264100
v 0.60202700 0.05690100 0.33144300
v 0.59697900 0.07448430 0.34189800
v 0.58496200 0.18215300 0.32941400
v 0.59065100 0.18266900 0.32832700
v 0.58946600 0.18208000 0.31953300
v 0.58958200 0.15696200 0.33044400
v 0.59162300 0.16065800 0.31976000
v 0.60761100 0.03110370 0.33064700
v 0.60862000 0.02718850 0.33880100
v 0.58601000 0.15541900 0.32888600
v 0.59930000 0.02945630 0.33008400
v 0.59230000 0.18263600 0.32476100
v 0.60195600 0.02500000 0.32912600
v 0.59969600 0.09560190 0.33793400
v 0.60008600 0.02668710 0.33205100
v 0.59143500 0.09397130 0.32910800
v 0.60119900 0.07437440 0.34013000
v 0.59521900 0.07263770 0.33045800
v 0.60531000 0.05819690 0.34132200
v 0.60808400 0.02594010 0.33527900
v 0.59724500 0.05609310 0.33357100
v 0.61168800 0.04384370 0.34130500
v 0.60469700 0.04153040 0.33180000
v 0.60846800 0.04217340 0.34205400
v 0.61321500 0.03413340 0.34177000
v 0.60320200 0.02852490 0.32864300
v 0.57910100 0.17961000 0.32781000
v 0.60983500 0.02585860 0.33193500
v 0.61528300 0.02626460 0.33839400
v 0.61415100 0.02605480 0.33214000
v 0.59530100 0.09699940 0.32666500
v 0.61683000 0.03502660 0.33388400
v 0.59478900 0.09852330 0.34005600
v 0.60563200 0.03105260 0.33450200
v 0.60940100 0.04206900 0.33084600
v 0.58929400 0.09420210 0.33320400
v 0.60305800 0.04249510 0.34055500
v 0.61370200 0.04335750 0.33469700
v 0.58251000 0.18154800 0.32294700
v 0.60276300 0.04091200 0.33659000
v 0.59681100 0.05754720 0.34137500
v 0.60157900 0.09542470 0.33356600
v 0.59491500 0.05735090 0.33683700
v 0.60712400 0.05771330 0.33517400
v 0.59275800 0.07409930 0.33998700
v 0.60138600 0.07343140 0.33209900
v 0.59137300 0.07349630 0.33560400
v 0.60291800 0.07404270 0.33606500
v 0.59149800 0.09461200 0.33837000
v 0.59247800 0.17890700 0.32507900
v 0.59884100 0.09435990 0.32888200
v 0.58399600 0.18155200 0.31964600
v 0.05961550 0.18037300 0.32434100
v 0.06343100 0.18022600 0.32214200
v 0.06354800 0.17927300 0.32814200
v 0.04952940 0.18263600 0.32476100
v 0.02861420 0.03413300 0.34177000
v 0.06752650 0.18075200 0.32133000
v 0.03422580 0.03110200 0.33065700
v 0.02839340 0.04302040 0.33796500
v 0.03191510 0.04327250 0.34270700
v 0.03713300 0.04153040 0.33180000
v 0.03651940 0.05819690 0.34132200
v 0.03199330 0.02586020 0.33193700
v 0.04458440 0.05609310 0.33357100
v 0.03374030 0.02594230 0.33528000
v 0.04063040 0.07437440 0.34013000
v 0.04840640 0.07313300 0.33164000
v 0.05686800 0.18215300 0.32941400
v 0.05236320 0.18208000 0.31953300
v 0.05581960 0.15542000 0.32888600
v 0.05020700 0.16065800 0.31976000
v 0.05931930 0.18154800 0.32294700
v 0.04025030 0.09542470 0.33356600
v 0.05253580 0.09420210 0.33320400
v 0.04252930 0.02945630 0.33008400
v 0.03891130 0.07404270 0.33606500
v 0.05045620 0.07349630 0.33560400
v 0.04174310 0.02668710 0.33205100
v 0.04691420 0.05735090 0.33683700
v 0.03622230 0.03100990 0.33442500
v 0.03470550 0.05771330 0.33517400
v 0.03889250 0.04098670 0.33581400
v 0.02500000 0.03502620 0.33388400
v 0.03987370 0.02500000 0.32912600
v 0.03862750 0.02852490 0.32864300
v 0.02654680 0.02626460 0.33839400
v 0.03320910 0.02718850 0.33880100
v 0.06463260 0.18010700 0.31742600
v 0.02767830 0.02605480 0.33214000
v 0.06147940 0.17992100 0.31882100
v 0.06155510 0.18060000 0.31521800
v 0.03020470 0.03402150 0.32951500
v 0.03709260 0.04128730 0.34064100
v 0.05935040 0.18083000 0.31639500
v 0.05528170 0.18129500 0.33143800
v 0.02934410 0.04367760 0.33251800
v 0.03242870 0.04206900 0.33084600
v 0.04501820 0.05754720 0.34137500
v 0.04070190 0.05795190 0.34308100
v 0.06335410 0.18064500 0.31685200
v 0.03980220 0.05690100 0.33144300
v 0.04907200 0.07409930 0.33998700
v 0.04044330 0.07343140 0.33209900
v 0.04485040 0.07448430 0.34189800
v 0.04425590 0.07311230 0.33028800
v 0.06401480 0.18028600 0.31430600
v 0.06438110 0.17873100 0.31542700
v 0.05033150 0.09461200 0.33837000
v 0.04298870 0.09435990 0.32888200
v 0.05117810 0.18266900 0.32832700
v 0.05783330 0.18155200 0.31964600
v 0.04213360 0.09560190 0.33793400
v 0.04704090 0.09852330 0.34005600
v 0.04935130 0.17890700 0.32507900
v 0.05224780 0.15696200 0.33044400
v 0.04652880 0.09699910 0.32666500
v 0.05039450 0.09397130 0.32910800
v 0.54554600 0.15613300 0.13962500
v 0.53912200 0.15978100 0.13621100
v 0.54435800 0.15875200 0.13307200
v 0.54332000 0.05714730 0.02924200
v 0.54010500 0.06240790 0.03390800
v 0.53117300 0.06399960 0.05409210
v 0.53887500 0.07014820 0.04595660
v 0.53160500 0.07602370 0.06408430
v 0.53962100 0.08145430 0.05657320
v 0.54082600 0.09815060 0.06851770
v 0.54141900 0.16336900 0.13288700
v 0.54661300 0.16037600 0.12361900
v 0.54560700 0.16086900 0.12849100
v 0.54121100 0.13767800 0.09924390
v 0.53592200 0.13729400 0.11117900
v 0.53429000 0.14165800 0.11032400
v 0.54509700 0.14353100 0.11043500
v 0.53915800 0.16146800 0.13094400
v 0.54875800 0.16108200 0.12976700
v 0.54710700 0.16346600 0.13217000
v 0.53613200 0.09960690 0.06749780
v 0.53512400 0.08301440 0.05568510
v 0.53587100 0.07497600 0.06482460
v 0.53441600 0.07145360 0.04528550
v 0.53531900 0.06297880 0.05411920
v 0.53612700 0.06387780 0.03382170
v 0.53801700 0.05447000 0.04303400
v 0.53467100 0.05474700 0.04119870
v 0.54063500 0.04949000 0.03746760
v 0.54356300 0.04864110 0.02608520
v 0.52967800 0.04569900 0.03279400
v 0.53644800 0.04756720 0.02842960
v 0.53890400 0.04963930 0.02543480
v 0.54356400 0.04523190 0.02964770
v 0.54583800 0.05224750 0.03381750
v 0.53643100 0.05810030 0.02894620
v 0.54305300 0.05913020 0.03749600
v 0.53094500 0.05858260 0.03942430
v 0.53186200 0.04401930 0.03509730
v 0.54181400 0.05605880 0.04037860
v 0.53236900 0.06046340 0.03569020
v 0.54067500 0.06707200 0.04899670
v 0.52898300 0.06689910 0.05114030
v 0.53903800 0.06413410 0.05246600
v 0.53031800 0.06976100 0.04748890
v 0.53850300 0.04540550 0.03130930
v 0.53428200 0.05144610 0.03221830
v 0.54145500 0.07875010 0.05967850
v 0.52955900 0.07871680 0.06104400
v 0.53991500 0.07613590 0.06314330
v 0.53617900 0.04865590 0.03533460
v 0.53091900 0.08141420 0.05761020
v 0.54280900 0.09506750 0.07163240
v 0.53063300 0.09432400 0.07335770
v 0.52916300 0.04814870 0.03513710
v 0.54557700 0.16157200 0.13440700
v 0.54385600 0.16135700 0.12815000
v 0.54190400 0.15678300 0.13291500
v 0.54253000 0.16184200 0.12282700
v 0.55419100 0.15997000 0.13258700
v 0.54748500 0.15738400 0.13117000
v 0.53914700 0.16067500 0.12456100
v 0.53999500 0.13701400 0.11278700
v 0.54385700 0.13969300 0.11229400
v 0.54040500 0.09172070 0.07529470
v 0.55301100 0.16087200 0.12770000
v 0.53172200 0.09820130 0.06947520
v 0.53545800 0.14458900 0.10763400
v 0.55465400 0.15636300 0.13751000
v 0.55304200 0.15909300 0.13489500
v 0.53443100 0.09271800 0.07888270
v 0.55474300 0.15737200 0.13341100
v 0.55391600 0.15528900 0.13087400
v 0.55681200 0.15029700 0.13424800
v 0.54523200 0.15974900 0.14199700
v 0.55486200 0.15930900 0.14201500
v 0.55212500 0.16055100 0.13008600
v 0.55299800 0.15517900 0.13281800
v 0.55039100 0.15520200 0.13041200
v 0.55590000 0.16020100 0.13036000
v 0.53757300 0.16425400 0.13870900
v 0.55121000 0.16052000 0.13177500
v 0.54108900 0.16111400 0.12985500
v 0.21071200 0.50684400 0.97079700
v 0.21207000 0.51072300 0.97435300
v 0.21161700 0.51208100 0.97370700
v 0.20958100 0.51040000 0.96885800
v 0.21860000 0.51395600 0.96982800
v 0.21510800 0.51343900 0.97403000
v 0.21556100 0.51208100 0.97467700
v 0.21973100 0.51040000 0.97144400
v 0.21161700 0.49711400 0.95463400
v 0.20935400 0.50451600 0.95075500
v 0.22810400 0.51204900 0.95269400
v 0.23036700 0.50464600 0.95625000
v 0.21397700 0.49239400 0.94299600
v 0.21129400 0.50154200 0.93847000
v 0.23437500 0.51094900 0.94073300
v 0.23705800 0.50176900 0.94493600
v 0.21743600 0.49168300 0.93588400
v 0.21497900 0.50018500 0.93168200
v 0.23634700 0.50894500 0.93362100
v 0.23880400 0.50044300 0.93782400
v 0.22403100 0.49190900 0.92457000
v 0.22215600 0.49856800 0.92133700
v 0.23883600 0.50548600 0.92295300
v 0.24071100 0.49882700 0.92618600
v 0.22283500 0.49103600 0.92521600
v 0.22070100 0.49863300 0.92166000
v 0.23970900 0.50652100 0.92327700
v 0.24184300 0.49892400 0.92683300
v 0.22396600 0.48929000 0.91972100
v 0.22154200 0.49805100 0.91551800
v 0.24352400 0.50716700 0.91745800
v 0.24594800 0.49837400 0.92166000
v 0.23353500 0.49026000 0.90323400
v 0.23172500 0.49704900 0.89967800
v 0.24856700 0.50406400 0.90129400
v 0.25044200 0.49727500 0.90452700
v 0.23211200 0.48932300 0.90388100
v 0.23004400 0.49704900 0.90032500
v 0.24927800 0.50506600 0.90226400
v 0.25137900 0.49734000 0.90582000
v 0.23314700 0.48793300 0.89903200
v 0.23072200 0.49685500 0.89450600
v 0.25296300 0.50613300 0.89676900
v 0.25542000 0.49717800 0.90097100
v 0.24426700 0.49061600 0.88125200
v 0.24268300 0.49646700 0.87834200
v 0.25723100 0.50244700 0.87995900
v 0.25884700 0.49662900 0.88254500
v 0.24320100 0.49000200 0.88222100
v 0.24142300 0.49649900 0.87898900
v 0.25755400 0.50312600 0.88060500
v 0.25936400 0.49666100 0.88351500
v 0.24384700 0.48857900 0.87769600
v 0.24171400 0.49637000 0.87381600
v 0.26104500 0.50429000 0.87575600
v 0.26324300 0.49653200 0.87931200
v 0.25328700 0.48974300 0.85926900
v 0.25160600 0.49559400 0.85636000
v 0.26625000 0.50147800 0.85797600
v 0.26796300 0.49562600 0.86056200
v 0.25283400 0.48945200 0.85959300
v 0.25105600 0.49562600 0.85668300
v 0.26647600 0.50180100 0.85829900
v 0.26828600 0.49565900 0.86120900
v 0.25364200 0.48819100 0.85506700
v 0.25157300 0.49527100 0.85151100
v 0.26925600 0.50231800 0.85312700
v 0.27135700 0.49527100 0.85668300
v 0.26056000 0.49381600 0.83825700
v 0.25529100 0.50231800 0.84957100
v 0.26272600 0.49798600 0.83696400
v 0.27236000 0.49378400 0.84116600
v 0.26764000 0.48822400 0.85862300
v 0.27019400 0.48961400 0.84245900
v 0.25959000 0.49388100 0.83858000
v 0.26208000 0.49860100 0.83728700
v 0.27307100 0.49381600 0.84181300
v 0.27054900 0.48906400 0.84342900
v 0.25936400 0.49326700 0.83340800
v 0.26243500 0.49911800 0.83179100
v 0.27614200 0.49317000 0.83793300
v 0.27307100 0.48728600 0.83955000
v 0.26663800 0.49026000 0.81724400
v 0.26877100 0.49430100 0.81627400
v 0.27840500 0.49016300 0.82047700
v 0.27630300 0.48612200 0.82177000
v 0.26618500 0.49029300 0.81756700
v 0.26841600 0.49462400 0.81627400
v 0.27876000 0.49019600 0.82080000
v 0.27649700 0.48586400 0.82209300
v 0.26553900 0.48935500 0.81207200
v 0.26848000 0.49501200 0.81045500
v 0.28205800 0.48922600 0.81659800
v 0.27908400 0.48356800 0.81821400
v 0.27352300 0.48524900 0.79784800
v 0.27488100 0.48780300 0.79720100
v 0.28112000 0.48518500 0.79978800
v 0.27976200 0.48259900 0.80075700
v 0.27287700 0.48531400 0.79784800
v 0.27442900 0.48828800 0.79720100
v 0.28167000 0.48524900 0.80043400
v 0.28008600 0.48224300 0.80108100
v 0.27084000 0.48440900 0.79332200
v 0.27342600 0.48935500 0.79202900
v 0.28554900 0.48428000 0.79720100
v 0.28293100 0.47930100 0.79881800
v 0.27698200 0.47994800 0.78071500
v 0.27846900 0.48279300 0.77974500
v 0.28538700 0.47988300 0.78297800
v 0.28390000 0.47703800 0.78362400
v 0.27604500 0.47998000 0.78071500
v 0.27785500 0.48343900 0.77974500
v 0.28626000 0.47991600 0.78330100
v 0.28445000 0.47642400 0.78427100
v 0.27552800 0.47901000 0.77748200
v 0.27775800 0.48327800 0.77618900
v 0.28807000 0.47891300 0.78071500
v 0.28584000 0.47467900 0.78200800
v 0.28115300 0.47412900 0.76422800
v 0.28251000 0.47674700 0.76325800
v 0.28884600 0.47409700 0.76616700
v 0.28745600 0.47147800 0.76681400
v 0.28044100 0.47429100 0.76422800
v 0.28202500 0.47729700 0.76358100
v 0.28937300 0.47422600 0.76681400
v 0.28778000 0.47118700 0.76746100
v 0.27956800 0.47338500 0.76164200
v 0.28170200 0.47739400 0.76034900
v 0.29141000 0.47332100 0.76455100
v 0.28928300 0.46928000 0.76584400
v 0.28367400 0.46911800 0.75032700
v 0.28532300 0.47225400 0.74935700
v 0.29286800 0.46911800 0.75291300
v 0.29120900 0.46598300 0.75356000
v 0.28309200 0.46928000 0.75065000
v 0.28493500 0.47273900 0.74968100
v 0.29326500 0.46924800 0.75323700
v 0.29143300 0.46575600 0.75420600
v 0.28506400 0.47231900 0.74644800
v 0.28866500 0.47416100 0.75000400
v 0.28947400 0.47400000 0.74677100
v 0.29275500 0.46404300 0.75194400
v 0.28768300 0.46433400 0.75388300
v 0.28832900 0.46236200 0.75162000
v 0.29424200 0.46575600 0.72899100
v 0.29356600 0.47228600 0.74871100
v 0.29744900 0.46443100 0.73028400
v 0.29341400 0.45660800 0.73254700
v 0.28422400 0.46407500 0.74968100
v 0.29020700 0.45793300 0.73125400
v 0.29885200 0.46485100 0.72866800
v 0.29366600 0.45476500 0.73157800
v 0.28953200 0.45651100 0.72996100
v 0.29433900 0.45379500 0.72931500
v 0.29020100 0.45550900 0.72737500
v 0.42665600 0.51544300 0.96821100
v 0.42804700 0.51402100 0.97338400
v 0.42950100 0.51343900 0.97338400
v 0.43040600 0.51395600 0.96788800
v 0.42769100 0.50538900 0.97209100
v 0.42843400 0.51014100 0.97500000
v 0.42701200 0.51072300 0.97500000
v 0.42394100 0.50684400 0.97241400
v 0.42080500 0.51508700 0.94946200
v 0.42856400 0.51198400 0.94881500
v 0.42316500 0.49407500 0.95754300
v 0.41537400 0.49721100 0.95819000
v 0.41611800 0.51466700 0.93685400
v 0.42568700 0.51078800 0.93588400
v 0.41922100 0.48867600 0.94687600
v 0.40965200 0.49255500 0.94752200
v 0.41346700 0.51240400 0.93038900
v 0.42232500 0.50875100 0.92941900
v 0.41644100 0.48822400 0.93944000
v 0.40758400 0.49184400 0.94008700
v 0.40920000 0.50816900 0.92036700
v 0.41611800 0.50529200 0.91972100
v 0.41162400 0.48922600 0.92747900
v 0.40470600 0.49207000 0.92812600
v 0.40920000 0.50955900 0.92036700
v 0.41708800 0.50629400 0.91939800
v 0.41194800 0.48796500 0.92844900
v 0.40406000 0.49123000 0.92909600
v 0.40648400 0.51072300 0.91390200
v 0.41556800 0.50694100 0.91325500
v 0.40971700 0.48573400 0.92327700
v 0.40060100 0.48948400 0.92424700
v 0.39950200 0.50677900 0.89870800
v 0.40648400 0.50387000 0.89806200
v 0.40205600 0.48751200 0.90582000
v 0.39504100 0.49042200 0.90646700
v 0.39969600 0.50816900 0.89903200
v 0.40768000 0.50487200 0.89838500
v 0.40260500 0.48621900 0.90711300
v 0.39462000 0.48954900 0.90776000
v 0.39711000 0.50972100 0.89321300
v 0.40632300 0.50590600 0.89224300
v 0.40047200 0.48431200 0.90258700
v 0.39122600 0.48815900 0.90355700
v 0.39003000 0.50484000 0.87737200
v 0.39604300 0.50235100 0.87704900
v 0.39216400 0.48825600 0.88383800
v 0.38611800 0.49074500 0.88416100
v 0.39025600 0.50577700 0.87801900
v 0.39694800 0.50302900 0.87737200
v 0.39264800 0.48735100 0.88480800
v 0.38595700 0.49013100 0.88545400
v 0.38799300 0.50745800 0.87252300
v 0.39597800 0.50416100 0.87187700
v 0.39080600 0.48537900 0.88060500
v 0.38275600 0.48870800 0.88157500
v 0.38107500 0.50390200 0.85539000
v 0.38715300 0.50147800 0.85506700
v 0.38304700 0.48731800 0.86185500
v 0.37697000 0.48974300 0.86217900
v 0.38114000 0.50435500 0.85571300
v 0.38754100 0.50180100 0.85506700
v 0.38324100 0.48686600 0.86217900
v 0.37680800 0.48945200 0.86282500
v 0.37923300 0.50522800 0.85021800
v 0.38653900 0.50231800 0.84957100
v 0.38156000 0.48528200 0.85797600
v 0.37419000 0.48822400 0.85862300
v 0.37076300 0.49792200 0.83922600
v 0.37257300 0.50231800 0.85312700
v 0.37473900 0.49966700 0.83761000
v 0.38000900 0.48964600 0.84019600
v 0.38818700 0.48819100 0.85506700
v 0.37600000 0.48790000 0.84213600
v 0.37024600 0.49856800 0.83955000
v 0.37480400 0.50054000 0.83761000
v 0.38078400 0.48912900 0.84084300
v 0.37625900 0.48712400 0.84278200
v 0.36753000 0.49905300 0.83502400
v 0.37322000 0.50151000 0.83243800
v 0.38065500 0.48735100 0.83631700
v 0.37496600 0.48486200 0.83890300
v 0.36475000 0.49423600 0.81853700
v 0.36875900 0.49595000 0.81659800
v 0.37386600 0.48618700 0.81950700
v 0.36985800 0.48444100 0.82112300
v 0.36449200 0.49456000 0.81853700
v 0.36879100 0.49640200 0.81659800
v 0.37422200 0.48592800 0.81983000
v 0.36995500 0.48408600 0.82177000
v 0.36167900 0.49491500 0.81368800
v 0.36730400 0.49730700 0.81110200
v 0.37441600 0.48366500 0.81498100
v 0.36882300 0.48124100 0.81756700
v 0.36161400 0.48777100 0.79849400
v 0.36416800 0.48887000 0.79752500
v 0.36743300 0.48266300 0.79914100
v 0.36484700 0.48156400 0.80043400
v 0.36119400 0.48825600 0.79881800
v 0.36420100 0.48951700 0.79752500
v 0.36795100 0.48230800 0.79946400
v 0.36497600 0.48101500 0.80075700
v 0.35799400 0.48925800 0.79461500
v 0.36300500 0.49139200 0.79267600
v 0.36930800 0.47939800 0.79590800
v 0.36429800 0.47726500 0.79817100
v 0.35741200 0.48272800 0.78136100
v 0.36028900 0.48392400 0.78006800
v 0.36387700 0.47707100 0.78233100
v 0.36103300 0.47587500 0.78330100
v 0.35673300 0.48337500 0.78136100
v 0.36022400 0.48486200 0.78006800
v 0.36462100 0.47648900 0.78233100
v 0.36113000 0.47503400 0.78394700
v 0.35518100 0.48318100 0.77845200
v 0.35948100 0.48499100 0.77651200
v 0.36488000 0.47474300 0.77974500
v 0.36061200 0.47293300 0.78136100
v 0.35385600 0.47671500 0.76487400
v 0.35647400 0.47781400 0.76358100
v 0.35980400 0.47151100 0.76552100
v 0.35718600 0.47041100 0.76681400
v 0.35346800 0.47726500 0.76519800
v 0.35650700 0.47855800 0.76390500
v 0.36038600 0.47122000 0.76584400
v 0.35734700 0.46995900 0.76713700
v 0.35176800 0.47732900 0.76261100
v 0.35579600 0.47904300 0.76067200
v 0.36090300 0.46934500 0.76358100
v 0.35689500 0.46763100 0.76519800
v 0.34999900 0.47225400 0.75129700
v 0.35312200 0.47354700 0.75000400
v 0.35712100 0.46598300 0.75194400
v 0.35398500 0.46469000 0.75356000
v 0.34971200 0.47270700 0.75162000
v 0.35316400 0.47416100 0.75000400
v 0.35757400 0.46578900 0.75226700
v 0.35414700 0.46433400 0.75388300
v 0.34690900 0.46818100 0.75065000
v 0.34856400 0.46924800 0.75323700
v 0.34826300 0.47228600 0.74871100
v 0.35896400 0.46821300 0.74741800
v 0.35873700 0.46928000 0.75065000
v 0.35760600 0.46407500 0.74968100
v 0.34496600 0.45793300 0.73287100
v 0.34907500 0.46404300 0.75194400
v 0.34329500 0.46119800 0.73190100
v 0.35103700 0.46443100 0.72866800
v 0.35676500 0.47231900 0.74644800
v 0.35271200 0.46119800 0.72931500
v 0.34372500 0.45651100 0.73222400
v 0.34157800 0.46068100 0.73093100
v 0.35369400 0.46068100 0.72769800
v 0.34305600 0.45550900 0.72963800
v 0.34091600 0.45967900 0.72834500
v 0.34749100 0.45379500 0.72931500
v 0.34816300 0.45476500 0.73157800
v 0.34841500 0.45660800 0.73254700
v 0.34758800 0.46575600 0.72899100
v 0.35350000 0.46236200 0.75162000
v 0.35235600 0.47400000 0.74677100
v 0.35039700 0.46575600 0.75420600
v 0.35689500 0.47273900 0.74968100
v 0.34896200 0.46911800 0.75291300
v 0.35815500 0.46911800 0.75032700
v 0.35042000 0.47332100 0.76455100
v 0.36226100 0.47338500 0.76164200
v 0.35245600 0.47422600 0.76681400
v 0.36138800 0.47429100 0.76422800
v 0.35298300 0.47409700 0.76616700
v 0.36067700 0.47412900 0.76422800
v 0.35375900 0.47891300 0.78071500
v 0.36630200 0.47901000 0.77748200
v 0.35556900 0.47991600 0.78330100
v 0.36578500 0.47998000 0.78071500
v 0.35644200 0.47988300 0.78297800
v 0.36484700 0.47994800 0.78071500
v 0.35628100 0.48428000 0.79720100
v 0.37098900 0.48440900 0.79332200
v 0.36016000 0.48524900 0.80043400
v 0.36895300 0.48531400 0.79784800
v 0.36070900 0.48518500 0.79978800
v 0.36830600 0.48524900 0.79784800
v 0.35977200 0.48922600 0.81659800
v 0.37629100 0.48935500 0.81207200
v 0.36306900 0.49019600 0.82080000
v 0.37564400 0.49029300 0.81756700
v 0.36342500 0.49016300 0.82047700
v 0.37519200 0.49026000 0.81724400
v 0.36568800 0.49317000 0.83793300
v 0.38246500 0.49326700 0.83340800
v 0.36875900 0.49381600 0.84181300
v 0.38223900 0.49388100 0.83858000
v 0.36947000 0.49378400 0.84116600
v 0.38126900 0.49381600 0.83825700
v 0.37047200 0.49527100 0.85668300
v 0.39025600 0.49527100 0.85151100
v 0.37535300 0.50180100 0.85829900
v 0.38899500 0.48945200 0.85959300
v 0.37558000 0.50147800 0.85797600
v 0.38854300 0.48974300 0.85926900
v 0.38078400 0.50429000 0.87575600
v 0.39798200 0.48857900 0.87769600
v 0.38427600 0.50312600 0.88060500
v 0.39862900 0.49000200 0.88222100
v 0.38459900 0.50244700 0.87995900
v 0.39756200 0.49061600 0.88125200
v 0.38886600 0.50613300 0.89676900
v 0.40868300 0.48793300 0.89903200
v 0.39255100 0.50506600 0.90226400
v 0.40971700 0.48932300 0.90388100
v 0.39326300 0.50406400 0.90129400
v 0.40829500 0.49026000 0.90323400
v 0.39830600 0.50716700 0.91745800
v 0.41786400 0.48929000 0.91972100
v 0.40212000 0.50652100 0.92327700
v 0.41899500 0.49103600 0.92521600
v 0.40299300 0.50548600 0.92295300
v 0.41779900 0.49190900 0.92457000
v 0.40548200 0.50894500 0.93362100
v 0.42439400 0.49168300 0.93588400
v 0.40745400 0.51094900 0.94073300
v 0.42785300 0.49239400 0.94299600
v 0.41372600 0.51204900 0.95269400
v 0.43021200 0.49711400 0.95463400
v 0.42323000 0.51395600 0.96982800
v 0.43111800 0.50684400 0.97079700
v 0.42672100 0.51343900 0.97403000
v 0.42976000 0.51072300 0.97435300
v 0.21378300 0.51402100 0.97338400
v 0.21232800 0.51343900 0.97338400
v 0.21339500 0.51014100 0.97500000
v 0.21481700 0.51072300 0.97500000
v 0.30091400 0.45967900 0.72834500
v 0.28813500 0.46068100 0.72769800
v 0.30025100 0.46068100 0.73093100
v 0.28911800 0.46119800 0.72931500
v 0.29853500 0.46119800 0.73190100
v 0.28286600 0.46821300 0.74741800
v 0.29492100 0.46818100 0.75065000
v 0.28425600 0.46578900 0.75226700
v 0.29211800 0.47270700 0.75162000
v 0.28784400 0.46469000 0.75356000
v 0.28870700 0.47354700 0.75000400
v 0.28493500 0.46763100 0.76519800
v 0.28603400 0.47904300 0.76067200
v 0.28448200 0.46995900 0.76713700
v 0.28532300 0.47855800 0.76390500
v 0.28464400 0.47041100 0.76681400
v 0.28535500 0.47781400 0.76358100
v 0.28121700 0.47293300 0.78136100
v 0.28234900 0.48499100 0.77651200
v 0.28070000 0.47503400 0.78394700
v 0.28160500 0.48486200 0.78006800
v 0.28079700 0.47587500 0.78330100
v 0.28154000 0.48392400 0.78006800
v 0.27753200 0.47726500 0.79817100
v 0.27882500 0.49139200 0.79267600
v 0.27685300 0.48101500 0.80075700
v 0.27762900 0.48951700 0.79752500
v 0.27698200 0.48156400 0.80043400
v 0.27766100 0.48887000 0.79752500
v 0.27300600 0.48124100 0.81756700
v 0.27452500 0.49730700 0.81110200
v 0.27187500 0.48408600 0.82177000
v 0.27303800 0.49640200 0.81659800
v 0.27197200 0.48444100 0.82112300
v 0.27307100 0.49595000 0.81659800
v 0.26686400 0.48486200 0.83890300
v 0.26861000 0.50151000 0.83243800
v 0.26557100 0.48712400 0.84278200
v 0.26702600 0.50054000 0.83761000
v 0.26583000 0.48790000 0.84213600
v 0.26709000 0.49966700 0.83761000
v 0.26026900 0.48528200 0.85797600
v 0.26259700 0.50522800 0.85021800
v 0.26502100 0.48945200 0.86282500
v 0.25428900 0.50180100 0.85506700
v 0.26486000 0.48974300 0.86217900
v 0.25467700 0.50147800 0.85506700
v 0.25907300 0.48870800 0.88157500
v 0.24585100 0.50416100 0.87187700
v 0.25587300 0.49013100 0.88545400
v 0.24488200 0.50302900 0.87737200
v 0.25571100 0.49074500 0.88416100
v 0.24578700 0.50235100 0.87704900
v 0.25060300 0.48815900 0.90355700
v 0.23550700 0.50590600 0.89224300
v 0.24720900 0.48954900 0.90776000
v 0.23414900 0.50487200 0.89838500
v 0.24678900 0.49042200 0.90646700
v 0.23534500 0.50387000 0.89806200
v 0.24122900 0.48948400 0.92424700
v 0.22626100 0.50694100 0.91325500
v 0.23777000 0.49123000 0.92909600
v 0.22474200 0.50629400 0.91939800
v 0.23712300 0.49207000 0.92812600
v 0.22571200 0.50529200 0.91972100
v 0.23424600 0.49184400 0.94008700
v 0.21950500 0.50875100 0.92941900
v 0.23217700 0.49255500 0.94752200
v 0.21614300 0.51078800 0.93588400
v 0.22645500 0.49721100 0.95819000
v 0.21326600 0.51198400 0.94881500
v 0.21788900 0.50684400 0.97241400
v 0.21142300 0.51395600 0.96788800
v 0.21413900 0.50538900 0.97209100
v 0.21517300 0.51544300 0.96821100
v 0.21866400 0.49407500 0.95754300
v 0.22102400 0.51508700 0.94946200
v 0.22260800 0.48867600 0.94687600
v 0.22571200 0.51466700 0.93685400
v 0.22538800 0.48822400 0.93944000
v 0.22836300 0.51240400 0.93038900
v 0.23020500 0.48922600 0.92747900
v 0.23263000 0.50816900 0.92036700
v 0.22988200 0.48796500 0.92844900
v 0.23263000 0.50955900 0.92036700
v 0.23211200 0.48573400 0.92327700
v 0.23534500 0.51072300 0.91390200
v 0.23977400 0.48751200 0.90582000
v 0.24232800 0.50677900 0.89870800
v 0.23922400 0.48621900 0.90711300
v 0.24213400 0.50816900 0.89903200
v 0.24135800 0.48431200 0.90258700
v 0.24472000 0.50972100 0.89321300
v 0.24966600 0.48825600 0.88383800
v 0.25180000 0.50484000 0.87737200
v 0.24918100 0.48735100 0.88480800
v 0.25157300 0.50577700 0.87801900
v 0.25102400 0.48537900 0.88060500
v 0.25383600 0.50745800 0.87252300
v 0.25878200 0.48731800 0.86185500
v 0.26075400 0.50390200 0.85539000
v 0.25858800 0.48686600 0.86217900
v 0.26069000 0.50435500 0.85571300
v 0.26182100 0.48964600 0.84019600
v 0.27106600 0.49792200 0.83922600
v 0.26104500 0.48912900 0.84084300
v 0.27158400 0.49856800 0.83955000
v 0.26117400 0.48735100 0.83631700
v 0.27429900 0.49905300 0.83502400
v 0.26796300 0.48618700 0.81950700
v 0.27707900 0.49423600 0.81853700
v 0.26760800 0.48592800 0.81983000
v 0.27733800 0.49456000 0.81853700
v 0.26741400 0.48366500 0.81498100
v 0.28015000 0.49491500 0.81368800
v 0.27439600 0.48266300 0.79914100
v 0.28021500 0.48777100 0.79849400
v 0.27387900 0.48230800 0.79946400
v 0.28063500 0.48825600 0.79881800
v 0.27252100 0.47939800 0.79590800
v 0.28383600 0.48925800 0.79461500
v 0.27795200 0.47707100 0.78233100
v 0.28441800 0.48272800 0.78136100
v 0.27720900 0.47648900 0.78233100
v 0.28509600 0.48337500 0.78136100
v 0.27695000 0.47474300 0.77974500
v 0.28664800 0.48318100 0.77845200
v 0.28202500 0.47151100 0.76552100
v 0.28797400 0.47671500 0.76487400
v 0.28144300 0.47122000 0.76584400
v 0.28836100 0.47726500 0.76519800
v 0.28092600 0.46934500 0.76358100
v 0.29006200 0.47732900 0.76261100
v 0.28470800 0.46598300 0.75194400
v 0.29183000 0.47225400 0.75129700
v 0.29079200 0.46443100 0.72866800
v 0.29686300 0.45793300 0.73287100
v 0.29810500 0.45651100 0.73222400
v 0.29877400 0.45550900 0.72963800
v 0.43021200 0.51208100 0.97370700
v 0.43224900 0.51040000 0.96885800
v 0.42626900 0.51208100 0.97467700
v 0.42209800 0.51040000 0.97144400
v 0.43247500 0.50451600 0.95075500
v 0.41146300 0.50464600 0.95625000
v 0.43053600 0.50154200 0.93847000
v 0.40477100 0.50176900 0.94493600
v 0.42685000 0.50018500 0.93168200
v 0.40302500 0.50044300 0.93782400
v 0.41967400 0.49856800 0.92133700
v 0.40111800 0.49882700 0.92618600
v 0.42112900 0.49863300 0.92166000
v 0.39998700 0.49892400 0.92683300
v 0.42028800 0.49805100 0.91551800
v 0.39588100 0.49837400 0.92166000
v 0.41010500 0.49704900 0.89967800
v 0.39138800 0.49727500 0.90452700
v 0.41178600 0.49704900 0.90032500
v 0.39045000 0.49734000 0.90582000
v 0.41110700 0.49685500 0.89450600
v 0.38640900 0.49717800 0.90097100
v 0.39914600 0.49646700 0.87834200
v 0.38298300 0.49662900 0.88254500
v 0.40040700 0.49649900 0.87898900
v 0.38246500 0.49666100 0.88351500
v 0.40011600 0.49637000 0.87381600
v 0.37858600 0.49653200 0.87931200
v 0.39022400 0.49559400 0.85636000
v 0.37386600 0.49562600 0.86056200
v 0.39077300 0.49562600 0.85668300
v 0.37354300 0.49565900 0.86120900
v 0.37910300 0.49798600 0.83696400
v 0.37163600 0.48961400 0.84245900
v 0.37975000 0.49860100 0.83728700
v 0.37128000 0.48906400 0.84342900
v 0.37939400 0.49911800 0.83179100
v 0.36875900 0.48728600 0.83955000
v 0.37305800 0.49430100 0.81627400
v 0.36552600 0.48612200 0.82177000
v 0.37341400 0.49462400 0.81627400
v 0.36533200 0.48586400 0.82209300
v 0.37334900 0.49501200 0.81045500
v 0.36274600 0.48356800 0.81821400
v 0.36694800 0.48780300 0.79720100
v 0.36206700 0.48259900 0.80075700
v 0.36740100 0.48828800 0.79720100
v 0.36174400 0.48224300 0.80108100
v 0.36840300 0.48935500 0.79202900
v 0.35889900 0.47930100 0.79881800
v 0.36336000 0.48279300 0.77974500
v 0.35792900 0.47703800 0.78362400
v 0.36397400 0.48343900 0.77974500
v 0.35738000 0.47642400 0.78427100
v 0.36407100 0.48327800 0.77618900
v 0.35599000 0.47467900 0.78200800
v 0.35931900 0.47674700 0.76325800
v 0.35437300 0.47147800 0.76681400
v 0.35980400 0.47729700 0.76358100
v 0.35405000 0.47118700 0.76746100
v 0.36012700 0.47739400 0.76034900
v 0.35254700 0.46928000 0.76584400
v 0.35650700 0.47225400 0.74935700
v 0.35062000 0.46598300 0.75356000
v 0.34438100 0.46443100 0.73028400
v 0.35162200 0.45793300 0.73125400
v 0.34297800 0.46485100 0.72866800
v 0.35229800 0.45651100 0.72996100
v 0.35162900 0.45550900 0.72737500
f 166 1 98
f 166 98 95
f 214 11 6
f 164 11 12
f 177 164 12
f 177 12 237
f 131 20 159
f 22 157 191
f 25 29 27
f 161 209 159
f 193 198 40
f 137 192 42
f 192 137 27
f 14 196 189
f 13 217 153
f 13 14 152
f 152 14 150
f 156 189 149
f 156 149 155
f 48 153 191
f 191 153 195
f 83 151 25
f 151 83 198
f 148 74 147
f 147 74 158
f 199 15 74
f 15 199 69
f 33 154 74
f 125 199 21
f 78 79 186
f 84 9 113
f 158 145 172
f 84 52 36
f 84 113 145
f 28 134 197
f 15 212 168
f 57 142 141
f 141 139 143
f 140 218 56
f 186 140 139
f 197 83 28
f 45 198 9
f 87 95 90
f 119 131 209
f 98 90 95
f 90 98 96
f 124 125 211
f 10 128 119
f 162 203 190
f 190 203 202
f 8 207 104
f 17 133 200
f 108 7 24
f 142 212 141
f 24 7 135
f 123 120 133
f 7 122 135
f 7 211 21
f 8 126 18
f 145 158 52
f 8 18 118
f 206 129 223
f 122 21 148
f 144 23 117
f 144 117 118
f 158 132 26
f 132 158 172
f 4 19 116
f 26 111 147
f 111 5 4
f 182 220 184
f 111 4 116
f 214 223 165
f 223 214 205
f 104 101 87
f 218 195 56
f 221 263 63
f 63 263 244
f 204 58 97
f 208 174 93
f 102 20 230
f 194 256 180
f 231 10 159
f 176 232 67
f 64 61 208
f 82 208 93
f 82 93 173
f 184 100 234
f 81 213 80
f 182 184 236
f 171 130 226
f 188 223 239
f 67 225 81
f 82 70 34
f 82 34 31
f 248 250 224
f 146 59 88
f 73 32 175
f 246 38 249
f 228 201 229
f 227 92 75
f 220 182 77
f 267 265 257
f 188 239 232
f 77 34 220
f 235 230 203
f 54 262 245
f 230 235 92
f 234 92 235
f 92 234 91
f 250 263 170
f 66 136 137
f 254 255 264
f 224 240 241
f 224 241 65
f 247 224 65
f 244 251 63
f 266 243 258
f 265 259 169
f 244 194 249
f 258 238 266
f 246 219 89
f 59 146 10
f 55 38 37
f 243 49 50
f 262 47 255
f 253 47 50
f 170 46 43
f 264 53 170
f 248 256 263
f 46 170 39
f 41 253 49
f 43 3 41
f 266 257 243
f 243 257 260
f 264 255 39
f 245 262 242
f 255 254 262
f 44 43 41
f 44 41 51
f 54 47 262
f 243 51 49
f 51 243 260
f 238 258 242
f 62 63 252
f 251 249 38
f 39 53 264
f 262 99 242
f 55 58 252
f 55 251 38
f 59 229 219
f 59 261 86
f 222 249 261
f 241 240 79
f 30 215 35
f 215 30 213
f 86 65 88
f 177 185 236
f 233 234 235
f 65 86 247
f 77 179 176
f 250 169 240
f 179 77 182
f 250 240 224
f 228 20 102
f 243 245 258
f 238 136 66
f 136 238 35
f 30 242 99
f 237 185 177
f 231 59 10
f 226 215 225
f 233 203 16
f 203 233 235
f 178 71 100
f 86 194 180
f 228 227 75
f 178 32 73
f 178 73 71
f 231 228 229
f 173 70 82
f 254 221 63
f 176 67 81
f 176 81 80
f 239 223 171
f 239 171 226
f 97 58 73
f 215 213 81
f 215 81 225
f 31 208 82
f 131 230 20
f 97 175 94
f 200 106 103
f 204 252 58
f 94 204 97
f 165 223 188
f 188 179 185
f 265 169 250
f 45 9 84
f 147 111 116
f 230 131 109
f 230 109 108
f 142 33 168
f 113 144 210
f 210 144 118
f 210 118 18
f 131 119 110
f 129 134 130
f 119 128 163
f 148 147 183
f 148 183 122
f 202 203 230
f 230 108 202
f 171 223 129
f 207 8 118
f 90 103 87
f 87 205 214
f 207 118 117
f 121 120 19
f 19 120 123
f 143 140 57
f 140 56 57
f 72 146 112
f 21 122 7
f 69 199 68
f 68 124 216
f 110 211 7
f 108 127 7
f 103 106 8
f 106 133 120
f 101 104 207
f 202 108 96
f 96 108 24
f 96 17 90
f 152 193 36
f 137 136 138
f 36 193 40
f 195 217 56
f 197 134 23
f 216 128 72
f 124 68 125
f 10 146 128
f 199 148 21
f 199 74 148
f 152 36 52
f 149 48 25
f 25 48 29
f 218 191 195
f 150 151 193
f 29 48 191
f 189 13 153
f 189 153 48
f 14 189 156
f 6 11 166
f 196 14 13
f 57 56 33
f 33 56 154
f 233 167 164
f 11 1 166
f 233 164 177
f 12 11 165
f 167 16 2
f 12 165 237
f 6 166 95
f 25 138 60
f 6 95 214
f 29 191 192
f 167 2 164
f 190 2 162
f 151 198 193
f 165 11 214
f 16 167 233
f 217 52 154
f 160 161 10
f 22 42 157
f 157 42 192
f 150 155 151
f 153 217 195
f 83 25 60
f 152 150 193
f 151 155 25
f 147 158 26
f 128 216 124
f 69 68 216
f 9 144 113
f 199 125 68
f 134 28 130
f 139 78 186
f 27 137 138
f 28 83 60
f 104 87 103
f 96 24 17
f 106 126 8
f 200 133 106
f 24 135 17
f 90 200 103
f 101 223 205
f 90 17 200
f 223 101 206
f 135 122 183
f 123 183 19
f 126 120 114
f 126 114 18
f 207 206 101
f 119 211 110
f 160 10 119
f 129 206 115
f 210 132 145
f 125 21 211
f 23 134 115
f 69 216 15
f 23 115 117
f 132 210 114
f 132 114 121
f 141 212 72
f 145 52 84
f 5 121 4
f 87 101 205
f 121 5 132
f 158 154 52
f 154 158 74
f 127 107 110
f 147 116 183
f 108 107 127
f 187 22 218
f 259 79 240
f 79 259 42
f 105 228 102
f 178 184 220
f 61 254 181
f 62 204 93
f 254 63 181
f 94 175 173
f 175 97 73
f 208 61 174
f 80 213 64
f 194 86 249
f 80 64 85
f 37 76 55
f 225 67 239
f 31 34 77
f 226 130 215
f 31 77 85
f 201 228 75
f 201 75 37
f 71 76 75
f 159 20 231
f 178 70 32
f 91 75 92
f 75 91 71
f 70 220 34
f 16 203 162
f 177 234 233
f 177 236 234
f 165 188 237
f 237 188 185
f 99 262 61
f 35 242 30
f 242 35 238
f 66 266 238
f 65 78 112
f 65 112 88
f 180 248 247
f 241 79 78
f 244 263 256
f 86 88 59
f 261 249 86
f 174 61 181
f 246 249 222
f 180 247 86
f 256 248 180
f 35 215 136
f 136 215 130
f 99 213 30
f 213 99 64
f 263 221 264
f 174 181 62
f 37 38 89
f 37 89 201
f 250 170 265
f 62 93 174
f 263 250 248
f 263 264 170
f 50 245 243
f 255 47 39
f 265 170 44
f 54 50 47
f 53 39 170
f 47 253 46
f 260 257 265
f 3 43 46
f 259 267 42
f 264 221 254
f 42 267 257
f 42 257 137
f 265 267 259
f 137 257 266
f 3 46 253
f 3 253 41
f 170 43 44
f 46 39 47
f 49 253 50
f 260 44 51
f 44 260 265
f 49 51 41
f 61 262 254
f 245 50 54
f 258 245 242
f 11 2 1
f 252 251 55
f 251 252 63
f 229 201 89
f 261 219 246
f 246 89 38
f 88 112 146
f 229 89 219
f 219 261 59
f 248 224 247
f 246 222 261
f 249 251 244
f 63 62 181
f 61 64 99
f 194 244 256
f 78 65 241
f 266 66 137
f 234 236 184
f 185 179 236
f 236 179 182
f 91 234 100
f 179 232 176
f 159 209 131
f 178 220 70
f 232 179 188
f 100 71 91
f 92 102 230
f 232 239 67
f 76 71 73
f 228 231 20
f 76 37 75
f 175 70 173
f 70 175 32
f 85 77 176
f 85 176 80
f 239 226 225
f 73 58 55
f 73 55 76
f 229 59 231
f 85 64 208
f 85 208 31
f 94 173 93
f 204 62 252
f 169 259 240
f 116 19 183
f 204 94 93
f 100 184 178
f 102 92 105
f 105 227 228
f 105 92 227
f 187 79 22
f 22 79 42
f 110 107 109
f 107 108 109
f 111 26 5
f 15 216 212
f 19 4 121
f 142 168 212
f 5 26 132
f 141 72 112
f 145 113 210
f 129 130 171
f 210 18 114
f 163 124 211
f 115 134 129
f 115 206 207
f 209 160 119
f 115 207 117
f 109 131 110
f 120 121 114
f 103 8 104
f 163 211 119
f 183 123 133
f 98 202 96
f 183 133 135
f 36 40 84
f 127 110 7
f 17 135 133
f 79 187 186
f 187 218 140
f 74 168 33
f 72 212 216
f 106 120 126
f 190 202 98
f 87 214 95
f 198 83 197
f 198 197 9
f 138 136 60
f 60 136 28
f 186 187 140
f 192 191 157
f 143 139 140
f 112 78 139
f 84 40 45
f 112 139 141
f 189 48 149
f 45 40 198
f 143 57 141
f 217 154 56
f 57 33 142
f 136 130 28
f 197 23 9
f 9 23 144
f 146 72 128
f 15 168 74
f 27 138 25
f 218 22 191
f 163 128 124
f 132 172 145
f 152 52 217
f 164 2 11
f 155 149 25
f 14 156 150
f 2 190 1
f 150 156 155
f 217 13 152
f 1 190 98
f 196 13 189
f 29 192 27
f 10 161 159
f 209 161 160
f 162 2 16
f 367 390 275
f 403 271 440
f 406 293 283
f 277 278 279
f 387 382 315
f 410 268 276
f 450 408 437
f 440 433 388
f 445 315 393
f 467 293 294
f 388 433 396
f 446 429 301
f 408 450 429
f 294 334 467
f 446 273 429
f 307 273 403
f 315 307 439
f 380 341 441
f 423 386 314
f 296 380 353
f 381 353 295
f 382 453 349
f 299 305 291
f 300 306 290
f 287 288 310
f 286 292 304
f 286 304 311
f 285 291 305
f 285 305 309
f 290 306 284
f 405 451 383
f 289 308 313
f 341 380 296
f 289 313 282
f 281 287 310
f 373 295 353
f 285 309 400
f 384 406 359
f 349 347 393
f 347 296 370
f 281 310 457
f 404 311 407
f 311 404 286
f 400 430 285
f 458 282 449
f 359 314 384
f 449 282 313
f 364 366 383
f 455 405 386
f 456 397 451
f 390 391 392
f 397 456 457
f 457 456 407
f 303 298 302
f 462 466 411
f 466 462 460
f 412 416 467
f 392 397 457
f 410 415 325
f 410 279 411
f 272 442 469
f 473 474 476
f 476 474 494
f 425 424 360
f 297 465 395
f 502 479 431
f 426 427 436
f 436 473 476
f 316 413 483
f 363 425 478
f 438 330 489
f 413 316 360
f 444 443 504
f 481 463 413
f 428 409 468
f 486 280 420
f 417 357 358
f 409 428 482
f 274 358 357
f 464 478 425
f 317 358 519
f 421 318 516
f 516 502 421
f 475 473 427
f 475 431 464
f 464 480 478
f 479 363 478
f 461 434 482
f 362 317 518
f 321 351 354
f 340 321 333
f 331 324 336
f 418 331 492
f 492 331 336
f 491 326 510
f 498 333 500
f 333 498 340
f 499 327 501
f 504 499 501
f 475 427 442
f 505 328 507
f 515 486 518
f 272 489 330
f 515 518 519
f 487 486 420
f 511 420 329
f 514 510 495
f 510 509 495
f 317 519 518
f 487 513 422
f 497 494 496
f 503 497 500
f 500 497 498
f 270 269 355
f 507 419 506
f 419 507 418
f 280 329 420
f 515 280 486
f 471 442 272
f 519 330 508
f 332 501 327
f 438 490 506
f 509 510 335
f 492 511 329
f 507 328 337
f 510 326 335
f 323 345 337
f 323 337 328
f 327 322 343
f 327 343 332
f 500 499 503
f 333 321 348
f 496 495 497
f 320 344 335
f 426 476 494
f 320 335 326
f 319 350 336
f 319 336 324
f 322 346 343
f 269 345 323
f 497 503 494
f 322 355 346
f 321 354 348
f 505 506 490
f 492 329 419
f 491 511 492
f 320 352 344
f 509 498 497
f 270 350 319
f 502 272 357
f 489 444 438
f 357 272 274
f 362 518 360
f 316 483 417
f 421 357 318
f 358 274 519
f 517 512 414
f 488 280 515
f 428 468 512
f 516 485 502
f 516 318 517
f 502 431 471
f 471 431 475
f 360 316 362
f 422 496 477
f 496 422 493
f 434 361 409
f 483 512 517
f 361 434 484
f 481 472 461
f 470 481 413
f 493 422 513
f 359 398 423
f 398 359 399
f 465 466 400
f 386 394 455
f 383 314 405
f 366 364 385
f 407 281 457
f 454 413 463
f 474 425 496
f 282 458 369
f 371 284 462
f 371 462 449
f 460 372 430
f 485 470 479
f 431 480 464
f 473 475 464
f 485 481 470
f 430 372 285
f 374 289 282
f 477 360 422
f 374 282 369
f 290 284 371
f 480 479 478
f 461 482 463
f 291 285 372
f 426 443 442
f 426 448 443
f 504 443 448
f 286 375 292
f 287 379 288
f 376 289 374
f 379 303 288
f 302 289 376
f 300 290 377
f 378 299 291
f 412 467 415
f 375 298 292
f 466 465 297
f 378 300 299
f 299 300 302
f 411 449 462
f 412 410 411
f 299 302 298
f 459 392 458
f 349 453 432
f 381 408 429
f 455 394 404
f 394 395 402
f 408 381 367
f 429 365 381
f 315 382 349
f 465 400 395
f 451 397 391
f 405 455 451
f 359 406 399
f 452 295 373
f 452 373 384
f 296 353 365
f 295 385 381
f 356 353 380
f 440 271 401
f 293 467 283
f 440 380 403
f 380 440 356
f 396 389 388
f 389 293 406
f 271 273 446
f 408 276 268
f 447 293 396
f 396 293 389
f 273 370 429
f 275 276 367
f 307 315 445
f 275 390 459
f 399 297 398
f 297 399 283
f 273 307 445
f 312 439 441
f 450 435 301
f 334 294 437
f 415 467 334
f 268 325 437
f 301 429 450
f 312 453 382
f 334 325 415
f 440 401 301
f 388 356 440
f 356 388 389
f 441 403 380
f 396 433 447
f 278 277 459
f 271 403 273
f 390 364 391
f 405 314 386
f 381 365 353
f 384 389 406
f 325 268 410
f 296 365 370
f 292 298 379
f 299 375 305
f 300 378 306
f 276 275 277
f 302 377 289
f 288 303 376
f 399 406 283
f 304 292 379
f 289 377 308
f 310 288 376
f 293 447 294
f 382 387 312
f 310 376 374
f 309 305 375
f 325 334 437
f 294 450 437
f 447 435 294
f 447 433 301
f 441 439 307
f 306 372 284
f 310 374 368
f 368 457 310
f 400 309 402
f 462 284 460
f 460 284 372
f 301 433 440
f 457 368 458
f 449 279 278
f 268 437 408
f 276 408 367
f 384 314 452
f 314 359 423
f 463 482 454
f 453 341 432
f 432 341 349
f 484 472 516
f 454 482 483
f 483 482 512
f 363 424 425
f 314 383 452
f 438 488 508
f 438 508 330
f 417 483 318
f 362 358 317
f 395 394 398
f 455 456 451
f 397 392 391
f 422 360 518
f 422 518 486
f 361 484 414
f 466 430 400
f 394 402 404
f 455 404 407
f 269 270 319
f 269 319 345
f 270 352 320
f 449 278 458
f 270 320 350
f 344 351 321
f 411 279 449
f 348 354 355
f 348 355 322
f 466 297 416
f 416 412 466
f 415 410 412
f 346 355 269
f 346 269 323
f 469 443 444
f 469 489 272
f 343 346 323
f 345 319 324
f 345 324 337
f 350 320 326
f 350 326 342
f 442 427 426
f 340 344 321
f 339 348 322
f 464 425 474
f 339 322 327
f 343 323 328
f 479 502 485
f 343 328 338
f 337 324 331
f 474 473 464
f 491 342 326
f 463 481 461
f 434 461 484
f 327 499 339
f 474 496 494
f 505 338 328
f 513 514 493
f 461 472 484
f 501 505 490
f 501 490 504
f 274 272 330
f 509 497 495
f 487 420 513
f 504 490 444
f 488 419 280
f 280 419 329
f 517 318 483
f 274 330 519
f 519 508 515
f 316 417 362
f 418 507 331
f 484 517 414
f 484 516 517
f 501 332 505
f 505 332 338
f 500 333 339
f 500 339 499
f 509 340 498
f 340 509 335
f 492 336 491
f 491 336 342
f 507 337 331
f 332 343 338
f 333 348 339
f 420 511 513
f 506 419 488
f 335 344 340
f 350 342 336
f 444 490 438
f 344 352 351
f 491 510 514
f 354 351 352
f 418 492 419
f 505 507 506
f 436 476 426
f 503 448 426
f 354 352 355
f 355 352 270
f 468 361 414
f 502 471 272
f 514 495 493
f 421 502 357
f 422 486 487
f 362 417 358
f 496 493 495
f 357 417 318
f 499 448 503
f 494 503 426
f 454 483 413
f 425 360 477
f 485 516 481
f 425 477 496
f 424 413 360
f 428 512 482
f 413 424 363
f 511 491 514
f 438 506 488
f 513 511 514
f 444 489 469
f 390 367 385
f 390 385 364
f 459 458 278
f 466 460 430
f 366 452 383
f 369 458 368
f 449 313 371
f 402 286 404
f 286 402 309
f 468 414 512
f 508 488 515
f 281 407 311
f 442 471 475
f 504 448 499
f 368 374 369
f 413 363 479
f 308 290 371
f 308 371 313
f 306 291 372
f 309 375 286
f 311 304 287
f 311 287 281
f 472 481 516
f 479 480 431
f 377 290 308
f 304 379 287
f 473 436 427
f 303 302 376
f 468 409 361
f 302 300 377
f 479 470 413
f 482 434 409
f 378 291 306
f 375 299 298
f 379 298 303
f 429 370 365
f 385 367 381
f 443 469 442
f 373 389 384
f 366 385 295
f 295 452 366
f 349 341 347
f 423 398 386
f 297 395 398
f 383 451 391
f 383 391 364
f 439 312 387
f 412 411 466
f 387 315 439
f 273 445 370
f 392 457 458
f 456 455 407
f 356 389 373
f 402 395 400
f 283 416 297
f 445 393 370
f 459 277 275
f 392 459 390
f 277 279 410
f 386 398 394
f 276 277 410
f 403 441 307
f 447 301 435
f 341 453 312
f 401 271 446
f 294 435 450
f 301 401 446
f 416 283 467
f 341 312 441
f 349 393 315
f 370 393 347
f 296 347 341
f 373 353 356
f 533 665 662
f 654 660 533
f 654 533 661
f 667 530 654
f 567 654 653
f 535 541 532
f 567 653 745
f 540 536 527
f 690 534 537
f 690 537 526
f 524 688 690
f 524 690 539
f 527 536 538
f 527 538 522
f 606 556 621
f 521 524 539
f 522 538 643
f 657 658 569
f 526 602 723
f 649 521 539
f 649 539 721
f 640 691 651
f 640 651 531
f 543 531 564
f 578 591 586
f 692 640 639
f 543 637 531
f 591 578 595
f 596 601 598
f 693 570 692
f 692 570 658
f 634 532 750
f 544 632 630
f 615 611 612
f 545 629 544
f 702 609 612
f 557 623 580
f 624 627 545
f 626 642 558
f 695 619 546
f 619 695 671
f 575 525 542
f 695 608 671
f 581 618 697
f 581 697 589
f 704 684 635
f 663 703 701
f 608 646 620
f 686 581 589
f 581 686 593
f 593 686 601
f 649 645 716
f 685 609 596
f 684 611 701
f 701 611 615
f 597 616 622
f 633 726 704
f 726 633 648
f 704 625 622
f 578 707 708
f 578 708 569
f 525 595 696
f 713 715 608
f 670 678 734
f 715 716 645
f 682 652 683
f 610 565 563
f 712 603 719
f 754 733 687
f 733 754 711
f 712 729 603
f 721 706 649
f 594 730 720
f 705 706 724
f 594 720 735
f 710 724 711
f 712 676 714
f 670 737 714
f 718 725 599
f 592 731 762
f 592 762 590
f 597 625 599
f 597 680 616
f 725 672 599
f 616 680 700
f 549 680 681
f 549 681 751
f 736 737 730
f 673 593 699
f 617 593 550
f 765 617 550
f 677 602 738
f 759 740 738
f 741 740 742
f 551 687 588
f 755 754 551
f 552 753 742
f 764 765 763
f 552 742 555
f 764 763 760
f 561 553 587
f 759 614 606
f 587 553 585
f 676 719 553
f 676 553 582
f 579 583 584
f 579 584 520
f 741 753 752
f 559 579 560
f 636 577 520
f 720 734 678
f 749 744 560
f 679 735 748
f 749 560 577
f 590 600 746
f 571 574 674
f 571 674 750
f 529 568 564
f 566 746 748
f 566 748 675
f 564 568 543
f 746 745 590
f 600 679 748
f 750 744 749
f 566 568 567
f 743 676 582
f 566 675 747
f 574 747 675
f 621 740 606
f 740 741 738
f 588 732 677
f 574 573 678
f 734 720 670
f 574 678 674
f 634 577 636
f 582 559 576
f 583 561 552
f 583 552 584
f 753 561 587
f 764 758 762
f 557 555 621
f 621 555 742
f 594 762 758
f 756 673 751
f 585 551 588
f 753 741 742
f 737 739 714
f 754 687 551
f 738 602 689
f 738 689 759
f 736 681 680
f 550 763 765
f 763 550 593
f 763 593 673
f 549 751 699
f 728 718 727
f 728 727 724
f 728 710 725
f 728 725 718
f 681 730 751
f 729 739 672
f 672 725 729
f 679 594 735
f 648 649 706
f 720 737 670
f 689 602 643
f 721 723 722
f 732 722 602
f 530 547 660
f 660 547 533
f 619 703 548
f 652 709 683
f 646 608 715
f 622 616 684
f 684 702 611
f 701 615 605
f 593 601 699
f 593 617 581
f 652 682 610
f 652 610 562
f 695 713 608
f 663 548 703
f 525 607 542
f 569 708 657
f 554 621 556
f 717 643 652
f 558 546 626
f 546 558 694
f 683 716 715
f 683 715 713
f 546 619 548
f 645 649 648
f 645 648 646
f 663 701 605
f 708 707 697
f 546 548 627
f 624 642 626
f 623 628 580
f 628 623 642
f 620 646 635
f 629 668 575
f 628 544 630
f 701 703 620
f 632 629 535
f 634 630 532
f 541 571 532
f 541 641 638
f 638 641 693
f 611 702 612
f 571 637 572
f 693 692 639
f 693 639 638
f 596 549 699
f 572 637 543
f 688 647 540
f 521 649 716
f 652 523 709
f 686 589 586
f 528 647 688
f 698 686 586
f 656 659 691
f 614 717 669
f 659 667 529
f 607 525 696
f 659 529 651
f 563 565 694
f 661 662 653
f 641 541 535
f 542 607 641
f 696 570 693
f 662 664 655
f 655 666 656
f 664 665 547
f 664 547 666
f 540 534 690
f 547 530 659
f 547 659 666
f 691 708 604
f 692 691 640
f 530 667 659
f 665 664 662
f 533 662 661
f 666 659 656
f 563 694 558
f 655 664 666
f 659 651 691
f 697 655 656
f 669 606 614
f 589 697 707
f 662 655 618
f 589 707 586
f 662 618 761
f 653 650 745
f 688 524 528
f 536 540 647
f 598 685 596
f 528 524 521
f 528 521 523
f 537 644 526
f 609 549 596
f 709 523 521
f 643 538 652
f 526 644 602
f 721 539 723
f 685 613 612
f 690 688 540
f 658 657 692
f 637 638 531
f 531 638 639
f 633 704 635
f 646 633 635
f 637 541 638
f 571 750 532
f 632 535 532
f 632 532 630
f 708 697 604
f 663 605 575
f 575 542 641
f 575 641 629
f 631 630 636
f 683 709 716
f 544 629 632
f 545 668 629
f 628 545 544
f 627 548 668
f 626 627 624
f 575 668 663
f 627 626 546
f 554 642 623
f 554 558 642
f 563 558 554
f 669 563 556
f 563 669 562
f 658 570 569
f 682 683 565
f 682 565 610
f 598 601 698
f 525 685 595
f 525 613 685
f 609 702 549
f 702 616 700
f 733 721 722
f 733 722 732
f 706 705 648
f 597 622 625
f 650 731 592
f 696 595 570
f 605 525 575
f 671 620 619
f 715 645 646
f 728 724 710
f 713 695 565
f 592 745 650
f 665 533 547
f 680 597 739
f 736 730 681
f 736 739 737
f 724 706 711
f 729 710 755
f 729 755 603
f 730 757 751
f 714 676 670
f 720 730 737
f 594 758 757
f 590 762 600
f 764 762 731
f 764 760 758
f 549 700 680
f 758 760 756
f 758 756 757
f 687 733 732
f 676 712 719
f 670 676 743
f 760 763 673
f 761 618 617
f 761 617 765
f 741 677 738
f 740 759 606
f 752 588 741
f 677 732 602
f 753 587 752
f 585 603 551
f 551 603 755
f 750 674 744
f 746 600 748
f 583 553 561
f 580 555 557
f 555 580 584
f 582 583 579
f 579 559 582
f 636 520 631
f 567 745 746
f 577 560 579
f 674 576 559
f 576 674 678
f 634 750 749
f 573 720 678
f 748 720 573
f 720 748 735
f 572 747 571
f 571 747 574
f 732 588 687
f 543 747 572
f 747 543 568
f 567 746 566
f 759 689 614
f 731 761 765
f 529 567 568
f 764 731 765
f 747 568 566
f 675 573 574
f 573 675 748
f 749 577 634
f 756 751 757
f 673 699 751
f 744 559 560
f 559 744 674
f 577 579 520
f 576 743 582
f 631 520 580
f 736 680 739
f 580 520 584
f 582 553 583
f 555 584 552
f 552 561 753
f 719 603 585
f 725 710 729
f 719 585 553
f 587 585 752
f 752 585 588
f 727 705 724
f 621 742 740
f 588 677 741
f 650 761 731
f 714 729 712
f 711 755 710
f 673 756 760
f 757 730 594
f 714 739 729
f 597 672 739
f 597 599 672
f 718 726 727
f 727 726 705
f 718 599 625
f 590 745 592
f 718 625 726
f 670 576 678
f 600 594 679
f 594 600 762
f 711 721 733
f 721 711 706
f 723 602 722
f 643 614 689
f 663 668 548
f 754 755 711
f 743 576 670
f 614 643 717
f 620 703 619
f 605 613 525
f 570 595 569
f 569 595 578
f 625 704 726
f 648 633 646
f 620 671 608
f 616 702 684
f 704 622 684
f 700 549 702
f 635 684 620
f 595 685 598
f 648 705 726
f 598 698 591
f 686 698 601
f 701 620 684
f 617 618 581
f 609 685 612
f 613 615 612
f 717 652 562
f 717 562 669
f 613 605 615
f 565 683 713
f 565 695 694
f 596 699 601
f 598 591 595
f 621 623 557
f 707 578 586
f 591 698 586
f 623 621 554
f 642 624 545
f 642 545 628
f 627 668 545
f 580 628 631
f 628 630 631
f 562 610 563
f 606 669 556
f 636 630 634
f 556 563 554
f 694 695 546
f 641 607 693
f 629 641 535
f 693 607 696
f 637 571 541
f 531 639 640
f 692 708 691
f 708 692 657
f 564 651 529
f 651 564 531
f 521 716 709
f 539 526 723
f 644 522 643
f 644 643 602
f 652 538 523
f 537 527 522
f 537 522 644
f 538 536 528
f 538 528 523
f 539 690 526
f 534 540 527
f 534 527 537
f 536 647 528
f 529 667 654
f 529 654 567
f 653 662 761
f 654 530 660
f 653 761 650
f 618 655 697
f 697 656 604
f 604 656 691
f 654 661 653
f 768 769 767
f 769 768 770
f 769 774 773
f 769 770 774
f 775 772 776
f 775 771 772
f 777 774 778
f 777 773 774
f 775 780 779
f 775 776 780
f 778 781 777
f 781 778 782
f 784 779 780
f 783 779 784
f 782 785 781
f 785 782 786
f 788 783 784
f 787 783 788
f 786 789 785
f 789 786 790
f 792 787 788
f 791 787 792
f 790 793 789
f 793 790 794
f 796 791 792
f 795 791 796
f 794 797 793
f 797 794 798
f 800 795 796
f 799 795 800
f 802 804 801
f 802 803 804
f 806 808 805
f 806 807 808
f 804 811 809
f 804 810 811
f 812 813 814
f 812 808 813
f 816 809 811
f 815 809 816
f 814 817 812
f 817 814 818
f 820 815 816
f 819 815 820
f 822 817 818
f 821 817 822
f 824 819 820
f 823 819 824
f 822 825 821
f 825 822 826
f 827 824 828
f 827 823 824
f 829 826 830
f 829 825 826
f 827 832 831
f 827 828 832
f 833 830 834
f 833 829 830
f 836 831 832
f 835 831 836
f 834 837 833
f 837 834 838
f 797 840 839
f 797 798 840
f 841 800 842
f 841 799 800
f 843 840 844
f 843 839 840
f 845 842 846
f 845 841 842
f 837 846 847
f 837 845 846
f 835 844 848
f 835 843 844
f 851 854 850
f 854 851 855
f 856 853 857
f 856 852 853
f 854 859 858
f 854 855 859
f 856 861 860
f 856 857 861
f 862 859 863
f 862 858 859
f 865 860 861
f 864 860 865
f 863 866 862
f 866 863 867
f 869 864 865
f 868 864 869
f 867 870 866
f 870 867 871
f 873 868 869
f 872 868 873
f 871 874 870
f 874 871 875
f 873 876 872
f 876 873 877
f 879 874 875
f 878 874 879
f 880 877 881
f 880 876 877
f 878 883 882
f 878 879 883
f 885 887 884
f 885 886 887
f 889 891 888
f 889 890 891
f 892 884 894
f 892 893 884
f 895 888 897
f 895 896 888
f 899 892 894
f 898 892 899
f 901 895 897
f 900 895 901
f 903 898 899
f 902 898 903
f 905 900 901
f 904 900 905
f 907 902 903
f 906 902 907
f 909 904 905
f 908 904 909
f 910 907 911
f 910 906 907
f 912 909 913
f 912 908 909
f 914 911 915
f 914 910 911
f 916 913 917
f 916 912 913
f 914 919 918
f 914 915 919
f 920 917 921
f 920 916 917
f 880 923 922
f 880 881 923
f 924 883 925
f 924 882 883
f 926 923 927
f 926 922 923
f 928 925 929
f 928 924 925
f 931 890 889
f 932 890 931
f 932 930 890
f 886 930 932
f 886 933 930
f 886 885 933
f 934 929 919
f 928 929 934
f 935 927 921
f 926 927 935
f 927 920 921
f 927 936 920
f 929 918 919
f 929 937 918
f 939 926 938
f 939 922 926
f 940 924 928
f 940 941 924
f 942 922 939
f 942 880 922
f 941 882 924
f 941 943 882
f 918 945 914
f 944 945 918
f 916 946 947
f 946 916 920
f 945 910 914
f 945 948 910
f 947 912 916
f 947 949 912
f 948 906 910
f 948 950 906
f 949 908 912
f 949 951 908
f 906 952 902
f 950 952 906
f 908 953 904
f 951 953 908
f 902 954 898
f 952 954 902
f 904 955 900
f 953 955 904
f 898 956 892
f 954 956 898
f 900 957 895
f 955 957 900
f 956 893 892
f 956 958 893
f 957 896 895
f 957 959 896
f 893 885 884
f 893 933 885
f 896 889 888
f 896 931 889
f 876 942 960
f 942 876 880
f 882 961 878
f 943 961 882
f 872 960 962
f 960 872 876
f 878 963 874
f 961 963 878
f 872 964 868
f 962 964 872
f 870 963 965
f 963 870 874
f 868 966 864
f 964 966 868
f 866 965 967
f 965 866 870
f 966 860 864
f 966 968 860
f 969 866 967
f 969 862 866
f 968 856 860
f 968 970 856
f 971 862 969
f 971 858 862
f 972 856 970
f 972 852 856
f 973 858 971
f 973 854 858
f 854 974 850
f 973 974 854
f 850 975 849
f 974 975 850
f 838 845 837
f 838 976 845
f 977 835 836
f 835 977 843
f 846 978 979
f 846 842 978
f 844 980 981
f 844 840 980
f 982 842 800
f 842 982 978
f 980 798 983
f 840 798 980
f 984 838 834
f 838 984 985
f 987 832 986
f 836 832 987
f 834 988 984
f 834 830 988
f 832 989 986
f 832 828 989
f 830 990 988
f 830 826 990
f 828 991 989
f 828 824 991
f 990 822 992
f 826 822 990
f 991 820 993
f 824 820 991
f 992 818 994
f 822 818 992
f 993 816 995
f 820 816 993
f 994 814 996
f 818 814 994
f 995 811 997
f 816 811 995
f 814 998 996
f 814 813 998
f 811 999 997
f 811 810 999
f 808 1000 813
f 808 807 1000
f 804 1001 810
f 804 803 1001
f 982 796 1002
f 800 796 982
f 1003 798 794
f 798 1003 983
f 1002 792 1004
f 796 792 1002
f 1005 794 790
f 794 1005 1003
f 1004 788 1006
f 792 788 1004
f 1007 790 786
f 790 1007 1005
f 1006 784 1008
f 788 784 1006
f 1009 786 782
f 786 1009 1007
f 1008 780 1010
f 784 780 1008
f 1011 782 778
f 782 1011 1009
f 776 1010 780
f 776 1012 1010
f 778 1013 1011
f 778 774 1013
f 776 1014 1012
f 776 772 1014
f 770 1013 774
f 770 1015 1013
f 766 1018 1017
f 1018 766 767
f 767 1019 1018
f 1019 767 769
f 1021 769 773
f 1021 1019 769
f 1022 771 775
f 1022 1020 771
f 1023 773 777
f 1023 1021 773
f 1022 779 1024
f 1022 775 779
f 1025 777 781
f 1025 1023 777
f 1024 783 1026
f 1024 779 783
f 785 1025 781
f 1027 1025 785
f 783 1028 1026
f 1028 783 787
f 789 1027 785
f 1029 1027 789
f 787 1030 1028
f 1030 787 791
f 789 1031 1029
f 1031 789 793
f 795 1030 791
f 1032 1030 795
f 793 1033 1031
f 1033 793 797
f 799 1032 795
f 1034 1032 799
f 1035 801 998
f 1035 802 801
f 1036 805 999
f 1036 806 805
f 801 809 1037
f 801 804 809
f 805 812 1038
f 805 808 812
f 809 1039 1037
f 1039 809 815
f 812 1040 1038
f 1040 812 817
f 815 1041 1039
f 1041 815 819
f 817 1042 1040
f 1042 817 821
f 819 1043 1041
f 1043 819 823
f 821 1044 1042
f 1044 821 825
f 1043 827 1045
f 1043 823 827
f 1044 829 1046
f 1044 825 829
f 1045 831 1047
f 1045 827 831
f 1046 833 1048
f 1046 829 833
f 835 1047 831
f 848 1047 835
f 833 847 1048
f 847 833 837
f 1033 839 1049
f 1033 797 839
f 1050 799 841
f 1050 1034 799
f 1049 843 977
f 1049 839 843
f 976 841 845
f 976 1050 841
f 847 979 987
f 847 846 979
f 848 981 985
f 848 844 981
f 857 1052 1054
f 857 853 1052
f 855 1055 859
f 855 1053 1055
f 857 1056 861
f 857 1054 1056
f 863 1055 1057
f 863 859 1055
f 1058 861 1056
f 865 861 1058
f 1057 867 863
f 867 1057 1059
f 1060 865 1058
f 869 865 1060
f 1059 871 867
f 871 1059 1061
f 1062 869 1060
f 873 869 1062
f 1061 875 871
f 875 1061 1063
f 1064 873 1062
f 877 873 1064
f 1063 879 875
f 879 1063 1065
f 1066 877 1064
f 881 877 1066
f 1065 883 879
f 883 1065 1067
f 886 959 887
f 886 932 959
f 890 958 891
f 890 930 958
f 884 1068 894
f 884 887 1068
f 888 1069 897
f 888 891 1069
f 1068 899 894
f 899 1068 1070
f 1069 901 897
f 901 1069 1071
f 1070 903 899
f 903 1070 1072
f 1071 905 901
f 905 1071 1073
f 1072 907 903
f 907 1072 1074
f 1073 909 905
f 909 1073 1075
f 907 1076 911
f 907 1074 1076
f 909 1077 913
f 909 1075 1077
f 911 1078 915
f 911 1076 1078
f 913 1079 917
f 913 1077 1079
f 1078 919 915
f 919 1078 934
f 935 917 1079
f 921 917 935
f 1066 923 881
f 923 1066 1080
f 1081 883 1067
f 925 883 1081
f 923 936 927
f 923 1080 936
f 925 937 929
f 925 1081 937
f 946 928 934
f 940 928 946
f 938 935 944
f 938 926 935
f 936 946 920
f 936 940 946
f 937 944 918
f 937 938 944
f 1081 938 937
f 1081 939 938
f 1080 940 936
f 1080 941 940
f 1067 939 1081
f 1067 942 939
f 1080 943 941
f 1080 1066 943
f 944 1079 945
f 935 1079 944
f 947 934 1078
f 934 947 946
f 1077 945 1079
f 1077 948 945
f 1078 949 947
f 1078 1076 949
f 1075 948 1077
f 1075 950 948
f 1074 949 1076
f 1074 951 949
f 950 1073 952
f 1075 1073 950
f 953 1074 1072
f 1074 953 951
f 954 1073 1071
f 1073 954 952
f 955 1072 1070
f 1072 955 953
f 954 1069 956
f 1071 1069 954
f 957 1070 1068
f 1070 957 955
f 891 956 1069
f 891 958 956
f 1068 959 957
f 1068 887 959
f 958 933 893
f 958 930 933
f 959 931 896
f 959 932 931
f 960 1067 1065
f 1067 960 942
f 943 1064 961
f 1066 1064 943
f 962 1065 1063
f 1065 962 960
f 961 1062 963
f 1064 1062 961
f 964 1063 1061
f 1063 964 962
f 963 1060 965
f 1062 1060 963
f 966 1061 1059
f 1061 966 964
f 965 1058 967
f 1060 1058 965
f 968 1059 1057
f 1059 968 966
f 967 1056 969
f 1058 1056 967
f 1057 970 968
f 1057 1055 970
f 1054 969 1056
f 1054 971 969
f 1053 970 1055
f 1053 972 970
f 1054 973 971
f 1054 1052 973
f 973 1051 974
f 1052 1051 973
f 981 838 985
f 838 981 976
f 979 836 987
f 836 979 977
f 1000 802 1035
f 1000 803 802
f 1001 806 1036
f 1001 807 806
f 803 807 1001
f 803 1000 807
f 978 977 979
f 978 1049 977
f 980 976 981
f 980 1050 976
f 982 1049 978
f 982 1033 1049
f 980 1034 1050
f 980 983 1034
f 984 848 985
f 984 1047 848
f 987 1048 847
f 987 986 1048
f 988 1047 984
f 988 1045 1047
f 989 1048 986
f 989 1046 1048
f 990 1045 988
f 990 1043 1045
f 991 1046 989
f 991 1044 1046
f 1041 990 992
f 990 1041 1043
f 1042 991 993
f 991 1042 1044
f 1039 992 994
f 992 1039 1041
f 1040 993 995
f 993 1040 1042
f 1037 994 996
f 994 1037 1039
f 1038 995 997
f 995 1038 1040
f 998 1037 996
f 998 801 1037
f 999 1038 997
f 999 805 1038
f 813 1035 998
f 813 1000 1035
f 810 1036 999
f 810 1001 1036
f 982 1031 1033
f 982 1002 1031
f 1003 1034 983
f 1003 1032 1034
f 1029 1002 1004
f 1002 1029 1031
f 1032 1005 1030
f 1003 1005 1032
f 1029 1006 1027
f 1004 1006 1029
f 1028 1005 1007
f 1005 1028 1030
f 1027 1008 1025
f 1006 1008 1027
f 1026 1007 1009
f 1007 1026 1028
f 1025 1010 1023
f 1008 1010 1025
f 1024 1009 1011
f 1009 1024 1026
f 1012 1023 1010
f 1012 1021 1023
f 1011 1022 1024
f 1011 1013 1022
f 1012 1019 1021
f 1012 1014 1019
f 1015 1022 1013
f 1015 1020 1022
f 1019 1016 1018
f 1014 1016 1019
f 1227 1219 1234
f 1204 1197 1193
f 1086 1108 1235
f 1217 1255 1257
f 1096 1165 1194
f 1191 1113 1143
f 1222 1100 1259
f 1177 1110 1204
f 1176 1182 1133
f 1133 1182 1153
f 1144 1178 1174
f 1259 1082 1173
f 1117 1122 1177
f 1175 1143 1231
f 1105 1107 1085
f 1175 1231 1172
f 1213 1223 1173
f 1116 1117 1234
f 1232 1187 1233
f 1233 1187 1172
f 1133 1153 1181
f 1224 1213 1182
f 1225 1219 1214
f 1151 1091 1125
f 1225 1233 1226
f 1089 1176 1133
f 1210 1146 1224
f 1229 1234 1088
f 1177 1190 1088
f 1151 1094 1160
f 1094 1171 1170
f 1094 1170 1096
f 1198 1210 1167
f 1167 1210 1089
f 1090 1165 1184
f 1197 1161 1150
f 1166 1190 1150
f 1190 1166 1229
f 1170 1163 1165
f 1152 1149 1090
f 1090 1149 1159
f 1084 1198 1154
f 1128 1127 1153
f 1179 1152 1155
f 1155 1152 1090
f 1186 1166 1106
f 1091 1181 1153
f 1120 1213 1224
f 1120 1224 1146
f 1118 1247 1203
f 1157 1119 1104
f 1119 1157 1215
f 1106 1097 1186
f 1138 1115 1131
f 1138 1131 1215
f 1097 1228 1139
f 1221 1197 1246
f 1141 1109 1129
f 1109 1141 1103
f 1130 1207 1102
f 1258 1230 1206
f 1130 1102 1115
f 1102 1244 1126
f 1211 1109 1137
f 1248 1261 1195
f 1196 1241 1242
f 1260 1249 1252
f 1240 1101 1083
f 1240 1083 1256
f 1101 1142 1254
f 1101 1254 1083
f 1239 1240 1256
f 1241 1124 1245
f 1243 1098 1196
f 1250 1093 1112
f 1250 1112 1098
f 1248 1110 1261
f 1142 1095 1107
f 1142 1107 1254
f 1112 1093 1113
f 1244 1239 1208
f 1216 1099 1138
f 1185 1186 1097
f 1185 1097 1140
f 1195 1236 1237
f 1216 1148 1099
f 1203 1208 1118
f 1107 1105 1205
f 1107 1205 1254
f 1260 1100 1257
f 1082 1259 1260
f 1082 1260 1253
f 1122 1261 1110
f 1098 1112 1191
f 1255 1087 1086
f 1098 1191 1202
f 1083 1254 1205
f 1260 1252 1253
f 1236 1261 1250
f 1236 1250 1243
f 1245 1240 1239
f 1100 1260 1259
f 1240 1245 1124
f 1251 1252 1258
f 1203 1244 1208
f 1241 1245 1242
f 1258 1206 1109
f 1258 1109 1211
f 1203 1126 1244
f 1243 1228 1237
f 1228 1238 1139
f 1115 1102 1126
f 1247 1118 1137
f 1115 1126 1131
f 1114 1196 1242
f 1236 1243 1237
f 1235 1260 1257
f 1140 1139 1130
f 1242 1239 1102
f 1195 1237 1228
f 1248 1221 1246
f 1135 1200 1132
f 1200 1135 1129
f 1197 1221 1220
f 1185 1140 1136
f 1238 1228 1243
f 1216 1215 1157
f 1132 1134 1135
f 1161 1197 1220
f 1185 1136 1158
f 1148 1216 1157
f 1132 1092 1134
f 1206 1108 1200
f 1198 1146 1210
f 1092 1162 1156
f 1156 1162 1179
f 1183 1164 1158
f 1183 1158 1148
f 1162 1168 1179
f 1179 1168 1152
f 1165 1164 1183
f 1084 1145 1198
f 1167 1149 1152
f 1167 1152 1168
f 1096 1170 1165
f 1212 1229 1227
f 1198 1145 1146
f 1149 1180 1159
f 1159 1180 1160
f 1225 1214 1171
f 1190 1177 1193
f 1180 1089 1133
f 1094 1232 1225
f 1180 1133 1181
f 1218 1146 1145
f 1146 1218 1223
f 1146 1223 1120
f 1091 1153 1125
f 1128 1192 1127
f 1127 1192 1085
f 1174 1175 1172
f 1232 1125 1127
f 1219 1116 1234
f 1117 1088 1234
f 1223 1222 1259
f 1192 1147 1085
f 1085 1147 1105
f 1218 1222 1223
f 1218 1217 1222
f 1217 1100 1222
f 1147 1111 1105
f 1182 1176 1224
f 1178 1191 1175
f 1178 1175 1174
f 1151 1232 1094
f 1094 1096 1194
f 1227 1169 1214
f 1086 1189 1108
f 1087 1255 1218
f 1087 1218 1145
f 1197 1204 1246
f 1255 1217 1218
f 1214 1219 1227
f 1086 1087 1189
f 1163 1186 1185
f 1165 1183 1184
f 1125 1232 1151
f 1093 1143 1113
f 1107 1095 1144
f 1143 1093 1116
f 1143 1116 1231
f 1088 1117 1177
f 1107 1144 1188
f 1219 1231 1116
f 1127 1187 1232
f 1107 1188 1085
f 1085 1188 1187
f 1085 1187 1127
f 1120 1223 1213
f 1233 1172 1226
f 1225 1226 1219
f 1089 1210 1224
f 1089 1224 1176
f 1160 1091 1151
f 1171 1094 1225
f 1229 1088 1190
f 1229 1212 1234
f 1087 1084 1209
f 1227 1229 1169
f 1160 1094 1194
f 1170 1169 1163
f 1090 1159 1194
f 1154 1198 1168
f 1168 1198 1167
f 1163 1185 1164
f 1090 1184 1155
f 1162 1154 1168
f 1164 1185 1158
f 1155 1184 1148
f 1155 1148 1157
f 1092 1154 1162
f 1225 1232 1233
f 1239 1242 1245
f 1189 1087 1209
f 1156 1134 1092
f 1134 1156 1104
f 1158 1136 1099
f 1158 1099 1148
f 1104 1135 1134
f 1135 1104 1119
f 1136 1138 1099
f 1220 1097 1106
f 1119 1141 1129
f 1119 1129 1135
f 1138 1130 1115
f 1220 1228 1097
f 1242 1102 1207
f 1206 1230 1235
f 1235 1230 1260
f 1235 1108 1206
f 1131 1103 1141
f 1103 1131 1126
f 1208 1256 1118
f 1114 1242 1207
f 1137 1109 1103
f 1137 1103 1247
f 1201 1123 1253
f 1196 1098 1202
f 1196 1202 1241
f 1195 1261 1236
f 1199 1253 1252
f 1112 1113 1191
f 1253 1199 1201
f 1124 1101 1240
f 1124 1121 1142
f 1124 1142 1101
f 1261 1122 1093
f 1261 1093 1250
f 1246 1204 1110
f 1246 1110 1248
f 1111 1082 1253
f 1111 1253 1123
f 1121 1095 1142
f 1114 1238 1196
f 1211 1251 1258
f 1095 1121 1178
f 1118 1251 1137
f 1251 1211 1137
f 1140 1097 1139
f 1220 1221 1195
f 1217 1257 1100
f 1139 1238 1114
f 1102 1239 1244
f 1191 1178 1121
f 1105 1111 1205
f 1205 1111 1123
f 1202 1191 1121
f 1243 1250 1098
f 1241 1202 1124
f 1256 1208 1239
f 1202 1121 1124
f 1083 1123 1201
f 1123 1083 1205
f 1256 1201 1199
f 1201 1256 1083
f 1243 1196 1238
f 1260 1230 1249
f 1247 1103 1126
f 1247 1126 1203
f 1139 1114 1207
f 1139 1207 1130
f 1129 1206 1200
f 1248 1195 1221
f 1206 1129 1109
f 1220 1195 1228
f 1216 1138 1215
f 1140 1130 1138
f 1215 1141 1119
f 1141 1215 1131
f 1132 1108 1189
f 1108 1132 1200
f 1136 1140 1138
f 1161 1220 1106
f 1157 1104 1156
f 1132 1189 1209
f 1132 1209 1092
f 1252 1251 1118
f 1252 1118 1199
f 1258 1252 1249
f 1127 1125 1153
f 1258 1249 1230
f 1118 1256 1199
f 1153 1182 1213
f 1153 1213 1128
f 1209 1084 1154
f 1209 1154 1092
f 1179 1155 1157
f 1179 1157 1156
f 1166 1150 1161
f 1186 1163 1166
f 1166 1161 1106
f 1165 1163 1164
f 1159 1160 1194
f 1194 1165 1090
f 1169 1229 1166
f 1169 1166 1163
f 1150 1190 1197
f 1197 1190 1193
f 1167 1089 1149
f 1149 1089 1180
f 1171 1214 1169
f 1171 1169 1170
f 1160 1180 1181
f 1160 1181 1091
f 1172 1231 1219
f 1172 1219 1226
f 1173 1147 1192
f 1213 1173 1128
f 1128 1173 1192
f 1188 1174 1172
f 1188 1172 1187
f 1223 1259 1173
f 1144 1174 1188
f 1093 1122 1117
f 1093 1117 1116
f 1234 1212 1227
f 1177 1204 1193
f 1173 1082 1147
f 1191 1143 1175
f 1122 1110 1177
f 1082 1111 1147
f 1144 1095 1178
f 1183 1148 1184
f 1257 1255 1086
f 1084 1087 1145
f 1257 1086 1235
f 1262 1268 1267
f 1365 1335 1364
f 1329 1269 1354
f 1268 1262 1263
f 1361 1273 1334
f 1268 1263 1266
f 1266 1263 1264
f 1268 1266 1270
f 1270 1266 1265
f 1267 1268 1271
f 1271 1268 1270
f 1303 1285 1279
f 1279 1276 1303
f 1307 1293 1278
f 1280 1301 1277
f 1356 1276 1279
f 1291 1310 1281
f 1282 1296 1348
f 1293 1299 1346
f 1269 1329 1300
f 1296 1282 1295
f 1300 1364 1269
f 1302 1335 1365
f 1302 1289 1335
f 1314 1292 1283
f 1283 1292 1294
f 1358 1291 1305
f 1274 1348 1284
f 1348 1274 1282
f 1275 1314 1283
f 1275 1283 1341
f 1320 1284 1298
f 1284 1320 1274
f 1275 1341 1340
f 1314 1315 1286
f 1310 1311 1278
f 1297 1286 1315
f 1305 1347 1358
f 1293 1346 1278
f 1272 1288 1360
f 1272 1360 1313
f 1286 1297 1288
f 1290 1288 1272
f 1294 1290 1272
f 1315 1296 1360
f 1315 1360 1297
f 1341 1303 1319
f 1277 1309 1340
f 1285 1308 1274
f 1285 1274 1320
f 1309 1275 1340
f 1308 1282 1274
f 1282 1308 1312
f 1309 1315 1275
f 1275 1315 1314
f 1276 1356 1317
f 1280 1356 1321
f 1317 1303 1276
f 1303 1317 1319
f 1321 1301 1280
f 1279 1285 1320
f 1348 1349 1304
f 1283 1294 1353
f 1279 1320 1316
f 1294 1272 1353
f 1284 1348 1304
f 1277 1340 1318
f 1280 1277 1317
f 1317 1277 1318
f 1356 1279 1316
f 1356 1280 1317
f 1296 1315 1349
f 1296 1349 1348
f 1312 1295 1282
f 1295 1312 1313
f 1283 1353 1306
f 1283 1306 1341
f 1363 1372 1376
f 1284 1304 1298
f 1371 1374 1379
f 1371 1366 1374
f 1341 1306 1303
f 1298 1304 1301
f 1298 1301 1321
f 1292 1314 1286
f 1372 1388 1376
f 1372 1381 1388
f 1292 1286 1290
f 1379 1374 1387
f 1313 1360 1295
f 1288 1290 1286
f 1386 1387 1374
f 1292 1290 1294
f 1381 1384 1388
f 1295 1360 1296
f 1386 1383 1387
f 1297 1360 1288
f 1318 1340 1319
f 1319 1340 1341
f 1320 1298 1321
f 1304 1309 1277
f 1304 1277 1301
f 1303 1306 1308
f 1303 1308 1285
f 1306 1312 1308
f 1371 1385 1366
f 1312 1306 1353
f 1304 1349 1309
f 1309 1349 1315
f 1353 1313 1312
f 1313 1353 1272
f 1321 1356 1316
f 1317 1318 1319
f 1321 1316 1320
f 1332 1339 1326
f 1322 1324 1323
f 1323 1328 1325
f 1328 1323 1332
f 1332 1324 1339
f 1332 1323 1324
f 1383 1382 1387
f 1328 1327 1325
f 1388 1384 1380
f 1326 1328 1332
f 1373 1386 1374
f 1373 1378 1386
f 1327 1326 1339
f 1327 1339 1324
f 1327 1328 1326
f 1331 1329 1354
f 1377 1372 1375
f 1372 1377 1381
f 1310 1278 1333
f 1310 1357 1311
f 1299 1334 1346
f 1334 1299 1362
f 1355 1335 1347
f 1366 1373 1374
f 1363 1375 1372
f 1363 1370 1375
f 1355 1347 1305
f 1364 1335 1355
f 1344 1358 1351
f 1351 1358 1347
f 1342 1344 1307
f 1311 1307 1278
f 1385 1370 1363
f 1336 1330 1342
f 1369 1385 1363
f 1342 1330 1343
f 1358 1287 1291
f 1330 1338 1287
f 1330 1287 1343
f 1342 1343 1344
f 1343 1358 1344
f 1358 1343 1287
f 1368 1363 1376
f 1369 1363 1368
f 1330 1357 1337
f 1367 1371 1379
f 1364 1355 1269
f 1281 1355 1305
f 1345 1350 1362
f 1345 1362 1299
f 1376 1380 1368
f 1376 1388 1380
f 1387 1367 1379
f 1367 1387 1382
f 1291 1337 1310
f 1333 1278 1346
f 1334 1331 1354
f 1359 1331 1334
f 1384 1381 1377
f 1289 1352 1335
f 1378 1383 1386
f 1384 1383 1378
f 1281 1310 1333
f 1346 1334 1354
f 1346 1354 1333
f 1347 1335 1351
f 1351 1335 1352
f 1345 1344 1351
f 1344 1293 1307
f 1311 1336 1307
f 1307 1336 1342
f 1330 1337 1338
f 1357 1330 1336
f 1357 1336 1311
f 1338 1337 1291
f 1338 1291 1287
f 1293 1344 1345
f 1293 1345 1299
f 1354 1269 1355
f 1351 1352 1345
f 1345 1352 1350
f 1333 1355 1281
f 1380 1384 1378
f 1355 1333 1354
f 1383 1377 1382
f 1383 1384 1377
f 1310 1337 1357
f 1291 1281 1305
f 1380 1378 1373
f 1273 1359 1334
f 1382 1375 1367
f 1375 1382 1377
f 1334 1362 1361
f 1368 1380 1373
f 1365 1364 1300
f 1366 1385 1369
f 1385 1371 1370
f 1366 1369 1373
f 1370 1367 1375
f 1370 1371 1367
f 1373 1369 1368
f 1468 1417 1466
f 1397 1394 1390
f 1397 1390 1396
f 1393 1398 1491
f 1399 1389 1392
f 1413 1484 1404
f 1389 1399 1395
f 1395 1391 1389
f 1394 1392 1390
f 1390 1392 1389
f 1396 1390 1391
f 1391 1390 1389
f 1391 1395 1396
f 1399 1392 1394
f 1399 1394 1397
f 1411 1423 1424
f 1411 1413 1404
f 1406 1416 1412
f 1412 1416 1409
f 1429 1488 1435
f 1407 1434 1414
f 1414 1434 1410
f 1435 1417 1429
f 1512 1406 1412
f 1421 1468 1466
f 1512 1407 1414
f 1443 1402 1420
f 1443 1420 1444
f 1440 1401 1439
f 1439 1401 1419
f 1415 1446 1405
f 1511 1499 1403
f 1445 1478 1481
f 1415 1405 1509
f 1416 1511 1403
f 1415 1509 1434
f 1418 1445 1486
f 1416 1403 1409
f 1422 1420 1402
f 1401 1425 1419
f 1400 1422 1402
f 1408 1486 1426
f 1505 1425 1401
f 1481 1426 1445
f 1400 1506 1422
f 1427 1506 1400
f 1491 1421 1393
f 1431 1505 1428
f 1428 1505 1401
f 1427 1400 1402
f 1427 1402 1432
f 1428 1401 1433
f 1409 1403 1436
f 1509 1438 1508
f 1436 1403 1437
f 1509 1405 1438
f 1499 1437 1403
f 1405 1443 1438
f 1437 1499 1440
f 1405 1402 1443
f 1402 1405 1432
f 1499 1433 1440
f 1440 1433 1401
f 1407 1512 1454
f 1416 1406 1502
f 1407 1454 1434
f 1453 1434 1454
f 1450 1409 1436
f 1412 1409 1450
f 1414 1451 1449
f 1451 1414 1410
f 1512 1412 1450
f 1512 1414 1449
f 1444 1448 1498
f 1448 1444 1420
f 1439 1419 1446
f 1446 1419 1447
f 1442 1498 1511
f 1498 1442 1444
f 1441 1439 1415
f 1451 1508 1502
f 1511 1498 1499
f 1415 1439 1446
f 1442 1511 1416
f 1513 1514 1522
f 1441 1415 1434
f 1441 1434 1453
f 1523 1500 1518
f 1502 1442 1416
f 1410 1508 1451
f 1523 1518 1524
f 1508 1410 1509
f 1522 1525 1528
f 1525 1522 1514
f 1505 1431 1506
f 1526 1523 1524
f 1448 1420 1422
f 1425 1430 1447
f 1526 1524 1527
f 1425 1447 1419
f 1492 1528 1525
f 1492 1521 1528
f 1422 1431 1448
f 1493 1526 1527
f 1505 1506 1430
f 1505 1430 1425
f 1493 1520 1526
f 1506 1431 1422
f 1515 1507 1519
f 1506 1427 1430
f 1517 1516 1510
f 1516 1517 1504
f 1430 1427 1432
f 1430 1432 1447
f 1428 1433 1448
f 1428 1448 1431
f 1434 1509 1410
f 1508 1442 1502
f 1437 1441 1453
f 1437 1453 1436
f 1508 1438 1442
f 1507 1504 1517
f 1437 1440 1441
f 1441 1440 1439
f 1438 1444 1442
f 1518 1500 1513
f 1444 1438 1443
f 1447 1432 1405
f 1447 1405 1446
f 1498 1448 1433
f 1498 1433 1499
f 1406 1512 1449
f 1454 1512 1450
f 1449 1502 1406
f 1502 1449 1451
f 1517 1510 1520
f 1436 1453 1454
f 1507 1515 1521
f 1436 1454 1450
f 1456 1455 1461
f 1520 1510 1526
f 1455 1452 1461
f 1521 1515 1503
f 1526 1510 1501
f 1460 1459 1482
f 1521 1503 1528
f 1471 1482 1458
f 1457 1482 1459
f 1461 1459 1460
f 1459 1461 1457
f 1458 1482 1457
f 1501 1523 1526
f 1501 1500 1523
f 1503 1522 1528
f 1503 1497 1522
f 1458 1452 1471
f 1460 1471 1456
f 1471 1452 1455
f 1461 1460 1456
f 1455 1456 1471
f 1482 1471 1460
f 1497 1513 1522
f 1457 1461 1452
f 1513 1500 1514
f 1457 1452 1458
f 1489 1398 1393
f 1413 1411 1424
f 1408 1464 1424
f 1496 1514 1500
f 1424 1464 1476
f 1465 1467 1413
f 1514 1496 1525
f 1465 1413 1476
f 1524 1518 1495
f 1477 1468 1478
f 1468 1477 1417
f 1494 1525 1496
f 1398 1490 1467
f 1527 1524 1495
f 1516 1525 1494
f 1516 1492 1525
f 1495 1493 1527
f 1398 1467 1465
f 1470 1463 1469
f 1463 1470 1477
f 1404 1469 1487
f 1519 1493 1495
f 1519 1517 1493
f 1519 1507 1517
f 1504 1492 1516
f 1462 1423 1487
f 1462 1487 1474
f 1474 1480 1462
f 1480 1474 1475
f 1411 1487 1423
f 1487 1469 1474
f 1477 1445 1463
f 1445 1477 1478
f 1491 1398 1465
f 1483 1491 1465
f 1470 1417 1477
f 1417 1470 1429
f 1464 1483 1476
f 1476 1483 1465
f 1479 1472 1408
f 1479 1408 1424
f 1481 1464 1426
f 1426 1464 1408
f 1488 1489 1435
f 1417 1435 1466
f 1466 1435 1393
f 1393 1421 1466
f 1493 1517 1520
f 1489 1393 1435
f 1504 1521 1492
f 1521 1504 1507
f 1489 1488 1490
f 1445 1469 1463
f 1503 1519 1495
f 1515 1519 1503
f 1510 1494 1501
f 1510 1516 1494
f 1423 1479 1424
f 1476 1413 1424
f 1496 1501 1494
f 1413 1467 1484
f 1484 1467 1485
f 1478 1468 1483
f 1478 1483 1481
f 1501 1496 1500
f 1495 1497 1503
f 1495 1518 1497
f 1468 1421 1483
f 1490 1488 1485
f 1490 1485 1467
f 1470 1469 1404
f 1470 1404 1484
f 1486 1473 1418
f 1518 1513 1497
f 1486 1472 1473
f 1462 1480 1479
f 1462 1479 1423
f 1472 1480 1473
f 1418 1473 1480
f 1418 1480 1475
f 1469 1475 1474
f 1469 1445 1475
f 1475 1445 1418
f 1479 1480 1472
f 1485 1488 1429
f 1398 1489 1490
f 1483 1421 1491
f 1481 1483 1464
f 1485 1429 1470
f 1485 1470 1484
f 1408 1472 1486
f 1404 1487 1411
f 1426 1486 1445
f 1529 1661 1531
f 1544 1539 1530
f 1530 1539 1537
f 1536 1535 1534
f 1535 1543 1534
f 1542 1529 1531
f 1535 1544 1543
f 1533 1532 1638
f 1539 1535 1536
f 1543 1544 1530
f 1542 1548 1529
f 1533 1549 1532
f 1539 1536 1537
f 1557 1554 1560
f 1563 1574 1578
f 1543 1530 1541
f 1543 1541 1540
f 1544 1535 1539
f 1555 1547 1545
f 1589 1586 1562
f 1551 1553 1617
f 1551 1622 1553
f 1591 1575 1577
f 1552 1618 1556
f 1551 1552 1622
f 1555 1617 1547
f 1555 1551 1617
f 1617 1553 1622
f 1617 1556 1547
f 1565 1590 1571
f 1552 1551 1545
f 1552 1545 1618
f 1622 1552 1617
f 1597 1563 1607
f 1560 1554 1574
f 1618 1545 1547
f 1596 1557 1597
f 1618 1547 1556
f 1589 1565 1571
f 1577 1602 1591
f 1545 1551 1555
f 1556 1617 1552
f 1559 1561 1558
f 1563 1561 1607
f 1571 1584 1589
f 1565 1589 1562
f 1562 1586 1572
f 1602 1558 1572
f 1589 1584 1586
f 1558 1602 1559
f 1577 1603 1602
f 1590 1554 1573
f 1578 1558 1563
f 1573 1554 1557
f 1581 1583 1579
f 1579 1583 1573
f 1581 1577 1570
f 1591 1564 1575
f 1575 1564 1570
f 1571 1582 1584
f 1568 1580 1566
f 1567 1568 1564
f 1566 1580 1584
f 1567 1564 1591
f 1566 1584 1582
f 1582 1571 1569
f 1577 1581 1603
f 1603 1581 1579
f 1573 1557 1579
f 1579 1557 1596
f 1572 1578 1562
f 1578 1572 1558
f 1586 1580 1567
f 1581 1571 1583
f 1585 1561 1559
f 1574 1563 1560
f 1597 1560 1563
f 1560 1597 1557
f 1561 1585 1607
f 1586 1591 1572
f 1586 1567 1591
f 1603 1576 1559
f 1603 1559 1602
f 1653 1629 1660
f 1565 1574 1590
f 1590 1574 1554
f 1576 1585 1559
f 1583 1571 1590
f 1583 1590 1573
f 1581 1570 1569
f 1661 1653 1660
f 1659 1549 1657
f 1575 1570 1577
f 1564 1568 1570
f 1570 1568 1569
f 1568 1566 1582
f 1568 1582 1569
f 1571 1581 1569
f 1580 1568 1567
f 1562 1574 1565
f 1638 1654 1533
f 1574 1562 1578
f 1579 1596 1603
f 1533 1654 1650
f 1603 1596 1576
f 1652 1649 1647
f 1652 1651 1649
f 1650 1656 1533
f 1650 1648 1656
f 1584 1580 1586
f 1572 1591 1602
f 1648 1542 1656
f 1648 1646 1542
f 1645 1647 1649
f 1647 1645 1644
f 1643 1548 1646
f 1643 1627 1548
f 1624 1655 1645
f 1624 1529 1655
f 1642 1538 1641
f 1546 1538 1642
f 1538 1640 1639
f 1561 1563 1558
f 1595 1598 1599
f 1623 1550 1600
f 1623 1600 1594
f 1595 1599 1593
f 1593 1599 1604
f 1594 1600 1601
f 1594 1601 1592
f 1604 1612 1593
f 1636 1652 1631
f 1636 1637 1652
f 1592 1606 1610
f 1606 1592 1601
f 1604 1608 1612
f 1609 1611 1614
f 1640 1631 1635
f 1640 1636 1631
f 1609 1614 1588
f 1587 1605 1613
f 1609 1605 1611
f 1611 1605 1587
f 1611 1587 1612
f 1609 1588 1610
f 1546 1651 1637
f 1619 1610 1588
f 1638 1538 1639
f 1610 1619 1592
f 1546 1642 1651
f 1593 1612 1587
f 1655 1644 1645
f 1593 1587 1620
f 1646 1548 1542
f 1619 1594 1592
f 1644 1634 1647
f 1634 1644 1633
f 1549 1659 1632
f 1623 1594 1619
f 1620 1595 1593
f 1550 1595 1620
f 1632 1532 1549
f 1550 1598 1595
f 1631 1647 1634
f 1631 1652 1647
f 1598 1621 1599
f 1641 1532 1632
f 1599 1621 1616
f 1599 1616 1604
f 1549 1533 1656
f 1600 1615 1601
f 1627 1630 1548
f 1616 1614 1604
f 1529 1630 1655
f 1601 1615 1606
f 1660 1542 1531
f 1614 1608 1604
f 1613 1606 1615
f 1656 1662 1657
f 1659 1653 1661
f 1659 1658 1653
f 1614 1611 1608
f 1613 1605 1606
f 1662 1628 1657
f 1662 1629 1628
f 1628 1653 1658
f 1628 1629 1653
f 1629 1663 1660
f 1550 1623 1598
f 1605 1609 1610
f 1605 1610 1606
f 1608 1611 1612
f 1587 1613 1615
f 1588 1614 1619
f 1660 1663 1542
f 1620 1587 1615
f 1616 1619 1614
f 1656 1657 1549
f 1600 1620 1615
f 1630 1627 1655
f 1621 1623 1619
f 1548 1630 1529
f 1621 1619 1616
f 1600 1550 1620
f 1598 1623 1621
f 1657 1628 1658
f 1651 1642 1626
f 1650 1635 1625
f 1654 1635 1650
f 1651 1626 1649
f 1629 1662 1663
f 1657 1658 1659
f 1650 1625 1648
f 1624 1649 1626
f 1663 1662 1656
f 1625 1646 1648
f 1625 1643 1646
f 1624 1645 1649
f 1663 1656 1542
f 1627 1643 1633
f 1531 1661 1660
f 1661 1529 1624
f 1642 1641 1626
f 1641 1538 1532
f 1626 1641 1632
f 1538 1636 1640
f 1538 1546 1636
f 1635 1631 1634
f 1635 1634 1625
f 1632 1659 1624
f 1632 1624 1626
f 1625 1633 1643
f 1633 1625 1634
f 1638 1639 1654
f 1659 1661 1624
f 1637 1651 1652
f 1633 1655 1627
f 1655 1633 1644
f 1532 1538 1638
f 1546 1637 1636
f 1639 1640 1635
f 1639 1635 1654
f 1664 1684 1666
f 1667 1677 1766
f 1665 1673 1668
f 1770 1674 1675
f 1664 1797 1684
f 1770 1677 1674
f 1684 1678 1666
f 1676 1669 1681
f 1668 1679 1665
f 1669 1668 1673
f 1671 1679 1676
f 1671 1676 1670
f 1685 1739 1687
f 1680 1673 1665
f 1679 1668 1676
f 1680 1669 1673
f 1668 1669 1676
f 1681 1669 1680
f 1762 1683 1745
f 1686 1753 1688
f 1686 1688 1690
f 1691 1707 1732
f 1692 1690 1688
f 1682 1688 1753
f 1762 1745 1689
f 1762 1689 1692
f 1753 1762 1682
f 1715 1718 1694
f 1689 1690 1692
f 1739 1696 1723
f 1683 1759 1686
f 1698 1717 1727
f 1717 1695 1727
f 1723 1724 1739
f 1683 1756 1759
f 1686 1745 1683
f 1753 1686 1759
f 1762 1692 1682
f 1686 1689 1745
f 1689 1686 1690
f 1688 1682 1692
f 1698 1700 1687
f 1732 1736 1716
f 1697 1715 1694
f 1732 1716 1691
f 1698 1687 1739
f 1739 1724 1698
f 1720 1721 1713
f 1724 1717 1698
f 1709 1702 1699
f 1701 1723 1703
f 1703 1723 1696
f 1704 1695 1705
f 1695 1704 1722
f 1736 1732 1705
f 1706 1719 1711
f 1694 1706 1712
f 1706 1708 1693
f 1708 1706 1711
f 1693 1712 1706
f 1712 1693 1697
f 1694 1719 1706
f 1704 1705 1719
f 1705 1717 1736
f 1717 1705 1695
f 1703 1696 1715
f 1715 1696 1713
f 1699 1701 1703
f 1694 1712 1697
f 1699 1691 1701
f 1715 1697 1703
f 1720 1739 1685
f 1720 1713 1696
f 1783 1784 1798
f 1783 1760 1784
f 1784 1795 1796
f 1784 1760 1795
f 1739 1720 1696
f 1701 1691 1716
f 1783 1781 1797
f 1783 1798 1781
f 1702 1691 1699
f 1796 1795 1792
f 1666 1794 1664
f 1718 1722 1704
f 1793 1684 1776
f 1722 1718 1714
f 1793 1758 1678
f 1716 1724 1701
f 1675 1674 1792
f 1701 1724 1723
f 1708 1702 1709
f 1719 1732 1711
f 1707 1710 1708
f 1788 1768 1787
f 1782 1786 1785
f 1782 1771 1786
f 1677 1667 1674
f 1707 1708 1711
f 1702 1708 1710
f 1693 1708 1709
f 1781 1674 1667
f 1691 1702 1710
f 1785 1780 1782
f 1779 1780 1785
f 1678 1778 1666
f 1693 1709 1697
f 1780 1776 1777
f 1691 1710 1707
f 1768 1772 1787
f 1711 1732 1707
f 1775 1770 1769
f 1770 1775 1672
f 1787 1772 1774
f 1718 1719 1694
f 1719 1718 1704
f 1713 1721 1714
f 1736 1724 1716
f 1724 1736 1717
f 1672 1766 1677
f 1713 1714 1718
f 1786 1767 1790
f 1786 1773 1767
f 1775 1772 1672
f 1713 1718 1715
f 1697 1709 1699
f 1697 1699 1703
f 1732 1719 1705
f 1721 1720 1685
f 1729 1750 1754
f 1728 1754 1750
f 1754 1728 1733
f 1731 1730 1726
f 1771 1773 1786
f 1771 1774 1773
f 1738 1733 1728
f 1677 1770 1672
f 1726 1735 1731
f 1738 1734 1733
f 1737 1735 1726
f 1737 1725 1741
f 1737 1741 1735
f 1738 1741 1725
f 1767 1775 1769
f 1738 1725 1734
f 1672 1768 1766
f 1768 1672 1772
f 1776 1755 1777
f 1776 1684 1755
f 1678 1765 1778
f 1678 1758 1765
f 1782 1777 1764
f 1780 1777 1782
f 1666 1763 1792
f 1666 1778 1763
f 1729 1730 1750
f 1735 1741 1744
f 1792 1761 1675
f 1792 1763 1761
f 1764 1771 1782
f 1764 1787 1771
f 1789 1675 1761
f 1675 1789 1770
f 1725 1743 1734
f 1742 1737 1746
f 1746 1737 1726
f 1740 1738 1728
f 1740 1728 1747
f 1747 1728 1750
f 1726 1730 1751
f 1726 1751 1746
f 1730 1729 1751
f 1752 1750 1730
f 1674 1781 1796
f 1752 1730 1731
f 1754 1733 1749
f 1794 1783 1797
f 1748 1752 1731
f 1735 1744 1731
f 1731 1744 1748
f 1734 1743 1749
f 1760 1783 1794
f 1734 1749 1733
f 1784 1796 1798
f 1742 1725 1737
f 1795 1760 1791
f 1741 1738 1740
f 1741 1740 1744
f 1725 1742 1743
f 1798 1796 1781
f 1743 1742 1746
f 1792 1791 1666
f 1792 1795 1791
f 1797 1664 1794
f 1743 1746 1749
f 1744 1740 1748
f 1748 1740 1747
f 1747 1750 1752
f 1747 1752 1748
f 1746 1751 1754
f 1746 1754 1749
f 1751 1729 1754
f 1791 1760 1794
f 1666 1791 1794
f 1796 1792 1674
f 1758 1793 1776
f 1793 1678 1684
f 1766 1788 1667
f 1788 1766 1768
f 1785 1790 1757
f 1785 1786 1790
f 1761 1790 1789
f 1790 1761 1757
f 1788 1787 1764
f 1763 1757 1761
f 1755 1667 1788
f 1755 1781 1667
f 1757 1779 1785
f 1765 1779 1757
f 1764 1755 1788
f 1755 1797 1781
f 1779 1776 1780
f 1758 1776 1779
f 1778 1765 1757
f 1778 1757 1763
f 1774 1772 1773
f 1777 1755 1764
f 1765 1758 1779
f 1684 1797 1755
f 1773 1772 1775
f 1773 1775 1767
f 1769 1770 1789
f 1787 1774 1771
f 1790 1769 1789
f 1790 1767 1769
f 1799 1801 1806
f 1799 1800 1927
f 1799 1927 1804
f 1803 1800 1807
f 1800 1799 1807
f 1804 1927 1806
f 1804 1806 1801
f 1801 1799 1804
f 1803 1807 1799
f 1927 1805 1803
f 1927 1803 1806
f 1825 1826 1828
f 1800 1803 1805
f 1927 1800 1805
f 1816 1829 1817
f 1799 1806 1803
f 1811 1879 1835
f 1816 1817 1833
f 1879 1811 1874
f 1843 1874 1811
f 1843 1834 1840
f 1812 1881 1874
f 1841 1813 1832
f 1874 1840 1812
f 1846 1838 1848
f 1866 1885 1851
f 1838 1853 1848
f 1813 1841 1844
f 1827 1881 1830
f 1830 1881 1812
f 1844 1877 1813
f 1866 1830 1839
f 1814 1818 1824
f 1851 1823 1866
f 1808 1846 1818
f 1815 1809 1851
f 1815 1820 1809
f 1808 1815 1821
f 1808 1821 1846
f 1809 1822 1823
f 1851 1809 1823
f 1824 1866 1822
f 1879 1859 1835
f 1879 1881 1859
f 1811 1835 1877
f 1830 1824 1827
f 1835 1813 1877
f 1834 1877 1844
f 1866 1839 1885
f 1837 1859 1881
f 1853 1837 1827
f 1827 1837 1881
f 1834 1844 1841
f 1834 1841 1885
f 1838 1846 1832
f 1832 1846 1821
f 1843 1877 1834
f 1877 1843 1811
f 1841 1851 1885
f 1851 1841 1842
f 1830 1812 1839
f 1839 1812 1840
f 1832 1835 1838
f 1835 1832 1813
f 1815 1808 1820
f 1848 1824 1818
f 1814 1824 1822
f 1820 1808 1814
f 1814 1808 1818
f 1842 1815 1851
f 1818 1846 1848
f 1821 1815 1842
f 1809 1820 1814
f 1809 1814 1822
f 1823 1822 1866
f 1824 1848 1827
f 1827 1848 1853
f 1835 1859 1837
f 1838 1835 1837
f 1838 1837 1853
f 1839 1840 1885
f 1885 1840 1834
f 1832 1821 1842
f 1832 1842 1841
f 1866 1824 1830
f 1874 1843 1840
f 1874 1881 1879
f 1875 1836 1849
f 1875 1849 1852
f 1850 1847 1854
f 1852 1849 1845
f 1852 1845 1855
f 1858 1854 1847
f 1937 1938 1943
f 1854 1858 1857
f 1955 1941 1954
f 1845 1860 1856
f 1845 1856 1855
f 1861 1862 1856
f 1861 1856 1860
f 1862 1861 1857
f 1943 1947 1945
f 1938 1947 1943
f 1954 1941 1950
f 1862 1857 1858
f 1875 1850 1836
f 1857 1861 1867
f 1856 1862 1865
f 1868 1863 1860
f 1868 1860 1845
f 1847 1864 1858
f 1802 1939 1922
f 1958 1939 1802
f 1864 1847 1869
f 1957 1936 1921
f 1849 1873 1845
f 1845 1873 1868
f 1847 1872 1869
f 1850 1872 1847
f 1849 1836 1873
f 1951 1956 1952
f 1850 1875 1872
f 1836 1850 1873
f 1875 1852 1871
f 1873 1850 1854
f 1949 1953 1948
f 1873 1854 1870
f 1951 1952 1944
f 1871 1852 1855
f 1870 1854 1867
f 1949 1948 1946
f 1855 1856 1865
f 1944 1952 1945
f 1948 1950 1946
f 1948 1954 1950
f 1855 1865 1871
f 1944 1945 1947
f 1857 1867 1854
f 1862 1858 1864
f 1935 1810 1940
f 1863 1861 1860
f 1867 1861 1863
f 1865 1862 1864
f 1867 1863 1868
f 1865 1864 1871
f 1958 1942 1939
f 1870 1867 1868
f 1869 1871 1864
f 1935 1940 1936
f 1873 1870 1868
f 1872 1875 1871
f 1872 1871 1869
f 1916 1882 1917
f 1916 1917 1915
f 1880 1882 1909
f 1911 1916 1915
f 1935 1936 1957
f 1911 1915 1912
f 1910 1880 1909
f 1914 1913 1825
f 1914 1825 1828
f 1829 1816 1910
f 1883 1878 1884
f 1884 1878 1876
f 1933 1951 1939
f 1892 1817 1829
f 1892 1829 1886
f 1886 1829 1911
f 1876 1887 1893
f 1940 1934 1936
f 1876 1893 1884
f 1896 1826 1825
f 1942 1933 1939
f 1894 1907 1887
f 1831 1889 1903
f 1819 1888 1833
f 1831 1903 1878
f 1891 1890 1905
f 1905 1890 1883
f 1810 1933 1942
f 1890 1878 1883
f 1932 1945 1931
f 1819 1831 1891
f 1929 1954 1948
f 1929 1930 1954
f 1931 1952 1957
f 1952 1931 1945
f 1819 1891 1888
f 1831 1819 1889
f 1889 1819 1892
f 1898 1907 1894
f 1948 1802 1929
f 1953 1802 1948
f 1895 1908 1826
f 1895 1826 1896
f 1897 1894 1887
f 1897 1887 1876
f 1956 1957 1952
f 1900 1896 1825
f 1900 1825 1910
f 1816 1900 1910
f 1900 1816 1901
f 1878 1903 1876
f 1876 1903 1897
f 1816 1906 1901
f 1951 1922 1939
f 1833 1906 1816
f 1949 1936 1934
f 1936 1949 1921
f 1825 1913 1910
f 1909 1911 1829
f 1915 1914 1912
f 1915 1917 1914
f 1941 1928 1950
f 1926 1928 1941
f 1882 1916 1909
f 1925 1947 1938
f 1909 1916 1911
f 1913 1880 1910
f 1912 1914 1828
f 1826 1907 1828
f 1941 1955 1926
f 1882 1880 1917
f 1938 1937 1925
f 1889 1892 1904
f 1930 1955 1954
f 1955 1930 1937
f 1937 1943 1924
f 1905 1883 1902
f 1902 1883 1884
f 1904 1892 1886
f 1884 1899 1902
f 1904 1886 1911
f 1904 1911 1898
f 1884 1893 1895
f 1924 1945 1932
f 1943 1945 1924
f 1884 1895 1899
f 1912 1898 1911
f 1893 1907 1908
f 1907 1893 1887
f 1953 1958 1802
f 1923 1958 1953
f 1817 1819 1833
f 1831 1878 1890
f 1888 1891 1905
f 1888 1905 1906
f 1833 1888 1906
f 1891 1831 1890
f 1819 1817 1892
f 1898 1828 1907
f 1828 1898 1912
f 1908 1895 1893
f 1898 1894 1897
f 1899 1895 1896
f 1899 1896 1900
f 1898 1897 1904
f 1919 1951 1944
f 1922 1951 1919
f 1946 1921 1949
f 1921 1946 1920
f 1901 1902 1900
f 1900 1902 1899
f 1950 1920 1946
f 1920 1950 1928
f 1944 1925 1919
f 1944 1947 1925
f 1810 1942 1923
f 1903 1904 1897
f 1918 1810 1935
f 1906 1905 1902
f 1906 1902 1901
f 1903 1889 1904
f 1826 1908 1907
f 1910 1909 1829
f 1923 1942 1958
f 1917 1880 1913
f 1918 1935 1956
f 1917 1913 1914
f 1925 1937 1930
f 1937 1924 1955
f 1955 1924 1926
f 1924 1932 1926
f 1926 1932 1928
f 1934 1953 1949
f 1953 1934 1923
f 1956 1935 1957
f 1802 1922 1929
f 1929 1922 1919
f 1957 1920 1931
f 1933 1956 1951
f 1920 1957 1921
f 1919 1925 1930
f 1919 1930 1929
f 1931 1928 1932
f 1940 1923 1934
f 1928 1931 1920
f 1933 1918 1956
f 1810 1918 1933
f 1810 1923 1940
f 1960 1959 1962
f 2072 2060 2090
f 2072 2090 1964
f 1964 2056 2072
f 1963 2056 1959
f 1963 2090 2060
f 1960 2090 1959
f 2056 1963 2060
f 1988 2067 1979
f 2072 2056 2060
f 2059 1989 2050
f 1964 2090 1960
f 1964 1960 1962
f 2090 1963 1959
f 2056 1964 1962
f 2056 1962 1959
f 1996 1995 1997
f 1976 1989 1975
f 1983 2009 1972
f 1991 2047 2001
f 1984 2010 1970
f 1996 1991 1967
f 1970 2010 2028
f 1970 1998 1997
f 1984 1993 2009
f 1970 1997 1984
f 1985 1971 1986
f 1971 1985 2000
f 2000 2047 1971
f 1998 1996 1997
f 1987 1991 1996
f 1985 1983 1972
f 1994 2009 1980
f 1973 2010 1994
f 2010 1984 2009
f 2048 1990 2032
f 1980 1973 1994
f 2045 1974 2032
f 1968 2000 1999
f 2045 1978 1974
f 1973 1977 1978
f 1981 1977 1973
f 1981 1973 1980
f 2009 1983 1980
f 1985 2048 1983
f 1999 1992 1968
f 2048 1985 1986
f 1996 1998 1987
f 2048 1986 1990
f 1972 2000 1985
f 2000 1972 1999
f 2020 2048 2032
f 1965 1987 1970
f 1970 1987 1998
f 2028 1978 2045
f 2028 2045 1965
f 2028 1965 1970
f 1997 1995 1992
f 1968 1995 1967
f 2047 2000 2001
f 1967 2001 1968
f 2001 1967 1991
f 2000 1968 2001
f 1995 1968 1992
f 2010 1978 2028
f 1984 1992 1993
f 1992 1984 1997
f 1971 1991 1990
f 1971 1990 1986
f 1971 2047 1991
f 1972 2009 1993
f 1983 2020 1981
f 2020 2032 1974
f 2010 1973 1978
f 1981 1974 1977
f 1974 1981 2020
f 1980 1983 1981
f 1983 2048 2020
f 1974 1978 1977
f 1990 1991 1965
f 1965 1991 1987
f 1993 1999 1972
f 1999 1993 1992
f 1994 2010 2009
f 1966 2096 2111
f 1965 2032 1990
f 2104 2089 2100
f 2032 1965 2045
f 1995 1996 1967
f 2007 2030 2011
f 2008 2012 2006
f 2007 2011 2013
f 2005 2007 2013
f 2014 2006 2012
f 2112 2100 2109
f 2100 2112 2104
f 2006 2014 2004
f 2016 2021 2013
f 2013 2021 2005
f 2015 2018 2004
f 2114 2081 1969
f 2081 2114 2103
f 2015 2004 2014
f 2019 2024 2003
f 2023 2017 2022
f 2017 2023 2002
f 2017 2002 2018
f 2003 2022 2019
f 2022 2003 2021
f 2018 2002 2027
f 2021 2003 2029
f 2018 2027 2004
f 2021 2029 2005
f 2027 2006 2004
f 2029 2030 2007
f 2029 2007 2005
f 2116 2113 2107
f 2113 2116 1961
f 2118 2110 2115
f 2108 2110 2118
f 2008 2030 2012
f 2026 2012 2030
f 2108 2106 2110
f 2088 2106 2108
f 2086 2107 2113
f 2086 2105 2107
f 2099 2102 2103
f 2025 2013 2011
f 2102 2101 2097
f 2012 2026 2014
f 2025 2016 2013
f 2024 2015 2014
f 2024 2014 2026
f 2023 2016 2025
f 2099 2103 2114
f 2024 2019 2015
f 2097 2101 2098
f 2023 2022 2016
f 2008 2011 2030
f 2017 2019 2022
f 2018 2019 2017
f 2019 2018 2015
f 2016 2022 2021
f 2002 2023 2027
f 2027 2023 2025
f 2117 2097 2098
f 2003 2024 2029
f 2029 2024 2026
f 2025 2011 2006
f 2025 2006 2027
f 2026 2030 2029
f 2116 2098 2093
f 2011 2008 2006
f 2065 2074 2075
f 2075 2074 2068
f 2073 2071 1975
f 2103 2094 2095
f 2070 2069 1979
f 2101 2093 2098
f 2044 2040 1976
f 2033 2044 1976
f 2031 2042 2041
f 2042 2031 2034
f 2070 2035 1976
f 2103 2102 2094
f 1976 2035 2033
f 2101 2102 2093
f 1979 2036 2035
f 2092 2088 2108
f 2109 2088 2092
f 2096 2113 2091
f 2096 2086 2113
f 2117 2108 2118
f 2092 2108 2117
f 1979 2035 2070
f 2051 2037 2034
f 2051 2034 2031
f 2067 2066 2054
f 1961 2091 2113
f 2091 1961 1969
f 2067 2054 2036
f 2052 2055 2037
f 1982 2038 2050
f 2046 2043 2039
f 2064 2041 2049
f 2063 2049 2046
f 2049 2063 2064
f 2042 1982 2041
f 2039 2043 1982
f 2039 1982 2040
f 2038 1982 2042
f 2052 2037 2051
f 2067 2036 1979
f 2053 2051 2031
f 2095 2081 2103
f 2115 2081 2095
f 2053 2031 2057
f 1975 2059 2073
f 1975 1989 2059
f 2057 2041 2064
f 2041 2057 2031
f 2062 2038 2042
f 1976 1975 2070
f 2109 2087 2088
f 2087 2109 2100
f 1979 2069 2075
f 1979 2075 1988
f 2071 2076 2070
f 2074 2078 2073
f 2074 2073 2068
f 2077 2076 2071
f 2100 2089 2087
f 2065 2077 2078
f 1966 2086 2096
f 2065 2078 2074
f 2085 2089 2104
f 2089 2085 1966
f 2084 1966 2111
f 2069 2076 2065
f 2069 2065 2075
f 2071 2070 1975
f 2066 2067 2052
f 2040 1989 1976
f 2105 2104 2112
f 2104 2105 2085
f 2084 2111 2106
f 2061 2063 2044
f 2061 2044 2033
f 2062 2042 2034
f 2035 2061 2033
f 2061 2035 2058
f 2034 2055 2062
f 2036 2054 2058
f 2083 1969 1961
f 1969 2083 2114
f 2036 2058 2035
f 2118 2082 2117
f 2037 2055 2034
f 2054 2066 2053
f 2052 1988 2055
f 2055 1988 2068
f 2050 1989 1982
f 2080 2098 2116
f 2043 2046 2049
f 2044 2039 2040
f 2063 2046 2039
f 2063 2039 2044
f 2081 2115 2079
f 2049 2041 1982
f 2080 2116 2107
f 2049 1982 2043
f 1982 1989 2040
f 2110 2079 2115
f 2066 2052 2053
f 2112 2080 2107
f 2106 2079 2110
f 2106 2111 2079
f 2053 2052 2051
f 2105 2112 2107
f 2055 2068 2073
f 2054 2053 2057
f 2102 2097 2094
f 2054 2057 2058
f 2073 2059 2062
f 2073 2062 2055
f 2058 2057 2061
f 2061 2064 2063
f 2099 2114 2083
f 2064 2061 2057
f 2062 2050 2038
f 2082 2094 2097
f 2050 2062 2059
f 2076 2077 2065
f 2052 2067 1988
f 2075 2068 1988
f 2076 2069 2070
f 2073 2078 2071
f 2078 2077 2071
f 2117 2082 2097
f 1966 2085 2086
f 1966 2084 2089
f 2089 2084 2087
f 2085 2105 2086
f 2084 2088 2087
f 2083 2116 2093
f 2088 2084 2106
f 2118 2115 2082
f 2082 2115 2095
f 1961 2116 2083
f 2095 2094 2082
f 2117 2098 2080
f 2079 1969 2081
f 2083 2093 2099
f 1969 2079 2091
f 2112 2092 2080
f 2080 2092 2117
f 2111 2096 2091
f 2111 2091 2079
f 2112 2109 2092
f 2093 2102 2099
f 2173 2131 2181
f 2188 2210 2132
f 2125 2126 2127
f 2199 2180 2183
f 2129 2123 2166
f 2179 2122 2163
f 2150 2138 2204
f 2127 2189 2125
f 2189 2127 2190
f 2146 2147 2148
f 2130 2162 2128
f 2134 2193 2176
f 2134 2136 2192
f 2124 2119 2167
f 2128 2162 2163
f 2189 2190 2166
f 2196 2126 2125
f 2187 2208 2128
f 2181 2180 2173
f 2131 2210 2181
f 2184 2121 2207
f 2132 2131 2122
f 2189 2186 2187
f 2134 2155 2136
f 2134 2192 2193
f 2194 2195 2205
f 2202 2121 2201
f 2171 2148 2205
f 2199 2196 2203
f 2163 2122 2120
f 2134 2176 2155
f 2204 2144 2198
f 2204 2198 2205
f 2210 2184 2181
f 2205 2148 2142
f 2161 2152 2159
f 2135 2155 2164
f 2156 2192 2165
f 2142 2147 2158
f 2203 2200 2199
f 2158 2147 2160
f 2154 2137 2174
f 2152 2140 2175
f 2174 2149 2176
f 2184 2207 2129
f 2149 2174 2145
f 2165 2143 2170
f 2209 2208 2187
f 2196 2183 2126
f 2151 2168 2169
f 2130 2179 2162
f 2139 2204 2205
f 2141 2142 2158
f 2133 2159 2164
f 2159 2133 2138
f 2143 2195 2170
f 2203 2196 2125
f 2160 2146 2137
f 2202 2187 2186
f 2151 2176 2149
f 2154 2153 2160
f 2160 2153 2158
f 2178 2151 2169
f 2139 2140 2172
f 2140 2152 2161
f 2152 2136 2155
f 2152 2155 2135
f 2193 2156 2153
f 2176 2193 2174
f 2148 2145 2146
f 2141 2157 2170
f 2144 2133 2178
f 2198 2171 2205
f 2147 2142 2148
f 2177 2175 2140
f 2171 2149 2145
f 2171 2145 2148
f 2141 2170 2194
f 2197 2178 2169
f 2166 2211 2189
f 2187 2128 2189
f 2178 2197 2144
f 2163 2162 2179
f 2205 2143 2177
f 2143 2205 2195
f 2119 2203 2191
f 2154 2193 2153
f 2151 2149 2168
f 2119 2120 2200
f 2189 2202 2186
f 2120 2119 2124
f 2188 2179 2130
f 2209 2201 2208
f 2180 2181 2184
f 2182 2180 2185
f 2210 2131 2132
f 2184 2201 2121
f 2201 2184 2210
f 2185 2184 2129
f 2121 2189 2123
f 2173 2199 2200
f 2173 2180 2199
f 2182 2126 2183
f 2126 2182 2127
f 2208 2210 2188
f 2163 2124 2206
f 2207 2121 2123
f 2125 2191 2203
f 2201 2209 2202
f 2167 2119 2191
f 2167 2206 2124
f 2211 2166 2123
f 2163 2120 2124
f 2179 2132 2122
f 2182 2185 2127
f 2127 2185 2190
f 2200 2203 2119
f 2180 2184 2185
f 2120 2131 2173
f 2131 2120 2122
f 2123 2129 2207
f 2128 2167 2191
f 2128 2191 2189
f 2189 2191 2125
f 2188 2132 2179
f 2196 2199 2183
f 2201 2210 2208
f 2121 2202 2189
f 2128 2208 2188
f 2128 2188 2130
f 2145 2137 2146
f 2183 2180 2182
f 2206 2167 2128
f 2206 2128 2163
f 2168 2171 2198
f 2189 2211 2123
f 2129 2166 2185
f 2185 2166 2190
f 2209 2187 2202
f 2200 2120 2173
f 2156 2165 2157
f 2155 2176 2151
f 2192 2175 2143
f 2204 2139 2172
f 2159 2138 2150
f 2158 2157 2141
f 2164 2178 2133
f 2158 2153 2157
f 2205 2142 2194
f 2194 2142 2141
f 2144 2197 2198
f 2150 2161 2159
f 2171 2168 2149
f 2155 2178 2164
f 2174 2193 2154
f 2172 2140 2161
f 2137 2154 2160
f 2192 2143 2165
f 2144 2138 2133
f 2144 2204 2138
f 2172 2150 2204
f 2161 2150 2172
f 2195 2194 2170
f 2175 2136 2152
f 2145 2174 2137
f 2160 2147 2146
f 2198 2169 2168
f 2198 2197 2169
f 2153 2156 2157
f 2177 2140 2139
f 2177 2139 2205
f 2159 2152 2135
f 2157 2165 2170
f 2135 2164 2159
f 2155 2151 2178
f 2143 2175 2177
f 2192 2136 2175
f 2193 2192 2156
f 2214 2241 2233
f 2231 2244 2240
f 2230 2256 2239
f 2215 2214 2233
f 2217 2224 2225
f 2250 2231 2240
f 2250 2240 2243
f 2230 2239 2276
f 2233 2234 2235
f 2230 2276 2226
f 2237 2248 2221
f 2236 2257 2213
f 2236 2213 2272
f 2238 2220 2270
f 2258 2221 2255
f 2252 2229 2228
f 2224 2243 2215
f 2224 2235 2225
f 2229 2253 2228
f 2228 2253 2254
f 2249 2255 2254
f 2265 2266 2222
f 2232 2251 2249
f 2236 2272 2277
f 2232 2249 2234
f 2246 2247 2251
f 2269 2245 2276
f 2275 2271 2273
f 2275 2269 2271
f 2258 2247 2260
f 2227 2213 2258
f 2261 2272 2264
f 2277 2268 2273
f 2270 2277 2267
f 2274 2245 2269
f 2274 2275 2268
f 2269 2250 2212
f 2269 2212 2271
f 2270 2236 2277
f 2277 2261 2268
f 2264 2222 2266
f 2261 2277 2272
f 2272 2213 2227
f 2227 2260 2263
f 2258 2260 2227
f 2227 2263 2222
f 2262 2247 2246
f 2247 2258 2249
f 2215 2235 2224
f 2235 2215 2233
f 2228 2267 2252
f 2249 2258 2255
f 2223 2212 2218
f 2223 2218 2252
f 2257 2237 2213
f 2253 2249 2254
f 2234 2233 2265
f 2259 2238 2216
f 2244 2241 2214
f 2240 2244 2214
f 2225 2235 2253
f 2239 2256 2231
f 2243 2240 2214
f 2219 2229 2252
f 2243 2214 2215
f 2223 2252 2267
f 2218 2250 2217
f 2238 2270 2267
f 2239 2231 2250
f 2239 2250 2276
f 2242 2230 2226
f 2218 2217 2219
f 2252 2218 2219
f 2243 2224 2217
f 2242 2226 2266
f 2248 2259 2216
f 2228 2254 2216
f 2248 2216 2255
f 2257 2248 2237
f 2259 2220 2238
f 2255 2216 2254
f 2237 2221 2213
f 2246 2251 2232
f 2251 2247 2249
f 2213 2221 2258
f 2219 2225 2229
f 2238 2228 2216
f 2228 2238 2267
f 2265 2246 2234
f 2259 2248 2257
f 2263 2262 2222
f 2272 2222 2264
f 2222 2272 2227
f 2226 2276 2245
f 2233 2266 2265
f 2274 2264 2245
f 2269 2276 2250
f 2268 2261 2274
f 2271 2212 2223
f 2271 2223 2273
f 2274 2269 2275
f 2267 2277 2273
f 2245 2264 2226
f 2226 2264 2266
f 2222 2246 2265
f 2246 2222 2262
f 2267 2273 2223
f 2260 2262 2263
f 2273 2268 2275
f 2260 2247 2262
f 2256 2230 2244
f 2261 2264 2274
f 2244 2231 2256
f 2234 2246 2232
f 2235 2234 2253
f 2253 2234 2249
f 2250 2243 2217
f 2212 2250 2218
f 2270 2220 2236
f 2230 2241 2244
f 2220 2259 2257
f 2220 2257 2236
f 2221 2248 2255
f 2233 2242 2266
f 2241 2242 2233
f 2241 2230 2242
f 2219 2217 2225
f 2229 2225 2253
f 2294 2295 2334
f 2321 2296 2293
f 2303 2289 2290
f 2292 2289 2303
f 2296 2333 2293
f 2292 2290 2289
f 2296 2321 2322
f 2296 2322 2295
f 2279 2290 2298
f 2341 2291 2340
f 2331 2293 2342
f 2331 2342 2297
f 2332 2294 2291
f 2299 2340 2339
f 2300 2288 2342
f 2300 2342 2337
f 2301 2287 2299
f 2299 2287 2340
f 2302 2286 2288
f 2302 2288 2300
f 2285 2287 2301
f 2285 2301 2304
f 2282 2286 2302
f 2298 2283 2279
f 2286 2282 2284
f 2281 2285 2304
f 2281 2304 2306
f 2298 2290 2292
f 2303 2305 2292
f 2290 2279 2303
f 2282 2308 2280
f 2278 2281 2307
f 2280 2308 2279
f 2295 2317 2296
f 2311 2309 2307
f 2307 2309 2278
f 2296 2317 2336
f 2312 2279 2308
f 2322 2321 2338
f 2279 2312 2303
f 2309 2310 2278
f 2278 2310 2314
f 2338 2321 2331
f 2280 2279 2283
f 2332 2336 2317
f 2314 2318 2281
f 2314 2281 2278
f 2280 2325 2282
f 2325 2280 2319
f 2318 2324 2285
f 2318 2285 2281
f 2282 2325 2284
f 2284 2329 2286
f 2329 2284 2325
f 2324 2328 2287
f 2324 2287 2285
f 2339 2338 2330
f 2288 2286 2329
f 2328 2341 2340
f 2328 2340 2287
f 2288 2297 2342
f 2294 2334 2291
f 2291 2334 2339
f 2293 2333 2337
f 2338 2339 2334
f 2293 2337 2342
f 2335 2333 2336
f 2333 2335 2337
f 2291 2339 2340
f 2309 2311 2310
f 2310 2311 2305
f 2310 2305 2312
f 2294 2332 2317
f 2321 2293 2331
f 2317 2295 2294
f 2322 2334 2295
f 2334 2322 2338
f 2296 2336 2333
f 2338 2297 2330
f 2335 2291 2341
f 2297 2299 2330
f 2288 2299 2297
f 2338 2331 2297
f 2336 2332 2291
f 2336 2291 2335
f 2330 2299 2339
f 2335 2300 2337
f 2301 2299 2327
f 2299 2329 2327
f 2329 2299 2288
f 2326 2341 2328
f 2326 2335 2341
f 2326 2300 2335
f 2300 2326 2302
f 2304 2301 2327
f 2304 2327 2323
f 2320 2302 2326
f 2302 2320 2282
f 2306 2304 2323
f 2306 2323 2315
f 2327 2325 2323
f 2325 2327 2329
f 2320 2328 2324
f 2320 2326 2328
f 2316 2282 2320
f 2282 2316 2308
f 2315 2281 2306
f 2318 2308 2316
f 2307 2281 2315
f 2313 2308 2318
f 2311 2307 2315
f 2310 2312 2308
f 2323 2319 2315
f 2319 2323 2325
f 2316 2324 2318
f 2316 2320 2324
f 2310 2308 2313
f 2305 2303 2312
f 2298 2292 2305
f 2298 2305 2283
f 2280 2315 2319
f 2314 2310 2313
f 2305 2311 2283
f 2315 2283 2311
f 2313 2318 2314
f 2283 2315 2280
f 2377 2401 2382
f 2382 2401 2355
f 2353 2351 2404
f 2356 2349 2355
f 2354 2405 2358
f 2357 2363 2373
f 2390 2355 2349
f 2365 2363 2370
f 2405 2391 2353
f 2365 2350 2373
f 2405 2353 2358
f 2348 2356 2402
f 2403 2347 2358
f 2348 2346 2359
f 2358 2347 2360
f 2360 2347 2345
f 2373 2363 2365
f 2370 2363 2357
f 2359 2346 2344
f 2359 2344 2361
f 2373 2352 2357
f 2360 2345 2362
f 2362 2345 2386
f 2361 2344 2367
f 2361 2367 2364
f 2362 2386 2366
f 2366 2386 2379
f 2366 2379 2385
f 2367 2343 2368
f 2385 2379 2369
f 2377 2376 2395
f 2372 2368 2343
f 2371 2370 2357
f 2371 2357 2352
f 2369 2373 2407
f 2407 2373 2350
f 2397 2380 2390
f 2372 2343 2375
f 2391 2395 2376
f 2369 2379 2373
f 2367 2381 2375
f 2367 2375 2343
f 2379 2386 2383
f 2344 2387 2381
f 2344 2381 2367
f 2345 2393 2386
f 2386 2393 2388
f 2346 2394 2387
f 2346 2387 2344
f 2400 2393 2345
f 2350 2374 2407
f 2371 2374 2350
f 2400 2345 2347
f 2348 2394 2346
f 2371 2372 2374
f 2394 2348 2399
f 2406 2400 2347
f 2406 2347 2403
f 2402 2399 2348
f 2399 2402 2405
f 2405 2395 2391
f 2406 2397 2390
f 2406 2390 2349
f 2405 2354 2399
f 2403 2397 2406
f 2403 2404 2397
f 2401 2405 2402
f 2405 2401 2395
f 2380 2351 2382
f 2382 2351 2377
f 2397 2404 2351
f 2351 2380 2397
f 2377 2395 2401
f 2351 2376 2377
f 2376 2351 2353
f 2380 2382 2355
f 2380 2355 2390
f 2353 2391 2376
f 2355 2402 2356
f 2402 2355 2401
f 2403 2358 2404
f 2404 2358 2353
f 2349 2400 2406
f 2349 2348 2400
f 2348 2349 2356
f 2400 2348 2396
f 2396 2348 2359
f 2354 2358 2360
f 2399 2398 2394
f 2399 2354 2398
f 2393 2400 2396
f 2354 2360 2398
f 2396 2359 2389
f 2389 2359 2361
f 2398 2360 2362
f 2398 2362 2392
f 2389 2361 2384
f 2384 2361 2364
f 2392 2362 2366
f 2392 2366 2385
f 2394 2392 2387
f 2394 2398 2392
f 2388 2396 2389
f 2393 2396 2388
f 2364 2367 2384
f 2384 2367 2368
f 2385 2369 2378
f 2384 2368 2352
f 2368 2371 2352
f 2378 2407 2374
f 2389 2386 2388
f 2407 2378 2369
f 2387 2385 2381
f 2387 2392 2385
f 2383 2389 2384
f 2386 2389 2383
f 2368 2372 2371
f 2350 2365 2370
f 2350 2370 2371
f 2375 2374 2372
f 2374 2375 2378
f 2373 2384 2352
f 2384 2379 2383
f 2379 2384 2373
f 2381 2378 2375
f 2381 2385 2378
f 2433 2409 2418
f 2420 2428 2413
f 2436 2415 2416
f 2421 2430 2412
f 2428 2411 2413
f 2414 2429 2423
f 2429 2414 2410
f 2436 2422 2415
f 2422 2436 2437
f 2418 2424 2433
f 2440 2421 2427
f 2421 2440 2420
f 2441 2420 2413
f 2423 2429 2430
f 2432 2431 2438
f 2438 2431 2441
f 2427 2416 2440
f 2425 2417 2419
f 2426 2417 2408
f 2425 2419 2414
f 2441 2413 2438
f 2414 2419 2410
f 2437 2426 2408
f 2439 2437 2408
f 2419 2409 2410
f 2408 2417 2439
f 2425 2442 2439
f 2425 2435 2442
f 2416 2428 2440
f 2426 2437 2436
f 2430 2441 2431
f 2424 2436 2416
f 2435 2434 2442
f 2435 2423 2431
f 2431 2423 2430
f 2437 2439 2442
f 2410 2409 2433
f 2410 2433 2429
f 2438 2413 2411
f 2421 2412 2427
f 2420 2440 2428
f 2420 2430 2421
f 2430 2420 2441
f 2414 2423 2435
f 2432 2435 2431
f 2434 2435 2432
f 2433 2416 2427
f 2433 2424 2416
f 2414 2435 2425
f 2430 2429 2412
f 2428 2415 2411
f 2416 2415 2428
f 2417 2426 2419
f 2418 2436 2424
f 2417 2425 2439
f 2436 2418 2426
f 2437 2442 2422
f 2422 2442 2434
f 2429 2433 2427
f 2434 2432 2415
f 2419 2418 2409
f 2419 2426 2418
f 2434 2415 2422
f 2429 2427 2412
f 2415 2432 2411
f 2411 2432 2438
f 2465 2450 2458
f 2450 2465 2462
f 2458 2464 2465
f 2444 2451 2452
f 2444 2452 2453
f 2465 2464 2449
f 2471 2470 2443
f 2471 2443 2446
f 2451 2469 2452
f 2452 2469 2445
f 2454 2475 2473
f 2475 2454 2448
f 2460 2444 2456
f 2460 2474 2458
f 2447 2448 2454
f 2460 2456 2474
f 2447 2477 2472
f 2445 2473 2459
f 2463 2472 2477
f 2443 2461 2446
f 2461 2443 2457
f 2455 2445 2459
f 2455 2446 2461
f 2450 2466 2460
f 2472 2468 2447
f 2468 2472 2449
f 2444 2457 2456
f 2444 2453 2457
f 2476 2473 2475
f 2466 2451 2444
f 2466 2444 2460
f 2447 2471 2448
f 2471 2447 2468
f 2448 2471 2475
f 2469 2473 2445
f 2475 2471 2446
f 2475 2446 2476
f 2463 2449 2472
f 2465 2449 2463
f 2458 2450 2460
f 2462 2465 2463
f 2464 2458 2474
f 2463 2477 2462
f 2470 2456 2443
f 2470 2468 2464
f 2468 2470 2471
f 2467 2451 2466
f 2467 2469 2451
f 2449 2464 2468
f 2443 2456 2457
f 2462 2466 2450
f 2462 2467 2466
f 2469 2454 2473
f 2456 2470 2464
f 2455 2459 2476
f 2467 2454 2469
f 2454 2467 2447
f 2474 2456 2464
f 2462 2447 2467
f 2447 2462 2477
f 2453 2461 2457
f 2445 2455 2461
f 2446 2455 2476
f 2452 2445 2461
f 2452 2461 2453
f 2473 2476 2459
f 2478 2489 2480
f 2478 2481 2504
f 2494 2484 2506
f 2487 2510 2507
f 2509 2488 2482
f 2507 2510 2486
f 2507 2486 2501
f 2497 2503 2502
f 2497 2502 2500
f 2494 2506 2492
f 2494 2499 2484
f 2503 2497 2491
f 2478 2504 2487
f 2478 2480 2481
f 2493 2490 2496
f 2499 2500 2502
f 2499 2502 2484
f 2496 2498 2479
f 2482 2488 2485
f 2496 2479 2492
f 2498 2491 2479
f 2484 2502 2493
f 2496 2490 2498
f 2509 2483 2488
f 2508 2482 2480
f 2508 2480 2489
f 2487 2511 2510
f 2486 2509 2508
f 2485 2488 2511
f 2483 2509 2486
f 2511 2488 2483
f 2511 2483 2510
f 2482 2481 2480
f 2482 2485 2481
f 2508 2509 2482
f 2483 2486 2510
f 2485 2511 2481
f 2481 2511 2504
f 2501 2508 2478
f 2501 2486 2508
f 2487 2501 2478
f 2487 2507 2501
f 2511 2487 2504
f 2508 2489 2478
f 2502 2490 2493
f 2498 2503 2491
f 2494 2497 2500
f 2494 2500 2499
f 2506 2493 2496
f 2506 2496 2492
f 2502 2503 2490
f 2498 2490 2503
f 2479 2505 2495
f 2479 2495 2492
f 2492 2495 2494
f 2479 2491 2505
f 2484 2493 2506
f 2491 2495 2505
f 2495 2491 2497
f 2495 2497 2494
f 2525 2523 2528
f 2525 2528 2527
f 2527 2528 2526
f 2517 2549 2542
f 2514 2515 2546
f 2513 2514 2546
f 2549 2552 2512
f 2512 2552 2513
f 2552 2514 2513
f 2514 2553 2515
f 2515 2553 2517
f 2553 2552 2549
f 2553 2549 2517
f 2543 2542 2545
f 2545 2542 2550
f 2545 2550 2546
f 2546 2550 2547
f 2533 2551 2532
f 2533 2548 2551
f 2548 2533 2531
f 2531 2544 2548
f 2535 2544 2531
f 2535 2541 2544
f 2541 2535 2537
f 2537 2536 2541
f 2536 2537 2538
f 2534 2536 2538
f 2533 2532 2534
f 2516 2518 2530
f 2516 2530 2526
f 2526 2528 2516
f 2534 2532 2536
f 2523 2516 2528
f 2516 2523 2521
f 2520 2516 2521
f 2518 2516 2520
f 2527 2529 2519
f 2527 2519 2525
f 2525 2519 2524
f 2524 2519 2522
f 2519 2518 2520
f 2522 2520 2521
f 2520 2522 2519
f 2522 2521 2523
f 2523 2524 2522
f 2523 2525 2524
f 2527 2526 2529
f 2529 2526 2530
f 2519 2530 2518
f 2530 2519 2529
f 2531 2533 2535
f 2535 2533 2537
f 2537 2533 2534
f 2537 2534 2538
f 2532 2539 2536
f 2539 2541 2536
f 2541 2539 2540
f 2541 2540 2544
f 2544 2540 2548
f 2540 2551 2548
f 2532 2540 2539
f 2540 2532 2551
f 2542 2549 2550
f 2517 2542 2543
f 2515 2517 2545
f 2545 2517 2543
f 2546 2515 2545
f 2513 2546 2547
f 2512 2513 2550
f 2552 2553 2514
f 2550 2513 2547
f 2549 2512 2550
f 2583 2582 2555
f 2583 2555 2577
f 2559 2555 2582
f 2559 2582 2579
f 2565 2576 2569
f 2578 2583 2577
f 2581 2580 2565
f 2557 2570 2558
f 2581 2565 2569
f 2570 2557 2578
f 2557 2558 2574
f 2556 2554 2560
f 2581 2582 2580
f 2559 2558 2570
f 2560 2563 2564
f 2563 2560 2554
f 2574 2572 2561
f 2572 2573 2556
f 2572 2562 2561
f 2573 2572 2558
f 2567 2569 2576
f 2567 2576 2563
f 2578 2577 2570
f 2564 2576 2565
f 2563 2554 2566
f 2568 2565 2578
f 2568 2578 2557
f 2556 2573 2566
f 2556 2566 2554
f 2557 2561 2568
f 2574 2561 2557
f 2565 2580 2578
f 2568 2562 2571
f 2561 2562 2568
f 2573 2575 2566
f 2559 2570 2577
f 2579 2582 2581
f 2582 2583 2580
f 2567 2566 2575
f 2577 2555 2559
f 2571 2565 2568
f 2571 2564 2565
f 2580 2583 2578
f 2566 2567 2563
f 2579 2581 2569
f 2573 2558 2575
f 2579 2569 2567
f 2575 2558 2559
f 2562 2556 2560
f 2562 2560 2571
f 2572 2556 2562
f 2559 2567 2575
f 2564 2571 2560
f 2559 2579 2567
f 2576 2564 2563
f 2558 2572 2574
f 2588 2610 2597
f 2603 2592 2611
f 2604 2613 2609
f 2612 2585 2594
f 2605 2613 2588
f 2587 2592 2589
f 2592 2587 2597
f 2590 2602 2593
f 2590 2593 2586
f 2595 2597 2587
f 2594 2607 2599
f 2603 2611 2604
f 2586 2591 2590
f 2595 2585 2597
f 2591 2608 2596
f 2602 2584 2593
f 2594 2585 2595
f 2596 2595 2598
f 2599 2591 2586
f 2612 2605 2585
f 2611 2597 2610
f 2599 2586 2600
f 2598 2595 2587
f 2604 2609 2599
f 2587 2589 2598
f 2600 2593 2606
f 2593 2600 2586
f 2610 2604 2611
f 2613 2605 2612
f 2613 2612 2609
f 2588 2613 2610
f 2605 2588 2597
f 2606 2604 2600
f 2604 2606 2603
f 2598 2602 2601
f 2598 2589 2602
f 2605 2597 2585
f 2610 2613 2604
f 2599 2609 2612
f 2599 2612 2594
f 2599 2600 2604
f 2607 2594 2608
f 2601 2596 2598
f 2601 2602 2590
f 2607 2591 2599
f 2607 2608 2591
f 2608 2595 2596
f 2608 2594 2595
f 2592 2597 2611
f 2589 2592 2584
f 2593 2584 2606
f 2591 2596 2590
f 2590 2596 2601
f 2603 2584 2592
f 2584 2603 2606
f 2589 2584 2602
f 2636 2637 2630
f 2637 2642 2639
f 2617 2636 2623
f 2639 2642 2618
f 2619 2640 2622
f 2614 2626 2635
f 2634 2616 2625
f 2620 2628 2633
f 2632 2621 2624
f 2621 2614 2620
f 2642 2637 2636
f 2620 2614 2616
f 2638 2639 2640
f 2638 2637 2639
f 2635 2619 2622
f 2641 2630 2638
f 2635 2622 2629
f 2633 2617 2623
f 2642 2636 2617
f 2633 2623 2627
f 2624 2623 2615
f 2640 2639 2622
f 2624 2615 2632
f 2625 2622 2618
f 2616 2635 2625
f 2616 2614 2635
f 2628 2620 2634
f 2625 2618 2634
f 2621 2633 2624
f 2623 2636 2631
f 2626 2614 2632
f 2630 2641 2615
f 2636 2630 2631
f 2625 2635 2629
f 2630 2615 2631
f 2641 2638 2640
f 2631 2615 2623
f 2624 2633 2627
f 2639 2618 2622
f 2619 2641 2640
f 2626 2619 2635
f 2626 2641 2619
f 2629 2622 2625
f 2634 2620 2616
f 2628 2617 2633
f 2628 2642 2617
f 2627 2623 2624
f 2621 2620 2633
f 2632 2641 2626
f 2632 2615 2641
f 2632 2614 2621
f 2637 2638 2630
f 2634 2642 2628
f 2634 2618 2642
f 2643 2661 2669
f 2669 2661 2659
f 2649 2650 2687
f 2686 2653 2648
f 2650 2649 2690
f 2650 2690 2651
f 2693 2648 2688
f 2649 2652 2691
f 2653 2647 2655
f 2654 2652 2646
f 2668 2664 2665
f 2655 2647 2645
f 2674 2669 2668
f 2655 2645 2656
f 2654 2646 2679
f 2674 2668 2665
f 2664 2672 2665
f 2679 2646 2644
f 2656 2645 2670
f 2656 2670 2658
f 2674 2665 2672
f 2679 2644 2657
f 2657 2644 2667
f 2667 2675 2657
f 2658 2670 2660
f 2658 2660 2663
f 2675 2667 2672
f 2672 2667 2674
f 2659 2672 2664
f 2660 2661 2643
f 2662 2669 2674
f 2661 2660 2666
f 2674 2667 2662
f 2670 2666 2660
f 2689 2682 2681
f 2682 2689 2692
f 2644 2676 2667
f 2667 2676 2673
f 2645 2677 2671
f 2645 2671 2670
f 2690 2683 2693
f 2691 2683 2690
f 2646 2684 2644
f 2644 2684 2676
f 2647 2680 2677
f 2647 2677 2645
f 2692 2651 2688
f 2692 2689 2651
f 2652 2681 2646
f 2646 2681 2684
f 2653 2686 2680
f 2653 2680 2647
f 2687 2681 2652
f 2687 2652 2649
f 2648 2692 2688
f 2649 2691 2690
f 2680 2683 2685
f 2686 2683 2680
f 2653 2692 2648
f 2692 2653 2682
f 2686 2648 2683
f 2681 2650 2689
f 2650 2681 2687
f 2648 2693 2683
f 2651 2689 2650
f 2691 2652 2683
f 2653 2681 2682
f 2683 2652 2685
f 2677 2685 2679
f 2680 2685 2677
f 2684 2678 2676
f 2685 2652 2654
f 2681 2655 2684
f 2655 2681 2653
f 2685 2654 2679
f 2684 2655 2656
f 2684 2656 2678
f 2675 2679 2657
f 2678 2656 2658
f 2678 2658 2673
f 2671 2679 2675
f 2677 2679 2671
f 2666 2675 2672
f 2676 2678 2673
f 2673 2658 2663
f 2672 2659 2666
f 2663 2660 2643
f 2659 2664 2668
f 2659 2668 2669
f 2671 2675 2670
f 2662 2643 2669
f 2643 2662 2663
f 2666 2659 2661
f 2670 2675 2666
f 2662 2673 2663
f 2667 2673 2662
f 2705 2749 2729
f 2697 2696 2725
f 2725 2698 2697
f 2704 2708 2731
f 2731 2708 2747
f 2701 2708 2704
f 2709 2713 2718
f 2709 2724 2711
f 2749 2714 2729
f 2747 2712 2731
f 2716 2714 2749
f 2700 2712 2747
f 2712 2700 2715
f 2719 2716 2699
f 2695 2715 2700
f 2715 2695 2717
f 2721 2719 2699
f 2709 2711 2713
f 2721 2699 2733
f 2709 2718 2732
f 2722 2717 2695
f 2717 2722 2720
f 2706 2721 2733
f 2706 2733 2694
f 2728 2726 2694
f 2694 2726 2706
f 2718 2711 2726
f 2713 2711 2718
f 2707 2727 2723
f 2734 2750 2714
f 2737 2750 2734
f 2728 2694 2730
f 2740 2748 2712
f 2707 2722 2738
f 2722 2707 2723
f 2694 2733 2730
f 2738 2722 2735
f 2735 2695 2739
f 2695 2735 2722
f 2733 2699 2742
f 2733 2742 2736
f 2739 2700 2743
f 2700 2739 2695
f 2699 2716 2744
f 2699 2744 2742
f 2700 2747 2743
f 2749 2744 2716
f 2702 2701 1541
f 1541 2701 2704
f 1541 2704 2748
f 2750 2703 2705
f 2748 2704 2731
f 2748 2731 2712
f 2750 2705 2714
f 2714 2705 2729
f 2749 2746 2744
f 2746 2749 2740
f 2743 2734 2745
f 2743 2747 2734
f 2728 2727 2726
f 2726 2727 2707
f 2726 2707 2718
f 2708 2737 2747
f 2747 2737 2734
f 2705 2740 2749
f 2705 2748 2740
f 2701 2737 2708
f 2703 2748 2705
f 2742 2744 2746
f 2739 2745 2741
f 2739 2743 2745
f 2703 2710 2748
f 2715 2740 2712
f 2740 2715 2746
f 2745 2734 2714
f 2745 2714 2716
f 2717 2742 2746
f 2719 2739 2741
f 2717 2746 2715
f 2719 2741 2716
f 2716 2741 2745
f 2739 2738 2735
f 2738 2739 2719
f 2720 2736 2742
f 2720 2742 2717
f 2721 2738 2719
f 2722 2736 2720
f 2723 2736 2722
f 2736 2723 2730
f 2732 2738 2721
f 2732 2721 2706
f 2723 2727 2730
f 2730 2733 2736
f 2707 2738 2732
f 2724 2709 2732
f 2724 2732 2706
f 2724 2706 2726
f 2724 2726 2711
f 2718 2707 2732
f 2727 2728 2730
f 2751 2752 2753
f 2785 2788 2762
f 2753 2794 2751
f 2752 2756 2753
f 2785 2762 2786
f 2786 2762 2764
f 2807 2771 2769
f 2771 2807 2773
f 2772 2770 2808
f 2772 2813 2770
f 2769 2771 2767
f 2813 2768 2770
f 2783 2784 2774
f 2779 2764 2774
f 2813 2754 2768
f 2811 2772 2765
f 2765 2772 2775
f 2816 2773 2776
f 2816 2776 2766
f 2775 2780 2761
f 2764 2777 2774
f 2775 2761 2765
f 2777 2783 2774
f 2766 2778 2763
f 2778 2766 2776
f 2780 2758 2759
f 2780 2759 2761
f 2763 2781 2760
f 2755 2758 2782
f 2760 2781 2757
f 2757 2781 2779
f 2752 2789 2787
f 2789 2790 2787
f 2785 2755 2782
f 2789 2793 2790
f 2779 2774 2784
f 2752 2787 2756
f 2779 2784 2757
f 2764 2783 2777
f 2783 2764 2762
f 2791 2762 2788
f 2762 2791 2757
f 2792 2758 2755
f 2796 2760 2757
f 2796 2757 2791
f 2759 2758 2792
f 2798 2761 2759
f 2799 2805 2806
f 2800 2763 2760
f 2800 2760 2796
f 2803 2765 2798
f 2798 2765 2761
f 2804 2766 2763
f 2804 2763 2800
f 2807 2811 2803
f 2803 2811 2765
f 2808 2816 2766
f 2808 2766 2804
f 2812 2811 2807
f 2815 2816 2808
f 2770 2816 2815
f 2816 2770 2810
f 2812 2813 2811
f 2812 2814 2813
f 2814 2769 2767
f 2812 2769 2814
f 2769 2812 2807
f 2808 2770 2815
f 2773 2810 2771
f 2810 2773 2816
f 2811 2813 2772
f 2772 2808 2775
f 2768 2810 2770
f 2775 2808 2802
f 2814 1671 2813
f 2814 2767 1671
f 2773 2807 2801
f 2773 2801 2776
f 2767 2809 1671
f 2775 2802 2780
f 2776 2801 2797
f 2776 2797 2778
f 2797 2763 2778
f 2780 2795 2758
f 2763 2797 2781
f 2781 2797 2792
f 2795 2796 2758
f 2758 2796 2782
f 2802 2808 2804
f 2781 2792 2786
f 2807 2803 2801
f 2781 2786 2779
f 2782 2788 2785
f 2786 2764 2779
f 2762 2757 2784
f 2762 2784 2783
f 2755 2785 2786
f 2791 2788 2782
f 2786 2792 2755
f 2796 2791 2782
f 2802 2800 2780
f 2802 2804 2800
f 2797 2803 2798
f 2801 2803 2797
f 2797 2798 2792
f 2792 2798 2759
f 2780 2800 2796
f 2780 2796 2795
f 2817 2818 2819
f 2831 2832 2870
f 2819 2885 2817
f 2831 2870 2887
f 2830 2833 2826
f 2826 2833 2869
f 2874 2832 2831
f 2832 2874 2834
f 2835 2833 2830
f 2835 2830 2828
f 1266 2835 2828
f 2827 2834 2874
f 2870 2881 2887
f 2838 2837 2826
f 2838 2826 2825
f 2824 2881 2870
f 2881 2824 2839
f 2840 2838 2825
f 2840 2825 2823
f 2822 2839 2824
f 2839 2822 2841
f 2842 2840 2823
f 2842 2823 2821
f 2844 2841 2822
f 2841 2844 2843
f 2871 2847 2855
f 2852 2821 2820
f 2871 2867 2863
f 2844 2867 2845
f 2846 2849 2820
f 2820 2849 2852
f 2862 2850 2845
f 2862 2845 2867
f 2871 2863 2848
f 2871 2848 2847
f 2862 2848 2849
f 2850 2846 2851
f 2851 2846 2820
f 2871 2855 2867
f 2863 2844 2857
f 2844 2863 2867
f 2820 2821 2853
f 2819 2873 2829
f 2820 2853 2851
f 2829 2886 2819
f 2829 2876 2886
f 2857 2844 2854
f 2854 2822 2859
f 2818 2817 2897
f 2822 2854 2844
f 2821 2823 2858
f 2821 2858 2853
f 2859 2824 2865
f 2824 2859 2822
f 2823 2825 2864
f 2823 2864 2858
f 2882 2876 2829
f 2870 2865 2824
f 2825 2826 2869
f 2825 2869 2864
f 2872 2827 2874
f 2828 2830 2875
f 2874 2831 2879
f 2837 2830 2826
f 2879 2831 2887
f 2892 2891 2817
f 2846 2850 2862
f 2846 2862 2849
f 2832 2884 2883
f 2832 2883 2870
f 2833 2880 2869
f 2817 2885 2892
f 2869 2880 2881
f 2834 2884 2832
f 2884 2834 2878
f 2877 2880 2833
f 2886 2885 2819
f 2877 2833 2835
f 2876 2882 2896
f 2834 1271 2878
f 2836 2872 2835
f 2817 2891 2897
f 2835 2872 2877
f 1302 2819 2818
f 2838 2883 2837
f 2873 2819 2899
f 2883 2838 2868
f 2866 2881 2839
f 2899 2819 1302
f 2840 2868 2838
f 2868 2840 2861
f 2860 2866 2839
f 2860 2839 2841
f 2842 2861 2840
f 2861 2842 2857
f 2856 2860 2841
f 2856 2841 2843
f 2821 2857 2842
f 2844 2856 2843
f 2852 2857 2821
f 2845 2856 2844
f 2856 2845 2851
f 2889 2895 2893
f 2845 2850 2851
f 2867 2855 2862
f 2893 2895 2898
f 2855 2847 2848
f 2855 2848 2862
f 2849 2848 2863
f 2849 2863 2852
f 2890 2895 2889
f 2851 2853 2856
f 2857 2852 2863
f 2853 2858 2860
f 2853 2860 2856
f 2857 2859 2861
f 2859 2857 2854
f 2858 2864 2866
f 2858 2866 2860
f 2861 2865 2868
f 2895 2894 2898
f 2865 2861 2859
f 2866 2864 2881
f 2881 2864 2869
f 2868 2870 2883
f 2870 2868 2865
f 2877 2872 2874
f 2877 2874 2880
f 2880 2874 2879
f 2878 2875 2884
f 2884 2875 2830
f 2880 2879 2881
f 2881 2879 2887
f 2884 2830 2837
f 2888 2893 2898
f 2889 2893 2888
f 2884 2837 2883
f 2895 2890 2894
f 2888 2898 2894
f 2901 2903 2900
f 2901 2902 2903
f 2904 2906 2907
f 2904 2905 2906
f 2900 2909 2908
f 2900 2903 2909
f 2910 2907 2911
f 2910 2904 2907
f 2908 2913 2912
f 2908 2909 2913
f 2914 2911 2915
f 2914 2910 2911
f 2917 2912 2913
f 2916 2912 2917
f 2915 2918 2914
f 2918 2915 2919
f 2921 2916 2917
f 2920 2916 2921
f 2919 2922 2918
f 2922 2919 2923
f 2920 2925 2924
f 2920 2921 2925
f 2922 2927 2926
f 2922 2923 2927
f 2924 2929 2928
f 2924 2925 2929
f 2930 2927 2931
f 2930 2926 2927
f 2933 2928 2929
f 2932 2928 2933
f 2931 2934 2930
f 2934 2931 2935
f 2932 2937 2936
f 2932 2933 2937
f 2934 2939 2938
f 2934 2935 2939
f 2936 2941 2940
f 2936 2937 2941
f 2942 2939 2943
f 2942 2938 2939
f 2945 2940 2941
f 2944 2940 2945
f 2943 2946 2942
f 2946 2943 2947
f 2948 2945 2949
f 2948 2944 2945
f 2946 2951 2950
f 2946 2947 2951
f 2948 2953 2952
f 2948 2949 2953
f 2954 2951 2955
f 2954 2950 2951
f 2957 2952 2953
f 2956 2952 2957
f 2955 2958 2954
f 2958 2955 2959
f 2960 2957 2961
f 2960 2956 2957
f 2958 2963 2962
f 2958 2959 2963
f 2960 2965 2964
f 2960 2961 2965
f 2966 2963 2967
f 2966 2962 2963
f 2969 2968 2965
f 2968 2969 2970
f 2973 2967 2972
f 2971 2967 2973
f 2968 2975 2974
f 2968 2970 2975
f 2971 2977 2976
f 2971 2973 2977
f 2974 2979 2978
f 2974 2975 2979
f 2976 2981 2980
f 2976 2977 2981
f 2983 2978 2979
f 2982 2978 2983
f 2981 2984 2980
f 2984 2981 2985
f 2982 2987 2986
f 2982 2983 2987
f 2984 2989 2988
f 2984 2985 2989
f 2986 2991 2990
f 2986 2987 2991
f 2992 2989 2993
f 2992 2988 2989
f 2995 2990 2991
f 2994 2990 2995
f 2993 2996 2992
f 2996 2993 2997
f 2994 2999 2998
f 2994 2995 2999
f 2996 3001 3000
f 2996 2997 3001
f 2998 3003 3002
f 2998 2999 3003
f 3004 3001 3005
f 3004 3000 3001
f 3007 3002 3003
f 3006 3002 3007
f 3005 3008 3004
f 3008 3005 3009
f 3006 3011 3010
f 3006 3007 3011
f 3008 3013 3012
f 3008 3009 3013
f 3010 3015 3014
f 3010 3011 3015
f 3016 3013 3017
f 3016 3012 3013
f 3019 3014 3015
f 3018 3014 3019
f 3017 3020 3016
f 3020 3017 3021
f 3022 3019 3023
f 3022 3018 3019
f 3020 3025 3024
f 3020 3021 3025
f 3022 3027 3026
f 3022 3023 3027
f 3028 3025 3029
f 3028 3024 3025
f 3031 3026 3027
f 3030 3026 3031
f 3029 3032 3028
f 3032 3029 3033
f 3034 3031 3035
f 3034 3030 3031
f 3032 3037 3036
f 3032 3033 3037
f 3038 3039 3040
f 3038 3035 3039
f 3037 3043 3041
f 3037 3042 3043
f 3045 3044 3040
f 3044 3045 3046
f 3049 3043 3048
f 3047 3043 3049
f 766 3046 3050
f 766 3044 3046
f 3047 3052 3051
f 3047 3049 3052
f 767 3050 768
f 767 766 3050
f 3051 3054 3053
f 3051 3052 3054
f 772 3053 3054
f 771 3053 772
f 3056 3058 3055
f 3056 3057 3058
f 3059 3061 3062
f 3059 3060 3061
f 3055 3064 3063
f 3055 3058 3064
f 3065 3062 3066
f 3065 3059 3062
f 3063 3068 3067
f 3063 3064 3068
f 3069 3066 3070
f 3069 3065 3066
f 3072 3067 3068
f 3071 3067 3072
f 3070 3073 3069
f 3073 3070 3074
f 3076 3071 3072
f 3075 3071 3076
f 3074 3077 3073
f 3077 3074 3078
f 3075 3080 3079
f 3075 3076 3080
f 3077 3082 3081
f 3077 3078 3082
f 3084 3079 3080
f 3083 3079 3084
f 3085 3082 3086
f 3085 3081 3082
f 3088 3083 3084
f 3087 3083 3088
f 3086 3089 3085
f 3089 3086 3090
f 3091 3088 3092
f 3091 3087 3088
f 3089 3094 3093
f 3089 3090 3094
f 3091 3096 3095
f 3091 3092 3096
f 3097 3094 3098
f 3097 3093 3094
f 3100 3095 3096
f 3099 3095 3100
f 3098 3101 3097
f 3101 3098 3102
f 3103 3100 3104
f 3103 3099 3100
f 3101 3106 3105
f 3101 3102 3106
f 3103 3108 3107
f 3103 3104 3108
f 3109 3106 3110
f 3109 3105 3106
f 3112 3107 3108
f 3111 3107 3112
f 3110 3113 3109
f 3113 3110 3114
f 3115 3112 3116
f 3115 3111 3112
f 3113 3118 3117
f 3113 3114 3118
f 3115 3120 3119
f 3115 3116 3120
f 3121 3118 3122
f 3121 3117 3118
f 3125 3124 3119
f 3123 3124 3125
f 3121 3126 3127
f 3126 3121 3128
f 3129 3125 3130
f 3129 3123 3125
f 3126 3132 3131
f 3126 3128 3132
f 3129 3134 3133
f 3129 3130 3134
f 3135 3132 3136
f 3135 3131 3132
f 3138 3133 3134
f 3137 3133 3138
f 3136 3139 3135
f 3139 3136 3140
f 3141 3138 3142
f 3141 3137 3138
f 3139 3144 3143
f 3139 3140 3144
f 3141 3146 3145
f 3141 3142 3146
f 3147 3144 3148
f 3147 3143 3144
f 3150 3145 3146
f 3149 3145 3150
f 3148 3151 3147
f 3151 3148 3152
f 3153 3150 3154
f 3153 3149 3150
f 3151 3156 3155
f 3151 3152 3156
f 3153 3158 3157
f 3153 3154 3158
f 3159 3156 3160
f 3159 3155 3156
f 3162 3157 3158
f 3161 3157 3162
f 3160 3163 3159
f 3163 3160 3164
f 3161 3166 3165
f 3161 3162 3166
f 3163 3168 3167
f 3163 3164 3168
f 3165 3170 3169
f 3165 3166 3170
f 3171 3168 3172
f 3171 3167 3168
f 3174 3169 3170
f 3173 3169 3174
f 3172 3175 3171
f 3175 3172 3176
f 3177 3174 3178
f 3177 3173 3174
f 3175 3180 3179
f 3175 3176 3180
f 3177 3182 3181
f 3177 3178 3182
f 3183 3180 3184
f 3183 3179 3180
f 3186 3181 3182
f 3185 3181 3186
f 3184 3187 3183
f 3187 3184 3188
f 3189 3186 3190
f 3189 3185 3186
f 3187 3192 3191
f 3187 3188 3192
f 3194 3195 3193
f 3194 3189 3195
f 3196 3191 3198
f 3196 3197 3191
f 3201 3200 3193
f 3199 3200 3201
f 3196 3202 3203
f 3202 3196 3204
f 3199 3206 3205
f 3199 3201 3206
f 849 3204 3207
f 849 3202 3204
f 3209 3205 3206
f 3208 3205 3209
f 3207 850 849
f 850 3207 851
f 853 3208 3209
f 852 3208 853
f 3208 972 3210
f 972 3208 852
f 3205 3210 3211
f 3210 3205 3208
f 3211 3199 3205
f 3211 3212 3199
f 3213 849 975
f 3213 3202 849
f 3200 3212 3214
f 3212 3200 3199
f 3202 3215 3203
f 3213 3215 3202
f 3216 3193 3200
f 3216 3194 3193
f 3203 3197 3196
f 3203 3217 3197
f 3194 3185 3189
f 3194 3218 3185
f 3219 3191 3197
f 3219 3187 3191
f 3185 3220 3181
f 3218 3220 3185
f 3183 3219 3221
f 3219 3183 3187
f 3222 3181 3220
f 3222 3177 3181
f 3221 3179 3183
f 3221 3223 3179
f 3222 3173 3177
f 3222 3224 3173
f 3225 3179 3223
f 3225 3175 3179
f 3173 3226 3169
f 3224 3226 3173
f 3171 3225 3227
f 3225 3171 3175
f 3228 3169 3226
f 3228 3165 3169
f 3227 3167 3171
f 3227 3229 3167
f 3228 3161 3165
f 3228 3230 3161
f 3231 3167 3229
f 3231 3163 3167
f 3161 3232 3157
f 3230 3232 3161
f 3159 3231 3233
f 3231 3159 3163
f 3234 3157 3232
f 3234 3153 3157
f 3233 3155 3159
f 3233 3235 3155
f 3234 3149 3153
f 3234 3236 3149
f 3237 3155 3235
f 3237 3151 3155
f 3149 3238 3145
f 3236 3238 3149
f 3147 3237 3239
f 3237 3147 3151
f 3240 3145 3238
f 3240 3141 3145
f 3239 3143 3147
f 3239 3241 3143
f 3240 3137 3141
f 3240 3242 3137
f 3243 3143 3241
f 3243 3139 3143
f 3137 3244 3133
f 3242 3244 3137
f 3135 3243 3245
f 3243 3135 3139
f 3246 3133 3244
f 3246 3129 3133
f 3245 3131 3135
f 3245 3247 3131
f 3246 3123 3129
f 3246 3248 3123
f 3249 3131 3247
f 3249 3126 3131
f 3123 3250 3124
f 3248 3250 3123
f 3127 3249 3251
f 3249 3127 3126
f 3252 3119 3124
f 3252 3115 3119
f 3127 3117 3121
f 3127 3253 3117
f 3252 3111 3115
f 3252 3254 3111
f 3255 3117 3253
f 3255 3113 3117
f 3111 3256 3107
f 3254 3256 3111
f 3109 3255 3257
f 3255 3109 3113
f 3258 3107 3256
f 3258 3103 3107
f 3257 3105 3109
f 3257 3259 3105
f 3258 3099 3103
f 3258 3260 3099
f 3261 3105 3259
f 3261 3101 3105
f 3099 3262 3095
f 3260 3262 3099
f 3097 3261 3263
f 3261 3097 3101
f 3264 3095 3262
f 3264 3091 3095
f 3263 3093 3097
f 3263 3265 3093
f 3264 3087 3091
f 3264 3266 3087
f 3267 3093 3265
f 3267 3089 3093
f 3087 3268 3083
f 3266 3268 3087
f 3085 3267 3269
f 3267 3085 3089
f 3270 3083 3268
f 3270 3079 3083
f 3269 3081 3085
f 3269 3271 3081
f 3270 3075 3079
f 3270 3272 3075
f 3273 3081 3271
f 3273 3077 3081
f 3075 3274 3071
f 3272 3274 3075
f 3073 3273 3275
f 3273 3073 3077
f 3071 3276 3067
f 3274 3276 3071
f 3069 3275 3277
f 3275 3069 3073
f 3278 3067 3276
f 3278 3063 3067
f 3277 3065 3069
f 3277 3279 3065
f 3280 3063 3278
f 3280 3055 3063
f 3279 3059 3065
f 3279 3281 3059
f 3282 3055 3280
f 3282 3056 3055
f 3281 3060 3059
f 3281 3283 3060
f 3286 2902 2901
f 3286 3285 2902
f 3287 3285 3286
f 3287 3284 3285
f 2906 3284 3287
f 2905 3284 2906
f 1014 3054 1016
f 772 3054 1014
f 3288 770 768
f 770 3288 1015
f 1016 3052 3289
f 3054 3052 1016
f 3290 768 3050
f 768 3290 3288
f 3049 3289 3052
f 3049 3291 3289
f 3050 3292 3290
f 3050 3046 3292
f 3291 3048 3293
f 3049 3048 3291
f 3294 3046 3045
f 3046 3294 3292
f 3042 3048 3043
f 3042 3295 3048
f 3040 3296 3045
f 3040 3039 3296
f 3037 3297 3042
f 3037 3033 3297
f 3031 3039 3035
f 3031 3298 3039
f 3297 3029 3299
f 3033 3029 3297
f 3300 3031 3027
f 3031 3300 3298
f 3025 3299 3029
f 3025 3301 3299
f 3027 3302 3300
f 3027 3023 3302
f 3025 3303 3301
f 3025 3021 3303
f 3019 3302 3023
f 3019 3304 3302
f 3303 3017 3305
f 3021 3017 3303
f 3306 3019 3015
f 3019 3306 3304
f 3013 3305 3017
f 3013 3307 3305
f 3015 3308 3306
f 3015 3011 3308
f 3013 3309 3307
f 3013 3009 3309
f 3011 3310 3308
f 3011 3007 3310
f 3309 3005 3311
f 3009 3005 3309
f 3312 3007 3003
f 3007 3312 3310
f 3001 3311 3005
f 3001 3313 3311
f 3003 3314 3312
f 3003 2999 3314
f 3001 3315 3313
f 3001 2997 3315
f 2995 3314 2999
f 2995 3316 3314
f 3315 2993 3317
f 2997 2993 3315
f 3318 2995 2991
f 2995 3318 3316
f 2989 3317 2993
f 2989 3319 3317
f 2991 3320 3318
f 2991 2987 3320
f 2989 3321 3319
f 2989 2985 3321
f 2983 3320 2987
f 2983 3322 3320
f 3321 2981 3323
f 2985 2981 3321
f 3324 2983 2979
f 2983 3324 3322
f 2977 3323 2981
f 2977 3325 3323
f 2979 3326 3324
f 2979 2975 3326
f 2977 3327 3325
f 2977 2973 3327
f 2970 3326 2975
f 2970 3328 3326
f 3327 2972 3329
f 2973 2972 3327
f 3330 2970 2969
f 2970 3330 3328
f 2963 2972 2967
f 2963 3331 2972
f 2965 3332 2969
f 2965 2961 3332
f 2963 3333 3331
f 2963 2959 3333
f 2957 3332 2961
f 2957 3334 3332
f 3333 2955 3335
f 2959 2955 3333
f 3336 2957 2953
f 2957 3336 3334
f 2951 3335 2955
f 2951 3337 3335
f 2953 3338 3336
f 2953 2949 3338
f 2951 3339 3337
f 2951 2947 3339
f 2945 3338 2949
f 2945 3340 3338
f 3339 2943 3341
f 2947 2943 3339
f 3342 2945 2941
f 2945 3342 3340
f 2939 3341 2943
f 2939 3343 3341
f 2941 3344 3342
f 2941 2937 3344
f 2939 3345 3343
f 2939 2935 3345
f 2933 3344 2937
f 2933 3346 3344
f 3345 2931 3347
f 2935 2931 3345
f 3348 2933 2929
f 2933 3348 3346
f 2927 3347 2931
f 2927 3349 3347
f 2929 3350 3348
f 2929 2925 3350
f 2923 3349 2927
f 2923 3351 3349
f 2921 3350 2925
f 2921 3352 3350
f 3351 2919 3353
f 2923 2919 3351
f 3354 2921 2917
f 2921 3354 3352
f 3355 2919 2915
f 2919 3355 3353
f 3356 2917 2913
f 2917 3356 3354
f 2915 3357 3355
f 2915 2911 3357
f 2909 3356 2913
f 2909 3358 3356
f 2911 3359 3357
f 2911 2907 3359
f 2903 3358 2909
f 2903 3360 3358
f 2907 3287 3359
f 2907 2906 3287
f 2902 3360 2903
f 2902 3285 3360
f 3286 2900 3361
f 3286 2901 2900
f 3362 2905 2904
f 3362 3284 2905
f 3361 2908 3363
f 3361 2900 2908
f 3364 2904 2910
f 3364 3362 2904
f 3363 2912 3365
f 3363 2908 2912
f 3366 2910 2914
f 3366 3364 2910
f 2916 3365 2912
f 3367 3365 2916
f 2914 3368 3366
f 3368 2914 2918
f 2920 3367 2916
f 3369 3367 2920
f 2918 3370 3368
f 3370 2918 2922
f 3371 2920 2924
f 3371 3369 2920
f 3370 2926 3372
f 3370 2922 2926
f 3371 2928 3373
f 3371 2924 2928
f 3374 2926 2930
f 3374 3372 2926
f 2932 3373 2928
f 3375 3373 2932
f 2930 3376 3374
f 3376 2930 2934
f 3377 2932 2936
f 3377 3375 2932
f 3376 2938 3378
f 3376 2934 2938
f 3377 2940 3379
f 3377 2936 2940
f 3380 2938 2942
f 3380 3378 2938
f 2944 3379 2940
f 3381 3379 2944
f 2942 3382 3380
f 3382 2942 2946
f 3383 2944 2948
f 3383 3381 2944
f 3382 2950 3384
f 3382 2946 2950
f 3383 2952 3385
f 3383 2948 2952
f 3386 2950 2954
f 3386 3384 2950
f 2956 3385 2952
f 3387 3385 2956
f 2954 3388 3386
f 3388 2954 2958
f 3389 2956 2960
f 3389 3387 2956
f 3388 2962 3390
f 3388 2958 2962
f 3389 2964 3329
f 3389 2960 2964
f 3330 2962 2966
f 3330 3390 2962
f 2968 2964 2965
f 3391 2964 2968
f 2967 3392 2966
f 3392 2967 2971
f 3393 2968 2974
f 3393 3391 2968
f 3392 2976 3394
f 3392 2971 2976
f 3393 2978 3395
f 3393 2974 2978
f 3396 2976 2980
f 3396 3394 2976
f 2982 3395 2978
f 3397 3395 2982
f 2980 3398 3396
f 3398 2980 2984
f 3399 2982 2986
f 3399 3397 2982
f 3398 2988 3400
f 3398 2984 2988
f 3399 2990 3401
f 3399 2986 2990
f 3402 2988 2992
f 3402 3400 2988
f 2994 3401 2990
f 3403 3401 2994
f 2992 3404 3402
f 3404 2992 2996
f 3405 2994 2998
f 3405 3403 2994
f 3404 3000 3406
f 3404 2996 3000
f 3405 3002 3407
f 3405 2998 3002
f 3408 3000 3004
f 3408 3406 3000
f 3006 3407 3002
f 3409 3407 3006
f 3004 3410 3408
f 3410 3004 3008
f 3411 3006 3010
f 3411 3409 3006
f 3410 3012 3412
f 3410 3008 3012
f 3411 3014 3413
f 3411 3010 3014
f 3414 3012 3016
f 3414 3412 3012
f 3018 3413 3014
f 3415 3413 3018
f 3016 3416 3414
f 3416 3016 3020
f 3417 3018 3022
f 3417 3415 3018
f 3416 3024 3418
f 3416 3020 3024
f 3417 3026 3419
f 3417 3022 3026
f 3420 3024 3028
f 3420 3418 3024
f 3030 3419 3026
f 3421 3419 3030
f 3028 3422 3420
f 3422 3028 3032
f 3295 3030 3034
f 3295 3421 3030
f 3422 3036 3296
f 3422 3032 3036
f 3034 3038 3293
f 3034 3035 3038
f 3294 3037 3041
f 3294 3036 3037
f 3040 3423 3038
f 3423 3040 3044
f 3047 3041 3043
f 3424 3041 3047
f 1017 3044 766
f 1017 3423 3044
f 3424 3051 3425
f 3424 3047 3051
f 3053 3425 3051
f 3426 3425 3053
f 771 3426 3053
f 1020 3426 771
f 3058 3427 3428
f 3058 3057 3427
f 3061 3430 3062
f 3061 3429 3430
f 3064 3428 3431
f 3064 3058 3428
f 3062 3432 3066
f 3062 3430 3432
f 3068 3431 3433
f 3068 3064 3431
f 3066 3434 3070
f 3066 3432 3434
f 3435 3068 3433
f 3072 3068 3435
f 3436 3070 3434
f 3074 3070 3436
f 3437 3072 3435
f 3076 3072 3437
f 3436 3078 3074
f 3078 3436 3438
f 3080 3437 3439
f 3080 3076 3437
f 3082 3438 3440
f 3082 3078 3438
f 3080 3441 3084
f 3080 3439 3441
f 3086 3440 3442
f 3086 3082 3440
f 3443 3084 3441
f 3088 3084 3443
f 3442 3090 3086
f 3090 3442 3444
f 3092 3443 3445
f 3092 3088 3443
f 3090 3446 3094
f 3090 3444 3446
f 3092 3447 3096
f 3092 3445 3447
f 3098 3446 3448
f 3098 3094 3446
f 3449 3096 3447
f 3100 3096 3449
f 3448 3102 3098
f 3102 3448 3450
f 3104 3449 3451
f 3104 3100 3449
f 3102 3452 3106
f 3102 3450 3452
f 3104 3453 3108
f 3104 3451 3453
f 3110 3452 3454
f 3110 3106 3452
f 3455 3108 3453
f 3112 3108 3455
f 3454 3114 3110
f 3114 3454 3456
f 3116 3455 3457
f 3116 3112 3455
f 3114 3458 3118
f 3114 3456 3458
f 3116 3251 3120
f 3116 3457 3251
f 3122 3458 3250
f 3122 3118 3458
f 3459 3119 3120
f 3125 3119 3459
f 3122 3128 3121
f 3128 3122 3460
f 3130 3459 3461
f 3130 3125 3459
f 3128 3462 3132
f 3128 3460 3462
f 3130 3463 3134
f 3130 3461 3463
f 3136 3462 3464
f 3136 3132 3462
f 3465 3134 3463
f 3138 3134 3465
f 3464 3140 3136
f 3140 3464 3466
f 3142 3465 3467
f 3142 3138 3465
f 3140 3468 3144
f 3140 3466 3468
f 3142 3469 3146
f 3142 3467 3469
f 3148 3468 3470
f 3148 3144 3468
f 3471 3146 3469
f 3150 3146 3471
f 3470 3152 3148
f 3152 3470 3472
f 3154 3471 3473
f 3154 3150 3471
f 3152 3474 3156
f 3152 3472 3474
f 3154 3475 3158
f 3154 3473 3475
f 3160 3474 3476
f 3160 3156 3474
f 3477 3158 3475
f 3162 3158 3477
f 3476 3164 3160
f 3164 3476 3478
f 3162 3479 3166
f 3162 3477 3479
f 3164 3480 3168
f 3164 3478 3480
f 3166 3481 3170
f 3166 3479 3481
f 3172 3480 3482
f 3172 3168 3480
f 3483 3170 3481
f 3174 3170 3483
f 3482 3176 3172
f 3176 3482 3484
f 3178 3483 3485
f 3178 3174 3483
f 3176 3486 3180
f 3176 3484 3486
f 3178 3487 3182
f 3178 3485 3487
f 3184 3486 3488
f 3184 3180 3486
f 3489 3182 3487
f 3186 3182 3489
f 3488 3188 3184
f 3188 3488 3490
f 3190 3489 3217
f 3190 3186 3489
f 3188 3216 3192
f 3188 3490 3216
f 3189 3215 3195
f 3189 3190 3215
f 3198 3192 3214
f 3198 3191 3192
f 3491 3193 3195
f 3201 3193 3491
f 3198 3204 3196
f 3204 3198 3492
f 3201 3493 3206
f 3201 3491 3493
f 3207 3492 3494
f 3207 3204 3492
f 1051 3206 3493
f 3209 3206 1051
f 3494 851 3207
f 851 3494 3495
f 1052 3209 1051
f 853 3209 1052
f 3495 855 851
f 855 3495 1053
f 3427 3060 3283
f 3057 3060 3427
f 3057 3061 3060
f 3056 3061 3057
f 3056 3429 3061
f 3429 3056 3282
f 3210 1053 3495
f 1053 3210 972
f 3495 3211 3210
f 3495 3494 3211
f 3493 974 1051
f 3493 975 974
f 3494 3212 3211
f 3494 3492 3212
f 3491 975 3493
f 3491 3213 975
f 3214 3492 3198
f 3492 3214 3212
f 3213 3195 3215
f 3491 3195 3213
f 3214 3216 3200
f 3214 3192 3216
f 3190 3203 3215
f 3190 3217 3203
f 3216 3218 3194
f 3216 3490 3218
f 3489 3197 3217
f 3489 3219 3197
f 3218 3488 3220
f 3490 3488 3218
f 3221 3489 3487
f 3489 3221 3219
f 3486 3220 3488
f 3486 3222 3220
f 3487 3223 3221
f 3487 3485 3223
f 3486 3224 3222
f 3486 3484 3224
f 3483 3223 3485
f 3483 3225 3223
f 3224 3482 3226
f 3484 3482 3224
f 3227 3483 3481
f 3483 3227 3225
f 3480 3226 3482
f 3480 3228 3226
f 3481 3229 3227
f 3481 3479 3229
f 3480 3230 3228
f 3480 3478 3230
f 3479 3231 3229
f 3479 3477 3231
f 3230 3476 3232
f 3478 3476 3230
f 3233 3477 3475
f 3477 3233 3231
f 3474 3232 3476
f 3474 3234 3232
f 3475 3235 3233
f 3475 3473 3235
f 3474 3236 3234
f 3474 3472 3236
f 3473 3237 3235
f 3473 3471 3237
f 3236 3470 3238
f 3472 3470 3236
f 3239 3471 3469
f 3471 3239 3237
f 3468 3238 3470
f 3468 3240 3238
f 3469 3241 3239
f 3469 3467 3241
f 3468 3242 3240
f 3468 3466 3242
f 3467 3243 3241
f 3467 3465 3243
f 3242 3464 3244
f 3466 3464 3242
f 3245 3465 3463
f 3465 3245 3243
f 3464 3246 3244
f 3464 3462 3246
f 3463 3247 3245
f 3463 3461 3247
f 3462 3248 3246
f 3462 3460 3248
f 3461 3249 3247
f 3461 3459 3249
f 3250 3460 3122
f 3460 3250 3248
f 3249 3120 3251
f 3459 3120 3249
f 3458 3124 3250
f 3458 3252 3124
f 3251 3253 3127
f 3251 3457 3253
f 3458 3254 3252
f 3458 3456 3254
f 3455 3253 3457
f 3455 3255 3253
f 3254 3454 3256
f 3456 3454 3254
f 3257 3455 3453
f 3455 3257 3255
f 3452 3256 3454
f 3452 3258 3256
f 3453 3259 3257
f 3453 3451 3259
f 3452 3260 3258
f 3452 3450 3260
f 3449 3259 3451
f 3449 3261 3259
f 3260 3448 3262
f 3450 3448 3260
f 3263 3449 3447
f 3449 3263 3261
f 3446 3262 3448
f 3446 3264 3262
f 3447 3265 3263
f 3447 3445 3265
f 3446 3266 3264
f 3446 3444 3266
f 3445 3267 3265
f 3445 3443 3267
f 3266 3442 3268
f 3444 3442 3266
f 3269 3443 3441
f 3443 3269 3267
f 3440 3268 3442
f 3440 3270 3268
f 3441 3271 3269
f 3441 3439 3271
f 3440 3272 3270
f 3440 3438 3272
f 3439 3273 3271
f 3439 3437 3273
f 3272 3436 3274
f 3438 3436 3272
f 3275 3437 3435
f 3437 3275 3273
f 3274 3434 3276
f 3436 3434 3274
f 3277 3435 3433
f 3435 3277 3275
f 3432 3276 3434
f 3432 3278 3276
f 3433 3279 3277
f 3433 3431 3279
f 3430 3278 3432
f 3430 3280 3278
f 3431 3281 3279
f 3431 3428 3281
f 3429 3280 3430
f 3429 3282 3280
f 3428 3283 3281
f 3428 3427 3283
f 3426 1015 3288
f 1015 3426 1020
f 1018 3289 1017
f 1016 3289 1018
f 3425 3288 3290
f 3288 3425 3426
f 3291 1017 3289
f 3291 3423 1017
f 3290 3424 3425
f 3290 3292 3424
f 3423 3293 3038
f 3291 3293 3423
f 3041 3292 3294
f 3292 3041 3424
f 3295 3293 3048
f 3295 3034 3293
f 3045 3036 3294
f 3045 3296 3036
f 3042 3421 3295
f 3042 3297 3421
f 3298 3296 3039
f 3298 3422 3296
f 3421 3299 3419
f 3297 3299 3421
f 3420 3298 3300
f 3298 3420 3422
f 3301 3419 3299
f 3301 3417 3419
f 3300 3418 3420
f 3300 3302 3418
f 3301 3415 3417
f 3301 3303 3415
f 3304 3418 3302
f 3304 3416 3418
f 3415 3305 3413
f 3303 3305 3415
f 3414 3304 3306
f 3304 3414 3416
f 3307 3413 3305
f 3307 3411 3413
f 3306 3412 3414
f 3306 3308 3412
f 3307 3409 3411
f 3307 3309 3409
f 3308 3410 3412
f 3308 3310 3410
f 3409 3311 3407
f 3309 3311 3409
f 3408 3310 3312
f 3310 3408 3410
f 3313 3407 3311
f 3313 3405 3407
f 3312 3406 3408
f 3312 3314 3406
f 3313 3403 3405
f 3313 3315 3403
f 3316 3406 3314
f 3316 3404 3406
f 3403 3317 3401
f 3315 3317 3403
f 3402 3316 3318
f 3316 3402 3404
f 3319 3401 3317
f 3319 3399 3401
f 3318 3400 3402
f 3318 3320 3400
f 3319 3397 3399
f 3319 3321 3397
f 3322 3400 3320
f 3322 3398 3400
f 3397 3323 3395
f 3321 3323 3397
f 3396 3322 3324
f 3322 3396 3398
f 3325 3395 3323
f 3325 3393 3395
f 3324 3394 3396
f 3324 3326 3394
f 3325 3391 3393
f 3325 3327 3391
f 3328 3394 3326
f 3328 3392 3394
f 3391 3329 2964
f 3327 3329 3391
f 2966 3328 3330
f 3328 2966 3392
f 3331 3329 2972
f 3331 3389 3329
f 2969 3390 3330
f 2969 3332 3390
f 3331 3387 3389
f 3331 3333 3387
f 3334 3390 3332
f 3334 3388 3390
f 3387 3335 3385
f 3333 3335 3387
f 3386 3334 3336
f 3334 3386 3388
f 3337 3385 3335
f 3337 3383 3385
f 3336 3384 3386
f 3336 3338 3384
f 3337 3381 3383
f 3337 3339 3381
f 3340 3384 3338
f 3340 3382 3384
f 3381 3341 3379
f 3339 3341 3381
f 3380 3340 3342
f 3340 3380 3382
f 3343 3379 3341
f 3343 3377 3379
f 3342 3378 3380
f 3342 3344 3378
f 3343 3375 3377
f 3343 3345 3375
f 3346 3378 3344
f 3346 3376 3378
f 3375 3347 3373
f 3345 3347 3375
f 3374 3346 3348
f 3346 3374 3376
f 3349 3373 3347
f 3349 3371 3373
f 3372 3348 3350
f 3348 3372 3374
f 3349 3369 3371
f 3349 3351 3369
f 3350 3370 3372
f 3350 3352 3370
f 3369 3353 3367
f 3351 3353 3369
f 3368 3352 3354
f 3352 3368 3370
f 3367 3355 3365
f 3353 3355 3367
f 3366 3354 3356
f 3354 3366 3368
f 3357 3365 3355
f 3357 3363 3365
f 3356 3364 3366
f 3356 3358 3364
f 3359 3363 3357
f 3359 3361 3363
f 3358 3362 3364
f 3358 3360 3362
f 3287 3361 3359
f 3287 3286 3361
f 3360 3284 3362
f 3360 3285 3284

