# https://github.com/mikedh/trimesh

o m29.off
v 0.18586900 0.78688700 0.96550200
v 0.18586900 0.79078000 0.96912600
v 0.18586900 0.79547600 0.97179900
v 0.18586900 0.78711100 0.96017700
v 0.18586900 0.78942900 0.95852400
v 0.18586900 0.78298600 0.96161000
v 0.18586900 0.78425600 0.96146700
v 0.18586900 0.78407800 0.95612600
v 0.18586900 0.78760400 0.95795500
v 0.18586900 0.81378900 0.97500000
v 0.18586900 0.82065600 0.97492700
v 0.18586900 0.80702900 0.97432700
v 0.18586900 0.80076300 0.97315700
v 0.18586900 0.83480900 0.97374100
v 0.18586900 0.84593500 0.97306600
v 0.18586900 0.82490400 0.97382600
v 0.18586900 0.85240300 0.96872600
v 0.18586900 0.84082000 0.97475600
v 0.18586900 0.83265700 0.97276500
v 0.18586900 0.84976900 0.97148300
v 0.26645700 0.33540300 0.77308000
v 0.26673700 0.33159500 0.77668400
v 0.26474900 0.33166200 0.77614000
v 0.26410800 0.33506700 0.77158400
v 0.26292300 0.33185600 0.77578200
v 0.26183500 0.33477400 0.77097600
v 0.26031100 0.33467200 0.77164000
v 0.26053000 0.33158600 0.77538800
v 0.25930300 0.33019900 0.77465200
v 0.25843600 0.33175700 0.77497800
v 0.26600800 0.32999400 0.77688300
v 0.26750100 0.33576500 0.77386900
v 0.26833800 0.33324500 0.77656400
v 0.26837000 0.33597800 0.77631000
v 0.26991800 0.33477400 0.77650200
v 0.26838400 0.33631700 0.77781900
v 0.27116200 0.33532100 0.77657600
v 0.27233500 0.33471600 0.77682800
v 0.26831200 0.33665000 0.78024900
v 0.26928100 0.33685700 0.78562200
v 0.26768300 0.33705400 0.78239400
v 0.27075700 0.33532700 0.78522200
v 0.25823000 0.33535500 0.77363800
v 0.25684500 0.33331400 0.77597000
v 0.25760000 0.33593300 0.77516700
v 0.25531700 0.33475200 0.77699900
v 0.25686000 0.33622300 0.77654300
v 0.25423400 0.33522900 0.77791700
v 0.25614500 0.33646400 0.77831100
v 0.25375200 0.33491700 0.78239300
v 0.25721700 0.33691400 0.78059500
v 0.25531900 0.33601300 0.78564900
v 0.25676500 0.33563500 0.78574800
v 0.25857300 0.33748900 0.78238000
v 0.25868600 0.33430500 0.78578500
v 0.26039400 0.33805300 0.78367500
v 0.26064200 0.33285100 0.78577100
v 0.26267200 0.33348500 0.78594200
v 0.26311200 0.33811300 0.78450700
v 0.26451600 0.33522200 0.78596800
v 0.26632600 0.33684700 0.78576600
v 0.26622200 0.33790800 0.78377600
v 0.26756000 0.33745000 0.78561500
v 0.26781700 0.34011300 0.77499400
v 0.26718400 0.34140500 0.77686800
v 0.26608400 0.34297900 0.77759400
v 0.26452900 0.34416200 0.77773000
v 0.26260100 0.34478200 0.77749300
v 0.26084700 0.34440800 0.77739400
v 0.25930300 0.34325300 0.77732200
v 0.25816300 0.34184000 0.77679200
v 0.25762500 0.34073800 0.77526000
v 0.25791000 0.34019100 0.77316700
v 0.25882700 0.33999700 0.77149800
v 0.26046500 0.33968800 0.76963100
v 0.26180200 0.33890600 0.76733700
v 0.26235300 0.33877100 0.76694200
v 0.26521700 0.33986800 0.77005600
v 0.26385100 0.33925700 0.76849700
v 0.26655400 0.33975500 0.77127300
v 0.26760800 0.33964600 0.77284200
v 0.26277700 0.33871600 0.76712000
v 0.26840800 0.32640400 0.77956900
v 0.26726700 0.32762700 0.78372800
v 0.26622600 0.32670500 0.77803900
v 0.26601100 0.32791400 0.78450300
v 0.26274400 0.32641900 0.77853100
v 0.26245100 0.32737200 0.78415300
v 0.25721300 0.32592700 0.77847400
v 0.25889100 0.32686800 0.78394500
v 0.25736900 0.32623400 0.78464000
v 0.25580200 0.32575600 0.78016700
v 0.25623400 0.32553500 0.77892900
v 0.26798900 0.32693500 0.77776100
v 0.26930300 0.32788100 0.78482000
v 0.27068100 0.32558400 0.77812500
v 0.27347400 0.33318100 0.77731700
v 0.27197900 0.33357900 0.78472900
v 0.27439000 0.33144800 0.77788700
v 0.27192800 0.32589900 0.77824700
v 0.27246300 0.33193700 0.78442700
v 0.27470700 0.32983000 0.77828000
v 0.27319700 0.32684000 0.77835100
v 0.27079300 0.32887100 0.78462800
v 0.27423900 0.32824500 0.77840300
v 0.27198300 0.33031800 0.78443800
v 0.25821900 0.32705500 0.77655900
v 0.26655900 0.32839500 0.77719300
v 0.25911100 0.32857200 0.77529700
v 0.26439400 0.32881200 0.78540900
v 0.25978200 0.32798100 0.78532000
v 0.25542800 0.32635100 0.78480500
v 0.26264300 0.33022600 0.78565700
v 0.25408400 0.32665100 0.78085500
v 0.25391000 0.32711200 0.78463300
v 0.25259600 0.32836700 0.78446200
v 0.25339500 0.33456100 0.77894000
v 0.25396700 0.33495500 0.78704200
v 0.25279700 0.33296500 0.78014700
v 0.25294700 0.33331100 0.78678000
v 0.25209900 0.33159400 0.78470500
v 0.26188300 0.33182900 0.78584400
v 0.26925200 0.33248300 0.77384200
v 0.26829700 0.33082800 0.77396400
v 0.26786500 0.32923700 0.77416900
v 0.26814600 0.32773600 0.77446000
v 0.26894200 0.32651200 0.77479200
v 0.26995600 0.32570300 0.77509900
v 0.27111600 0.32540700 0.77532000
v 0.27419100 0.32759300 0.77530400
v 0.27454900 0.32908200 0.77511400
v 0.27434700 0.33070600 0.77480800
v 0.25214400 0.33423100 0.77574100
v 0.25317600 0.33378400 0.77483800
v 0.25426000 0.33248200 0.77411300
v 0.25528000 0.33088300 0.77356200
v 0.25588800 0.32931800 0.77344400
v 0.25591700 0.32780400 0.77388800
v 0.25550100 0.32653900 0.77472300
v 0.25485100 0.32567400 0.77568600
v 0.25398600 0.32531400 0.77667500
v 0.25297700 0.32548500 0.77757300
v 0.25112700 0.32732600 0.77876700
v 0.25060000 0.32879200 0.77884900
v 0.25190700 0.32989600 0.78444800
v 0.25048600 0.33042400 0.77844400
v 0.25074800 0.33213600 0.77765900
v 0.25130200 0.33359500 0.77672500
v 0.25786700 0.33384300 0.78893800
v 0.25910500 0.33230400 0.78894400
v 0.25975000 0.33075200 0.78886800
v 0.25959000 0.32918900 0.78871200
v 0.25882600 0.32783300 0.78849700
v 0.25777300 0.32686300 0.78827500
v 0.25650700 0.32639500 0.78809900
v 0.26551100 0.33480000 0.78962300
v 0.26444700 0.33308800 0.78962200
v 0.26401600 0.33145600 0.78952800
v 0.26444400 0.32994000 0.78934300
v 0.26548300 0.32872100 0.78909300
v 0.26676400 0.32792900 0.78883600
v 0.26819000 0.32766600 0.78863500
v 0.26962400 0.32795100 0.78853700
v 0.27087600 0.32876300 0.78851600
v 0.27179200 0.33000000 0.78852700
v 0.27214000 0.33152400 0.78860900
v 0.27179900 0.33316900 0.78880300
v 0.27571100 0.31197800 0.73750500
v 0.27530800 0.31200900 0.73742100
v 0.27504200 0.31666500 0.73944000
v 0.27568300 0.31658900 0.73954000
v 0.27455900 0.31600800 0.73993800
v 0.27491400 0.31004700 0.74024600
v 0.27448700 0.31278600 0.74260400
v 0.27520500 0.30977400 0.74063800
v 0.27495900 0.31225700 0.74304600
v 0.27561200 0.30984500 0.74059400
v 0.27560300 0.31237100 0.74300200
v 0.27591500 0.31288700 0.74267000
v 0.27591600 0.31058700 0.73979600
v 0.27596900 0.31608400 0.74003400
v 0.27569200 0.30610900 0.73604500
v 0.27531600 0.30603000 0.73622200
v 0.27517400 0.30559300 0.73808100
v 0.27539500 0.30551800 0.73836700
v 0.27578200 0.30562200 0.73821700
v 0.27594100 0.30586600 0.73773300
v 0.27592400 0.30608900 0.73640200
v 0.27587700 0.30020400 0.73862500
v 0.27550800 0.29990400 0.73840600
v 0.27534600 0.30027800 0.73890500
v 0.27556400 0.30052400 0.73944700
v 0.27552100 0.29606500 0.74378600
v 0.27509700 0.31827800 0.73958200
v 0.27370800 0.31802700 0.73972900
v 0.27291300 0.31735500 0.74030400
v 0.27261300 0.31408300 0.74288700
v 0.27278900 0.31310200 0.74370300
v 0.27362000 0.31259100 0.74418400
v 0.27498700 0.31246800 0.74435100
v 0.27640100 0.31270200 0.74425000
v 0.27736100 0.31331000 0.74385500
v 0.27772900 0.31435000 0.74311400
v 0.27773500 0.31660200 0.74133800
v 0.27740400 0.31750500 0.74048900
v 0.27651000 0.31809500 0.73981700
v 0.27357800 0.31985700 0.74116500
v 0.27499900 0.32004000 0.74112000
v 0.27260100 0.31927400 0.74164800
v 0.27228700 0.31830000 0.74245300
v 0.27234800 0.31698900 0.74348600
v 0.27219900 0.31548600 0.74465200
v 0.27242300 0.31441200 0.74552400
v 0.27345600 0.31400400 0.74585700
v 0.27489300 0.31396400 0.74592200
v 0.27633500 0.31410500 0.74590100
v 0.27743300 0.31455600 0.74561300
v 0.27785400 0.31563100 0.74477400
v 0.27787200 0.31842000 0.74258000
v 0.27745600 0.31936900 0.74176400
v 0.27643100 0.31991400 0.74124300
v 0.27442400 0.32115700 0.74373200
v 0.27315500 0.32061100 0.74402100
v 0.27270400 0.31984000 0.74459600
v 0.27255800 0.31880300 0.74539900
v 0.27264200 0.31771300 0.74619600
v 0.27307800 0.31698700 0.74666200
v 0.27387200 0.31667900 0.74681400
v 0.27585000 0.31673100 0.74685900
v 0.27667500 0.31707500 0.74674300
v 0.27717700 0.31781400 0.74629000
v 0.27733200 0.31889800 0.74548700
v 0.27719200 0.31993400 0.74468200
v 0.27671500 0.32069200 0.74409900
v 0.27590900 0.32112600 0.74378500
v 0.27376000 0.33027000 0.75631000
v 0.27249700 0.32988000 0.75628800
v 0.27216800 0.32782200 0.75457400
v 0.27151300 0.32611100 0.75498800
v 0.27151000 0.32420900 0.75530100
v 0.27197100 0.32313700 0.75543400
v 0.27274600 0.32240100 0.75553000
v 0.27369300 0.32211700 0.75561200
v 0.27463800 0.32234500 0.75569200
v 0.27543600 0.32302500 0.75570700
v 0.27596400 0.32405800 0.75561800
v 0.27612900 0.32595300 0.75531000
v 0.27568600 0.32771100 0.75487300
v 0.27497500 0.32982200 0.75657600
v 0.27142500 0.32880100 0.75650200
v 0.27071000 0.32739400 0.75681900
v 0.27041600 0.32597300 0.75707800
v 0.27058200 0.32465200 0.75728700
v 0.27119300 0.32357400 0.75748100
v 0.27552000 0.32372200 0.75915200
v 0.27638000 0.32451300 0.75789500
v 0.27667100 0.32581700 0.75772400
v 0.27650400 0.32724800 0.75742600
v 0.27592600 0.32869200 0.75700300
v 0.27344500 0.33092300 0.75868400
v 0.27217000 0.33051500 0.75865600
v 0.27106400 0.32940700 0.75881200
v 0.27035700 0.32796700 0.75904200
v 0.27007500 0.32649900 0.75927800
v 0.27023700 0.32515000 0.75955700
v 0.27083800 0.32407800 0.75981600
v 0.27179800 0.32363200 0.76115100
v 0.27305300 0.32321800 0.76023300
v 0.27407600 0.32357600 0.76141400
v 0.27611400 0.32501400 0.76023700
v 0.27642400 0.32635100 0.76001600
v 0.27625900 0.32782900 0.75972700
v 0.27565500 0.32930000 0.75934500
v 0.27466800 0.33045700 0.75894600
v 0.27310600 0.33062500 0.76131900
v 0.27203800 0.33033400 0.76125700
v 0.27119100 0.32948000 0.76132400
v 0.27065800 0.32828400 0.76147800
v 0.27044600 0.32695400 0.76167700
v 0.27054300 0.32564400 0.76188500
v 0.27099100 0.32455600 0.76208300
v 0.27472500 0.32445800 0.76251400
v 0.27531000 0.32552400 0.76243600
v 0.27554400 0.32683000 0.76226900
v 0.27542800 0.32817000 0.76203200
v 0.27495400 0.32938900 0.76176200
v 0.27415000 0.33028100 0.76150400
v 0.23114100 0.31095700 0.74995100
v 0.23253000 0.31578200 0.75137600
v 0.23144000 0.31101100 0.74960100
v 0.23226700 0.31558200 0.75181400
v 0.23299900 0.31560400 0.75120000
v 0.23384700 0.31468600 0.75165700
v 0.23203400 0.31068900 0.74979500
v 0.23378400 0.30909200 0.75188700
v 0.23558400 0.31187000 0.75375900
v 0.23380200 0.30880500 0.75244000
v 0.23548900 0.31131700 0.75447800
v 0.23488200 0.31139400 0.75487800
v 0.23340800 0.30885200 0.75267700
v 0.23435500 0.31189100 0.75479100
v 0.23256400 0.30957100 0.75216400
v 0.23276000 0.31434400 0.75315500
v 0.23128800 0.31072800 0.75046100
v 0.23050900 0.30508200 0.74857100
v 0.23096400 0.30502600 0.74847600
v 0.23196200 0.30476500 0.74949500
v 0.23238400 0.30457400 0.75021700
v 0.23229500 0.30451100 0.75058100
v 0.23190500 0.30460500 0.75060300
v 0.23142800 0.30483700 0.75027300
v 0.23054200 0.30505200 0.74905300
v 0.23259200 0.29890700 0.75054900
v 0.23232700 0.29905700 0.75086000
v 0.23304700 0.29929400 0.75089500
v 0.23320200 0.29953100 0.75153800
v 0.23255900 0.29940400 0.75121800
v 0.23638400 0.29510700 0.75542100
v 0.23272100 0.31730300 0.75146500
v 0.23406500 0.31713200 0.75065200
v 0.23519100 0.31650900 0.75063000
v 0.23596100 0.31555100 0.75119000
v 0.23736200 0.31327400 0.75275000
v 0.23780500 0.31228900 0.75360500
v 0.23741700 0.31173500 0.75460400
v 0.23632300 0.31153600 0.75568500
v 0.23499000 0.31168800 0.75655600
v 0.23384100 0.31224000 0.75685500
v 0.23296300 0.31325200 0.75643900
v 0.23164700 0.31549100 0.75484400
v 0.23132300 0.31640600 0.75385300
v 0.23163500 0.31704200 0.75263900
v 0.23503700 0.31897900 0.75188200
v 0.23373700 0.31908100 0.75280900
v 0.23625800 0.31845500 0.75165200
v 0.23712700 0.31750400 0.75216300
v 0.23783500 0.31619800 0.75313500
v 0.23883000 0.31471200 0.75408300
v 0.23927200 0.31363200 0.75502000
v 0.23860100 0.31316800 0.75602300
v 0.23737300 0.31304800 0.75705900
v 0.23607100 0.31310600 0.75802200
v 0.23488100 0.31349300 0.75851000
v 0.23388800 0.31453700 0.75804200
v 0.23225300 0.31730800 0.75607900
v 0.23202500 0.31827500 0.75506100
v 0.23255600 0.31887500 0.75389400
v 0.23592700 0.32024800 0.75479900
v 0.23727600 0.31977600 0.75419500
v 0.23810300 0.31903500 0.75440600
v 0.23882500 0.31801200 0.75502900
v 0.23934400 0.31692300 0.75580300
v 0.23930800 0.31617600 0.75651700
v 0.23872200 0.31582500 0.75719400
v 0.23699600 0.31576500 0.75858100
v 0.23616800 0.31606100 0.75903900
v 0.23538000 0.31676800 0.75897400
v 0.23464500 0.31783700 0.75835800
v 0.23417500 0.31887500 0.75753700
v 0.23416700 0.31965600 0.75668800
v 0.23464800 0.32013300 0.75585700
v 0.24297500 0.32958400 0.76468900
v 0.24410200 0.32926600 0.76380800
v 0.24336300 0.32721500 0.76201100
v 0.24409800 0.32616500 0.76189500
v 0.24453300 0.32492500 0.76196700
v 0.24463300 0.32364700 0.76220000
v 0.24437200 0.32255000 0.76262700
v 0.24379000 0.32177100 0.76323600
v 0.24302100 0.32143400 0.76395300
v 0.24222400 0.32160900 0.76466900
v 0.24148800 0.32225000 0.76523100
v 0.24090400 0.32324500 0.76551700
v 0.24044600 0.32512800 0.76536200
v 0.24160400 0.32788900 0.76678200
v 0.24210000 0.32907000 0.76575500
v 0.24525500 0.32824900 0.76326600
v 0.24617800 0.32688600 0.76305700
v 0.24669100 0.32548400 0.76308300
v 0.24675600 0.32415600 0.76337700
v 0.24640400 0.32304500 0.76396100
v 0.24367500 0.32296000 0.76842400
v 0.24202900 0.32369200 0.76787200
v 0.24158400 0.32497800 0.76792400
v 0.24145500 0.32641600 0.76755000
v 0.24480300 0.33027100 0.76663700
v 0.24593700 0.32993500 0.76574100
v 0.24708300 0.32889200 0.76512400
v 0.24794400 0.32749400 0.76484100
v 0.24843200 0.32604400 0.76485400
v 0.24855100 0.32468800 0.76520800
v 0.24824900 0.32358500 0.76584600
v 0.24831400 0.32309400 0.76770800
v 0.24743900 0.32278700 0.76862000
v 0.24647200 0.32291100 0.76949700
v 0.24380100 0.32422500 0.76982300
v 0.24330300 0.32554200 0.76984300
v 0.24317500 0.32702700 0.76947900
v 0.24337400 0.32852900 0.76873100
v 0.24391900 0.32973800 0.76770400
v 0.24687900 0.33001000 0.76879900
v 0.24780000 0.32978000 0.76801400
v 0.24864300 0.32897500 0.76749300
v 0.24928500 0.32781100 0.76726200
v 0.24968000 0.32649500 0.76729000
v 0.24980400 0.32518200 0.76753600
v 0.24960000 0.32407000 0.76801200
v 0.24658200 0.32376400 0.77094500
v 0.24595300 0.32479500 0.77127900
v 0.24556100 0.32608600 0.77129500
v 0.24543100 0.32743100 0.77101000
v 0.24560400 0.32867300 0.77045100
v 0.24609400 0.32960900 0.76967500
v 0.25771300 0.31263000 0.84244700
v 0.25815300 0.31274000 0.84254800
v 0.25754000 0.31719900 0.83993300
v 0.25709400 0.31693100 0.83975700
v 0.25804000 0.31705700 0.83982100
v 0.25863400 0.31218100 0.84178100
v 0.25843100 0.31650300 0.83938800
v 0.25903800 0.31301100 0.83668800
v 0.25893100 0.31052700 0.83956500
v 0.25879500 0.31022500 0.83920800
v 0.25860200 0.31235400 0.83622900
v 0.25835700 0.31013000 0.83912800
v 0.25787200 0.31236200 0.83625400
v 0.25792300 0.31046300 0.83948900
v 0.25744500 0.31285800 0.83657400
v 0.25755500 0.31212700 0.84165400
v 0.25684600 0.31551000 0.83853500
v 0.25858200 0.30702600 0.84460700
v 0.25901200 0.30699100 0.84442400
v 0.25926100 0.30659100 0.84305200
v 0.25920700 0.30629800 0.84224700
v 0.25893100 0.30617900 0.84201400
v 0.25859300 0.30626300 0.84221400
v 0.25837200 0.30653600 0.84273100
v 0.25833400 0.30692200 0.84420300
v 0.25948600 0.30065900 0.84250300
v 0.25987100 0.30072900 0.84243100
v 0.25985200 0.30111100 0.84179200
v 0.25961400 0.30112400 0.84129300
v 0.25928900 0.30103800 0.84194000
v 0.26040400 0.29620300 0.83682800
v 0.25749100 0.31869200 0.83957300
v 0.25906700 0.31866500 0.83946100
v 0.26005600 0.31806800 0.83889400
v 0.26045500 0.31704600 0.83810600
v 0.26092200 0.31457700 0.83629700
v 0.26088800 0.31347900 0.83546600
v 0.26005300 0.31277400 0.83495400
v 0.25856300 0.31239800 0.83474700
v 0.25696400 0.31239800 0.83480900
v 0.25580500 0.31288200 0.83517500
v 0.25523000 0.31393400 0.83590500
v 0.25485600 0.31637200 0.83769500
v 0.25507200 0.31742300 0.83857400
v 0.25596100 0.31824000 0.83929400
v 0.25896500 0.32031500 0.83769200
v 0.25736500 0.32025700 0.83769400
v 0.26014000 0.31984900 0.83722400
v 0.26064700 0.31884400 0.83641600
v 0.26079200 0.31741400 0.83537300
v 0.26120200 0.31581500 0.83420300
v 0.26113000 0.31461100 0.83331700
v 0.26005400 0.31399000 0.83295600
v 0.25847300 0.31369700 0.83285500
v 0.25685600 0.31359000 0.83283400
v 0.25557100 0.31388200 0.83309300
v 0.25493000 0.31497200 0.83392800
v 0.25445600 0.31798800 0.83613800
v 0.25476000 0.31909500 0.83697800
v 0.25580300 0.31987200 0.83753600
v 0.25843600 0.32114100 0.83469000
v 0.25937100 0.32078100 0.83443300
v 0.25999500 0.32002800 0.83386700
v 0.26032500 0.31893200 0.83306300
v 0.26040900 0.31774500 0.83226500
v 0.26004300 0.31689700 0.83179800
v 0.25921400 0.31643900 0.83163700
v 0.25702100 0.31614500 0.83153800
v 0.25605500 0.31635700 0.83161900
v 0.25538200 0.31705500 0.83204900
v 0.25503400 0.31819500 0.83284900
v 0.25502100 0.31934000 0.83366300
v 0.25542500 0.32024000 0.83425900
v 0.25624500 0.32084500 0.83459100
v 0.25629300 0.33217400 0.81578200
v 0.25773800 0.33196600 0.81565200
v 0.25902800 0.33101600 0.81535200
v 0.25952700 0.32856800 0.81728500
v 0.25973600 0.32664500 0.81711000
v 0.25935100 0.32550200 0.81712900
v 0.25858100 0.32465500 0.81720600
v 0.25756500 0.32423100 0.81728200
v 0.25648200 0.32431500 0.81731500
v 0.25551100 0.32487500 0.81735700
v 0.25480500 0.32583500 0.81744000
v 0.25441900 0.32772900 0.81763600
v 0.25474000 0.32959200 0.81789300
v 0.25497400 0.33152600 0.81571000
v 0.25995400 0.32967900 0.81502200
v 0.26042600 0.32827700 0.81481900
v 0.26038700 0.32691900 0.81473200
v 0.25982800 0.32574100 0.81470600
v 0.25484700 0.32495200 0.81485100
v 0.25393100 0.32589300 0.81494200
v 0.25346300 0.32716600 0.81505700
v 0.25350300 0.32864800 0.81523100
v 0.25401100 0.33021500 0.81548200
v 0.25618200 0.33251500 0.81304800
v 0.25764400 0.33229200 0.81292500
v 0.25898300 0.33132700 0.81268600
v 0.25991800 0.32996700 0.81245600
v 0.26038700 0.32852200 0.81228500
v 0.26034600 0.32712500 0.81212200
v 0.25978700 0.32594500 0.81202300
v 0.25858200 0.32517700 0.81073000
v 0.25739900 0.32473000 0.81197100
v 0.25604100 0.32476900 0.81078500
v 0.25488200 0.32526600 0.81085900
v 0.25379200 0.32608200 0.81226300
v 0.25330600 0.32739300 0.81243400
v 0.25333500 0.32891800 0.81259500
v 0.25386300 0.33051100 0.81279400
v 0.25485700 0.33184800 0.81298400
v 0.25618300 0.33188100 0.81010700
v 0.25740600 0.33175000 0.81004200
v 0.25844100 0.33101300 0.80991800
v 0.25916400 0.32988300 0.80977600
v 0.25954400 0.32856900 0.80964400
v 0.25957900 0.32723100 0.80954700
v 0.25920100 0.32606500 0.80949300
v 0.25426400 0.32637400 0.80966200
v 0.25385800 0.32765700 0.80976400
v 0.25384300 0.32903200 0.80988800
v 0.25424500 0.33034000 0.81000500
v 0.25505000 0.33137100 0.81009000
v 0.27547100 0.30795600 0.85234700
v 0.27525900 0.31272100 0.84904200
v 0.27475300 0.31292200 0.84925100
v 0.27499300 0.30799900 0.85248300
v 0.27423600 0.31270900 0.84917200
v 0.27387900 0.31210800 0.84875600
v 0.27458600 0.30762200 0.85201800
v 0.27360800 0.30859000 0.84603300
v 0.27431500 0.30580600 0.84937500
v 0.27463800 0.30549600 0.84891100
v 0.27414600 0.30800400 0.84553600
v 0.27492500 0.30811600 0.84551000
v 0.27513100 0.30556600 0.84891600
v 0.27532200 0.30867100 0.84580200
v 0.27539400 0.30589300 0.84922300
v 0.27565300 0.31091500 0.84737700
v 0.27568600 0.30733200 0.85114100
v 0.27556900 0.31216200 0.84849400
v 0.27559100 0.30183900 0.85516600
v 0.27522000 0.30180200 0.85515700
v 0.27484900 0.30143400 0.85365900
v 0.27488100 0.30116700 0.85264200
v 0.27530800 0.30112600 0.85240600
v 0.27564000 0.30129700 0.85268700
v 0.27585800 0.30177700 0.85444500
v 0.27563700 0.29536200 0.85318400
v 0.27522500 0.29519400 0.85334400
v 0.27499100 0.29556700 0.85268000
v 0.27521200 0.29579800 0.85194800
v 0.27540600 0.29576400 0.85215000
v 0.27485500 0.29089800 0.84737300
v 0.27454100 0.31450800 0.84875300
v 0.27286000 0.31425900 0.84874400
v 0.27186400 0.31353600 0.84822500
v 0.27154900 0.31247400 0.84744600
v 0.27132400 0.30997300 0.84563400
v 0.27147900 0.30889800 0.84478200
v 0.27244600 0.30832400 0.84420000
v 0.27408000 0.30816600 0.84388700
v 0.27578700 0.30839400 0.84384000
v 0.27697000 0.30903900 0.84413200
v 0.27746300 0.31016300 0.84483100
v 0.27759200 0.31261900 0.84663200
v 0.27725300 0.31361500 0.84755300
v 0.27622500 0.31428200 0.84836300
v 0.27429800 0.31629500 0.84656000
v 0.27258400 0.31612300 0.84666800
v 0.27137500 0.31550100 0.84626500
v 0.27094200 0.31444200 0.84547100
v 0.27094500 0.31301100 0.84441700
v 0.27068500 0.31137600 0.84325300
v 0.27089400 0.31020000 0.84234400
v 0.27211400 0.30973800 0.84190700
v 0.27383900 0.30967100 0.84169900
v 0.27557600 0.30979700 0.84156700
v 0.27691700 0.31026900 0.84174200
v 0.27748100 0.31143400 0.84255100
v 0.27765300 0.31447500 0.84477200
v 0.27721000 0.31552000 0.84565300
v 0.27601300 0.31613500 0.84629700
v 0.27399200 0.31743700 0.84315000
v 0.27281200 0.31728300 0.84324900
v 0.27185500 0.31679100 0.84305600
v 0.27127300 0.31595900 0.84252200
v 0.27104200 0.31483100 0.84172500
v 0.27108800 0.31364300 0.84092300
v 0.27158200 0.31285000 0.84043400
v 0.27252800 0.31250700 0.84022500
v 0.27490400 0.31252800 0.83997600
v 0.27590400 0.31288300 0.83998300
v 0.27653900 0.31367500 0.84036600
v 0.27678100 0.31485200 0.84115400
v 0.27666700 0.31598300 0.84198100
v 0.27613300 0.31681700 0.84261300
v 0.27518500 0.31730200 0.84300100
v 0.27189400 0.33186600 0.82435300
v 0.27067500 0.33156100 0.82436100
v 0.26882600 0.33147400 0.82154200
v 0.26911100 0.32960200 0.82392000
v 0.26891300 0.32831200 0.82373600
v 0.26910800 0.32702400 0.82364900
v 0.26972100 0.32596000 0.82361400
v 0.27069400 0.32525000 0.82359400
v 0.27185300 0.32500000 0.82354100
v 0.27298500 0.32526100 0.82343000
v 0.27391700 0.32597500 0.82334600
v 0.27450300 0.32703900 0.82334800
v 0.27469100 0.32832600 0.82344000
v 0.27451200 0.32961900 0.82361100
v 0.27396800 0.33075600 0.82387200
v 0.27307000 0.33157200 0.82415200
v 0.27156800 0.33306700 0.82166500
v 0.27006100 0.33262400 0.82171300
v 0.26804000 0.33000300 0.82128500
v 0.26776100 0.32854200 0.82111300
v 0.26803200 0.32720800 0.82100300
v 0.26882700 0.32613800 0.82089300
v 0.27301500 0.32545400 0.82047700
v 0.27424500 0.32618400 0.82037100
v 0.27505700 0.32726500 0.82035300
v 0.27534100 0.32859800 0.82042400
v 0.27506100 0.33005300 0.82063500
v 0.27428100 0.33151400 0.82100000
v 0.27306400 0.33264600 0.82139800
v 0.27123300 0.33344700 0.81850300
v 0.26971200 0.33298500 0.81856300
v 0.26843600 0.33181200 0.81846900
v 0.26765800 0.33031700 0.81832800
v 0.26739600 0.32881300 0.81819100
v 0.26766500 0.32744200 0.81799400
v 0.26845000 0.32637100 0.81779900
v 0.26967300 0.32582400 0.81614300
v 0.27117800 0.32556700 0.81740800
v 0.27243500 0.32584200 0.81585600
v 0.27358100 0.32652400 0.81578300
v 0.27478700 0.32749800 0.81725100
v 0.27509100 0.32887200 0.81738500
v 0.27481300 0.33037100 0.81757900
v 0.27400000 0.33185500 0.81788600
v 0.27274000 0.33300800 0.81824500
v 0.27092400 0.33284700 0.81511700
v 0.26964700 0.33251500 0.81521000
v 0.26866700 0.33161700 0.81520800
v 0.26808500 0.33038200 0.81514000
v 0.26790000 0.32902300 0.81503600
v 0.26808700 0.32769700 0.81492500
v 0.26868500 0.32660900 0.81480800
v 0.27386400 0.32773200 0.81432300
v 0.27407900 0.32906500 0.81438900
v 0.27386800 0.33042400 0.81453400
v 0.27322800 0.33164800 0.81472900
v 0.27220700 0.33253100 0.81494100
v 0.26195400 0.40499300 0.70880800
v 0.26504200 0.40910100 0.71314700
v 0.26486600 0.40264200 0.71592700
v 0.26045100 0.39823900 0.70978200
v 0.25651400 0.39575100 0.72858500
v 0.25456800 0.39315200 0.72805000
v 0.25661300 0.39322700 0.72848900
v 0.25435200 0.39571300 0.72819700
v 0.25318200 0.39291800 0.72691800
v 0.25288500 0.39563900 0.72683400
v 0.25235000 0.39252000 0.72519800
v 0.25184900 0.39545500 0.72474100
v 0.25215300 0.39186700 0.72302100
v 0.25113000 0.39524400 0.72252900
v 0.25277900 0.39117600 0.72092300
v 0.25368700 0.39093100 0.71907400
v 0.25448400 0.39112100 0.71752400
v 0.25342600 0.39549400 0.71512000
v 0.26228200 0.39411100 0.72618200
v 0.26296400 0.39371100 0.72426400
v 0.26406600 0.39702100 0.72348700
v 0.26077700 0.39392100 0.72747900
v 0.26109900 0.39657200 0.72723800
v 0.25881500 0.39349900 0.72826400
v 0.25891400 0.39602400 0.72817300
v 0.25554600 0.39142300 0.71463100
v 0.25675200 0.39005800 0.71267400
v 0.25712500 0.39324300 0.70879800
v 0.25592700 0.39376100 0.70922800
v 0.25389000 0.39542900 0.71280300
v 0.25853600 0.38982400 0.71276100
v 0.25835500 0.39348400 0.70954500
v 0.26051800 0.39496100 0.71319900
v 0.25973700 0.39089400 0.71495500
v 0.25999900 0.39107600 0.71653900
v 0.26048600 0.39140100 0.71824600
v 0.26134800 0.39200900 0.72009200
v 0.26299000 0.39571700 0.71906100
v 0.26385200 0.39645800 0.72126400
v 0.26242400 0.39287900 0.72216400
v 0.25333100 0.40665400 0.72964300
v 0.25669200 0.40647700 0.73021000
v 0.24888300 0.40910600 0.72527400
v 0.24752800 0.41091000 0.72076500
v 0.25081900 0.40562100 0.72756400
v 0.25378000 0.40046200 0.72909600
v 0.25657200 0.40033000 0.72951900
v 0.25154800 0.40104700 0.72745800
v 0.24753300 0.40734800 0.72172500
v 0.24969600 0.40142700 0.72499900
v 0.24840800 0.40178100 0.72218800
v 0.24825300 0.40207500 0.71984600
v 0.24895600 0.40236400 0.71758100
v 0.24741800 0.40788100 0.71940800
v 0.25035100 0.40191200 0.71452500
v 0.24922400 0.40839700 0.71479600
v 0.25000600 0.41148400 0.71395200
v 0.25436200 0.40587000 0.70341000
v 0.25657000 0.40500100 0.70236300
v 0.25883300 0.40537900 0.70367200
v 0.26366000 0.41209000 0.71252800
v 0.26476800 0.41228300 0.71788900
v 0.26283700 0.40974200 0.72620900
v 0.26026700 0.40749600 0.72904100
v 0.26535500 0.40956200 0.71825700
v 0.26463700 0.40906400 0.72260800
v 0.26320600 0.40715000 0.72652500
v 0.26547700 0.40313800 0.72120400
v 0.26467800 0.40268500 0.72457900
v 0.26260600 0.40178600 0.72725700
v 0.26022900 0.40539600 0.72912200
v 0.25971100 0.40083900 0.72890000
v 0.25659000 0.39611900 0.70547100
v 0.25500100 0.39666500 0.70610600
v 0.25355800 0.39794600 0.70798000
v 0.25200900 0.39975900 0.71048800
v 0.25657500 0.40048200 0.70318300
v 0.25461000 0.40128100 0.70402000
v 0.25294500 0.40332800 0.70609600
v 0.25138500 0.40597800 0.70888600
v 0.25822200 0.39640800 0.70634400
v 0.25859300 0.40084500 0.70429200
v 0.26537200 0.40295500 0.71841400
v 0.20566900 0.85041100 0.96205000
v 0.20835600 0.84695500 0.96088200
v 0.20445100 0.84641000 0.96606700
v 0.21029100 0.83537700 0.95290000
v 0.21158900 0.83706300 0.95659500
v 0.20730200 0.83041600 0.95614000
v 0.20855200 0.83075200 0.96033600
v 0.19538500 0.85273400 0.96721000
v 0.20017300 0.83438700 0.97102100
v 0.20078400 0.82965600 0.96783500
v 0.20441500 0.83398500 0.96875500
v 0.20784600 0.83327800 0.96471000
v 0.20280100 0.82751700 0.96460900
v 0.20207900 0.83878200 0.97046300
v 0.20600900 0.83747100 0.96697100
v 0.20381100 0.84281300 0.96796100
v 0.19741600 0.83110400 0.97017400
v 0.20311300 0.82440300 0.96122100
v 0.20763900 0.84306600 0.96370400
v 0.20951200 0.83652900 0.96292100
v 0.21061100 0.84203600 0.95895200
v 0.21095500 0.84709200 0.95520700
v 0.21147400 0.84169000 0.95288000
v 0.19186700 0.84107300 0.97386300
v 0.19128200 0.83526800 0.97333000
v 0.19054400 0.84929200 0.97110200
v 0.19131500 0.83236400 0.97211700
v 0.19778400 0.84041900 0.97249100
v 0.19674200 0.83480900 0.97231000
v 0.19978000 0.84538300 0.96979500
v 0.19484700 0.84907700 0.97015200
v 0.19191200 0.79162000 0.95587200
v 0.18828600 0.78775700 0.95765500
v 0.19458600 0.78988000 0.95373100
v 0.19434000 0.79338400 0.95428200
v 0.18892200 0.79096900 0.95701300
v 0.19079500 0.79323100 0.95560300
v 0.19234000 0.79478300 0.95541800
v 0.19281800 0.79544900 0.95448400
v 0.19474100 0.79822900 0.95355500
v 0.18793500 0.78485400 0.96216700
v 0.19076400 0.78871500 0.96398300
v 0.19274500 0.79145200 0.96250300
v 0.19323300 0.79233800 0.96411700
v 0.19059500 0.78923000 0.96536000
v 0.18784400 0.78611600 0.96424100
v 0.18995500 0.78979300 0.96663600
v 0.18821100 0.79016600 0.96750400
v 0.18720300 0.79481000 0.97032500
v 0.18710200 0.78424500 0.96143500
v 0.18990900 0.78800700 0.96166300
v 0.18757000 0.78772400 0.95936100
v 0.19716800 0.80066400 0.95173500
v 0.19661800 0.80096700 0.95435300
v 0.19883600 0.80486000 0.95238900
v 0.19702700 0.80299500 0.95598600
v 0.19975700 0.80887000 0.95330600
v 0.19954200 0.81002900 0.95723200
v 0.20111900 0.81283700 0.95991100
v 0.20286600 0.81785600 0.95621300
v 0.19087000 0.81915500 0.97378700
v 0.19036400 0.81256500 0.97363400
v 0.18933700 0.80603100 0.97270800
v 0.19599600 0.81854700 0.97317100
v 0.19478500 0.81210100 0.97276300
v 0.19306700 0.80540300 0.97152600
v 0.18816700 0.79987600 0.97144900
v 0.19955000 0.81772100 0.97106100
v 0.19896500 0.81177000 0.97085100
v 0.20169200 0.81685000 0.96784200
v 0.20093700 0.81090000 0.96798300
v 0.19859000 0.80419700 0.96720800
v 0.19469300 0.79898500 0.96857700
v 0.19558600 0.79806300 0.96635400
v 0.20141900 0.81526800 0.96443100
v 0.20040300 0.80958000 0.96488100
v 0.19827100 0.80290300 0.96455300
v 0.19580600 0.79717900 0.96395800
v 0.19524500 0.79622300 0.96182400
v 0.19623500 0.79993700 0.95964000
v 0.19450600 0.79737300 0.95770500
v 0.19226700 0.79347500 0.95848000
v 0.19499100 0.79794200 0.95562900
v 0.20017500 0.82393000 0.96877200
v 0.19659600 0.82419200 0.97077400
v 0.20228100 0.82352600 0.96481200
v 0.18586900 0.29248800 0.37982300
v 0.20834500 0.24230600 0.31002500
v 0.21290400 0.30651000 0.38237800
v 0.22161400 0.31231800 0.38215000
v 0.22592000 0.25630300 0.30019900
v 0.22448300 0.31721200 0.38111600
v 0.23136600 0.26049400 0.29764600
v 0.22952800 0.32460600 0.37986800
v 0.23435500 0.26458900 0.29623700
v 0.23418500 0.32920300 0.37823800
v 0.23541500 0.26855800 0.29462800
v 0.24171400 0.35636700 0.40384600
v 0.24010600 0.33931600 0.36728400
v 0.23710400 0.34090000 0.36255900
v 0.23184000 0.34218200 0.35837100
v 0.23273000 0.27337500 0.29142100
v 0.22512800 0.34217100 0.35541300
v 0.22258600 0.27614200 0.28900400
v 0.21174400 0.34145000 0.35201800
v 0.20707300 0.27614000 0.28813300
v 0.21618900 0.07654130 0.09048710
v 0.20806000 0.06984330 0.08958800
v 0.18586900 0.05526480 0.08866010
v 0.19174500 0.05572070 0.08848720
v 0.19551200 0.05673500 0.08869470
v 0.20447700 0.06704070 0.08916150
v 0.21481000 0.08094500 0.08977820
v 0.20810000 0.08255750 0.08674680
v 0.18586900 0.02675030 0.03268230
v 0.22588900 0.37622200 0.38867500
v 0.20534800 0.37485200 0.38546500
v 0.18586900 0.33420800 0.34856000
v 0.23524100 0.37234200 0.39038600
v 0.21038100 0.40537400 0.41567700
v 0.23254200 0.40468600 0.41786000
v 0.23943100 0.36748300 0.39315700
v 0.24150200 0.36286500 0.39645600
v 0.24138100 0.39900700 0.41880000
v 0.24885100 0.40916500 0.44103400
v 0.24540000 0.37973700 0.42483800
v 0.24345900 0.37622700 0.43194500
v 0.23732600 0.35599000 0.41471500
v 0.22864900 0.35184200 0.43368000
v 0.24209200 0.37450400 0.44078400
v 0.22350800 0.35155200 0.44352300
v 0.23481200 0.37218600 0.46881500
v 0.23069300 0.37262200 0.48237100
v 0.21721300 0.35255500 0.45539200
v 0.22082400 0.37287900 0.49440800
v 0.20017500 0.35288300 0.46699800
v 0.18586900 0.34163900 0.46679100
v 0.20739400 0.38200100 0.51951000
v 0.20038300 0.02500000 0.02500000
v 0.20642000 0.03985000 0.04072200
v 0.27310800 0.64621000 0.81910800
v 0.29656700 0.62358600 0.81313800
v 0.27875900 0.62993700 0.80025100
v 0.28195500 0.61643000 0.78329800
v 0.29733900 0.60859600 0.79873300
v 0.31819100 0.59357200 0.81291700
v 0.28325300 0.60526900 0.76629000
v 0.29576100 0.57224700 0.75921800
v 0.30826400 0.55082400 0.76692500
v 0.29379600 0.58708200 0.77283200
v 0.31165200 0.52660300 0.73041400
v 0.29580500 0.55408100 0.74091800
v 0.30931300 0.53957300 0.75078100
v 0.30298700 0.53503900 0.71301400
v 0.28946800 0.65098200 0.82781900
v 0.27496100 0.68741100 0.83531900
v 0.29468300 0.72087400 0.81336300
v 0.27790200 0.70731200 0.82927600
v 0.30320500 0.72552200 0.71843000
v 0.29509900 0.73392200 0.74610300
v 0.28865500 0.73796900 0.72617400
v 0.27485300 0.74709200 0.74077800
v 0.28330900 0.74400300 0.76151300
v 0.29163300 0.73669800 0.77172300
v 0.29318100 0.73257300 0.79441200
v 0.28041200 0.74474800 0.78381400
v 0.27327700 0.74766500 0.76138700
v 0.29564400 0.72699600 0.70298100
v 0.31310200 0.71445600 0.69653800
v 0.32286800 0.70576600 0.67555500
v 0.30469500 0.71571200 0.68251900
v 0.28351200 0.72340600 0.68972700
v 0.28045500 0.74013700 0.71502300
v 0.29834700 0.70914300 0.66947200
v 0.30739700 0.70030500 0.64502900
v 0.31364300 0.70951000 0.66464700
v 0.27758000 0.65894800 0.58694700
v 0.28974100 0.68450800 0.61673600
v 0.31800000 0.56609700 0.79603300
v 0.30082100 0.58070200 0.78239500
v 0.31787900 0.54293900 0.77411300
v 0.31562400 0.61966600 0.82118000
v 0.27548900 0.55440900 0.76835200
v 0.26291500 0.70916800 0.82879000
v 0.26026800 0.69631400 0.83968000
v 0.26955700 0.62322300 0.81946000
v 0.27361500 0.58201000 0.80112900
v 0.27425000 0.61958100 0.79911000
v 0.26802300 0.74821500 0.78823800
v 0.26275600 0.75529700 0.79464700
v 0.25993000 0.74968800 0.81314800
v 0.27239700 0.73362900 0.81323100
v 0.28047100 0.54291300 0.73142000
v 0.28174500 0.57640700 0.75476800
v 0.26060200 0.76962200 0.75687400
v 0.26576600 0.75917000 0.75504300
v 0.26894900 0.75346000 0.73379700
v 0.25788000 0.76844300 0.73817800
v 0.26740600 0.75431500 0.76456500
v 0.25671400 0.78146900 0.78381400
v 0.25652100 0.77021200 0.80206100
v 0.25546600 0.75482600 0.70953600
v 0.26847800 0.74697400 0.71169000
v 0.26293900 0.73261000 0.69005400
v 0.24062100 0.73945300 0.68578700
v 0.26361500 0.70555000 0.65278600
v 0.24931400 0.66653400 0.61336100
v 0.24748000 0.64478000 0.60119400
v 0.25967600 0.58253600 0.53104700
v 0.26374100 0.54182300 0.53329800
v 0.26733300 0.52462100 0.50668100
v 0.27501600 0.55000400 0.52589700
v 0.29264800 0.54613100 0.54917700
v 0.27064000 0.51737000 0.51226200
v 0.27419600 0.51121200 0.50977700
v 0.29734200 0.52259100 0.55485900
v 0.28092800 0.52412200 0.53160400
v 0.27319100 0.60972500 0.53422600
v 0.28581200 0.61900000 0.54590800
v 0.28433100 0.60274600 0.54021700
v 0.26831200 0.54629000 0.51714800
v 0.26376800 0.52994000 0.50789300
v 0.25863300 0.53636200 0.49972800
v 0.26348600 0.55183200 0.51421300
v 0.24933700 0.54781700 0.49432300
v 0.25538000 0.54218500 0.50251300
v 0.25503200 0.56263400 0.50978000
v 0.26920700 0.59580600 0.52798300
v 0.25950100 0.55737700 0.51264000
v 0.26554000 0.60143800 0.52549500
v 0.25851300 0.58533800 0.51475700
v 0.25420500 0.57240800 0.50909200
v 0.25494800 0.58790900 0.51242200
v 0.24576700 0.57916400 0.50212300
v 0.25766800 0.53757900 0.52437900
v 0.24761400 0.54491700 0.50511000
v 0.24805700 0.56485700 0.50857900
v 0.29702600 0.50124600 0.64623200
v 0.27149200 0.61306200 0.54155200
v 0.29213600 0.63268100 0.55736800
v 0.31058800 0.66142000 0.59926600
v 0.29135400 0.64275100 0.56591200
v 0.30795200 0.64485700 0.58161100
v 0.29404400 0.46147900 0.58781200
v 0.28866500 0.46089000 0.57340600
v 0.31028700 0.46553400 0.62670900
v 0.29272600 0.48684500 0.61266000
v 0.28914400 0.48559900 0.60027500
v 0.29278900 0.48917300 0.62234100
v 0.32841300 0.50748000 0.63829800
v 0.31472000 0.50536300 0.59109300
v 0.31487000 0.49329000 0.60312500
v 0.30360500 0.46663200 0.60606400
v 0.29908400 0.47794200 0.57094700
v 0.28918500 0.46721000 0.55796300
v 0.29824100 0.47356400 0.57962400
v 0.32270800 0.48502400 0.63832200
v 0.32340700 0.51595500 0.61435800
v 0.32855200 0.53630900 0.62682200
v 0.31342100 0.51379100 0.70427000
v 0.30326400 0.51470500 0.67094900
v 0.30511400 0.66298900 0.81870600
v 0.33461200 0.63103800 0.78677300
v 0.32108800 0.65324700 0.78851700
v 0.29932100 0.69529600 0.81184100
v 0.30856400 0.72163000 0.73798700
v 0.31183500 0.71573500 0.75637100
v 0.30714600 0.70778500 0.78890200
v 0.30531300 0.68391100 0.61360100
v 0.31613000 0.49809900 0.68089300
v 0.30786700 0.49751000 0.65548800
v 0.31981700 0.47327000 0.65070000
v 0.31597400 0.48400500 0.66031000
v 0.33557300 0.52091600 0.66001900
v 0.33524000 0.50647000 0.67105100
v 0.31871400 0.47760700 0.63508400
v 0.32784900 0.48520400 0.65985700
v 0.33620000 0.50224900 0.69272200
v 0.33340600 0.49700300 0.71878100
v 0.33387800 0.49084600 0.69439300
v 0.32939800 0.48299000 0.68491000
v 0.33755800 0.50625500 0.72109600
v 0.33284700 0.53756000 0.77796200
v 0.33735100 0.52257800 0.75278400
v 0.33281500 0.51348800 0.75075900
v 0.34061900 0.54548700 0.76834500
v 0.34340700 0.53624500 0.74712900
v 0.34579000 0.54302400 0.73958500
v 0.34483300 0.55752900 0.75991300
v 0.31912200 0.51311800 0.72398500
v 0.31860400 0.52601200 0.75264200
v 0.32639400 0.52076000 0.75472200
v 0.32594800 0.53841300 0.77904900
v 0.32575400 0.50461700 0.72291000
v 0.32679300 0.49030700 0.69545000
v 0.32758200 0.56249400 0.80082000
v 0.32576700 0.62324800 0.81130900
v 0.33698600 0.61737800 0.79088400
v 0.33689100 0.59535900 0.79230900
v 0.34073400 0.59777600 0.77985100
v 0.33628600 0.56565000 0.78861600
v 0.32856600 0.59453500 0.81020600
v 0.33332900 0.65989500 0.74318000
v 0.32226300 0.67282800 0.77496300
v 0.33655000 0.62039200 0.75918100
v 0.33869900 0.59973500 0.68397100
v 0.33794600 0.65182300 0.70027600
v 0.34642700 0.57040400 0.73173100
v 0.34673800 0.56407900 0.74652100
v 0.31897400 0.70823300 0.71216200
v 0.32232200 0.69514300 0.73848400
v 0.33130200 0.69089900 0.69841100
v 0.32380500 0.70290600 0.69483900
v 0.33513900 0.64958600 0.65216400
v 0.33212500 0.67322900 0.72020600
v 0.34338700 0.53307400 0.70429200
v 0.34041300 0.54373400 0.68306000
v 0.33276700 0.55394300 0.63987200
v 0.33735600 0.54375900 0.65929800
v 0.33670100 0.53320500 0.65833400
v 0.26881900 0.50703500 0.73967700
v 0.26478500 0.48590100 0.76720900
v 0.26625200 0.49239700 0.75169700
v 0.26619800 0.47773800 0.73816800
v 0.26069500 0.46234600 0.70060200
v 0.26615600 0.48256600 0.71354700
v 0.27645100 0.48569700 0.65084600
v 0.28050500 0.50697400 0.66803100
v 0.26891300 0.48011600 0.66330400
v 0.27131900 0.49744400 0.68035400
v 0.26597600 0.46215700 0.64185800
v 0.26240800 0.46914300 0.67239000
v 0.26111500 0.45583200 0.64358200
v 0.25884800 0.46426000 0.67351900
v 0.25460800 0.45009900 0.64555000
v 0.27179200 0.52671700 0.75945500
v 0.26780100 0.51543800 0.77060200
v 0.26909300 0.53477200 0.78644800
v 0.26525000 0.53119300 0.79545200
v 0.26006900 0.52988100 0.80406400
v 0.25441300 0.52888400 0.81201300
v 0.26393900 0.61371300 0.83636900
v 0.26166900 0.63586200 0.84074200
v 0.25988400 0.66366000 0.83994600
v 0.25873500 0.60909000 0.85039000
v 0.26308900 0.55513200 0.81406100
v 0.25454000 0.68623300 0.85096200
v 0.24948900 0.68015700 0.86772500
v 0.28331200 0.48468300 0.58700300
v 0.27091700 0.55627200 0.79457600
v 0.23949100 0.59281700 0.55757200
v 0.24513700 0.61205800 0.57310100
v 0.24263400 0.57373900 0.54902200
v 0.25422500 0.51446200 0.52152300
v 0.25855400 0.53202700 0.53922200
v 0.27517200 0.48384100 0.54937400
v 0.27956000 0.46287400 0.57540900
v 0.27587700 0.45586600 0.58549400
v 0.27032700 0.44960300 0.59236700
v 0.27708000 0.48143000 0.63095700
v 0.26246000 0.43588100 0.60053000
v 0.26961800 0.45540000 0.61822500
v 0.27912500 0.45893300 0.54597800
v 0.24386400 0.46246800 0.36823900
v 0.26211500 0.48215400 0.44036500
v 0.27937300 0.50118100 0.51277600
v 0.28294100 0.48957700 0.49812600
v 0.28543300 0.47831300 0.48341900
v 0.29840700 0.50124100 0.55037000
v 0.29932000 0.48916900 0.53656900
v 0.31519500 0.53019900 0.59039800
v 0.31390100 0.55346600 0.58766300
v 0.30703300 0.62466300 0.56867400
v 0.31613800 0.59358800 0.58037900
v 0.25343900 0.49178300 0.44063900
v 0.24581100 0.50308400 0.43482200
v 0.23417000 0.46041600 0.35572300
v 0.22324200 0.45733900 0.34438100
v 0.23609700 0.50084700 0.42193900
v 0.24026200 0.55760200 0.49090200
v 0.23038800 0.56834500 0.48316200
v 0.22705300 0.49834400 0.41198800
v 0.21462700 0.45548000 0.33364400
v 0.21396200 0.50821000 0.40519300
v 0.22454000 0.47169600 0.38399600
v 0.20643100 0.45324400 0.32258400
v 0.21555700 0.43319300 0.32081600
v 0.24109500 0.43845400 0.38183200
v 0.24175200 0.48863000 0.44588800
v 0.23413100 0.52805300 0.46549900
v 0.25182500 0.50549800 0.49188000
v 0.26127100 0.47391500 0.49548200
v 0.26494700 0.44053900 0.44399300
v 0.22408300 0.42530000 0.33411600
v 0.23174100 0.42329700 0.35186100
v 0.25004000 0.42867800 0.39799100
v 0.26120200 0.45188500 0.40403100
v 0.23524700 0.43248500 0.35046500
v 0.23762500 0.44160600 0.34986000
v 0.27908200 0.46424700 0.45992700
v 0.28026100 0.46119900 0.50272100
v 0.28855700 0.46942200 0.51609300
v 0.29297700 0.47707300 0.52750200
v 0.30714100 0.48956900 0.58059100
v 0.26651300 0.47084500 0.42513100
v 0.24175300 0.45252100 0.35828500
v 0.22709900 0.43798000 0.33485200
v 0.31694000 0.64039100 0.58825500
v 0.31757800 0.65689100 0.60211300
v 0.32394300 0.65083600 0.61050800
v 0.32160700 0.62102700 0.58827100
v 0.32633700 0.63239700 0.60777600
v 0.33037200 0.61230800 0.61818700
v 0.32432900 0.58500600 0.60066000
v 0.32572800 0.55472900 0.61385500
v 0.32975200 0.58054100 0.62392200
v 0.32213400 0.68365600 0.64765200
v 0.20483800 0.47980700 0.78851100
v 0.22581600 0.46880400 0.74234200
v 0.22888000 0.45623700 0.70095900
v 0.22586700 0.48039900 0.77606900
v 0.24911300 0.45754400 0.68587100
v 0.24147400 0.44526400 0.64833600
v 0.23989700 0.45775500 0.68698400
v 0.25894500 0.49334100 0.78331400
v 0.24697300 0.49304500 0.79180700
v 0.24208600 0.52727800 0.82286900
v 0.23658200 0.48873900 0.78874500
v 0.20662900 0.45717900 0.71295900
v 0.20468000 0.43530800 0.65364800
v 0.18586900 0.43246300 0.65595800
v 0.18586900 0.48089300 0.78704200
v 0.21974000 0.52570800 0.83339900
v 0.18586900 0.52351200 0.83533900
v 0.25475300 0.41944900 0.73991600
v 0.24424800 0.41991000 0.73565200
v 0.24388700 0.42296700 0.71711000
v 0.24199700 0.42128600 0.72538800
v 0.25147100 0.42135300 0.70153100
v 0.25415800 0.42067900 0.70026100
v 0.25848200 0.42305100 0.70482900
v 0.26561200 0.42384500 0.71752500
v 0.26687600 0.42186700 0.72406100
v 0.26551300 0.42102700 0.72916400
v 0.26268400 0.42008800 0.73543800
v 0.23529200 0.48523800 0.47834800
v 0.23777200 0.52789300 0.51210800
v 0.24964700 0.47345700 0.48194500
v 0.25871500 0.45970500 0.48807300
v 0.26229900 0.46890600 0.52186900
v 0.26663700 0.45573300 0.54202100
v 0.26385000 0.44886400 0.55577800
v 0.25290300 0.43102300 0.57939100
v 0.24551400 0.42155000 0.58808000
v 0.25410000 0.42735800 0.60402000
v 0.23268900 0.41120900 0.59663000
v 0.22447400 0.43992300 0.65115400
v 0.22501800 0.41645800 0.61143400
v 0.21462900 0.40428900 0.59965300
v 0.20610500 0.41211200 0.61442900
v 0.18586900 0.40225300 0.59100300
v 0.18586900 0.40972300 0.61602200
v 0.18586900 0.48596600 0.48572600
v 0.21227400 0.53367100 0.50633300
v 0.21370400 0.49082300 0.47901800
v 0.18586900 0.45800900 0.46498700
v 0.21493300 0.46324800 0.46005100
v 0.23649000 0.45902300 0.46037500
v 0.18586900 0.43717200 0.45290800
v 0.21311600 0.44383800 0.45813100
v 0.23488000 0.44552500 0.46376100
v 0.18586900 0.40030300 0.41461000
v 0.21202800 0.42405600 0.43741600
v 0.24714100 0.44064400 0.46677000
v 0.25312800 0.43255100 0.46826400
v 0.24944100 0.44956300 0.46479600
v 0.25421300 0.45617600 0.49314700
v 0.25710400 0.41807500 0.47470900
v 0.26074600 0.44169400 0.50756400
v 0.26215300 0.43495300 0.52411300
v 0.25688500 0.41351100 0.48751100
v 0.24911600 0.38969600 0.45621900
v 0.25765000 0.43144500 0.53517000
v 0.25201600 0.40677900 0.51166800
v 0.24460100 0.38442900 0.47804400
v 0.26031300 0.44233600 0.56552500
v 0.24813600 0.40262000 0.52210900
v 0.24139300 0.38208500 0.48950800
v 0.24795800 0.41338800 0.55823500
v 0.23670500 0.38302200 0.50395900
v 0.24195400 0.39969200 0.53365800
v 0.23914200 0.40601500 0.56755000
v 0.22449800 0.38590600 0.51747400
v 0.21047600 0.39251400 0.54316600
v 0.18586900 0.37033500 0.52049200
v 0.18586900 0.38082700 0.54426800
v 0.21433500 0.39578900 0.57185700
v 0.18586900 0.38811700 0.56741100
v 0.20788400 0.87304600 0.95775800
v 0.21583400 0.82687200 0.92872200
v 0.21560600 0.82183300 0.92963200
v 0.21207800 0.82858300 0.93792500
v 0.21642100 0.84702500 0.94520800
v 0.21199900 0.84185100 0.94515100
v 0.21475800 0.85426500 0.94909000
v 0.21553800 0.85788600 0.95388800
v 0.21636100 0.87087500 0.95069100
v 0.22053000 0.86817100 0.94079200
v 0.22075300 0.87873800 0.94337200
v 0.22320900 0.88565900 0.91520500
v 0.23049600 0.86404100 0.90859500
v 0.22565300 0.85371300 0.88919800
v 0.22366800 0.84956800 0.90797600
v 0.22394000 0.84069300 0.90618700
v 0.22819500 0.83992400 0.88290400
v 0.22293500 0.83556200 0.90700900
v 0.22762900 0.82961800 0.88944900
v 0.22575100 0.82291300 0.89448400
v 0.22464500 0.81785800 0.90412700
v 0.22301500 0.82541700 0.91396300
v 0.22349200 0.81735900 0.91704100
v 0.21844200 0.82414700 0.92159700
v 0.20597300 0.82910600 0.94555800
v 0.21010200 0.83612900 0.94223700
v 0.23430200 0.80973000 0.89977100
v 0.21148800 0.81918100 0.93727800
v 0.21221400 0.88989400 0.94678800
v 0.21854000 0.85472200 0.94324100
v 0.22531700 0.85119500 0.91346400
v 0.21746800 0.82764100 0.92248800
v 0.22476800 0.83412100 0.91618300
v 0.22374700 0.83263600 0.91145000
v 0.22572200 0.83638300 0.91366500
v 0.22558700 0.84363900 0.91186400
v 0.22490500 0.85510200 0.92041400
v 0.22506300 0.86696400 0.92633600
v 0.22223600 0.85901800 0.93724400
v 0.21452700 0.83331800 0.93596400
v 0.21848600 0.83088500 0.92795900
v 0.22638300 0.74324000 0.90672400
v 0.23254700 0.72868000 0.89652200
v 0.21942500 0.74004500 0.91534100
v 0.23681800 0.73339100 0.88217400
v 0.23603600 0.71731400 0.89749300
v 0.22687000 0.72504600 0.90930300
v 0.24852300 0.70188800 0.86418800
v 0.25131100 0.71233100 0.84550200
v 0.22001200 0.72129000 0.91731400
v 0.21405100 0.73783700 0.92239200
v 0.22891400 0.71376900 0.91089700
v 0.21026500 0.71934500 0.92231000
v 0.20292500 0.73394600 0.92979100
v 0.21861400 0.71097300 0.91864100
v 0.23708300 0.70665000 0.90005000
v 0.24360900 0.69581300 0.88614900
v 0.22541100 0.70363300 0.91267300
v 0.23591700 0.69467200 0.90106600
v 0.24078900 0.74491500 0.90252800
v 0.23358200 0.74878700 0.89419200
v 0.23010800 0.73806100 0.91454000
v 0.24481800 0.75246700 0.89616500
v 0.22054700 0.75549600 0.93704500
v 0.22957700 0.76469000 0.92446700
v 0.23703900 0.75858800 0.88813100
v 0.24544000 0.76184700 0.89166300
v 0.23882700 0.76873000 0.88311000
v 0.24472300 0.77494000 0.89223400
v 0.23289300 0.78920800 0.91419800
v 0.21775500 0.77403600 0.94504800
v 0.21889600 0.78462600 0.94164800
v 0.22034600 0.79615900 0.93462400
v 0.24204600 0.75724600 0.85238800
v 0.24069500 0.74737400 0.85730900
v 0.24023600 0.73805500 0.86199700
v 0.24493300 0.73914100 0.84538400
v 0.24297000 0.72382800 0.86206600
v 0.24432600 0.67616000 0.88503400
v 0.23665600 0.67492200 0.89770200
v 0.21316200 0.69033300 0.91282800
v 0.18586900 0.69890700 0.92121100
v 0.20746400 0.70083000 0.91965600
v 0.18586900 0.71813400 0.92781100
v 0.19752100 0.71764200 0.92551700
v 0.19382800 0.73319900 0.93361600
v 0.18586900 0.73313900 0.93603300
v 0.20021400 0.74971400 0.94826200
v 0.20735600 0.73295900 0.93604200
v 0.19360900 0.74836200 0.94914500
v 0.18586900 0.74924800 0.94790400
v 0.19854600 0.77827900 0.95403600
v 0.20945300 0.75155000 0.94513100
v 0.21996800 0.73327600 0.92385200
v 0.20751100 0.79859900 0.94443200
v 0.20111500 0.80855200 0.94917300
v 0.20988300 0.80812800 0.94296000
v 0.20200400 0.81960600 0.94987800
v 0.21795400 0.80904700 0.92869800
v 0.22987200 0.80862300 0.91602500
v 0.24083500 0.79788200 0.89750700
v 0.23699700 0.82201500 0.87651200
v 0.23749600 0.80469200 0.88562700
v 0.23952700 0.77992700 0.88150700
v 0.24138100 0.79529400 0.84993800
v 0.24492100 0.79740800 0.83395200
v 0.24595000 0.78305100 0.82958100
v 0.24628800 0.76972200 0.83332500
v 0.24289000 0.77000800 0.84865400
v 0.24568000 0.75745800 0.83753900
v 0.25055100 0.78234900 0.81604000
v 0.25134100 0.76753100 0.81981700
v 0.25516800 0.73463100 0.82844500
v 0.19966900 0.76642200 0.95377400
v 0.20270100 0.82457300 0.95477100
v 0.20362700 0.82490900 0.94806100
v 0.21756600 0.90171500 0.92033400
v 0.23488200 0.86723600 0.88272100
v 0.22209000 0.90801400 0.89067800
v 0.23402100 0.88766200 0.87569100
v 0.24135700 0.84998200 0.85761200
v 0.23894800 0.83482500 0.86549800
v 0.24404000 0.82043100 0.84261500
v 0.22388000 0.89457400 0.85434400
v 0.23692100 0.86732600 0.84600000
v 0.24461800 0.83227000 0.83041200
v 0.22815700 0.86590300 0.82508200
v 0.24351800 0.83920400 0.81436600
v 0.24949700 0.80857600 0.80457600
v 0.24848500 0.80261700 0.81982700
v 0.25390200 0.78561600 0.80280300
v 0.23308100 0.82625300 0.78438500
v 0.24744700 0.80329500 0.78130100
v 0.18586900 0.87779700 0.96225300
v 0.18586900 0.89443400 0.95058900
v 0.18586900 0.90611800 0.93051100
v 0.20113200 0.90533400 0.92758500
v 0.18586900 0.91468200 0.90047900
v 0.20363200 0.91442300 0.89688900
v 0.18586900 0.90897100 0.86287600
v 0.20536900 0.90618100 0.85896000
v 0.18586900 0.88897500 0.82954700
v 0.20733800 0.88120800 0.82786200
v 0.18586900 0.85574700 0.79101100
v 0.21099800 0.84220600 0.78790200
v 0.22222400 0.84641000 0.91621700
v 0.22206300 0.84842800 0.92087100
v 0.21828700 0.83417900 0.92741600
v 0.22131200 0.83758600 0.92113100
v 0.22247700 0.84290800 0.91953300
v 0.22087100 0.85192000 0.92462900
v 0.21901700 0.85205900 0.92939100
v 0.21720900 0.84887700 0.93333600
v 0.21613600 0.84362600 0.93493700
v 0.21602100 0.84082600 0.93461800
v 0.21668600 0.83616500 0.93190200
v 0.25496700 0.64601700 0.86237500
v 0.25371500 0.57251800 0.84357400
v 0.25249000 0.61293400 0.86410000
v 0.24792300 0.64981600 0.87909600
v 0.23930100 0.60878100 0.87475700
v 0.24009300 0.57097100 0.85421700
v 0.23795500 0.64544600 0.88957300
v 0.21746100 0.60926800 0.88835700
v 0.21575800 0.57119600 0.86470000
v 0.21273400 0.64477900 0.90071800
v 0.18586900 0.60639100 0.88998800
v 0.18586900 0.56844200 0.87071100
v 0.18586900 0.67207900 0.91030200
v 0.24135200 0.78243100 0.73731000
v 0.18586900 0.80445900 0.73701200
v 0.18586900 0.76203100 0.68441200
v 0.20992900 0.75960800 0.69236100
v 0.18586900 0.72094300 0.63874000
v 0.21548100 0.71208600 0.64565500
v 0.18586900 0.67989400 0.60736100
v 0.21711300 0.67250900 0.61341700
v 0.18586900 0.64020500 0.57858300
v 0.21443500 0.63841400 0.58492000
v 0.21366000 0.59746500 0.56105100
v 0.18586900 0.53246800 0.50702100
v 0.21168700 0.56522400 0.53496200
v 0.03303910 0.59973500 0.68397100
v 0.03132450 0.54373400 0.68306000
v 0.03518760 0.62039200 0.75918100
v 0.03379170 0.65182300 0.70027600
v 0.14124100 0.86404100 0.90859500
v 0.14852900 0.88565900 0.91520500
v 0.13685600 0.86723600 0.88272100
v 0.13771700 0.88766200 0.87569100
v 0.10528100 0.33540300 0.77308000
v 0.10698900 0.33166200 0.77614000
v 0.10500100 0.33159500 0.77668400
v 0.10763000 0.33506700 0.77158400
v 0.10881500 0.33185600 0.77578200
v 0.10990300 0.33477400 0.77097600
v 0.11142600 0.33467200 0.77164000
v 0.11120800 0.33158600 0.77538800
v 0.11243400 0.33019900 0.77465200
v 0.11330200 0.33175700 0.77497800
v 0.10573000 0.32999400 0.77688300
v 0.10339900 0.33324500 0.77656400
v 0.10423700 0.33576500 0.77386900
v 0.10336800 0.33597800 0.77631000
v 0.10182000 0.33477400 0.77650200
v 0.10335400 0.33631700 0.77781900
v 0.10057600 0.33532100 0.77657600
v 0.09940270 0.33471600 0.77682800
v 0.10342500 0.33665000 0.78024900
v 0.10245700 0.33685700 0.78562200
v 0.10405500 0.33705400 0.78239400
v 0.10098100 0.33532700 0.78522200
v 0.11350800 0.33535500 0.77363800
v 0.11489300 0.33331400 0.77597000
v 0.11413800 0.33593300 0.77516700
v 0.11642100 0.33475200 0.77699900
v 0.11487700 0.33622300 0.77654300
v 0.11750400 0.33522900 0.77791700
v 0.11559300 0.33646400 0.77831100
v 0.11798600 0.33491700 0.78239300
v 0.11452100 0.33691400 0.78059500
v 0.11641900 0.33601300 0.78564900
v 0.11497300 0.33563500 0.78574800
v 0.11316500 0.33748900 0.78238000
v 0.11305200 0.33430500 0.78578500
v 0.11134300 0.33805300 0.78367500
v 0.11109600 0.33285100 0.78577100
v 0.10906600 0.33348500 0.78594200
v 0.10862600 0.33811300 0.78450700
v 0.10722200 0.33522200 0.78596800
v 0.10541200 0.33684700 0.78576600
v 0.10551600 0.33790800 0.78377600
v 0.10417800 0.33745000 0.78561500
v 0.10392000 0.34011300 0.77499400
v 0.10455400 0.34140500 0.77686800
v 0.10565300 0.34297900 0.77759400
v 0.10720900 0.34416200 0.77773000
v 0.10913700 0.34478200 0.77749300
v 0.11089000 0.34440800 0.77739400
v 0.11243500 0.34325300 0.77732200
v 0.11357500 0.34184000 0.77679200
v 0.11411300 0.34073800 0.77526000
v 0.11382800 0.34019100 0.77316700
v 0.11291000 0.33999700 0.77149800
v 0.11127300 0.33968800 0.76963100
v 0.10993600 0.33890600 0.76733700
v 0.10938500 0.33877100 0.76694200
v 0.10652100 0.33986800 0.77005600
v 0.10788700 0.33925700 0.76849700
v 0.10518400 0.33975500 0.77127300
v 0.10413000 0.33964600 0.77284200
v 0.10896100 0.33871600 0.76712000
v 0.10333000 0.32640400 0.77956900
v 0.10551200 0.32670500 0.77803900
v 0.10447100 0.32762700 0.78372800
v 0.10572700 0.32791400 0.78450300
v 0.10899400 0.32641900 0.77853100
v 0.10928700 0.32737200 0.78415300
v 0.11452500 0.32592700 0.77847400
v 0.11284700 0.32686800 0.78394500
v 0.11436900 0.32623400 0.78464000
v 0.11593600 0.32575600 0.78016700
v 0.11550400 0.32553500 0.77892900
v 0.10374900 0.32693500 0.77776100
v 0.10243500 0.32788100 0.78482000
v 0.10105700 0.32558400 0.77812500
v 0.09826390 0.33318100 0.77731700
v 0.09975890 0.33357900 0.78472900
v 0.09734810 0.33144800 0.77788700
v 0.09981020 0.32589900 0.77824700
v 0.09927540 0.33193700 0.78442700
v 0.09703120 0.32983000 0.77828000
v 0.10094500 0.32887100 0.78462800
v 0.09854110 0.32684000 0.77835100
v 0.09749910 0.32824500 0.77840300
v 0.09975490 0.33031800 0.78443800
v 0.11351900 0.32705500 0.77655900
v 0.10517900 0.32839500 0.77719300
v 0.11262700 0.32857200 0.77529700
v 0.10734400 0.32881200 0.78540900
v 0.11195600 0.32798100 0.78532000
v 0.11631000 0.32635100 0.78480500
v 0.10909500 0.33022600 0.78565700
v 0.11765400 0.32665100 0.78085500
v 0.11782800 0.32711200 0.78463300
v 0.11914200 0.32836700 0.78446200
v 0.11834300 0.33456100 0.77894000
v 0.11777100 0.33495500 0.78704200
v 0.11894100 0.33296500 0.78014700
v 0.11879100 0.33331100 0.78678000
v 0.11963900 0.33159400 0.78470500
v 0.10985500 0.33182900 0.78584400
v 0.10248500 0.33248300 0.77384200
v 0.10344100 0.33082800 0.77396400
v 0.10387300 0.32923700 0.77416900
v 0.10359200 0.32773600 0.77446000
v 0.10279600 0.32651200 0.77479200
v 0.10178200 0.32570300 0.77509900
v 0.10062200 0.32540700 0.77532000
v 0.09754640 0.32759300 0.77530400
v 0.09718850 0.32908200 0.77511400
v 0.09739140 0.33070600 0.77480800
v 0.11959400 0.33423100 0.77574100
v 0.11856200 0.33378400 0.77483800
v 0.11747800 0.33248200 0.77411300
v 0.11645800 0.33088300 0.77356200
v 0.11585000 0.32931800 0.77344400
v 0.11582100 0.32780400 0.77388800
v 0.11623700 0.32653900 0.77472300
v 0.11688700 0.32567400 0.77568600
v 0.11775200 0.32531400 0.77667500
v 0.11876100 0.32548500 0.77757300
v 0.12061100 0.32732600 0.77876700
v 0.12113700 0.32879200 0.77884900
v 0.11983100 0.32989600 0.78444800
v 0.12125200 0.33042400 0.77844400
v 0.12099000 0.33213600 0.77765900
v 0.12043500 0.33359500 0.77672500
v 0.11387100 0.33384300 0.78893800
v 0.11263300 0.33230400 0.78894400
v 0.11198800 0.33075200 0.78886800
v 0.11214700 0.32918900 0.78871200
v 0.11291200 0.32783300 0.78849700
v 0.11396500 0.32686300 0.78827500
v 0.11523100 0.32639500 0.78809900
v 0.10622700 0.33480000 0.78962300
v 0.10729100 0.33308800 0.78962200
v 0.10772200 0.33145600 0.78952800
v 0.10729400 0.32994000 0.78934300
v 0.10625500 0.32872100 0.78909300
v 0.10497400 0.32792900 0.78883600
v 0.10354800 0.32766600 0.78863500
v 0.10211400 0.32795100 0.78853700
v 0.10086100 0.32876300 0.78851600
v 0.09994560 0.33000000 0.78852700
v 0.09959750 0.33152400 0.78860900
v 0.09993930 0.33316900 0.78880300
v 0.09602720 0.31197800 0.73750500
v 0.09669580 0.31666500 0.73944000
v 0.09643010 0.31200900 0.73742100
v 0.09605490 0.31658900 0.73954000
v 0.09717870 0.31600800 0.73993800
v 0.09725130 0.31278600 0.74260400
v 0.09682430 0.31004700 0.74024600
v 0.09653270 0.30977400 0.74063800
v 0.09677870 0.31225700 0.74304600
v 0.09613440 0.31237100 0.74300200
v 0.09612580 0.30984500 0.74059400
v 0.09582260 0.31288700 0.74267000
v 0.09582150 0.31058700 0.73979600
v 0.09576900 0.31608400 0.74003400
v 0.09604620 0.30610900 0.73604500
v 0.09642200 0.30603000 0.73622200
v 0.09656380 0.30559300 0.73808100
v 0.09634300 0.30551800 0.73836700
v 0.09595580 0.30562200 0.73821700
v 0.09579670 0.30586600 0.73773300
v 0.09581400 0.30608900 0.73640200
v 0.09623010 0.29990400 0.73840600
v 0.09586120 0.30020400 0.73862500
v 0.09639200 0.30027800 0.73890500
v 0.09617360 0.30052400 0.73944700
v 0.09621680 0.29606500 0.74378600
v 0.09664100 0.31827800 0.73958200
v 0.09802990 0.31802700 0.73972900
v 0.09882470 0.31735500 0.74030400
v 0.09912490 0.31408300 0.74288700
v 0.09894920 0.31310200 0.74370300
v 0.09811810 0.31259100 0.74418400
v 0.09675050 0.31246800 0.74435100
v 0.09533740 0.31270200 0.74425000
v 0.09437660 0.31331000 0.74385500
v 0.09400900 0.31435000 0.74311400
v 0.09400320 0.31660200 0.74133800
v 0.09433400 0.31750500 0.74048900
v 0.09522790 0.31809500 0.73981700
v 0.09816020 0.31985700 0.74116500
v 0.09673900 0.32004000 0.74112000
v 0.09913700 0.31927400 0.74164800
v 0.09945110 0.31830000 0.74245300
v 0.09938950 0.31698900 0.74348600
v 0.09953870 0.31548600 0.74465200
v 0.09931510 0.31441200 0.74552400
v 0.09828180 0.31400400 0.74585700
v 0.09684500 0.31396400 0.74592200
v 0.09540250 0.31410500 0.74590100
v 0.09430460 0.31455600 0.74561300
v 0.09388390 0.31563100 0.74477400
v 0.09386600 0.31842000 0.74258000
v 0.09428160 0.31936900 0.74176400
v 0.09530680 0.31991400 0.74124300
v 0.09731360 0.32115700 0.74373200
v 0.09858260 0.32061100 0.74402100
v 0.09903390 0.31984000 0.74459600
v 0.09917970 0.31880300 0.74539900
v 0.09909610 0.31771300 0.74619600
v 0.09865990 0.31698700 0.74666200
v 0.09786570 0.31667900 0.74681400
v 0.09588830 0.31673100 0.74685900
v 0.09506300 0.31707500 0.74674300
v 0.09456110 0.31781400 0.74629000
v 0.09440550 0.31889800 0.74548700
v 0.09454610 0.31993400 0.74468200
v 0.09502330 0.32069200 0.74409900
v 0.09582900 0.32112600 0.74378500
v 0.09797810 0.33027000 0.75631000
v 0.09924080 0.32988000 0.75628800
v 0.09956990 0.32782200 0.75457400
v 0.10022500 0.32611100 0.75498800
v 0.10022800 0.32420900 0.75530100
v 0.09976640 0.32313700 0.75543400
v 0.09899180 0.32240100 0.75553000
v 0.09804490 0.32211700 0.75561200
v 0.09710030 0.32234500 0.75569200
v 0.09630210 0.32302500 0.75570700
v 0.09577360 0.32405800 0.75561800
v 0.09560880 0.32595300 0.75531000
v 0.09605200 0.32771100 0.75487300
v 0.09676320 0.32982200 0.75657600
v 0.10031300 0.32880100 0.75650200
v 0.10102800 0.32739400 0.75681900
v 0.10132200 0.32597300 0.75707800
v 0.10115600 0.32465200 0.75728700
v 0.10054400 0.32357400 0.75748100
v 0.09621800 0.32372200 0.75915200
v 0.09535750 0.32451300 0.75789500
v 0.09506650 0.32581700 0.75772400
v 0.09523420 0.32724800 0.75742600
v 0.09581170 0.32869200 0.75700300
v 0.09829330 0.33092300 0.75868400
v 0.09956810 0.33051500 0.75865600
v 0.10067400 0.32940700 0.75881200
v 0.10138100 0.32796700 0.75904200
v 0.10166200 0.32649900 0.75927800
v 0.10150100 0.32515000 0.75955700
v 0.10089900 0.32407800 0.75981600
v 0.09993990 0.32363200 0.76115100
v 0.09868460 0.32321800 0.76023300
v 0.09766170 0.32357600 0.76141400
v 0.09562440 0.32501400 0.76023700
v 0.09531370 0.32635100 0.76001600
v 0.09547860 0.32782900 0.75972700
v 0.09608310 0.32930000 0.75934500
v 0.09707040 0.33045700 0.75894600
v 0.09863220 0.33062500 0.76131900
v 0.09970010 0.33033400 0.76125700
v 0.10054700 0.32948000 0.76132400
v 0.10108000 0.32828400 0.76147800
v 0.10129200 0.32695400 0.76167700
v 0.10119400 0.32564400 0.76188500
v 0.10074700 0.32455600 0.76208300
v 0.09701270 0.32445800 0.76251400
v 0.09642830 0.32552400 0.76243600
v 0.09619380 0.32683000 0.76226900
v 0.09631020 0.32817000 0.76203200
v 0.09678390 0.32938900 0.76176200
v 0.09758790 0.33028100 0.76150400
v 0.14059700 0.31095700 0.74995100
v 0.14029800 0.31101100 0.74960100
v 0.13920800 0.31578200 0.75137600
v 0.13947100 0.31558200 0.75181400
v 0.13873900 0.31560400 0.75120000
v 0.13970400 0.31068900 0.74979500
v 0.13789100 0.31468600 0.75165700
v 0.13795400 0.30909200 0.75188700
v 0.13615400 0.31187000 0.75375900
v 0.13793600 0.30880500 0.75244000
v 0.13624900 0.31131700 0.75447800
v 0.13833000 0.30885200 0.75267700
v 0.13685600 0.31139400 0.75487800
v 0.13738300 0.31189100 0.75479100
v 0.13917400 0.30957100 0.75216400
v 0.13897800 0.31434400 0.75315500
v 0.14045000 0.31072800 0.75046100
v 0.14122900 0.30508200 0.74857100
v 0.14077400 0.30502600 0.74847600
v 0.13977600 0.30476500 0.74949500
v 0.13935300 0.30457400 0.75021700
v 0.13944300 0.30451100 0.75058100
v 0.13983300 0.30460500 0.75060300
v 0.14031000 0.30483700 0.75027300
v 0.14119600 0.30505200 0.74905300
v 0.13941100 0.29905700 0.75086000
v 0.13914600 0.29890700 0.75054900
v 0.13869100 0.29929400 0.75089500
v 0.13853600 0.29953100 0.75153800
v 0.13917800 0.29940400 0.75121800
v 0.13535400 0.29510700 0.75542100
v 0.13901700 0.31730300 0.75146500
v 0.13767300 0.31713200 0.75065200
v 0.13654700 0.31650900 0.75063000
v 0.13577700 0.31555100 0.75119000
v 0.13437600 0.31327400 0.75275000
v 0.13393300 0.31228900 0.75360500
v 0.13432100 0.31173500 0.75460400
v 0.13541500 0.31153600 0.75568500
v 0.13674800 0.31168800 0.75655600
v 0.13789700 0.31224000 0.75685500
v 0.13877500 0.31325200 0.75643900
v 0.14009100 0.31549100 0.75484400
v 0.14041500 0.31640600 0.75385300
v 0.14010200 0.31704200 0.75263900
v 0.13670000 0.31897900 0.75188200
v 0.13800100 0.31908100 0.75280900
v 0.13548000 0.31845500 0.75165200
v 0.13461100 0.31750400 0.75216300
v 0.13390300 0.31619800 0.75313500
v 0.13290800 0.31471200 0.75408300
v 0.13246600 0.31363200 0.75502000
v 0.13313700 0.31316800 0.75602300
v 0.13436500 0.31304800 0.75705900
v 0.13566700 0.31310600 0.75802200
v 0.13685700 0.31349300 0.75851000
v 0.13785000 0.31453700 0.75804200
v 0.13948400 0.31730800 0.75607900
v 0.13971300 0.31827500 0.75506100
v 0.13918200 0.31887500 0.75389400
v 0.13581100 0.32024800 0.75479900
v 0.13446200 0.31977600 0.75419500
v 0.13363500 0.31903500 0.75440600
v 0.13291300 0.31801200 0.75502900
v 0.13239400 0.31692300 0.75580300
v 0.13243000 0.31617600 0.75651700
v 0.13301600 0.31582500 0.75719400
v 0.13474200 0.31576500 0.75858100
v 0.13557000 0.31606100 0.75903900
v 0.13635800 0.31676800 0.75897400
v 0.13709200 0.31783700 0.75835800
v 0.13756200 0.31887500 0.75753700
v 0.13757000 0.31965600 0.75668800
v 0.13709000 0.32013300 0.75585700
v 0.12876300 0.32958400 0.76468900
v 0.12763600 0.32926600 0.76380800
v 0.12837400 0.32721500 0.76201100
v 0.12763900 0.32616500 0.76189500
v 0.12720500 0.32492500 0.76196700
v 0.12710500 0.32364700 0.76220000
v 0.12736600 0.32255000 0.76262700
v 0.12794800 0.32177100 0.76323600
v 0.12871600 0.32143400 0.76395300
v 0.12951400 0.32160900 0.76466900
v 0.13025000 0.32225000 0.76523100
v 0.13083400 0.32324500 0.76551700
v 0.13129200 0.32512800 0.76536200
v 0.13013400 0.32788900 0.76678200
v 0.12963800 0.32907000 0.76575500
v 0.12648300 0.32824900 0.76326600
v 0.12556000 0.32688600 0.76305700
v 0.12504700 0.32548400 0.76308300
v 0.12498100 0.32415600 0.76337700
v 0.12533400 0.32304500 0.76396100
v 0.12806300 0.32296000 0.76842400
v 0.12970900 0.32369200 0.76787200
v 0.13015400 0.32497800 0.76792400
v 0.13028300 0.32641600 0.76755000
v 0.12693500 0.33027100 0.76663700
v 0.12580100 0.32993500 0.76574100
v 0.12465500 0.32889200 0.76512400
v 0.12379400 0.32749400 0.76484100
v 0.12330600 0.32604400 0.76485400
v 0.12318700 0.32468800 0.76520800
v 0.12348900 0.32358500 0.76584600
v 0.12342400 0.32309400 0.76770800
v 0.12429900 0.32278700 0.76862000
v 0.12526600 0.32291100 0.76949700
v 0.12793700 0.32422500 0.76982300
v 0.12843500 0.32554200 0.76984300
v 0.12856300 0.32702700 0.76947900
v 0.12836400 0.32852900 0.76873100
v 0.12781900 0.32973800 0.76770400
v 0.12485900 0.33001000 0.76879900
v 0.12393800 0.32978000 0.76801400
v 0.12309500 0.32897500 0.76749300
v 0.12245300 0.32781100 0.76726200
v 0.12205800 0.32649500 0.76729000
v 0.12193400 0.32518200 0.76753600
v 0.12213800 0.32407000 0.76801200
v 0.12515600 0.32376400 0.77094500
v 0.12578500 0.32479500 0.77127900
v 0.12617700 0.32608600 0.77129500
v 0.12630700 0.32743100 0.77101000
v 0.12613400 0.32867300 0.77045100
v 0.12564400 0.32960900 0.76967500
v 0.11402400 0.31263000 0.84244700
v 0.11419800 0.31719900 0.83993300
v 0.11358500 0.31274000 0.84254800
v 0.11464300 0.31693100 0.83975700
v 0.11369800 0.31705700 0.83982100
v 0.11330700 0.31650300 0.83938800
v 0.11310400 0.31218100 0.84178100
v 0.11270000 0.31301100 0.83668800
v 0.11280700 0.31052700 0.83956500
v 0.11294300 0.31022500 0.83920800
v 0.11313600 0.31235400 0.83622900
v 0.11338100 0.31013000 0.83912800
v 0.11386600 0.31236200 0.83625400
v 0.11381500 0.31046300 0.83948900
v 0.11429300 0.31285800 0.83657400
v 0.11418300 0.31212700 0.84165400
v 0.11489200 0.31551000 0.83853500
v 0.11315600 0.30702600 0.84460700
v 0.11272600 0.30699100 0.84442400
v 0.11247700 0.30659100 0.84305200
v 0.11253100 0.30629800 0.84224700
v 0.11280700 0.30617900 0.84201400
v 0.11314500 0.30626300 0.84221400
v 0.11336600 0.30653600 0.84273100
v 0.11340400 0.30692200 0.84420300
v 0.11225200 0.30065900 0.84250300
v 0.11186700 0.30072900 0.84243100
v 0.11188600 0.30111100 0.84179200
v 0.11212400 0.30112400 0.84129300
v 0.11244900 0.30103800 0.84194000
v 0.11133400 0.29620300 0.83682800
v 0.11424600 0.31869200 0.83957300
v 0.11267100 0.31866500 0.83946100
v 0.11168200 0.31806800 0.83889400
v 0.11128300 0.31704600 0.83810600
v 0.11081600 0.31457700 0.83629700
v 0.11085000 0.31347900 0.83546600
v 0.11168500 0.31277400 0.83495400
v 0.11317500 0.31239800 0.83474700
v 0.11477400 0.31239800 0.83480900
v 0.11593300 0.31288200 0.83517500
v 0.11650800 0.31393400 0.83590500
v 0.11688200 0.31637200 0.83769500
v 0.11666600 0.31742300 0.83857400
v 0.11577700 0.31824000 0.83929400
v 0.11277300 0.32031500 0.83769200
v 0.11437300 0.32025700 0.83769400
v 0.11159800 0.31984900 0.83722400
v 0.11109100 0.31884400 0.83641600
v 0.11094600 0.31741400 0.83537300
v 0.11053500 0.31581500 0.83420300
v 0.11060800 0.31461100 0.83331700
v 0.11168300 0.31399000 0.83295600
v 0.11326500 0.31369700 0.83285500
v 0.11488100 0.31359000 0.83283400
v 0.11616700 0.31388200 0.83309300
v 0.11680800 0.31497200 0.83392800
v 0.11728200 0.31798800 0.83613800
v 0.11697800 0.31909500 0.83697800
v 0.11593500 0.31987200 0.83753600
v 0.11330200 0.32114100 0.83469000
v 0.11236600 0.32078100 0.83443300
v 0.11174300 0.32002800 0.83386700
v 0.11141300 0.31893200 0.83306300
v 0.11132800 0.31774500 0.83226500
v 0.11169400 0.31689700 0.83179800
v 0.11252400 0.31643900 0.83163700
v 0.11471700 0.31614500 0.83153800
v 0.11568300 0.31635700 0.83161900
v 0.11635600 0.31705500 0.83204900
v 0.11670400 0.31819500 0.83284900
v 0.11671700 0.31934000 0.83366300
v 0.11631200 0.32024000 0.83425900
v 0.11549200 0.32084500 0.83459100
v 0.11544500 0.33217400 0.81578200
v 0.11400000 0.33196600 0.81565200
v 0.11271000 0.33101600 0.81535200
v 0.11221100 0.32856800 0.81728500
v 0.11200200 0.32664500 0.81711000
v 0.11238700 0.32550200 0.81712900
v 0.11315700 0.32465500 0.81720600
v 0.11417300 0.32423100 0.81728200
v 0.11525600 0.32431500 0.81731500
v 0.11622700 0.32487500 0.81735700
v 0.11693300 0.32583500 0.81744000
v 0.11731900 0.32772900 0.81763600
v 0.11699800 0.32959200 0.81789300
v 0.11676400 0.33152600 0.81571000
v 0.11178400 0.32967900 0.81502200
v 0.11131200 0.32827700 0.81481900
v 0.11135100 0.32691900 0.81473200
v 0.11190900 0.32574100 0.81470600
v 0.11291100 0.32485400 0.81473000
v 0.11689100 0.32495200 0.81485100
v 0.11780700 0.32589300 0.81494200
v 0.11827500 0.32716600 0.81505700
v 0.11823500 0.32864800 0.81523100
v 0.11772700 0.33021500 0.81548200
v 0.11555600 0.33251500 0.81304800
v 0.11409400 0.33229200 0.81292500
v 0.11275500 0.33132700 0.81268600
v 0.11182000 0.32996700 0.81245600
v 0.11135100 0.32852200 0.81228500
v 0.11139200 0.32712500 0.81212200
v 0.11195100 0.32594500 0.81202300
v 0.11315600 0.32517700 0.81073000
v 0.11433900 0.32473000 0.81197100
v 0.11569600 0.32476900 0.81078500
v 0.11685600 0.32526600 0.81085900
v 0.11794600 0.32608200 0.81226300
v 0.11843200 0.32739300 0.81243400
v 0.11840300 0.32891800 0.81259500
v 0.11787500 0.33051100 0.81279400
v 0.11688100 0.33184800 0.81298400
v 0.11555500 0.33188100 0.81010700
v 0.11433200 0.33175000 0.81004200
v 0.11329700 0.33101300 0.80991800
v 0.11257400 0.32988300 0.80977600
v 0.11219400 0.32856900 0.80964400
v 0.11215900 0.32723100 0.80954700
v 0.11253700 0.32606500 0.80949300
v 0.11747400 0.32637400 0.80966200
v 0.11788000 0.32765700 0.80976400
v 0.11789400 0.32903200 0.80988800
v 0.11749300 0.33034000 0.81000500
v 0.11668800 0.33137100 0.81009000
v 0.09626640 0.30795600 0.85234700
v 0.09698450 0.31292200 0.84925100
v 0.09647910 0.31272100 0.84904200
v 0.09674470 0.30799900 0.85248300
v 0.09750200 0.31270900 0.84917200
v 0.09785880 0.31210800 0.84875600
v 0.09715160 0.30762200 0.85201800
v 0.09812960 0.30859000 0.84603300
v 0.09742250 0.30580600 0.84937500
v 0.09709980 0.30549600 0.84891100
v 0.09759190 0.30800400 0.84553600
v 0.09681330 0.30811600 0.84551000
v 0.09660700 0.30556600 0.84891600
v 0.09641620 0.30867100 0.84580200
v 0.09634420 0.30589300 0.84922300
v 0.09608490 0.31091500 0.84737700
v 0.09605200 0.30733200 0.85114100
v 0.09616900 0.31216200 0.84849400
v 0.09614650 0.30183900 0.85516600
v 0.09651820 0.30180200 0.85515700
v 0.09688880 0.30143400 0.85365900
v 0.09685650 0.30116700 0.85264200
v 0.09643010 0.30112600 0.85240600
v 0.09609750 0.30129700 0.85268700
v 0.09588030 0.30177700 0.85444500
v 0.09610040 0.29536200 0.85318400
v 0.09651250 0.29519400 0.85334400
v 0.09674700 0.29556700 0.85268000
v 0.09652630 0.29579800 0.85194800
v 0.09633150 0.29576400 0.85215000
v 0.09688310 0.29089800 0.84737300
v 0.09719660 0.31450800 0.84875300
v 0.09887770 0.31425900 0.84874400
v 0.09987420 0.31353600 0.84822500
v 0.10018900 0.31247400 0.84744600
v 0.10041400 0.30997300 0.84563400
v 0.10025900 0.30889800 0.84478200
v 0.09929150 0.30832400 0.84420000
v 0.09765760 0.30816600 0.84388700
v 0.09595110 0.30839400 0.84384000
v 0.09476800 0.30903900 0.84413200
v 0.09427520 0.31016300 0.84483100
v 0.09414550 0.31261900 0.84663200
v 0.09448440 0.31361500 0.84755300
v 0.09551260 0.31428200 0.84836300
v 0.09744040 0.31629500 0.84656000
v 0.09915370 0.31612300 0.84666800
v 0.10036300 0.31550100 0.84626500
v 0.10079600 0.31444200 0.84547100
v 0.10079300 0.31301100 0.84441700
v 0.10105300 0.31137600 0.84325300
v 0.10084400 0.31020000 0.84234400
v 0.09962340 0.30973800 0.84190700
v 0.09789910 0.30967100 0.84169900
v 0.09616150 0.30979700 0.84156700
v 0.09482100 0.31026900 0.84174200
v 0.09425680 0.31143400 0.84255100
v 0.09408450 0.31447500 0.84477200
v 0.09452820 0.31552000 0.84565300
v 0.09572520 0.31613500 0.84629700
v 0.09892610 0.31728300 0.84324900
v 0.09774580 0.31743700 0.84315000
v 0.09988280 0.31679100 0.84305600
v 0.10046500 0.31595900 0.84252200
v 0.10069500 0.31483100 0.84172500
v 0.10065000 0.31364300 0.84092300
v 0.10015600 0.31285000 0.84043400
v 0.09920970 0.31250700 0.84022500
v 0.09683350 0.31252800 0.83997600
v 0.09583360 0.31288300 0.83998300
v 0.09519910 0.31367500 0.84036600
v 0.09495640 0.31485200 0.84115400
v 0.09507050 0.31598300 0.84198100
v 0.09560480 0.31681700 0.84261300
v 0.09655280 0.31730200 0.84300100
v 0.09984420 0.33186600 0.82435300
v 0.10106300 0.33156100 0.82436100
v 0.10291200 0.33147400 0.82154200
v 0.10262700 0.32960200 0.82392000
v 0.10282500 0.32831200 0.82373600
v 0.10263000 0.32702400 0.82364900
v 0.10201700 0.32596000 0.82361400
v 0.10104400 0.32525000 0.82359400
v 0.09988450 0.32500000 0.82354100
v 0.09875260 0.32526100 0.82343000
v 0.09782070 0.32597500 0.82334600
v 0.09723520 0.32703900 0.82334800
v 0.09704730 0.32832600 0.82344000
v 0.09722540 0.32961900 0.82361100
v 0.09776940 0.33075600 0.82387200
v 0.09866790 0.33157200 0.82415200
v 0.10017000 0.33306700 0.82166500
v 0.10167700 0.33262400 0.82171300
v 0.10369800 0.33000300 0.82128500
v 0.10397600 0.32854200 0.82111300
v 0.10370600 0.32720800 0.82100300
v 0.10291100 0.32613800 0.82089300
v 0.09872320 0.32545400 0.82047700
v 0.09749340 0.32618400 0.82037100
v 0.09668080 0.32726500 0.82035300
v 0.09639660 0.32859800 0.82042400
v 0.09667730 0.33005300 0.82063500
v 0.09745710 0.33151400 0.82100000
v 0.09867370 0.33264600 0.82139800
v 0.10050500 0.33344700 0.81850300
v 0.10202600 0.33298500 0.81856300
v 0.10330200 0.33181200 0.81846900
v 0.10408000 0.33031700 0.81832800
v 0.10434200 0.32881300 0.81819100
v 0.10407300 0.32744200 0.81799400
v 0.10328800 0.32637100 0.81779900
v 0.10206500 0.32582400 0.81614300
v 0.10055900 0.32556700 0.81740800
v 0.09930300 0.32584200 0.81585600
v 0.09815730 0.32652400 0.81578300
v 0.09695050 0.32749800 0.81725100
v 0.09664680 0.32887200 0.81738500
v 0.09692510 0.33037100 0.81757900
v 0.09773770 0.33185500 0.81788600
v 0.09899760 0.33300800 0.81824500
v 0.10209100 0.33251500 0.81521000
v 0.10081400 0.33284700 0.81511700
v 0.10307000 0.33161700 0.81520800
v 0.10365200 0.33038200 0.81514000
v 0.10383800 0.32902300 0.81503600
v 0.10365100 0.32769700 0.81492500
v 0.10305300 0.32660900 0.81480800
v 0.09787430 0.32773200 0.81432300
v 0.09765880 0.32906500 0.81438900
v 0.09787030 0.33042400 0.81453400
v 0.09850940 0.33164800 0.81472900
v 0.09953120 0.33253100 0.81494100
v 0.10978400 0.40499300 0.70880800
v 0.10687200 0.40264200 0.71592700
v 0.10669600 0.40910100 0.71314700
v 0.11128600 0.39823900 0.70978200
v 0.11522400 0.39575100 0.72858500
v 0.11512500 0.39322700 0.72848900
v 0.11717000 0.39315200 0.72805000
v 0.11738600 0.39571300 0.72819700
v 0.11855600 0.39291800 0.72691800
v 0.11885300 0.39563900 0.72683400
v 0.11938800 0.39252000 0.72519800
v 0.11988900 0.39545500 0.72474100
v 0.11958500 0.39186700 0.72302100
v 0.12060800 0.39524400 0.72252900
v 0.11895900 0.39117600 0.72092300
v 0.11805100 0.39093100 0.71907400
v 0.11725400 0.39112100 0.71752400
v 0.11831200 0.39549400 0.71512000
v 0.10945500 0.39411100 0.72618200
v 0.10767200 0.39702100 0.72348700
v 0.10877400 0.39371100 0.72426400
v 0.11096100 0.39392100 0.72747900
v 0.11063900 0.39657200 0.72723800
v 0.11292300 0.39349900 0.72826400
v 0.11282400 0.39602400 0.72817300
v 0.11619100 0.39142300 0.71463100
v 0.11498600 0.39005800 0.71267400
v 0.11461300 0.39324300 0.70879800
v 0.11581100 0.39376100 0.70922800
v 0.11784800 0.39542900 0.71280300
v 0.11320200 0.38982400 0.71276100
v 0.11338300 0.39348400 0.70954500
v 0.11200000 0.39089400 0.71495500
v 0.11122000 0.39496100 0.71319900
v 0.11173900 0.39107600 0.71653900
v 0.11125200 0.39140100 0.71824600
v 0.11039000 0.39200900 0.72009200
v 0.10874800 0.39571700 0.71906100
v 0.10931400 0.39287900 0.72216400
v 0.10788600 0.39645800 0.72126400
v 0.11504600 0.40647700 0.73021000
v 0.11840700 0.40665400 0.72964300
v 0.12091900 0.40562100 0.72756400
v 0.12285500 0.40910600 0.72527400
v 0.11516600 0.40033000 0.72951900
v 0.11795800 0.40046200 0.72909600
v 0.12018900 0.40104700 0.72745800
v 0.12420500 0.40734800 0.72172500
v 0.12421000 0.41091000 0.72076500
v 0.12204200 0.40142700 0.72499900
v 0.12333000 0.40178100 0.72218800
v 0.12348500 0.40207500 0.71984600
v 0.12278200 0.40236400 0.71758100
v 0.12432000 0.40788100 0.71940800
v 0.12138600 0.40191200 0.71452500
v 0.12251400 0.40839700 0.71479600
v 0.12173200 0.41148400 0.71395200
v 0.10638300 0.40956200 0.71825700
v 0.10710100 0.40906400 0.72260800
v 0.10697000 0.41228300 0.71788900
v 0.10890100 0.40974200 0.72620900
v 0.10853200 0.40715000 0.72652500
v 0.10626100 0.40313800 0.72120400
v 0.10706000 0.40268500 0.72457900
v 0.10913200 0.40178600 0.72725700
v 0.11150900 0.40539600 0.72912200
v 0.11147100 0.40749600 0.72904100
v 0.11202700 0.40083900 0.72890000
v 0.11514800 0.39611900 0.70547100
v 0.11673700 0.39666500 0.70610600
v 0.11818000 0.39794600 0.70798000
v 0.11972900 0.39975900 0.71048800
v 0.11516300 0.40048200 0.70318300
v 0.11712800 0.40128100 0.70402000
v 0.11879300 0.40332800 0.70609600
v 0.11516800 0.40500100 0.70236300
v 0.11737600 0.40587000 0.70341000
v 0.12035300 0.40597800 0.70888600
v 0.11351600 0.39640800 0.70634400
v 0.11314500 0.40084500 0.70429200
v 0.11290500 0.40537900 0.70367200
v 0.10807800 0.41209000 0.71252800
v 0.10636600 0.40295500 0.71841400
v 0.16606900 0.85041100 0.96205000
v 0.16078300 0.84709200 0.95520700
v 0.16338200 0.84695500 0.96088200
v 0.16728700 0.84641000 0.96606700
v 0.16144700 0.83537700 0.95290000
v 0.16443600 0.83041600 0.95614000
v 0.16014900 0.83706300 0.95659500
v 0.16318600 0.83075200 0.96033600
v 0.17156500 0.83438700 0.97102100
v 0.16732300 0.83398500 0.96875500
v 0.17095400 0.82965600 0.96783500
v 0.16389200 0.83327800 0.96471000
v 0.16893600 0.82751700 0.96460900
v 0.16965900 0.83878200 0.97046300
v 0.16572900 0.83747100 0.96697100
v 0.16792700 0.84281300 0.96796100
v 0.17432200 0.83110400 0.97017400
v 0.16862500 0.82440300 0.96122100
v 0.16409900 0.84306600 0.96370400
v 0.16222600 0.83652900 0.96292100
v 0.16112700 0.84203600 0.95895200
v 0.16026400 0.84169000 0.95288000
v 0.17987000 0.84107300 0.97386300
v 0.18045600 0.83526800 0.97333000
v 0.18119400 0.84929200 0.97110200
v 0.18042300 0.83236400 0.97211700
v 0.17395400 0.84041900 0.97249100
v 0.17499600 0.83480900 0.97231000
v 0.17195800 0.84538300 0.96979500
v 0.17689000 0.84907700 0.97015200
v 0.17635300 0.85273400 0.96721000
v 0.17715200 0.78988000 0.95373100
v 0.18345200 0.78775700 0.95765500
v 0.17982600 0.79162000 0.95587200
v 0.17739800 0.79338400 0.95428200
v 0.18281600 0.79096900 0.95701300
v 0.18094300 0.79323100 0.95560300
v 0.17939800 0.79478300 0.95541800
v 0.17891900 0.79544900 0.95448400
v 0.17699700 0.79822900 0.95355500
v 0.18380300 0.78485400 0.96216700
v 0.18097400 0.78871500 0.96398300
v 0.17899300 0.79145200 0.96250300
v 0.17850500 0.79233800 0.96411700
v 0.18114300 0.78923000 0.96536000
v 0.18389400 0.78611600 0.96424100
v 0.18178300 0.78979300 0.96663600
v 0.18352700 0.79016600 0.96750400
v 0.18453500 0.79481000 0.97032500
v 0.18463600 0.78424500 0.96143500
v 0.18182800 0.78800700 0.96166300
v 0.18416800 0.78772400 0.95936100
v 0.17457000 0.80066400 0.95173500
v 0.17512000 0.80096700 0.95435300
v 0.17290200 0.80486000 0.95238900
v 0.17471100 0.80299500 0.95598600
v 0.17198100 0.80887000 0.95330600
v 0.17219500 0.81002900 0.95723200
v 0.16887200 0.81785600 0.95621300
v 0.17061900 0.81283700 0.95991100
v 0.18086800 0.81915500 0.97378700
v 0.18137400 0.81256500 0.97363400
v 0.18240100 0.80603100 0.97270800
v 0.17574200 0.81854700 0.97317100
v 0.17695300 0.81210100 0.97276300
v 0.17867000 0.80540300 0.97152600
v 0.18357100 0.79987600 0.97144900
v 0.17218800 0.81772100 0.97106100
v 0.17277200 0.81177000 0.97085100
v 0.17004600 0.81685000 0.96784200
v 0.17080100 0.81090000 0.96798300
v 0.17314800 0.80419700 0.96720800
v 0.17704500 0.79898500 0.96857700
v 0.17615200 0.79806300 0.96635400
v 0.17031900 0.81526800 0.96443100
v 0.17133500 0.80958000 0.96488100
v 0.17346600 0.80290300 0.96455300
v 0.17593200 0.79717900 0.96395800
v 0.17649300 0.79622300 0.96182400
v 0.17550200 0.79993700 0.95964000
v 0.17723100 0.79737300 0.95770500
v 0.17947100 0.79347500 0.95848000
v 0.17674700 0.79794200 0.95562900
v 0.17156200 0.82393000 0.96877200
v 0.17514100 0.82419200 0.97077400
v 0.16945700 0.82352600 0.96481200
v 0.07439570 0.52259100 0.55485900
v 0.05783690 0.55346600 0.58766300
v 0.09080980 0.52412200 0.53160400
v 0.07908980 0.54613100 0.54917700
v 0.08307270 0.46089000 0.57340600
v 0.07769400 0.46147900 0.58781200
v 0.06813280 0.46663200 0.60606400
v 0.08255290 0.46721000 0.55796300
v 0.07349720 0.47356400 0.57962400
v 0.07265410 0.47794200 0.57094700
v 0.05686750 0.49329000 0.60312500
v 0.04902960 0.48502400 0.63832200
v 0.05701800 0.50536300 0.59109300
v 0.04332460 0.50748000 0.63829800
v 0.04833050 0.51595500 0.61435800
v 0.04318630 0.53630900 0.62682200
v 0.04388880 0.48520400 0.65985700
v 0.03649760 0.50647000 0.67105100
v 0.03616440 0.52091600 0.66001900
v 0.05192100 0.47327000 0.65070000
v 0.05302350 0.47760700 0.63508400
v 0.06145040 0.46553400 0.62670900
v 0.03897110 0.55394300 0.63987200
v 0.03438190 0.54375900 0.65929800
v 0.03503720 0.53320500 0.65833400
v 0.08630470 0.47831300 0.48341900
v 0.08879730 0.48957700 0.49812600
v 0.10522500 0.47084500 0.42513100
v 0.07333120 0.50124100 0.55037000
v 0.07241780 0.48916900 0.53656900
v 0.09236530 0.50118100 0.51277600
v 0.05654310 0.53019900 0.59039800
v 0.05559960 0.59358800 0.58037900
v 0.10679100 0.44053900 0.44399300
v 0.11053600 0.45188500 0.40403100
v 0.12169800 0.42867800 0.39799100
v 0.13999700 0.42329700 0.35186100
v 0.13649100 0.43248500 0.35046500
v 0.13411300 0.44160600 0.34986000
v 0.09265580 0.46424700 0.45992700
v 0.09147720 0.46119900 0.50272100
v 0.08318050 0.46942200 0.51609300
v 0.09261310 0.45893300 0.54597800
v 0.07876130 0.47707300 0.52750200
v 0.06459650 0.48956900 0.58059100
v 0.12998500 0.45252100 0.35828500
v 0.15618100 0.43319300 0.32081600
v 0.16530700 0.45324400 0.32258400
v 0.14463900 0.43798000 0.33485200
v 0.14765500 0.42530000 0.33411600
v 0.04740900 0.58500600 0.60066000
v 0.04600970 0.55472900 0.61385500
v 0.04198580 0.58054100 0.62392200
v 0.06847340 0.51470500 0.67094900
v 0.09126680 0.54291300 0.73142000
v 0.06875060 0.53503900 0.71301400
v 0.09123280 0.50697400 0.66803100
v 0.07471150 0.50124600 0.64623200
v 0.09528720 0.48569700 0.65084600
v 0.10041900 0.49744400 0.68035400
v 0.15883400 0.30651000 0.38237800
v 0.16339300 0.24230600 0.31002500
v 0.15012400 0.31231800 0.38215000
v 0.14581800 0.25630300 0.30019900
v 0.14725500 0.31721200 0.38111600
v 0.14037200 0.26049400 0.29764600
v 0.14220900 0.32460600 0.37986800
v 0.13738300 0.26458900 0.29623700
v 0.13755300 0.32920300 0.37823800
v 0.13632300 0.26855800 0.29462800
v 0.13002400 0.35636700 0.40384600
v 0.13163200 0.33931600 0.36728400
v 0.13900800 0.27337500 0.29142100
v 0.13463400 0.34090000 0.36255900
v 0.13989800 0.34218200 0.35837100
v 0.14661000 0.34217100 0.35541300
v 0.14915100 0.27614200 0.28900400
v 0.15999400 0.34145000 0.35201800
v 0.16466500 0.27614000 0.28813300
v 0.15554800 0.07654130 0.09048710
v 0.16531800 0.03985000 0.04072200
v 0.16367800 0.06984330 0.08958800
v 0.17999300 0.05572070 0.08848720
v 0.17622600 0.05673500 0.08869470
v 0.16726000 0.06704070 0.08916150
v 0.15692800 0.08094500 0.08977820
v 0.16363800 0.08255750 0.08674680
v 0.14584900 0.37622200 0.38867500
v 0.16639000 0.37485200 0.38546500
v 0.13649700 0.37234200 0.39038600
v 0.16135700 0.40537400 0.41567700
v 0.13919500 0.40468600 0.41786000
v 0.13230700 0.36748300 0.39315700
v 0.13023600 0.36286500 0.39645600
v 0.13035700 0.39900700 0.41880000
v 0.12288700 0.40916500 0.44103400
v 0.12633800 0.37973700 0.42483800
v 0.13441200 0.35599000 0.41471500
v 0.12827900 0.37622700 0.43194500
v 0.12964600 0.37450400 0.44078400
v 0.14308900 0.35184200 0.43368000
v 0.14823000 0.35155200 0.44352300
v 0.13692500 0.37218600 0.46881500
v 0.14104500 0.37262200 0.48237100
v 0.15452400 0.35255500 0.45539200
v 0.17156300 0.35288300 0.46699800
v 0.15091400 0.37287900 0.49440800
v 0.16434400 0.38200100 0.51951000
v 0.17135500 0.02500000 0.02500000
v 0.09862990 0.64621000 0.81910800
v 0.07517080 0.62358600 0.81313800
v 0.09297910 0.62993700 0.80025100
v 0.08978280 0.61643000 0.78329800
v 0.07439910 0.60859600 0.79873300
v 0.05354680 0.59357200 0.81291700
v 0.08999320 0.57640700 0.75476800
v 0.08848490 0.60526900 0.76629000
v 0.07597650 0.57224700 0.75921800
v 0.06347390 0.55082400 0.76692500
v 0.07794230 0.58708200 0.77283200
v 0.06008630 0.52660300 0.73041400
v 0.07593270 0.55408100 0.74091800
v 0.06242440 0.53957300 0.75078100
v 0.11185400 0.66366000 0.83994600
v 0.08226990 0.65098200 0.82781900
v 0.09677700 0.68741100 0.83531900
v 0.11147000 0.69631400 0.83968000
v 0.05373750 0.56609700 0.79603300
v 0.07091700 0.58070200 0.78239500
v 0.05385860 0.54293900 0.77411300
v 0.05611370 0.61966600 0.82118000
v 0.09624850 0.55440900 0.76835200
v 0.10218100 0.62322300 0.81946000
v 0.11006900 0.63586200 0.84074200
v 0.09748760 0.61958100 0.79911000
v 0.09812270 0.58201000 0.80112900
v 0.08259380 0.48559900 0.60027500
v 0.07901140 0.48684500 0.61266000
v 0.08842560 0.48468300 0.58700300
v 0.09465790 0.48143000 0.63095700
v 0.07894860 0.48917300 0.62234100
v 0.05831700 0.51379100 0.70427000
v 0.05065020 0.65324700 0.78851700
v 0.03712570 0.63103800 0.78677300
v 0.06662400 0.66298900 0.81870600
v 0.07241660 0.69529600 0.81184100
v 0.09383550 0.70731200 0.82927600
v 0.06387040 0.49751000 0.65548800
v 0.05560830 0.49809900 0.68089300
v 0.05576390 0.48400500 0.66031000
v 0.03553740 0.50224900 0.69272200
v 0.02835070 0.53307400 0.70429200
v 0.03418020 0.50625500 0.72109600
v 0.02594750 0.54302400 0.73958500
v 0.03833200 0.49700300 0.71878100
v 0.03786000 0.49084600 0.69439300
v 0.04234030 0.48299000 0.68491000
v 0.03889040 0.53756000 0.77796200
v 0.03438650 0.52257800 0.75278400
v 0.03892270 0.51348800 0.75075900
v 0.03111940 0.54548700 0.76834500
v 0.02833050 0.53624500 0.74712900
v 0.02690470 0.55752900 0.75991300
v 0.05261600 0.51311800 0.72398500
v 0.05313410 0.52601200 0.75264200
v 0.04534400 0.52076000 0.75472200
v 0.04578950 0.53841300 0.77904900
v 0.04598430 0.50461700 0.72291000
v 0.04494470 0.49030700 0.69545000
v 0.04415630 0.56249400 0.80082000
v 0.04597050 0.62324800 0.81130900
v 0.03475190 0.61737800 0.79088400
v 0.03100350 0.59777600 0.77985100
v 0.03484700 0.59535900 0.79230900
v 0.03545210 0.56565000 0.78861600
v 0.04317190 0.59453500 0.81020600
v 0.02500000 0.56407900 0.74652100
v 0.02531060 0.57040400 0.73173100
v 0.10554000 0.47773800 0.73816800
v 0.10548600 0.49239700 0.75169700
v 0.10558200 0.48256600 0.71354700
v 0.10291900 0.50703500 0.73967700
v 0.11104300 0.46234600 0.70060200
v 0.10282500 0.48011600 0.66330400
v 0.10576200 0.46215700 0.64185800
v 0.09994560 0.52671700 0.75945500
v 0.10933000 0.46914300 0.67239000
v 0.11062300 0.45583200 0.64358200
v 0.11289000 0.46426000 0.67351900
v 0.11713000 0.45009900 0.64555000
v 0.10393700 0.51543800 0.77060200
v 0.10264500 0.53477200 0.78644800
v 0.10648800 0.53119300 0.79545200
v 0.10695300 0.48590100 0.76720900
v 0.11732500 0.52888400 0.81201300
v 0.11166900 0.52988100 0.80406400
v 0.10779900 0.61371300 0.83636900
v 0.11677100 0.64601700 0.86237500
v 0.10864900 0.55513200 0.81406100
v 0.11300300 0.60909000 0.85039000
v 0.11719800 0.68623300 0.85096200
v 0.12224900 0.68015700 0.86772500
v 0.10082100 0.55627200 0.79457600
v 0.09217740 0.46287400 0.57540900
v 0.09656550 0.48384100 0.54937400
v 0.09586070 0.45586600 0.58549400
v 0.10141100 0.44960300 0.59236700
v 0.10212000 0.45540000 0.61822500
v 0.10927800 0.43588100 0.60053000
v 0.13064300 0.43845400 0.38183200
v 0.12998600 0.48863000 0.44588800
v 0.14719800 0.47169600 0.38399600
v 0.11046700 0.47391500 0.49548200
v 0.11991300 0.50549800 0.49188000
v 0.11751300 0.51446200 0.52152300
v 0.16690000 0.47980700 0.78851100
v 0.14592200 0.46880400 0.74234200
v 0.14285700 0.45623700 0.70095900
v 0.14587100 0.48039900 0.77606900
v 0.12262500 0.45754400 0.68587100
v 0.13026400 0.44526400 0.64833600
v 0.13184100 0.45775500 0.68698400
v 0.14726400 0.43992300 0.65115400
v 0.11279300 0.49334100 0.78331400
v 0.12476500 0.49304500 0.79180700
v 0.12965200 0.52727800 0.82286900
v 0.13515600 0.48873900 0.78874500
v 0.16510900 0.45717900 0.71295900
v 0.16705800 0.43530800 0.65364800
v 0.15199800 0.52570800 0.83339900
v 0.11698400 0.41944900 0.73991600
v 0.12749000 0.41991000 0.73565200
v 0.12785100 0.42296700 0.71711000
v 0.12974100 0.42128600 0.72538800
v 0.12026700 0.42135300 0.70153100
v 0.11758000 0.42067900 0.70026100
v 0.11325600 0.42305100 0.70482900
v 0.10612600 0.42384500 0.71752500
v 0.10486200 0.42186700 0.72406100
v 0.10622500 0.42102700 0.72916400
v 0.10905400 0.42008800 0.73543800
v 0.13644600 0.48523800 0.47834800
v 0.12209100 0.47345700 0.48194500
v 0.11302300 0.45970500 0.48807300
v 0.10943900 0.46890600 0.52186900
v 0.10510100 0.45573300 0.54202100
v 0.10788800 0.44886400 0.55577800
v 0.11142500 0.44233600 0.56552500
v 0.11883400 0.43102300 0.57939100
v 0.12622300 0.42155000 0.58808000
v 0.11763800 0.42735800 0.60402000
v 0.13904900 0.41120900 0.59663000
v 0.14672000 0.41645800 0.61143400
v 0.15710900 0.40428900 0.59965300
v 0.16563300 0.41211200 0.61442900
v 0.15803400 0.49082300 0.47901800
v 0.15680500 0.46324800 0.46005100
v 0.13524800 0.45902300 0.46037500
v 0.15862200 0.44383800 0.45813100
v 0.13685700 0.44552500 0.46376100
v 0.15971000 0.42405600 0.43741600
v 0.12459600 0.44064400 0.46677000
v 0.11861000 0.43255100 0.46826400
v 0.12229700 0.44956300 0.46479600
v 0.11752400 0.45617600 0.49314700
v 0.11463400 0.41807500 0.47470900
v 0.11099200 0.44169400 0.50756400
v 0.12262200 0.38969600 0.45621900
v 0.11485300 0.41351100 0.48751100
v 0.10958500 0.43495300 0.52411300
v 0.11408800 0.43144500 0.53517000
v 0.11972100 0.40677900 0.51166800
v 0.12713700 0.38442900 0.47804400
v 0.12360200 0.40262000 0.52210900
v 0.13034500 0.38208500 0.48950800
v 0.12378000 0.41338800 0.55823500
v 0.13503300 0.38302200 0.50395900
v 0.12978400 0.39969200 0.53365800
v 0.13259600 0.40601500 0.56755000
v 0.14724000 0.38590600 0.51747400
v 0.16126200 0.39251400 0.54316600
v 0.15740300 0.39578900 0.57185700
v 0.13465500 0.70665000 0.90005000
v 0.13582100 0.69467200 0.90106600
v 0.14632700 0.70363300 0.91267300
v 0.12812900 0.69581300 0.88614900
v 0.12321500 0.70188800 0.86418800
v 0.12741200 0.67616000 0.88503400
v 0.13508200 0.67492200 0.89770200
v 0.15857600 0.69033300 0.91282800
v 0.16427400 0.70083000 0.91965600
v 0.17421700 0.71764200 0.92551700
v 0.15312400 0.71097300 0.91864100
v 0.11802300 0.57251800 0.84357400
v 0.11924800 0.61293400 0.86410000
v 0.12381500 0.64981600 0.87909600
v 0.13243700 0.60878100 0.87475700
v 0.13164500 0.57097100 0.85421700
v 0.13378200 0.64544600 0.88957300
v 0.15427700 0.60926800 0.88835700
v 0.15598000 0.57119600 0.86470000
v 0.15900400 0.64477900 0.90071800
v 0.11318400 0.53202700 0.53922200
v 0.11206200 0.58253600 0.53104700
v 0.12910400 0.57373900 0.54902200
v 0.07705480 0.72087400 0.81336300
v 0.09934050 0.73362900 0.81323100
v 0.10882300 0.70916800 0.82879000
v 0.06853280 0.72552200 0.71843000
v 0.07663870 0.73392200 0.74610300
v 0.08308250 0.73796900 0.72617400
v 0.09688540 0.74709200 0.74077800
v 0.08842900 0.74400300 0.76151300
v 0.08010530 0.73669800 0.77172300
v 0.07855670 0.73257300 0.79441200
v 0.09132620 0.74474800 0.78381400
v 0.10371500 0.74821500 0.78823800
v 0.09846040 0.74766500 0.76138700
v 0.07609410 0.72699600 0.70298100
v 0.05863630 0.71445600 0.69653800
v 0.04887000 0.70576600 0.67555500
v 0.06704240 0.71571200 0.68251900
v 0.08822620 0.72340600 0.68972700
v 0.09128300 0.74013700 0.71502300
v 0.10812300 0.70555000 0.65278600
v 0.07339060 0.70914300 0.66947200
v 0.06434120 0.70030500 0.64502900
v 0.05809510 0.70951000 0.66464700
v 0.09415760 0.65894800 0.58694700
v 0.12242400 0.66653400 0.61336100
v 0.12425800 0.64478000 0.60119400
v 0.08199730 0.68450800 0.61673600
v 0.10898200 0.75529700 0.79464700
v 0.11180700 0.74968800 0.81314800
v 0.11657000 0.73463100 0.82844500
v 0.11502400 0.78146900 0.78381400
v 0.11113600 0.76962200 0.75687400
v 0.10597200 0.75917000 0.75504300
v 0.10278900 0.75346000 0.73379700
v 0.11385800 0.76844300 0.73817800
v 0.10433200 0.75431500 0.76456500
v 0.11521700 0.77021200 0.80206100
v 0.11627200 0.75482600 0.70953600
v 0.10326000 0.74697400 0.71169000
v 0.10879900 0.73261000 0.69005400
v 0.13111700 0.73945300 0.68578700
v 0.10799700 0.54182300 0.53329800
v 0.13224700 0.59281700 0.55757200
v 0.06470490 0.62466300 0.56867400
v 0.09672230 0.55000400 0.52589700
v 0.10440500 0.52462100 0.50668100
v 0.10109800 0.51737000 0.51226200
v 0.09754180 0.51121200 0.50977700
v 0.09854690 0.60972500 0.53422600
v 0.08740670 0.60274600 0.54021700
v 0.08592550 0.61900000 0.54590800
v 0.10342600 0.54629000 0.51714800
v 0.10797000 0.52994000 0.50789300
v 0.11310500 0.53636200 0.49972800
v 0.10825200 0.55183200 0.51421300
v 0.12240100 0.54781700 0.49432300
v 0.11635700 0.54218500 0.50251300
v 0.11670600 0.56263400 0.50978000
v 0.10253100 0.59580600 0.52798300
v 0.11223700 0.55737700 0.51264000
v 0.10619800 0.60143800 0.52549500
v 0.11322500 0.58533800 0.51475700
v 0.11753300 0.57240800 0.50909200
v 0.11679000 0.58790900 0.51242200
v 0.12597100 0.57916400 0.50212300
v 0.11407000 0.53757900 0.52437900
v 0.12412400 0.54491700 0.50511000
v 0.12368100 0.56485700 0.50857900
v 0.12660100 0.61205800 0.57310100
v 0.10024600 0.61306200 0.54155200
v 0.07960210 0.63268100 0.55736800
v 0.06115020 0.66142000 0.59926600
v 0.08038360 0.64275100 0.56591200
v 0.06378570 0.64485700 0.58161100
v 0.06642520 0.68391100 0.61360100
v 0.06459190 0.70778500 0.78890200
v 0.06317360 0.72163000 0.73798700
v 0.05990300 0.71573500 0.75637100
v 0.04947510 0.67282800 0.77496300
v 0.03840860 0.65989500 0.74318000
v 0.05276410 0.70823300 0.71216200
v 0.04941630 0.69514300 0.73848400
v 0.04043610 0.69089900 0.69841100
v 0.04793290 0.70290600 0.69483900
v 0.03961310 0.67322900 0.72020600
v 0.12787400 0.46246800 0.36823900
v 0.10962300 0.48215400 0.44036500
v 0.11829900 0.49178300 0.44063900
v 0.12592700 0.50308400 0.43482200
v 0.13756800 0.46041600 0.35572300
v 0.14849600 0.45733900 0.34438100
v 0.13564000 0.50084700 0.42193900
v 0.13147600 0.55760200 0.49090200
v 0.14135000 0.56834500 0.48316200
v 0.14468500 0.49834400 0.41198800
v 0.15711100 0.45548000 0.33364400
v 0.15777600 0.50821000 0.40519300
v 0.13760700 0.52805300 0.46549900
v 0.05479800 0.64039100 0.58825500
v 0.05415940 0.65689100 0.60211300
v 0.04779460 0.65083600 0.61050800
v 0.05013090 0.62102700 0.58827100
v 0.04540110 0.63239700 0.60777600
v 0.04136570 0.61230800 0.61818700
v 0.04960360 0.68365600 0.64765200
v 0.03659900 0.64958600 0.65216400
v 0.13396600 0.52789300 0.51210800
v 0.15946400 0.53367100 0.50633300
v 0.16385400 0.87304600 0.95775800
v 0.15590400 0.82687200 0.92872200
v 0.15613100 0.82183300 0.92963200
v 0.15966000 0.82858300 0.93792500
v 0.15531700 0.84702500 0.94520800
v 0.15973900 0.84185100 0.94515100
v 0.15697900 0.85426500 0.94909000
v 0.15620000 0.85788600 0.95388800
v 0.15537700 0.87087500 0.95069100
v 0.15098500 0.87873800 0.94337200
v 0.15120800 0.86817100 0.94079200
v 0.14667400 0.86696400 0.92633600
v 0.14608500 0.85371300 0.88919800
v 0.14807000 0.84956800 0.90797600
v 0.14779800 0.84069300 0.90618700
v 0.14354300 0.83992400 0.88290400
v 0.14880300 0.83556200 0.90700900
v 0.14410900 0.82961800 0.88944900
v 0.14598700 0.82291300 0.89448400
v 0.14709300 0.81785800 0.90412700
v 0.14872300 0.82541700 0.91396300
v 0.14824600 0.81735900 0.91704100
v 0.15329600 0.82414700 0.92159700
v 0.16576500 0.82910600 0.94555800
v 0.16163600 0.83612900 0.94223700
v 0.13743600 0.80973000 0.89977100
v 0.16024900 0.81918100 0.93727800
v 0.15952400 0.88989400 0.94678800
v 0.15319700 0.85472200 0.94324100
v 0.14799100 0.83263600 0.91145000
v 0.15427000 0.82764100 0.92248800
v 0.14696900 0.83412100 0.91618300
v 0.15325200 0.83088500 0.92795900
v 0.14601600 0.83638300 0.91366500
v 0.14615100 0.84363900 0.91186400
v 0.14642100 0.85119500 0.91346400
v 0.14683300 0.85510200 0.92041400
v 0.14950200 0.85901800 0.93724400
v 0.15721100 0.83331800 0.93596400
v 0.17319200 0.77827900 0.95403600
v 0.14535500 0.74324000 0.90672400
v 0.13919100 0.72868000 0.89652200
v 0.15231300 0.74004500 0.91534100
v 0.13491900 0.73339100 0.88217400
v 0.13570200 0.71731400 0.89749300
v 0.14486800 0.72504600 0.90930300
v 0.15768700 0.73783700 0.92239200
v 0.15172600 0.72129000 0.91731400
v 0.14282400 0.71376900 0.91089700
v 0.16147300 0.71934500 0.92231000
v 0.16881300 0.73394600 0.92979100
v 0.13094800 0.74491500 0.90252800
v 0.13815600 0.74878700 0.89419200
v 0.14163000 0.73806100 0.91454000
v 0.12692000 0.75246700 0.89616500
v 0.15119100 0.75549600 0.93704500
v 0.14216100 0.76469000 0.92446700
v 0.13469900 0.75858800 0.88813100
v 0.12629800 0.76184700 0.89166300
v 0.13291100 0.76873000 0.88311000
v 0.12701500 0.77494000 0.89223400
v 0.13884500 0.78920800 0.91419800
v 0.15398200 0.77403600 0.94504800
v 0.15284200 0.78462600 0.94164800
v 0.16422700 0.79859900 0.94443200
v 0.15139200 0.79615900 0.93462400
v 0.12969200 0.75724600 0.85238800
v 0.13104300 0.74737400 0.85730900
v 0.13150200 0.73805500 0.86199700
v 0.12680500 0.73914100 0.84538400
v 0.12876800 0.72382800 0.86206600
v 0.12042700 0.71233100 0.84550200
v 0.17790900 0.73319900 0.93361600
v 0.17152300 0.74971400 0.94826200
v 0.16438200 0.73295900 0.93604200
v 0.17812800 0.74836200 0.94914500
v 0.17206900 0.76642200 0.95377400
v 0.16228500 0.75155000 0.94513100
v 0.15177000 0.73327600 0.92385200
v 0.17062200 0.80855200 0.94917300
v 0.16185500 0.80812800 0.94296000
v 0.16973400 0.81960600 0.94987800
v 0.16811000 0.82490900 0.94806100
v 0.15378400 0.80904700 0.92869800
v 0.14186600 0.80862300 0.91602500
v 0.13090300 0.79788200 0.89750700
v 0.13474100 0.82201500 0.87651200
v 0.13424200 0.80469200 0.88562700
v 0.13221100 0.77992700 0.88150700
v 0.13035700 0.79529400 0.84993800
v 0.12681700 0.79740800 0.83395200
v 0.12578800 0.78305100 0.82958100
v 0.12545000 0.76972200 0.83332500
v 0.12884800 0.77000800 0.84865400
v 0.12605800 0.75745800 0.83753900
v 0.12118700 0.78234900 0.81604000
v 0.12039700 0.76753100 0.81981700
v 0.16903600 0.82457300 0.95477100
v 0.15417200 0.90171500 0.92033400
v 0.14964800 0.90801400 0.89067800
v 0.13038100 0.84998200 0.85761200
v 0.13279000 0.83482500 0.86549800
v 0.12769800 0.82043100 0.84261500
v 0.14785800 0.89457400 0.85434400
v 0.13481700 0.86732600 0.84600000
v 0.12712000 0.83227000 0.83041200
v 0.14358100 0.86590300 0.82508200
v 0.12822000 0.83920400 0.81436600
v 0.12224100 0.80857600 0.80457600
v 0.12325300 0.80261700 0.81982700
v 0.11783600 0.78561600 0.80280300
v 0.13865700 0.82625300 0.78438500
v 0.12429000 0.80329500 0.78130100
v 0.17060600 0.90533400 0.92758500
v 0.16810500 0.91442300 0.89688900
v 0.16636900 0.90618100 0.85896000
v 0.16439900 0.88120800 0.82786200
v 0.16074000 0.84220600 0.78790200
v 0.14951400 0.84641000 0.91621700
v 0.14926100 0.84290800 0.91953300
v 0.14967500 0.84842800 0.92087100
v 0.15345100 0.83417900 0.92741600
v 0.15042500 0.83758600 0.92113100
v 0.15086700 0.85192000 0.92462900
v 0.15272100 0.85205900 0.92939100
v 0.15452900 0.84887700 0.93333600
v 0.15560200 0.84362600 0.93493700
v 0.15571700 0.84082600 0.93461800
v 0.15505200 0.83616500 0.93190200
v 0.13038600 0.78243100 0.73731000
v 0.16180800 0.75960800 0.69236100
v 0.15625700 0.71208600 0.64565500
v 0.15462500 0.67250900 0.61341700
v 0.15730300 0.63841400 0.58492000
v 0.15807800 0.59746500 0.56105100
v 0.16005100 0.56522400 0.53496200
v 0.22224000 0.84190700 0.92900400
v 0.22296600 0.84130700 0.92597700
v 0.22308800 0.84341200 0.92642600
v 0.22244500 0.84498300 0.92865400
v 0.22144900 0.84427000 0.93096500
v 0.22089300 0.84259500 0.93179100
v 0.22073400 0.84067400 0.93150600
v 0.22111300 0.83919000 0.92999000
v 0.22213400 0.83926400 0.92738300
v 0.22330900 0.84273100 0.92284200
v 0.22331600 0.84546200 0.92381300
v 0.22277100 0.84738200 0.92591400
v 0.22188200 0.84826300 0.92852800
v 0.22078400 0.84766100 0.93114200
v 0.21945300 0.84512700 0.93365800
v 0.21879700 0.84239100 0.93435700
v 0.21867300 0.83958200 0.93365800
v 0.21900800 0.83726100 0.93195400
v 0.21982300 0.83609600 0.92942900
v 0.22124200 0.83649900 0.92591400
v 0.22257300 0.83903400 0.92339900
v 0.22273200 0.84183900 0.91953000
v 0.22296300 0.84462200 0.91994200
v 0.22285800 0.84717700 0.92113800
v 0.22242800 0.84925200 0.92300200
v 0.22171300 0.85064700 0.92535000
v 0.22078500 0.85122300 0.92795300
v 0.21973400 0.85092600 0.93055600
v 0.21866300 0.84978200 0.93290500
v 0.21767700 0.84790500 0.93476800
v 0.21687200 0.84547800 0.93596500
v 0.21632700 0.84273800 0.93637700
v 0.21609600 0.83995500 0.93596500
v 0.21620100 0.83740000 0.93476800
v 0.21663200 0.83532500 0.93290500
v 0.21734600 0.83393000 0.93055600
v 0.21827400 0.83335400 0.92795300
v 0.21932500 0.83365200 0.92535000
v 0.22039600 0.83479600 0.92300200
v 0.22138200 0.83667300 0.92113800
v 0.22218700 0.83909900 0.91994200
v 0.14949800 0.84190700 0.92900400
v 0.14865000 0.84341200 0.92642600
v 0.14877200 0.84130700 0.92597700
v 0.14929300 0.84498300 0.92865400
v 0.15028900 0.84427000 0.93096500
v 0.15084400 0.84259500 0.93179100
v 0.15100400 0.84067400 0.93150600
v 0.15062500 0.83919000 0.92999000
v 0.14960400 0.83926400 0.92738300
v 0.14842900 0.84273100 0.92284200
v 0.14842200 0.84546200 0.92381300
v 0.14896700 0.84738200 0.92591400
v 0.14985600 0.84826300 0.92852800
v 0.15095400 0.84766100 0.93114200
v 0.15228500 0.84512700 0.93365800
v 0.15294100 0.84239100 0.93435700
v 0.15306400 0.83958200 0.93365800
v 0.15273000 0.83726100 0.93195400
v 0.15191500 0.83609600 0.92942900
v 0.15049600 0.83649900 0.92591400
v 0.14916500 0.83903400 0.92339900
v 0.14877500 0.84462200 0.91994200
v 0.14900600 0.84183900 0.91953000
v 0.14888000 0.84717700 0.92113800
v 0.14931000 0.84925200 0.92300200
v 0.15002500 0.85064700 0.92535000
v 0.15095300 0.85122300 0.92795300
v 0.15200400 0.85092600 0.93055600
v 0.15307500 0.84978200 0.93290500
v 0.15406100 0.84790500 0.93476800
v 0.15486600 0.84547800 0.93596500
v 0.15541000 0.84273800 0.93637700
v 0.15564200 0.83995500 0.93596500
v 0.15553700 0.83740000 0.93476800
v 0.15510600 0.83532500 0.93290500
v 0.15439200 0.83393000 0.93055600
v 0.15346400 0.83335400 0.92795300
v 0.15241300 0.83365200 0.92535000
v 0.15134200 0.83479600 0.92300200
v 0.15035600 0.83667300 0.92113800
v 0.14955100 0.83909900 0.91994200
v 0.22120400 0.84205300 0.91638300
v 0.22149700 0.84557200 0.91690400
v 0.22136400 0.84880200 0.91841700
v 0.22082000 0.85142700 0.92077300
v 0.21991700 0.85319000 0.92374200
v 0.21874300 0.85391900 0.92703300
v 0.21741500 0.85354200 0.93032400
v 0.21606100 0.85209500 0.93329300
v 0.21481400 0.84972200 0.93564900
v 0.21379600 0.84665400 0.93716200
v 0.21310700 0.84319100 0.93768300
v 0.21281500 0.83967200 0.93716200
v 0.21294700 0.83644200 0.93564900
v 0.21349200 0.83381700 0.93329300
v 0.21439500 0.83205400 0.93032400
v 0.21556800 0.83132600 0.92703300
v 0.21689700 0.83170200 0.92374200
v 0.21825100 0.83314800 0.92077300
v 0.21949800 0.83552200 0.91841700
v 0.22051500 0.83859000 0.91690400
v 0.21947300 0.84229600 0.91369200
v 0.21981400 0.84639700 0.91429900
v 0.21966000 0.85016100 0.91606200
v 0.21902500 0.85322000 0.91880800
v 0.21797300 0.85527500 0.92226700
v 0.21660600 0.85612400 0.92610300
v 0.21505700 0.85568500 0.92993800
v 0.21347900 0.85400000 0.93339800
v 0.21202600 0.85123400 0.93614300
v 0.21084000 0.84765800 0.93790600
v 0.21003800 0.84362200 0.93851400
v 0.20969700 0.83952200 0.93790600
v 0.20985100 0.83575800 0.93614300
v 0.21048600 0.83269900 0.93339800
v 0.21153800 0.83064400 0.92993800
v 0.21290500 0.82979500 0.92610300
v 0.21445400 0.83023400 0.92226700
v 0.21603200 0.83191900 0.91880800
v 0.21748500 0.83468500 0.91606200
v 0.21867100 0.83826100 0.91429900
v 0.15053400 0.84205300 0.91638300
v 0.15024100 0.84557200 0.91690400
v 0.15037400 0.84880200 0.91841700
v 0.15091800 0.85142700 0.92077300
v 0.15182100 0.85319000 0.92374200
v 0.15299400 0.85391900 0.92703300
v 0.15432300 0.85354200 0.93032400
v 0.15567700 0.85209500 0.93329300
v 0.15692400 0.84972200 0.93564900
v 0.15794200 0.84665400 0.93716200
v 0.15863100 0.84319100 0.93768300
v 0.15892300 0.83967200 0.93716200
v 0.15879100 0.83644200 0.93564900
v 0.15824600 0.83381700 0.93329300
v 0.15734300 0.83205400 0.93032400
v 0.15617000 0.83132600 0.92703300
v 0.15484100 0.83170200 0.92374200
v 0.15348700 0.83314800 0.92077300
v 0.15224000 0.83552200 0.91841700
v 0.15122300 0.83859000 0.91690400
v 0.15226500 0.84229600 0.91369200
v 0.15192400 0.84639700 0.91429900
v 0.15207800 0.85016100 0.91606200
v 0.15271200 0.85322000 0.91880800
v 0.15376500 0.85527500 0.92226700
v 0.15513200 0.85612400 0.92610300
v 0.15668100 0.85568500 0.92993800
v 0.15825900 0.85400000 0.93339800
v 0.15971200 0.85123400 0.93614300
v 0.16089800 0.84765800 0.93790600
v 0.16170000 0.84362200 0.93851400
v 0.16204100 0.83952200 0.93790600
v 0.16188700 0.83575800 0.93614300
v 0.16125200 0.83269900 0.93339800
v 0.16020000 0.83064400 0.92993800
v 0.15883300 0.82979500 0.92610300
v 0.15728400 0.83023400 0.92226700
v 0.15570600 0.83191900 0.91880800
v 0.15425300 0.83468500 0.91606200
v 0.15306700 0.83826100 0.91429900
f 1436 1434 1435
f 1436 1437 1434
f 1439 1440 1438
f 1440 1439 1441
f 1443 1444 1442
f 1445 1443 1442
f 1445 1447 1446
f 1443 1445 1446
f 1446 1447 1448
f 1448 1449 1446
f 1448 1451 1450
f 1450 1449 1448
f 1452 1444 1443
f 1452 1443 1446
f 1449 1450 1452
f 1452 1446 1449
f 1453 1454 1442
f 1442 1444 1453
f 1453 1456 1455
f 1455 1456 1457
f 1456 1458 1457
f 1459 1457 1458
f 1457 1459 1460
f 1459 1461 1460
f 1460 1461 1462
f 1463 1461 1459
f 1465 1451 1464
f 1466 1465 1464
f 1466 1468 1467
f 1467 1465 1466
f 1469 1467 1468
f 1470 1469 1468
f 1471 1469 1470
f 1471 1470 1472
f 1473 1471 1472
f 1474 1473 1472
f 1475 1474 1472
f 1476 1474 1475
f 1476 1475 1477
f 1477 1478 1476
f 1477 1480 1479
f 1478 1477 1479
f 1481 1479 1480
f 1482 1481 1480
f 1483 1482 1480
f 1484 1482 1483
f 1484 1483 1462
f 1462 1461 1484
f 1457 1460 1485
f 1460 1486 1485
f 1460 1462 1486
f 1462 1487 1486
f 1462 1483 1487
f 1483 1488 1487
f 1483 1480 1488
f 1480 1489 1488
f 1477 1490 1480
f 1490 1489 1480
f 1475 1491 1477
f 1491 1490 1477
f 1472 1492 1475
f 1492 1491 1475
f 1470 1493 1472
f 1493 1492 1472
f 1470 1468 1493
f 1494 1493 1468
f 1468 1466 1494
f 1495 1494 1466
f 1466 1464 1495
f 1496 1495 1464
f 1464 1451 1496
f 1451 1448 1496
f 1497 1496 1448
f 1448 1447 1497
f 1498 1497 1447
f 1500 1442 1499
f 1454 1499 1442
f 1499 1454 1501
f 1453 1501 1454
f 1501 1453 1502
f 1455 1502 1453
f 1502 1455 1485
f 1457 1485 1455
f 1442 1500 1445
f 1503 1445 1500
f 1445 1503 1447
f 1498 1447 1503
f 1505 1506 1504
f 1507 1506 1505
f 1507 1505 1508
f 1509 1507 1508
f 1510 1509 1508
f 1511 1509 1510
f 1512 1511 1510
f 1512 1510 1513
f 1514 1513 1510
f 1504 1515 1505
f 1506 1516 1517
f 1504 1506 1517
f 1518 1463 1459
f 1518 1520 1519
f 1519 1463 1518
f 1516 1521 1517
f 1520 1523 1522
f 1519 1520 1522
f 1524 1525 1521
f 1521 1516 1524
f 1524 1527 1526
f 1525 1524 1526
f 1527 1522 1523
f 1526 1527 1523
f 1528 1510 1508
f 1529 1528 1508
f 1505 1515 1529
f 1508 1505 1529
f 1530 1528 1529
f 1452 1530 1529
f 1530 1452 1450
f 1531 1507 1509
f 1509 1511 1532
f 1532 1531 1509
f 1512 1513 1533
f 1534 1531 1532
f 1533 1513 1535
f 1536 1533 1535
f 1536 1535 1537
f 1538 1469 1471
f 1539 1471 1473
f 1540 1538 1471
f 1541 1540 1471
f 1471 1539 1541
f 1541 1542 1540
f 1479 1543 1478
f 1453 1544 1456
f 1545 1544 1453
f 1444 1545 1453
f 1545 1444 1452
f 1452 1546 1545
f 1546 1452 1529
f 1529 1547 1546
f 1547 1529 1515
f 1515 1548 1547
f 1548 1515 1504
f 1504 1549 1548
f 1549 1504 1517
f 1517 1550 1549
f 1550 1517 1521
f 1526 1551 1525
f 1552 1551 1526
f 1523 1552 1526
f 1552 1523 1520
f 1520 1553 1552
f 1553 1520 1518
f 1469 1554 1467
f 1555 1467 1554
f 1555 1556 1467
f 1556 1465 1467
f 1556 1557 1465
f 1557 1451 1465
f 1451 1557 1450
f 1558 1450 1557
f 1450 1558 1530
f 1559 1530 1558
f 1530 1559 1528
f 1560 1528 1559
f 1528 1560 1510
f 1561 1510 1560
f 1510 1561 1514
f 1562 1514 1561
f 1514 1562 1513
f 1563 1513 1562
f 1563 1535 1513
f 1564 1537 1535
f 1564 1565 1537
f 1565 1566 1537
f 1566 1565 1542
f 1567 1542 1565
f 1542 1567 1540
f 1568 1540 1567
f 1568 1569 1540
f 1569 1538 1540
f 1538 1569 1469
f 1554 1469 1569
f 1476 1570 1474
f 1571 1570 1476
f 1478 1571 1476
f 1571 1478 1543
f 1543 1572 1571
f 1572 1543 1534
f 1534 1573 1572
f 1573 1534 1532
f 1532 1574 1573
f 1574 1532 1511
f 1511 1575 1574
f 1575 1511 1512
f 1512 1576 1575
f 1576 1512 1533
f 1577 1481 1482
f 1578 1479 1481
f 1577 1578 1481
f 1543 1479 1578
f 1578 1579 1543
f 1534 1543 1579
f 1579 1580 1534
f 1531 1534 1580
f 1580 1581 1531
f 1507 1531 1581
f 1581 1582 1507
f 1506 1507 1582
f 1582 1583 1506
f 1584 1516 1506
f 1583 1584 1506
f 1585 1524 1516
f 1584 1585 1516
f 1586 1527 1524
f 1585 1586 1524
f 1587 1522 1527
f 1586 1587 1527
f 1519 1522 1587
f 1587 1588 1519
f 1463 1519 1588
f 1590 1591 1589
f 1592 1590 1589
f 1590 1593 1591
f 1594 1595 1593
f 1596 1595 1594
f 1594 1597 1596
f 1598 1599 1596
f 1597 1598 1596
f 1598 1600 1599
f 1601 1599 1600
f 1602 1601 1600
f 1602 1592 1589
f 1589 1591 1603
f 1604 1603 1591
f 1591 1593 1604
f 1605 1604 1593
f 1593 1595 1605
f 1606 1605 1595
f 1595 1596 1606
f 1599 1607 1606
f 1596 1599 1606
f 1608 1607 1599
f 1599 1601 1608
f 1602 1609 1608
f 1601 1602 1608
f 1589 1603 1609
f 1602 1589 1609
f 1610 1611 1603
f 1603 1604 1610
f 1604 1612 1610
f 1605 1612 1604
f 1606 1613 1612
f 1605 1606 1612
f 1606 1607 1613
f 1608 1613 1607
f 1611 1613 1608
f 1609 1611 1608
f 1603 1611 1609
f 1610 1614 1611
f 1612 1614 1610
f 1613 1614 1612
f 1611 1614 1613
f 1616 1590 1615
f 1590 1616 1617
f 1617 1593 1590
f 1593 1617 1618
f 1618 1594 1593
f 1619 1594 1618
f 1594 1619 1620
f 1620 1597 1594
f 1597 1620 1621
f 1598 1597 1621
f 1622 1598 1621
f 1600 1598 1622
f 1623 1600 1622
f 1600 1623 1624
f 1602 1600 1624
f 1625 1602 1624
f 1626 1602 1625
f 1592 1602 1626
f 1627 1592 1626
f 1590 1592 1627
f 1615 1590 1627
f 1615 1629 1628
f 1628 1616 1615
f 1617 1616 1628
f 1630 1617 1628
f 1617 1630 1631
f 1617 1631 1632
f 1632 1618 1617
f 1633 1618 1632
f 1619 1618 1633
f 1634 1619 1633
f 1619 1634 1635
f 1635 1620 1619
f 1620 1635 1636
f 1636 1621 1620
f 1622 1621 1636
f 1637 1622 1636
f 1623 1622 1637
f 1638 1623 1637
f 1623 1638 1639
f 1639 1624 1623
f 1625 1624 1639
f 1640 1625 1639
f 1626 1625 1640
f 1641 1626 1640
f 1626 1641 1642
f 1642 1627 1626
f 1627 1642 1629
f 1629 1615 1627
f 1643 1628 1629
f 1628 1643 1644
f 1644 1630 1628
f 1631 1630 1644
f 1645 1631 1644
f 1632 1631 1645
f 1646 1632 1645
f 1632 1646 1647
f 1647 1633 1632
f 1633 1647 1648
f 1648 1634 1633
f 1635 1634 1648
f 1649 1635 1648
f 1636 1635 1649
f 1650 1636 1649
f 1637 1636 1650
f 1637 1650 1651
f 1651 1638 1637
f 1639 1638 1651
f 1652 1639 1651
f 1653 1639 1652
f 1639 1653 1654
f 1654 1640 1639
f 1640 1654 1655
f 1655 1641 1640
f 1642 1641 1655
f 1656 1642 1655
f 1629 1642 1656
f 1643 1629 1656
f 1658 1643 1657
f 1644 1643 1658
f 1659 1644 1658
f 1645 1644 1659
f 1660 1645 1659
f 1646 1645 1660
f 1646 1660 1661
f 1661 1647 1646
f 1647 1661 1662
f 1662 1648 1647
f 1648 1662 1663
f 1663 1649 1648
f 1649 1663 1664
f 1664 1650 1649
f 1665 1650 1664
f 1651 1650 1665
f 1666 1651 1665
f 1652 1651 1666
f 1667 1652 1666
f 1653 1652 1667
f 1668 1653 1667
f 1668 1654 1653
f 1654 1668 1669
f 1669 1655 1654
f 1655 1669 1670
f 1670 1656 1655
f 1656 1670 1657
f 1657 1643 1656
f 1671 1659 1658
f 1659 1671 1672
f 1672 1660 1659
f 1660 1672 1673
f 1660 1673 1674
f 1674 1661 1660
f 1661 1674 1675
f 1675 1662 1661
f 1662 1675 1663
f 1676 1666 1665
f 1666 1676 1677
f 1677 1667 1666
f 1667 1677 1678
f 1678 1668 1667
f 1668 1678 1679
f 1669 1668 1679
f 1680 1669 1679
f 1670 1669 1680
f 1658 1657 1681
f 1682 1658 1681
f 1671 1658 1682
f 1683 1671 1682
f 1672 1671 1683
f 1684 1672 1683
f 1673 1672 1684
f 1685 1673 1684
f 1673 1685 1686
f 1686 1674 1673
f 1674 1686 1687
f 1687 1675 1674
f 1675 1687 1688
f 1688 1663 1675
f 1663 1688 1689
f 1689 1664 1663
f 1665 1664 1689
f 1690 1665 1689
f 1676 1665 1690
f 1691 1677 1676
f 1677 1691 1692
f 1692 1678 1677
f 1678 1692 1693
f 1693 1679 1678
f 1679 1693 1694
f 1694 1680 1679
f 1680 1694 1695
f 1695 1670 1680
f 1670 1695 1681
f 1681 1657 1670
f 1682 1681 1696
f 1697 1682 1696
f 1682 1697 1698
f 1698 1683 1682
f 1684 1683 1698
f 1699 1684 1698
f 1685 1684 1699
f 1700 1685 1699
f 1686 1685 1700
f 1701 1686 1700
f 1687 1686 1701
f 1702 1687 1701
f 1688 1687 1702
f 1703 1676 1690
f 1691 1676 1703
f 1704 1691 1703
f 1692 1691 1704
f 1705 1692 1704
f 1692 1705 1706
f 1706 1693 1692
f 1693 1706 1707
f 1707 1694 1693
f 1694 1707 1708
f 1708 1695 1694
f 1681 1695 1708
f 1696 1681 1708
f 1696 1458 1456
f 1456 1697 1696
f 1697 1456 1544
f 1544 1698 1697
f 1698 1544 1545
f 1545 1699 1698
f 1699 1545 1546
f 1546 1700 1699
f 1700 1546 1547
f 1547 1701 1700
f 1701 1547 1548
f 1548 1702 1701
f 1702 1548 1549
f 1549 1688 1702
f 1688 1549 1550
f 1550 1689 1688
f 1690 1689 1550
f 1521 1690 1550
f 1703 1690 1521
f 1525 1703 1521
f 1704 1703 1525
f 1551 1704 1525
f 1705 1704 1551
f 1552 1705 1551
f 1706 1705 1552
f 1553 1706 1552
f 1707 1706 1553
f 1518 1707 1553
f 1708 1707 1518
f 1459 1708 1518
f 1708 1459 1458
f 1458 1696 1708
f 1710 1711 1709
f 1711 1712 1709
f 1713 1711 1710
f 1714 1715 1710
f 1715 1713 1710
f 1716 1715 1714
f 1717 1715 1716
f 1716 1718 1717
f 1719 1717 1718
f 1720 1721 1718
f 1721 1719 1718
f 1722 1721 1720
f 1720 1723 1722
f 1724 1722 1723
f 1723 1725 1724
f 1712 1724 1725
f 1725 1709 1712
f 1710 1709 1726
f 1726 1727 1710
f 1714 1710 1727
f 1727 1728 1714
f 1716 1714 1728
f 1728 1729 1716
f 1718 1716 1729
f 1729 1730 1718
f 1731 1720 1730
f 1720 1718 1730
f 1731 1732 1720
f 1723 1720 1732
f 1733 1725 1732
f 1725 1723 1732
f 1726 1709 1733
f 1709 1725 1733
f 1734 1735 1726
f 1727 1726 1735
f 1736 1727 1735
f 1736 1728 1727
f 1736 1729 1728
f 1737 1729 1736
f 1730 1729 1737
f 1731 1730 1737
f 1737 1738 1731
f 1738 1732 1731
f 1738 1733 1732
f 1738 1734 1733
f 1734 1726 1733
f 1739 1735 1734
f 1739 1736 1735
f 1739 1737 1736
f 1739 1738 1737
f 1739 1734 1738
f 1711 1713 1740
f 1713 1741 1740
f 1741 1713 1742
f 1715 1742 1713
f 1742 1715 1743
f 1715 1717 1743
f 1717 1744 1743
f 1717 1745 1744
f 1745 1717 1746
f 1719 1746 1717
f 1746 1719 1747
f 1719 1721 1747
f 1721 1748 1747
f 1721 1722 1748
f 1722 1749 1748
f 1749 1722 1750
f 1722 1724 1750
f 1724 1751 1750
f 1724 1712 1751
f 1712 1752 1751
f 1712 1753 1752
f 1712 1711 1753
f 1711 1740 1753
f 1755 1740 1754
f 1741 1754 1740
f 1741 1742 1754
f 1742 1756 1754
f 1756 1742 1757
f 1743 1757 1742
f 1757 1743 1758
f 1743 1744 1758
f 1744 1759 1758
f 1744 1745 1759
f 1745 1760 1759
f 1760 1745 1761
f 1746 1761 1745
f 1761 1746 1762
f 1747 1762 1746
f 1747 1748 1762
f 1748 1763 1762
f 1748 1749 1763
f 1749 1764 1763
f 1764 1749 1765
f 1750 1765 1749
f 1765 1750 1766
f 1750 1751 1766
f 1751 1752 1766
f 1752 1767 1766
f 1767 1752 1768
f 1753 1768 1752
f 1768 1753 1755
f 1740 1755 1753
f 1754 1769 1755
f 1769 1754 1770
f 1756 1770 1754
f 1756 1757 1770
f 1757 1771 1770
f 1757 1758 1771
f 1758 1772 1771
f 1772 1758 1773
f 1759 1773 1758
f 1773 1759 1774
f 1760 1774 1759
f 1760 1761 1774
f 1761 1775 1774
f 1761 1762 1775
f 1762 1776 1775
f 1762 1763 1776
f 1776 1763 1777
f 1764 1777 1763
f 1764 1765 1777
f 1765 1778 1777
f 1765 1766 1778
f 1766 1779 1778
f 1779 1766 1780
f 1780 1766 1781
f 1767 1781 1766
f 1767 1768 1781
f 1768 1782 1781
f 1768 1755 1782
f 1755 1769 1782
f 1769 1784 1783
f 1769 1770 1784
f 1770 1785 1784
f 1770 1771 1785
f 1771 1786 1785
f 1771 1772 1786
f 1772 1787 1786
f 1787 1772 1788
f 1773 1788 1772
f 1788 1773 1789
f 1774 1789 1773
f 1789 1774 1790
f 1775 1790 1774
f 1790 1775 1791
f 1776 1791 1775
f 1776 1792 1791
f 1776 1777 1792
f 1777 1793 1792
f 1777 1778 1793
f 1778 1794 1793
f 1778 1779 1794
f 1779 1795 1794
f 1780 1795 1779
f 1795 1780 1796
f 1781 1796 1780
f 1796 1781 1797
f 1782 1797 1781
f 1797 1782 1783
f 1769 1783 1782
f 1785 1798 1784
f 1798 1785 1799
f 1786 1799 1785
f 1799 1786 1800
f 1787 1800 1786
f 1800 1787 1801
f 1788 1801 1787
f 1801 1788 1802
f 1789 1802 1788
f 1802 1789 1790
f 1793 1803 1792
f 1803 1793 1804
f 1794 1804 1793
f 1804 1794 1805
f 1795 1805 1794
f 1805 1795 1806
f 1795 1796 1806
f 1783 1784 1807
f 1784 1808 1807
f 1784 1798 1808
f 1798 1809 1808
f 1798 1799 1809
f 1799 1810 1809
f 1799 1800 1810
f 1800 1811 1810
f 1811 1800 1812
f 1801 1812 1800
f 1812 1801 1813
f 1802 1813 1801
f 1813 1802 1814
f 1790 1814 1802
f 1814 1790 1815
f 1791 1815 1790
f 1791 1792 1815
f 1792 1816 1815
f 1792 1803 1816
f 1804 1817 1803
f 1817 1804 1818
f 1805 1818 1804
f 1818 1805 1819
f 1806 1819 1805
f 1819 1806 1820
f 1796 1820 1806
f 1820 1796 1821
f 1797 1821 1796
f 1821 1797 1807
f 1783 1807 1797
f 1807 1808 1822
f 1808 1823 1822
f 1823 1808 1824
f 1809 1824 1808
f 1809 1810 1824
f 1810 1825 1824
f 1810 1811 1825
f 1811 1826 1825
f 1811 1812 1826
f 1812 1827 1826
f 1812 1813 1827
f 1813 1828 1827
f 1813 1814 1828
f 1803 1829 1816
f 1803 1817 1829
f 1817 1830 1829
f 1817 1818 1830
f 1818 1831 1830
f 1831 1818 1832
f 1819 1832 1818
f 1832 1819 1833
f 1820 1833 1819
f 1833 1820 1834
f 1821 1834 1820
f 1821 1807 1834
f 1807 1822 1834
f 1554 1822 1555
f 1823 1555 1822
f 1555 1823 1556
f 1824 1556 1823
f 1556 1824 1557
f 1825 1557 1824
f 1557 1825 1558
f 1826 1558 1825
f 1558 1826 1559
f 1827 1559 1826
f 1559 1827 1560
f 1828 1560 1827
f 1560 1828 1561
f 1814 1561 1828
f 1561 1814 1562
f 1815 1562 1814
f 1815 1816 1562
f 1816 1563 1562
f 1816 1829 1563
f 1829 1535 1563
f 1829 1830 1535
f 1830 1564 1535
f 1830 1831 1564
f 1831 1565 1564
f 1831 1832 1565
f 1832 1567 1565
f 1832 1833 1567
f 1833 1568 1567
f 1833 1834 1568
f 1834 1569 1568
f 1569 1834 1554
f 1822 1554 1834
f 1836 1837 1835
f 1838 1836 1835
f 1836 1839 1837
f 1840 1841 1837
f 1839 1840 1837
f 1840 1842 1841
f 1842 1843 1841
f 1844 1843 1842
f 1842 1845 1844
f 1846 1844 1845
f 1845 1847 1846
f 1848 1846 1847
f 1847 1849 1848
f 1850 1848 1849
f 1849 1851 1850
f 1851 1838 1850
f 1835 1850 1838
f 1835 1837 1852
f 1853 1852 1837
f 1837 1841 1853
f 1854 1853 1841
f 1841 1843 1854
f 1855 1854 1843
f 1843 1844 1855
f 1856 1855 1844
f 1844 1846 1856
f 1846 1857 1856
f 1846 1848 1857
f 1858 1857 1848
f 1848 1850 1858
f 1850 1859 1858
f 1835 1852 1859
f 1850 1835 1859
f 1853 1861 1860
f 1852 1853 1860
f 1854 1861 1853
f 1862 1861 1854
f 1855 1862 1854
f 1855 1863 1862
f 1855 1856 1863
f 1856 1857 1863
f 1864 1863 1857
f 1858 1864 1857
f 1859 1864 1858
f 1860 1864 1859
f 1852 1860 1859
f 1861 1865 1860
f 1862 1865 1861
f 1863 1865 1862
f 1864 1865 1863
f 1860 1865 1864
f 1839 1836 1866
f 1867 1839 1866
f 1839 1867 1868
f 1868 1840 1839
f 1840 1868 1869
f 1869 1842 1840
f 1870 1842 1869
f 1871 1842 1870
f 1842 1871 1872
f 1872 1845 1842
f 1845 1872 1873
f 1847 1845 1873
f 1874 1847 1873
f 1849 1847 1874
f 1875 1849 1874
f 1849 1875 1876
f 1851 1849 1876
f 1877 1851 1876
f 1838 1851 1877
f 1878 1838 1877
f 1879 1838 1878
f 1836 1838 1879
f 1866 1836 1879
f 1866 1881 1880
f 1880 1867 1866
f 1868 1867 1880
f 1882 1868 1880
f 1868 1882 1883
f 1883 1869 1868
f 1869 1883 1884
f 1870 1869 1884
f 1885 1870 1884
f 1871 1870 1885
f 1886 1871 1885
f 1871 1886 1887
f 1887 1872 1871
f 1872 1887 1888
f 1888 1873 1872
f 1874 1873 1888
f 1889 1874 1888
f 1875 1874 1889
f 1890 1875 1889
f 1875 1890 1891
f 1891 1876 1875
f 1876 1891 1892
f 1877 1876 1892
f 1878 1877 1892
f 1893 1878 1892
f 1878 1893 1894
f 1894 1879 1878
f 1879 1894 1881
f 1881 1866 1879
f 1895 1880 1881
f 1880 1895 1896
f 1896 1882 1880
f 1883 1882 1896
f 1897 1883 1896
f 1884 1883 1897
f 1898 1884 1897
f 1884 1898 1899
f 1899 1885 1884
f 1885 1899 1900
f 1900 1886 1885
f 1887 1886 1900
f 1901 1887 1900
f 1888 1887 1901
f 1902 1888 1901
f 1889 1888 1902
f 1889 1902 1903
f 1903 1890 1889
f 1891 1890 1903
f 1904 1891 1903
f 1892 1891 1904
f 1905 1892 1904
f 1892 1905 1906
f 1892 1906 1907
f 1907 1893 1892
f 1894 1893 1907
f 1908 1894 1907
f 1881 1894 1908
f 1895 1881 1908
f 1910 1895 1909
f 1896 1895 1910
f 1911 1896 1910
f 1897 1896 1911
f 1912 1897 1911
f 1898 1897 1912
f 1898 1912 1913
f 1913 1899 1898
f 1899 1913 1914
f 1914 1900 1899
f 1900 1914 1915
f 1915 1901 1900
f 1901 1915 1916
f 1916 1902 1901
f 1917 1902 1916
f 1903 1902 1917
f 1918 1903 1917
f 1904 1903 1918
f 1919 1904 1918
f 1905 1904 1919
f 1920 1905 1919
f 1920 1906 1905
f 1906 1920 1921
f 1921 1907 1906
f 1907 1921 1922
f 1922 1908 1907
f 1908 1922 1909
f 1909 1895 1908
f 1923 1912 1911
f 1912 1923 1924
f 1912 1924 1925
f 1925 1913 1912
f 1913 1925 1926
f 1926 1914 1913
f 1914 1926 1927
f 1927 1915 1914
f 1915 1927 1916
f 1928 1918 1917
f 1918 1928 1929
f 1929 1919 1918
f 1919 1929 1930
f 1930 1920 1919
f 1920 1930 1931
f 1921 1920 1931
f 1932 1921 1931
f 1922 1921 1932
f 1910 1909 1933
f 1934 1910 1933
f 1911 1910 1934
f 1935 1911 1934
f 1923 1911 1935
f 1936 1923 1935
f 1924 1923 1936
f 1937 1924 1936
f 1924 1937 1938
f 1938 1925 1924
f 1925 1938 1939
f 1939 1926 1925
f 1926 1939 1940
f 1940 1927 1926
f 1927 1940 1941
f 1941 1916 1927
f 1917 1916 1941
f 1942 1917 1941
f 1928 1917 1942
f 1943 1928 1942
f 1928 1943 1944
f 1944 1929 1928
f 1929 1944 1945
f 1945 1930 1929
f 1930 1945 1946
f 1946 1931 1930
f 1931 1946 1947
f 1947 1932 1931
f 1932 1947 1948
f 1948 1922 1932
f 1922 1948 1933
f 1933 1909 1922
f 1934 1933 1949
f 1950 1934 1949
f 1934 1950 1951
f 1951 1935 1934
f 1936 1935 1951
f 1952 1936 1951
f 1937 1936 1952
f 1953 1937 1952
f 1938 1937 1953
f 1954 1938 1953
f 1939 1938 1954
f 1955 1939 1954
f 1940 1939 1955
f 1956 1944 1943
f 1945 1944 1956
f 1957 1945 1956
f 1945 1957 1958
f 1958 1946 1945
f 1946 1958 1959
f 1959 1947 1946
f 1947 1959 1960
f 1960 1948 1947
f 1933 1948 1960
f 1949 1933 1960
f 1949 1473 1474
f 1474 1950 1949
f 1950 1474 1570
f 1570 1951 1950
f 1951 1570 1571
f 1571 1952 1951
f 1952 1571 1572
f 1572 1953 1952
f 1953 1572 1573
f 1573 1954 1953
f 1954 1573 1574
f 1574 1955 1954
f 1955 1574 1575
f 1575 1940 1955
f 1940 1575 1576
f 1576 1941 1940
f 1942 1941 1576
f 1533 1942 1576
f 1943 1942 1533
f 1536 1943 1533
f 1956 1943 1536
f 1537 1956 1536
f 1957 1956 1537
f 1566 1957 1537
f 1958 1957 1566
f 1542 1958 1566
f 1959 1958 1542
f 1541 1959 1542
f 1960 1959 1541
f 1539 1960 1541
f 1960 1539 1473
f 1473 1949 1960
f 1962 1963 1961
f 1964 1962 1961
f 1964 1965 1962
f 1966 1965 1964
f 1967 1966 1964
f 1968 1966 1967
f 1969 1968 1967
f 1968 1969 1970
f 1970 1971 1968
f 1972 1971 1970
f 1973 1972 1970
f 1974 1972 1973
f 1975 1974 1973
f 1976 1974 1975
f 1977 1976 1975
f 1978 1976 1977
f 1961 1963 1978
f 1964 1961 1979
f 1964 1979 1980
f 1967 1964 1980
f 1967 1980 1981
f 1981 1969 1967
f 1969 1981 1982
f 1982 1970 1969
f 1970 1982 1983
f 1973 1970 1983
f 1975 1973 1983
f 1984 1975 1983
f 1977 1975 1984
f 1985 1977 1984
f 1978 1977 1985
f 1961 1978 1985
f 1979 1961 1985
f 1987 1979 1986
f 1980 1979 1987
f 1981 1980 1987
f 1988 1981 1987
f 1988 1982 1981
f 1989 1982 1988
f 1983 1982 1989
f 1983 1989 1990
f 1990 1984 1983
f 1984 1990 1986
f 1986 1985 1984
f 1986 1979 1985
f 1991 1987 1986
f 1991 1988 1987
f 1991 1989 1988
f 1991 1990 1989
f 1991 1986 1990
f 1965 1993 1992
f 1962 1965 1992
f 1966 1994 1993
f 1965 1966 1993
f 1995 1994 1966
f 1966 1968 1995
f 1968 1996 1995
f 1968 1997 1996
f 1998 1997 1968
f 1968 1971 1998
f 1999 1998 1971
f 1972 2000 1999
f 1971 1972 1999
f 1974 2001 2000
f 1972 1974 2000
f 1974 2002 2001
f 1976 2003 2002
f 1974 1976 2002
f 1978 2004 2003
f 1976 1978 2003
f 2005 2004 1978
f 1978 1963 2005
f 1992 2005 1963
f 1963 1962 1992
f 1993 2007 2006
f 1992 1993 2006
f 1994 2008 2007
f 1993 1994 2007
f 2009 2008 1994
f 1994 1995 2009
f 2010 2009 1995
f 1996 2011 2010
f 1995 1996 2010
f 1997 2012 2011
f 1996 1997 2011
f 2013 2012 1997
f 1997 1998 2013
f 2014 2013 1998
f 1998 1999 2014
f 2000 2015 2014
f 1999 2000 2014
f 2001 2016 2015
f 2000 2001 2015
f 2017 2016 2001
f 2001 2002 2017
f 2018 2017 2002
f 2002 2003 2018
f 2004 2019 2018
f 2003 2004 2018
f 2020 2019 2004
f 2004 2005 2020
f 2006 2020 2005
f 2005 1992 2006
f 2021 2022 2006
f 2006 2007 2021
f 2023 2021 2007
f 2007 2008 2023
f 2009 2024 2023
f 2008 2009 2023
f 2010 2025 2024
f 2009 2010 2024
f 2026 2025 2010
f 2010 2011 2026
f 2027 2026 2011
f 2011 2012 2027
f 2013 2028 2027
f 2012 2013 2027
f 2014 2029 2028
f 2013 2014 2028
f 2014 2015 2029
f 2030 2029 2015
f 2015 2016 2030
f 2017 2031 2030
f 2016 2017 2030
f 2018 2032 2031
f 2017 2018 2031
f 2033 2032 2018
f 2034 2033 2018
f 2018 2019 2034
f 2020 2035 2034
f 2019 2020 2034
f 2006 2022 2035
f 2020 2006 2035
f 2021 2037 2036
f 2022 2021 2036
f 2023 2038 2037
f 2021 2023 2037
f 2024 2039 2038
f 2023 2024 2038
f 2025 2040 2039
f 2024 2025 2039
f 2041 2040 2025
f 2025 2026 2041
f 2042 2041 2026
f 2026 2027 2042
f 2043 2042 2027
f 2027 2028 2043
f 2044 2043 2028
f 2028 2029 2044
f 2029 2045 2044
f 2030 2046 2045
f 2029 2030 2045
f 2031 2047 2046
f 2030 2031 2046
f 2032 2048 2047
f 2031 2032 2047
f 2049 2048 2032
f 2032 2033 2049
f 2050 2049 2033
f 2033 2034 2050
f 2051 2050 2034
f 2034 2035 2051
f 2022 2036 2051
f 2035 2022 2051
f 2037 2053 2052
f 2036 2037 2052
f 2038 2053 2037
f 2039 2054 2038
f 2040 2055 2054
f 2039 2040 2054
f 2056 2055 2040
f 2040 2041 2056
f 2057 2056 2041
f 2041 2042 2057
f 2043 2057 2042
f 2045 2058 2044
f 2046 2059 2058
f 2045 2046 2058
f 2047 2060 2059
f 2046 2047 2059
f 2048 2061 2060
f 2047 2048 2060
f 2062 2061 2048
f 2048 2049 2062
f 2050 2063 2062
f 2049 2050 2062
f 2064 2063 2050
f 2050 2051 2064
f 2052 2064 2051
f 2051 2036 2052
f 2053 2066 2065
f 2052 2053 2065
f 2038 2067 2066
f 2053 2038 2066
f 2054 2068 2067
f 2038 2054 2067
f 2055 2069 2068
f 2054 2055 2068
f 2056 2070 2069
f 2055 2056 2069
f 2071 2070 2056
f 2056 2057 2071
f 2072 2071 2057
f 2057 2043 2072
f 2073 2072 2043
f 2043 2044 2073
f 2058 2074 2073
f 2044 2058 2073
f 2059 2075 2074
f 2058 2059 2074
f 2076 2075 2059
f 2059 2060 2076
f 2077 2076 2060
f 2060 2061 2077
f 2078 2077 2061
f 2061 2062 2078
f 2079 2078 2062
f 2062 2063 2079
f 2080 2079 2063
f 2063 2064 2080
f 2065 2080 2064
f 2064 2052 2065
f 2081 2082 2065
f 2065 2066 2081
f 2083 2081 2066
f 2066 2067 2083
f 2068 2084 2083
f 2067 2068 2083
f 2069 2085 2084
f 2068 2069 2084
f 2070 2086 2085
f 2069 2070 2085
f 2087 2086 2070
f 2070 2071 2087
f 2071 2072 2087
f 2075 2076 2088
f 2089 2088 2076
f 2076 2077 2089
f 2090 2089 2077
f 2077 2078 2090
f 2091 2090 2078
f 2078 2079 2091
f 2080 2092 2091
f 2079 2080 2091
f 2065 2082 2092
f 2080 2065 2092
f 1482 1484 2082
f 2082 2081 1482
f 1577 1482 2081
f 2081 2083 1577
f 1578 1577 2083
f 2083 2084 1578
f 1579 1578 2084
f 2084 2085 1579
f 1580 1579 2085
f 2085 2086 1580
f 1581 1580 2086
f 2086 2087 1581
f 1582 1581 2087
f 2087 2072 1582
f 1583 1582 2072
f 2072 2073 1583
f 2074 1584 1583
f 2073 2074 1583
f 2075 1585 1584
f 2074 2075 1584
f 2088 1586 1585
f 2075 2088 1585
f 2089 1587 1586
f 2088 2089 1586
f 2090 1588 1587
f 2089 2090 1587
f 2091 1463 1588
f 2090 2091 1588
f 2092 1461 1463
f 2091 2092 1463
f 2082 1484 1461
f 2092 2082 1461
f 2094 2095 2093
f 2096 2094 2093
f 2098 2099 2097
f 2099 2100 2097
f 2099 2101 2100
f 2101 2102 2100
f 2101 2103 2102
f 2103 2104 2102
f 2103 2105 2104
f 2105 2106 2104
f 2105 2107 2106
f 2112 2113 2111
f 2114 2115 2111
f 2114 2116 2115
f 2116 2117 2115
f 2116 2098 2117
f 2098 2097 2117
f 1485 1486 2113
f 1486 2111 2113
f 1486 1487 2111
f 1487 2114 2111
f 1487 1488 2114
f 1488 2116 2114
f 1488 1489 2116
f 1489 2098 2116
f 1490 2099 1489
f 2099 2098 1489
f 1491 2101 1490
f 2101 2099 1490
f 1492 2103 1491
f 2103 2101 1491
f 1493 2105 1492
f 2105 2103 1492
f 1493 1494 2105
f 2107 2105 1494
f 1494 1495 2107
f 2108 2107 1495
f 1495 1496 2108
f 2109 2108 1496
f 1496 1497 2109
f 2118 2109 1497
f 2119 2118 1497
f 1498 2119 1497
f 2121 2119 2120
f 2121 2122 2119
f 2122 2118 2119
f 2118 2122 2109
f 2110 2109 2122
f 2119 2123 2120
f 2124 2120 2123
f 2125 2126 2123
f 2126 2124 2123
f 2125 2127 2126
f 2128 2126 2127
f 2128 2129 2126
f 2130 2126 2129
f 2131 2132 2129
f 2132 2130 2129
f 2113 2112 2131
f 2112 2132 2131
f 2127 1500 2128
f 1499 2128 1500
f 2128 1499 2129
f 1501 2129 1499
f 2129 1501 2131
f 1502 2131 1501
f 2131 1502 2113
f 1485 2113 1502
f 2125 1500 2127
f 1500 2125 1503
f 2123 1503 2125
f 1503 2123 1498
f 2119 1498 2123
f 2135 2136 2134
f 2137 2138 2133
f 2138 2134 2133
f 2138 2139 2134
f 2139 2135 2134
f 2140 2141 2136
f 2139 2142 2135
f 2142 2136 2135
f 2142 2143 2136
f 2143 2140 2136
f 2097 2100 2137
f 2100 2138 2137
f 2100 2102 2138
f 2102 2139 2138
f 2102 2104 2139
f 2104 2142 2139
f 2104 2106 2142
f 2106 2143 2142
f 2106 2107 2143
f 2144 2143 2107
f 2107 2108 2144
f 2145 2144 2108
f 2143 2144 2140
f 2146 2140 2144
f 2140 2146 2141
f 2144 2145 2146
f 2108 2109 2145
f 2147 2145 2109
f 2109 2110 2147
f 2145 2147 2146
f 2148 2146 2147
f 2146 2148 2141
f 2149 2141 2148
f 2151 2152 2150
f 2152 2151 2153
f 2154 2153 2151
f 2150 2155 2151
f 2156 2151 2155
f 2151 2156 2154
f 2157 2154 2156
f 2154 2158 2153
f 2158 2159 2153
f 2158 2133 2159
f 2157 2160 2154
f 2160 2158 2154
f 2160 2137 2158
f 2137 2133 2158
f 2155 2112 2156
f 2111 2156 2112
f 2111 2115 2156
f 2115 2157 2156
f 2115 2117 2157
f 2117 2160 2157
f 2117 2097 2160
f 2097 2137 2160
f 2120 2161 2121
f 2162 2121 2161
f 2162 2163 2121
f 2163 2122 2121
f 2163 2164 2122
f 2164 2147 2122
f 2147 2110 2122
f 2161 2165 2162
f 2166 2162 2165
f 2166 2167 2162
f 2167 2163 2162
f 2165 2168 2166
f 2169 2166 2168
f 2166 2169 2167
f 2167 2170 2163
f 2170 2164 2163
f 2170 2148 2164
f 2148 2147 2164
f 2167 2169 2170
f 2149 2170 2169
f 2170 2149 2148
f 2120 2124 2161
f 2171 2161 2124
f 2126 2096 2124
f 2096 2171 2124
f 2161 2171 2165
f 2172 2165 2171
f 2165 2172 2168
f 2173 2168 2172
f 2096 2172 2171
f 2094 2096 2126
f 2093 2172 2096
f 2172 2093 2173
f 2174 2173 2093
f 2095 2174 2093
f 2126 2130 2094
f 2132 2175 2130
f 2175 2094 2130
f 2112 2155 2132
f 2155 2175 2132
f 2175 2150 2094
f 2150 2095 2094
f 2150 2152 2095
f 2152 2174 2095
f 2155 2150 2175
f 2177 2178 2176
f 2178 2179 2176
f 2181 2182 2180
f 2181 2183 2182
f 2185 2186 2184
f 2188 2185 2187
f 2185 2188 2186
f 2189 2185 2184
f 2185 2190 2187
f 2190 2189 2191
f 2189 2190 2185
f 2186 2192 2184
f 2193 2183 2181
f 2183 2188 2187
f 2188 2183 2193
f 2194 2190 2191
f 2190 2195 2187
f 2195 2194 2196
f 2194 2195 2190
f 2194 2191 2179
f 2195 2183 2187
f 2182 2195 2196
f 2195 2182 2183
f 2178 2194 2179
f 2196 2178 2177
f 2178 2196 2194
f 2182 2197 2180
f 2196 2197 2182
f 2196 2177 2197
f 2198 18 15
f 18 2199 14
f 2198 2199 18
f 2200 2198 15
f 2199 19 14
f 2199 2201 19
f 2202 2198 2200
f 2198 2203 2199
f 2203 2202 2184
f 2202 2203 2198
f 2204 2202 2200
f 2202 2189 2184
f 2189 2204 2191
f 2204 2189 2202
f 2203 2201 2199
f 2192 2203 2184
f 2203 2192 2201
f 2205 2200 2206
f 20 2200 15
f 2200 17 2206
f 20 17 2200
f 2191 2204 2179
f 2205 2204 2200
f 2179 2205 2206
f 2205 2179 2204
f 2176 2179 2206
f 2208 2209 2207
f 2209 2210 2207
f 5 2211 2208
f 2209 2208 2211
f 2211 2212 2209
f 2211 2213 2212
f 2210 2209 2212
f 2212 2214 2210
f 2207 2210 2214
f 2214 2212 2213
f 2213 2215 2214
f 2218 2216 2217
f 2217 2219 2218
f 2216 2220 2217
f 2219 2217 2220
f 6 2221 2216
f 6 1 2221
f 2220 2216 2221
f 2221 2222 2220
f 2222 2221 1
f 1 2223 2222
f 2223 2224 2222
f 2 3 2224
f 2 2223 1
f 2224 2223 2
f 2216 2225 6
f 2226 2225 2216
f 2218 2226 2216
f 2225 7 6
f 2227 7 2225
f 2226 2227 2225
f 2227 4 7
f 5 4 2227
f 2208 2207 8
f 2214 2228 2207
f 2228 2214 2215
f 2228 2215 2229
f 2229 2230 2228
f 2230 2229 2231
f 2231 2232 2230
f 2232 2231 2233
f 2233 2234 2232
f 2234 2233 2235
f 9 2208 8
f 5 2208 9
f 10 11 2236
f 2236 2237 10
f 12 10 2237
f 2237 2238 12
f 2237 2236 2239
f 2239 2240 2237
f 2238 2237 2240
f 2240 2241 2238
f 13 12 2238
f 2238 2242 13
f 3 13 2242
f 2242 2224 3
f 2242 2238 2241
f 2241 2224 2242
f 2240 2239 2243
f 2243 2244 2240
f 2241 2240 2244
f 2244 2243 2245
f 2245 2246 2244
f 2246 2247 2244
f 2224 2241 2244
f 2244 2248 2224
f 2248 2222 2224
f 2248 2244 2247
f 2247 2249 2248
f 2222 2248 2249
f 2249 2220 2222
f 2246 2245 2250
f 2250 2251 2246
f 2247 2246 2251
f 2251 2252 2247
f 2251 2250 2235
f 2235 2233 2251
f 2252 2251 2233
f 2249 2247 2252
f 2252 2253 2249
f 2220 2249 2253
f 2253 2219 2220
f 2252 2254 2253
f 2219 2253 2254
f 2254 2218 2219
f 2252 2233 2255
f 2255 2233 2231
f 2231 2256 2255
f 2254 2252 2255
f 2255 2256 2254
f 2218 2254 2256
f 2218 2256 2257
f 2257 2226 2218
f 2229 2258 2231
f 2256 2231 2258
f 2258 2257 2256
f 2258 2229 2215
f 2215 2213 2258
f 2257 2258 2213
f 2226 2257 2213
f 2213 2227 2226
f 2227 2213 2211
f 2211 5 2227
f 2259 2243 2239
f 2260 2259 2239
f 2245 2243 2259
f 2259 2261 2245
f 2259 2260 2192
f 2192 2186 2259
f 2261 2259 2186
f 2188 2193 2261
f 2186 2188 2261
f 2250 2245 2261
f 2261 2193 2250
f 2235 2250 2193
f 2193 2234 2235
f 19 2201 16
f 16 2236 11
f 2201 2192 16
f 2192 2260 16
f 2236 16 2260
f 2260 2239 2236
f 2263 2264 2262
f 2264 2263 2265
f 2267 2268 2266
f 2270 2271 2269
f 2268 2270 2266
f 2270 2273 2272
f 2270 2268 2273
f 2275 2276 2274
f 2276 2275 2277
f 2279 2275 2278
f 2275 2279 2280
f 2275 2273 2278
f 2275 2274 2273
f 2282 2283 2281
f 2283 2268 2267
f 2282 2268 2283
f 2282 2273 2268
f 2278 2282 2281
f 2278 2273 2282
f 1435 2280 2279
f 2284 1435 1434
f 2284 2285 1435
f 2277 2285 2284
f 2285 2286 1435
f 2286 2285 2277
f 2286 2280 1435
f 2275 2286 2277
f 2286 2275 2280
f 2288 2289 2287
f 2290 2291 2274
f 2291 2288 2287
f 2288 2290 2292
f 2290 2288 2291
f 2293 2290 2274
f 2290 2262 2292
f 2262 2293 2263
f 2293 2262 2290
f 2294 2265 2263
f 2262 2264 2292
f 2296 2297 2295
f 2297 2299 2298
f 2299 2296 2300
f 2296 2299 2297
f 2301 2296 2295
f 2302 2303 2301
f 2303 2269 2271
f 2269 2302 2304
f 2302 2269 2303
f 2302 2295 2304
f 2302 2301 2295
f 2305 2291 2287
f 2291 2306 2274
f 2306 2305 2271
f 2305 2306 2291
f 2305 2303 2271
f 2301 2305 2287
f 2305 2301 2303
f 2289 2301 2287
f 2289 2296 2301
f 2296 2307 2300
f 2307 2296 2289
f 2307 2309 2308
f 2310 2299 2300
f 2299 2311 2298
f 2310 2311 2299
f 2310 2307 2308
f 2307 2310 2300
f 2272 2273 2274
f 2306 2272 2274
f 2306 2271 2270
f 2270 2272 2306
f 2270 2269 2304
f 2266 2270 2304
f 2312 2294 2263
f 2277 2284 2313
f 2277 2293 2274
f 2293 2313 2263
f 2313 2293 2277
f 2313 2312 2263
f 2314 2313 2284
f 2313 2314 2312
f 2276 2277 2274
f 2284 1434 2314
f 2316 2317 2315
f 2318 2316 2315
f 2315 2319 2318
f 2320 2318 2319
f 2316 2318 2321
f 2323 840 2322
f 2324 2323 2322
f 2324 2326 2325
f 2326 2328 2327
f 2327 2325 2326
f 2328 2330 2329
f 2329 2327 2328
f 2330 2332 2331
f 2331 2329 2330
f 2331 2332 2333
f 2334 2331 2333
f 2334 2333 2335
f 2334 2335 2336
f 2334 2336 2337
f 2338 2334 2337
f 2338 2337 2339
f 2340 2338 2339
f 2340 2339 871
f 2342 2343 2341
f 2344 862 840
f 840 2323 2345
f 2345 2344 840
f 2323 2324 2346
f 2346 2345 2323
f 2324 2325 2343
f 2343 2346 2324
f 2343 2325 2327
f 2327 2329 2341
f 2341 2343 2327
f 2329 2331 2341
f 2331 2334 2347
f 2347 2341 2331
f 2334 2348 2347
f 2348 2334 2338
f 2348 2338 2340
f 868 2348 2340
f 868 2340 871
f 2339 2349 871
f 2349 2350 871
f 2351 2349 2339
f 2337 2351 2339
f 2352 1225 871
f 2350 2352 871
f 2353 2352 2350
f 2349 2353 2350
f 2351 2337 2336
f 2336 2354 2351
f 2354 2336 2335
f 2335 2355 2354
f 2356 2353 2349
f 2351 2356 2349
f 2357 2356 2351
f 2354 2357 2351
f 2355 2335 2333
f 2358 2354 2355
f 2333 2358 2355
f 2330 2359 2332
f 2360 2358 2333
f 2332 2360 2333
f 2328 2359 2330
f 2360 2332 2359
f 2359 2361 2360
f 2362 2359 2328
f 2326 2362 2328
f 2363 2362 2326
f 2324 2363 2326
f 2361 2359 2362
f 2362 2364 2361
f 2364 2362 2363
f 2363 2365 2364
f 2363 2324 2322
f 2322 2366 2363
f 2366 2322 840
f 840 2367 2366
f 2365 2363 2366
f 2366 2368 2365
f 2368 2366 2367
f 890 2367 840
f 2367 2369 2368
f 2369 2367 890
f 2348 868 2370
f 2348 2370 2342
f 2342 2347 2348
f 2342 2341 2347
f 2346 2343 2342
f 2370 2346 2342
f 2345 2346 2370
f 868 2345 2370
f 2344 2345 868
f 862 2344 868
f 2372 2373 2371
f 2373 2375 2374
f 2375 2372 2376
f 2372 2375 2373
f 2378 2379 2377
f 2379 2381 2380
f 2381 2378 2374
f 2378 2381 2379
f 2383 2384 2382
f 2384 2379 2380
f 2379 2383 2377
f 2383 2379 2384
f 2383 2316 2377
f 2317 2383 2382
f 2383 2317 2316
f 2385 2386 2371
f 2385 2387 2386
f 2387 2385 2388
f 2389 2375 2376
f 2375 2390 2374
f 2390 2389 2391
f 2389 2390 2375
f 2380 2390 2391
f 2390 2381 2374
f 2381 2390 2380
f 2386 2372 2371
f 2372 2392 2376
f 2392 2372 2386
f 2393 2377 2316
f 2395 2371 2394
f 2385 2371 2395
f 2396 2373 2374
f 2371 2396 2394
f 2396 2371 2373
f 2394 2396 2397
f 2378 2377 2374
f 2377 2396 2374
f 2396 2393 2397
f 2393 2396 2377
f 2399 2267 2398
f 2267 2266 2398
f 2266 2400 2398
f 2401 2399 2398
f 2399 2401 2402
f 2400 2401 2398
f 2320 2402 2401
f 2402 2320 2319
f 2403 2317 2382
f 2315 2317 2403
f 2405 2406 2404
f 2406 2407 2404
f 2387 2406 2386
f 2406 2387 2407
f 2408 2407 2387
f 2315 2409 2319
f 2409 2315 2410
f 2409 2402 2319
f 2411 2409 2410
f 2409 2411 2402
f 2283 2411 2281
f 2411 2399 2402
f 2399 2283 2267
f 2283 2399 2411
f 2412 2413 2279
f 2415 2412 2414
f 2412 2415 2413
f 2412 2279 2278
f 2417 2418 2416
f 2418 2278 2281
f 2417 2278 2418
f 2417 2412 2278
f 2414 2417 2416
f 2417 2414 2412
f 2420 2421 2419
f 2421 2414 2416
f 2420 2414 2421
f 2422 2420 2419
f 2420 2423 2414
f 2422 2423 2420
f 2424 2423 2422
f 2423 2424 2415
f 2423 2415 2414
f 2403 2410 2315
f 2410 2403 2425
f 2425 2403 2382
f 2426 2380 2391
f 2384 2426 2382
f 2426 2384 2380
f 2426 2425 2382
f 2427 2428 2419
f 2428 2426 2391
f 2426 2427 2425
f 2427 2426 2428
f 2421 2427 2419
f 2427 2429 2425
f 2429 2421 2416
f 2421 2429 2427
f 2430 2411 2410
f 2411 2418 2281
f 2418 2430 2416
f 2430 2418 2411
f 2430 2429 2416
f 2429 2410 2425
f 2430 2410 2429
f 2389 2428 2391
f 2428 2431 2419
f 2431 2389 2376
f 2389 2431 2428
f 2432 2406 2405
f 2406 2432 2386
f 2433 2432 2405
f 2435 2433 2434
f 2433 2435 2432
f 2424 2435 2434
f 2436 2435 2424
f 2436 2424 2422
f 2436 2422 2419
f 2431 2436 2419
f 2436 2437 2435
f 2437 2431 2376
f 2431 2437 2436
f 2392 2437 2376
f 2437 2432 2435
f 2432 2392 2386
f 2392 2432 2437
f 2433 1436 2434
f 2405 1436 2433
f 2405 2404 1436
f 2438 2424 2434
f 2438 1436 2439
f 1436 2438 2434
f 2413 1435 2279
f 2413 2438 2439
f 2438 2415 2424
f 2413 2415 2438
f 2413 2439 1435
f 1435 2439 1436
f 2441 2442 2440
f 2442 2443 2321
f 2443 2442 2441
f 2442 2444 2440
f 2318 2320 2321
f 2445 2321 2320
f 2445 2320 2446
f 2447 2316 2443
f 2321 2443 2316
f 2448 2445 2446
f 2445 2442 2321
f 2442 2448 2444
f 2448 2442 2445
f 2449 2448 2446
f 2448 2450 2444
f 2450 2449 2451
f 2449 2450 2448
f 2447 2393 2316
f 2452 2447 2443
f 2447 2453 2393
f 2453 2452 2454
f 2452 2453 2447
f 2441 2452 2443
f 2454 2441 2455
f 2441 2454 2452
f 2457 2455 2456
f 2455 2457 2454
f 2458 2394 2397
f 2385 2395 2459
f 2395 2394 2458
f 2460 2458 2397
f 2461 2458 2460
f 2385 2462 2388
f 2463 2385 2459
f 2385 2463 2462
f 2393 2464 2397
f 2464 2453 2454
f 2453 2464 2393
f 2464 2460 2397
f 2460 2464 2454
f 2460 2457 2456
f 2457 2460 2454
f 2400 2466 2465
f 2467 2400 2465
f 2400 2467 2401
f 2401 2467 2468
f 2401 2469 2320
f 2469 2468 2470
f 2468 2469 2401
f 2320 2469 2446
f 2469 2449 2446
f 2449 2470 2451
f 2470 2449 2469
f 2466 2400 2304
f 2309 2471 2308
f 2471 2473 2472
f 2473 2471 2309
f 2474 2466 2304
f 2476 2466 2475
f 2475 2474 2472
f 2474 2475 2466
f 2295 2474 2304
f 2474 2295 2472
f 2471 2311 2308
f 2311 2297 2298
f 2297 2471 2295
f 2471 2297 2311
f 2295 2471 2472
f 2311 2310 2308
f 2400 2266 2304
f 2478 2479 2477
f 2477 2480 2478
f 2450 2451 2481
f 2481 2444 2450
f 2483 2481 2482
f 2479 2483 2482
f 2482 2481 2451
f 2484 2479 2482
f 2456 2455 2485
f 2485 2486 2456
f 2487 2456 2486
f 2487 2486 2488
f 2488 2480 2487
f 2489 2479 2484
f 2490 2489 2484
f 2489 2477 2479
f 1184 2489 2490
f 1185 2477 2489
f 1184 1185 2489
f 2491 2487 2480
f 2477 2491 2480
f 1187 2491 2477
f 1185 1187 2477
f 2133 2134 2492
f 2134 2136 2492
f 2488 2486 2492
f 2493 2492 2136
f 2492 2493 2488
f 2480 2488 2493
f 2136 2141 2493
f 2494 2495 2149
f 2495 2141 2149
f 2479 2478 2494
f 2478 2495 2494
f 2495 2493 2141
f 2495 2478 2493
f 2480 2493 2478
f 2496 2494 2149
f 2496 2483 2494
f 2483 2479 2494
f 2169 2496 2149
f 2168 2497 2169
f 2497 2496 2169
f 2497 2481 2496
f 2481 2483 2496
f 2168 2173 2497
f 2498 2497 2173
f 2497 2498 2481
f 2444 2481 2498
f 2173 2174 2498
f 2499 2498 2174
f 2498 2499 2444
f 2444 2499 2440
f 2152 2500 2174
f 2500 2499 2174
f 2500 2440 2499
f 2501 2500 2152
f 2500 2501 2440
f 2440 2501 2455
f 2455 2441 2440
f 2152 2153 2501
f 2502 2501 2153
f 2501 2502 2455
f 2485 2455 2502
f 2159 2502 2153
f 2486 2485 2502
f 2159 2133 2502
f 2492 2502 2133
f 2502 2492 2486
f 2503 2504 2476
f 2504 2505 2476
f 2476 2505 2466
f 2505 2506 2466
f 2466 2506 2465
f 2507 2465 2506
f 2465 2507 2508
f 2508 2467 2465
f 2467 2508 2509
f 2509 2468 2467
f 2468 2509 2510
f 2510 2470 2468
f 2470 2510 2511
f 2511 2512 2470
f 2512 2511 2513
f 2513 2484 2512
f 2513 2514 2484
f 2514 2513 2515
f 2515 2516 2514
f 2516 2515 1214
f 1214 1215 2516
f 2517 1216 1219
f 1219 2518 2517
f 2503 2517 2518
f 2518 2519 2503
f 2518 1219 1222
f 1222 2520 2518
f 2519 2518 2520
f 2520 2521 2519
f 2520 1222 1225
f 1225 2522 2520
f 2521 2520 2522
f 2522 2353 2521
f 1225 2352 2522
f 2353 2522 2352
f 2523 2521 2353
f 2356 2523 2353
f 2524 2523 2356
f 2357 2524 2356
f 2525 2519 2521
f 2523 2525 2521
f 2504 2503 2519
f 2525 2504 2519
f 2526 2525 2523
f 2524 2526 2523
f 2505 2504 2525
f 2526 2505 2525
f 2354 2527 2357
f 2527 2524 2357
f 2358 2527 2354
f 2528 2526 2524
f 2527 2528 2524
f 2506 2505 2526
f 2528 2506 2526
f 2529 2527 2358
f 2360 2529 2358
f 2529 2530 2527
f 2531 2528 2527
f 2530 2531 2527
f 2507 2506 2528
f 2531 2507 2528
f 2529 2360 2361
f 2531 2508 2507
f 2530 2532 2531
f 2508 2531 2532
f 2529 2533 2530
f 2361 2534 2529
f 2533 2529 2534
f 2532 2530 2533
f 2532 2509 2508
f 2533 2509 2532
f 2534 2361 2364
f 2534 2535 2533
f 2364 2536 2534
f 2535 2534 2536
f 2509 2533 2535
f 2535 2537 2509
f 2510 2509 2537
f 2536 2364 2365
f 2365 2538 2536
f 2535 2536 2538
f 2538 2539 2535
f 2537 2535 2539
f 2537 2511 2510
f 2539 2540 2537
f 2511 2537 2540
f 2538 2365 2368
f 2368 2541 2538
f 2539 2538 2541
f 2541 2542 2539
f 2540 2513 2511
f 2540 2539 2542
f 2541 2368 2369
f 2542 2541 2369
f 890 1248 2369
f 2542 2369 1248
f 1248 1249 2542
f 2542 2543 2540
f 2513 2540 2543
f 2543 2515 2513
f 2543 2542 1249
f 1249 1251 2543
f 2515 2543 1251
f 1251 1214 2515
f 2545 2546 2544
f 2547 2545 2544
f 2548 2388 2462
f 2462 2463 2548
f 2547 2548 2463
f 2549 2547 2463
f 2545 2547 2549
f 2550 2545 2549
f 2551 2545 2550
f 1420 1333 2551
f 2552 2551 1333
f 2546 2545 2551
f 2552 2546 2551
f 2553 2552 1333
f 1335 2553 1333
f 2554 2546 2552
f 2553 2554 2552
f 2395 2458 2459
f 2461 2459 2458
f 2555 2556 2461
f 2459 2461 2556
f 2556 2557 2459
f 2558 2556 2555
f 2559 2558 2555
f 2560 2557 2556
f 2558 2560 2556
f 2549 2463 2459
f 2557 2549 2459
f 2550 2549 2557
f 2560 2550 2557
f 2561 2558 2559
f 2562 2561 2559
f 2563 2560 2558
f 2561 2563 2558
f 1418 2561 2562
f 1419 1418 2562
f 1420 2563 2561
f 1418 1420 2561
f 2551 2550 2560
f 2563 2551 2560
f 1420 2551 2563
f 2555 2461 2460
f 2460 2456 2555
f 2559 2555 2456
f 2487 2559 2456
f 2562 2559 2487
f 2491 2562 2487
f 1419 2562 2491
f 1187 1419 2491
f 2512 2451 2470
f 2482 2451 2512
f 2484 2482 2512
f 2484 2514 2516
f 2516 2490 2484
f 2490 2516 1215
f 1215 1184 2490
f 2565 2566 2564
f 2408 2568 2567
f 2569 2408 2388
f 2408 2569 2568
f 2408 2387 2388
f 2571 2572 2570
f 2572 2574 2573
f 2574 2571 2575
f 2571 2574 2572
f 2568 2576 2567
f 2576 2577 2575
f 2577 2568 2578
f 2568 2577 2576
f 2579 2577 2578
f 2577 2574 2575
f 2574 2579 2573
f 2579 2574 2577
f 2580 2581 2570
f 2581 2583 2582
f 2583 2580 2584
f 2580 2583 2581
f 2572 2580 2570
f 2580 2585 2584
f 2585 2572 2573
f 2572 2585 2580
f 2586 2587 2584
f 2587 2586 2588
f 2589 2587 2588
f 2587 2583 2584
f 2583 2589 2582
f 2589 2583 2587
f 2591 2592 2590
f 2593 2591 2590
f 2586 2593 2588
f 2593 2586 2591
f 2578 2595 2594
f 2578 2568 2595
f 2568 2596 2595
f 2596 2568 2569
f 2598 2599 2597
f 2599 2600 2573
f 2600 2598 2601
f 2598 2600 2599
f 2602 2599 2573
f 2597 2602 2603
f 2602 2597 2599
f 2602 2579 2578
f 2579 2602 2573
f 2602 2594 2603
f 2578 2594 2602
f 2604 2605 2601
f 2605 2606 2584
f 2606 2604 2607
f 2604 2606 2605
f 2585 2605 2584
f 2605 2600 2601
f 2600 2585 2573
f 2585 2600 2605
f 2606 2586 2584
f 2586 2606 2607
f 2608 2564 2476
f 2608 2565 2564
f 2609 2566 2565
f 2611 2265 2610
f 2613 2611 2612
f 2611 2264 2265
f 2264 2613 2614
f 2613 2264 2611
f 2616 2617 2615
f 2617 2616 2610
f 2611 2618 2612
f 2616 2611 2610
f 2611 2616 2618
f 2618 2619 2612
f 2619 2621 2620
f 2621 2618 2616
f 2618 2621 2619
f 2623 2624 2622
f 2624 2626 2625
f 2626 2623 2620
f 2623 2626 2624
f 2625 2616 2615
f 2621 2626 2620
f 2625 2621 2616
f 2621 2625 2626
f 2628 2615 2627
f 2615 2628 2625
f 2629 2624 2625
f 2628 2629 2625
f 2630 2628 2627
f 2628 2630 2631
f 2632 2608 2476
f 2608 2632 2633
f 2565 2630 2627
f 2630 2565 2631
f 2565 2634 2631
f 2634 2608 2633
f 2608 2634 2565
f 2636 2590 2635
f 2636 2565 2627
f 2609 2636 2635
f 2636 2609 2565
f 2592 2635 2590
f 2617 2637 2615
f 2637 2617 2610
f 2639 2640 2638
f 2639 2637 2640
f 2615 2636 2627
f 2641 2639 2638
f 2639 2641 2590
f 2637 2636 2615
f 2637 2639 2636
f 2639 2590 2636
f 2407 2567 2642
f 2407 2408 2567
f 2643 2571 2570
f 2575 2643 2644
f 2643 2575 2571
f 2642 2575 2644
f 2576 2575 2642
f 2567 2576 2642
f 2593 2641 2588
f 2593 2590 2641
f 2645 2407 2642
f 2407 2645 2404
f 1436 2645 2646
f 2645 1436 2404
f 1437 1436 2646
f 2647 2643 2570
f 2643 2648 2644
f 2648 2647 2649
f 2647 2648 2643
f 2581 2647 2570
f 2647 2650 2649
f 2650 2581 2582
f 2581 2650 2647
f 1437 2651 2649
f 2651 1437 2646
f 2648 2642 2644
f 2645 2648 2646
f 2648 2645 2642
f 2648 2651 2646
f 2651 2648 2649
f 2289 2653 2652
f 2653 2288 2292
f 2289 2288 2653
f 2294 2610 2265
f 2264 2614 2292
f 2653 2654 2652
f 2614 2613 2612
f 2654 2614 2612
f 2614 2653 2292
f 2653 2614 2654
f 2655 2656 2652
f 2656 2658 2657
f 2658 2655 2622
f 2655 2658 2656
f 2654 2655 2652
f 2620 2623 2622
f 2655 2620 2622
f 2620 2654 2612
f 2619 2620 2612
f 2654 2620 2655
f 2659 2622 2624
f 2624 2629 2659
f 2659 2631 2660
f 2631 2659 2629
f 2628 2631 2629
f 2661 2658 2622
f 2658 2662 2657
f 2662 2661 2309
f 2661 2662 2658
f 2661 2663 2309
f 2663 2659 2660
f 2659 2661 2622
f 2661 2659 2663
f 2663 2473 2309
f 2473 2664 2472
f 2664 2663 2660
f 2663 2664 2473
f 2634 2633 2660
f 2631 2634 2660
f 2633 2664 2660
f 2664 2475 2472
f 2632 2476 2475
f 2475 2633 2632
f 2633 2475 2664
f 2307 2289 2652
f 2662 2307 2657
f 2309 2307 2662
f 2656 2307 2652
f 2307 2656 2657
f 2637 2610 2640
f 2665 2640 2610
f 2666 2638 2640
f 2666 2665 2667
f 2665 2666 2640
f 2668 2665 2610
f 2665 2669 2667
f 2669 2668 2670
f 2668 2669 2665
f 2294 2668 2610
f 2668 2312 2670
f 2294 2312 2668
f 2312 2314 2670
f 2671 2582 2589
f 2589 2588 2671
f 2666 2667 2671
f 2638 2666 2671
f 2641 2638 2671
f 2588 2641 2671
f 2582 2671 2649
f 2649 2650 2582
f 1437 2649 2671
f 2672 1437 2671
f 2670 2314 1434
f 2670 1434 1437
f 1437 2672 2670
f 2672 2671 2667
f 2669 2670 2672
f 2667 2669 2672
f 2476 2673 2503
f 2674 1432 1216
f 1216 2517 2674
f 2673 2674 2517
f 2517 2503 2673
f 2675 2176 2206
f 2677 2678 2676
f 2680 2177 2679
f 2679 2177 2681
f 2177 2682 2681
f 2683 2681 2682
f 2685 2683 2684
f 2686 2685 1439
f 2685 2684 1439
f 1438 2686 1439
f 2688 1438 2687
f 2689 2688 2687
f 2690 2689 2687
f 2691 2689 2690
f 2692 2691 2690
f 2693 2691 2692
f 2694 2695 2693
f 2694 2696 2695
f 2695 2696 2697
f 2696 2677 2697
f 2697 2677 2676
f 2677 2698 2678
f 2678 2698 2699
f 2698 2180 2699
f 2700 2696 2694
f 2701 2698 2677
f 2677 2696 2701
f 2682 2177 2176
f 2683 2682 2176
f 2684 2683 2702
f 2702 1439 2684
f 2679 2681 2703
f 2681 2683 2703
f 2705 2706 2704
f 2706 2705 2707
f 2704 2708 2691
f 2706 2708 2704
f 2691 2708 2689
f 2708 2709 2689
f 2709 2688 2689
f 2710 2688 2709
f 2688 2710 1438
f 1438 2711 2686
f 2710 2711 1438
f 2711 2712 2686
f 2678 2713 2676
f 2713 2678 2699
f 2713 2707 2676
f 2707 2705 2676
f 2705 2704 2697
f 2704 2695 2697
f 2704 2693 2695
f 2691 2693 2704
f 2686 2712 2685
f 2683 2685 2712
f 2712 2703 2683
f 2676 2705 2697
f 2680 2699 2197
f 2714 8 2207
f 2716 2717 2715
f 2718 2716 2715
f 2719 2716 2718
f 2720 2721 2717
f 2716 2720 2717
f 2719 2720 2716
f 2720 2722 2721
f 2723 2722 2720
f 2719 2723 2720
f 2724 2725 2721
f 2722 2724 2721
f 2554 2724 2722
f 2723 2554 2722
f 2544 2723 2719
f 2548 2544 2719
f 2547 2544 2548
f 2546 2554 2723
f 2544 2546 2723
f 2726 2727 2715
f 2728 2726 2715
f 2726 2729 2727
f 2726 2728 2730
f 2730 2731 2726
f 2729 2726 2731
f 2732 2727 2729
f 2729 2733 2732
f 2734 2732 2733
f 2733 2735 2734
f 2733 2729 2731
f 2735 2733 2731
f 2731 2736 2735
f 2731 2730 2737
f 2737 2738 2731
f 2738 2737 2739
f 2738 2740 2731
f 2740 2736 2731
f 2739 2740 2738
f 2732 2734 2741
f 2741 2742 2732
f 2727 2732 2742
f 2742 2743 2727
f 2742 2741 2744
f 2743 2742 2744
f 2743 2718 2727
f 2718 2715 2727
f 2745 2718 2743
f 2744 2745 2743
f 2745 2719 2718
f 2746 2745 2744
f 2596 2746 2744
f 2548 2719 2745
f 2746 2548 2745
f 2569 2388 2596
f 2746 2596 2388
f 2548 2746 2388
f 2724 2554 2553
f 2747 2553 1335
f 1338 2747 1335
f 2725 2724 2553
f 2747 2725 2553
f 2748 2747 1338
f 2749 2725 2747
f 2748 2749 2747
f 2750 2748 1338
f 1342 2750 1338
f 2750 1342 8
f 8 2751 2750
f 2748 2750 2751
f 2752 2748 2751
f 2749 2748 2752
f 2752 2753 2749
f 2725 2749 2753
f 2753 2721 2725
f 2737 2751 2714
f 2739 2737 2714
f 2752 2751 2737
f 2730 2752 2737
f 2752 2728 2753
f 2721 2753 2728
f 2728 2717 2721
f 2728 2752 2730
f 2728 2715 2717
f 2207 2739 2714
f 2207 2228 2739
f 2232 2754 2228
f 2739 2228 2754
f 2754 2755 2739
f 2754 2232 2234
f 2234 2756 2754
f 2755 2754 2756
f 2756 2757 2755
f 2701 2758 2757
f 2758 2755 2757
f 2759 2758 2701
f 2696 2759 2701
f 2740 2739 2755
f 2758 2740 2755
f 2759 2736 2758
f 2736 2740 2758
f 2700 2759 2696
f 2694 2693 2700
f 2700 2760 2759
f 2700 2693 2761
f 2761 2762 2700
f 2760 2700 2762
f 2760 2736 2759
f 2760 2735 2736
f 2762 2763 2760
f 2735 2760 2763
f 2763 2734 2735
f 2761 2764 2762
f 2764 2761 2765
f 2765 2766 2764
f 2766 2767 2764
f 2763 2762 2764
f 2764 2768 2763
f 2734 2763 2768
f 2768 2741 2734
f 2768 2764 2767
f 2767 2769 2768
f 2741 2768 2769
f 2769 2744 2741
f 2766 2765 2770
f 2770 2771 2766
f 2767 2766 2771
f 2771 2596 2767
f 2771 2770 2603
f 2603 2595 2771
f 2596 2771 2595
f 2769 2767 2596
f 2744 2769 2596
f 2595 2603 2594
f 2714 2751 8
f 2234 2193 2772
f 2772 2756 2234
f 2193 2181 2772
f 2181 2757 2772
f 2756 2772 2757
f 2698 2757 2181
f 2698 2181 2180
f 2698 2701 2757
f 2699 2180 2197
f 2675 2683 2176
f 2680 2197 2177
f 2683 2675 2702
f 2761 2693 2692
f 2692 2690 2761
f 1439 2702 2773
f 1439 2773 2774
f 2774 1441 1439
f 1441 2775 1440
f 2687 1438 1440
f 2690 2687 1440
f 1440 2776 2690
f 2761 2690 2776
f 2776 1440 2775
f 2775 2777 2776
f 2761 2776 2777
f 2777 2765 2761
f 1441 2774 2778
f 2778 2779 1441
f 2775 1441 2779
f 2779 2780 2775
f 2779 2778 2781
f 2781 2782 2779
f 2780 2779 2782
f 2782 2783 2780
f 2777 2775 2780
f 2780 2784 2777
f 2765 2777 2784
f 2784 2770 2765
f 2784 2780 2783
f 2783 2785 2784
f 2770 2784 2785
f 2785 2603 2770
f 2782 2781 2786
f 2786 2787 2782
f 2783 2782 2787
f 2787 2597 2783
f 2785 2783 2597
f 2603 2785 2597
f 1385 2206 17
f 1385 2675 2206
f 2702 2675 1385
f 1386 2702 1385
f 1387 2788 1386
f 2702 1386 2788
f 2788 2773 2702
f 1389 2789 2788
f 1389 2788 1387
f 2773 2788 2789
f 2789 2774 2773
f 2789 1389 1391
f 1391 2790 2789
f 2774 2789 2790
f 2790 2778 2774
f 2790 1391 1393
f 1393 2791 2790
f 2778 2790 2791
f 2791 2781 2778
f 2791 1393 1395
f 1395 2792 2791
f 2781 2791 2792
f 2792 2786 2781
f 2794 2795 2793
f 2706 2707 2796
f 2796 2797 2706
f 2706 2797 2708
f 2797 2794 2708
f 2708 2794 2709
f 2794 2793 2709
f 2710 2709 2793
f 2793 2795 2710
f 2710 2795 2711
f 2795 2798 2711
f 2798 2799 2711
f 2711 2799 2712
f 2703 2712 2800
f 2799 2800 2712
f 2679 2703 2800
f 2800 2801 2679
f 2680 2679 2801
f 2801 2802 2680
f 2699 2680 2802
f 2699 2802 2713
f 2802 2803 2713
f 2713 2803 2707
f 2803 2796 2707
f 2787 2786 2804
f 2804 2601 2787
f 2787 2601 2598
f 2598 2597 2787
f 2804 2607 2604
f 2604 2601 2804
f 2564 2566 2673
f 2673 2476 2564
f 2792 1395 1422
f 1422 2805 2792
f 2786 2792 2805
f 2805 2804 2786
f 2805 1422 1423
f 2805 2607 2804
f 2805 1423 1425
f 1425 2806 2805
f 2607 2805 2806
f 2806 2586 2607
f 2806 1425 1427
f 1427 2807 2806
f 2586 2806 2807
f 2591 2586 2807
f 2807 1427 1429
f 1429 2808 2807
f 2591 2807 2808
f 2592 2591 2808
f 1429 2809 2808
f 2592 2808 2809
f 2635 2592 2809
f 2809 2609 2635
f 2809 1429 1432
f 1432 2810 2809
f 2609 2809 2810
f 2566 2609 2810
f 1432 2674 2810
f 2566 2810 2674
f 2674 2673 2566
f 1059 1058 1070
f 1060 1058 1059
f 1369 1263 1264
f 1263 1369 1371
f 22 23 21
f 23 24 21
f 26 24 25
f 24 23 25
f 26 25 27
f 28 27 25
f 30 27 29
f 28 29 27
f 22 31 23
f 23 31 25
f 29 28 31
f 25 31 28
f 32 33 21
f 22 21 33
f 35 33 34
f 35 34 36
f 37 35 36
f 36 38 37
f 38 36 39
f 40 38 39
f 40 39 41
f 40 42 38
f 30 44 43
f 44 45 43
f 47 45 46
f 44 46 45
f 46 48 47
f 48 49 47
f 48 50 49
f 49 50 51
f 50 52 51
f 52 53 51
f 53 54 51
f 53 55 54
f 54 55 56
f 57 56 55
f 59 56 58
f 56 57 58
f 58 60 59
f 60 61 59
f 61 62 59
f 61 63 62
f 62 63 41
f 40 41 63
f 39 36 64
f 65 39 64
f 41 39 65
f 66 41 65
f 62 41 66
f 67 62 66
f 59 62 67
f 68 59 67
f 69 56 59
f 68 69 59
f 70 54 56
f 69 70 56
f 71 51 54
f 70 71 54
f 72 49 51
f 71 72 51
f 47 49 72
f 72 73 47
f 45 47 73
f 73 74 45
f 43 45 74
f 74 75 43
f 30 43 75
f 27 30 75
f 75 76 27
f 26 27 76
f 76 77 26
f 21 79 78
f 78 32 21
f 32 78 80
f 80 33 32
f 33 80 81
f 81 34 33
f 34 81 64
f 64 36 34
f 79 21 24
f 24 82 79
f 82 24 26
f 26 77 82
f 84 85 83
f 84 86 85
f 85 86 87
f 86 88 87
f 88 89 87
f 88 90 89
f 90 91 89
f 89 91 92
f 92 93 89
f 94 83 85
f 95 84 96
f 84 83 96
f 42 97 38
f 99 97 98
f 42 98 97
f 100 95 96
f 102 99 101
f 99 98 101
f 103 104 100
f 95 100 104
f 106 104 105
f 104 103 105
f 101 106 102
f 106 105 102
f 89 107 87
f 107 108 87
f 94 85 108
f 85 87 108
f 107 109 108
f 109 31 108
f 31 109 29
f 86 110 88
f 90 88 111
f 110 111 88
f 92 91 112
f 110 113 111
f 92 112 114
f 112 115 114
f 114 115 116
f 48 117 50
f 50 118 52
f 117 119 50
f 119 120 50
f 118 50 120
f 121 120 119
f 122 58 57
f 123 33 35
f 123 124 33
f 124 22 33
f 22 124 31
f 125 31 124
f 31 125 108
f 126 108 125
f 108 126 94
f 127 94 126
f 94 127 83
f 128 83 127
f 83 128 96
f 129 96 128
f 96 129 100
f 130 105 103
f 130 131 105
f 131 102 105
f 102 131 99
f 132 99 131
f 99 132 97
f 133 48 46
f 46 134 133
f 135 134 46
f 44 135 46
f 136 135 44
f 30 136 44
f 136 30 29
f 29 137 136
f 137 29 109
f 109 138 137
f 138 109 107
f 107 139 138
f 139 107 89
f 89 140 139
f 140 89 93
f 93 141 140
f 141 93 92
f 92 142 141
f 114 142 92
f 116 143 114
f 144 143 116
f 145 144 116
f 144 145 121
f 121 146 144
f 146 121 119
f 119 147 146
f 148 147 119
f 117 148 119
f 148 117 48
f 48 133 148
f 149 55 53
f 149 150 55
f 150 57 55
f 57 150 122
f 151 122 150
f 122 151 113
f 152 113 151
f 113 152 111
f 153 111 152
f 111 153 90
f 154 90 153
f 90 154 91
f 155 91 154
f 91 155 112
f 60 156 61
f 58 157 60
f 157 156 60
f 58 122 157
f 158 157 122
f 122 113 158
f 159 158 113
f 113 110 159
f 160 159 110
f 110 86 160
f 161 160 86
f 86 84 161
f 162 161 84
f 95 163 84
f 163 162 84
f 104 164 95
f 164 163 95
f 106 165 104
f 165 164 104
f 101 166 106
f 166 165 106
f 101 98 166
f 167 166 98
f 98 42 167
f 169 170 168
f 170 171 168
f 172 170 169
f 173 174 172
f 173 175 174
f 176 174 175
f 177 178 175
f 178 176 175
f 179 178 177
f 177 180 179
f 180 181 179
f 171 181 168
f 169 168 182
f 182 183 169
f 172 169 183
f 183 184 172
f 173 172 184
f 184 185 173
f 175 173 185
f 186 177 185
f 177 175 185
f 186 187 177
f 180 177 187
f 188 181 187
f 181 180 187
f 182 168 188
f 168 181 188
f 189 190 182
f 183 182 190
f 191 183 190
f 191 184 183
f 192 185 191
f 185 184 191
f 186 185 192
f 192 187 186
f 192 189 187
f 189 188 187
f 189 182 188
f 193 190 189
f 193 191 190
f 193 192 191
f 193 189 192
f 170 195 194
f 195 170 196
f 172 196 170
f 196 172 197
f 174 197 172
f 174 198 197
f 198 174 199
f 176 199 174
f 199 176 200
f 176 178 200
f 178 201 200
f 178 179 201
f 179 202 201
f 202 179 203
f 179 181 203
f 181 204 203
f 181 205 204
f 181 171 205
f 171 206 205
f 171 170 206
f 170 194 206
f 208 194 207
f 195 207 194
f 195 196 207
f 196 209 207
f 209 196 210
f 210 196 211
f 197 211 196
f 197 212 211
f 197 198 212
f 198 213 212
f 213 198 214
f 199 214 198
f 214 199 215
f 200 215 199
f 200 201 215
f 201 216 215
f 201 202 216
f 202 217 216
f 217 202 218
f 203 218 202
f 203 204 218
f 204 219 218
f 204 205 219
f 205 220 219
f 220 205 221
f 206 221 205
f 221 206 208
f 194 208 206
f 207 222 208
f 222 207 223
f 209 223 207
f 209 210 223
f 210 224 223
f 210 211 224
f 211 225 224
f 225 211 226
f 212 226 211
f 226 212 227
f 213 227 212
f 213 214 227
f 214 228 227
f 214 215 228
f 215 229 228
f 215 216 229
f 229 216 230
f 217 230 216
f 217 218 230
f 218 231 230
f 218 232 231
f 232 218 233
f 219 233 218
f 233 219 234
f 220 234 219
f 220 221 234
f 221 235 234
f 221 208 235
f 208 222 235
f 222 237 236
f 222 223 237
f 223 238 237
f 223 224 238
f 224 239 238
f 224 225 239
f 239 225 240
f 226 240 225
f 240 226 241
f 227 241 226
f 241 227 242
f 228 242 227
f 242 228 243
f 229 243 228
f 229 244 243
f 229 230 244
f 230 245 244
f 230 231 245
f 231 246 245
f 231 232 246
f 232 247 246
f 233 247 232
f 247 233 248
f 234 248 233
f 248 234 249
f 235 249 234
f 249 235 236
f 222 236 235
f 238 250 237
f 250 238 251
f 239 251 238
f 251 239 252
f 252 239 253
f 240 253 239
f 253 240 254
f 241 254 240
f 254 241 242
f 245 255 244
f 255 245 256
f 246 256 245
f 256 246 257
f 247 257 246
f 257 247 258
f 247 248 258
f 248 259 258
f 248 249 259
f 236 237 260
f 237 261 260
f 237 250 261
f 250 262 261
f 250 251 262
f 251 263 262
f 251 252 263
f 252 264 263
f 264 252 265
f 253 265 252
f 265 253 266
f 254 266 253
f 266 254 267
f 242 267 254
f 267 242 268
f 243 268 242
f 243 244 268
f 244 269 268
f 244 255 269
f 256 270 255
f 270 256 271
f 257 271 256
f 271 257 272
f 258 272 257
f 272 258 273
f 259 273 258
f 273 259 274
f 249 274 259
f 274 249 260
f 236 260 249
f 260 261 275
f 261 276 275
f 276 261 277
f 262 277 261
f 262 263 277
f 263 278 277
f 263 264 278
f 264 279 278
f 264 265 279
f 265 280 279
f 265 266 280
f 266 281 280
f 266 267 281
f 255 282 269
f 255 270 282
f 270 283 282
f 270 271 283
f 271 284 283
f 284 271 285
f 272 285 271
f 285 272 286
f 273 286 272
f 286 273 287
f 274 287 273
f 274 260 287
f 260 275 287
f 37 275 35
f 276 35 275
f 35 276 123
f 277 123 276
f 123 277 124
f 278 124 277
f 124 278 125
f 279 125 278
f 125 279 126
f 280 126 279
f 126 280 127
f 281 127 280
f 127 281 128
f 267 128 281
f 128 267 129
f 268 129 267
f 268 269 129
f 269 100 129
f 269 282 100
f 282 103 100
f 282 283 103
f 283 130 103
f 283 284 130
f 284 131 130
f 284 285 131
f 285 132 131
f 285 286 132
f 286 97 132
f 286 287 97
f 287 38 97
f 38 287 37
f 275 37 287
f 289 290 288
f 291 289 288
f 289 292 290
f 293 294 290
f 292 293 290
f 293 295 294
f 293 296 295
f 297 295 296
f 296 298 297
f 299 300 297
f 298 299 297
f 299 301 300
f 302 300 301
f 301 303 302
f 304 302 303
f 303 291 304
f 288 304 291
f 288 290 305
f 306 305 290
f 290 294 306
f 307 306 294
f 294 295 307
f 308 307 295
f 295 297 308
f 309 308 297
f 300 310 309
f 297 300 309
f 311 310 300
f 300 302 311
f 304 312 311
f 302 304 311
f 288 305 312
f 304 288 312
f 313 314 305
f 305 306 313
f 306 315 313
f 307 315 306
f 308 315 307
f 308 316 315
f 308 309 316
f 309 310 316
f 317 316 310
f 311 317 310
f 312 317 311
f 314 317 312
f 305 314 312
f 313 318 314
f 315 318 313
f 316 318 315
f 317 318 316
f 314 318 317
f 292 289 319
f 320 292 319
f 292 320 321
f 321 293 292
f 293 321 322
f 296 293 322
f 323 296 322
f 324 296 323
f 296 324 325
f 325 298 296
f 298 325 326
f 299 298 326
f 327 299 326
f 301 299 327
f 328 301 327
f 301 328 329
f 303 301 329
f 330 303 329
f 291 303 330
f 331 291 330
f 332 291 331
f 289 291 332
f 319 289 332
f 319 334 333
f 333 320 319
f 321 320 333
f 335 321 333
f 321 335 336
f 336 322 321
f 322 336 337
f 323 322 337
f 338 323 337
f 324 323 338
f 339 324 338
f 324 339 340
f 340 325 324
f 325 340 341
f 341 326 325
f 327 326 341
f 342 327 341
f 328 327 342
f 343 328 342
f 328 343 344
f 344 329 328
f 329 344 345
f 330 329 345
f 331 330 345
f 346 331 345
f 331 346 347
f 347 332 331
f 332 347 334
f 334 319 332
f 348 333 334
f 333 348 349
f 349 335 333
f 336 335 349
f 350 336 349
f 337 336 350
f 351 337 350
f 337 351 352
f 352 338 337
f 338 352 353
f 353 339 338
f 340 339 353
f 354 340 353
f 341 340 354
f 355 341 354
f 342 341 355
f 342 355 356
f 356 343 342
f 344 343 356
f 357 344 356
f 345 344 357
f 358 345 357
f 345 358 359
f 345 359 360
f 360 346 345
f 347 346 360
f 361 347 360
f 334 347 361
f 348 334 361
f 363 348 362
f 349 348 363
f 364 349 363
f 350 349 364
f 365 350 364
f 351 350 365
f 366 351 365
f 351 366 367
f 367 352 351
f 352 367 368
f 368 353 352
f 353 368 369
f 369 354 353
f 354 369 370
f 370 355 354
f 371 355 370
f 356 355 371
f 372 356 371
f 357 356 372
f 373 357 372
f 358 357 373
f 374 358 373
f 374 359 358
f 359 374 375
f 375 360 359
f 360 375 376
f 376 361 360
f 361 376 362
f 362 348 361
f 377 364 363
f 364 377 378
f 378 365 364
f 365 378 379
f 379 366 365
f 366 379 380
f 380 367 366
f 367 380 381
f 381 368 367
f 368 381 369
f 382 372 371
f 372 382 383
f 383 373 372
f 373 383 384
f 384 374 373
f 374 384 385
f 375 374 385
f 363 362 386
f 387 363 386
f 377 363 387
f 388 377 387
f 378 377 388
f 389 378 388
f 379 378 389
f 390 379 389
f 379 390 391
f 391 380 379
f 380 391 392
f 392 381 380
f 381 392 393
f 393 369 381
f 369 393 394
f 394 370 369
f 371 370 394
f 395 371 394
f 382 371 395
f 396 383 382
f 383 396 397
f 397 384 383
f 384 397 398
f 398 385 384
f 385 398 399
f 399 375 385
f 375 399 400
f 400 376 375
f 376 400 386
f 386 362 376
f 387 386 401
f 402 387 401
f 387 402 403
f 403 388 387
f 389 388 403
f 404 389 403
f 390 389 404
f 405 390 404
f 391 390 405
f 406 391 405
f 392 391 406
f 407 392 406
f 393 392 407
f 408 382 395
f 396 382 408
f 409 396 408
f 397 396 409
f 410 397 409
f 397 410 411
f 411 398 397
f 398 411 412
f 412 399 398
f 399 412 413
f 413 400 399
f 386 400 413
f 401 386 413
f 401 133 134
f 134 402 401
f 402 134 135
f 135 403 402
f 403 135 136
f 136 404 403
f 404 136 137
f 137 405 404
f 405 137 138
f 138 406 405
f 406 138 139
f 139 407 406
f 407 139 140
f 140 393 407
f 393 140 141
f 141 394 393
f 395 394 141
f 142 395 141
f 408 395 142
f 114 408 142
f 409 408 114
f 143 409 114
f 410 409 143
f 144 410 143
f 411 410 144
f 146 411 144
f 412 411 146
f 147 412 146
f 413 412 147
f 148 413 147
f 413 148 133
f 133 401 413
f 415 416 414
f 416 417 414
f 418 416 415
f 419 420 415
f 420 418 415
f 421 420 419
f 422 421 419
f 422 423 421
f 424 421 423
f 423 425 424
f 426 424 425
f 425 427 426
f 428 426 427
f 427 429 428
f 430 428 429
f 417 430 429
f 429 414 417
f 415 414 431
f 431 432 415
f 419 415 432
f 432 433 419
f 422 419 433
f 433 434 422
f 423 422 434
f 434 435 423
f 425 423 435
f 436 425 435
f 427 425 436
f 436 437 427
f 429 427 437
f 438 429 437
f 431 414 438
f 414 429 438
f 440 432 439
f 432 431 439
f 440 433 432
f 440 441 433
f 441 434 433
f 442 434 441
f 435 434 442
f 436 435 442
f 442 443 436
f 443 437 436
f 443 438 437
f 443 439 438
f 439 431 438
f 444 440 439
f 444 441 440
f 444 442 441
f 444 443 442
f 444 439 443
f 416 418 445
f 418 446 445
f 446 418 447
f 420 447 418
f 447 420 448
f 421 448 420
f 421 449 448
f 421 450 449
f 450 421 451
f 424 451 421
f 451 424 452
f 424 426 452
f 426 453 452
f 426 428 453
f 428 454 453
f 454 428 455
f 428 430 455
f 430 456 455
f 430 417 456
f 417 457 456
f 417 458 457
f 417 416 458
f 416 445 458
f 460 445 459
f 446 459 445
f 446 447 459
f 447 461 459
f 461 447 462
f 448 462 447
f 462 448 463
f 448 449 463
f 449 464 463
f 449 450 464
f 450 465 464
f 465 450 466
f 451 466 450
f 466 451 467
f 452 467 451
f 452 453 467
f 453 468 467
f 453 454 468
f 454 469 468
f 469 454 470
f 455 470 454
f 470 455 471
f 455 456 471
f 456 457 471
f 457 472 471
f 472 457 473
f 458 473 457
f 473 458 460
f 445 460 458
f 459 474 460
f 474 459 475
f 461 475 459
f 461 462 475
f 462 476 475
f 462 463 476
f 463 477 476
f 477 463 478
f 464 478 463
f 478 464 479
f 465 479 464
f 465 466 479
f 466 480 479
f 466 467 480
f 467 481 480
f 467 468 481
f 481 468 482
f 469 482 468
f 469 470 482
f 470 483 482
f 470 471 483
f 471 484 483
f 484 471 485
f 485 471 486
f 472 486 471
f 472 473 486
f 473 487 486
f 473 460 487
f 460 474 487
f 474 489 488
f 474 475 489
f 475 490 489
f 475 476 490
f 476 491 490
f 476 477 491
f 491 477 492
f 478 492 477
f 492 478 493
f 479 493 478
f 493 479 494
f 480 494 479
f 494 480 495
f 481 495 480
f 481 496 495
f 481 482 496
f 482 497 496
f 482 483 497
f 483 498 497
f 483 484 498
f 484 499 498
f 485 499 484
f 499 485 500
f 486 500 485
f 500 486 501
f 487 501 486
f 501 487 488
f 474 488 487
f 491 502 490
f 502 491 503
f 503 491 504
f 492 504 491
f 504 492 505
f 493 505 492
f 505 493 494
f 497 506 496
f 506 497 507
f 498 507 497
f 507 498 508
f 499 508 498
f 508 499 509
f 499 500 509
f 500 510 509
f 500 501 510
f 488 489 511
f 489 512 511
f 489 490 512
f 490 513 512
f 490 502 513
f 502 514 513
f 502 503 514
f 503 515 514
f 515 503 516
f 504 516 503
f 516 504 517
f 505 517 504
f 517 505 518
f 494 518 505
f 518 494 519
f 495 519 494
f 495 496 519
f 496 520 519
f 496 506 520
f 506 521 520
f 521 506 522
f 507 522 506
f 522 507 523
f 508 523 507
f 523 508 524
f 509 524 508
f 524 509 525
f 510 525 509
f 525 510 526
f 501 526 510
f 526 501 511
f 488 511 501
f 511 512 527
f 512 528 527
f 528 512 529
f 513 529 512
f 513 514 529
f 514 530 529
f 514 515 530
f 515 531 530
f 515 516 531
f 516 532 531
f 516 517 532
f 517 533 532
f 517 518 533
f 522 534 521
f 522 523 534
f 523 535 534
f 535 523 536
f 524 536 523
f 536 524 537
f 525 537 524
f 537 525 538
f 526 538 525
f 526 511 538
f 511 527 538
f 52 527 53
f 528 53 527
f 53 528 149
f 529 149 528
f 149 529 150
f 530 150 529
f 150 530 151
f 531 151 530
f 151 531 152
f 532 152 531
f 152 532 153
f 533 153 532
f 153 533 154
f 518 154 533
f 154 518 155
f 519 155 518
f 519 520 155
f 520 112 155
f 520 521 112
f 521 115 112
f 521 534 115
f 534 116 115
f 534 535 116
f 535 145 116
f 535 536 145
f 536 121 145
f 536 537 121
f 537 120 121
f 537 538 120
f 538 118 120
f 118 538 52
f 527 52 538
f 540 541 539
f 541 542 539
f 543 542 541
f 543 544 542
f 544 545 542
f 544 546 545
f 546 547 545
f 547 546 548
f 549 548 546
f 549 550 548
f 550 551 548
f 550 552 551
f 552 553 551
f 552 554 553
f 554 555 553
f 554 556 555
f 540 539 556
f 539 542 557
f 557 542 558
f 542 545 558
f 558 545 559
f 547 559 545
f 559 547 560
f 548 560 547
f 560 548 561
f 548 551 561
f 551 553 561
f 553 562 561
f 553 555 562
f 555 563 562
f 555 556 563
f 556 539 563
f 539 557 563
f 557 565 564
f 557 558 565
f 558 559 565
f 559 566 565
f 560 566 559
f 560 567 566
f 560 561 567
f 567 561 568
f 562 568 561
f 568 562 564
f 563 564 562
f 557 564 563
f 565 569 564
f 566 569 565
f 567 569 566
f 568 569 567
f 564 569 568
f 571 543 570
f 543 541 570
f 572 544 571
f 544 543 571
f 572 573 544
f 546 544 573
f 574 546 573
f 575 546 574
f 575 576 546
f 549 546 576
f 576 577 549
f 578 550 577
f 550 549 577
f 579 552 578
f 552 550 578
f 580 552 579
f 581 554 580
f 554 552 580
f 582 556 581
f 556 554 581
f 582 583 556
f 540 556 583
f 583 570 540
f 541 540 570
f 585 571 584
f 571 570 584
f 586 572 585
f 572 571 585
f 586 587 572
f 573 572 587
f 587 588 573
f 589 574 588
f 574 573 588
f 590 575 589
f 575 574 589
f 590 591 575
f 576 575 591
f 591 592 576
f 577 576 592
f 593 578 592
f 578 577 592
f 594 579 593
f 579 578 593
f 594 595 579
f 580 579 595
f 595 596 580
f 581 580 596
f 597 582 596
f 582 581 596
f 597 598 582
f 583 582 598
f 598 584 583
f 570 583 584
f 599 600 584
f 585 584 600
f 600 601 585
f 586 585 601
f 602 587 601
f 587 586 601
f 603 588 602
f 588 587 602
f 603 604 588
f 589 588 604
f 604 605 589
f 590 589 605
f 606 591 605
f 591 590 605
f 607 592 606
f 592 591 606
f 593 592 607
f 607 608 593
f 594 593 608
f 609 595 608
f 595 594 608
f 610 596 609
f 596 595 609
f 610 611 596
f 611 612 596
f 597 596 612
f 613 598 612
f 598 597 612
f 599 584 613
f 584 598 613
f 615 600 614
f 600 599 614
f 616 601 615
f 601 600 615
f 617 602 616
f 602 601 616
f 618 603 617
f 603 602 617
f 618 619 603
f 604 603 619
f 619 620 604
f 605 604 620
f 620 621 605
f 606 605 621
f 621 622 606
f 607 606 622
f 623 607 622
f 624 608 623
f 608 607 623
f 625 609 624
f 609 608 624
f 626 610 625
f 610 609 625
f 626 627 610
f 611 610 627
f 627 628 611
f 612 611 628
f 628 629 612
f 613 612 629
f 614 599 629
f 599 613 629
f 631 615 630
f 615 614 630
f 631 616 615
f 632 617 616
f 633 618 632
f 618 617 632
f 633 634 618
f 619 618 634
f 634 635 619
f 620 619 635
f 635 621 620
f 636 623 622
f 637 624 636
f 624 623 636
f 638 625 637
f 625 624 637
f 639 626 638
f 626 625 638
f 639 640 626
f 627 626 640
f 641 628 640
f 628 627 640
f 641 642 628
f 629 628 642
f 642 630 629
f 614 629 630
f 644 631 643
f 631 630 643
f 645 616 644
f 616 631 644
f 646 632 645
f 632 616 645
f 647 633 646
f 633 632 646
f 648 634 647
f 634 633 647
f 648 649 634
f 635 634 649
f 649 650 635
f 621 635 650
f 650 651 621
f 622 621 651
f 652 636 651
f 636 622 651
f 653 637 652
f 637 636 652
f 653 654 637
f 638 637 654
f 654 655 638
f 639 638 655
f 655 656 639
f 640 639 656
f 656 657 640
f 641 640 657
f 657 658 641
f 642 641 658
f 658 643 642
f 630 642 643
f 659 660 643
f 644 643 660
f 660 661 644
f 645 644 661
f 662 646 661
f 646 645 661
f 663 647 662
f 647 646 662
f 664 648 663
f 648 647 663
f 664 665 648
f 649 648 665
f 650 649 665
f 654 653 666
f 666 667 654
f 655 654 667
f 667 668 655
f 656 655 668
f 668 669 656
f 657 656 669
f 670 658 669
f 658 657 669
f 659 643 670
f 643 658 670
f 63 61 659
f 660 659 61
f 61 156 660
f 661 660 156
f 156 157 661
f 662 661 157
f 157 158 662
f 663 662 158
f 158 159 663
f 664 663 159
f 159 160 664
f 665 664 160
f 160 161 665
f 650 665 161
f 161 162 650
f 651 650 162
f 163 652 162
f 652 651 162
f 164 653 163
f 653 652 163
f 165 666 164
f 666 653 164
f 166 667 165
f 667 666 165
f 167 668 166
f 668 667 166
f 42 669 167
f 669 668 167
f 40 670 42
f 670 669 42
f 63 659 40
f 659 670 40
f 672 673 671
f 673 674 671
f 676 677 675
f 678 676 675
f 679 676 678
f 680 679 678
f 681 679 680
f 682 681 680
f 683 681 682
f 684 683 682
f 685 683 684
f 690 691 689
f 693 692 689
f 694 692 693
f 695 694 693
f 677 694 695
f 675 677 695
f 65 64 690
f 689 65 690
f 66 65 689
f 692 66 689
f 67 66 692
f 694 67 692
f 68 67 694
f 677 68 694
f 676 69 68
f 677 676 68
f 679 70 69
f 676 679 69
f 681 71 70
f 679 681 70
f 683 72 71
f 681 683 71
f 73 72 683
f 683 685 73
f 74 73 685
f 685 686 74
f 75 74 686
f 686 687 75
f 76 75 687
f 687 696 76
f 696 697 76
f 697 77 76
f 697 699 698
f 700 699 697
f 696 700 697
f 700 696 687
f 687 688 700
f 701 697 698
f 698 702 701
f 703 704 701
f 702 703 701
f 705 704 703
f 703 706 705
f 707 706 703
f 703 708 707
f 709 710 707
f 708 709 707
f 691 690 710
f 709 691 710
f 79 705 706
f 706 78 79
f 78 706 707
f 707 80 78
f 80 707 710
f 710 81 80
f 81 710 690
f 690 64 81
f 79 704 705
f 704 79 82
f 82 701 704
f 701 82 77
f 77 697 701
f 713 715 711
f 716 717 712
f 711 716 712
f 718 716 711
f 715 718 711
f 714 719 713
f 720 718 715
f 713 720 715
f 721 720 713
f 719 721 713
f 678 675 717
f 716 678 717
f 680 678 716
f 718 680 716
f 682 680 718
f 720 682 718
f 684 682 720
f 721 684 720
f 685 684 721
f 721 722 685
f 686 685 722
f 722 723 686
f 722 721 719
f 719 724 722
f 724 719 714
f 723 722 724
f 687 686 723
f 723 725 687
f 688 687 725
f 725 723 724
f 724 726 725
f 726 724 714
f 714 727 726
f 732 736 735
f 736 732 733
f 733 737 736
f 738 735 736
f 736 739 738
f 739 736 737
f 737 740 739
f 741 737 733
f 734 741 733
f 712 741 734
f 742 740 737
f 741 742 737
f 717 742 741
f 712 717 741
f 691 738 739
f 739 689 691
f 693 689 739
f 740 693 739
f 695 693 740
f 742 695 740
f 675 695 742
f 717 675 742
f 743 698 699
f 699 744 743
f 745 744 699
f 700 745 699
f 746 745 700
f 725 746 700
f 688 725 700
f 747 743 744
f 744 748 747
f 749 748 744
f 745 749 744
f 729 747 748
f 748 728 729
f 728 748 749
f 750 749 745
f 746 750 745
f 726 750 746
f 725 726 746
f 728 749 750
f 750 727 728
f 727 750 726
f 702 698 743
f 743 751 702
f 674 703 702
f 751 674 702
f 751 743 747
f 747 752 751
f 752 747 729
f 729 730 752
f 752 674 751
f 674 673 703
f 752 671 674
f 671 752 730
f 730 731 671
f 731 672 671
f 708 703 673
f 753 709 708
f 673 753 708
f 738 691 709
f 753 738 709
f 735 753 673
f 672 735 673
f 732 735 672
f 731 732 672
f 735 738 753
f 755 775 754
f 756 755 754
f 758 759 757
f 760 759 758
f 763 764 762
f 764 766 765
f 766 764 763
f 764 767 762
f 768 764 765
f 767 768 769
f 768 767 764
f 770 763 762
f 760 771 759
f 766 760 765
f 760 766 771
f 768 772 769
f 773 768 765
f 772 773 774
f 773 772 768
f 769 772 756
f 760 773 765
f 773 758 774
f 758 773 760
f 772 755 756
f 755 774 775
f 774 755 772
f 776 758 757
f 776 774 758
f 775 774 776
f 18 777 15
f 778 18 14
f 778 777 18
f 777 779 15
f 19 778 14
f 780 778 19
f 777 781 779
f 782 777 778
f 781 782 762
f 782 781 777
f 781 783 779
f 767 781 762
f 783 767 769
f 767 783 781
f 780 782 778
f 782 770 762
f 770 782 780
f 779 784 761
f 779 20 15
f 17 779 761
f 17 20 779
f 783 769 756
f 783 784 779
f 784 756 761
f 756 784 783
f 756 754 761
f 785 786 787
f 788 785 787
f 789 5 786
f 786 785 789
f 790 789 785
f 791 789 790
f 785 788 790
f 792 790 788
f 788 787 792
f 790 792 791
f 793 791 792
f 794 796 795
f 797 795 796
f 798 794 795
f 795 797 798
f 799 6 794
f 1 6 799
f 794 798 799
f 800 799 798
f 799 800 1
f 801 1 800
f 802 801 800
f 3 2 802
f 801 2 1
f 801 802 2
f 803 794 6
f 803 804 794
f 804 796 794
f 7 803 6
f 7 805 803
f 805 804 803
f 4 805 7
f 4 5 805
f 787 786 8
f 806 792 787
f 792 806 793
f 793 806 807
f 808 807 806
f 807 808 809
f 810 809 808
f 809 810 811
f 813 811 810
f 811 813 812
f 786 9 8
f 786 5 9
f 11 10 814
f 815 814 10
f 10 12 815
f 816 815 12
f 814 815 817
f 818 817 815
f 815 816 818
f 819 818 816
f 12 13 816
f 820 816 13
f 13 3 820
f 802 820 3
f 816 820 819
f 802 819 820
f 817 818 821
f 822 821 818
f 818 819 822
f 821 822 823
f 824 823 822
f 825 824 822
f 819 802 822
f 826 822 802
f 800 826 802
f 822 826 825
f 827 825 826
f 826 800 827
f 798 827 800
f 823 824 828
f 829 828 824
f 824 825 829
f 830 829 825
f 828 829 812
f 811 812 829
f 829 830 811
f 825 827 830
f 831 830 827
f 827 798 831
f 797 831 798
f 832 830 831
f 831 797 832
f 796 832 797
f 811 830 833
f 811 833 809
f 834 809 833
f 830 832 833
f 834 833 832
f 832 796 834
f 834 796 835
f 804 835 796
f 836 807 809
f 809 834 836
f 835 836 834
f 807 836 793
f 791 793 836
f 836 835 791
f 835 804 791
f 805 791 804
f 791 805 789
f 5 789 805
f 821 837 817
f 837 838 817
f 821 823 837
f 839 837 823
f 838 837 770
f 763 770 837
f 837 839 763
f 771 766 839
f 766 763 839
f 823 828 839
f 771 839 828
f 828 812 771
f 813 771 812
f 780 19 16
f 814 16 11
f 770 780 16
f 838 770 16
f 16 814 838
f 817 838 814
f 970 1125 969
f 1125 970 966
f 1006 997 998
f 1007 1009 1008
f 1009 1006 998
f 1010 1009 1005
f 1006 1009 1010
f 1011 1003 1004
f 1003 1011 1012
f 1003 1028 1030
f 1028 1003 1027
f 1010 1003 1030
f 1004 1003 1010
f 999 1029 1025
f 1006 999 997
f 1006 1029 999
f 1010 1029 1006
f 1029 1030 1025
f 1010 1030 1029
f 1027 1070 1028
f 1070 1071 1059
f 1072 1071 1070
f 1072 1012 1071
f 1073 1072 1070
f 1072 1073 1012
f 1027 1073 1070
f 1073 1003 1012
f 1003 1073 1027
f 1158 1120 1121
f 1123 1122 1004
f 1120 1123 1121
f 1122 1120 1119
f 1120 1122 1123
f 1122 1124 1004
f 969 1122 1119
f 1124 969 1125
f 969 1124 1122
f 966 1127 1125
f 970 969 1119
f 1149 1150 1146
f 1151 1149 1148
f 1150 1151 1152
f 1151 1150 1149
f 1150 1153 1146
f 1155 1154 1153
f 1008 1155 1007
f 1154 1008 1116
f 1008 1154 1155
f 1146 1154 1116
f 1153 1154 1146
f 1123 1156 1121
f 1157 1123 1004
f 1156 1157 1007
f 1157 1156 1123
f 1155 1156 1007
f 1156 1153 1121
f 1153 1156 1155
f 1153 1158 1121
f 1150 1158 1153
f 1159 1150 1152
f 1150 1159 1158
f 1139 1159 1140
f 1151 1160 1152
f 1147 1151 1148
f 1147 1160 1151
f 1159 1160 1140
f 1160 1159 1152
f 1010 1005 1004
f 1005 1157 1004
f 1007 1157 1009
f 1005 1009 1157
f 1008 1009 1116
f 1009 998 1116
f 1127 1167 1125
f 1071 1012 1168
f 1124 1012 1004
f 1168 1124 1125
f 1124 1168 1012
f 1167 1168 1125
f 1168 1169 1071
f 1169 1168 1167
f 1012 1011 1004
f 1059 1071 1169
f 907 946 1014
f 946 1081 1014
f 991 1014 1081
f 1081 1080 991
f 1081 946 1083
f 840 841 842
f 841 843 842
f 845 843 844
f 847 845 846
f 844 846 845
f 849 847 848
f 846 848 847
f 851 849 850
f 848 850 849
f 851 850 852
f 850 855 852
f 852 855 853
f 853 855 854
f 854 855 856
f 855 857 856
f 856 857 858
f 857 859 858
f 858 859 871
f 861 893 860
f 862 863 840
f 841 840 864
f 863 864 840
f 843 841 865
f 864 865 841
f 844 843 861
f 865 861 843
f 844 861 846
f 848 846 860
f 861 860 846
f 850 848 860
f 855 850 866
f 860 866 850
f 867 855 866
f 855 867 857
f 857 867 859
f 867 868 859
f 859 868 871
f 869 858 871
f 870 869 871
f 869 872 858
f 872 856 858
f 1225 873 871
f 873 870 871
f 873 874 870
f 874 869 870
f 856 872 854
f 875 854 872
f 854 875 853
f 876 853 875
f 874 877 869
f 877 872 869
f 877 878 872
f 878 875 872
f 853 876 852
f 875 879 876
f 879 852 876
f 881 849 851
f 879 880 852
f 880 851 852
f 881 847 849
f 851 880 881
f 883 881 880
f 881 882 847
f 882 845 847
f 882 884 845
f 884 843 845
f 881 883 882
f 885 882 883
f 882 885 884
f 886 884 885
f 843 884 842
f 887 842 884
f 842 887 840
f 889 840 887
f 884 886 887
f 888 887 886
f 887 888 889
f 889 890 840
f 891 889 888
f 889 891 890
f 868 867 892
f 892 867 893
f 866 893 867
f 860 893 866
f 861 865 893
f 865 892 893
f 865 864 892
f 864 868 892
f 864 863 868
f 863 862 868
f 896 895 894
f 898 896 897
f 895 898 899
f 898 895 896
f 901 900 947
f 903 901 902
f 900 903 897
f 903 900 901
f 906 905 904
f 901 906 902
f 905 901 947
f 901 905 906
f 946 905 947
f 905 907 904
f 907 905 946
f 908 1097 894
f 909 1097 908
f 1097 909 938
f 898 932 899
f 933 898 897
f 932 933 934
f 933 932 898
f 933 902 934
f 903 933 897
f 933 903 902
f 895 908 894
f 935 895 899
f 895 935 908
f 947 936 946
f 894 1096 939
f 894 1097 1096
f 896 941 897
f 941 894 939
f 894 941 896
f 941 939 940
f 947 900 897
f 941 947 897
f 936 941 940
f 941 936 947
f 997 1000 1001
f 998 997 1001
f 1102 998 1001
f 1000 1113 1001
f 1113 1000 1002
f 1113 1102 1001
f 1002 1080 1113
f 1080 1002 991
f 907 1013 904
f 907 1014 1013
f 1015 1016 1017
f 1018 1015 1017
f 1015 909 908
f 909 1015 1018
f 1018 911 909
f 1024 1014 991
f 1014 1024 1023
f 1002 1024 991
f 1024 1026 1023
f 1026 1024 1002
f 1026 999 1025
f 1000 1026 1002
f 999 1000 997
f 1000 999 1026
f 1069 1031 1028
f 1031 1041 1035
f 1041 1031 1069
f 1028 1031 1030
f 1034 1033 1032
f 1030 1034 1025
f 1030 1033 1034
f 1031 1033 1030
f 1033 1035 1032
f 1035 1033 1031
f 1038 1037 1036
f 1035 1038 1032
f 1035 1037 1038
f 1037 1039 1036
f 1040 1037 1035
f 1040 1039 1037
f 1040 1042 1039
f 1042 1040 1041
f 1041 1040 1035
f 1023 1013 1014
f 1013 1023 1043
f 1013 1043 904
f 902 1044 934
f 1044 906 904
f 906 1044 902
f 1043 1044 904
f 1046 1045 1036
f 1044 1046 934
f 1045 1044 1043
f 1044 1045 1046
f 1045 1038 1036
f 1047 1045 1043
f 1038 1047 1032
f 1047 1038 1045
f 1026 1048 1023
f 1034 1026 1025
f 1048 1034 1032
f 1034 1048 1026
f 1047 1048 1032
f 1023 1047 1043
f 1023 1048 1047
f 1046 932 934
f 1049 1046 1036
f 932 1049 899
f 1049 932 1046
f 1015 1050 1016
f 1050 1015 908
f 1050 1051 1016
f 1051 1052 1053
f 1052 1051 1050
f 1052 1042 1053
f 1052 1054 1042
f 1042 1054 1039
f 1039 1054 1036
f 1054 1049 1036
f 1055 1054 1052
f 1049 1055 899
f 1055 1049 1054
f 1055 935 899
f 1050 1055 1052
f 935 1050 908
f 1050 935 1055
f 1058 1051 1053
f 1058 1016 1051
f 1017 1016 1058
f 1042 1062 1053
f 1058 1062 1061
f 1062 1058 1053
f 1070 1069 1028
f 1062 1069 1061
f 1041 1062 1042
f 1041 1069 1062
f 1061 1069 1070
f 1061 1070 1058
f 1079 1076 1077
f 1074 1079 1083
f 1079 1074 1076
f 1078 1079 1077
f 1080 1081 1083
f 1083 1082 1080
f 1080 1082 1084
f 946 1089 1074
f 1074 1083 946
f 1082 1085 1084
f 1079 1082 1083
f 1085 1079 1078
f 1079 1085 1082
f 1085 1086 1084
f 1087 1085 1078
f 1086 1087 1088
f 1087 1086 1085
f 936 1089 946
f 1089 1090 1074
f 1091 1089 936
f 1090 1091 1092
f 1091 1090 1089
f 1090 1076 1074
f 1076 1092 1075
f 1092 1076 1090
f 1075 1093 1094
f 1093 1075 1092
f 939 1095 940
f 1096 1097 1408
f 939 1096 1095
f 1095 1099 940
f 1095 1098 1099
f 1100 1097 938
f 1097 1101 1408
f 1101 1097 1100
f 1103 936 940
f 1091 1103 1092
f 1103 1091 936
f 1099 1103 940
f 1103 1099 1092
f 1093 1099 1094
f 1099 1093 1092
f 1109 1102 1110
f 1102 1111 1110
f 1111 1102 1113
f 1111 1113 1112
f 1115 1113 1080
f 1112 1115 1114
f 1115 1112 1113
f 1115 1080 1084
f 1086 1115 1084
f 1114 1086 1088
f 1086 1114 1115
f 1102 1109 1116
f 1141 1139 1140
f 1138 1141 1142
f 1141 1138 1139
f 1109 1145 1116
f 1109 1107 1144
f 1145 1144 1142
f 1144 1145 1109
f 1145 1146 1116
f 1146 1145 1142
f 1147 1141 1140
f 1149 1147 1148
f 1141 1149 1146
f 1149 1141 1147
f 1141 1146 1142
f 1160 1147 1140
f 998 1102 1116
f 1173 1172 1171
f 1174 1171 1172
f 1088 1087 1175
f 1078 1175 1087
f 1175 1177 1176
f 1177 1173 1176
f 1175 1176 1088
f 1173 1210 1176
f 1075 1094 1178
f 1179 1178 1094
f 1094 1180 1179
f 1179 1180 1181
f 1174 1181 1180
f 1173 1182 1210
f 1182 1183 1210
f 1171 1182 1173
f 1182 1184 1183
f 1171 1185 1182
f 1185 1184 1182
f 1180 1186 1174
f 1186 1171 1174
f 1186 1187 1171
f 1187 1185 1171
f 711 712 1188
f 713 711 1188
f 1179 1181 1188
f 1188 1189 713
f 1189 1188 1181
f 1181 1174 1189
f 714 713 1189
f 1191 1190 727
f 714 1191 727
f 1172 1173 1190
f 1191 1172 1190
f 1189 1191 714
f 1172 1191 1189
f 1189 1174 1172
f 1190 1192 727
f 1177 1192 1190
f 1173 1177 1190
f 1192 728 727
f 1193 729 728
f 1192 1193 728
f 1175 1193 1192
f 1177 1175 1192
f 730 729 1193
f 1193 1194 730
f 1194 1193 1175
f 1175 1078 1194
f 731 730 1194
f 1194 1195 731
f 1195 1194 1078
f 1195 1078 1077
f 1196 732 731
f 1195 1196 731
f 1077 1196 1195
f 1196 1197 732
f 1197 1196 1077
f 1197 1077 1075
f 1076 1075 1077
f 733 732 1197
f 1197 1198 733
f 1198 1197 1075
f 1075 1178 1198
f 1198 734 733
f 1178 1179 1198
f 712 734 1198
f 1198 1188 712
f 1188 1198 1179
f 1201 1199 1107
f 1202 1201 1107
f 1202 1107 1109
f 1203 1202 1109
f 1203 1109 1110
f 1110 1204 1203
f 1204 1110 1205
f 1111 1205 1110
f 1205 1111 1239
f 1112 1239 1111
f 1239 1112 1206
f 1114 1206 1112
f 1206 1114 1207
f 1208 1207 1114
f 1207 1208 1209
f 1210 1209 1208
f 1211 1209 1210
f 1209 1211 1212
f 1213 1212 1211
f 1212 1213 1214
f 1215 1214 1213
f 1216 1218 1219
f 1220 1219 1218
f 1218 1199 1220
f 1221 1220 1199
f 1219 1220 1222
f 1223 1222 1220
f 1220 1221 1223
f 1224 1223 1221
f 1222 1223 1225
f 1226 1225 1223
f 1223 1224 1226
f 874 1226 1224
f 873 1225 1226
f 1226 874 873
f 1224 1227 874
f 1227 877 874
f 1227 1228 877
f 1228 878 877
f 1221 1229 1224
f 1229 1227 1224
f 1199 1201 1221
f 1201 1229 1221
f 1229 1230 1227
f 1230 1228 1227
f 1201 1202 1229
f 1202 1230 1229
f 1231 875 878
f 1228 1231 878
f 1231 879 875
f 1230 1232 1228
f 1232 1231 1228
f 1202 1203 1230
f 1203 1232 1230
f 1231 1235 879
f 1235 880 879
f 1234 1235 1231
f 1232 1233 1231
f 1233 1234 1231
f 1203 1204 1232
f 1204 1233 1232
f 880 1235 883
f 1205 1233 1204
f 1236 1234 1233
f 1233 1205 1236
f 1237 1235 1234
f 1238 883 1235
f 1235 1237 1238
f 1234 1236 1237
f 1239 1236 1205
f 1239 1237 1236
f 883 1238 885
f 1240 1238 1237
f 1241 885 1238
f 1238 1240 1241
f 1237 1239 1240
f 1242 1240 1239
f 1239 1206 1242
f 885 1241 886
f 1243 886 1241
f 1241 1240 1243
f 1244 1243 1240
f 1240 1242 1244
f 1207 1242 1206
f 1245 1244 1242
f 1242 1207 1245
f 886 1243 888
f 1246 888 1243
f 1243 1244 1246
f 1247 1246 1244
f 1209 1245 1207
f 1244 1245 1247
f 888 1246 891
f 1246 1247 891
f 1248 890 891
f 891 1247 1248
f 1249 1248 1247
f 1250 1247 1245
f 1245 1209 1250
f 1212 1250 1209
f 1247 1250 1249
f 1251 1249 1250
f 1250 1212 1251
f 1214 1251 1212
f 1309 1310 1307
f 1310 1308 1307
f 938 1299 1100
f 1101 1100 1299
f 1299 1308 1101
f 1308 1330 1101
f 1308 1310 1330
f 1310 1331 1330
f 1310 1332 1331
f 1333 1420 1332
f 1332 1334 1333
f 1310 1309 1332
f 1309 1334 1332
f 1334 1336 1333
f 1336 1335 1333
f 1309 1306 1334
f 1306 1336 1334
f 1095 1096 1408
f 1408 1098 1095
f 1410 1409 1098
f 1098 1408 1410
f 1411 1410 1408
f 1410 1412 1409
f 1412 1413 1409
f 1411 1414 1410
f 1414 1412 1410
f 1101 1330 1408
f 1330 1411 1408
f 1330 1331 1411
f 1331 1414 1411
f 1412 1415 1413
f 1415 1416 1413
f 1414 1417 1412
f 1417 1415 1412
f 1415 1418 1416
f 1418 1419 1416
f 1417 1420 1415
f 1420 1418 1415
f 1331 1332 1414
f 1332 1417 1414
f 1332 1420 1417
f 1098 1409 1099
f 1094 1099 1409
f 1409 1413 1094
f 1413 1180 1094
f 1413 1416 1180
f 1416 1186 1180
f 1416 1419 1186
f 1419 1187 1186
f 1088 1208 1114
f 1088 1176 1208
f 1176 1210 1208
f 1211 1210 1213
f 1183 1213 1210
f 1213 1183 1215
f 1184 1215 1183
f 1106 962 1108
f 945 911 910
f 911 937 938
f 937 911 945
f 909 911 938
f 914 913 912
f 916 914 915
f 913 916 917
f 916 913 914
f 918 945 910
f 919 918 917
f 945 919 942
f 919 945 918
f 919 920 942
f 916 919 917
f 920 916 915
f 916 920 919
f 922 921 912
f 924 922 923
f 921 924 925
f 924 921 922
f 921 914 912
f 926 921 925
f 914 926 915
f 926 914 921
f 927 959 925
f 959 927 928
f 927 929 928
f 924 927 925
f 929 924 923
f 924 929 927
f 961 960 930
f 960 931 930
f 931 959 928
f 959 931 960
f 944 942 943
f 945 942 944
f 1364 945 944
f 945 1364 937
f 949 948 953
f 950 949 915
f 948 950 951
f 950 948 949
f 949 952 915
f 952 953 954
f 953 952 949
f 920 952 942
f 952 920 915
f 943 952 954
f 943 942 952
f 956 955 951
f 957 956 925
f 955 957 958
f 957 955 956
f 956 926 925
f 950 956 951
f 926 950 915
f 950 926 956
f 959 957 925
f 957 959 958
f 1108 963 1107
f 962 963 1108
f 1106 1104 962
f 966 965 1126
f 965 967 964
f 970 965 966
f 967 970 968
f 970 967 965
f 972 973 971
f 973 972 1126
f 974 965 964
f 965 973 1126
f 973 965 974
f 975 974 964
f 977 975 976
f 974 977 973
f 977 974 975
f 980 979 978
f 982 980 981
f 979 982 976
f 982 979 980
f 973 981 971
f 982 977 976
f 977 981 973
f 981 977 982
f 971 984 983
f 984 971 981
f 980 985 981
f 985 984 981
f 984 986 983
f 986 984 987
f 963 988 1107
f 988 963 989
f 986 962 983
f 962 986 987
f 990 962 987
f 963 990 989
f 990 963 962
f 930 992 1105
f 962 992 983
f 992 1104 1105
f 1104 992 962
f 1105 961 930
f 993 972 971
f 972 993 1126
f 996 995 994
f 993 995 996
f 992 971 983
f 995 1022 994
f 1022 995 930
f 992 993 971
f 995 993 992
f 930 995 992
f 910 1018 1021
f 911 1018 910
f 913 1019 912
f 1019 917 1020
f 917 1019 913
f 917 1021 1020
f 917 918 1021
f 918 910 1021
f 1022 931 928
f 930 931 1022
f 1018 1057 1021
f 1057 1018 1017
f 1057 1058 1056
f 1058 1057 1017
f 1058 1060 1056
f 1019 1063 912
f 1064 1019 1020
f 1063 1064 1065
f 1064 1063 1019
f 1063 922 912
f 1066 1063 1065
f 922 1066 923
f 1066 922 1063
f 1068 1060 1065
f 1060 1068 1056
f 1021 1064 1020
f 1064 1057 1056
f 1057 1064 1021
f 1068 1064 1056
f 1064 1068 1065
f 1118 1158 1117
f 1120 1118 1119
f 1120 1158 1118
f 1126 1127 966
f 968 970 1119
f 1128 1118 1117
f 967 968 964
f 968 1128 964
f 1118 968 1119
f 968 1118 1128
f 1130 1129 1117
f 1132 1130 1131
f 1129 1132 978
f 1132 1129 1130
f 1129 1128 1117
f 979 976 978
f 976 1129 978
f 1128 976 964
f 976 975 964
f 976 1128 1129
f 978 1133 980
f 985 980 1133
f 987 1133 1134
f 1133 987 985
f 987 984 985
f 1132 1135 978
f 1136 1132 1131
f 1135 1136 1139
f 1136 1135 1132
f 1137 1135 1139
f 1133 1137 1134
f 1135 1133 978
f 1133 1135 1137
f 1138 1137 1139
f 1143 1138 1142
f 1137 1143 1134
f 1143 1137 1138
f 989 990 1134
f 990 987 1134
f 1143 989 1134
f 1144 1143 1142
f 1107 988 1144
f 989 1144 988
f 1144 989 1143
f 1158 1159 1117
f 1159 1136 1131
f 1159 1139 1136
f 1159 1130 1117
f 1130 1159 1131
f 1126 993 996
f 996 1161 1126
f 994 1162 996
f 1161 1162 1163
f 1162 1161 996
f 1161 1164 1126
f 1165 1161 1163
f 1164 1165 1166
f 1165 1164 1161
f 1164 1127 1126
f 1167 1164 1166
f 1167 1127 1164
f 1169 1167 1166
f 923 1170 929
f 928 929 1170
f 1163 1162 1170
f 1162 994 1170
f 994 1022 1170
f 1022 928 1170
f 1170 923 1065
f 1066 1065 923
f 1065 1060 1170
f 1060 1067 1170
f 1169 1166 1059
f 1059 1166 1060
f 1067 1060 1166
f 1170 1067 1163
f 1166 1165 1067
f 1165 1163 1067
f 1200 1107 1199
f 1432 1217 1216
f 1218 1216 1217
f 1217 1200 1218
f 1199 1218 1200
f 754 1252 761
f 1255 1254 1253
f 775 1257 1256
f 775 1256 1258
f 1259 775 1258
f 1258 1260 1259
f 1260 1261 1262
f 1261 1289 1263
f 1262 1261 1263
f 1289 1264 1263
f 1264 1266 1265
f 1266 1267 1265
f 1267 1268 1265
f 1267 1269 1268
f 1269 1270 1268
f 1269 1271 1270
f 1273 1272 1271
f 1274 1272 1273
f 1274 1273 1275
f 1254 1274 1275
f 1254 1275 1253
f 1276 1254 1255
f 1276 1255 1277
f 757 1276 1277
f 1274 1278 1272
f 1276 1279 1254
f 1274 1254 1279
f 775 1259 754
f 1259 1260 754
f 1260 1262 1280
f 1263 1280 1262
f 1258 1256 1281
f 1260 1258 1281
f 1284 1283 1285
f 1283 1284 1292
f 1286 1285 1269
f 1286 1284 1285
f 1286 1269 1267
f 1287 1286 1267
f 1266 1287 1267
f 1266 1282 1287
f 1282 1266 1264
f 1288 1264 1289
f 1288 1282 1264
f 1290 1288 1289
f 1291 1255 1253
f 1255 1291 1277
f 1292 1291 1253
f 1283 1292 1253
f 1285 1283 1275
f 1273 1285 1275
f 1271 1285 1273
f 1271 1269 1285
f 1290 1289 1261
f 1261 1260 1290
f 1281 1290 1260
f 1283 1253 1275
f 1277 1257 776
f 8 1343 787
f 1295 1294 1293
f 1294 1296 1293
f 1294 1297 1296
f 1302 1298 1295
f 1298 1294 1295
f 1298 1297 1294
f 1301 1298 1302
f 1301 1303 1298
f 1303 1297 1298
f 1305 1304 1302
f 1304 1301 1302
f 1304 1306 1301
f 1306 1303 1301
f 1303 1307 1297
f 1307 1299 1297
f 1307 1308 1299
f 1306 1309 1303
f 1309 1307 1303
f 1312 1311 1293
f 1311 1313 1293
f 1314 1311 1312
f 1313 1311 1315
f 1316 1315 1311
f 1311 1314 1316
f 1312 1317 1314
f 1318 1314 1317
f 1317 1319 1318
f 1320 1318 1319
f 1314 1318 1316
f 1318 1320 1316
f 1321 1316 1320
f 1315 1316 1322
f 1323 1322 1316
f 1322 1323 1346
f 1324 1323 1316
f 1321 1324 1316
f 1324 1346 1323
f 1319 1317 1325
f 1326 1325 1317
f 1317 1312 1326
f 1327 1326 1312
f 1325 1326 1328
f 1326 1327 1328
f 1296 1327 1312
f 1293 1296 1312
f 1296 1329 1327
f 1329 1328 1327
f 1297 1329 1296
f 1329 1300 1328
f 1300 1364 1328
f 1297 1299 1329
f 1299 1300 1329
f 938 937 1364
f 1364 1300 938
f 1300 1299 938
f 1306 1304 1336
f 1336 1337 1335
f 1337 1338 1335
f 1304 1305 1336
f 1305 1337 1336
f 1337 1339 1338
f 1305 1340 1337
f 1340 1339 1337
f 1339 1341 1338
f 1341 1342 1338
f 1342 1341 8
f 1365 8 1341
f 1341 1339 1365
f 1339 1344 1365
f 1339 1340 1344
f 1345 1344 1340
f 1340 1305 1345
f 1302 1345 1305
f 1365 1322 1343
f 1322 1346 1343
f 1365 1344 1322
f 1344 1315 1322
f 1313 1344 1345
f 1345 1302 1313
f 1295 1313 1302
f 1344 1313 1315
f 1293 1313 1295
f 1346 787 1343
f 806 787 1346
f 1347 810 806
f 806 1346 1347
f 1348 1347 1346
f 810 1347 813
f 1349 813 1347
f 1347 1348 1349
f 1367 1349 1348
f 1350 1279 1367
f 1348 1350 1367
f 1350 1351 1279
f 1351 1274 1279
f 1346 1324 1348
f 1324 1350 1348
f 1321 1351 1350
f 1324 1321 1350
f 1351 1278 1274
f 1271 1272 1278
f 1352 1278 1351
f 1271 1278 1353
f 1354 1353 1278
f 1278 1352 1354
f 1321 1352 1351
f 1320 1352 1321
f 1355 1354 1352
f 1352 1320 1355
f 1319 1355 1320
f 1356 1353 1354
f 1353 1356 1357
f 1358 1357 1356
f 1359 1358 1356
f 1354 1355 1356
f 1360 1356 1355
f 1355 1319 1360
f 1325 1360 1319
f 1356 1360 1359
f 1361 1359 1360
f 1360 1325 1361
f 1328 1361 1325
f 1357 1358 1362
f 1363 1362 1358
f 1358 1359 1363
f 1364 1363 1359
f 1362 1363 954
f 944 954 1363
f 1363 1364 944
f 1359 1361 1364
f 1361 1328 1364
f 954 944 943
f 1365 1343 8
f 771 813 1366
f 1349 1366 813
f 759 771 1366
f 1367 759 1366
f 1366 1349 1367
f 1367 1276 759
f 759 1276 757
f 1279 1276 1367
f 757 1277 776
f 1260 1252 754
f 776 1257 775
f 1252 1260 1280
f 1271 1353 1270
f 1268 1270 1353
f 1280 1263 1368
f 1368 1263 1370
f 1371 1370 1263
f 1372 1371 1369
f 1264 1265 1369
f 1265 1268 1369
f 1373 1369 1268
f 1268 1353 1373
f 1369 1373 1372
f 1374 1372 1373
f 1373 1353 1374
f 1357 1374 1353
f 1370 1371 1375
f 1376 1375 1371
f 1371 1372 1376
f 1377 1376 1372
f 1375 1376 1378
f 1379 1378 1376
f 1376 1377 1379
f 1380 1379 1377
f 1372 1374 1377
f 1381 1377 1374
f 1374 1357 1381
f 1362 1381 1357
f 1377 1381 1380
f 1382 1380 1381
f 1381 1362 1382
f 954 1382 1362
f 1378 1379 1383
f 1384 1383 1379
f 1379 1380 1384
f 953 1384 1380
f 1380 1382 953
f 1382 954 953
f 761 1385 17
f 1252 1385 761
f 1252 1280 1385
f 1280 1386 1385
f 1388 1387 1386
f 1386 1280 1388
f 1368 1388 1280
f 1390 1389 1388
f 1388 1389 1387
f 1388 1368 1390
f 1370 1390 1368
f 1389 1390 1391
f 1392 1391 1390
f 1390 1370 1392
f 1375 1392 1370
f 1391 1392 1393
f 1394 1393 1392
f 1392 1375 1394
f 1378 1394 1375
f 1393 1394 1395
f 1396 1395 1394
f 1394 1378 1396
f 1383 1396 1378
f 1398 1401 1397
f 1292 1284 1399
f 1400 1399 1284
f 1400 1284 1286
f 1401 1400 1286
f 1401 1286 1287
f 1397 1401 1287
f 1287 1282 1397
f 1398 1397 1282
f 1398 1282 1288
f 1402 1398 1288
f 1403 1402 1288
f 1403 1288 1290
f 1290 1281 1404
f 1404 1403 1290
f 1281 1256 1404
f 1405 1404 1256
f 1256 1257 1405
f 1406 1405 1257
f 1257 1277 1406
f 1406 1277 1291
f 1407 1406 1291
f 1407 1291 1292
f 1399 1407 1292
f 1383 1384 1421
f 951 1421 1384
f 951 1384 948
f 953 948 1384
f 958 1421 955
f 951 955 1421
f 1106 1108 1200
f 1107 1200 1108
f 1395 1396 1422
f 1424 1422 1396
f 1396 1383 1424
f 1421 1424 1383
f 1422 1424 1423
f 958 1424 1421
f 1423 1424 1425
f 1426 1425 1424
f 1424 958 1426
f 959 1426 958
f 1425 1426 1427
f 1428 1427 1426
f 1426 959 1428
f 959 960 1428
f 1427 1428 1429
f 1430 1429 1428
f 1428 960 1430
f 960 961 1430
f 1431 1429 1430
f 1430 961 1431
f 961 1105 1431
f 1104 1431 1105
f 1429 1431 1432
f 1433 1432 1431
f 1431 1104 1433
f 1104 1106 1433
f 1217 1432 1433
f 1433 1106 1217
f 1200 1217 1106
f 2853 2854 2852
f 2855 2853 2852
f 2856 2855 2852
f 2857 2856 2852
f 2858 2857 2852
f 2859 2858 2852
f 2860 2859 2852
f 2854 2860 2852
f 2854 2853 2861
f 2861 2853 2862
f 2853 2863 2862
f 2853 2855 2863
f 2863 2855 2864
f 2855 2865 2864
f 2856 2865 2855
f 2865 2856 2866
f 2856 2857 2866
f 2866 2857 2867
f 2857 2858 2867
f 2858 2868 2867
f 2868 2858 2869
f 2859 2869 2858
f 2859 2870 2869
f 2871 2870 2860
f 2859 2860 2870
f 2860 2872 2871
f 2860 2854 2872
f 2872 2854 2861
f 2874 2861 2873
f 2861 2862 2873
f 2862 2875 2873
f 2875 2862 2876
f 2863 2876 2862
f 2876 2863 2877
f 2863 2864 2877
f 2864 2878 2877
f 2878 2864 2879
f 2865 2879 2864
f 2865 2880 2879
f 2865 2866 2880
f 2866 2881 2880
f 2881 2866 2882
f 2866 2867 2882
f 2867 2883 2882
f 2868 2884 2867
f 2867 2884 2883
f 2868 2885 2884
f 2868 2869 2885
f 2869 2886 2885
f 2886 2869 2887
f 2870 2887 2869
f 2870 2888 2887
f 2888 2870 2889
f 2871 2889 2870
f 2871 2890 2889
f 2890 2871 2891
f 2872 2891 2871
f 2891 2872 2892
f 2872 2861 2892
f 2861 2874 2892
f 2812 2813 2811
f 2813 2814 2811
f 2814 2815 2811
f 2815 2816 2811
f 2816 2817 2811
f 2817 2818 2811
f 2818 2819 2811
f 2819 2812 2811
f 2813 2812 2820
f 2813 2820 2821
f 2822 2813 2821
f 2814 2813 2822
f 2814 2822 2823
f 2824 2814 2823
f 2824 2815 2814
f 2815 2824 2825
f 2816 2815 2825
f 2816 2825 2826
f 2817 2816 2826
f 2827 2817 2826
f 2817 2827 2828
f 2828 2818 2817
f 2829 2818 2828
f 2829 2830 2819
f 2819 2818 2829
f 2831 2819 2830
f 2812 2819 2831
f 2812 2831 2820
f 2820 2832 2833
f 2821 2820 2833
f 2834 2821 2833
f 2821 2834 2835
f 2835 2822 2821
f 2822 2835 2836
f 2823 2822 2836
f 2837 2823 2836
f 2823 2837 2838
f 2838 2824 2823
f 2839 2824 2838
f 2825 2824 2839
f 2840 2825 2839
f 2825 2840 2841
f 2826 2825 2841
f 2842 2826 2841
f 2843 2827 2826
f 2843 2826 2842
f 2844 2827 2843
f 2828 2827 2844
f 2845 2828 2844
f 2828 2845 2846
f 2846 2829 2828
f 2847 2829 2846
f 2829 2847 2848
f 2848 2830 2829
f 2849 2830 2848
f 2830 2849 2850
f 2850 2831 2830
f 2831 2850 2851
f 2820 2831 2851
f 2832 2820 2851
f 2874 2873 2933
f 2873 2934 2933
f 2873 2875 2934
f 2875 2935 2934
f 2935 2875 2936
f 2876 2936 2875
f 2936 2876 2937
f 2877 2937 2876
f 2878 2938 2877
f 2877 2938 2937
f 2878 2879 2938
f 2879 2939 2938
f 2879 2880 2939
f 2880 2940 2939
f 2880 2881 2940
f 2881 2941 2940
f 2941 2881 2942
f 2882 2942 2881
f 2942 2882 2943
f 2883 2943 2882
f 2883 2884 2943
f 2884 2944 2943
f 2884 2885 2944
f 2885 2945 2944
f 2885 2886 2945
f 2886 2946 2945
f 2946 2886 2947
f 2887 2947 2886
f 2947 2887 2948
f 2888 2948 2887
f 2888 2889 2948
f 2889 2949 2948
f 2889 2890 2949
f 2890 2950 2949
f 2950 2890 2951
f 2891 2951 2890
f 2951 2891 2952
f 2892 2952 2891
f 2952 2892 2933
f 2874 2933 2892
f 2933 2934 2953
f 2934 2954 2953
f 2934 2935 2954
f 2935 2955 2954
f 2955 2935 2956
f 2936 2956 2935
f 2956 2936 2957
f 2937 2957 2936
f 2957 2937 2958
f 2938 2958 2937
f 2938 2939 2958
f 2939 2959 2958
f 2939 2940 2959
f 2940 2960 2959
f 2940 2941 2960
f 2941 2961 2960
f 2961 2941 2962
f 2942 2962 2941
f 2962 2942 2963
f 2943 2963 2942
f 2943 2944 2963
f 2944 2964 2963
f 2944 2945 2964
f 2945 2965 2964
f 2945 2946 2965
f 2946 2966 2965
f 2966 2946 2967
f 2947 2967 2946
f 2967 2947 2968
f 2948 2968 2947
f 2969 2968 2949
f 2948 2949 2968
f 2949 2950 2969
f 2950 2970 2969
f 2970 2950 2971
f 2951 2971 2950
f 2971 2951 2972
f 2952 2972 2951
f 2972 2952 2953
f 2933 2953 2952
f 2833 2832 2893
f 2894 2833 2893
f 2834 2833 2894
f 2895 2834 2894
f 2834 2895 2896
f 2896 2835 2834
f 2835 2896 2897
f 2897 2836 2835
f 2898 2837 2836
f 2898 2836 2897
f 2838 2837 2898
f 2899 2838 2898
f 2839 2838 2899
f 2900 2839 2899
f 2840 2839 2900
f 2901 2840 2900
f 2840 2901 2902
f 2902 2841 2840
f 2841 2902 2903
f 2903 2842 2841
f 2843 2842 2903
f 2904 2843 2903
f 2844 2843 2904
f 2905 2844 2904
f 2845 2844 2905
f 2906 2845 2905
f 2845 2906 2907
f 2907 2846 2845
f 2846 2907 2908
f 2908 2847 2846
f 2848 2847 2908
f 2909 2848 2908
f 2849 2848 2909
f 2910 2849 2909
f 2849 2910 2911
f 2911 2850 2849
f 2850 2911 2912
f 2912 2851 2850
f 2851 2912 2893
f 2893 2832 2851
f 2894 2893 2913
f 2914 2894 2913
f 2895 2894 2914
f 2915 2895 2914
f 2895 2915 2916
f 2916 2896 2895
f 2896 2916 2917
f 2917 2897 2896
f 2897 2917 2918
f 2918 2898 2897
f 2899 2898 2918
f 2919 2899 2918
f 2900 2899 2919
f 2920 2900 2919
f 2901 2900 2920
f 2921 2901 2920
f 2901 2921 2922
f 2922 2902 2901
f 2902 2922 2923
f 2923 2903 2902
f 2904 2903 2923
f 2924 2904 2923
f 2905 2904 2924
f 2925 2905 2924
f 2906 2905 2925
f 2926 2906 2925
f 2906 2926 2927
f 2927 2907 2906
f 2907 2927 2928
f 2928 2908 2907
f 2928 2929 2909
f 2909 2908 2928
f 2910 2909 2929
f 2930 2910 2929
f 2910 2930 2931
f 2931 2911 2910
f 2911 2931 2932
f 2932 2912 2911
f 2912 2932 2913
f 2913 2893 2912

