# https://github.com/mikedh/trimesh

o m40.off
v 0.50000000 0.11659200 0.34335900
v 0.50000000 0.11894900 0.34358300
v 0.49901300 0.12153800 0.34341700
v 0.50000000 0.12226200 0.34279400
v 0.50022900 0.12234000 0.34298700
v 0.50126000 0.11995100 0.34391300
v 0.50066200 0.12023700 0.34643600
v 0.50266600 0.12297800 0.34316200
v 0.50292600 0.12563200 0.34431200
v 0.50105000 0.12409600 0.34764300
v 0.50206400 0.12809400 0.34639200
v 0.50116700 0.12791900 0.34751400
v 0.50000000 0.12040400 0.34687500
v 0.49895000 0.12409600 0.34764300
v 0.50000000 0.12834400 0.34787900
v 0.50246400 0.12513500 0.33926600
v 0.50163600 0.12279900 0.33939300
v 0.50000000 0.12542800 0.33812500
v 0.50000000 0.15193700 0.27979200
v 0.50000000 0.15059300 0.29060600
v 0.50423400 0.15085200 0.28163600
v 0.50881100 0.14776400 0.28462900
v 0.50000000 0.11868100 0.28659300
v 0.50437100 0.11915000 0.28244900
v 0.51014400 0.12088400 0.28056400
v 0.51431400 0.12290700 0.27432300
v 0.51397800 0.12582700 0.28261200
v 0.51893400 0.12975600 0.27152000
v 0.51591800 0.13115600 0.28330600
v 0.51857200 0.13561200 0.27514600
v 0.51629400 0.13550000 0.28166800
v 0.51383000 0.14187100 0.28269500
v 0.51773500 0.14440800 0.27409900
v 0.51277900 0.14424200 0.28170600
v 0.51465400 0.13921100 0.28353700
v 0.51397100 0.13675700 0.29509000
v 0.51252800 0.13233400 0.30460000
v 0.51221500 0.14211600 0.29419900
v 0.50936600 0.14652000 0.29059700
v 0.51267900 0.13674000 0.30630600
v 0.51043300 0.14576400 0.29915000
v 0.50557900 0.15059700 0.29561500
v 0.50539800 0.15128400 0.30068200
v 0.50457200 0.14968400 0.28993600
v 0.50000000 0.15092500 0.29797700
v 0.50000000 0.11857900 0.29017100
v 0.50785400 0.12128500 0.28910200
v 0.50800200 0.12138000 0.28623800
v 0.50754100 0.12241600 0.29852400
v 0.51091700 0.12313400 0.28688000
v 0.51206900 0.12642000 0.29585500
v 0.51087900 0.12866600 0.30914600
v 0.51208500 0.13201100 0.30956200
v 0.50958500 0.12927300 0.31469500
v 0.50989500 0.13161200 0.31750700
v 0.51083600 0.13775600 0.31687500
v 0.51004100 0.13377200 0.32072200
v 0.51247000 0.13860700 0.31344500
v 0.51075600 0.13963400 0.32075600
v 0.50925000 0.14039100 0.32665400
v 0.51195100 0.14157900 0.31701400
v 0.50961900 0.14475500 0.32168000
v 0.50687200 0.14509700 0.32455200
v 0.51283200 0.14187900 0.31285400
v 0.51182500 0.14656400 0.31065700
v 0.50459700 0.14605300 0.32416500
v 0.50587600 0.14943600 0.31341000
v 0.50000000 0.14728500 0.32213700
v 0.50000000 0.14492500 0.32791600
v 0.50582800 0.15051000 0.30790600
v 0.50000000 0.12113300 0.30909100
v 0.50000000 0.12143500 0.32159000
v 0.50000000 0.12036600 0.30588000
v 0.50000000 0.12025700 0.29950100
v 0.50386500 0.12259800 0.31209800
v 0.50689600 0.12255800 0.30711100
v 0.50721000 0.12572500 0.31346100
v 0.50928400 0.12544200 0.30803100
v 0.50622900 0.12672900 0.31846000
v 0.50613400 0.12700800 0.32162200
v 0.50788100 0.13053400 0.32013900
v 0.50519300 0.12527400 0.32464500
v 0.50665700 0.12805300 0.32055100
v 0.50675600 0.12923900 0.32197600
v 0.50599100 0.12834400 0.32456000
v 0.50692400 0.12976100 0.32824300
v 0.50626600 0.12948800 0.32995600
v 0.50680800 0.13033500 0.32521700
v 0.50616600 0.13275400 0.32952400
v 0.50706200 0.13278300 0.32533900
v 0.50440300 0.13510500 0.33119600
v 0.50347600 0.13757100 0.33259800
v 0.50635800 0.13889900 0.32995700
v 0.50826100 0.14029300 0.32788000
v 0.50350400 0.13899400 0.33253500
v 0.50291700 0.14094000 0.33158700
v 0.50000000 0.13867000 0.33362900
v 0.50000000 0.14149900 0.33184400
v 0.50322700 0.14340300 0.32912700
v 0.50000000 0.12230100 0.32438400
v 0.50000000 0.12265800 0.32693700
v 0.50241800 0.12208600 0.32122300
v 0.50273600 0.12324500 0.32568400
v 0.50339000 0.12594100 0.33451600
v 0.50357600 0.12690900 0.33407500
v 0.50000000 0.12669900 0.33383900
v 0.50000000 0.12722000 0.32851000
v 0.50529300 0.12778800 0.32320600
v 0.50427400 0.12748500 0.33217500
v 0.50346300 0.12653300 0.33647000
v 0.50443300 0.12746200 0.33672100
v 0.50487400 0.12975800 0.33735000
v 0.50373800 0.13367200 0.33839200
v 0.50468900 0.13314900 0.33493900
v 0.50304900 0.13170300 0.34233600
v 0.50452100 0.13507500 0.33659500
v 0.50406800 0.13526000 0.33436500
v 0.50208700 0.13570200 0.33873300
v 0.50147600 0.13371300 0.34239800
v 0.50210900 0.13700800 0.33572800
v 0.50027400 0.13621400 0.33872600
v 0.50000000 0.13409900 0.34247200
v 0.50000000 0.13790200 0.33556000
v 0.50000000 0.12203500 0.33868800
v 0.50058300 0.13211500 0.34507700
v 0.50047900 0.13044900 0.34668700
v 0.50353900 0.12540700 0.34046800
v 0.50167200 0.12348300 0.34239500
v 0.50707600 0.13446900 0.32504600
v 0.50750100 0.13463100 0.32426200
v 0.50822300 0.13594200 0.32290100
v 0.50853800 0.13737800 0.32287900
v 0.50842600 0.13825400 0.32441900
v 0.50758900 0.13839500 0.32597600
v 0.50655900 0.13748400 0.32703900
v 0.50623300 0.13671300 0.32716300
v 0.50640600 0.13511600 0.32646600
v 0.50866400 0.13417700 0.32402900
v 0.50893600 0.13457100 0.32240500
v 0.50956000 0.13603300 0.32254600
v 0.50979700 0.13757200 0.32265200
v 0.51006000 0.13874700 0.32197400
v 0.50959400 0.13852900 0.32399000
v 0.50899300 0.13936000 0.32452100
v 0.50805200 0.13922000 0.32625600
v 0.50801700 0.13881700 0.32677600
v 0.50781000 0.13911800 0.32799200
v 0.50635100 0.13763700 0.32869500
v 0.50605900 0.13505200 0.32885600
v 0.50691300 0.13392400 0.32694800
v 0.79055000 0.24556200 0.13511700
v 0.79117800 0.24752100 0.13083100
v 0.79107200 0.24707100 0.13593300
v 0.78721800 0.24249400 0.14793700
v 0.78677400 0.24400600 0.14871100
v 0.78929900 0.24771300 0.13572200
v 0.78522900 0.24766000 0.12814200
v 0.78718300 0.24827100 0.13197500
v 0.77489700 0.24663200 0.12664400
v 0.78686000 0.24599700 0.13061800
v 0.78352500 0.24180600 0.14369600
v 0.77958300 0.24428600 0.13208100
v 0.78588400 0.24172900 0.14665500
v 0.78189300 0.23977000 0.16064800
v 0.77813200 0.24002800 0.16744700
v 0.77589300 0.24108000 0.16552800
v 0.75034700 0.23524100 0.18686700
v 0.76242500 0.24384200 0.13406800
v 0.77164800 0.24156400 0.14068800
v 0.78075200 0.23897600 0.15912300
v 0.76694400 0.23327200 0.18519900
v 0.76531600 0.23264700 0.19150100
v 0.76221700 0.23268500 0.19708400
v 0.76267600 0.23544900 0.19019700
v 0.74279700 0.23486700 0.17724800
v 0.74964300 0.23225100 0.18411600
v 0.73578200 0.23057700 0.18971000
v 0.74426700 0.22869000 0.19757700
v 0.75677600 0.22815800 0.20589500
v 0.75358500 0.22811200 0.21418000
v 0.75556700 0.23154500 0.20642400
v 0.74389600 0.23172900 0.19985500
v 0.74915400 0.23047100 0.21295900
v 0.58949700 0.16256900 0.11542700
v 0.58920900 0.16346700 0.11996600
v 0.59090800 0.16374200 0.13161500
v 0.58912000 0.16439800 0.12984500
v 0.58473100 0.15995500 0.11446300
v 0.58422300 0.16116000 0.11942000
v 0.57733200 0.15547800 0.11543600
v 0.58983400 0.16219300 0.12779300
v 0.58193000 0.15750900 0.12034200
v 0.60928800 0.17280800 0.12068000
v 0.60930500 0.17364900 0.12511400
v 0.61152500 0.17351800 0.13331800
v 0.61039800 0.17438100 0.13653900
v 0.60916600 0.17442200 0.13310700
v 0.60465600 0.17038900 0.11952000
v 0.60438800 0.17151300 0.12441800
v 0.59975000 0.16659300 0.12045400
v 0.61040400 0.17221000 0.13271600
v 0.60216800 0.16791500 0.12514300
v 0.97500000 0.28484500 0.25882900
v 0.96752600 0.28346600 0.25985000
v 0.95476500 0.27866400 0.26303100
v 0.94511800 0.27789600 0.26194800
v 0.96839800 0.28396300 0.25636700
v 0.95883700 0.28079600 0.24605200
v 0.96788900 0.28217700 0.25961400
v 0.95440500 0.27796900 0.26151900
v 0.95640500 0.27885000 0.25180400
v 0.96613700 0.28115500 0.21187500
v 0.95918700 0.27948700 0.21429300
v 0.93963300 0.27133900 0.22105200
v 0.94188400 0.27338000 0.22013300
v 0.94617500 0.27586400 0.21798300
v 0.95974200 0.28110200 0.20772600
v 0.95914800 0.28100500 0.21093000
v 0.94734100 0.28091200 0.20234500
v 0.93536000 0.27641600 0.21050000
v 0.94687000 0.27369100 0.21722400
v 0.65068800 0.19469100 0.13056500
v 0.65113600 0.19565400 0.13498200
v 0.65342000 0.19563700 0.14268500
v 0.65481400 0.19402200 0.14268200
v 0.65186800 0.19598200 0.14235900
v 0.64557300 0.19259300 0.12865900
v 0.64752600 0.19460000 0.13222900
v 0.64184800 0.18978600 0.12889800
v 0.64289300 0.19261400 0.13739200
v 0.65173900 0.19334000 0.13460500
v 0.64802300 0.19199600 0.13151900
v 0.65339000 0.19264800 0.14199800
v 0.64389100 0.18928700 0.13388100
v 0.63270100 0.18562300 0.13329500
v 0.63180700 0.18616500 0.12911000
v 0.63426400 0.18598000 0.14160300
v 0.63172400 0.18684100 0.14112800
v 0.62732200 0.18360300 0.12722200
v 0.62897600 0.18534900 0.13045600
v 0.61995300 0.17928400 0.12646700
v 0.63322300 0.18463500 0.14083200
v 0.62506600 0.18055500 0.13226700
v 0.92800300 0.27712500 0.17912800
v 0.92263300 0.27515400 0.18193800
v 0.91400700 0.26932500 0.18730800
v 0.89489800 0.26299500 0.19623000
v 0.92172900 0.27661000 0.17549300
v 0.90981600 0.27557200 0.17126700
v 0.89112800 0.26780900 0.18290700
v 0.92280500 0.27402500 0.18114700
v 0.91309000 0.26892700 0.18575500
v 0.90588100 0.27079300 0.17708500
v 0.88597000 0.27149600 0.15815200
v 0.88183800 0.26943000 0.16137700
v 0.87217900 0.26168700 0.17019100
v 0.86753300 0.26145400 0.17247300
v 0.88005900 0.27124600 0.15535800
v 0.88055700 0.27073100 0.15841400
v 0.86922400 0.26949500 0.15284200
v 0.88199400 0.26831600 0.16062100
v 0.87450800 0.26315700 0.16617800
v 0.86674900 0.26478200 0.15908400
v 0.56395500 0.14710900 0.11536000
v 0.56407000 0.14847900 0.11984500
v 0.56696300 0.15041200 0.13465300
v 0.56553500 0.15061100 0.13135300
v 0.56415200 0.15096200 0.13280100
v 0.55899600 0.14461900 0.11486700
v 0.55900500 0.14633900 0.11975000
v 0.55501900 0.14399400 0.11658100
v 0.56526700 0.14797400 0.12779400
v 0.55661200 0.14283500 0.12107000
v 0.83884900 0.25501300 0.14856800
v 0.83965900 0.25651300 0.14452400
v 0.83914600 0.25657700 0.14922600
v 0.83327000 0.25277600 0.16374900
v 0.83260700 0.25427800 0.16410100
v 0.83749200 0.25713300 0.14875900
v 0.83481700 0.25641400 0.14110200
v 0.83604100 0.25733800 0.14490700
v 0.82605500 0.25534900 0.13816300
v 0.83602800 0.25500400 0.14381000
v 0.83207700 0.25215300 0.15587200
v 0.82975400 0.25352700 0.14422100
v 0.83378800 0.25235400 0.15895600
v 0.76165400 0.23373900 0.13531400
v 0.76164100 0.23554600 0.13093800
v 0.76241500 0.23521700 0.13603100
v 0.75945300 0.23114000 0.14738900
v 0.76034600 0.23338400 0.14454300
v 0.75867700 0.23450500 0.14340200
v 0.75425400 0.23562100 0.12878300
v 0.75742500 0.23624700 0.13295500
v 0.73871400 0.23375900 0.13068700
v 0.74767800 0.23465700 0.13849400
v 0.75676100 0.23388400 0.13172000
v 0.75883700 0.23112100 0.14261100
v 0.74906100 0.23213300 0.13439800
v 0.73359300 0.22448800 0.13537600
v 0.73191100 0.22580700 0.13114900
v 0.73342100 0.22575000 0.13559900
v 0.73316800 0.22393300 0.14351700
v 0.73235900 0.22186700 0.14661900
v 0.73052000 0.22467500 0.14600400
v 0.72165900 0.22641200 0.12981900
v 0.72836600 0.22689900 0.13313400
v 0.72224200 0.22652900 0.13677100
v 0.73211400 0.22395300 0.13488200
v 0.72731400 0.22454700 0.13199300
v 0.73115100 0.22184400 0.14192100
v 0.71773700 0.22308800 0.13641100
v 0.81191000 0.25112500 0.14126200
v 0.81234200 0.25298100 0.13732900
v 0.81234300 0.25261800 0.14200100
v 0.80920400 0.24833700 0.15297600
v 0.80755300 0.24902900 0.15698600
v 0.81068800 0.25323800 0.14177800
v 0.80715700 0.25318100 0.13466800
v 0.80882300 0.25377600 0.13827200
v 0.79821000 0.25235900 0.13295800
v 0.80861300 0.25153800 0.13703000
v 0.80909300 0.24840100 0.14840600
v 0.80239800 0.25001200 0.13819800
v 0.69939800 0.21280000 0.14063100
v 0.69942000 0.21336800 0.14498300
v 0.70037000 0.21186500 0.15566500
v 0.70208100 0.21070000 0.15256300
v 0.69873700 0.21250100 0.15506500
v 0.69137000 0.21095100 0.13856900
v 0.69566500 0.21312400 0.14207300
v 0.69977900 0.21092000 0.14449700
v 0.69582700 0.21041900 0.14124500
v 0.70044400 0.20927500 0.15159100
v 0.69177000 0.20837100 0.14302800
v 0.67515900 0.20519500 0.13639800
v 0.67530400 0.20591900 0.14062200
v 0.67682100 0.20525300 0.15101000
v 0.67849100 0.20410700 0.14799900
v 0.67516500 0.20560000 0.15043400
v 0.66975900 0.20321900 0.13439300
v 0.67170100 0.20505500 0.13788200
v 0.66342600 0.20019300 0.13568000
v 0.66643300 0.20279900 0.14236200
v 0.67594900 0.20355900 0.14020000
v 0.67219300 0.20241000 0.13713700
v 0.67709500 0.20243100 0.14717500
v 0.66762700 0.19959100 0.13907400
v 0.59040500 0.16438800 0.14204100
v 0.58856100 0.16478500 0.14664500
v 0.58714100 0.16483400 0.14609300
v 0.57746800 0.15894000 0.13195700
v 0.57073900 0.15337900 0.12102600
v 0.57678900 0.15602800 0.13611500
v 0.58665700 0.16117600 0.14468000
v 0.58815600 0.16245100 0.15114600
v 0.58933400 0.16378500 0.15192900
v 0.58772000 0.16442000 0.16256700
v 0.58599800 0.16543800 0.16218800
v 0.57556800 0.15992600 0.16020200
v 0.57566700 0.15653100 0.15930900
v 0.58315900 0.16164900 0.17620000
v 0.57582100 0.15802200 0.17755900
v 0.58993800 0.16579100 0.17977200
v 0.58477700 0.16680300 0.17883600
v 0.58203000 0.16592000 0.17724300
v 0.57516100 0.16234400 0.17800800
v 0.61135000 0.17403200 0.14717900
v 0.60773900 0.17472100 0.15604700
v 0.59892000 0.16957700 0.13397000
v 0.59493900 0.16549800 0.12350800
v 0.59745300 0.16657000 0.15045300
v 0.60817600 0.17161400 0.15537500
v 0.61042700 0.17354200 0.15689300
v 0.60799900 0.17250700 0.16713400
v 0.60906300 0.17393600 0.16780900
v 0.60792300 0.17488400 0.16762100
v 0.60668000 0.17524000 0.16729200
v 0.59709800 0.17015800 0.16547800
v 0.59669300 0.16671400 0.17817400
v 0.60345400 0.17001200 0.17955500
v 0.60957200 0.17440300 0.18089000
v 0.60347400 0.17538300 0.19100100
v 0.93699100 0.27501200 0.26404800
v 0.93114400 0.27231100 0.26549800
v 0.92334800 0.27242200 0.25144700
v 0.94173800 0.27649700 0.24114300
v 0.92528000 0.27010000 0.26379800
v 0.87639700 0.25656300 0.26359600
v 0.87645500 0.25782000 0.26710200
v 0.87585900 0.25922800 0.26592600
v 0.87503300 0.25979600 0.25378300
v 0.91394000 0.26857800 0.23984500
v 0.89307900 0.26182100 0.25218600
v 0.87339500 0.25851800 0.24163000
v 0.85847900 0.25290300 0.25348700
v 0.85741200 0.25591100 0.24387300
v 0.84332100 0.24556500 0.26821600
v 0.86102600 0.25196300 0.26746300
v 0.86116800 0.25291900 0.26899500
v 0.86006600 0.25544000 0.26736800
v 0.85747100 0.25705700 0.25453100
v 0.93027600 0.27817600 0.20011200
v 0.93011200 0.27354500 0.20817000
v 0.93103600 0.26865700 0.22141700
v 0.90832400 0.26206100 0.22664000
v 0.89007900 0.25720100 0.23291200
v 0.88941100 0.25737600 0.23031200
v 0.88945600 0.25888300 0.23255900
v 0.90807700 0.26385800 0.22771800
v 0.88639700 0.26438900 0.22261900
v 0.90660500 0.26841000 0.21585300
v 0.88433600 0.26449100 0.21063300
v 0.90545400 0.27041900 0.20393400
v 0.86621500 0.25471200 0.22823300
v 0.86999500 0.25225900 0.24036100
v 0.87507500 0.25726500 0.23750000
v 0.86567600 0.25941800 0.22997000
v 0.85147600 0.25636500 0.23833100
v 0.65967800 0.19616700 0.17058600
v 0.65902000 0.19468100 0.18330900
v 0.66499200 0.19731300 0.18310700
v 0.65899800 0.20076300 0.17190100
v 0.65853100 0.20016700 0.18582300
v 0.66481800 0.20365500 0.18492000
v 0.67065000 0.20141300 0.18817700
v 0.66957300 0.19956600 0.18475700
v 0.67412100 0.20335200 0.17083600
v 0.67302400 0.20109000 0.16950600
v 0.67837000 0.20327200 0.15443900
v 0.67686900 0.20181700 0.15328600
v 0.65305000 0.19376400 0.16699300
v 0.66538400 0.19820000 0.14250800
v 0.65991000 0.19730000 0.13779600
v 0.66226200 0.20092600 0.15384000
v 0.67072200 0.20448000 0.17837900
v 0.65494300 0.19454000 0.15280400
v 0.65102800 0.19566200 0.15476000
v 0.63963800 0.19135200 0.15556600
v 0.63446100 0.18632900 0.13573100
v 0.64182200 0.18810100 0.13786000
v 0.65342800 0.19226000 0.15173900
v 0.65160300 0.19220300 0.16584600
v 0.64990400 0.19169200 0.18112400
v 0.65059500 0.19330800 0.18351900
v 0.65130400 0.19565500 0.16646100
v 0.64537600 0.19550100 0.18194200
v 0.63820200 0.19211300 0.16981900
v 0.63989300 0.18695700 0.15423900
v 0.63860800 0.18749300 0.16857300
v 0.63891100 0.18706200 0.18300900
v 0.63740700 0.19175500 0.18500400
v 0.63344000 0.18574700 0.15203100
v 0.63193100 0.18644400 0.15162700
v 0.62977800 0.18631000 0.15422400
v 0.61907300 0.18081400 0.14934700
v 0.61201000 0.17514300 0.13350300
v 0.63227300 0.18419900 0.15096000
v 0.62966800 0.18397600 0.16520200
v 0.63065000 0.18570600 0.16627600
v 0.62768100 0.18331300 0.17926500
v 0.62909800 0.18436600 0.18260700
v 0.62758900 0.18692900 0.18054600
v 0.62419900 0.18712900 0.19857800
v 0.61637300 0.18117000 0.18191300
v 0.61742900 0.17745500 0.18051800
v 0.89410100 0.26396600 0.19522000
v 0.89556400 0.26167700 0.19650600
v 0.89432300 0.27194800 0.17108400
v 0.89083400 0.26595200 0.18050100
v 0.89419900 0.26177400 0.19345800
v 0.90475900 0.26531800 0.18974900
v 0.88024900 0.25730200 0.20340700
v 0.87306700 0.25557700 0.21055500
v 0.85754200 0.25167100 0.21877600
v 0.88017600 0.25919500 0.20461200
v 0.86441400 0.25534100 0.21575000
v 0.87582100 0.26287900 0.19197300
v 0.85483100 0.25956300 0.19463200
v 0.87212200 0.26451000 0.18043000
v 0.87535900 0.26090400 0.18945300
v 0.84411600 0.25317500 0.21218400
v 0.83951000 0.25509900 0.20480100
v 0.83226400 0.25005300 0.22092400
v 0.83833900 0.24624700 0.22839500
v 0.83957100 0.24645300 0.23042900
v 0.85132700 0.25014900 0.22463400
v 0.84002000 0.25208900 0.22964700
v 0.85005000 0.25212900 0.22408000
v 0.84444500 0.25525400 0.21434100
v 0.83523000 0.25346600 0.22672400
v 0.86090300 0.25649600 0.17987800
v 0.85979200 0.25826100 0.17926300
v 0.85449900 0.26204400 0.16738800
v 0.86327700 0.26517800 0.16250900
v 0.85049100 0.26430800 0.15717400
v 0.86051300 0.26664400 0.15357000
v 0.85394100 0.26010500 0.16520000
v 0.86770300 0.25957600 0.17139400
v 0.85919200 0.25648700 0.17720400
v 0.84828300 0.25302300 0.19020000
v 0.83559400 0.25015200 0.20578900
v 0.83470900 0.24976000 0.20432000
v 0.83472900 0.25159800 0.20560900
v 0.82829200 0.25434300 0.19618500
v 0.84232800 0.25817100 0.17991900
v 0.82025500 0.25494900 0.18761100
v 0.83711700 0.25934500 0.16944500
v 0.84159900 0.25609100 0.17761900
v 0.82766800 0.25228400 0.19390100
v 0.81239900 0.25165200 0.19824900
v 0.82602300 0.24627100 0.21006300
v 0.81430500 0.24195600 0.22057400
v 0.81579300 0.24231000 0.22242300
v 0.82746300 0.24650300 0.21212600
v 0.82643500 0.24808700 0.21195800
v 0.81499800 0.24350800 0.22228200
v 0.81959700 0.25122400 0.20342600
v 0.56485400 0.15292300 0.14910900
v 0.55316500 0.14645300 0.13821700
v 0.54869700 0.14172300 0.12231900
v 0.55437500 0.14235600 0.12571600
v 0.56545500 0.15079000 0.15170900
v 0.56672900 0.15235800 0.15227300
v 0.56579800 0.15409400 0.16294600
v 0.56343600 0.15533500 0.16242000
v 0.55116000 0.15077900 0.16641800
v 0.54416500 0.14338400 0.15302300
v 0.55115200 0.14738500 0.16618500
v 0.54114600 0.14539200 0.16362000
v 0.55941300 0.15178900 0.17400100
v 0.53512400 0.14470000 0.17284500
v 0.56833400 0.15624100 0.17642900
v 0.56068500 0.15663100 0.17483200
v 0.54791200 0.15261700 0.17607500
v 0.79706200 0.24922200 0.19188300
v 0.81443100 0.25330800 0.14323300
v 0.82456100 0.25217400 0.14826800
v 0.82445900 0.25008000 0.17553000
v 0.80712200 0.24641300 0.20355700
v 0.81249000 0.24735800 0.19307000
v 0.82127100 0.25163600 0.18294300
v 0.80657100 0.24782400 0.20395800
v 0.81090700 0.25072500 0.19286100
v 0.79164000 0.24795300 0.18143600
v 0.80409400 0.24774800 0.17954800
v 0.79371100 0.24486600 0.19499700
v 0.80066000 0.24417000 0.21049600
v 0.80074600 0.24520600 0.21048400
v 0.80460100 0.24900800 0.20158700
v 0.78909100 0.24663300 0.20239200
v 0.75490500 0.23309300 0.14976100
v 0.75518000 0.22923800 0.15904300
v 0.72833200 0.23187100 0.13604000
v 0.73756500 0.22917800 0.14432700
v 0.75195700 0.22923400 0.14742700
v 0.75100900 0.22707200 0.16308500
v 0.74336100 0.22367700 0.17984700
v 0.74274800 0.22398200 0.18559100
v 0.75021800 0.22847400 0.17010700
v 0.74246500 0.22538100 0.18611300
v 0.74309600 0.22694400 0.18045100
v 0.73026100 0.22674400 0.17279000
v 0.71903500 0.22536800 0.16294800
v 0.72888300 0.22350400 0.16994400
v 0.72248300 0.22073600 0.17810100
v 0.71402300 0.22342200 0.17349400
v 0.73884700 0.22278900 0.18878500
v 0.71606800 0.21878000 0.18910700
v 0.70922900 0.22045100 0.18453700
v 0.73463300 0.22129300 0.19968200
v 0.72910400 0.21955600 0.21306200
v 0.73476000 0.22370100 0.20011800
v 0.73108300 0.22491900 0.19935100
v 0.73759000 0.22611800 0.18902000
v 0.72466700 0.22405700 0.18025700
v 0.71624200 0.22183400 0.18898900
v 0.72575300 0.22690800 0.21119100
v 0.72656500 0.22445000 0.20972100
v 0.73013900 0.22221600 0.15413500
v 0.72685200 0.21872500 0.16294800
v 0.71253100 0.22479000 0.14605600
v 0.71203400 0.22506800 0.13228200
v 0.70583000 0.22219100 0.13695300
v 0.71115800 0.22151900 0.14406900
v 0.72516400 0.22048400 0.14695300
v 0.72557100 0.21839200 0.15946300
v 0.71564700 0.21451900 0.18171900
v 0.71504700 0.21393200 0.18748200
v 0.71955100 0.21753900 0.17912300
v 0.71560100 0.21798100 0.18253100
v 0.72229300 0.22063900 0.16633200
v 0.70688500 0.21938200 0.17112500
v 0.69497900 0.21408600 0.17127500
v 0.70614300 0.21776000 0.16174400
v 0.69551700 0.21240400 0.18726600
v 0.70552100 0.21192400 0.19559600
v 0.70964300 0.21205000 0.19720000
v 0.71108400 0.21316300 0.19808400
v 0.71521600 0.21553400 0.18790600
v 0.70723000 0.21614900 0.19756800
v 0.70138700 0.21692700 0.17884200
v 0.69546700 0.21581600 0.18886100
v 0.70622700 0.21289300 0.20698900
v 0.70526400 0.21598100 0.20665700
v 0.80451300 0.24605300 0.16451200
v 0.77898700 0.24264200 0.18231200
v 0.78729500 0.24985600 0.13931000
v 0.79771500 0.24830400 0.14271400
v 0.80689400 0.24672200 0.15511300
v 0.79116500 0.23954100 0.18653700
v 0.78717100 0.23756200 0.19704500
v 0.79866500 0.24476000 0.17620200
v 0.78671500 0.23886200 0.19755600
v 0.78972800 0.24293300 0.18678600
v 0.76968200 0.24094100 0.17768400
v 0.78138200 0.24105000 0.17466600
v 0.77058600 0.23515400 0.19594800
v 0.78631000 0.23687900 0.19581300
v 0.76210600 0.23686800 0.18944900
v 0.78024500 0.23544800 0.20726900
v 0.78103000 0.23650000 0.20838200
v 0.77841900 0.23866800 0.20795200
v 0.78458100 0.24031500 0.19555400
v 0.76965500 0.23804300 0.19809800
v 0.70158900 0.20979400 0.15917000
v 0.68588600 0.20953700 0.15758400
v 0.68273900 0.20792400 0.14179000
v 0.68679700 0.20596400 0.15113900
v 0.69988100 0.20826200 0.15779200
v 0.69293000 0.20591000 0.17943600
v 0.69420900 0.20776500 0.18076600
v 0.69012500 0.20948100 0.18562400
v 0.68201400 0.20811800 0.17506300
v 0.68526500 0.20490000 0.16020300
v 0.68233400 0.20366400 0.17339900
v 0.68220700 0.20180200 0.18598900
v 0.68098000 0.20664500 0.18705100
v 0.84616400 0.24831100 0.24000300
v 0.84370100 0.24684100 0.24930200
v 0.84555600 0.25103900 0.27124700
v 0.57874100 0.15904200 0.20108100
v 0.59638800 0.16176400 0.20151900
v 0.59992000 0.15901200 0.23128800
v 0.60724700 0.16658700 0.20253100
v 0.60794700 0.17805600 0.19539000
v 0.59561900 0.17485100 0.22102200
v 0.59478400 0.17100400 0.18943900
v 0.57888000 0.16514000 0.18971200
v 0.67281700 0.19682400 0.21121300
v 0.68274700 0.20232500 0.20368000
v 0.66703100 0.19346300 0.24179900
v 0.65315700 0.18764900 0.21012000
v 0.66368700 0.19318700 0.21090900
v 0.68857700 0.21420400 0.20682300
v 0.68188500 0.21014100 0.20246900
v 0.67264000 0.21811300 0.25269000
v 0.66576900 0.20490100 0.20375900
v 0.64591800 0.19720900 0.20410800
v 0.76626200 0.22953400 0.22256700
v 0.73969900 0.21849200 0.26640100
v 0.78715800 0.23068100 0.25782300
v 0.80362000 0.23936200 0.22475900
v 0.80743600 0.24072400 0.22938500
v 0.80387800 0.24774300 0.24316500
v 0.81910300 0.24225400 0.23525600
v 0.78195500 0.24200800 0.22759100
v 0.76626400 0.23721700 0.22074500
v 0.75157900 0.23981500 0.25862600
v 0.83046000 0.25033500 0.26912100
v 0.84670100 0.25680500 0.24740000
v 0.60073700 0.15637500 0.24147900
v 0.60124800 0.15552500 0.25141500
v 0.63564600 0.17739800 0.23663800
v 0.63552700 0.17557200 0.24705200
v 0.62678700 0.16983400 0.25556900
v 0.66623000 0.19136200 0.25298800
v 0.66560600 0.19006400 0.26336800
v 0.66264500 0.19266000 0.27268800
v 0.64814000 0.18582700 0.26900100
v 0.61801900 0.16736300 0.25919900
v 0.66148900 0.20050600 0.27972200
v 0.62225900 0.18156700 0.27033300
v 0.59763600 0.16951500 0.26666300
v 0.55574500 0.14283900 0.26029400
v 0.59643900 0.17341400 0.25240100
v 0.55994700 0.16035700 0.22043200
v 0.55686800 0.15535100 0.18699500
v 0.63521300 0.19323300 0.26089900
v 0.62584500 0.19517600 0.23535100
v 0.67084400 0.21012300 0.27311500
v 0.63028800 0.17714800 0.20773600
v 0.68392300 0.20927100 0.28850300
v 0.69620900 0.22006500 0.28170600
v 0.69279300 0.22576100 0.25897400
v 0.71518400 0.22586300 0.21842900
v 0.70029400 0.21787000 0.21046800
v 0.72217900 0.21623600 0.21530500
v 0.70017800 0.20984100 0.20750100
v 0.69335000 0.20142600 0.26792000
v 0.67870400 0.19498800 0.25784800
v 0.69238800 0.20150200 0.27598100
v 0.67761800 0.19468900 0.26946300
v 0.69007500 0.20758900 0.28541300
v 0.67493300 0.19807400 0.27874900
v 0.71687000 0.21215600 0.28151400
v 0.73158000 0.22422300 0.29581400
v 0.70872800 0.21872000 0.29491700
v 0.74555800 0.22002500 0.28024800
v 0.73847300 0.22369800 0.29045400
v 0.74572000 0.23094800 0.29600300
v 0.74438500 0.23627200 0.28365400
v 0.71592800 0.22553000 0.29276600
v 0.71979000 0.23541100 0.26303200
v 0.73846600 0.22976200 0.22041600
v 0.74741200 0.22436100 0.21289500
v 0.71619400 0.21097900 0.27258100
v 0.76502900 0.22446700 0.27174100
v 0.76226100 0.22439100 0.26538300
v 0.77465500 0.22691200 0.27600000
v 0.80088800 0.23405800 0.26536200
v 0.79266200 0.23198600 0.27248900
v 0.79341100 0.23475400 0.27820500
v 0.76944200 0.23072700 0.28502500
v 0.79377100 0.23911800 0.28110900
v 0.75812700 0.23311100 0.29328100
v 0.78777000 0.24330200 0.27150500
v 0.76595600 0.23995600 0.27912200
v 0.77344200 0.24495600 0.25580000
v 0.79356200 0.24486500 0.23467300
v 0.79835200 0.23704800 0.22381700
v 0.82214500 0.24664100 0.27517100
v 0.81349100 0.24907600 0.26504200
v 0.82691500 0.25341900 0.24689700
v 0.82597400 0.24369600 0.23841800
v 0.80851200 0.23736500 0.25768200
v 0.80515400 0.23711500 0.27286000
v 0.82033000 0.24185000 0.27169000
v 0.71418900 0.21277600 0.21266200
v 0.77247100 0.23355700 0.22560400
v 0.51137600 0.13952900 0.31790200
v 0.50913400 0.14002700 0.32682800
v 0.51031300 0.14114400 0.32407100
v 0.51063600 0.14045500 0.32393100
v 0.51151200 0.14333100 0.31809400
v 0.50783600 0.14977300 0.29873900
v 0.51167400 0.14631500 0.31407800
v 0.51198700 0.14302900 0.30553200
v 0.50951200 0.14821400 0.31381100
v 0.50890700 0.14958800 0.30619500
v 0.50523600 0.14115600 0.33052300
v 0.50454400 0.13442000 0.33556900
v 0.50417800 0.13435100 0.33693300
v 0.54038300 0.14719500 0.17469200
v 0.55248700 0.15030300 0.18826700
v 0.54049300 0.14891400 0.17424600
v 0.56344900 0.14331600 0.23164000
v 0.56692000 0.14212200 0.23691400
v 0.55123500 0.14981100 0.26406900
v 0.50980600 0.12585000 0.10868900
v 0.50000000 0.12542900 0.07689100
v 0.51769000 0.12400000 0.07205790
v 0.51503000 0.12365900 0.03849340
v 0.52510000 0.12366200 0.04006050
v 0.51409900 0.12357800 0.03173600
v 0.50640400 0.12416800 0.03411640
v 0.50000000 0.12502300 0.04396200
v 0.53403600 0.11970600 0.06573210
v 0.54355000 0.11932400 0.04373140
v 0.52267700 0.12279300 0.10594700
v 0.53427900 0.11974400 0.03963870
v 0.52932800 0.12068500 0.04440580
v 0.54179300 0.12246000 0.03823820
v 0.53505700 0.12455300 0.06167220
v 0.51709800 0.13053600 0.10723500
v 0.51785900 0.12855600 0.07003280
v 0.52976900 0.12412800 0.04254930
v 0.50000000 0.13157100 0.07591560
v 0.51542300 0.12732400 0.03277470
v 0.52265400 0.12558600 0.03200410
v 0.51584300 0.12671000 0.02500000
v 0.50575700 0.12758400 0.02848230
v 0.50000000 0.12863800 0.03872850
v 0.54542400 0.11795900 0.07484000
v 0.54757600 0.11600400 0.05021810
v 0.55076200 0.11602300 0.04881960
v 0.53143700 0.12078300 0.11000800
v 0.55323700 0.11857900 0.03880340
v 0.55114900 0.12127200 0.05717770
v 0.53265300 0.12635800 0.10724600
v 0.54653200 0.12016900 0.10317600
v 0.56631900 0.12097000 0.05398020
v 0.56159300 0.11970300 0.05570490
v 0.55854200 0.12001400 0.07694590
v 0.53174200 0.12187300 0.12614300
v 0.53356700 0.12716700 0.12361400
v 0.54847600 0.12480400 0.09873400
v 0.56338400 0.12216700 0.04819500
v 0.56730000 0.12259400 0.04789980
v 0.56267500 0.12361700 0.06354230
v 0.54864000 0.12168700 0.10239700
v 0.54908900 0.12376900 0.10157800
v 0.54293000 0.11967200 0.03833320
v 0.53963100 0.11982800 0.03696440
v 0.54049000 0.12113800 0.03275920
v 0.54293000 0.12128700 0.03732030
v 0.54911500 0.11775800 0.06151530
v 0.56295200 0.12102900 0.04866070
v 0.55471800 0.11852300 0.04592700
v 0.51896000 0.12425100 0.03095700
v 0.51638700 0.12568900 0.02527910
v 0.51950400 0.12555500 0.02678610
v 0.53440300 0.12292900 0.12602400
v 0.55533100 0.12180100 0.08885280
v 0.55965500 0.12166300 0.08192490
v 0.56330900 0.12145700 0.07128150
v 0.56772800 0.12223900 0.05376830
v 0.52293500 0.12403800 0.03206090
v 0.50000000 0.12711000 0.03243370
v 0.50455900 0.12661700 0.02857280
v 0.51137600 0.12604000 0.02581450
v 0.52584200 0.12502800 0.03643600
v 0.53094500 0.12235000 0.03355120
v 0.53510300 0.12148400 0.03266750
v 0.54462200 0.12079700 0.04007980
v 0.55065900 0.11816800 0.03781380
v 0.55394100 0.11755900 0.03967610
v 0.56800600 0.12177500 0.04875500
v 0.56407100 0.12315200 0.06813700
v 0.56028500 0.12356200 0.07921580
v 0.53443900 0.12562600 0.12580100
v 0.52971400 0.13098400 0.25914600
v 0.53420600 0.13422700 0.26364000
v 0.52101600 0.12954400 0.26974600
v 0.52148900 0.12232600 0.26263000
v 0.52531500 0.13002100 0.26721400
v 0.52874000 0.13454100 0.26854400
v 0.53245200 0.13237700 0.25233600
v 0.52712600 0.12579800 0.25038500
v 0.52431300 0.13435400 0.27102900
v 0.52876300 0.13850100 0.27002300
v 0.52606000 0.14299800 0.26960400
v 0.52266100 0.13901800 0.27214700
v 0.53550400 0.13915100 0.26808400
v 0.53371000 0.15287600 0.25575800
v 0.52641900 0.14786600 0.26477100
v 0.53539700 0.14928500 0.26292600
v 0.52509300 0.15396400 0.25548600
v 0.53327600 0.14381000 0.26792500
v 0.52205700 0.15430200 0.24237300
v 0.52080700 0.14562800 0.26996100
v 0.53084100 0.12379300 0.23005800
v 0.53431900 0.13246800 0.22767600
v 0.53471100 0.13163500 0.21789700
v 0.53088000 0.11631200 0.22302500
v 0.53269400 0.12250400 0.21218400
v 0.53648400 0.13325700 0.21431500
v 0.53266900 0.12344300 0.21753400
v 0.53021800 0.12543300 0.23761100
v 0.53795000 0.13474500 0.23589500
v 0.53911500 0.13452700 0.24430500
v 0.53144900 0.12920600 0.23409700
v 0.53344300 0.12815700 0.20555600
v 0.53073000 0.10646900 0.20618600
v 0.53117300 0.11782900 0.19937300
v 0.53948800 0.13840500 0.20146600
v 0.53281000 0.13160800 0.19318500
v 0.53102900 0.12164500 0.18332300
v 0.52932100 0.13211700 0.17524100
v 0.53206800 0.13976400 0.17311200
v 0.53573800 0.14059000 0.18456200
v 0.53021500 0.13584700 0.16988300
v 0.52995900 0.13834600 0.16827200
v 0.53105300 0.14120700 0.17228700
v 0.52719400 0.14248000 0.17588900
v 0.53194100 0.14451700 0.17874100
v 0.52834900 0.14532300 0.18347700
v 0.51727900 0.12363600 0.26809100
v 0.51852500 0.15310700 0.22335500
v 0.52959400 0.15395300 0.20361700
v 0.51651700 0.14944700 0.19919200
v 0.52908900 0.15706000 0.22446800
v 0.52657700 0.15177700 0.19289400
v 0.53024900 0.15706100 0.23625600
v 0.52373000 0.14263300 0.16544500
v 0.52122000 0.14791600 0.17945700
v 0.50925500 0.11698000 0.27106100
v 0.50888900 0.11556000 0.26322400
v 0.52035500 0.13440600 0.27230200
v 0.52023300 0.14171100 0.27293700
v 0.51444000 0.14908300 0.27140200
v 0.52021300 0.15157900 0.26405100
v 0.50000000 0.10790100 0.26147900
v 0.50000000 0.11178600 0.27088600
v 0.50566800 0.15195800 0.26919000
v 0.50281500 0.15321600 0.25832800
v 0.50818500 0.10810500 0.24896700
v 0.52327800 0.11813600 0.25134200
v 0.51722200 0.11228800 0.24529900
v 0.52685400 0.11655200 0.23444400
v 0.50731600 0.10372900 0.23495500
v 0.52099700 0.11091800 0.23573500
v 0.51461200 0.15339400 0.25892700
v 0.50000000 0.10141400 0.23927000
v 0.50000000 0.10497500 0.24891300
v 0.50000000 0.09988140 0.22679200
v 0.51341200 0.09675510 0.20966900
v 0.51602000 0.10322300 0.22545100
v 0.50957900 0.09928330 0.22054300
v 0.50000000 0.09709860 0.21799800
v 0.50000000 0.09600090 0.20930800
v 0.50764100 0.09645750 0.21082500
v 0.50000000 0.09781060 0.19861000
v 0.52254600 0.10108900 0.21813700
v 0.52324900 0.10771400 0.22827200
v 0.52871000 0.11118900 0.22603900
v 0.50000000 0.14758400 0.17820100
v 0.50000000 0.15297900 0.21920000
v 0.49168700 0.15236100 0.24423000
v 0.50831300 0.15236100 0.24423000
v 0.49718500 0.15322600 0.25454000
v 0.50000000 0.11458800 0.14861000
v 0.50000000 0.11113400 0.16339900
v 0.50861900 0.11534600 0.15328400
v 0.49861000 0.10374800 0.18598600
v 0.50674400 0.10964500 0.16585600
v 0.51252600 0.11227600 0.15690400
v 0.51862100 0.09646240 0.20901400
v 0.52270000 0.09828680 0.20994500
v 0.52829500 0.10306400 0.21097100
v 0.53031900 0.12142500 0.17168400
v 0.52795500 0.12923900 0.16313600
v 0.52638200 0.12058300 0.15854700
v 0.52703600 0.12829700 0.15129400
v 0.52652200 0.13163000 0.14622800
v 0.52630200 0.13652700 0.15763000
v 0.52792500 0.12973000 0.13290100
v 0.52201400 0.13569500 0.14380300
v 0.51049400 0.14643000 0.16649000
v 0.51910500 0.13320400 0.13011200
v 0.50000000 0.14443700 0.15319500
v 0.50000000 0.14544500 0.16559800
v 0.50994300 0.14713500 0.18056500
v 0.50816100 0.11823400 0.13856000
v 0.50000000 0.11568400 0.13529300
v 0.52234500 0.12230600 0.13843200
v 0.51624100 0.11893300 0.14779700
v 0.52312600 0.12142900 0.14956500
v 0.52549800 0.12405300 0.14711400
v 0.52853100 0.12620400 0.13747800
v 0.52150300 0.11700400 0.15605000
v 0.50000000 0.13761600 0.12979200
v 0.51762600 0.14095600 0.27640300
v 0.50998700 0.14890000 0.27789900
v 0.53825600 0.15739600 0.22077000
v 0.54059900 0.15801600 0.23950800
v 0.53919900 0.15250100 0.19077100
v 0.54497500 0.14374000 0.20618800
v 0.55688800 0.15027200 0.19994400
v 0.54534600 0.14017500 0.21616800
v 0.54110300 0.13810400 0.26390500
v 0.54325400 0.14350500 0.26574500
v 0.54705800 0.14863100 0.17834900
v 0.56261000 0.14440300 0.22560400
v 0.55457600 0.13741400 0.25252200
v 0.54359700 0.15059200 0.26374800
v 0.55191500 0.15696100 0.25680500
v 0.54469500 0.15718200 0.25268600
v 0.56956200 0.16330700 0.24595700
v 0.55565900 0.16198900 0.23567100
v 0.55986500 0.14610400 0.21429100
v 0.54513800 0.14485100 0.19508900
v 0.51843500 0.05139510 0.14570300
v 0.51960400 0.05095840 0.14512700
v 0.51992500 0.05358230 0.14455400
v 0.52050600 0.05154490 0.14160300
v 0.51965900 0.05017610 0.13977400
v 0.51711700 0.05062120 0.13984800
v 0.51639200 0.05149520 0.14030100
v 0.51611200 0.05422690 0.13933900
v 0.51640000 0.05455250 0.14163000
v 0.51794900 0.05407380 0.14471300
v 0.52323300 0.05138920 0.14593600
v 0.52216700 0.05087050 0.14550800
v 0.52085100 0.05059280 0.14094600
v 0.52115700 0.05026980 0.13968800
v 0.52198600 0.05017160 0.13938100
v 0.52392800 0.05046750 0.13931600
v 0.52489600 0.05103780 0.14051100
v 0.52516800 0.05247510 0.14182100
v 0.52489300 0.05389620 0.14351400
v 0.52488800 0.05128400 0.14529600
v 0.51648300 0.06289500 0.12111300
v 0.51653900 0.06376450 0.12349500
v 0.51632000 0.06304100 0.12315200
v 0.51751700 0.06412490 0.12366600
v 0.51790100 0.06305000 0.12290700
v 0.51756000 0.06132730 0.11879100
v 0.51823300 0.06127110 0.12274900
v 0.51805800 0.06021950 0.12277100
v 0.51706000 0.06009800 0.12161400
v 0.51723600 0.05968200 0.12324300
v 0.51676800 0.06031250 0.12296600
v 0.51630600 0.06164440 0.12315000
v 0.51641900 0.06157210 0.11857900
v 0.51747500 0.05995140 0.11965000
v 0.51625000 0.06021490 0.11958700
v 0.51733000 0.05873700 0.11722300
v 0.51636300 0.05853800 0.11761700
v 0.51783600 0.05849150 0.11817900
v 0.51669200 0.05820860 0.11859500
v 0.51776100 0.05522110 0.11870500
v 0.51865000 0.06356680 0.12342600
v 0.51886500 0.06022720 0.12311900
v 0.51589200 0.06040230 0.12360900
v 0.51558000 0.06304100 0.12390600
v 0.51816500 0.06416500 0.12496900
v 0.51914400 0.06334200 0.12475600
v 0.51954400 0.06020590 0.12442900
v 0.51883300 0.05962200 0.12449900
v 0.51726900 0.05955350 0.12528700
v 0.51622400 0.06012260 0.12551900
v 0.51546500 0.06232850 0.12522500
v 0.51596500 0.06349710 0.12525800
v 0.51923500 0.06040360 0.12569700
v 0.51904400 0.06200490 0.13198500
v 0.52025300 0.06138220 0.13062900
v 0.52008500 0.05959740 0.12891100
v 0.51853900 0.05872920 0.12885700
v 0.51734800 0.05884490 0.12989000
v 0.51688700 0.05964460 0.13127800
v 0.51730300 0.06020720 0.13234700
v 0.51776100 0.06151270 0.13218000
v 0.52094700 0.06007480 0.13014400
v 0.51915400 0.06073110 0.13361100
v 0.52037200 0.06057670 0.13308600
v 0.52124400 0.05958380 0.13209200
v 0.52114500 0.05832170 0.13117600
v 0.52002000 0.05735470 0.13080100
v 0.51915900 0.05607630 0.13270800
v 0.51793800 0.05735210 0.13236700
v 0.51773300 0.05823900 0.13308500
v 0.51823800 0.05951150 0.13382900
v 0.51699600 0.03275790 0.15280200
v 0.51673700 0.03512020 0.15368900
v 0.51654500 0.03475200 0.15297000
v 0.51769200 0.03542960 0.15401700
v 0.51821200 0.03048350 0.15133000
v 0.51814400 0.03473840 0.15292300
v 0.51843300 0.03463570 0.15113300
v 0.51822000 0.03463510 0.15008700
v 0.51742500 0.03478170 0.14979900
v 0.51661500 0.03467580 0.15103500
v 0.51725300 0.03024580 0.15146100
v 0.51840100 0.03128770 0.15015300
v 0.51776800 0.03158290 0.14957200
v 0.51712300 0.03069150 0.14907500
v 0.51678700 0.03072190 0.15089600
v 0.51756200 0.02905530 0.14851000
v 0.51860500 0.03006490 0.14833100
v 0.51834000 0.03058490 0.14507000
v 0.51882800 0.03535920 0.15341800
v 0.51896800 0.03509690 0.15007100
v 0.51650700 0.03512150 0.14972400
v 0.51579300 0.03514600 0.15077800
v 0.51570400 0.03539020 0.15300100
v 0.51854200 0.03680030 0.15381300
v 0.51669200 0.03684300 0.15389900
v 0.51929200 0.03670670 0.15279500
v 0.51944900 0.03649160 0.15003700
v 0.51871600 0.03645930 0.14947800
v 0.51607800 0.03645670 0.14955500
v 0.51548000 0.03671830 0.15272600
v 0.51896100 0.03770340 0.15025000
v 0.51713200 0.03755540 0.14969400
v 0.51615400 0.03768980 0.15018600
v 0.51721100 0.04345630 0.15159000
v 0.51855100 0.04329280 0.15117200
v 0.51954600 0.04253510 0.14994000
v 0.51931400 0.04119990 0.14894900
v 0.51814700 0.04026590 0.14837900
v 0.51703500 0.04057590 0.14803300
v 0.51611300 0.04074650 0.14879200
v 0.51559900 0.04175090 0.14982800
v 0.51610500 0.04285230 0.15102600
v 0.51725900 0.04502660 0.15026700
v 0.51852600 0.04479080 0.14991800
v 0.51944000 0.04400340 0.14877900
v 0.51952100 0.04328700 0.14782000
v 0.51886600 0.04285420 0.14687300
v 0.51605300 0.04278450 0.14715200
v 0.51539600 0.04325670 0.14871700
v 0.51609500 0.04460930 0.14965900
v 0.52801500 0.03206740 0.15368700
v 0.52712000 0.03197500 0.15419900
v 0.52658800 0.03149960 0.15383500
v 0.52605800 0.03137560 0.15260200
v 0.52680300 0.02654450 0.15172400
v 0.52648900 0.02739970 0.15051800
v 0.52613700 0.03135100 0.15041300
v 0.52694200 0.03175480 0.15000900
v 0.52765400 0.03159520 0.15076600
v 0.52794700 0.03169860 0.15304000
v 0.52784700 0.02645400 0.15184300
v 0.52708300 0.02778080 0.14992800
v 0.52787300 0.02763490 0.15029600
v 0.52820200 0.02701020 0.15126200
v 0.52792300 0.02566280 0.14875000
v 0.52693400 0.02500000 0.14895800
v 0.52646500 0.02601480 0.14870900
v 0.52733800 0.02656390 0.14846000
v 0.52664800 0.02668530 0.14541500
v 0.52570900 0.03208420 0.15406100
v 0.52501100 0.03177540 0.15214200
v 0.52526100 0.03178380 0.15040200
v 0.52844900 0.03228570 0.15102700
v 0.52692200 0.03458660 0.15403300
v 0.52544600 0.03362030 0.15416400
v 0.52467500 0.03412030 0.15281400
v 0.52455600 0.03323790 0.15037200
v 0.52532900 0.03330760 0.14981000
v 0.52756900 0.03432050 0.14994600
v 0.52829800 0.03445680 0.15073100
v 0.52877300 0.03396460 0.15262700
v 0.52819400 0.03396590 0.15378900
v 0.52472100 0.03469320 0.15092700
v 0.52557200 0.03470680 0.15018000
v 0.52548100 0.04235100 0.15295000
v 0.52403200 0.04260550 0.15238100
v 0.52308900 0.04167790 0.15114700
v 0.52356200 0.04051650 0.15004700
v 0.52499600 0.03965930 0.14958400
v 0.52606600 0.03979240 0.14951600
v 0.52701000 0.04078330 0.14971100
v 0.52734200 0.04163600 0.15094700
v 0.52632200 0.04237750 0.15261400
v 0.52540100 0.04476690 0.15111800
v 0.52400800 0.04452400 0.15119700
v 0.52310800 0.04333480 0.15097000
v 0.52281700 0.04287490 0.14919800
v 0.52361500 0.04266630 0.14767200
v 0.52509000 0.04239880 0.14744900
v 0.52642100 0.04310680 0.14789300
v 0.52694700 0.04374760 0.14910800
v 0.52692100 0.04382060 0.15044500
v 0.52790500 0.05245830 0.14368300
v 0.52677100 0.05067740 0.14268000
v 0.52557900 0.05098680 0.13883500
v 0.52606500 0.05144220 0.13791700
v 0.52868400 0.05015550 0.13946700
v 0.52967900 0.05137050 0.14002400
v 0.52919000 0.05329610 0.14098800
v 0.52797300 0.05436840 0.14203900
v 0.53662900 0.03782610 0.14970400
v 0.53621600 0.03807670 0.15076400
v 0.53567200 0.03754580 0.15053000
v 0.53549500 0.03326310 0.14844500
v 0.53469500 0.03738230 0.14944200
v 0.53420500 0.03723250 0.14780800
v 0.53480900 0.03759810 0.14697100
v 0.53585900 0.03768210 0.14763800
v 0.53662300 0.03380310 0.14760100
v 0.53647400 0.03324630 0.14825800
v 0.53427500 0.03270950 0.14570100
v 0.53491700 0.03426820 0.14693700
v 0.53574400 0.03366360 0.14597800
v 0.53551400 0.03196020 0.14549300
v 0.53452000 0.03194270 0.14589000
v 0.53466600 0.03339290 0.14530200
v 0.53337700 0.03321270 0.14255200
v 0.53492600 0.03801990 0.15103000
v 0.53367700 0.03756710 0.14927400
v 0.53340100 0.03756900 0.14772700
v 0.53555900 0.03813160 0.14663200
v 0.53684200 0.03845660 0.14804500
v 0.53711500 0.03858960 0.14994800
v 0.53504400 0.03950110 0.15133100
v 0.53633500 0.03984990 0.15074000
v 0.53389100 0.03920520 0.15081700
v 0.53264400 0.03882090 0.14791800
v 0.53470000 0.03933700 0.14639000
v 0.53554500 0.04012380 0.14675000
v 0.53711100 0.03997390 0.14924200
v 0.53289900 0.04011470 0.14803100
v 0.53444500 0.04036540 0.14692600
v 0.53343400 0.04608400 0.14896200
v 0.53177700 0.04547810 0.14928600
v 0.53070400 0.04441740 0.14838800
v 0.53098300 0.04316490 0.14730600
v 0.53121800 0.04379860 0.14555400
v 0.53275000 0.04272370 0.14606300
v 0.53382800 0.04394140 0.14588100
v 0.53446800 0.04479020 0.14700900
v 0.53435400 0.04536570 0.14807000
v 0.53251000 0.04713890 0.14856700
v 0.53098100 0.04686820 0.14816600
v 0.53002000 0.04580560 0.14733100
v 0.52996900 0.04486900 0.14607500
v 0.53204400 0.04542840 0.14424000
v 0.53318500 0.04581530 0.14481900
v 0.53387600 0.04624360 0.14597000
v 0.53315400 0.04737790 0.14715200
v 0.64981500 0.18388200 0.26487100
v 0.66427800 0.19080200 0.26829100
v 0.61691900 0.17000800 0.26332800
v 0.60107900 0.15812000 0.25648700
v 0.64635900 0.18936100 0.27299100
v 0.64452400 0.19221500 0.27467400
v 0.66008600 0.19543700 0.27687900
v 0.61565700 0.17400400 0.26740300
v 0.59882900 0.16423000 0.26497500
v 0.57937800 0.15792100 0.26363800
v 0.57939300 0.16192000 0.26370000
v 0.57974100 0.15530100 0.26183600
v 0.55600600 0.14648000 0.26266600
v 0.57737200 0.16456800 0.25968300
v 0.59629400 0.17255000 0.26070900
v 0.57610100 0.16584000 0.25680000
v 0.62055300 0.18429400 0.26519400
v 0.64330300 0.19493500 0.27032300
v 0.66425400 0.20510700 0.27641600
v 0.66986300 0.20787300 0.27975500
v 0.68845000 0.21479900 0.28632700
v 0.68406800 0.20053100 0.27767900
v 0.67638900 0.19591300 0.27433400
v 0.68548400 0.20648800 0.28700200
v 0.66972200 0.19959100 0.28071000
v 0.71075900 0.21187900 0.28542000
v 0.71642500 0.21917800 0.29471600
v 0.76042600 0.22571300 0.28266700
v 0.74603800 0.22795400 0.29439100
v 0.73066800 0.22628300 0.29758000
v 0.73107900 0.23026900 0.29329800
v 0.74516200 0.23463300 0.29078200
v 0.70228100 0.21956800 0.28965800
v 0.78711800 0.23145000 0.27661500
v 0.78777300 0.23569300 0.28203200
v 0.76418500 0.23155700 0.28935300
v 0.77967100 0.23975100 0.28178300
v 0.76239300 0.23750200 0.28754700
v 0.80412400 0.24457900 0.27453300
v 0.81750700 0.24870800 0.27127100
v 0.84148400 0.25272500 0.26693100
v 0.83871500 0.24690700 0.27154800
v 0.82129700 0.24396400 0.27425900
v 0.51700600 0.05484710 0.14317300
v 0.51713600 0.05177490 0.13793600
v 0.51944100 0.05879900 0.13823600
v 0.52183800 0.05398990 0.14497200
v 0.51784800 0.05476440 0.13526900
v 0.51892800 0.05269470 0.13595300
v 0.52188200 0.05861300 0.13751100
v 0.52393900 0.05427670 0.14483800
v 0.52357500 0.05510740 0.13451200
v 0.52481200 0.05272830 0.13594900
v 0.52558500 0.05604080 0.14271300
v 0.52581200 0.05691090 0.14060800
v 0.52560700 0.05372370 0.13606100
v 0.51829000 0.05132590 0.13750400
v 0.51678300 0.05542000 0.13739200
v 0.51912800 0.05532830 0.14426000
v 0.51779400 0.05256620 0.13642100
v 0.51661900 0.05338850 0.13756000
v 0.51900300 0.05808980 0.14084400
v 0.51732100 0.05678040 0.13932100
v 0.51856700 0.05727840 0.14277500
v 0.52400100 0.05357580 0.13511600
v 0.52412300 0.05643090 0.13546400
v 0.51940000 0.05158630 0.13689300
v 0.52568500 0.05447690 0.14345400
v 0.52767800 0.05395560 0.13847300
v 0.52429100 0.05796440 0.14203100
v 0.52617800 0.05650650 0.13885400
v 0.52672600 0.05228130 0.13752400
v 0.51752400 0.05587860 0.14270400
v 0.51667800 0.05591740 0.13917000
v 0.51852600 0.05384970 0.13548600
v 0.52036200 0.05074910 0.13897000
v 0.52058500 0.05354540 0.14379600
v 0.51998900 0.05603630 0.14498600
v 0.51922800 0.05665770 0.14420100
v 0.52160300 0.05610600 0.14523700
v 0.52407300 0.05670480 0.14453900
v 0.52159900 0.05946240 0.13847100
v 0.52387900 0.05867050 0.14037500
v 0.52220200 0.05506990 0.13417400
v 0.52443600 0.05129360 0.13789200
v 0.52388800 0.05781910 0.13665200
v 0.51882900 0.06600980 0.14008300
v 0.51943900 0.05877320 0.14737300
v 0.52361200 0.05907940 0.14721300
v 0.52483000 0.05984480 0.14630700
v 0.52070900 0.06592070 0.14014400
v 0.51660300 0.08230480 0.14649900
v 0.51687600 0.07685720 0.15726000
v 0.51617900 0.07377420 0.16286900
v 0.51663000 0.07966530 0.17841100
v 0.51912600 0.07015720 0.16812200
v 0.52265800 0.07001790 0.16827000
v 0.52671300 0.07454630 0.17420100
v 0.52852700 0.07155100 0.16593300
v 0.52917700 0.07511040 0.16059600
v 0.52751300 0.07761040 0.15586000
v 0.52029100 0.08220680 0.14677300
v 0.51854000 0.08271250 0.14571800
v 0.51424400 0.09346710 0.14826300
v 0.51472700 0.08761970 0.16312900
v 0.51328500 0.08642580 0.17359700
v 0.51809800 0.07827210 0.18092000
v 0.52318400 0.08047860 0.18477500
v 0.53160000 0.08714830 0.18532700
v 0.53012800 0.08596320 0.16632000
v 0.52845000 0.08895100 0.15990100
v 0.52038100 0.09253140 0.15161200
v 0.51862800 0.09347590 0.14880100
v 0.51657300 0.09397150 0.14734000
v 0.51080900 0.09947670 0.15537900
v 0.51142000 0.09382800 0.16835300
v 0.51396300 0.08425240 0.18453400
v 0.51748000 0.08535530 0.19141900
v 0.52992700 0.08639430 0.19003400
v 0.53107100 0.09006050 0.17670300
v 0.52847300 0.09825100 0.16657000
v 0.51981800 0.10016100 0.15731900
v 0.51543500 0.10087100 0.15448100
v 0.51257400 0.10092900 0.15432000
v 0.49334300 0.12805300 0.32055100
v 0.50000000 0.12424600 0.33752300
v 0.49954100 0.12239600 0.34295200
v 0.50000000 0.12762600 0.32059900
v 0.50000000 0.12620800 0.32871200
v 0.50891800 0.09444430 0.19504900
v 0.50992400 0.10570700 0.16114000
v 0.51220900 0.09318000 0.20153300
v 0.50646600 0.09469110 0.20140700
v 0.50314700 0.09703950 0.19765800
v 0.50139000 0.10374800 0.18598600
v 0.50599300 0.10485900 0.18001800
v 0.51235800 0.10679800 0.15744000
v 0.51771900 0.09254380 0.20190200
v 0.52254400 0.09312770 0.20148200
v 0.52827600 0.09291830 0.19921400
v 0.53093100 0.10190200 0.18125100
v 0.53064400 0.10655900 0.17094300
v 0.52751200 0.10644100 0.16293600
v 0.51786500 0.10738400 0.15719800
v 0.50933600 0.09821090 0.18606300
v 0.50928800 0.10295200 0.17383700
v 0.50405000 0.13442600 0.33624800
v 0.49075000 0.14039100 0.32665400
v 0.49058800 0.14024400 0.32622800
v 0.49219000 0.13911800 0.32799200
v 0.49173900 0.14029300 0.32788000
v 0.48960100 0.14044100 0.32444500
v 0.48929600 0.14141700 0.32268600
v 0.48924400 0.13963400 0.32075600
v 0.48848800 0.14333100 0.31809400
v 0.48804900 0.14157900 0.31701400
v 0.49364200 0.13889900 0.32995700
v 0.49364900 0.13763700 0.32869500
v 0.48862400 0.13952900 0.31790200
v 0.48916400 0.13775600 0.31687500
v 0.49020300 0.13757200 0.32265200
v 0.48994000 0.13874700 0.32197400
v 0.49100700 0.13936000 0.32452100
v 0.49194800 0.13922000 0.32625600
v 0.49595000 0.13442600 0.33624800
v 0.49531100 0.13314900 0.33493900
v 0.49582200 0.13435100 0.33693300
v 0.49545600 0.13442000 0.33556900
v 0.49547900 0.13507500 0.33659500
v 0.49593200 0.13526000 0.33436500
v 0.49753600 0.12513500 0.33926600
v 0.49642400 0.12690900 0.33407500
v 0.49836400 0.12279900 0.33939300
v 0.49901900 0.12287400 0.33022800
v 0.49480700 0.12527400 0.32464500
v 0.49726400 0.12324500 0.32568400
v 0.49386600 0.12700800 0.32162200
v 0.49661000 0.12594100 0.33451600
v 0.49470700 0.12778800 0.32320600
v 0.49324400 0.12923900 0.32197600
v 0.49400900 0.12834400 0.32456000
v 0.49652400 0.13757100 0.33259800
v 0.49559700 0.13510500 0.33119600
v 0.49626200 0.13367200 0.33839200
v 0.49815600 0.13516000 0.33935500
v 0.49767000 0.13624500 0.33811100
v 0.49874000 0.11995100 0.34391300
v 0.49921600 0.12012400 0.34623000
v 0.49733400 0.12297800 0.34316200
v 0.49783800 0.12331300 0.34549600
v 0.49812300 0.12706500 0.34698100
v 0.49373400 0.12948800 0.32995600
v 0.49307600 0.12976100 0.32824300
v 0.49383400 0.13275400 0.32952400
v 0.49653700 0.12653300 0.33647000
v 0.49572600 0.12748500 0.33217500
v 0.49556700 0.12746200 0.33672100
v 0.49619700 0.12771000 0.34145000
v 0.49454700 0.13080600 0.33514100
v 0.49695100 0.13170300 0.34233600
v 0.49852400 0.13371300 0.34239800
v 0.49758200 0.13697100 0.33472800
v 0.49849300 0.13044600 0.34596500
v 0.49646100 0.12540700 0.34046800
v 0.49832800 0.12348300 0.34239500
v 0.48213500 0.10738400 0.15719800
v 0.48456500 0.10087100 0.15448100
v 0.48018200 0.10016100 0.15731900
v 0.47248800 0.10644100 0.16293600
v 0.48764200 0.10679800 0.15744000
v 0.48742600 0.10092900 0.15432000
v 0.49007600 0.10570700 0.16114000
v 0.48919100 0.09947670 0.15537900
v 0.49071200 0.10295200 0.17383700
v 0.49066400 0.09821090 0.18606300
v 0.49108200 0.09444430 0.19504900
v 0.48603700 0.08425240 0.18453400
v 0.48671500 0.08642580 0.17359700
v 0.48252000 0.08535530 0.19141900
v 0.48779100 0.09318000 0.20153300
v 0.48858000 0.09382800 0.16835300
v 0.49400700 0.10485900 0.18001800
v 0.46927000 0.10646900 0.20618600
v 0.46906900 0.10190200 0.18125100
v 0.46840000 0.08714830 0.18532700
v 0.47172400 0.09291830 0.19921400
v 0.46987200 0.08596320 0.16632000
v 0.46892900 0.09006050 0.17670300
v 0.47007300 0.08639430 0.19003400
v 0.48117100 0.06600980 0.14008300
v 0.48055900 0.05879900 0.13823600
v 0.47840100 0.05946240 0.13847100
v 0.47929100 0.06592070 0.14014400
v 0.47612100 0.05867050 0.14037500
v 0.47570900 0.05796440 0.14203100
v 0.47517000 0.05984480 0.14630700
v 0.47592700 0.05670480 0.14453900
v 0.47638800 0.05907940 0.14721300
v 0.47920400 0.05607110 0.14511100
v 0.48056100 0.05877320 0.14737300
v 0.48077200 0.05665770 0.14420100
v 0.48143300 0.05727840 0.14277500
v 0.48099700 0.05808980 0.14084400
v 0.48339800 0.08230480 0.14649900
v 0.48146000 0.08271250 0.14571800
v 0.47970900 0.08220680 0.14677300
v 0.47248700 0.07761040 0.15586000
v 0.47082300 0.07511040 0.16059600
v 0.47147300 0.07155100 0.16593300
v 0.47328700 0.07454630 0.17420100
v 0.47734200 0.07001790 0.16827000
v 0.48087400 0.07015720 0.16812200
v 0.48337000 0.07966530 0.17841100
v 0.48382100 0.07377420 0.16286900
v 0.48312400 0.07685720 0.15726000
v 0.48575600 0.09346710 0.14826300
v 0.48342700 0.09397150 0.14734000
v 0.48137200 0.09347590 0.14880100
v 0.47961900 0.09253140 0.15161200
v 0.47155000 0.08895100 0.15990100
v 0.47681600 0.08047860 0.18477500
v 0.48190200 0.07827210 0.18092000
v 0.48527300 0.08761970 0.16312900
v 0.47152700 0.09825100 0.16657000
v 0.47483200 0.05247510 0.14182100
v 0.47322900 0.05067740 0.14268000
v 0.47442100 0.05098680 0.13883500
v 0.47441500 0.05604080 0.14271300
v 0.47209500 0.05245830 0.14368300
v 0.47431500 0.05447690 0.14345400
v 0.47393500 0.05144220 0.13791700
v 0.47131600 0.05015550 0.13946700
v 0.47327400 0.05228130 0.13752400
v 0.47032100 0.05137050 0.14002400
v 0.47232200 0.05395560 0.13847300
v 0.47081000 0.05329610 0.14098800
v 0.47202700 0.05436840 0.14203900
v 0.46337000 0.03782610 0.14970400
v 0.46378400 0.03807670 0.15076400
v 0.46432800 0.03754580 0.15053000
v 0.46450500 0.03326310 0.14844500
v 0.46530500 0.03738230 0.14944200
v 0.46579500 0.03723250 0.14780800
v 0.46519100 0.03759810 0.14697100
v 0.46414100 0.03768210 0.14763800
v 0.46394200 0.03430240 0.14679900
v 0.46334800 0.03337030 0.14807900
v 0.46522500 0.03398200 0.14743000
v 0.46488800 0.03439930 0.14669600
v 0.46448600 0.03196020 0.14549300
v 0.46559500 0.03220050 0.14585100
v 0.46553700 0.03317720 0.14544600
v 0.46457000 0.03302470 0.14515600
v 0.46662300 0.03321270 0.14255200
v 0.46507400 0.03801990 0.15103000
v 0.46632300 0.03756710 0.14927400
v 0.46659900 0.03756900 0.14772700
v 0.46444100 0.03813160 0.14663200
v 0.46315800 0.03845660 0.14804500
v 0.46288500 0.03858960 0.14994800
v 0.46495600 0.03950110 0.15133100
v 0.46366500 0.03984990 0.15074000
v 0.46610900 0.03920520 0.15081700
v 0.46735600 0.03882090 0.14791800
v 0.46530000 0.03933700 0.14639000
v 0.46445500 0.04012380 0.14675000
v 0.46288900 0.03997390 0.14924200
v 0.46710100 0.04011470 0.14803100
v 0.46555500 0.04036540 0.14692600
v 0.46656600 0.04608400 0.14896200
v 0.46822300 0.04547810 0.14928600
v 0.46929600 0.04441740 0.14838800
v 0.46901700 0.04316490 0.14730600
v 0.46878200 0.04379860 0.14555400
v 0.46725000 0.04272370 0.14606300
v 0.46617200 0.04394140 0.14588100
v 0.46553200 0.04479020 0.14700900
v 0.46564600 0.04536570 0.14807000
v 0.46749000 0.04713890 0.14856700
v 0.46901900 0.04686820 0.14816600
v 0.46998000 0.04580560 0.14733100
v 0.47003100 0.04486900 0.14607500
v 0.46795600 0.04542840 0.14424000
v 0.46681500 0.04581530 0.14481900
v 0.46612400 0.04624360 0.14597000
v 0.46684600 0.04737790 0.14715200
v 0.47884300 0.05026980 0.13968800
v 0.47723000 0.04235040 0.14961600
v 0.47670800 0.04278640 0.14788100
v 0.47801400 0.05017160 0.13938100
v 0.47676700 0.05138920 0.14593600
v 0.47816200 0.05398990 0.14497200
v 0.47783300 0.05087050 0.14550800
v 0.47941500 0.05354540 0.14379600
v 0.47949400 0.05154490 0.14160300
v 0.47914900 0.05059280 0.14094600
v 0.47607200 0.05046750 0.13931600
v 0.47510400 0.05103780 0.14051100
v 0.47510700 0.05389620 0.14351400
v 0.47606100 0.05427670 0.14483800
v 0.47511200 0.05128400 0.14529600
v 0.47198500 0.03206740 0.15368700
v 0.47288000 0.03197500 0.15419900
v 0.47359600 0.03144540 0.15356800
v 0.47319700 0.02654450 0.15172400
v 0.47410400 0.03136010 0.15190400
v 0.47351100 0.02739970 0.15051800
v 0.47386300 0.03135100 0.15041300
v 0.47305800 0.03175480 0.15000900
v 0.47234600 0.03159520 0.15076600
v 0.47205300 0.03169860 0.15304000
v 0.47215300 0.02645400 0.15184300
v 0.47291700 0.02778080 0.14992800
v 0.47212700 0.02763490 0.15029600
v 0.47179800 0.02701020 0.15126200
v 0.47207700 0.02566280 0.14875000
v 0.47342800 0.02519830 0.14895300
v 0.47349600 0.02627380 0.14860200
v 0.47266200 0.02656390 0.14846000
v 0.47335200 0.02668530 0.14541500
v 0.47429100 0.03208420 0.15406100
v 0.47498900 0.03177540 0.15214200
v 0.47473900 0.03178380 0.15040200
v 0.47155100 0.03228570 0.15102700
v 0.47307800 0.03458660 0.15403300
v 0.47455400 0.03362030 0.15416400
v 0.47532500 0.03412030 0.15281400
v 0.47544400 0.03323790 0.15037200
v 0.47467100 0.03330760 0.14981000
v 0.47243100 0.03432050 0.14994600
v 0.47170200 0.03445680 0.15073100
v 0.47122700 0.03396460 0.15262700
v 0.47180600 0.03396590 0.15378900
v 0.47527900 0.03469320 0.15092700
v 0.47442800 0.03470680 0.15018000
v 0.47451900 0.04235100 0.15295000
v 0.47596800 0.04260550 0.15238100
v 0.47691100 0.04167790 0.15114700
v 0.47643800 0.04051650 0.15004700
v 0.47500400 0.03965930 0.14958400
v 0.47360300 0.03994680 0.14967000
v 0.47284800 0.04047970 0.15036100
v 0.47265800 0.04163600 0.15094700
v 0.47367800 0.04237750 0.15261400
v 0.47459900 0.04476690 0.15111800
v 0.47599200 0.04452400 0.15119700
v 0.47689200 0.04333480 0.15097000
v 0.47491000 0.04239880 0.14744900
v 0.47357900 0.04310680 0.14789300
v 0.47305300 0.04374760 0.14910800
v 0.47307900 0.04382060 0.15044500
v 0.48087200 0.05532830 0.14426000
v 0.48111300 0.05131690 0.14556900
v 0.48205100 0.05407380 0.14471300
v 0.48007500 0.05358230 0.14455400
v 0.47973000 0.05227550 0.14350500
v 0.48034100 0.05017610 0.13977400
v 0.48288300 0.05062120 0.13984800
v 0.48360800 0.05149520 0.14030100
v 0.48388800 0.05422690 0.13933900
v 0.48360000 0.05455250 0.14163000
v 0.48299400 0.05484710 0.14317300
v 0.48351700 0.06289500 0.12111300
v 0.48346200 0.06376450 0.12349500
v 0.48368000 0.06304100 0.12315200
v 0.48248300 0.06412490 0.12366600
v 0.48259400 0.06147390 0.11867500
v 0.48209900 0.06305000 0.12290700
v 0.48176700 0.06127110 0.12274900
v 0.48214500 0.05998760 0.12292400
v 0.48294000 0.06009800 0.12161400
v 0.48323200 0.06031250 0.12296600
v 0.48369400 0.06164440 0.12315000
v 0.48358100 0.06157210 0.11857900
v 0.48228400 0.05873640 0.11739800
v 0.48254900 0.05987190 0.11970000
v 0.48375000 0.06021490 0.11958700
v 0.48361100 0.05846440 0.11790600
v 0.48305700 0.05873760 0.11704700
v 0.48216400 0.05849150 0.11817900
v 0.48300600 0.05821700 0.11870900
v 0.48223900 0.05522110 0.11870500
v 0.48135000 0.06356680 0.12342600
v 0.48113500 0.06022720 0.12311900
v 0.48355300 0.05979510 0.12349700
v 0.48429200 0.06082210 0.12363300
v 0.48442000 0.06304100 0.12390600
v 0.48183500 0.06416500 0.12496900
v 0.48085600 0.06334200 0.12475600
v 0.48045600 0.06020590 0.12442900
v 0.48116700 0.05962200 0.12449900
v 0.48273100 0.05955350 0.12528700
v 0.48377600 0.06012260 0.12551900
v 0.48453500 0.06232850 0.12522500
v 0.48403500 0.06349710 0.12525800
v 0.48076500 0.06040360 0.12569700
v 0.48095600 0.06200490 0.13198500
v 0.47950800 0.06132530 0.13116000
v 0.47905300 0.06007480 0.13014400
v 0.47991500 0.05959740 0.12891100
v 0.48078900 0.05890170 0.12875700
v 0.48180500 0.05871310 0.12893400
v 0.48265200 0.05884490 0.12989000
v 0.48311300 0.05964460 0.13127800
v 0.48269700 0.06020720 0.13234700
v 0.48223900 0.06151270 0.13218000
v 0.48084600 0.06073110 0.13361100
v 0.47962800 0.06057670 0.13308600
v 0.47875600 0.05958380 0.13209200
v 0.47885500 0.05832170 0.13117600
v 0.47998000 0.05735470 0.13080100
v 0.48084100 0.05607630 0.13270800
v 0.48206200 0.05735210 0.13236700
v 0.48226700 0.05823900 0.13308500
v 0.48176200 0.05951150 0.13382900
v 0.47811800 0.05861300 0.13751100
v 0.47611200 0.05781910 0.13665200
v 0.47587700 0.05643090 0.13546400
v 0.47711100 0.05508860 0.13434400
v 0.48215200 0.05476440 0.13526900
v 0.48321700 0.05542000 0.13739200
v 0.48267900 0.05678040 0.13932100
v 0.48300400 0.03275790 0.15280200
v 0.48326300 0.03512020 0.15368900
v 0.48345500 0.03475200 0.15297000
v 0.48230800 0.03542960 0.15401700
v 0.48185600 0.03473840 0.15292300
v 0.48178800 0.03048350 0.15133000
v 0.48156700 0.03463570 0.15113300
v 0.48201100 0.03475780 0.14986400
v 0.48282800 0.03231800 0.14997800
v 0.48308100 0.03464020 0.15022600
v 0.48351800 0.03475200 0.15157400
v 0.48274700 0.03024580 0.15146100
v 0.48159900 0.03128770 0.15015300
v 0.48223200 0.03158290 0.14957200
v 0.48321300 0.03072190 0.15089600
v 0.48243800 0.02905530 0.14851000
v 0.48139500 0.03006490 0.14833100
v 0.48270200 0.03009340 0.14818400
v 0.48166000 0.03058490 0.14507000
v 0.48117200 0.03535920 0.15341800
v 0.48103200 0.03509690 0.15007100
v 0.48349300 0.03512150 0.14972400
v 0.48420700 0.03514600 0.15077800
v 0.48429600 0.03539020 0.15300100
v 0.48145800 0.03680030 0.15381300
v 0.48330800 0.03684300 0.15389900
v 0.48070800 0.03670670 0.15279500
v 0.48055100 0.03649160 0.15003700
v 0.48128400 0.03645930 0.14947800
v 0.48392200 0.03645670 0.14955500
v 0.48452000 0.03671830 0.15272600
v 0.48103900 0.03770340 0.15025000
v 0.48286800 0.03755540 0.14969400
v 0.48384600 0.03768980 0.15018600
v 0.48278900 0.04345630 0.15159000
v 0.48144900 0.04329280 0.15117200
v 0.48045400 0.04253510 0.14994000
v 0.48068600 0.04119990 0.14894900
v 0.48185300 0.04026590 0.14837900
v 0.48296500 0.04057590 0.14803300
v 0.48388700 0.04074650 0.14879200
v 0.48440100 0.04175090 0.14982800
v 0.48389500 0.04285230 0.15102600
v 0.48274100 0.04502660 0.15026700
v 0.48147400 0.04479080 0.14991800
v 0.48056000 0.04400340 0.14877900
v 0.48047900 0.04328700 0.14782000
v 0.48113400 0.04285420 0.14687300
v 0.48394700 0.04278450 0.14715200
v 0.48460400 0.04325670 0.14871700
v 0.48390500 0.04460930 0.14965900
v 0.48286400 0.05177490 0.13793600
v 0.48338100 0.05338850 0.13756000
v 0.48332200 0.05591740 0.13917000
v 0.47963800 0.05074910 0.13897000
v 0.48247600 0.05587860 0.14270400
v 0.48147400 0.05384970 0.13548600
v 0.48220600 0.05256620 0.13642100
v 0.48107200 0.05269470 0.13595300
v 0.48171000 0.05132590 0.13750400
v 0.48060000 0.05158630 0.13689300
v 0.47599900 0.05357580 0.13511600
v 0.47518800 0.05272830 0.13594900
v 0.47556400 0.05129360 0.13789200
v 0.47418800 0.05691090 0.14060800
v 0.47382200 0.05650650 0.13885400
v 0.47439300 0.05372370 0.13606100
v 0.49353400 0.09469110 0.20140700
v 0.49235900 0.09645750 0.21082500
v 0.49325600 0.10964500 0.16585600
v 0.48747400 0.11227600 0.15690400
v 0.48658800 0.09675510 0.20966900
v 0.48137900 0.09646240 0.20901400
v 0.48228100 0.09254380 0.20190200
v 0.47730000 0.09828680 0.20994500
v 0.47745600 0.09312770 0.20148200
v 0.47170500 0.10306400 0.21097100
v 0.46935600 0.10655900 0.17094300
v 0.46968100 0.12142500 0.17168400
v 0.46882700 0.11782900 0.19937300
v 0.46897100 0.12164500 0.18332300
v 0.47361800 0.12058300 0.15854700
v 0.47849700 0.11700400 0.15605000
v 0.33439400 0.19006400 0.26336800
v 0.35018500 0.18388200 0.26487100
v 0.33572200 0.19080200 0.26829100
v 0.35186000 0.18582700 0.26900100
v 0.33735500 0.19266000 0.27268800
v 0.37321300 0.16983400 0.25556900
v 0.38198100 0.16736300 0.25919900
v 0.38308100 0.17000800 0.26332800
v 0.39875200 0.15552500 0.25141500
v 0.39892100 0.15812000 0.25648700
v 0.35364100 0.18936100 0.27299100
v 0.33991400 0.19543700 0.27687900
v 0.37774100 0.18156700 0.27033300
v 0.35547600 0.19221500 0.27467400
v 0.33851100 0.20050600 0.27972200
v 0.38434300 0.17400400 0.26740300
v 0.40236400 0.16951500 0.26666300
v 0.40117100 0.16423000 0.26497500
v 0.42062200 0.15792100 0.26363800
v 0.45640300 0.15059200 0.26374800
v 0.42060700 0.16192000 0.26370000
v 0.44876500 0.14981100 0.26406900
v 0.42025900 0.15530100 0.26183600
v 0.44425500 0.14283900 0.26029400
v 0.44399400 0.14648000 0.26266600
v 0.42262800 0.16456800 0.25968300
v 0.40356100 0.17341400 0.25240100
v 0.40370600 0.17255000 0.26070900
v 0.42389900 0.16584000 0.25680000
v 0.44808500 0.15696100 0.25680500
v 0.37944700 0.18429400 0.26519400
v 0.36478700 0.19323300 0.26089900
v 0.35669700 0.19493500 0.27032300
v 0.32915600 0.21012300 0.27311500
v 0.33574600 0.20510700 0.27641600
v 0.33013700 0.20787300 0.27975500
v 0.31607700 0.20927100 0.28850300
v 0.31155000 0.21479900 0.28632700
v 0.30379100 0.22006500 0.28170600
v 0.32238200 0.19468900 0.26946300
v 0.31593200 0.20053100 0.27767900
v 0.30761200 0.20150200 0.27598100
v 0.30992500 0.20758900 0.28541300
v 0.32506700 0.19807400 0.27874900
v 0.32361100 0.19591300 0.27433400
v 0.31451600 0.20648800 0.28700200
v 0.33027800 0.19959100 0.28071000
v 0.28924100 0.21187900 0.28542000
v 0.26842000 0.22422300 0.29581400
v 0.28313000 0.21215600 0.28151400
v 0.28357500 0.21917800 0.29471600
v 0.29127200 0.21872000 0.29491700
v 0.26152700 0.22369800 0.29045400
v 0.23957400 0.22571300 0.28266700
v 0.25444200 0.22002500 0.28024800
v 0.25428000 0.23094800 0.29600300
v 0.25396200 0.22795400 0.29439100
v 0.26933200 0.22628300 0.29758000
v 0.26892100 0.23026900 0.29329800
v 0.25483800 0.23463300 0.29078200
v 0.28407200 0.22553000 0.29276600
v 0.25561500 0.23627200 0.28365400
v 0.29771900 0.21956800 0.28965800
v 0.22534500 0.22691200 0.27600000
v 0.21288200 0.23145000 0.27661500
v 0.20658900 0.23475400 0.27820500
v 0.20733800 0.23198600 0.27248900
v 0.23055800 0.23072700 0.28502500
v 0.21222700 0.23569300 0.28203200
v 0.20622900 0.23911800 0.28110900
v 0.23581500 0.23155700 0.28935300
v 0.24187300 0.23311100 0.29328100
v 0.22032900 0.23975100 0.28178300
v 0.21223000 0.24330200 0.27150500
v 0.23760700 0.23750200 0.28754700
v 0.23404400 0.23995600 0.27912200
v 0.19587600 0.24457900 0.27453300
v 0.17785500 0.24664100 0.27517100
v 0.18650900 0.24907600 0.26504200
v 0.18249300 0.24870800 0.27127100
v 0.16954000 0.25033500 0.26912100
v 0.15444400 0.25103900 0.27124700
v 0.15851600 0.25272500 0.26693100
v 0.19484600 0.23711500 0.27286000
v 0.17967000 0.24185000 0.27169000
v 0.15667900 0.24556500 0.26821600
v 0.16128400 0.24690700 0.27154800
v 0.17870300 0.24396400 0.27425900
v 0.45486200 0.14485100 0.19508900
v 0.44751300 0.15030300 0.18826700
v 0.46426200 0.14059000 0.18456200
v 0.46051200 0.13840500 0.20146600
v 0.45502500 0.14374000 0.20618800
v 0.47851100 0.12232600 0.26263000
v 0.49111100 0.11556000 0.26322400
v 0.48272100 0.12363600 0.26809100
v 0.49181500 0.10810500 0.24896700
v 0.49183900 0.11823400 0.13856000
v 0.49019400 0.12585000 0.10868900
v 0.48231000 0.12400000 0.07205790
v 0.48497000 0.12365900 0.03849340
v 0.47490000 0.12366200 0.04006050
v 0.48590100 0.12357800 0.03173600
v 0.49359600 0.12416800 0.03411640
v 0.45645000 0.11932400 0.04373140
v 0.46596400 0.11970600 0.06573210
v 0.47732300 0.12279300 0.10594700
v 0.46572100 0.11974400 0.03963870
v 0.47067200 0.12068500 0.04440580
v 0.46494300 0.12455300 0.06167220
v 0.45820700 0.12246000 0.03823820
v 0.48214100 0.12855600 0.07003280
v 0.48290200 0.13053600 0.10723500
v 0.47023100 0.12412800 0.04254930
v 0.48089500 0.13320400 0.13011200
v 0.48457700 0.12732400 0.03277470
v 0.47734600 0.12558600 0.03200410
v 0.48415700 0.12671000 0.02500000
v 0.49424300 0.12758400 0.02848230
v 0.45242400 0.11600400 0.05021810
v 0.45457600 0.11795900 0.07484000
v 0.44923800 0.11602300 0.04881960
v 0.46856300 0.12078300 0.11000800
v 0.44885100 0.12127200 0.05717770
v 0.44676300 0.11857900 0.03880340
v 0.46734700 0.12635800 0.10724600
v 0.45346800 0.12016900 0.10317600
v 0.43840700 0.11970300 0.05570490
v 0.43368100 0.12097000 0.05398020
v 0.44145800 0.12001400 0.07694590
v 0.46825800 0.12187300 0.12614300
v 0.47765500 0.12230600 0.13843200
v 0.46643300 0.12716700 0.12361400
v 0.45152400 0.12480400 0.09873400
v 0.47207500 0.12973000 0.13290100
v 0.43270000 0.12259400 0.04789980
v 0.43661600 0.12216700 0.04819500
v 0.43732500 0.12361700 0.06354230
v 0.45136000 0.12168700 0.10239700
v 0.45091100 0.12376900 0.10157800
v 0.45707000 0.11967200 0.03833320
v 0.46036900 0.11982800 0.03696440
v 0.45951000 0.12113800 0.03275920
v 0.45707000 0.12128700 0.03732030
v 0.45088500 0.11775800 0.06151530
v 0.43704800 0.12102900 0.04866070
v 0.44528200 0.11852300 0.04592700
v 0.48104000 0.12425100 0.03095700
v 0.48361300 0.12568900 0.02527910
v 0.48049600 0.12555500 0.02678610
v 0.47146900 0.12620400 0.13747800
v 0.46559700 0.12292900 0.12602400
v 0.44466900 0.12180100 0.08885280
v 0.44034500 0.12166300 0.08192490
v 0.43669100 0.12145700 0.07128150
v 0.43227200 0.12223900 0.05376830
v 0.47706500 0.12403800 0.03206090
v 0.49544100 0.12661700 0.02857280
v 0.48862400 0.12604000 0.02581450
v 0.47415800 0.12502800 0.03643600
v 0.46905500 0.12235000 0.03355120
v 0.46489700 0.12148400 0.03266750
v 0.45537800 0.12079700 0.04007980
v 0.44934100 0.11816800 0.03781380
v 0.44605900 0.11755900 0.03967610
v 0.43199400 0.12177500 0.04875500
v 0.43592900 0.12315200 0.06813700
v 0.43971500 0.12356200 0.07921580
v 0.46556100 0.12562600 0.12580100
v 0.47675100 0.10771400 0.22827200
v 0.47900300 0.11091800 0.23573500
v 0.47314600 0.11655200 0.23444400
v 0.48277800 0.11228800 0.24529900
v 0.47672200 0.11813600 0.25134200
v 0.47287400 0.12579800 0.25038500
v 0.47129000 0.11118900 0.22603900
v 0.46912000 0.11631200 0.22302500
v 0.49649600 0.13899400 0.33253500
v 0.49394100 0.13505200 0.32885600
v 0.49312800 0.14509700 0.32455200
v 0.49038100 0.14475500 0.32168000
v 0.48778500 0.14211600 0.29419900
v 0.48956700 0.14576400 0.29915000
v 0.49216400 0.14977300 0.29873900
v 0.49460200 0.15128400 0.30068200
v 0.49442100 0.15059700 0.29561500
v 0.48832600 0.14631500 0.31407800
v 0.48817500 0.14656400 0.31065700
v 0.48716800 0.14187900 0.31285400
v 0.48801300 0.14302900 0.30553200
v 0.49540300 0.14605300 0.32416500
v 0.49048800 0.14821400 0.31381100
v 0.49412400 0.14943600 0.31341000
v 0.49417200 0.15051000 0.30790600
v 0.49109300 0.14958800 0.30619500
v 0.49708300 0.14094000 0.33158700
v 0.49476400 0.14115600 0.33052300
v 0.49677300 0.14340300 0.32912700
v 0.49211900 0.13053400 0.32013900
v 0.49293800 0.13278300 0.32533900
v 0.48995900 0.13377200 0.32072200
v 0.49308700 0.13392400 0.32694800
v 0.49292400 0.13446900 0.32504600
v 0.49249900 0.13463100 0.32426200
v 0.49133600 0.13417700 0.32402900
v 0.49044000 0.13603300 0.32254600
v 0.49177800 0.13594200 0.32290100
v 0.49146200 0.13737800 0.32287900
v 0.49040600 0.13852900 0.32399000
v 0.49157400 0.13825400 0.32441900
v 0.49241100 0.13839500 0.32597600
v 0.49198300 0.13881700 0.32677600
v 0.49344100 0.13748400 0.32703900
v 0.49376700 0.13671300 0.32716300
v 0.49359400 0.13511600 0.32646600
v 0.49106400 0.13457100 0.32240500
v 0.49319200 0.13033500 0.32521700
v 0.49010500 0.13161200 0.31750700
v 0.48753000 0.13860700 0.31344500
v 0.48602900 0.13675700 0.29509000
v 0.48747200 0.13233400 0.30460000
v 0.48534600 0.13921100 0.28353700
v 0.48732100 0.13674000 0.30630600
v 0.49063400 0.14652000 0.29059700
v 0.49542800 0.14968400 0.28993600
v 0.49142000 0.12170000 0.28969800
v 0.49199800 0.12138000 0.28623800
v 0.48843400 0.12481500 0.29257000
v 0.48908300 0.12313400 0.28688000
v 0.48602200 0.12582700 0.28261200
v 0.49071600 0.12544200 0.30803100
v 0.48912100 0.12866600 0.30914600
v 0.48408200 0.13115600 0.28330600
v 0.48791500 0.13201100 0.30956200
v 0.49041500 0.12927300 0.31469500
v 0.49627100 0.12234000 0.31007900
v 0.49600000 0.12285500 0.31411700
v 0.49310400 0.12255800 0.30711100
v 0.49354900 0.12193000 0.29942700
v 0.49279000 0.12572500 0.31346100
v 0.49377100 0.12672900 0.31846000
v 0.49758200 0.12208600 0.32122300
v 0.15998000 0.25208900 0.22964700
v 0.14852400 0.25636500 0.23833100
v 0.15329900 0.25680500 0.24740000
v 0.14258800 0.25591100 0.24387300
v 0.12492500 0.25726500 0.23750000
v 0.13432400 0.25941800 0.22997000
v 0.28581100 0.21277600 0.21266200
v 0.27782100 0.21623600 0.21530500
v 0.28393200 0.21878000 0.18910700
v 0.29377300 0.21289300 0.20698900
v 0.27089600 0.21955600 0.21306200
v 0.28380600 0.21097900 0.27258100
v 0.25258800 0.22436100 0.21289500
v 0.27343500 0.22445000 0.20972100
v 0.27424700 0.22690800 0.21119100
v 0.24641500 0.22811200 0.21418000
v 0.25084600 0.23047100 0.21295900
v 0.31725300 0.20232500 0.20368000
v 0.30579100 0.20776500 0.18076600
v 0.30707000 0.20591000 0.17943600
v 0.19934000 0.24417000 0.21049600
v 0.18760100 0.25165200 0.19824900
v 0.19925400 0.24520600 0.21048400
v 0.22752900 0.23355700 0.22560400
v 0.20164800 0.23704800 0.22381700
v 0.23373600 0.23721700 0.22074500
v 0.29473600 0.21598100 0.20665700
v 0.29970600 0.21787000 0.21046800
v 0.31811500 0.21014100 0.20246900
v 0.15629900 0.24684100 0.24930200
v 0.13000500 0.25225900 0.24036100
v 0.15383600 0.24831100 0.24000300
v 0.26153400 0.22976200 0.22041600
v 0.28481600 0.22586300 0.21842900
v 0.25610400 0.23172900 0.19985500
v 0.21090900 0.24663300 0.20239200
v 0.21804500 0.24200800 0.22759100
v 0.18500200 0.24350800 0.22228200
v 0.19612200 0.24774300 0.24316500
v 0.20643800 0.24486500 0.23467300
v 0.24842100 0.23981500 0.25862600
v 0.28021000 0.23541100 0.26303200
v 0.22655800 0.24495600 0.25580000
v 0.31142300 0.21420400 0.20682300
v 0.32736000 0.21811300 0.25269000
v 0.33423100 0.20490100 0.20375900
v 0.20945000 0.24556200 0.13511700
v 0.20892800 0.24707100 0.13593300
v 0.20882200 0.24752100 0.13083100
v 0.21278200 0.24249400 0.14793700
v 0.21322600 0.24400600 0.14871100
v 0.21070100 0.24771300 0.13572200
v 0.21477100 0.24766000 0.12814200
v 0.21281700 0.24827100 0.13197500
v 0.22510300 0.24663200 0.12664400
v 0.21314000 0.24599700 0.13061800
v 0.22041700 0.24428600 0.13208100
v 0.21647500 0.24180600 0.14369600
v 0.21411600 0.24172900 0.14665500
v 0.21810700 0.23977000 0.16064800
v 0.22186800 0.24002800 0.16744700
v 0.22410700 0.24108000 0.16552800
v 0.24965300 0.23524100 0.18686700
v 0.23757500 0.24384200 0.13406800
v 0.22835200 0.24156400 0.14068800
v 0.21924800 0.23897600 0.15912300
v 0.23305600 0.23327200 0.18519900
v 0.23468400 0.23264700 0.19150100
v 0.23778300 0.23268500 0.19708400
v 0.23732400 0.23544900 0.19019700
v 0.25720300 0.23486700 0.17724800
v 0.25035700 0.23225100 0.18411600
v 0.26421800 0.23057700 0.18971000
v 0.25573300 0.22869000 0.19757700
v 0.24322400 0.22815800 0.20589500
v 0.24443300 0.23154500 0.20642400
v 0.16115100 0.25501300 0.14856800
v 0.16085400 0.25657700 0.14922600
v 0.16034100 0.25651300 0.14452400
v 0.16673000 0.25277600 0.16374900
v 0.16739300 0.25427800 0.16410100
v 0.16250800 0.25713300 0.14875900
v 0.16518300 0.25641400 0.14110200
v 0.16395900 0.25733800 0.14490700
v 0.16996200 0.25661400 0.14643200
v 0.17394500 0.25534900 0.13816300
v 0.16397200 0.25500400 0.14381000
v 0.17024600 0.25352700 0.14422100
v 0.16792300 0.25215300 0.15587200
v 0.16621200 0.25235400 0.15895600
v 0.23834600 0.23373900 0.13531400
v 0.23758500 0.23521700 0.13603100
v 0.23835900 0.23554600 0.13093800
v 0.24054700 0.23114000 0.14738900
v 0.23965400 0.23338400 0.14454300
v 0.24320900 0.23379900 0.14658100
v 0.24574600 0.23562100 0.12878300
v 0.24257500 0.23624700 0.13295500
v 0.25232200 0.23465700 0.13849400
v 0.26128600 0.23375900 0.13068700
v 0.24323900 0.23388400 0.13172000
v 0.24116300 0.23112100 0.14261100
v 0.25093900 0.23213300 0.13439800
v 0.26640700 0.22448800 0.13537600
v 0.26657900 0.22575000 0.13559900
v 0.26808900 0.22580700 0.13114900
v 0.26683200 0.22393300 0.14351700
v 0.26764100 0.22186700 0.14661900
v 0.26948000 0.22467500 0.14600400
v 0.27834100 0.22641200 0.12981900
v 0.27163400 0.22689900 0.13313400
v 0.27775800 0.22652900 0.13677100
v 0.26788600 0.22395300 0.13488200
v 0.27268600 0.22454700 0.13199300
v 0.26884900 0.22184400 0.14192100
v 0.28226300 0.22308800 0.13641100
v 0.18809000 0.25112500 0.14126200
v 0.18765700 0.25261800 0.14200100
v 0.18765800 0.25298100 0.13732900
v 0.19079600 0.24833700 0.15297600
v 0.19244700 0.24902900 0.15698600
v 0.18931200 0.25323800 0.14177800
v 0.19284300 0.25318100 0.13466800
v 0.19117700 0.25377600 0.13827200
v 0.20179000 0.25235900 0.13295800
v 0.19138700 0.25153800 0.13703000
v 0.19760200 0.25001200 0.13819800
v 0.19407300 0.24763100 0.14902000
v 0.19200600 0.24756200 0.15176000
v 0.20293800 0.24922200 0.19188300
v 0.18556900 0.25330800 0.14323300
v 0.17543900 0.25217400 0.14826800
v 0.17554100 0.25008000 0.17553000
v 0.19287800 0.24641300 0.20355700
v 0.18751000 0.24735800 0.19307000
v 0.17872900 0.25163600 0.18294300
v 0.19342900 0.24782400 0.20395800
v 0.18909300 0.25072500 0.19286100
v 0.20836000 0.24795300 0.18143600
v 0.19590600 0.24774800 0.17954800
v 0.20628900 0.24486600 0.19499700
v 0.19539900 0.24900800 0.20158700
v 0.24482000 0.22923800 0.15904300
v 0.27166800 0.23187100 0.13604000
v 0.26243500 0.22917800 0.14432700
v 0.24804400 0.22923400 0.14742700
v 0.24899100 0.22707200 0.16308500
v 0.25663900 0.22367700 0.17984700
v 0.25725200 0.22398200 0.18559100
v 0.24978200 0.22847400 0.17010700
v 0.25753500 0.22538100 0.18611300
v 0.25690400 0.22694400 0.18045100
v 0.26973900 0.22674400 0.17279000
v 0.28096500 0.22536800 0.16294800
v 0.27111700 0.22350400 0.16994400
v 0.27751700 0.22073600 0.17810100
v 0.28597700 0.22342200 0.17349400
v 0.26115300 0.22278900 0.18878500
v 0.29077100 0.22045100 0.18453700
v 0.26536700 0.22129300 0.19968200
v 0.26524000 0.22370100 0.20011800
v 0.26891700 0.22491900 0.19935100
v 0.26241000 0.22611800 0.18902000
v 0.27533300 0.22405700 0.18025700
v 0.28375800 0.22183400 0.18898900
v 0.26986100 0.22221600 0.15413500
v 0.27314800 0.21872500 0.16294800
v 0.28746900 0.22479000 0.14605600
v 0.28796600 0.22506800 0.13228200
v 0.29417000 0.22219100 0.13695300
v 0.28884200 0.22151900 0.14406900
v 0.27483600 0.22048400 0.14695300
v 0.27442900 0.21839200 0.15946300
v 0.28435300 0.21451900 0.18171900
v 0.28495300 0.21393200 0.18748200
v 0.28044900 0.21753900 0.17912300
v 0.28439900 0.21798100 0.18253100
v 0.27770700 0.22063900 0.16633200
v 0.29311500 0.21938200 0.17112500
v 0.30502100 0.21408600 0.17127500
v 0.29385700 0.21776000 0.16174400
v 0.30448300 0.21240400 0.18726600
v 0.30987500 0.20948100 0.18562400
v 0.29447900 0.21192400 0.19559600
v 0.29035700 0.21205000 0.19720000
v 0.28891600 0.21316300 0.19808400
v 0.28478400 0.21553400 0.18790600
v 0.29277000 0.21614900 0.19756800
v 0.29861300 0.21692700 0.17884200
v 0.30453300 0.21581600 0.18886100
v 0.29982200 0.20984100 0.20750100
v 0.19548700 0.24605300 0.16451200
v 0.22101300 0.24264200 0.18231200
v 0.21270500 0.24985600 0.13931000
v 0.20228500 0.24830400 0.14271400
v 0.19921100 0.24384700 0.16859900
v 0.20883500 0.23954100 0.18653700
v 0.21282900 0.23756200 0.19704500
v 0.20133500 0.24476000 0.17620200
v 0.21328500 0.23886200 0.19755600
v 0.21027300 0.24293300 0.18678600
v 0.23031800 0.24094100 0.17768400
v 0.21861800 0.24105000 0.17466600
v 0.22941400 0.23515400 0.19594800
v 0.21369000 0.23687900 0.19581300
v 0.23789400 0.23686800 0.18944900
v 0.21975500 0.23544800 0.20726900
v 0.21897000 0.23650000 0.20838200
v 0.22158100 0.23866800 0.20795200
v 0.21541900 0.24031500 0.19555400
v 0.23034500 0.23804300 0.19809800
v 0.23373800 0.22953400 0.22256700
v 0.18569500 0.24195600 0.22057400
v 0.19638000 0.23936200 0.22475900
v 0.18420700 0.24231000 0.22242300
v 0.19256400 0.24072400 0.22938500
v 0.17402600 0.24369600 0.23841800
v 0.16166100 0.24624700 0.22839500
v 0.16042900 0.24645300 0.23042900
v 0.16773600 0.25005300 0.22092400
v 0.18089700 0.24225400 0.23525600
v 0.17308500 0.25341900 0.24689700
v 0.16477000 0.25346600 0.22672400
v 0.03386250 0.28115500 0.21187500
v 0.04081300 0.27948700 0.21429300
v 0.06036670 0.27133900 0.22105200
v 0.05811560 0.27338000 0.22013300
v 0.05382510 0.27586400 0.21798300
v 0.04025750 0.28110200 0.20772600
v 0.04085180 0.28100500 0.21093000
v 0.05265860 0.28091200 0.20234500
v 0.06464040 0.27641600 0.21050000
v 0.05313010 0.27369100 0.21722400
v 0.07199650 0.27712500 0.17912800
v 0.07736700 0.27515400 0.18193800
v 0.08599310 0.26932500 0.18730800
v 0.10510200 0.26299500 0.19623000
v 0.07827070 0.27661000 0.17549300
v 0.09018410 0.27557200 0.17126700
v 0.10887200 0.26780900 0.18290700
v 0.07719450 0.27402500 0.18114700
v 0.08691040 0.26892700 0.18575500
v 0.09411930 0.27079300 0.17708500
v 0.11403000 0.27149600 0.15815200
v 0.11816200 0.26943000 0.16137700
v 0.12782100 0.26168700 0.17019100
v 0.13246700 0.26145400 0.17247300
v 0.11994100 0.27124600 0.15535800
v 0.11944300 0.27073100 0.15841400
v 0.13077600 0.26949500 0.15284200
v 0.11800600 0.26831600 0.16062100
v 0.12549200 0.26315700 0.16617800
v 0.13325100 0.26478200 0.15908400
v 0.06972410 0.27817600 0.20011200
v 0.06988810 0.27354500 0.20817000
v 0.06896440 0.26865700 0.22141700
v 0.09167620 0.26206100 0.22664000
v 0.10992100 0.25720100 0.23291200
v 0.11058900 0.25737600 0.23031200
v 0.11054400 0.25888300 0.23255900
v 0.09192300 0.26385800 0.22771800
v 0.11360300 0.26438900 0.22261900
v 0.09339510 0.26841000 0.21585300
v 0.11566400 0.26449100 0.21063300
v 0.09454620 0.27041900 0.20393400
v 0.13378500 0.25471200 0.22823300
v 0.14995000 0.25212900 0.22408000
v 0.10589900 0.26396600 0.19522000
v 0.10443600 0.26167700 0.19650600
v 0.10567700 0.27194800 0.17108400
v 0.10916600 0.26595200 0.18050100
v 0.10580100 0.26177400 0.19345800
v 0.09524060 0.26531800 0.18974900
v 0.11975100 0.25730200 0.20340700
v 0.12693300 0.25557700 0.21055500
v 0.14245800 0.25167100 0.21877600
v 0.11982400 0.25919500 0.20461200
v 0.13558600 0.25534100 0.21575000
v 0.12417900 0.26287900 0.19197300
v 0.14516900 0.25956300 0.19463200
v 0.12787800 0.26451000 0.18043000
v 0.12464100 0.26090400 0.18945300
v 0.15588400 0.25317500 0.21218400
v 0.16049000 0.25509900 0.20480100
v 0.14867300 0.25014900 0.22463400
v 0.15555500 0.25525400 0.21434100
v 0.13909700 0.25649600 0.17987800
v 0.14020800 0.25826100 0.17926300
v 0.14550100 0.26204400 0.16738800
v 0.13672300 0.26517800 0.16250900
v 0.14950900 0.26430800 0.15717400
v 0.13948700 0.26664400 0.15357000
v 0.14605900 0.26010500 0.16520000
v 0.13229700 0.25957600 0.17139400
v 0.14080800 0.25648700 0.17720400
v 0.15171700 0.25302300 0.19020000
v 0.16440600 0.25015200 0.20578900
v 0.16529100 0.24976000 0.20432000
v 0.16527100 0.25159800 0.20560900
v 0.17170800 0.25434300 0.19618500
v 0.15767200 0.25817100 0.17991900
v 0.17974500 0.25494900 0.18761100
v 0.16288300 0.25934500 0.16944500
v 0.15840100 0.25609100 0.17761900
v 0.17233200 0.25228400 0.19390100
v 0.17397800 0.24627100 0.21006300
v 0.17253700 0.24650300 0.21212600
v 0.17356500 0.24808700 0.21195800
v 0.18040300 0.25122400 0.20342600
v 0.35408200 0.19720900 0.20410800
v 0.37415500 0.19517600 0.23535100
v 0.02500000 0.28484500 0.25882900
v 0.03247370 0.28346600 0.25985000
v 0.04523520 0.27866400 0.26303100
v 0.05488190 0.27789600 0.26194800
v 0.03160230 0.28396300 0.25636700
v 0.04116310 0.28079600 0.24605200
v 0.03211070 0.28217700 0.25961400
v 0.04359510 0.27885000 0.25180400
v 0.04559500 0.27796900 0.26151900
v 0.06300940 0.27501200 0.26404800
v 0.06885590 0.27231100 0.26549800
v 0.07665190 0.27242200 0.25144700
v 0.05826220 0.27649700 0.24114300
v 0.07471990 0.27010000 0.26379800
v 0.12360300 0.25656300 0.26359600
v 0.12354400 0.25782000 0.26710200
v 0.12414100 0.25922800 0.26592600
v 0.12496700 0.25979600 0.25378300
v 0.08605970 0.26857800 0.23984500
v 0.10692100 0.26182100 0.25218600
v 0.12660500 0.25851800 0.24163000
v 0.14152100 0.25290300 0.25348700
v 0.13897400 0.25196300 0.26746300
v 0.13883200 0.25291900 0.26899500
v 0.13993400 0.25544000 0.26736800
v 0.14252900 0.25705700 0.25453100
v 0.32935000 0.20141300 0.18817700
v 0.32718300 0.19682400 0.21121300
v 0.31779300 0.20180200 0.18598900
v 0.34098000 0.19468100 0.18330900
v 0.34940500 0.19330800 0.18351900
v 0.34684200 0.18764900 0.21012000
v 0.33631300 0.19318700 0.21090900
v 0.33500800 0.19731300 0.18310700
v 0.33042700 0.19956600 0.18475700
v 0.36971200 0.17714800 0.20773600
v 0.36108900 0.18706200 0.18300900
v 0.37090200 0.18436600 0.18260700
v 0.35009600 0.19169200 0.18112400
v 0.39275300 0.16658700 0.20253100
v 0.38257100 0.17745500 0.18051800
v 0.39042800 0.17440300 0.18089000
v 0.37231900 0.18331300 0.17926500
v 0.39654600 0.17001200 0.17955500
v 0.40330700 0.16671400 0.17817400
v 0.40361200 0.16176400 0.20151900
v 0.41006200 0.16579100 0.17977200
v 0.42125900 0.15904200 0.20108100
v 0.41684100 0.16164900 0.17620000
v 0.42417900 0.15802200 0.17755900
v 0.43166600 0.15624100 0.17642900
v 0.44311200 0.15027200 0.19994400
v 0.44058700 0.15178900 0.17400100
v 0.45294200 0.14863100 0.17834900
v 0.31902000 0.20664500 0.18705100
v 0.33518200 0.20365500 0.18492000
v 0.32927800 0.20448000 0.17837900
v 0.34146900 0.20016700 0.18582300
v 0.36259400 0.19175500 0.18500400
v 0.35462400 0.19550100 0.18194200
v 0.34869600 0.19565500 0.16646100
v 0.37580100 0.18712900 0.19857800
v 0.37241100 0.18692900 0.18054600
v 0.38362700 0.18117000 0.18191300
v 0.39205300 0.17805600 0.19539000
v 0.39652600 0.17538300 0.19100100
v 0.40521600 0.17100400 0.18943900
v 0.40290200 0.17015800 0.16547800
v 0.39332000 0.17524000 0.16729200
v 0.42112000 0.16514000 0.18971200
v 0.41797000 0.16592000 0.17724300
v 0.41522300 0.16680300 0.17883600
v 0.42483900 0.16234400 0.17800800
v 0.44313200 0.15535100 0.18699500
v 0.45208800 0.15261700 0.17607500
v 0.43931500 0.15663100 0.17483200
v 0.43303700 0.15041200 0.13465300
v 0.43327100 0.15235800 0.15227300
v 0.42253200 0.15894000 0.13195700
v 0.36010700 0.18695700 0.15423900
v 0.36656000 0.18574700 0.15203100
v 0.36935000 0.18570600 0.16627600
v 0.36036200 0.19135200 0.15556600
v 0.38092700 0.18081400 0.14934700
v 0.39093700 0.17393600 0.16780900
v 0.38957300 0.17354200 0.15689300
v 0.38865000 0.17403200 0.14717900
v 0.31411400 0.20953700 0.15758400
v 0.32587900 0.20335200 0.17083600
v 0.32163000 0.20327200 0.15443900
v 0.31473500 0.20490000 0.16020300
v 0.41228000 0.16442000 0.16256700
v 0.34658000 0.19563700 0.14268500
v 0.34813200 0.19598200 0.14235900
v 0.34505700 0.19454000 0.15280400
v 0.34897200 0.19566200 0.15476000
v 0.34695000 0.19376400 0.16699300
v 0.31798600 0.20811800 0.17506300
v 0.31766600 0.20366400 0.17339900
v 0.34931200 0.19469100 0.13056500
v 0.34886400 0.19565400 0.13498200
v 0.34518600 0.19402200 0.14268200
v 0.35442700 0.19259300 0.12865900
v 0.35247400 0.19460000 0.13222900
v 0.35710700 0.19261400 0.13739200
v 0.35815200 0.18978600 0.12889800
v 0.34826100 0.19334000 0.13460500
v 0.35197700 0.19199600 0.13151900
v 0.35610900 0.18928700 0.13388100
v 0.34661000 0.19264800 0.14199800
v 0.30060200 0.21280000 0.14063100
v 0.30058000 0.21336800 0.14498300
v 0.29963000 0.21186500 0.15566500
v 0.29791900 0.21070000 0.15256300
v 0.30126300 0.21250100 0.15506500
v 0.30863000 0.21095100 0.13856900
v 0.30433500 0.21312400 0.14207300
v 0.30022100 0.21092000 0.14449700
v 0.30417300 0.21041900 0.14124500
v 0.29955600 0.20927500 0.15159100
v 0.30823000 0.20837100 0.14302800
v 0.36553900 0.18632900 0.13573100
v 0.35817800 0.18810100 0.13786000
v 0.34657200 0.19226000 0.15173900
v 0.34839700 0.19220300 0.16584600
v 0.36179800 0.19211300 0.16981900
v 0.36139200 0.18749300 0.16857300
v 0.29841100 0.20979400 0.15917000
v 0.31726100 0.20792400 0.14179000
v 0.31320300 0.20596400 0.15113900
v 0.30011900 0.20826200 0.15779200
v 0.34032200 0.19616700 0.17058600
v 0.34100200 0.20076300 0.17190100
v 0.33461600 0.19820000 0.14250800
v 0.34009000 0.19730000 0.13779600
v 0.33773800 0.20092600 0.15384000
v 0.32484100 0.20519500 0.13639800
v 0.32469600 0.20591900 0.14062200
v 0.32317900 0.20525300 0.15101000
v 0.32150900 0.20410700 0.14799900
v 0.32483500 0.20560000 0.15043400
v 0.33024100 0.20321900 0.13439300
v 0.32829900 0.20505500 0.13788200
v 0.33356700 0.20279900 0.14236200
v 0.33657400 0.20019300 0.13568000
v 0.32405100 0.20355900 0.14020000
v 0.32780700 0.20241000 0.13713700
v 0.32290500 0.20243100 0.14717500
v 0.33237300 0.19959100 0.13907400
v 0.32697600 0.20109000 0.16950600
v 0.32313100 0.20181700 0.15328600
v 0.41050300 0.16256900 0.11542700
v 0.41079100 0.16346700 0.11996600
v 0.40909200 0.16374200 0.13161500
v 0.41088000 0.16439800 0.12984500
v 0.41526900 0.15995500 0.11446300
v 0.41577700 0.16116000 0.11942000
v 0.42266800 0.15547800 0.11543600
v 0.41574900 0.15890100 0.11862900
v 0.41016600 0.16219300 0.12779300
v 0.39071200 0.17280800 0.12068000
v 0.39069500 0.17364900 0.12511400
v 0.38847500 0.17351800 0.13331800
v 0.38960200 0.17438100 0.13653900
v 0.39083400 0.17442200 0.13310700
v 0.39534400 0.17038900 0.11952000
v 0.39561200 0.17151300 0.12441800
v 0.40025000 0.16659300 0.12045400
v 0.39783200 0.16791500 0.12514300
v 0.38959600 0.17221000 0.13271600
v 0.36729900 0.18562300 0.13329500
v 0.36819300 0.18616500 0.12911000
v 0.36573600 0.18598000 0.14160300
v 0.36827600 0.18684100 0.14112800
v 0.37267800 0.18360300 0.12722200
v 0.37102400 0.18534900 0.13045600
v 0.38004700 0.17928400 0.12646700
v 0.37493400 0.18055500 0.13226700
v 0.36677700 0.18463500 0.14083200
v 0.43604500 0.14710900 0.11536000
v 0.43593000 0.14847900 0.11984500
v 0.43446500 0.15061100 0.13135300
v 0.43584800 0.15096200 0.13280100
v 0.44100400 0.14461900 0.11486700
v 0.44498100 0.14399400 0.11658100
v 0.43560900 0.14709400 0.11977100
v 0.44338800 0.14283500 0.12107000
v 0.43473300 0.14797400 0.12779400
v 0.40959500 0.16438800 0.14204100
v 0.41143900 0.16478500 0.14664500
v 0.41285900 0.16483400 0.14609300
v 0.43104300 0.15247100 0.12360300
v 0.42747900 0.15428600 0.11844900
v 0.42168800 0.15620300 0.12774800
v 0.41334300 0.16117600 0.14468000
v 0.41184400 0.16245100 0.15114600
v 0.41066600 0.16378500 0.15192900
v 0.41400200 0.16543800 0.16218800
v 0.42443200 0.15992600 0.16020200
v 0.42433300 0.15653100 0.15930900
v 0.43420200 0.15409400 0.16294600
v 0.39226100 0.17472100 0.15604700
v 0.40108000 0.16957700 0.13397000
v 0.40506100 0.16549800 0.12350800
v 0.40254700 0.16657000 0.15045300
v 0.39182400 0.17161400 0.15537500
v 0.39200100 0.17250700 0.16713400
v 0.39207700 0.17488400 0.16762100
v 0.36806900 0.18644400 0.15162700
v 0.37022200 0.18631000 0.15422400
v 0.38799000 0.17514300 0.13350300
v 0.36772700 0.18419900 0.15096000
v 0.37033200 0.18397600 0.16520200
v 0.43514600 0.15292300 0.14910900
v 0.44683500 0.14645300 0.13821700
v 0.45130300 0.14172300 0.12231900
v 0.44562500 0.14235600 0.12571600
v 0.43454500 0.15079000 0.15170900
v 0.43656400 0.15533500 0.16242000
v 0.44884000 0.15077900 0.16641800
v 0.45583500 0.14338400 0.15302300
v 0.44884800 0.14738500 0.16618500
v 0.45885400 0.14539200 0.16362000
v 0.40008000 0.15901200 0.23128800
v 0.40438100 0.17485100 0.22102200
v 0.33296900 0.19346300 0.24179900
v 0.21284200 0.23068100 0.25782300
v 0.43655100 0.14331600 0.23164000
v 0.43308000 0.14212200 0.23691400
v 0.43739000 0.14440300 0.22560400
v 0.39926300 0.15637500 0.24147900
v 0.44542400 0.13741400 0.25252200
v 0.36447300 0.17557200 0.24705200
v 0.36435400 0.17739800 0.23663800
v 0.33377000 0.19136200 0.25298800
v 0.43043800 0.16330700 0.24595700
v 0.44434100 0.16198900 0.23567100
v 0.44005300 0.16035700 0.22043200
v 0.44013500 0.14610400 0.21429100
v 0.30720700 0.22576100 0.25897400
v 0.30665000 0.20142600 0.26792000
v 0.32129600 0.19498800 0.25784800
v 0.26030100 0.21849200 0.26640100
v 0.23497100 0.22446700 0.27174100
v 0.23773900 0.22439100 0.26538300
v 0.19911200 0.23405800 0.26536200
v 0.19148800 0.23736500 0.25768200
v 0.46487600 0.14470000 0.17284500
v 0.45961700 0.14719500 0.17469200
v 0.45950700 0.14891400 0.17424600
v 0.49576600 0.15085200 0.28163600
v 0.49001300 0.14890000 0.27789900
v 0.49118900 0.14776400 0.28462900
v 0.49562900 0.11915000 0.28244900
v 0.48985600 0.12088400 0.28056400
v 0.48568600 0.12290700 0.27432300
v 0.48106600 0.12975600 0.27152000
v 0.48142800 0.13561200 0.27514600
v 0.48370600 0.13550000 0.28166800
v 0.48617000 0.14187100 0.28269500
v 0.48237500 0.14095600 0.27640300
v 0.48722100 0.14424200 0.28170600
v 0.48226500 0.14440800 0.27409900
v 0.47468500 0.13002100 0.26721400
v 0.46579400 0.13422700 0.26364000
v 0.47028600 0.13098400 0.25914600
v 0.47898400 0.12954400 0.26974600
v 0.46754800 0.13237700 0.25233600
v 0.47126100 0.13454100 0.26854400
v 0.47568700 0.13435400 0.27102900
v 0.47394000 0.14299800 0.26960400
v 0.47123700 0.13850100 0.27002300
v 0.47733900 0.13901800 0.27214700
v 0.46449600 0.13915100 0.26808400
v 0.47358100 0.14786600 0.26477100
v 0.46629000 0.15287600 0.25575800
v 0.46460300 0.14928500 0.26292600
v 0.47490700 0.15396400 0.25548600
v 0.46672400 0.14381000 0.26792500
v 0.47794300 0.15430200 0.24237300
v 0.47919300 0.14562800 0.26996100
v 0.46528900 0.13163500 0.21789700
v 0.46915900 0.12379300 0.23005800
v 0.46568100 0.13246800 0.22767600
v 0.46351600 0.13325700 0.21431500
v 0.46730600 0.12250400 0.21218400
v 0.46733100 0.12344300 0.21753400
v 0.46088500 0.13452700 0.24430500
v 0.46855100 0.12920600 0.23409700
v 0.46978200 0.12543300 0.23761100
v 0.46205000 0.13474500 0.23589500
v 0.46655700 0.12815700 0.20555600
v 0.46719000 0.13160800 0.19318500
v 0.47067900 0.13211700 0.17524100
v 0.46793200 0.13976400 0.17311200
v 0.46978500 0.13584700 0.16988300
v 0.46894700 0.14120700 0.17228700
v 0.47004100 0.13834600 0.16827200
v 0.47280600 0.14248000 0.17588900
v 0.46805900 0.14451700 0.17874100
v 0.47165100 0.14532300 0.18347700
v 0.47040600 0.15395300 0.20361700
v 0.48147500 0.15310700 0.22335500
v 0.48348300 0.14944700 0.19919200
v 0.47091100 0.15706000 0.22446800
v 0.47342300 0.15177700 0.19289400
v 0.46975100 0.15706100 0.23625600
v 0.47627000 0.14263300 0.16544500
v 0.47878000 0.14791600 0.17945700
v 0.49074500 0.11698000 0.27106100
v 0.47964500 0.13440600 0.27230200
v 0.47976700 0.14171100 0.27293700
v 0.48556000 0.14908300 0.27140200
v 0.47978700 0.15157900 0.26405100
v 0.49433200 0.15195800 0.26919000
v 0.49268400 0.10372900 0.23495500
v 0.48538800 0.15339400 0.25892700
v 0.48398000 0.10322300 0.22545100
v 0.49042100 0.09928330 0.22054300
v 0.47745400 0.10108900 0.21813700
v 0.49138100 0.11534600 0.15328400
v 0.47204500 0.12923900 0.16313600
v 0.47296400 0.12829700 0.15129400
v 0.47347800 0.13163000 0.14622800
v 0.47369800 0.13652700 0.15763000
v 0.47798600 0.13569500 0.14380300
v 0.48950600 0.14643000 0.16649000
v 0.49005700 0.14713500 0.18056500
v 0.48375900 0.11893300 0.14779700
v 0.47687400 0.12142900 0.14956500
v 0.47450200 0.12405300 0.14711400
v 0.46174400 0.15739600 0.22077000
v 0.45940100 0.15801600 0.23950800
v 0.46080100 0.15250100 0.19077100
v 0.45465400 0.14017500 0.21616800
v 0.45674600 0.14350500 0.26574500
v 0.45889700 0.13810400 0.26390500
v 0.45530500 0.15718200 0.25268600
v 0.50816400 0.13692600 0.32639900
v 0.50844800 0.13606200 0.32553000
v 0.50889300 0.13745000 0.32497300
v 0.50886600 0.13624300 0.32359100
v 0.50837100 0.13909500 0.32552300
v 0.50757500 0.13849700 0.32693700
v 0.50730500 0.13667900 0.32720300
v 0.50743200 0.13474200 0.32579500
v 0.50786100 0.13451600 0.32449200
v 0.50898700 0.13847100 0.32397300
v 0.50662700 0.13729900 0.32770200
v 0.50654900 0.13526000 0.32708200
v 0.50848900 0.13850400 0.32188000
v 0.50803900 0.14027900 0.32333200
v 0.50702300 0.14085500 0.32533900
v 0.50582900 0.14001300 0.32713400
v 0.50467600 0.13691500 0.32801800
v 0.50476000 0.13477600 0.32707500
v 0.50527000 0.13368700 0.32577100
v 0.50756700 0.13451800 0.32194600
v 0.50836200 0.13678000 0.32146300
v 0.50507400 0.13864400 0.32795700
v 0.50638600 0.13346400 0.32371900
v 0.49183600 0.13692600 0.32639900
v 0.49110700 0.13745000 0.32497300
v 0.49155200 0.13606200 0.32553000
v 0.49113400 0.13624300 0.32359100
v 0.49162900 0.13909500 0.32552300
v 0.49242500 0.13849700 0.32693700
v 0.49269500 0.13667900 0.32720300
v 0.49256800 0.13474200 0.32579500
v 0.49213900 0.13451600 0.32449200
v 0.49101300 0.13847100 0.32397300
v 0.49337300 0.13729900 0.32770200
v 0.49345100 0.13526000 0.32708200
v 0.49151100 0.13850400 0.32188000
v 0.49196100 0.14027900 0.32333200
v 0.49297700 0.14085500 0.32533900
v 0.49417100 0.14001300 0.32713400
v 0.49532400 0.13691500 0.32801800
v 0.49524000 0.13477600 0.32707500
v 0.49420900 0.13339200 0.32474300
v 0.49243300 0.13451800 0.32194600
v 0.49163800 0.13678000 0.32146300
v 0.49492600 0.13864400 0.32795700
v 0.49361400 0.13346400 0.32371900
f 1350 1352 1353
f 1351 1350 1354
f 1354 1355 1356
f 1357 1356 1355
f 1356 1357 1358
f 1352 1360 1359
f 1359 1353 1352
f 1362 1361 1358
f 1358 1361 1356
f 1362 1363 1361
f 1364 1361 1363
f 1364 1356 1361
f 1356 1364 1365
f 1354 1365 1351
f 1356 1365 1354
f 1365 1366 1351
f 1352 1351 1366
f 1350 1351 1352
f 1367 1368 1369
f 1367 1370 1368
f 1367 1369 1371
f 1367 1371 1370
f 1370 1372 1368
f 1371 1372 1370
f 1373 1329 1328
f 1374 1373 1328
f 1374 1328 1331
f 1327 1374 1330
f 1374 1331 1330
f 1373 1375 1329
f 1375 5 1329
f 1376 1378 100
f 1375 1378 1376
f 1375 1380 1378
f 1375 1373 1380
f 1374 1380 1373
f 1377 1378 1380
f 1379 1380 1374
f 1380 1379 1377
f 1327 1379 1374
f 124 1376 101
f 100 101 1376
f 1375 1376 124
f 5 1375 124
f 108 107 1381
f 108 1381 1327
f 1383 1381 107
f 1383 1382 1381
f 1382 1327 1381
f 1371 1369 1386
f 1387 1371 1386
f 1388 1371 1387
f 121 1388 1387
f 1388 121 123
f 1369 1368 1386
f 1389 2 1
f 1390 1389 1
f 2 1389 3
f 1391 3 1389
f 1392 1389 1390
f 1389 1392 1391
f 13 1390 1
f 14 1392 1390
f 1393 1392 14
f 1390 13 14
f 15 1393 14
f 1394 1395 1383
f 1394 1396 1395
f 18 1397 106
f 1398 106 1397
f 1398 1383 106
f 1383 107 106
f 1394 1398 1397
f 1399 1394 1397
f 1394 1383 1398
f 1400 1401 1399
f 1401 1394 1399
f 1401 1396 1394
f 1386 1401 1400
f 1386 1368 1401
f 1401 1368 1396
f 1385 1396 1368
f 1368 1372 1385
f 1403 1387 1402
f 1387 1386 1402
f 122 121 1403
f 121 1387 1403
f 1388 1404 1371
f 1371 1404 1372
f 1404 1384 1372
f 1384 1385 1372
f 123 1404 1388
f 123 97 1404
f 97 1384 1404
f 1403 1405 122
f 1405 125 122
f 1402 1405 1403
f 1405 126 125
f 126 1405 15
f 1393 15 1405
f 1400 1402 1386
f 1393 1405 1402
f 1402 1400 1393
f 1392 1393 1400
f 1399 1406 1400
f 1391 1400 1406
f 1400 1391 1392
f 1399 1397 1406
f 1406 1397 1407
f 1406 1407 1391
f 1391 1407 3
f 1397 18 1407
f 4 1407 18
f 4 3 1407
f 1409 1410 1408
f 1411 1408 1410
f 1408 1412 1409
f 1413 1409 1412
f 1412 1414 1413
f 1415 1413 1414
f 1416 1415 1414
f 1418 1419 1417
f 1419 1420 1417
f 1419 1418 1421
f 1418 1422 1421
f 1417 1420 1416
f 1420 1423 1416
f 1423 1415 1416
f 1414 1424 1416
f 1418 1417 1424
f 1416 1424 1417
f 1426 1427 1425
f 1427 1428 1425
f 1429 1430 1426
f 1426 1430 1427
f 1428 1427 1431
f 1433 1434 1432
f 1434 1435 1432
f 1436 1435 1434
f 1439 1438 1437
f 1438 1439 1440
f 1441 1440 1439
f 1440 1441 1442
f 1441 1443 1442
f 1433 1432 1445
f 1432 1435 1446
f 1435 1447 1446
f 1447 1435 1448
f 1448 1435 1449
f 1436 1449 1435
f 1436 1437 1449
f 1437 1450 1449
f 1437 1438 1450
f 1438 1451 1450
f 1438 1440 1451
f 1440 1452 1451
f 1440 1442 1452
f 1442 1453 1452
f 1453 1442 1454
f 1454 1442 1455
f 1443 1455 1442
f 1455 1443 1456
f 1444 1456 1443
f 1456 1444 1457
f 1445 1457 1444
f 1445 1432 1457
f 1432 1446 1457
f 1446 1447 1458
f 1447 1459 1458
f 1459 1447 1460
f 1448 1460 1447
f 1460 1448 1461
f 1461 1448 1462
f 1449 1462 1448
f 1462 1449 1429
f 1450 1429 1449
f 1429 1450 1427
f 1451 1427 1450
f 1453 1463 1452
f 1463 1453 1464
f 1454 1464 1453
f 1464 1454 1455
f 1456 1420 1455
f 1456 1457 1420
f 1457 1465 1420
f 1457 1446 1465
f 1446 1458 1465
f 1415 1458 1413
f 1459 1413 1458
f 1413 1459 1409
f 1460 1409 1459
f 1460 1461 1409
f 1461 1410 1409
f 1461 1462 1410
f 1462 1466 1410
f 1462 1429 1466
f 1427 1430 1429
f 1427 1451 1431
f 1452 1431 1451
f 1431 1452 1463
f 1464 1421 1463
f 1421 1464 1419
f 1455 1419 1464
f 1419 1455 1420
f 1465 1423 1420
f 1423 1465 1415
f 1458 1415 1465
f 1468 1469 1467
f 1471 1472 1470
f 1471 1468 1472
f 1468 1467 1472
f 1474 1475 1473
f 1474 1476 1475
f 1476 1477 1475
f 1477 1476 1478
f 1471 1470 1479
f 1484 1482 1483
f 1480 1487 1488
f 1481 1480 1489
f 1489 1483 1481
f 1482 1481 1483
f 1483 1490 1484
f 1485 1484 1490
f 1490 1491 1485
f 1486 1485 1491
f 1488 1486 1491
f 1487 1486 1488
f 1489 1480 1488
f 1493 1483 1492
f 1483 1489 1492
f 1493 1490 1483
f 1494 1490 1493
f 1491 1490 1494
f 1494 1495 1491
f 1488 1491 1495
f 1495 1492 1488
f 1489 1488 1492
f 1496 1493 1492
f 1496 1494 1493
f 1496 1495 1494
f 1496 1492 1495
f 1482 1497 1481
f 1497 1482 1498
f 1484 1498 1482
f 1484 1485 1498
f 1485 1499 1498
f 1499 1485 1486
f 1486 1487 1500
f 1500 1487 1501
f 1487 1480 1501
f 1480 1502 1501
f 1480 1481 1502
f 1504 1481 1503
f 1497 1503 1481
f 1497 1505 1503
f 1498 1505 1497
f 1498 1506 1505
f 1498 1499 1506
f 1506 1499 1507
f 1486 1507 1499
f 1486 1500 1507
f 1500 1508 1507
f 1501 1508 1500
f 1508 1501 1509
f 1501 1502 1509
f 1509 1502 1504
f 1481 1504 1502
f 1506 1510 1505
f 1506 1507 1510
f 1507 1511 1510
f 1511 1507 1508
f 1504 1503 1512
f 1503 1513 1512
f 1503 1505 1513
f 1505 1514 1513
f 1514 1505 1515
f 1510 1515 1505
f 1515 1510 1516
f 1516 1510 1517
f 1511 1517 1510
f 1511 1508 1517
f 1508 1518 1517
f 1508 1509 1518
f 1509 1519 1518
f 1519 1509 1520
f 1520 1509 1512
f 1504 1512 1509
f 1512 1513 1521
f 1513 1522 1521
f 1513 1514 1522
f 1514 1523 1522
f 1523 1514 1524
f 1515 1524 1514
f 1524 1515 1516
f 1517 1525 1516
f 1517 1518 1525
f 1526 1518 1527
f 1519 1527 1518
f 1527 1519 1528
f 1520 1528 1519
f 1512 1528 1520
f 1528 1512 1521
f 1518 1526 1525
f 1522 1471 1521
f 1471 1522 1468
f 1523 1468 1522
f 1468 1523 1469
f 1524 1469 1523
f 1516 1469 1524
f 1469 1516 1473
f 1516 1525 1473
f 1525 1474 1473
f 1525 1526 1474
f 1526 1476 1474
f 1526 1527 1476
f 1527 1478 1476
f 1527 1528 1478
f 1528 1479 1478
f 1479 1528 1471
f 1521 1471 1528
f 1530 1531 1529
f 1532 1529 1531
f 1533 1535 1534
f 1535 1536 1534
f 1537 1536 1535
f 1535 1538 1537
f 1541 1543 1542
f 1533 1534 1542
f 1543 1533 1542
f 1548 1546 1547
f 1549 1548 1547
f 1549 1550 1548
f 1552 1551 1550
f 1545 1544 1554
f 1545 1554 1547
f 1547 1546 1545
f 1550 1549 1555
f 1552 1550 1555
f 1556 1552 1555
f 1553 1552 1556
f 1557 1553 1556
f 1544 1553 1557
f 1554 1544 1557
f 1559 1554 1558
f 1547 1554 1559
f 1559 1549 1547
f 1549 1559 1560
f 1555 1549 1560
f 1561 1555 1560
f 1561 1556 1555
f 1556 1561 1558
f 1558 1557 1556
f 1558 1554 1557
f 1562 1559 1558
f 1562 1560 1559
f 1562 1561 1560
f 1562 1558 1561
f 1546 1563 1545
f 1564 1563 1546
f 1546 1548 1564
f 1550 1565 1564
f 1548 1550 1564
f 1551 1565 1550
f 1552 1566 1551
f 1552 1553 1566
f 1553 1544 1566
f 1563 1568 1567
f 1545 1563 1567
f 1569 1568 1563
f 1563 1564 1569
f 1564 1570 1569
f 1564 1565 1570
f 1571 1570 1565
f 1565 1551 1571
f 1551 1572 1571
f 1551 1566 1572
f 1573 1572 1566
f 1574 1573 1566
f 1544 1575 1574
f 1566 1544 1574
f 1567 1575 1544
f 1544 1545 1567
f 1569 1570 1576
f 1571 1577 1576
f 1570 1571 1576
f 1572 1577 1571
f 1568 1579 1578
f 1567 1568 1578
f 1569 1580 1579
f 1568 1569 1579
f 1581 1580 1569
f 1569 1576 1581
f 1582 1581 1576
f 1576 1577 1582
f 1572 1583 1582
f 1577 1572 1582
f 1573 1584 1583
f 1572 1573 1583
f 1574 1585 1584
f 1573 1574 1584
f 1586 1585 1574
f 1574 1575 1586
f 1575 1567 1586
f 1567 1578 1586
f 1579 1588 1587
f 1578 1579 1587
f 1579 1589 1588
f 1579 1580 1589
f 1580 1530 1589
f 1580 1581 1530
f 1581 1582 1531
f 1590 1531 1582
f 1582 1583 1590
f 1583 1584 1591
f 1592 1591 1584
f 1584 1585 1592
f 1593 1592 1585
f 1585 1586 1593
f 1587 1593 1586
f 1586 1578 1587
f 1530 1581 1531
f 1591 1590 1583
f 1587 1588 1533
f 1535 1533 1588
f 1588 1589 1535
f 1589 1530 1535
f 1538 1535 1530
f 1529 1538 1530
f 1539 1532 1531
f 1531 1590 1539
f 1590 1591 1539
f 1591 1540 1539
f 1592 1467 1540
f 1591 1592 1540
f 1592 1541 1467
f 1593 1543 1541
f 1592 1593 1541
f 1593 1587 1543
f 1587 1533 1543
f 1595 1596 1594
f 1597 1595 1594
f 1598 1595 1597
f 1604 1596 1603
f 1606 1607 1605
f 1605 1608 1606
f 1609 1610 1608
f 1614 1612 1613
f 1616 1609 1605
f 1608 1605 1609
f 1617 1610 1609
f 1611 1610 1617
f 1617 1618 1611
f 1612 1611 1618
f 1613 1612 1618
f 1619 1613 1618
f 1614 1613 1619
f 1615 1614 1619
f 1607 1615 1619
f 1616 1605 1619
f 1605 1607 1619
f 1620 1621 1616
f 1617 1609 1621
f 1609 1616 1621
f 1618 1617 1622
f 1623 1618 1622
f 1619 1618 1623
f 1623 1620 1619
f 1620 1616 1619
f 1624 1621 1620
f 1624 1617 1621
f 1624 1622 1617
f 1624 1623 1622
f 1624 1620 1623
f 1610 1625 1608
f 1611 1625 1610
f 1611 1626 1625
f 1612 1626 1611
f 1614 1627 1612
f 1627 1614 1628
f 1615 1628 1614
f 1615 1629 1628
f 1615 1607 1629
f 1607 1606 1629
f 1608 1625 1630
f 1625 1631 1630
f 1625 1632 1631
f 1625 1626 1632
f 1632 1626 1633
f 1612 1633 1626
f 1612 1627 1633
f 1627 1634 1633
f 1627 1635 1634
f 1628 1635 1627
f 1635 1628 1636
f 1628 1629 1636
f 1629 1637 1636
f 1606 1637 1629
f 1637 1606 1630
f 1608 1630 1606
f 1632 1638 1631
f 1632 1633 1638
f 1633 1634 1638
f 1630 1631 1639
f 1631 1640 1639
f 1631 1641 1640
f 1641 1631 1642
f 1638 1642 1631
f 1642 1638 1643
f 1634 1643 1638
f 1634 1644 1643
f 1634 1635 1644
f 1635 1645 1644
f 1635 1636 1645
f 1636 1646 1645
f 1646 1636 1647
f 1637 1647 1636
f 1647 1637 1648
f 1648 1637 1639
f 1630 1639 1637
f 1639 1650 1649
f 1639 1640 1650
f 1640 1651 1650
f 1640 1641 1651
f 1651 1641 1652
f 1642 1652 1641
f 1652 1642 1653
f 1643 1653 1642
f 1643 1644 1653
f 1644 1654 1653
f 1644 1645 1654
f 1655 1645 1656
f 1646 1656 1645
f 1656 1646 1647
f 1639 1649 1648
f 1645 1655 1654
f 1656 1647 1657
f 1648 1657 1647
f 1648 1649 1657
f 1433 1649 1658
f 1650 1658 1649
f 1658 1650 1659
f 1651 1659 1650
f 1659 1651 1660
f 1652 1660 1651
f 1660 1652 1661
f 1653 1661 1652
f 1661 1653 1654
f 1654 1655 1662
f 1655 1656 1662
f 1656 1663 1662
f 1656 1664 1663
f 1656 1657 1664
f 1657 1433 1664
f 1649 1433 1657
f 1667 1666 1665
f 1668 1665 1666
f 1669 1670 1668
f 1672 1674 1673
f 1670 1676 1665
f 1665 1668 1670
f 1677 1670 1669
f 1669 1671 1677
f 1671 1672 1677
f 1678 1677 1672
f 1672 1673 1678
f 1679 1673 1674
f 1674 1675 1679
f 1675 1667 1679
f 1665 1676 1679
f 1667 1665 1679
f 1670 1681 1680
f 1676 1670 1680
f 1677 1681 1670
f 1677 1678 1681
f 1678 1673 1682
f 1673 1679 1682
f 1680 1682 1679
f 1676 1680 1679
f 1681 1683 1680
f 1678 1683 1681
f 1682 1683 1678
f 1680 1683 1682
f 1684 1669 1668
f 1684 1671 1669
f 1685 1671 1684
f 1685 1672 1671
f 1686 1674 1672
f 1674 1686 1687
f 1687 1675 1674
f 1688 1675 1687
f 1667 1675 1688
f 1666 1667 1688
f 1668 1690 1689
f 1684 1668 1689
f 1684 1689 1691
f 1692 1684 1691
f 1685 1684 1692
f 1685 1692 1693
f 1693 1672 1685
f 1686 1672 1693
f 1694 1686 1693
f 1694 1687 1686
f 1687 1694 1695
f 1688 1687 1695
f 1688 1695 1690
f 1690 1666 1688
f 1690 1668 1666
f 1696 1692 1691
f 1693 1692 1696
f 1697 1693 1696
f 1694 1693 1697
f 1694 1697 1698
f 1695 1694 1698
f 1689 1690 1699
f 1700 1689 1699
f 1691 1689 1700
f 1701 1691 1700
f 1691 1701 1702
f 1702 1696 1691
f 1696 1702 1703
f 1703 1697 1696
f 1704 1697 1703
f 1698 1697 1704
f 1705 1698 1704
f 1695 1698 1705
f 1706 1695 1705
f 1695 1706 1707
f 1707 1690 1695
f 1690 1707 1699
f 1700 1699 1708
f 1709 1700 1708
f 1701 1700 1709
f 1710 1701 1709
f 1701 1710 1711
f 1711 1702 1701
f 1702 1711 1712
f 1712 1703 1702
f 1703 1712 1704
f 1713 1705 1704
f 1705 1713 1714
f 1714 1706 1705
f 1706 1714 1715
f 1715 1707 1706
f 1707 1715 1708
f 1708 1699 1707
f 1595 1709 1708
f 1709 1595 1598
f 1598 1710 1709
f 1710 1598 1537
f 1537 1711 1710
f 1711 1537 1599
f 1599 1712 1711
f 1599 1704 1712
f 1600 1704 1599
f 1713 1704 1600
f 1601 1713 1600
f 1714 1713 1601
f 1602 1714 1601
f 1603 1714 1602
f 1715 1714 1603
f 1596 1715 1603
f 1715 1596 1595
f 1595 1708 1715
f 1717 1601 1716
f 1601 1717 1602
f 1716 1601 1600
f 1717 1663 1602
f 1662 1663 1717
f 1664 1718 1663
f 1604 1603 1664
f 1718 1664 1603
f 1663 1718 1602
f 1718 1603 1602
f 1529 1719 1538
f 1537 1538 1719
f 1599 1537 1719
f 1536 1537 1598
f 1536 1598 1597
f 1534 1536 1441
f 1594 1441 1597
f 1441 1536 1597
f 1441 1594 1443
f 1594 1596 1720
f 1720 1596 1604
f 1720 1443 1594
f 1443 1720 1444
f 1604 1664 1720
f 1720 1445 1444
f 1445 1664 1433
f 1445 1720 1664
f 1723 1721 1722
f 1721 1662 1722
f 1722 1717 1716
f 1722 1716 1724
f 1722 1662 1717
f 1724 1723 1722
f 1725 1723 1724
f 1725 1724 1599
f 1532 1725 1599
f 1600 1724 1716
f 1599 1724 1600
f 1599 1719 1532
f 1534 1441 1542
f 1439 1542 1441
f 1433 1658 1434
f 1654 1721 1661
f 1661 1721 1726
f 1662 1721 1654
f 1725 1726 1723
f 1721 1723 1726
f 1725 1727 1726
f 1727 1532 1473
f 1725 1532 1727
f 1532 1719 1529
f 1473 1532 1728
f 1539 1728 1532
f 1539 1540 1728
f 1467 1728 1540
f 1467 1469 1728
f 1472 1467 1541
f 1542 1439 1541
f 1541 1439 1472
f 1439 1470 1472
f 1470 1439 1437
f 1437 1729 1470
f 1729 1479 1470
f 1436 1730 1729
f 1436 1729 1437
f 1659 1436 1658
f 1436 1434 1658
f 1436 1659 1730
f 1660 1661 1731
f 1731 1661 1726
f 1731 1726 1727
f 1475 1731 1727
f 1475 1727 1473
f 1473 1728 1469
f 1478 1729 1730
f 1478 1730 1477
f 1729 1478 1479
f 1477 1731 1475
f 1660 1731 1477
f 1730 1660 1477
f 1730 1659 1660
f 911 1733 1732
f 1418 913 1732
f 911 1732 913
f 1418 925 913
f 1418 1424 925
f 1734 925 1424
f 1735 1734 1412
f 1414 1412 1734
f 1424 1414 1734
f 1418 1732 1422
f 1422 1732 1736
f 1736 1732 1733
f 1737 1422 1736
f 1738 1421 1422
f 1738 1422 1737
f 1738 1737 1739
f 1740 1421 1738
f 1740 1738 1739
f 1740 1428 1421
f 1463 1421 1428
f 1428 1740 1741
f 1740 1739 1741
f 1431 1463 1428
f 1428 1741 1425
f 1742 1411 1466
f 1411 1410 1466
f 1411 1742 1743
f 1742 1466 1426
f 1744 1745 1426
f 1742 1426 1745
f 1743 1742 1745
f 1466 1429 1426
f 1426 1425 1744
f 1746 1411 1743
f 1408 1411 1746
f 1747 1408 1746
f 1735 1408 1747
f 1412 1408 1735
f 1749 1750 1748
f 1750 1751 1752
f 1751 1750 1749
f 1749 1748 1753
f 1754 1749 1753
f 1749 1755 1751
f 1755 1749 1754
f 1757 1753 1756
f 1757 1754 1753
f 1758 1759 1752
f 1761 1758 1760
f 1759 1761 1762
f 1761 1759 1758
f 1751 1758 1752
f 1763 1758 1751
f 1760 1763 1764
f 1760 1758 1763
f 1755 1763 1751
f 1765 1755 1754
f 1763 1765 1764
f 1765 1763 1755
f 1766 1765 1754
f 1768 1766 1767
f 1765 1768 1764
f 1768 1765 1766
f 1766 1769 1767
f 1770 1766 1754
f 1766 1770 1769
f 1772 1770 1771
f 1770 1772 1769
f 1770 1757 1771
f 1757 1770 1754
f 1773 1768 1767
f 1775 1773 1774
f 1768 1775 1764
f 1775 1768 1773
f 1773 1776 1774
f 1776 1767 1777
f 1767 1776 1773
f 1778 1760 1764
f 1775 1778 1764
f 1778 1774 1779
f 1774 1778 1775
f 1780 1761 1760
f 1782 1780 1781
f 1761 1782 1762
f 1782 1761 1780
f 1778 1780 1760
f 1780 1779 1781
f 1779 1780 1778
f 1783 1782 1781
f 1783 1762 1782
f 1783 1784 1762
f 1783 1785 1784
f 1785 1783 1781
f 1788 1789 1787
f 1788 1791 1790
f 1792 1788 1787
f 1792 1791 1788
f 1750 1792 1787
f 1791 1750 1752
f 1791 1792 1750
f 1748 1750 1787
f 1791 1793 1790
f 1794 1793 1791
f 1784 1794 1762
f 1794 1784 1793
f 1794 1791 1752
f 1759 1794 1752
f 1759 1762 1794
f 1789 1795 1797
f 1788 1795 1789
f 1795 1790 1796
f 1790 1795 1788
f 1790 1798 1796
f 1793 1798 1790
f 1799 1793 1784
f 1799 1798 1793
f 1801 1795 1800
f 1797 1801 1802
f 1801 1797 1795
f 1800 1795 1796
f 1804 1796 1803
f 1804 1800 1796
f 1805 1798 1799
f 1796 1805 1803
f 1805 1796 1798
f 1806 1807 1803
f 1807 1806 1809
f 1805 1806 1803
f 1808 1805 1799
f 1808 1806 1805
f 1810 1785 1786
f 1785 1799 1784
f 1799 1785 1810
f 1810 1808 1799
f 1786 1808 1810
f 1811 1812 1814
f 1801 1812 1811
f 1813 1801 1815
f 1801 1813 1812
f 1802 1801 1811
f 1815 1801 1800
f 1816 1813 1815
f 1818 1816 1815
f 1817 1818 1819
f 1818 1817 1816
f 1818 1815 1800
f 1804 1818 1800
f 1819 1804 1803
f 1804 1819 1818
f 1820 1817 1819
f 1822 1820 1819
f 1821 1822 1823
f 1822 1821 1820
f 1822 1819 1803
f 1822 1809 1823
f 1807 1822 1803
f 1807 1809 1822
f 1824 1825 1817
f 1827 1824 1826
f 1827 1825 1824
f 1820 1824 1817
f 1824 1821 1826
f 1821 1824 1820
f 1828 1829 1825
f 1830 1829 1828
f 1827 1828 1825
f 1828 1827 1826
f 1813 1832 1831
f 1831 1812 1813
f 1812 1831 1814
f 1829 1834 1825
f 1835 1833 1832
f 1834 1835 1825
f 1835 1834 1833
f 1825 1835 1817
f 1813 1835 1832
f 1835 1816 1817
f 1816 1835 1813
f 1837 1838 1836
f 1836 1838 1839
f 1839 1840 1836
f 1837 1836 1840
f 1842 1843 1841
f 1842 1841 1844
f 1845 1846 945
f 761 945 1846
f 761 1846 1847
f 1847 1849 1848
f 761 1847 1848
f 1848 1850 1851
f 1848 1851 767
f 1848 767 761
f 1847 1846 1854
f 1847 1854 1853
f 1853 1852 1855
f 1853 1855 1856
f 1853 1856 1847
f 1845 1854 1846
f 1857 1860 1859
f 1857 1859 1861
f 1861 1858 1857
f 1860 952 778
f 1859 1860 778
f 1863 1864 1859
f 1863 1859 778
f 1866 1865 1863
f 1863 778 783
f 783 1866 1863
f 1860 1862 952
f 1868 1869 1867
f 1868 1867 1853
f 1854 1870 1868
f 1854 1868 1853
f 1845 1870 1854
f 1857 1872 1871
f 1860 1857 1871
f 1860 1871 1873
f 1860 1873 1862
f 1868 1870 1874
f 1877 1876 1875
f 1877 1875 1868
f 1874 1877 1868
f 1845 1879 1878
f 1870 1845 1878
f 1870 1878 1874
f 1873 1881 1880
f 1862 1873 1880
f 1880 1882 1862
f 1881 1873 1871
f 1884 1883 1885
f 1871 1884 1885
f 1871 1885 1881
f 1889 1852 1888
f 1890 1891 1858
f 1858 1891 1857
f 1890 1889 1891
f 1889 1888 1891
f 1875 1892 1868
f 1884 1894 1893
f 1884 1871 1894
f 1893 1894 1892
f 1893 1892 1875
f 1850 1848 1895
f 1896 1897 1863
f 1865 1896 1863
f 1896 1850 1897
f 1850 1895 1897
f 1898 1899 1878
f 1898 1878 1879
f 1899 1874 1878
f 1899 1886 1874
f 1886 1900 1877
f 1886 1877 1874
f 1900 1901 1877
f 1901 1902 1877
f 1902 1903 1876
f 1902 1876 1877
f 1892 1869 1868
f 1867 1852 1853
f 1889 1855 1852
f 1856 1849 1847
f 1904 1895 1848
f 1904 1848 1849
f 1851 819 767
f 819 1905 1866
f 819 1866 783
f 1905 1906 1865
f 1905 1865 1866
f 1906 1896 1865
f 1897 1864 1863
f 1864 1907 1859
f 1907 1908 1861
f 1907 1861 1859
f 1908 1909 1858
f 1908 1858 1861
f 1909 1890 1858
f 1891 1910 1857
f 1910 1911 1872
f 1910 1872 1857
f 1911 1912 1872
f 1912 1894 1871
f 1912 1871 1872
f 1893 1913 1883
f 1893 1883 1884
f 1913 1903 1883
f 1903 1914 1885
f 1903 1885 1883
f 1914 1915 1885
f 1915 1881 1885
f 1915 1887 1881
f 1887 1880 1881
f 1887 1916 1880
f 1916 1898 1882
f 1916 1882 1880
f 1898 1916 1899
f 1916 1887 1899
f 1887 1886 1899
f 1887 1915 1900
f 1887 1900 1886
f 1915 1901 1900
f 1915 1914 1902
f 1915 1902 1901
f 1914 1903 1902
f 1903 1913 1876
f 1913 1893 1875
f 1913 1875 1876
f 1894 1912 1869
f 1894 1869 1892
f 1912 1911 1867
f 1912 1867 1869
f 1911 1910 1852
f 1911 1852 1867
f 1910 1891 1888
f 1910 1888 1852
f 1890 1909 1855
f 1890 1855 1889
f 1909 1908 1856
f 1909 1856 1855
f 1908 1907 1849
f 1908 1849 1856
f 1907 1864 1904
f 1907 1904 1849
f 1864 1897 1895
f 1864 1895 1904
f 1896 1906 1850
f 1906 1905 1851
f 1906 1851 1850
f 1905 819 1851
f 1919 1917 1918
f 1919 1918 1920
f 1919 1920 1921
f 1919 1921 1922
f 1919 1923 1917
f 1919 1924 1923
f 1384 97 1925
f 1360 1926 1385
f 1396 1385 1926
f 1360 1385 1384
f 1928 1350 1927
f 1350 1928 1354
f 1355 1354 1928
f 1357 1355 1928
f 1360 1384 1359
f 1927 1350 1353
f 1931 1932 1933
f 1357 1934 1358
f 1934 1357 1928
f 1934 1936 1358
f 1935 1936 1934
f 1935 1937 1936
f 1937 1935 1930
f 1937 1930 1929
f 1927 1939 1928
f 1939 1938 1940
f 1938 1939 1927
f 1939 1940 1941
f 1939 1934 1928
f 1934 1939 1935
f 1939 1942 1935
f 1942 1941 1932
f 1941 1942 1939
f 1931 1942 1932
f 1935 1931 1930
f 1931 1935 1942
f 1384 1925 1359
f 1925 1943 1359
f 1943 1353 1359
f 1943 1944 1353
f 1945 1944 1943
f 1944 1945 1938
f 1944 1927 1353
f 1927 1944 1938
f 1947 1948 1946
f 1952 1949 1951
f 1950 1951 1949
f 1952 1951 1953
f 1951 1954 1953
f 1953 1954 1363
f 1954 1955 1363
f 1363 1955 1956
f 1955 1957 1956
f 1956 1957 1366
f 1957 1958 1366
f 1366 1958 1959
f 1352 1959 1960
f 1958 1960 1959
f 1360 1352 1960
f 1960 1961 1360
f 1961 1962 1360
f 1926 1360 1962
f 1926 1962 1949
f 1962 1950 1949
f 1947 1952 1963
f 1952 1947 1949
f 1952 1953 1963
f 1963 1953 1363
f 1956 1364 1363
f 1365 1364 1956
f 1956 1366 1365
f 1352 1366 1959
f 1949 1964 1926
f 1949 1947 1964
f 1963 1948 1947
f 1948 1963 1362
f 1963 1363 1362
f 1396 1926 1964
f 1948 1362 1965
f 1362 1358 1966
f 1395 1396 1964
f 1947 1946 1964
f 1948 1965 1946
f 1970 1967 1968
f 1969 1967 1929
f 1930 1971 1929
f 1930 1931 1971
f 1931 1933 1971
f 1972 1971 1933
f 43 45 1932
f 1933 1932 45
f 1933 45 1972
f 20 1972 45
f 46 1973 23
f 1974 23 1973
f 1975 1976 1973
f 1976 1974 1973
f 1978 1977 1975
f 1979 1977 1978
f 1979 1980 1977
f 1968 1980 1979
f 1979 1981 1968
f 1982 1981 1979
f 1982 1965 1981
f 1362 1981 1965
f 1966 1981 1362
f 1970 1968 1981
f 1966 1970 1981
f 1358 1936 1966
f 1936 1970 1966
f 1936 1937 1970
f 1937 1929 1970
f 1929 1967 1970
f 69 68 1938
f 1940 1938 68
f 68 70 1940
f 1941 1940 70
f 70 43 1941
f 1932 1941 43
f 72 1983 71
f 1983 73 71
f 1985 73 1983
f 1986 74 73
f 74 1986 46
f 1973 46 1986
f 73 1985 1986
f 1983 1984 1985
f 1978 1985 1984
f 1985 1973 1986
f 1987 1978 1984
f 1978 1975 1985
f 1975 1973 1985
f 1982 1978 1987
f 1979 1978 1982
f 1988 1946 1987
f 1946 1982 1987
f 1379 1327 1988
f 1382 1988 1327
f 1382 1946 1988
f 1395 1964 1383
f 1964 1382 1383
f 1964 1946 1382
f 1965 1982 1946
f 98 1943 97
f 1925 97 1943
f 1943 98 1945
f 69 1945 98
f 1938 1945 69
f 1989 72 100
f 1984 72 1989
f 72 1984 1983
f 100 1378 1989
f 1988 1984 1989
f 1987 1984 1988
f 1378 1377 1989
f 1379 1989 1377
f 1989 1379 1988
f 1991 1992 1990
f 1991 1993 1992
f 1991 1994 1993
f 1995 1994 1991
f 1995 1991 1990
f 1997 1998 1996
f 1999 1996 1998
f 1997 2001 2000
f 2002 2000 2001
f 2000 2004 2003
f 2008 2009 2007
f 2011 2012 2010
f 2013 2014 2010
f 2015 2013 2010
f 1999 2017 2016
f 2008 2007 2018
f 2020 2021 2019
f 2022 2006 2015
f 2022 2023 2004
f 2006 2022 2024
f 2022 2004 2024
f 2012 2026 2025
f 2015 2025 2026
f 2028 2029 2027
f 2012 2027 2029
f 2029 2026 2012
f 2030 2015 2026
f 2022 2015 2030
f 2031 2022 2030
f 2023 2022 2031
f 2032 2029 2028
f 2026 2029 2032
f 2030 2026 2032
f 2033 2034 2018
f 2035 2018 2034
f 2037 2038 2036
f 2037 2036 2039
f 2039 2040 2037
f 2041 2038 2037
f 2040 2041 2037
f 2038 2043 2042
f 2043 2044 2042
f 2038 2041 2043
f 2038 2045 2036
f 2046 2047 2036
f 2045 2046 2036
f 2038 2042 2045
f 2046 2045 2042
f 2042 2044 2046
f 2048 2039 2036
f 2047 2048 2036
f 2040 2039 2049
f 2049 2050 2040
f 2051 2041 2040
f 2050 2051 2040
f 2041 2051 2052
f 2052 2043 2041
f 2043 2052 2053
f 2053 2044 2043
f 2054 2044 2053
f 2054 2046 2044
f 2047 2046 2054
f 2055 2048 2047
f 2039 2048 2055
f 2049 2039 2055
f 2055 2047 2056
f 2049 2055 2056
f 2056 2057 2049
f 2050 2049 2057
f 2058 2050 2057
f 2050 2058 2059
f 2059 2051 2050
f 2051 2059 2052
f 2060 2053 2052
f 2054 2053 2060
f 2061 2054 2060
f 2047 2054 2061
f 2056 2047 2061
f 2061 2060 2062
f 2062 2063 2061
f 2056 2061 2063
f 2063 2064 2056
f 2057 2056 2064
f 2005 2057 2064
f 2058 2057 2005
f 2058 2005 2065
f 2065 2059 2058
f 2059 2065 2024
f 2024 2052 2059
f 2052 2024 2062
f 2062 2060 2052
f 2024 2065 2006
f 2004 2062 2024
f 2062 2004 2000
f 2000 2063 2062
f 2063 2000 2002
f 2002 2064 2063
f 2005 2064 2002
f 2006 2065 2005
f 2067 2068 2066
f 2067 2066 2069
f 2069 2070 2067
f 2071 2068 2067
f 2070 2071 2067
f 2068 2073 2072
f 2074 2075 2072
f 2073 2074 2072
f 2068 2071 2073
f 2074 2073 2071
f 2068 2076 2066
f 2077 2078 2066
f 2076 2077 2066
f 2068 2072 2076
f 2077 2076 2072
f 2072 2075 2077
f 2079 2069 2066
f 2078 2079 2066
f 2081 2082 2080
f 2081 2080 2083
f 2083 2084 2081
f 2084 2085 2081
f 2082 2087 2086
f 2088 2089 2086
f 2087 2088 2086
f 2082 2081 2087
f 2085 2088 2087
f 2081 2085 2087
f 2082 2090 2080
f 2091 2080 2090
f 2090 2092 2091
f 2082 2086 2090
f 2092 2090 2086
f 2086 2089 2092
f 2091 2083 2080
f 2094 2095 2093
f 2096 2094 2093
f 2097 2096 2093
f 2096 2098 2094
f 2095 2100 2099
f 2100 2101 2099
f 2095 2094 2100
f 2098 2101 2100
f 2094 2098 2100
f 2095 2103 2102
f 2104 2102 2103
f 2103 2105 2104
f 2095 2099 2103
f 2105 2103 2099
f 2095 2102 2093
f 2104 2097 2093
f 2102 2104 2093
f 2107 2108 2106
f 2107 2106 2109
f 2109 2110 2107
f 2111 2108 2107
f 2110 2111 2107
f 2108 2113 2112
f 2113 2114 2112
f 2108 2111 2113
f 2108 2115 2106
f 2116 2117 2106
f 2115 2116 2106
f 2108 2112 2115
f 2116 2115 2112
f 2112 2114 2116
f 2118 2109 2106
f 2117 2118 2106
f 2119 2074 2071
f 2074 2119 2120
f 2120 2075 2074
f 2121 2075 2120
f 2121 2077 2075
f 2078 2077 2121
f 2122 2079 2078
f 2069 2079 2122
f 2122 2123 2069
f 2122 2078 2124
f 2123 2122 2124
f 2126 2125 2123
f 2069 2123 2125
f 2125 2070 2069
f 2125 2126 2127
f 2070 2125 2127
f 2127 2071 2070
f 2071 2127 2119
f 2128 2120 2119
f 2129 2120 2128
f 2129 2121 2120
f 2124 2078 2129
f 2078 2121 2129
f 2128 2130 2129
f 2124 2129 2130
f 2130 2010 2124
f 2123 2124 2010
f 2012 2123 2010
f 2126 2123 2012
f 2012 2131 2126
f 2131 2127 2126
f 2131 2012 2025
f 2025 2119 2131
f 2127 2131 2119
f 2119 2025 2128
f 2015 2128 2025
f 2015 2130 2128
f 2010 2130 2015
f 2084 2083 2132
f 2133 2089 2088
f 2089 2133 2134
f 2134 2092 2089
f 2135 2092 2134
f 2135 2091 2092
f 2136 2091 2135
f 2083 2091 2136
f 2132 2083 2136
f 2132 2136 2137
f 2137 2138 2132
f 2139 2132 2138
f 2140 2139 2138
f 2139 2084 2132
f 2139 2140 2141
f 2084 2139 2141
f 2141 2085 2084
f 2085 2141 2142
f 2142 2088 2085
f 2143 2133 2142
f 2088 2142 2133
f 2134 2133 2143
f 2144 2134 2143
f 2136 2134 2144
f 2137 2136 2144
f 2136 2135 2134
f 2145 2144 2143
f 2146 2145 2143
f 2147 2137 2144
f 2145 2147 2144
f 1998 2145 2146
f 2148 1998 2146
f 2149 2147 2145
f 1998 2149 2145
f 2138 2147 2149
f 2000 2138 2149
f 2138 2137 2147
f 2140 2138 2000
f 2150 2140 2000
f 2140 2150 2151
f 2151 2152 2140
f 2152 2141 2140
f 2153 2152 2151
f 2154 2153 2151
f 2142 2141 2152
f 2153 2142 2152
f 2146 2153 2154
f 2148 2146 2154
f 2143 2142 2153
f 2146 2143 2153
f 2023 2154 2151
f 2004 2023 2151
f 2017 2148 2154
f 2023 2017 2154
f 2148 2017 1999
f 1999 1998 2148
f 1997 2149 1998
f 2000 2149 1997
f 2003 2150 2000
f 2151 2150 2003
f 2004 2151 2003
f 2097 2155 2096
f 2155 2098 2096
f 2156 2155 2097
f 2157 2101 2098
f 2158 2101 2157
f 2159 2158 2157
f 2158 2099 2101
f 2158 2159 2160
f 2160 2105 2158
f 2099 2158 2105
f 2161 2105 2160
f 2161 2104 2105
f 2104 2161 2162
f 2156 2097 2162
f 2097 2104 2162
f 2156 2162 2163
f 2163 2164 2156
f 2156 2164 2165
f 2165 2155 2156
f 2166 2167 2165
f 2155 2165 2167
f 2167 2098 2155
f 2167 2166 2168
f 2168 2157 2167
f 2098 2167 2157
f 2157 2168 2169
f 2169 2159 2157
f 2170 2159 2169
f 2170 2160 2159
f 2163 2162 2170
f 2161 2160 2170
f 2162 2161 2170
f 2169 2163 2170
f 2172 2171 2169
f 2173 2163 2169
f 2171 2173 2169
f 2174 2163 2173
f 2164 2163 2174
f 2175 2164 2174
f 2176 2164 2175
f 2176 2165 2164
f 2176 2175 2177
f 2177 2166 2176
f 2165 2176 2166
f 2178 2166 2177
f 2179 2178 2177
f 2178 2168 2166
f 2169 2178 2179
f 2172 2169 2179
f 2169 2168 2178
f 2033 2179 2177
f 2017 2033 2177
f 2018 2172 2179
f 2033 2018 2179
f 2007 2171 2172
f 2173 2171 2007
f 2180 2173 2007
f 2174 2173 2180
f 1999 2174 2180
f 2175 2174 1999
f 2016 2175 1999
f 2177 2175 2016
f 2017 2177 2016
f 2110 2109 2181
f 2182 2113 2111
f 2113 2182 2183
f 2183 2114 2113
f 2184 2114 2183
f 2184 2116 2114
f 2117 2116 2184
f 2185 2118 2117
f 2109 2118 2185
f 2181 2109 2185
f 2185 2117 2186
f 2181 2185 2186
f 2186 2187 2181
f 2188 2181 2187
f 2189 2188 2187
f 2188 2110 2181
f 2188 2189 2190
f 2110 2188 2190
f 2190 2111 2110
f 2111 2190 2182
f 2191 2183 2182
f 2192 2183 2191
f 2192 2184 2183
f 2117 2184 2192
f 2186 2117 2192
f 2191 2193 2192
f 2186 2192 2193
f 2193 2194 2186
f 2193 2191 2195
f 2193 2196 2194
f 2187 2194 2196
f 2197 2187 2196
f 2187 2186 2194
f 2189 2187 2197
f 2189 2197 2198
f 2198 2199 2189
f 2199 2190 2189
f 2199 2198 2200
f 2200 2182 2199
f 2190 2199 2182
f 2182 2200 2195
f 2195 2191 2182
f 2015 2200 2198
f 2006 2195 2200
f 2015 2006 2200
f 2195 2006 2005
f 2005 2193 2195
f 2196 2193 2005
f 2201 2196 2005
f 2013 2196 2201
f 2197 2196 2013
f 2015 2197 2013
f 2198 2197 2015
f 2010 2203 2202
f 2202 2203 2204
f 2203 2205 2204
f 2206 2021 1990
f 2206 2208 2207
f 2208 2206 1990
f 2027 2204 2205
f 2027 2205 2209
f 2205 2210 2209
f 2209 2210 2207
f 2206 2207 2210
f 2010 2014 2203
f 2019 1993 2020
f 2028 2027 2211
f 2027 2212 2211
f 2212 1990 2211
f 2211 1990 1992
f 2214 2213 2215
f 2215 2216 2214
f 2216 2217 2214
f 2213 2219 2218
f 2220 2218 2219
f 2219 2221 2220
f 2213 2214 2219
f 2217 2221 2219
f 2214 2217 2219
f 2218 2222 2213
f 2213 2222 2215
f 2224 2223 2225
f 2225 2226 2224
f 2228 2227 2223
f 2223 2229 2228
f 2224 2229 2223
f 2223 2227 2230
f 2231 2230 2227
f 2227 2232 2231
f 2227 2228 2232
f 2225 2223 2230
f 2230 2231 2225
f 2234 2233 2235
f 2235 2236 2234
f 2233 2238 2237
f 2238 2239 2237
f 2233 2234 2238
f 2233 2237 2240
f 2241 2240 2237
f 2237 2242 2241
f 2237 2239 2242
f 2235 2233 2240
f 2240 2241 2235
f 2243 2220 2221
f 2220 2243 2244
f 2244 2218 2220
f 2222 2218 2244
f 2245 2222 2244
f 2222 2245 2215
f 2247 2215 2245
f 2246 2247 2245
f 2248 2247 2246
f 2249 2250 2247
f 2216 2215 2247
f 2250 2216 2247
f 2217 2216 2250
f 2250 2249 2251
f 2251 2252 2250
f 2217 2250 2252
f 2252 2221 2217
f 2252 2251 2253
f 2253 2254 2252
f 2221 2252 2254
f 2254 2243 2221
f 2244 2243 2254
f 2254 2253 2248
f 2248 2246 2254
f 2244 2254 2246
f 2246 2245 2244
f 2256 2255 2253
f 2248 2253 2255
f 2255 2020 2248
f 2021 2255 2256
f 1990 2021 2256
f 2021 2020 2255
f 2247 2248 2020
f 2247 2020 1993
f 1994 2247 1993
f 1994 2249 2247
f 2251 2249 1994
f 1995 2251 1994
f 1990 2256 1995
f 2251 1995 2256
f 2256 2253 2251
f 2226 2257 2224
f 2258 2226 2225
f 2229 2224 2257
f 2259 2228 2229
f 2260 2232 2259
f 2228 2259 2232
f 2232 2260 2261
f 2261 2262 2232
f 2262 2231 2232
f 2262 2261 2258
f 2258 2225 2262
f 2231 2262 2225
f 2258 2261 2263
f 2263 2264 2258
f 2264 2263 2265
f 2267 2266 2264
f 2258 2264 2266
f 2266 2226 2258
f 2266 2257 2226
f 2266 2267 2268
f 2257 2266 2268
f 2268 2229 2257
f 2269 2270 2268
f 2229 2268 2270
f 2270 2259 2229
f 2271 2270 2269
f 2272 2271 2269
f 2260 2259 2270
f 2271 2260 2270
f 2263 2271 2272
f 2265 2263 2272
f 2261 2260 2271
f 2263 2261 2271
f 2272 2269 2273
f 2209 2272 2273
f 2027 2209 2273
f 2207 2265 2272
f 2209 2207 2272
f 2265 2207 2208
f 2208 2274 2265
f 2274 2264 2265
f 1990 2274 2208
f 2267 2264 2274
f 1990 2256 2274
f 2267 2274 2256
f 2275 2256 1990
f 2212 2275 1990
f 2268 2267 2256
f 2275 2268 2256
f 2273 2275 2212
f 2027 2273 2212
f 2268 2275 2273
f 2273 2269 2268
f 2236 2235 2276
f 2276 2277 2236
f 2236 2277 2278
f 2278 2279 2236
f 2234 2236 2279
f 2279 2238 2234
f 2279 2278 2280
f 2280 2281 2279
f 2239 2238 2279
f 2281 2239 2279
f 2281 2280 2282
f 2282 2242 2281
f 2239 2281 2242
f 2283 2242 2282
f 2284 2283 2282
f 2283 2241 2242
f 2283 2284 2276
f 2276 2235 2283
f 2241 2283 2235
f 2276 2284 2285
f 2285 2286 2276
f 2286 2285 2287
f 2277 2276 2286
f 2288 2277 2286
f 2277 2288 2289
f 2289 2290 2277
f 2290 2278 2277
f 2290 2289 2291
f 2291 2292 2290
f 2278 2290 2292
f 2292 2280 2278
f 2293 2292 2291
f 2294 2293 2291
f 2282 2280 2292
f 2293 2282 2292
f 2285 2293 2294
f 2287 2285 2294
f 2284 2282 2293
f 2285 2284 2293
f 2294 2291 2011
f 2295 2287 2294
f 2010 2294 2011
f 2202 2295 2294
f 2010 2202 2294
f 2295 2202 2204
f 2204 2296 2295
f 2287 2295 2296
f 2296 2286 2287
f 2297 2296 2204
f 2027 2297 2204
f 2288 2286 2296
f 2297 2288 2296
f 2298 2297 2027
f 2012 2298 2027
f 2289 2288 2297
f 2298 2289 2297
f 2011 2298 2012
f 2291 2289 2298
f 2011 2291 2298
f 2035 2034 2299
f 2034 2300 2299
f 2302 2301 2303
f 2306 2301 2305
f 2301 2302 2305
f 2302 2304 2305
f 2308 2309 2307
f 2301 2308 2307
f 2306 2308 2301
f 2303 2301 2307
f 2307 2309 2303
f 2303 2310 2302
f 2304 2302 2310
f 2310 2303 2311
f 2312 2305 2304
f 2305 2312 2313
f 2313 2306 2305
f 2308 2306 2313
f 2311 2303 2314
f 2309 2314 2303
f 2315 2316 2314
f 2316 2311 2314
f 2317 2311 2316
f 2317 2310 2311
f 2304 2310 2317
f 2318 2312 2317
f 2304 2317 2312
f 2312 2318 2319
f 2319 2313 2312
f 2308 2313 2319
f 2320 2308 2319
f 2315 2314 2320
f 2309 2308 2320
f 2314 2309 2320
f 2321 2320 2319
f 2322 2320 2321
f 1993 2322 2321
f 2315 2320 2322
f 2322 1833 2315
f 2315 1833 2323
f 2323 2316 2315
f 2324 2316 2323
f 2317 2316 2324
f 2325 2317 2324
f 2317 2325 2326
f 2326 2318 2317
f 2318 2326 1993
f 1993 2321 2318
f 2321 2319 2318
f 2328 2007 2327
f 2327 2007 2329
f 2329 2007 2009
f 2331 2332 2330
f 2328 2327 2333
f 2330 2332 2334
f 2332 2333 2334
f 2333 2327 2334
f 2327 2335 2334
f 2332 2331 2336
f 2338 2336 2337
f 2336 2331 2337
f 2331 2339 2337
f 2336 2338 2340
f 2342 2340 2341
f 2340 2338 2341
f 2338 2343 2341
f 2340 2342 2344
f 2345 2346 2344
f 2346 2340 2344
f 2348 2346 2347
f 2346 2345 2347
f 2350 2348 2349
f 2348 2347 2349
f 2352 2348 2351
f 2348 2350 2351
f 2354 1837 2353
f 1837 2352 2353
f 2352 2351 2353
f 2172 2008 2018
f 2172 2018 2355
f 2355 2018 2327
f 2018 2035 2327
f 2356 2357 2035
f 2327 2035 2357
f 2358 2356 2035
f 2331 2358 2299
f 2035 2299 2358
f 2359 2360 2299
f 2360 2361 2299
f 2331 2299 2361
f 2338 2359 2362
f 2299 2362 2359
f 2338 2362 2363
f 2362 2365 2364
f 2364 2365 2342
f 2365 2366 2342
f 2368 2369 2367
f 2367 2369 2366
f 2368 2367 2347
f 2347 2367 2370
f 2371 2372 2370
f 2347 2370 2372
f 2371 2370 2373
f 2373 2370 2351
f 2370 2374 2351
f 2375 2376 2374
f 2351 2374 2376
f 2379 2378 2377
f 2381 2382 2380
f 2382 2381 2383
f 2385 2386 2384
f 2386 2387 2384
f 2389 2390 2388
f 2390 2389 2391
f 2345 2392 2347
f 2347 2392 2368
f 2396 2394 2393
f 2361 2397 2331
f 2395 2397 2361
f 2361 2393 2395
f 2393 2361 2396
f 2388 2398 2389
f 2399 2391 2389
f 2399 2389 2327
f 2327 2329 2399
f 2398 2355 2327
f 2327 2389 2398
f 2393 2401 2400
f 2402 2393 2400
f 2393 2394 2401
f 2400 2404 2403
f 2405 2406 2403
f 2404 2405 2403
f 2400 2401 2404
f 2405 2404 2401
f 2401 2394 2405
f 2400 2408 2407
f 2409 2410 2407
f 2408 2409 2407
f 2400 2403 2408
f 2409 2408 2403
f 2403 2406 2409
f 2410 2402 2400
f 2407 2410 2400
f 2413 2412 2411
f 2414 2413 2411
f 2413 2415 2412
f 2411 2417 2416
f 2411 2412 2417
f 2412 2415 2417
f 2411 2419 2418
f 2420 2418 2419
f 2419 2421 2420
f 2411 2416 2419
f 2421 2419 2416
f 2420 2414 2411
f 2418 2420 2411
f 2393 2402 2395
f 2394 2396 2383
f 2383 2405 2394
f 2405 2383 2422
f 2422 2406 2405
f 2423 2406 2422
f 2423 2409 2406
f 2424 2410 2423
f 2410 2409 2423
f 2402 2410 2424
f 2395 2402 2424
f 2395 2424 2425
f 2425 2397 2395
f 2397 2425 2339
f 2339 2331 2397
f 2360 2396 2361
f 2396 2360 2426
f 2426 2383 2396
f 2383 2426 2382
f 2381 2422 2383
f 2427 2380 2382
f 2423 2422 2381
f 2380 2423 2381
f 2425 2380 2427
f 2339 2425 2427
f 2424 2423 2380
f 2425 2424 2380
f 2427 2382 2338
f 2338 2337 2427
f 2339 2427 2337
f 2359 2426 2360
f 2426 2359 2338
f 2338 2382 2426
f 2428 2413 2414
f 2388 2417 2415
f 2429 2417 2388
f 2429 2416 2417
f 2430 2421 2429
f 2416 2429 2421
f 2431 2421 2430
f 2431 2420 2421
f 2414 2420 2431
f 2428 2414 2431
f 2428 2431 2009
f 2009 2008 2428
f 2428 2008 2172
f 2172 2413 2428
f 2413 2172 2415
f 2415 2172 2398
f 2398 2388 2415
f 2390 2429 2388
f 2430 2429 2390
f 2391 2430 2390
f 2431 2391 2399
f 2009 2431 2399
f 2431 2430 2391
f 2009 2399 2329
f 2355 2398 2172
f 2432 2397 2331
f 2331 2330 2432
f 2331 2397 2433
f 2433 2358 2331
f 2395 2397 2434
f 2435 2395 2434
f 2395 2435 2436
f 2397 2395 2436
f 2436 2433 2397
f 2439 2438 2437
f 2440 2439 2437
f 2439 2441 2438
f 2437 2443 2442
f 2444 2445 2442
f 2443 2444 2442
f 2437 2438 2443
f 2444 2443 2438
f 2438 2441 2444
f 2437 2447 2446
f 2448 2446 2447
f 2447 2449 2448
f 2437 2442 2447
f 2449 2447 2442
f 2442 2445 2449
f 2448 2440 2437
f 2446 2448 2437
f 2334 2432 2330
f 2358 2433 2356
f 2335 2327 2389
f 2389 2450 2335
f 2334 2335 2450
f 2450 2389 2390
f 2390 2451 2450
f 2397 2450 2451
f 2434 2397 2451
f 2432 2334 2450
f 2397 2432 2450
f 2433 2436 2441
f 2441 2356 2433
f 2439 2357 2441
f 2357 2356 2441
f 2389 2357 2439
f 2390 2389 2439
f 2389 2327 2357
f 2440 2390 2439
f 2451 2390 2440
f 2448 2451 2440
f 2434 2451 2448
f 2449 2434 2448
f 2434 2449 2445
f 2445 2435 2434
f 2444 2435 2445
f 2444 2436 2435
f 2436 2444 2441
f 2453 2452 2454
f 2454 2455 2453
f 2452 2457 2456
f 2457 2458 2456
f 2452 2453 2457
f 2453 2455 2457
f 2459 2460 2452
f 2452 2456 2459
f 2456 2458 2459
f 2460 2454 2452
f 2462 2461 2463
f 2463 2464 2462
f 2464 2465 2462
f 2461 2467 2466
f 2467 2468 2466
f 2461 2462 2467
f 2462 2465 2467
f 2469 2470 2461
f 2466 2469 2461
f 2466 2468 2469
f 2470 2463 2461
f 2472 2471 2473
f 2473 2474 2472
f 2472 2476 2475
f 2476 2477 2475
f 2472 2474 2476
f 2472 2475 2471
f 2478 2479 2471
f 2475 2478 2471
f 2475 2477 2478
f 2479 2473 2471
f 2481 2480 2377
f 2377 2482 2481
f 2482 2483 2481
f 2480 2481 2484
f 2485 2484 2481
f 2481 2483 2485
f 2487 2488 2486
f 2480 2487 2486
f 2487 2480 2484
f 2484 2485 2487
f 2488 2377 2480
f 2486 2488 2480
f 2455 2454 2489
f 2489 2490 2455
f 2490 2491 2455
f 2455 2491 2379
f 2379 2457 2455
f 2492 2493 2379
f 2457 2379 2493
f 2493 2458 2457
f 2494 2493 2492
f 2458 2493 2494
f 2494 2459 2458
f 2495 2460 2494
f 2460 2459 2494
f 2496 2460 2495
f 2454 2460 2496
f 2489 2454 2496
f 2496 2497 2489
f 2490 2497 2392
f 2498 2490 2392
f 2489 2497 2490
f 2498 2491 2490
f 2491 2498 2499
f 2499 2379 2491
f 2379 2499 2378
f 2377 2492 2379
f 2494 2492 2377
f 2378 2494 2377
f 2495 2378 2500
f 2496 2495 2500
f 2495 2494 2378
f 2500 2378 2501
f 2500 2349 2496
f 2500 2501 2351
f 2351 2350 2500
f 2349 2500 2350
f 2497 2496 2349
f 2392 2497 2349
f 2347 2392 2349
f 2498 2392 2347
f 2372 2498 2347
f 2498 2372 2371
f 2373 2499 2371
f 2498 2371 2499
f 2499 2373 2351
f 2351 2501 2499
f 2501 2378 2499
f 2464 2463 2387
f 2502 2465 2464
f 2465 2502 2503
f 2503 2467 2465
f 2467 2503 2504
f 2504 2468 2467
f 2505 2469 2504
f 2468 2504 2469
f 2506 2469 2505
f 2506 2470 2469
f 2387 2470 2506
f 2463 2470 2387
f 2506 2386 2387
f 2386 2506 2507
f 2507 2385 2386
f 2508 2386 2385
f 2387 2386 2508
f 2508 2464 2387
f 2369 2502 2508
f 2464 2508 2502
f 2502 2369 2368
f 2368 2503 2502
f 2497 2489 2368
f 2503 2368 2489
f 2489 2504 2503
f 2505 2489 2497
f 2505 2504 2489
f 2507 2506 2505
f 2505 2497 2392
f 2392 2345 2505
f 2507 2505 2345
f 2345 2344 2507
f 2342 2507 2344
f 2385 2507 2342
f 2508 2385 2342
f 2366 2508 2342
f 2508 2366 2369
f 2392 2497 2368
f 2474 2473 2381
f 2381 2509 2474
f 2510 2474 2509
f 2474 2510 2384
f 2384 2476 2474
f 2476 2384 2511
f 2511 2477 2476
f 2478 2477 2511
f 2512 2479 2478
f 2473 2479 2512
f 2381 2473 2512
f 2381 2512 2513
f 2513 2382 2381
f 2382 2513 2343
f 2343 2338 2382
f 2382 2338 2363
f 2509 2381 2382
f 2510 2382 2363
f 2362 2510 2363
f 2509 2382 2510
f 2510 2362 2364
f 2364 2384 2510
f 2384 2364 2385
f 2387 2511 2384
f 2478 2511 2387
f 2386 2478 2387
f 2513 2386 2385
f 2343 2513 2385
f 2512 2478 2386
f 2513 2512 2386
f 2342 2341 2385
f 2343 2385 2341
f 2342 2385 2364
f 2377 2514 2482
f 2483 2482 2514
f 2515 2485 2483
f 2485 2515 2516
f 2487 2485 2516
f 2517 2487 2516
f 2488 2487 2517
f 2377 2488 2518
f 2518 2378 2377
f 2378 2518 2501
f 2514 2378 2501
f 2519 2514 2501
f 2514 2377 2378
f 2514 2519 2520
f 2520 2515 2514
f 2483 2514 2515
f 2515 2520 2521
f 2521 2516 2515
f 2522 2517 2521
f 2517 2516 2521
f 2518 2517 2522
f 2518 2488 2517
f 2522 2521 2523
f 2522 2353 2518
f 2353 2522 2354
f 2501 2518 2353
f 2351 2501 2353
f 2519 2501 2351
f 2376 2519 2351
f 2375 2520 2376
f 2519 2376 2520
f 2523 2521 2520
f 2019 1833 2322
f 1829 2324 2323
f 1833 1834 2323
f 1834 1829 2323
f 2524 2346 2348
f 2346 2524 2340
f 2525 2366 2365
f 2525 2367 2366
f 2525 2370 2367
f 2526 2007 2328
f 2526 2333 2332
f 2526 2328 2333
f 2527 2205 2203
f 2205 2527 2210
f 1828 2326 1830
f 1829 1830 2326
f 2326 1828 1992
f 2326 2325 1829
f 2324 1829 2325
f 2529 2524 2528
f 2530 2528 2524
f 2529 2531 2524
f 2532 2531 2529
f 2532 1756 2531
f 2533 2534 2524
f 2531 2533 2524
f 2533 2531 1756
f 1756 1753 2533
f 2535 2526 2534
f 2533 2535 2534
f 2535 2533 1753
f 1753 1748 2535
f 1771 1757 2532
f 1757 1756 2532
f 1774 1776 2536
f 1777 2536 1776
f 2525 1774 2536
f 2536 2537 2525
f 2537 2538 2525
f 2370 2525 2538
f 2538 2374 2370
f 2530 2524 2348
f 2352 2539 2348
f 2539 2530 2348
f 1779 1774 2300
f 2525 2300 1774
f 1781 1779 2034
f 2300 2034 1779
f 2300 2362 2299
f 2362 2300 2525
f 2525 2365 2362
f 2534 2526 2332
f 2336 2534 2332
f 2524 2534 2336
f 2340 2524 2336
f 1786 1785 2034
f 1785 1781 2034
f 2034 2540 1786
f 2017 2023 2540
f 2034 2017 2540
f 2033 2017 2034
f 1997 1996 2541
f 2180 2541 1999
f 1996 1999 2541
f 2180 2542 2541
f 2542 2180 2007
f 2007 2526 2542
f 2526 2535 2542
f 1789 2541 2542
f 1787 1789 2542
f 1787 2542 2535
f 1787 2535 1748
f 2031 2030 1809
f 1809 1806 2031
f 1808 2031 1806
f 2540 2031 1808
f 1808 1786 2540
f 2540 2023 2031
f 2201 2005 2543
f 2002 2543 2005
f 2002 2001 2543
f 1997 2541 2001
f 2001 2544 2543
f 1797 1802 2544
f 2001 1797 2544
f 1797 2001 2541
f 1797 2541 1789
f 2545 2543 2544
f 1802 1811 2544
f 2527 2545 2544
f 2544 2546 2527
f 2546 2544 1811
f 1811 1814 2546
f 2032 2028 1821
f 1823 2032 1821
f 2030 2032 1823
f 1823 1809 2030
f 2527 2203 2014
f 2014 2545 2527
f 2201 2545 2013
f 2014 2013 2545
f 2201 2543 2545
f 1826 1821 2028
f 2028 2211 1826
f 1828 1826 2211
f 2211 1992 1828
f 2206 2547 2021
f 2547 2206 2210
f 2210 2527 2547
f 2546 2019 2021
f 2547 2546 2021
f 2527 2546 2547
f 2546 1831 2019
f 1814 1831 2546
f 1832 1833 2019
f 1831 1832 2019
f 2019 2322 1993
f 2326 1992 1993
f 2522 2523 2548
f 2548 2549 2522
f 2549 2354 2522
f 2548 2520 2550
f 2375 2550 2520
f 2548 2523 2520
f 2551 20 19
f 2552 2553 2551
f 23 2554 894
f 2557 2556 1977
f 1980 2558 2557
f 2559 2560 2558
f 2561 2558 2560
f 2560 2562 2561
f 2563 2561 2562
f 2562 2553 2563
f 2552 2563 2553
f 1969 2560 2559
f 1967 2559 1968
f 2559 1967 1969
f 2560 2553 2562
f 1929 2560 1969
f 1929 1971 2560
f 1971 2553 2560
f 1971 1972 2553
f 2551 2553 1972
f 1972 20 2551
f 2554 23 1974
f 2555 2554 1974
f 1974 1976 2555
f 2556 2555 1976
f 1975 1977 1976
f 1977 2556 1976
f 1980 2557 1977
f 1968 2559 1980
f 2559 2558 1980
f 2565 2566 2564
f 2567 2564 1841
f 2568 1922 2566
f 2566 1922 1841
f 2566 1841 2564
f 2565 2564 2569
f 2569 2564 2570
f 2572 2573 2571
f 2574 2569 2572
f 2572 2570 2573
f 2569 2570 2572
f 2576 2577 2575
f 2576 2575 2578
f 2579 2572 2571
f 2579 2574 2572
f 2575 2579 2571
f 2575 2577 2579
f 2575 2571 2581
f 2583 2584 2582
f 2587 2582 2585
f 2583 2587 1924
f 2586 2587 2585
f 2588 1922 2568
f 2590 2591 2589
f 2588 2590 1922
f 2590 2589 2583
f 2583 2589 2584
f 2584 2589 2591
f 2590 2588 2591
f 2587 2583 2582
f 2592 1744 2586
f 2585 2592 2586
f 2585 1839 2592
f 2593 1745 1744
f 2594 1745 2593
f 1839 2593 2592
f 2593 1744 2592
f 2595 2596 1838
f 1839 1838 2593
f 1838 2548 2595
f 2596 2595 2598
f 2548 2597 2595
f 2598 2595 2597
f 2598 2597 2599
f 2548 2600 2597
f 2601 2599 2600
f 2597 2600 2599
f 2567 1841 1843
f 2564 2567 2570
f 2603 2604 2602
f 2603 2602 2605
f 2604 2606 2602
f 2607 2580 2605
f 2580 2607 2578
f 2598 2599 2608
f 2599 2609 2608
f 2599 2601 2609
f 2601 2606 2609
f 2610 1843 1842
f 2610 2556 1843
f 2556 2557 1843
f 2557 2611 2567
f 2557 2567 1843
f 2567 2611 2570
f 2611 2573 2570
f 2573 2612 2581
f 2612 2563 2581
f 2563 2613 2581
f 2613 2614 2581
f 893 894 1842
f 894 2610 1842
f 2615 19 896
f 1841 1921 1844
f 1921 1920 1844
f 1920 2616 1844
f 1919 1922 2590
f 1920 1918 2616
f 1922 1921 1841
f 2581 2571 2573
f 2614 2575 2581
f 2614 2578 2575
f 2614 2617 2578
f 2613 2615 2617
f 904 2616 906
f 904 1844 2616
f 905 1842 1844
f 905 893 1842
f 904 905 1844
f 1736 2619 2618
f 906 2619 910
f 911 910 1733
f 1736 1733 2619
f 1736 2618 2620
f 906 2618 2619
f 906 2616 2618
f 2618 2616 1918
f 2618 1918 1917
f 2620 1917 1923
f 1919 2583 1924
f 2587 2586 1924
f 2620 2618 1917
f 1919 2590 2583
f 2604 918 917
f 919 918 2603
f 2604 2603 918
f 2580 2603 2605
f 2603 2580 919
f 2617 921 919
f 2617 2580 2578
f 2617 919 2580
f 896 921 2615
f 2615 921 2617
f 2613 2617 2614
f 922 923 2621
f 923 1734 2621
f 1734 923 925
f 910 2619 1733
f 1735 2621 1734
f 1736 2620 1737
f 2620 1923 1739
f 1739 1737 2620
f 1923 1924 1741
f 1923 1741 1739
f 1924 2586 1425
f 1425 1741 1924
f 1425 2586 1744
f 2594 1743 1745
f 2594 2593 1838
f 1743 2594 2622
f 1743 2622 1746
f 2622 2623 1746
f 2623 2622 2624
f 2594 2596 2624
f 2594 2624 2622
f 2625 2596 2598
f 2625 2624 2596
f 2624 2626 1882
f 2596 2594 1838
f 2625 2598 2608
f 2608 2626 2625
f 2626 952 1862
f 2626 941 952
f 2606 2604 2609
f 2608 2609 2627
f 2608 941 2626
f 2627 942 941
f 2608 2627 941
f 2609 2628 2627
f 2628 2609 2604
f 917 2628 2604
f 917 942 2627
f 2627 2628 917
f 922 1845 945
f 922 2621 1845
f 2629 1879 1845
f 2629 2630 1879
f 2621 2629 1845
f 1879 2630 2631
f 2631 2623 1898
f 1879 2631 1898
f 1746 2623 2631
f 1746 2631 2630
f 1746 2630 1747
f 1747 2630 2629
f 1747 2629 1735
f 2629 2621 1735
f 1898 2623 2624
f 2624 1882 1898
f 2624 2625 2626
f 1862 1882 2626
f 2573 2611 2561
f 2561 2563 2612
f 2561 2612 2573
f 19 2615 2551
f 2615 2552 2551
f 2554 2610 894
f 2610 2554 2555
f 2555 2556 2610
f 2558 2611 2557
f 2611 2558 2561
f 2613 2563 2552
f 2552 2615 2613
f 2607 2605 2632
f 2538 2633 2632
f 2576 2578 2633
f 2633 2578 2607
f 2633 2607 2632
f 2634 2374 2632
f 2602 2606 2634
f 2606 2601 2634
f 2605 2602 2632
f 2602 2634 2632
f 2585 1840 1839
f 2352 1840 2635
f 2585 2582 2635
f 1840 2585 2635
f 2584 2635 2582
f 2579 2636 2574
f 1771 2637 2636
f 2574 2636 2637
f 2637 2565 2569
f 2574 2637 2569
f 2354 1838 1837
f 2548 1838 2549
f 2354 2549 1838
f 1840 2352 1837
f 2375 2634 2550
f 2634 2600 2550
f 2375 2374 2634
f 2634 2601 2600
f 2548 2550 2600
f 2591 2530 2584
f 2591 2588 2529
f 2591 2529 2528
f 2530 2635 2584
f 2588 2568 2532
f 1769 1772 2636
f 1771 2636 1772
f 2579 1767 2636
f 2636 1767 1769
f 2637 2532 2565
f 2637 1771 2532
f 2565 2532 2566
f 2568 2566 2532
f 2591 2528 2530
f 1767 2638 1777
f 1767 2579 2577
f 2638 2536 1777
f 2576 2638 2577
f 1767 2577 2638
f 2576 2633 2638
f 2538 2537 2633
f 2536 2638 2537
f 2633 2537 2638
f 2374 2538 2632
f 2352 2635 2539
f 2530 2539 2635
f 2588 2532 2529
f 147 742 94
f 742 60 94
f 743 60 744
f 59 745 744
f 745 59 61
f 148 147 93
f 94 93 147
f 741 56 61
f 741 61 59
f 141 56 741
f 741 142 141
f 59 142 741
f 142 59 144
f 60 144 744
f 144 59 744
f 145 144 60
f 145 60 742
f 742 147 145
f 114 1349 753
f 752 1349 114
f 753 1349 116
f 116 1349 752
f 117 752 114
f 117 116 752
f 5 16 1329
f 1329 16 1328
f 16 105 1328
f 1328 105 1331
f 105 83 1330
f 1331 105 1330
f 17 16 5
f 103 101 100
f 103 17 101
f 104 17 103
f 16 17 104
f 104 105 16
f 103 82 104
f 104 80 105
f 80 104 82
f 80 83 105
f 101 17 124
f 17 5 124
f 1327 83 108
f 108 85 107
f 84 85 108
f 83 84 108
f 753 116 113
f 116 118 113
f 118 116 120
f 121 120 123
f 118 120 121
f 114 753 113
f 3 6 2
f 6 3 4
f 2 6 1
f 6 7 1
f 4 8 6
f 7 6 8
f 8 9 7
f 10 7 9
f 9 11 10
f 11 12 10
f 7 13 1
f 13 7 10
f 10 14 13
f 14 10 12
f 12 15 14
f 86 87 85
f 89 87 86
f 110 18 106
f 106 109 110
f 85 109 106
f 107 85 106
f 109 87 110
f 87 111 110
f 85 87 109
f 87 112 111
f 89 112 87
f 114 113 112
f 114 112 89
f 89 91 114
f 117 114 91
f 118 119 115
f 113 118 115
f 121 122 119
f 118 121 119
f 120 116 117
f 92 120 117
f 91 92 117
f 97 123 120
f 92 97 120
f 125 119 122
f 125 115 119
f 15 12 126
f 115 125 126
f 126 11 115
f 11 126 12
f 115 112 113
f 115 9 112
f 9 115 11
f 127 111 112
f 9 127 112
f 9 8 127
f 110 111 127
f 110 127 128
f 128 127 8
f 128 8 4
f 18 110 128
f 128 4 18
f 1330 83 1327
f 1324 1325 1346
f 1346 1345 1324
f 1339 1346 1325
f 1325 1326 1339
f 1333 1339 1326
f 1326 1317 1333
f 1317 1348 1333
f 1319 1332 1347
f 1308 1319 1347
f 1332 1319 1320
f 1334 1332 1320
f 1308 1347 1348
f 1318 1308 1348
f 1317 1318 1348
f 1338 1333 1348
f 1347 1332 1338
f 1338 1348 1347
f 1311 1343 864
f 1342 1311 864
f 1322 1312 1343
f 1322 1343 1311
f 1311 1342 1321
f 1284 1248 1289
f 1293 1284 1289
f 1293 1285 1284
f 1292 1283 1272
f 1283 1292 1291
f 1291 1282 1283
f 1282 1291 1290
f 1290 1280 1282
f 1281 1280 1290
f 1289 1248 1264
f 1293 1289 1294
f 1305 1293 1294
f 1293 1305 1304
f 1293 1304 1303
f 1303 1285 1293
f 1272 1285 1303
f 1302 1272 1303
f 1292 1272 1302
f 1301 1292 1302
f 1291 1292 1301
f 1300 1291 1301
f 1290 1291 1300
f 1299 1290 1300
f 1290 1299 1298
f 1290 1298 1297
f 1297 1281 1290
f 1281 1297 1296
f 1296 1266 1281
f 1266 1296 1295
f 1295 1264 1266
f 1289 1264 1295
f 1294 1289 1295
f 1305 1294 1306
f 1316 1305 1306
f 1305 1316 1315
f 1315 1304 1305
f 1304 1315 1314
f 1304 1314 1313
f 1313 1303 1304
f 1303 1313 1312
f 1312 1302 1303
f 1302 1312 1311
f 1311 1301 1302
f 1310 1299 1300
f 1299 1310 1309
f 1309 1298 1299
f 1298 1309 1297
f 1308 1296 1297
f 1295 1296 1308
f 1307 1295 1308
f 1294 1295 1307
f 1306 1294 1307
f 1306 1317 1326
f 1326 1316 1306
f 1316 1326 1325
f 1325 1315 1316
f 1314 1315 1325
f 1324 1314 1325
f 1313 1314 1324
f 1323 1313 1324
f 1312 1313 1323
f 1322 1311 1312
f 1301 1311 1321
f 1321 1300 1301
f 1300 1321 1310
f 1320 1309 1310
f 1309 1320 1319
f 1319 1297 1309
f 1297 1319 1308
f 1318 1307 1308
f 1307 1318 1317
f 1317 1306 1307
f 1148 1147 990
f 1270 1146 1256
f 1147 1146 1270
f 990 1147 1270
f 1274 1150 1149
f 1151 1150 1274
f 1271 1151 1274
f 1151 1271 1152
f 1256 1146 1153
f 1156 1158 1157
f 1161 1154 1162
f 1154 1155 1163
f 1157 1163 1155
f 1155 1156 1157
f 1164 1157 1158
f 1158 1159 1164
f 1165 1164 1159
f 1159 1160 1165
f 1160 1166 1165
f 1160 1161 1166
f 1162 1166 1161
f 1154 1163 1162
f 1157 1168 1167
f 1163 1157 1167
f 1157 1164 1168
f 1165 1169 1164
f 1166 1169 1165
f 1167 1166 1162
f 1163 1167 1162
f 1168 1170 1167
f 1164 1170 1168
f 1169 1170 1164
f 1166 1170 1169
f 1167 1170 1166
f 1171 1156 1155
f 1156 1171 1172
f 1172 1158 1156
f 1159 1158 1172
f 1173 1159 1172
f 1159 1173 1160
f 1161 1160 1174
f 1161 1174 1175
f 1154 1161 1175
f 1176 1154 1175
f 1155 1154 1176
f 1155 1178 1177
f 1177 1171 1155
f 1179 1171 1177
f 1179 1172 1171
f 1180 1172 1179
f 1173 1172 1180
f 1173 1180 1181
f 1181 1160 1173
f 1174 1160 1181
f 1182 1174 1181
f 1182 1175 1174
f 1175 1182 1183
f 1176 1175 1183
f 1176 1183 1178
f 1178 1155 1176
f 1184 1180 1179
f 1181 1180 1184
f 1185 1181 1184
f 1181 1185 1182
f 1177 1178 1186
f 1187 1177 1186
f 1179 1177 1187
f 1188 1179 1187
f 1179 1188 1189
f 1189 1184 1179
f 1184 1189 1190
f 1184 1190 1191
f 1191 1185 1184
f 1182 1185 1191
f 1192 1182 1191
f 1183 1182 1192
f 1193 1183 1192
f 1183 1193 1194
f 1183 1194 1186
f 1186 1178 1183
f 1187 1186 1195
f 1196 1187 1195
f 1188 1187 1196
f 1197 1188 1196
f 1188 1197 1198
f 1198 1189 1188
f 1189 1198 1190
f 1199 1191 1190
f 1192 1191 1199
f 1192 1200 1201
f 1201 1193 1192
f 1193 1201 1202
f 1202 1194 1193
f 1202 1186 1194
f 1186 1202 1195
f 1200 1192 1199
f 1146 1196 1195
f 1196 1146 1147
f 1147 1197 1196
f 1197 1147 1148
f 1148 1198 1197
f 1148 1190 1198
f 1190 1148 1149
f 1199 1190 1149
f 1150 1199 1149
f 1200 1199 1150
f 1151 1200 1150
f 1201 1200 1151
f 1152 1201 1151
f 1202 1201 1152
f 1153 1202 1152
f 1202 1153 1146
f 1146 1195 1202
f 1141 1140 986
f 986 987 1141
f 984 983 1249
f 1279 984 1249
f 1279 976 984
f 985 984 976
f 992 991 1253
f 1249 983 1253
f 983 992 1253
f 1097 1098 1096
f 1097 1099 1098
f 1100 1099 1097
f 1101 1102 1100
f 1094 1095 1104
f 1104 1095 1098
f 1096 1098 1095
f 1099 1100 1105
f 1100 1102 1105
f 1102 1106 1105
f 1102 1103 1106
f 1103 1107 1106
f 1103 1094 1107
f 1094 1104 1107
f 1104 1109 1108
f 1104 1098 1109
f 1098 1110 1109
f 1099 1110 1098
f 1099 1105 1110
f 1105 1111 1110
f 1106 1111 1105
f 1111 1106 1108
f 1107 1108 1106
f 1104 1108 1107
f 1109 1112 1108
f 1110 1112 1109
f 1111 1112 1110
f 1108 1112 1111
f 1113 1096 1095
f 1097 1096 1113
f 1113 1114 1097
f 1115 1100 1114
f 1100 1097 1114
f 1115 1101 1100
f 1116 1102 1101
f 1103 1102 1116
f 1094 1103 1116
f 1118 1113 1117
f 1113 1095 1117
f 1118 1119 1113
f 1114 1113 1119
f 1120 1114 1119
f 1115 1114 1120
f 1120 1121 1115
f 1101 1115 1121
f 1122 1101 1121
f 1116 1101 1122
f 1122 1123 1116
f 1123 1124 1116
f 1125 1094 1124
f 1094 1116 1124
f 1125 1117 1094
f 1095 1094 1117
f 1120 1119 1126
f 1127 1121 1126
f 1121 1120 1126
f 1127 1122 1121
f 1129 1118 1128
f 1118 1117 1128
f 1130 1119 1129
f 1119 1118 1129
f 1130 1131 1119
f 1126 1119 1131
f 1131 1132 1126
f 1127 1126 1132
f 1133 1122 1132
f 1122 1127 1132
f 1134 1122 1133
f 1123 1122 1134
f 1135 1124 1134
f 1124 1123 1134
f 1135 1136 1124
f 1125 1124 1136
f 1117 1125 1136
f 1128 1117 1136
f 1138 1129 1137
f 1129 1128 1137
f 1139 1129 1138
f 1130 1129 1139
f 1140 1130 1139
f 1131 1130 1140
f 1132 1131 1141
f 1141 1142 1132
f 1133 1132 1142
f 1143 1134 1133
f 1143 1144 1134
f 1135 1134 1144
f 1144 1145 1135
f 1136 1135 1145
f 1145 1137 1136
f 1128 1136 1137
f 1131 1140 1141
f 1142 1143 1133
f 1138 1137 983
f 983 984 1138
f 1139 1138 984
f 984 985 1139
f 1140 1139 985
f 985 986 1140
f 987 988 1141
f 1142 1141 988
f 1143 1142 988
f 989 1143 988
f 990 1144 989
f 1144 1143 989
f 991 1144 990
f 992 1145 991
f 1145 1144 991
f 1137 1145 992
f 983 1137 992
f 982 973 1261
f 973 974 1261
f 974 975 1261
f 982 1246 981
f 995 994 993
f 996 993 994
f 997 998 996
f 1000 1002 1001
f 1002 1003 1001
f 998 1005 993
f 993 996 998
f 997 999 998
f 1006 998 999
f 999 1000 1006
f 1000 1001 1006
f 1001 1007 1006
f 1001 1003 1007
f 1003 1004 1007
f 1004 995 1007
f 993 1005 1007
f 995 993 1007
f 1008 1009 1005
f 1005 998 1008
f 998 1010 1008
f 1006 1010 998
f 1006 1011 1010
f 1006 1007 1011
f 1009 1011 1007
f 1005 1009 1007
f 1008 1012 1009
f 1010 1012 1008
f 1011 1012 1010
f 1009 1012 1011
f 1013 997 996
f 1013 999 997
f 1014 999 1013
f 1014 1000 999
f 1000 1014 1002
f 1015 1003 1002
f 1015 1004 1003
f 1016 1004 1015
f 995 1004 1016
f 994 995 1016
f 1013 996 1017
f 1018 1013 1017
f 1019 1013 1018
f 1014 1013 1019
f 1014 1019 1020
f 1020 1002 1014
f 1021 1002 1020
f 1015 1002 1021
f 1022 1015 1021
f 1015 1022 1023
f 1016 1015 1023
f 1024 1016 1023
f 1024 994 1016
f 994 1024 1017
f 1017 996 994
f 1025 1019 1018
f 1020 1019 1025
f 1021 1020 1025
f 1018 1017 1026
f 1027 1018 1026
f 1018 1027 1028
f 1028 1025 1018
f 1025 1028 1029
f 1029 1021 1025
f 1022 1021 1029
f 1030 1022 1029
f 1023 1022 1030
f 1031 1023 1030
f 1023 1031 1032
f 1032 1024 1023
f 1024 1032 1033
f 1024 1033 1026
f 1026 1017 1024
f 1034 1028 1027
f 1036 1026 1035
f 1027 1026 1036
f 1037 1027 1036
f 1034 1027 1037
f 1034 1037 1038
f 1038 1028 1034
f 1028 1038 1039
f 1039 1029 1028
f 1040 1029 1039
f 1030 1029 1040
f 1030 1041 1042
f 1042 1031 1030
f 1031 1042 1032
f 1035 1026 1033
f 1041 1030 1040
f 1032 1042 1043
f 1043 1033 1032
f 1035 1033 1043
f 1035 1248 1252
f 1252 1036 1035
f 1036 1252 1288
f 1288 1037 1036
f 1037 1288 1268
f 1268 1038 1037
f 1038 1268 1254
f 1038 1254 1286
f 1286 1039 1038
f 1039 1286 1040
f 1041 1040 1250
f 1042 1041 1250
f 1260 1042 1250
f 1265 1042 1260
f 1043 1042 1265
f 1248 1043 1265
f 1248 1035 1043
f 1045 1046 1044
f 1044 1047 1045
f 1048 1049 1047
f 1054 1048 1044
f 1047 1044 1048
f 1048 1055 1049
f 1050 1049 1055
f 1051 1050 1055
f 1055 1056 1051
f 1052 1051 1056
f 1057 1052 1056
f 1053 1052 1057
f 1057 1058 1053
f 1046 1053 1058
f 1054 1044 1058
f 1044 1046 1058
f 1060 1048 1059
f 1048 1054 1059
f 1060 1055 1048
f 1056 1055 1060
f 1057 1059 1058
f 1059 1054 1058
f 1061 1060 1059
f 1061 1056 1060
f 1061 1057 1056
f 1061 1059 1057
f 1049 1062 1047
f 1050 1062 1049
f 1050 1063 1062
f 1051 1063 1050
f 1063 1051 1052
f 1052 1053 1064
f 1064 1053 1065
f 1053 1066 1065
f 1053 1046 1066
f 1046 1045 1066
f 1068 1047 1067
f 1047 1062 1067
f 1067 1062 1069
f 1062 1070 1069
f 1062 1063 1070
f 1070 1063 1071
f 1052 1071 1063
f 1052 1064 1071
f 1064 1072 1071
f 1065 1072 1064
f 1072 1065 1073
f 1065 1066 1073
f 1073 1066 1068
f 1045 1068 1066
f 1047 1068 1045
f 1070 1074 1069
f 1070 1071 1074
f 1071 1075 1074
f 1071 1072 1075
f 1075 1072 1076
f 1072 1073 1076
f 1068 1067 1077
f 1067 1078 1077
f 1067 1069 1078
f 1069 1079 1078
f 1079 1069 1080
f 1074 1080 1069
f 1080 1074 1081
f 1075 1081 1074
f 1075 1082 1081
f 1075 1076 1082
f 1076 1083 1082
f 1076 1073 1083
f 1073 1084 1083
f 1084 1073 1085
f 1068 1085 1073
f 1085 1068 1077
f 1077 1078 1086
f 1078 1087 1086
f 1078 1079 1087
f 1079 1088 1087
f 1088 1079 1089
f 1080 1089 1079
f 1089 1080 1090
f 1081 1090 1080
f 1090 1081 1082
f 1083 1091 1082
f 1091 1083 1092
f 1084 1092 1083
f 1092 1084 1093
f 1085 1093 1084
f 1093 1085 1086
f 1077 1086 1085
f 1087 973 1086
f 973 1087 974
f 1088 974 1087
f 974 1088 975
f 975 1088 976
f 1089 976 1088
f 976 1089 977
f 1090 977 1089
f 1082 977 1090
f 1082 978 977
f 1082 1091 978
f 1091 979 978
f 1091 1092 979
f 1092 980 979
f 1092 981 980
f 1092 1093 981
f 1093 982 981
f 982 1093 973
f 1086 973 1093
f 979 1263 1247
f 1263 979 980
f 979 1247 978
f 1260 1263 980
f 1260 1250 1263
f 1276 1265 1260
f 981 1246 1265
f 1265 1276 981
f 1276 1260 980
f 981 1276 980
f 1278 986 985
f 985 976 1278
f 976 977 1278
f 976 1279 975
f 1279 1249 1280
f 1280 1261 975
f 1279 1280 975
f 1261 1280 1281
f 982 1261 1275
f 982 1275 1246
f 1281 1275 1261
f 1275 1281 1266
f 1265 1246 1275
f 1264 1275 1266
f 1265 1264 1248
f 1275 1264 1265
f 1277 1251 1262
f 1250 1277 1262
f 1263 1262 1247
f 1247 1262 1259
f 1250 1262 1263
f 1251 1259 1262
f 1251 1269 1259
f 1259 1269 977
f 1269 987 977
f 1259 978 1247
f 1259 977 978
f 1278 977 987
f 1282 1249 1253
f 1253 1283 1282
f 1282 1280 1249
f 1252 1248 1284
f 1277 1040 1286
f 1277 1286 1267
f 1277 1250 1040
f 1267 1269 1251
f 1251 1277 1267
f 1255 1269 1267
f 987 1255 1149
f 987 1269 1255
f 1278 987 986
f 987 1149 1287
f 1287 988 987
f 989 988 1287
f 1287 990 989
f 1148 990 1287
f 990 1270 991
f 1283 1253 991
f 1283 991 1270
f 1256 1283 1270
f 1283 1256 1272
f 1257 1272 1256
f 1153 1257 1256
f 1273 1285 1257
f 1257 1285 1272
f 1285 1288 1252
f 1284 1285 1252
f 1288 1285 1273
f 1286 1254 1267
f 1254 1268 1258
f 1254 1258 1267
f 1267 1258 1255
f 1258 1274 1255
f 1255 1274 1149
f 1287 1149 1148
f 1257 1152 1273
f 1273 1152 1271
f 1152 1257 1153
f 1258 1271 1274
f 1258 1268 1271
f 1268 1273 1271
f 1288 1273 1268
f 912 911 1335
f 1336 1332 1335
f 1335 911 913
f 913 1336 1335
f 1337 1332 1336
f 1337 1336 913
f 925 1337 913
f 1338 1332 1337
f 925 926 1338
f 1338 1337 925
f 926 927 1339
f 1339 1333 926
f 1333 1338 926
f 1335 1332 1334
f 1335 1334 907
f 1335 907 912
f 1334 928 907
f 1320 1340 1334
f 1334 1340 928
f 928 1340 929
f 1320 1341 1340
f 1340 1341 929
f 1342 1341 1320
f 1320 1310 1342
f 1341 1342 930
f 929 1341 930
f 1310 1321 1342
f 930 1342 864
f 1345 1344 1323
f 1324 1345 1323
f 1344 1345 931
f 1323 1344 1343
f 868 865 1343
f 1343 1344 868
f 1344 931 868
f 1312 1323 1343
f 864 1343 865
f 1345 933 931
f 1345 1346 933
f 1346 951 933
f 1346 927 951
f 1346 1339 927
f 1204 1203 678
f 680 1204 679
f 1204 680 1203
f 678 1203 676
f 1203 681 676
f 1205 1203 680
f 1203 1205 681
f 676 1206 673
f 681 1206 676
f 1209 1207 679
f 1207 1208 683
f 1208 1209 682
f 1209 1208 1207
f 1207 680 679
f 1207 1210 680
f 1210 683 684
f 1207 683 1210
f 1210 1205 680
f 1205 1211 681
f 1211 1210 684
f 1210 1211 1205
f 1211 1212 681
f 1212 1213 966
f 1213 1211 684
f 1211 1213 1212
f 759 1212 966
f 1212 1214 681
f 1214 1212 759
f 1214 1215 685
f 1215 1214 759
f 1206 1214 685
f 1214 1206 681
f 1213 1216 966
f 1216 1217 686
f 1217 1213 684
f 1213 1217 1216
f 1218 1216 686
f 966 1218 967
f 1218 966 1216
f 683 1219 684
f 1219 1217 684
f 686 1219 689
f 1219 686 1217
f 1208 1220 683
f 1220 1221 691
f 1221 1208 682
f 1208 1221 1220
f 1220 1219 683
f 689 1220 691
f 1220 689 1219
f 1221 1222 691
f 682 1222 1221
f 693 1222 682
f 1223 1222 693
f 1222 1223 691
f 702 1224 703
f 705 1224 704
f 1224 1225 703
f 705 1225 1224
f 1225 1204 703
f 1204 705 679
f 1225 705 1204
f 1204 678 703
f 1226 705 704
f 1226 1227 705
f 1227 693 682
f 693 1227 1226
f 705 1227 679
f 1227 1209 679
f 682 1209 1227
f 1228 702 706
f 1228 1224 702
f 704 1228 707
f 1228 704 1224
f 1229 704 707
f 1229 1226 704
f 1226 708 693
f 1229 708 1226
f 1228 1230 710
f 1230 706 709
f 706 1230 1228
f 1228 710 707
f 707 1231 711
f 710 1231 707
f 1229 1232 708
f 1232 707 711
f 707 1232 1229
f 1234 1233 711
f 1233 1234 712
f 1233 1232 711
f 1232 713 708
f 1233 713 1232
f 1223 1235 694
f 708 1223 693
f 1223 708 1235
f 713 1235 708
f 713 694 1235
f 1236 720 722
f 1236 1230 720
f 1230 723 724
f 723 1230 1236
f 1230 709 720
f 1230 724 710
f 723 1237 724
f 1237 1238 724
f 1238 725 726
f 725 1238 1237
f 724 1238 710
f 1238 1231 710
f 1231 726 711
f 726 1231 1238
f 725 1239 726
f 1239 1240 726
f 1240 727 728
f 727 1240 1239
f 726 1240 711
f 712 1240 728
f 1240 1234 711
f 712 1234 1240
f 732 1241 725
f 1241 1242 733
f 732 1242 1241
f 1241 1239 725
f 727 1241 733
f 1241 727 1239
f 641 670 732
f 641 1243 670
f 670 1242 732
f 1242 670 733
f 738 723 737
f 1236 737 723
f 737 1236 722
f 1244 641 732
f 398 1245 738
f 1245 1244 732
f 1244 1245 398
f 1245 732 725
f 1245 723 738
f 1237 1245 725
f 1245 1237 723
f 871 755 972
f 871 972 866
f 958 866 972
f 972 755 958
f 878 888 835
f 835 888 897
f 760 944 945
f 945 761 760
f 760 761 762
f 764 762 763
f 762 761 763
f 765 763 766
f 766 763 767
f 767 763 761
f 760 762 770
f 770 762 768
f 769 768 771
f 771 768 772
f 772 768 762
f 770 944 760
f 775 774 776
f 776 774 777
f 773 777 774
f 952 775 778
f 775 776 778
f 780 779 776
f 776 779 778
f 781 782 779
f 778 779 783
f 782 783 779
f 940 775 952
f 786 784 785
f 785 784 768
f 787 770 784
f 784 770 768
f 787 944 770
f 788 774 789
f 774 775 789
f 789 775 790
f 790 775 940
f 787 784 791
f 792 794 793
f 793 794 784
f 794 791 784
f 946 944 795
f 944 787 795
f 795 787 791
f 797 790 796
f 790 940 796
f 937 796 940
f 790 797 789
f 799 798 800
f 798 789 800
f 800 789 797
f 769 804 803
f 806 805 773
f 806 773 774
f 804 805 806
f 803 804 806
f 807 793 784
f 809 798 808
f 789 798 809
f 809 808 807
f 807 808 793
f 763 765 810
f 812 811 779
f 811 781 779
f 765 811 812
f 810 765 812
f 813 950 795
f 795 950 946
f 791 813 795
f 801 813 791
f 814 801 794
f 794 801 791
f 815 814 794
f 816 815 794
f 817 816 792
f 792 816 794
f 786 807 784
f 769 785 768
f 771 804 769
f 764 772 762
f 810 818 763
f 763 818 764
f 819 766 767
f 820 819 782
f 782 819 783
f 821 820 781
f 781 820 782
f 811 821 781
f 780 812 779
f 822 780 776
f 823 822 777
f 777 822 776
f 824 823 773
f 773 823 777
f 805 824 773
f 825 806 774
f 826 825 788
f 788 825 774
f 827 826 788
f 809 827 789
f 789 827 788
f 828 808 799
f 799 808 798
f 817 828 799
f 829 817 800
f 800 817 799
f 830 829 800
f 797 830 800
f 802 830 797
f 796 802 797
f 831 802 796
f 950 831 937
f 937 831 796
f 831 950 813
f 802 831 813
f 801 802 813
f 830 802 814
f 814 802 801
f 815 830 814
f 829 830 816
f 816 830 815
f 817 829 816
f 828 817 792
f 808 828 793
f 793 828 792
f 827 809 786
f 786 809 807
f 826 827 785
f 785 827 786
f 825 826 769
f 769 826 785
f 806 825 803
f 803 825 769
f 824 805 771
f 771 805 804
f 823 824 772
f 772 824 771
f 822 823 764
f 764 823 772
f 780 822 818
f 818 822 764
f 812 780 810
f 810 780 818
f 821 811 765
f 820 821 766
f 766 821 765
f 819 820 766
f 915 900 902
f 902 900 899
f 899 900 898
f 898 900 839
f 916 900 915
f 855 900 916
f 97 92 95
f 149 148 91
f 91 89 149
f 91 148 92
f 60 62 63
f 62 60 743
f 743 744 62
f 744 745 62
f 92 148 93
f 60 63 94
f 43 746 42
f 747 745 61
f 745 747 62
f 64 747 61
f 64 65 747
f 748 65 64
f 65 748 41
f 41 748 38
f 749 63 62
f 66 749 67
f 749 66 63
f 67 749 70
f 747 749 62
f 749 747 65
f 750 749 65
f 70 750 43
f 750 70 749
f 750 746 43
f 746 65 41
f 65 746 750
f 95 92 93
f 96 95 93
f 94 96 93
f 751 96 94
f 751 99 96
f 99 751 66
f 63 751 94
f 751 63 66
f 57 90 81
f 130 129 138
f 130 138 140
f 131 130 140
f 131 140 141
f 132 131 141
f 132 141 143
f 133 132 143
f 133 143 145
f 134 133 145
f 134 145 146
f 146 147 135
f 135 134 146
f 147 148 135
f 136 135 148
f 137 136 148
f 148 149 137
f 137 149 150
f 129 137 150
f 129 150 138
f 138 90 139
f 140 138 139
f 140 139 141
f 142 143 141
f 142 144 143
f 145 143 144
f 145 147 146
f 88 150 149
f 90 150 88
f 138 150 90
f 57 139 90
f 139 57 56
f 141 139 56
f 149 89 88
f 56 57 55
f 61 56 58
f 89 86 88
f 81 90 88
f 55 57 81
f 36 40 37
f 36 35 38
f 39 41 38
f 746 41 39
f 42 746 39
f 39 44 42
f 43 42 45
f 45 42 44
f 44 20 45
f 47 46 23
f 23 48 47
f 47 50 49
f 48 50 47
f 29 52 51
f 29 37 52
f 53 52 37
f 53 54 52
f 55 54 53
f 53 56 55
f 53 58 56
f 37 40 53
f 40 58 53
f 64 61 58
f 40 64 58
f 748 64 40
f 38 748 40
f 36 38 40
f 68 69 66
f 66 67 68
f 70 68 67
f 75 72 71
f 73 75 71
f 73 76 75
f 46 47 74
f 76 73 74
f 74 49 76
f 49 74 47
f 77 75 76
f 49 78 76
f 78 77 76
f 50 78 49
f 50 51 78
f 78 54 77
f 78 52 54
f 51 52 78
f 81 79 77
f 54 81 77
f 83 80 79
f 79 84 83
f 81 84 79
f 88 86 85
f 84 88 85
f 81 88 84
f 54 55 81
f 96 98 97
f 97 95 96
f 98 96 99
f 99 69 98
f 99 66 69
f 72 102 100
f 72 75 102
f 103 100 102
f 75 79 102
f 75 77 79
f 82 103 102
f 102 80 82
f 80 102 79
f 671 419 488
f 397 419 671
f 417 419 397
f 417 418 419
f 419 418 488
f 569 698 739
f 739 604 569
f 717 698 572
f 572 716 717
f 578 572 579
f 631 632 651
f 549 511 548
f 731 740 548
f 740 668 548
f 697 604 605
f 651 632 656
f 639 416 640
f 183 715 668
f 696 715 578
f 715 183 182
f 578 715 182
f 667 549 551
f 551 668 667
f 730 665 517
f 517 549 730
f 667 730 549
f 668 669 667
f 668 715 669
f 715 714 669
f 715 696 714
f 730 729 665
f 730 667 729
f 667 669 729
f 657 655 656
f 656 658 657
f 152 153 151
f 151 153 154
f 155 154 153
f 152 156 153
f 156 155 153
f 158 152 157
f 159 158 157
f 156 152 158
f 160 152 151
f 161 162 151
f 162 160 151
f 157 152 160
f 160 162 157
f 159 157 162
f 154 163 151
f 163 161 151
f 154 155 164
f 165 164 155
f 156 166 155
f 166 165 155
f 166 156 167
f 158 167 156
f 167 158 168
f 159 168 158
f 159 169 168
f 162 169 159
f 162 161 169
f 163 170 161
f 163 154 170
f 154 164 170
f 161 170 171
f 170 164 171
f 172 171 164
f 164 165 172
f 165 173 172
f 173 165 174
f 166 174 165
f 174 166 167
f 168 175 167
f 168 169 175
f 169 176 175
f 169 161 176
f 161 171 176
f 175 176 177
f 178 177 176
f 176 171 178
f 179 178 171
f 171 172 179
f 172 180 179
f 172 173 180
f 180 173 181
f 174 181 173
f 181 174 182
f 167 182 174
f 182 167 177
f 175 177 167
f 181 182 183
f 177 578 182
f 578 177 572
f 178 572 177
f 572 178 716
f 179 716 178
f 179 180 716
f 181 183 180
f 275 276 274
f 274 276 277
f 278 277 276
f 275 279 276
f 279 278 276
f 281 275 280
f 282 281 280
f 279 275 281
f 283 275 274
f 284 285 274
f 285 283 274
f 280 275 283
f 283 285 280
f 282 280 285
f 277 286 274
f 286 284 274
f 288 289 287
f 287 289 290
f 291 290 289
f 292 291 289
f 294 288 293
f 295 296 293
f 296 294 293
f 289 288 294
f 296 292 294
f 292 289 294
f 297 288 287
f 287 298 297
f 299 297 298
f 293 288 297
f 297 299 293
f 295 293 299
f 290 298 287
f 301 302 300
f 302 303 300
f 303 304 300
f 305 303 302
f 307 301 306
f 308 307 306
f 302 301 307
f 308 305 307
f 305 302 307
f 310 301 309
f 309 311 310
f 312 310 311
f 306 301 310
f 310 312 306
f 309 301 300
f 304 311 300
f 311 309 300
f 314 315 313
f 313 315 316
f 317 316 315
f 314 318 315
f 318 317 315
f 320 314 319
f 321 320 319
f 318 314 320
f 322 314 313
f 323 324 313
f 324 322 313
f 319 314 322
f 322 324 319
f 321 319 324
f 316 323 313
f 281 536 279
f 536 281 537
f 282 537 281
f 282 538 537
f 285 538 282
f 285 284 538
f 286 539 284
f 286 277 539
f 540 539 277
f 284 539 541
f 539 540 541
f 542 543 540
f 540 277 542
f 278 542 277
f 543 542 544
f 542 278 544
f 279 544 278
f 544 279 536
f 537 545 536
f 537 546 545
f 538 546 537
f 284 541 546
f 538 284 546
f 547 545 546
f 546 541 547
f 548 547 541
f 541 540 548
f 540 549 548
f 540 543 549
f 550 549 543
f 544 550 543
f 549 550 551
f 536 551 550
f 550 544 536
f 551 536 545
f 545 668 551
f 547 668 545
f 547 548 668
f 292 552 291
f 290 291 553
f 292 296 552
f 295 554 296
f 554 295 555
f 299 555 295
f 299 556 555
f 298 556 299
f 298 557 556
f 298 290 557
f 290 553 557
f 557 553 558
f 559 558 553
f 553 560 559
f 560 561 559
f 291 560 553
f 561 560 562
f 560 291 562
f 552 562 291
f 562 552 563
f 296 563 552
f 554 564 563
f 563 296 554
f 554 555 564
f 555 565 564
f 555 557 565
f 557 558 565
f 556 557 555
f 565 566 564
f 566 567 564
f 558 568 565
f 568 566 565
f 566 569 567
f 569 570 567
f 568 571 566
f 571 569 566
f 568 559 571
f 559 572 571
f 558 559 568
f 559 561 572
f 561 573 572
f 573 561 574
f 575 574 561
f 562 575 561
f 575 576 574
f 576 577 574
f 562 563 575
f 563 576 575
f 576 567 577
f 567 570 577
f 563 564 576
f 564 567 576
f 577 696 574
f 696 578 574
f 570 697 577
f 697 696 577
f 697 570 604
f 569 604 570
f 571 698 569
f 571 572 698
f 573 579 572
f 573 574 579
f 574 578 579
f 580 304 303
f 305 580 303
f 580 581 304
f 308 582 305
f 308 583 582
f 583 584 582
f 306 583 308
f 584 583 585
f 312 585 583
f 583 306 312
f 312 586 585
f 311 586 312
f 586 311 587
f 304 581 587
f 311 304 587
f 587 581 588
f 589 588 581
f 589 581 590
f 580 590 581
f 592 591 590
f 590 580 592
f 305 592 580
f 591 592 593
f 582 593 592
f 592 305 582
f 593 582 594
f 584 594 582
f 584 595 594
f 585 595 584
f 587 588 595
f 585 586 595
f 586 587 595
f 588 594 595
f 596 633 594
f 588 597 594
f 597 596 594
f 588 598 597
f 588 589 598
f 589 599 598
f 589 600 599
f 590 600 589
f 599 600 601
f 591 601 600
f 600 590 591
f 591 602 601
f 602 603 601
f 593 602 591
f 602 594 603
f 594 633 603
f 593 594 602
f 603 655 601
f 655 697 601
f 633 656 603
f 656 655 603
f 596 651 633
f 596 597 651
f 597 699 651
f 597 598 699
f 598 604 699
f 598 599 604
f 599 605 604
f 599 601 605
f 601 697 605
f 316 317 606
f 320 607 318
f 607 320 608
f 321 608 320
f 321 609 608
f 324 609 321
f 324 323 609
f 323 610 609
f 316 606 610
f 323 316 610
f 610 606 611
f 612 611 606
f 606 613 612
f 613 614 612
f 317 613 606
f 614 613 615
f 613 317 615
f 318 615 317
f 615 318 607
f 608 616 607
f 608 617 616
f 609 617 608
f 609 610 617
f 610 611 617
f 618 616 617
f 617 611 618
f 619 618 611
f 616 618 620
f 621 618 619
f 619 612 621
f 612 622 621
f 611 612 619
f 612 614 622
f 622 614 623
f 624 623 614
f 615 624 614
f 623 624 625
f 607 625 624
f 624 615 607
f 625 607 620
f 616 620 607
f 625 668 623
f 620 183 625
f 183 668 625
f 183 620 180
f 618 180 620
f 618 621 180
f 621 660 180
f 621 740 660
f 621 622 740
f 622 668 740
f 622 623 668
f 663 548 513
f 663 513 514
f 664 663 514
f 639 735 488
f 486 735 485
f 735 486 488
f 514 517 664
f 664 517 484
f 666 664 484
f 666 484 485
f 485 735 666
f 731 548 663
f 397 640 416
f 517 665 734
f 491 517 734
f 488 491 734
f 488 734 671
f 212 213 214
f 215 214 213
f 216 215 213
f 218 212 217
f 217 219 218
f 220 218 219
f 213 212 218
f 220 216 218
f 216 213 218
f 221 217 212
f 221 212 214
f 244 245 246
f 247 246 245
f 248 249 244
f 250 244 249
f 250 245 244
f 248 244 251
f 251 252 248
f 253 248 252
f 249 248 253
f 244 246 251
f 252 251 246
f 254 255 256
f 257 256 255
f 259 254 258
f 260 259 258
f 255 254 259
f 258 254 261
f 261 262 258
f 263 258 262
f 260 258 263
f 254 256 261
f 262 261 256
f 219 403 220
f 403 219 404
f 217 404 219
f 217 221 404
f 221 405 404
f 405 221 214
f 214 407 405
f 407 406 405
f 407 408 406
f 410 409 407
f 214 215 407
f 215 410 407
f 215 216 410
f 409 410 411
f 412 411 410
f 410 216 412
f 220 412 216
f 411 412 413
f 414 413 412
f 412 220 414
f 403 414 220
f 403 404 414
f 413 414 408
f 406 408 414
f 414 404 406
f 405 406 404
f 415 489 413
f 413 408 415
f 416 415 408
f 415 639 489
f 639 488 489
f 416 639 415
f 408 407 416
f 416 407 397
f 407 417 397
f 409 417 407
f 409 411 417
f 411 418 417
f 489 488 418
f 418 411 489
f 413 489 411
f 467 247 245
f 247 468 246
f 245 250 467
f 249 469 250
f 253 470 469
f 469 249 253
f 470 253 471
f 472 471 253
f 252 472 253
f 471 472 468
f 246 468 472
f 472 252 246
f 471 468 473
f 474 473 468
f 473 474 475
f 476 477 474
f 474 468 476
f 247 476 468
f 467 476 247
f 477 476 478
f 476 467 478
f 250 478 467
f 480 479 478
f 478 250 480
f 469 480 250
f 480 481 479
f 481 482 479
f 469 470 480
f 470 481 480
f 481 473 482
f 473 475 482
f 470 471 481
f 471 473 481
f 479 482 483
f 482 484 483
f 484 517 483
f 475 485 482
f 485 484 482
f 485 475 486
f 487 486 475
f 474 487 475
f 487 488 486
f 474 477 487
f 489 488 487
f 487 477 489
f 489 490 488
f 490 491 488
f 477 478 489
f 478 490 489
f 490 483 491
f 483 517 491
f 490 478 483
f 479 483 478
f 256 257 492
f 493 492 257
f 493 257 494
f 495 494 257
f 257 255 495
f 259 495 255
f 494 495 496
f 497 496 495
f 259 260 495
f 260 497 495
f 496 497 498
f 263 498 497
f 497 260 263
f 263 499 498
f 499 500 498
f 262 499 263
f 500 499 492
f 256 492 499
f 499 262 256
f 500 492 501
f 502 501 492
f 501 502 503
f 492 493 502
f 493 504 502
f 504 493 505
f 506 505 493
f 494 506 493
f 505 506 507
f 508 507 506
f 506 494 508
f 496 508 494
f 508 509 507
f 509 510 507
f 496 498 508
f 498 509 508
f 509 501 510
f 501 503 510
f 498 500 509
f 500 501 509
f 507 510 511
f 503 512 510
f 510 548 511
f 512 513 510
f 513 548 510
f 513 512 514
f 515 514 512
f 512 503 515
f 502 515 503
f 515 516 514
f 516 517 514
f 502 504 515
f 504 516 515
f 516 518 517
f 518 549 517
f 504 505 516
f 505 518 516
f 518 511 549
f 505 507 518
f 507 511 518
f 657 658 659
f 690 657 659
f 203 204 205
f 203 208 207
f 204 203 207
f 206 204 207
f 210 211 209
f 211 203 209
f 211 208 203
f 203 205 209
f 210 209 205
f 384 205 204
f 204 206 384
f 205 384 385
f 207 386 206
f 386 207 387
f 208 387 207
f 208 211 387
f 205 385 388
f 388 210 205
f 390 389 388
f 385 390 388
f 385 391 390
f 384 391 385
f 384 206 391
f 386 392 391
f 391 206 386
f 392 386 393
f 387 393 386
f 387 211 393
f 211 394 393
f 388 389 394
f 211 210 394
f 210 388 394
f 394 395 393
f 394 396 395
f 396 397 395
f 394 389 396
f 398 396 389
f 398 389 399
f 390 399 389
f 390 400 399
f 390 391 400
f 391 401 400
f 401 391 402
f 392 402 391
f 402 392 397
f 395 397 392
f 393 395 392
f 651 650 426
f 651 426 637
f 651 637 631
f 653 445 421
f 426 650 654
f 653 421 422
f 654 653 422
f 426 654 422
f 427 426 422
f 445 653 692
f 692 462 451
f 445 692 451
f 444 445 451
f 462 692 645
f 645 382 466
f 462 645 466
f 461 462 466
f 382 645 381
f 643 380 381
f 645 643 381
f 643 642 364
f 380 643 364
f 642 363 362
f 364 642 362
f 642 959 533
f 363 642 533
f 755 963 531
f 959 755 531
f 533 959 531
f 632 633 656
f 656 633 638
f 656 638 426
f 658 656 426
f 436 425 658
f 658 426 436
f 425 424 658
f 424 445 659
f 659 658 424
f 447 452 659
f 446 447 659
f 659 445 446
f 452 462 464
f 464 659 452
f 464 462 463
f 646 464 465
f 646 465 382
f 383 646 382
f 378 379 648
f 378 648 383
f 648 379 364
f 648 364 649
f 365 366 649
f 649 364 365
f 649 366 367
f 649 367 533
f 688 649 533
f 534 535 688
f 688 533 534
f 354 524 266
f 524 352 266
f 460 453 449
f 453 460 439
f 374 376 456
f 368 374 456
f 430 428 627
f 428 430 635
f 358 380 364
f 358 364 379
f 226 438 224
f 432 446 445
f 432 437 446
f 224 446 437
f 446 224 438
f 634 627 428
f 635 636 428
f 428 636 426
f 637 426 636
f 638 634 426
f 428 426 634
f 223 224 222
f 224 225 222
f 226 224 223
f 228 222 227
f 229 230 227
f 230 228 227
f 223 222 228
f 228 230 223
f 226 223 230
f 232 222 231
f 233 234 231
f 234 232 231
f 227 222 232
f 232 234 227
f 229 227 234
f 225 233 222
f 233 231 222
f 326 327 325
f 327 328 325
f 329 327 326
f 331 325 330
f 326 325 331
f 329 326 331
f 333 325 332
f 332 334 333
f 335 333 334
f 330 325 333
f 333 335 330
f 328 334 325
f 334 332 325
f 225 224 437
f 438 226 439
f 230 439 226
f 439 230 440
f 229 440 230
f 229 441 440
f 234 441 229
f 233 442 441
f 234 233 441
f 233 225 442
f 225 437 442
f 442 437 443
f 432 443 437
f 443 432 444
f 445 444 432
f 438 447 446
f 447 438 448
f 439 448 438
f 448 439 460
f 440 453 439
f 449 450 460
f 440 441 453
f 441 449 453
f 449 443 450
f 443 444 450
f 441 442 449
f 442 443 449
f 460 450 462
f 451 462 450
f 450 444 451
f 448 452 447
f 452 448 462
f 460 462 448
f 327 626 328
f 331 627 329
f 331 628 627
f 330 628 331
f 335 629 628
f 628 330 335
f 335 630 629
f 334 630 335
f 334 328 630
f 328 626 630
f 630 626 631
f 632 631 626
f 632 626 633
f 327 633 626
f 633 327 329
f 633 329 634
f 627 634 329
f 628 430 627
f 628 629 430
f 629 635 430
f 635 630 636
f 630 631 636
f 629 630 635
f 636 631 637
f 634 638 633
f 432 420 445
f 421 445 420
f 432 445 423
f 424 423 445
f 432 437 433
f 437 434 433
f 434 437 435
f 437 432 435
f 423 435 432
f 337 338 336
f 338 339 336
f 340 338 337
f 342 336 341
f 343 344 341
f 344 342 341
f 337 336 342
f 342 344 337
f 340 337 344
f 346 336 345
f 345 347 346
f 348 346 347
f 341 336 346
f 346 348 341
f 343 341 348
f 339 347 336
f 347 345 336
f 420 422 421
f 423 424 425
f 426 427 428
f 429 428 427
f 427 422 429
f 428 429 430
f 431 430 429
f 429 432 431
f 432 433 431
f 422 420 429
f 420 432 429
f 435 423 340
f 425 340 423
f 436 338 340
f 425 436 340
f 436 428 338
f 428 430 338
f 426 428 436
f 430 339 338
f 430 431 339
f 431 347 339
f 431 433 347
f 433 348 347
f 348 433 343
f 434 343 433
f 434 344 343
f 435 344 434
f 344 435 340
f 184 185 186
f 187 186 185
f 189 184 188
f 190 189 188
f 185 184 189
f 187 185 189
f 191 192 184
f 192 188 184
f 190 188 192
f 186 191 184
f 193 194 195
f 196 195 194
f 197 196 194
f 199 193 198
f 200 199 198
f 194 193 199
f 197 194 199
f 201 202 193
f 202 198 193
f 200 198 202
f 195 201 193
f 235 236 237
f 238 237 236
f 240 236 239
f 241 240 239
f 238 236 240
f 239 236 235
f 242 243 235
f 243 239 235
f 241 239 243
f 237 242 235
f 264 265 266
f 267 266 265
f 268 267 265
f 270 264 269
f 271 270 269
f 265 264 270
f 268 265 270
f 272 273 264
f 273 269 264
f 271 269 273
f 266 272 264
f 186 187 349
f 350 349 187
f 351 350 187
f 351 187 352
f 189 352 187
f 352 189 353
f 190 353 189
f 192 354 353
f 353 190 192
f 192 191 354
f 191 355 354
f 191 356 355
f 191 186 356
f 186 349 356
f 357 356 349
f 357 350 358
f 350 359 358
f 357 349 350
f 351 359 350
f 359 351 360
f 352 360 351
f 360 352 524
f 353 266 352
f 354 361 524
f 353 354 266
f 354 355 361
f 355 356 361
f 524 361 525
f 362 361 356
f 525 361 533
f 363 533 361
f 361 362 363
f 356 357 362
f 357 358 362
f 358 364 362
f 358 359 364
f 359 365 364
f 365 359 366
f 360 367 366
f 366 359 360
f 367 360 533
f 525 533 360
f 524 525 360
f 195 196 368
f 197 369 196
f 369 197 370
f 199 370 197
f 370 199 371
f 200 371 199
f 202 372 371
f 371 200 202
f 202 373 372
f 201 373 202
f 201 368 373
f 201 195 368
f 374 373 368
f 373 374 375
f 376 375 374
f 374 377 376
f 374 368 377
f 196 377 368
f 369 378 377
f 377 196 369
f 378 369 379
f 370 379 369
f 349 357 379
f 379 370 349
f 371 349 370
f 349 372 357
f 371 372 349
f 373 375 372
f 357 372 358
f 380 358 372
f 372 375 380
f 381 380 375
f 375 382 381
f 375 376 382
f 376 377 382
f 377 383 382
f 383 377 378
f 357 358 379
f 237 238 453
f 454 453 238
f 238 455 454
f 455 238 456
f 240 456 238
f 456 240 457
f 241 457 240
f 241 243 457
f 242 458 243
f 242 237 458
f 237 453 458
f 458 453 459
f 460 459 453
f 459 460 461
f 462 461 460
f 462 460 463
f 453 454 460
f 460 455 463
f 455 464 463
f 460 454 455
f 464 455 465
f 456 465 455
f 465 456 376
f 457 368 456
f 457 243 368
f 243 374 368
f 374 459 376
f 459 461 376
f 243 458 374
f 458 459 374
f 466 382 376
f 376 461 466
f 376 382 465
f 519 266 267
f 267 268 519
f 270 520 268
f 520 270 521
f 271 521 270
f 271 273 521
f 273 522 521
f 273 272 522
f 272 266 523
f 524 523 266
f 523 524 525
f 524 519 525
f 519 526 525
f 266 519 524
f 526 519 527
f 520 527 519
f 519 268 520
f 527 520 528
f 521 528 520
f 522 529 528
f 521 522 528
f 522 523 529
f 272 523 522
f 528 529 530
f 531 529 523
f 529 531 963
f 523 525 531
f 525 533 531
f 525 526 533
f 526 534 533
f 527 535 534
f 534 526 527
f 528 530 527
f 398 640 396
f 400 641 399
f 1244 398 399
f 641 1244 399
f 643 644 642
f 644 643 645
f 383 647 646
f 648 647 383
f 649 647 648
f 651 652 650
f 654 652 653
f 650 652 654
f 664 662 663
f 662 664 666
f 402 670 1243
f 1243 641 402
f 670 402 671
f 401 402 641
f 641 400 401
f 644 758 757
f 757 964 644
f 672 758 644
f 672 965 758
f 673 965 672
f 674 675 644
f 675 672 644
f 672 675 673
f 676 673 675
f 652 677 674
f 677 675 674
f 675 677 676
f 678 676 677
f 1206 685 965
f 673 1206 965
f 1218 686 969
f 969 967 1218
f 686 647 969
f 970 969 647
f 687 970 647
f 647 649 687
f 688 687 649
f 644 964 642
f 971 959 642
f 964 971 642
f 686 689 690
f 690 647 686
f 689 691 657
f 657 690 689
f 464 690 659
f 690 464 647
f 646 647 464
f 652 674 653
f 674 692 653
f 674 644 692
f 644 645 692
f 1223 694 657
f 691 1223 657
f 695 657 694
f 696 697 695
f 697 657 695
f 697 655 657
f 739 698 700
f 700 699 604
f 604 739 700
f 701 699 700
f 699 701 651
f 652 651 701
f 677 652 701
f 700 702 701
f 702 703 701
f 701 703 677
f 677 703 678
f 669 714 712
f 1233 712 714
f 714 713 1233
f 714 695 713
f 694 713 695
f 696 695 714
f 180 660 661
f 661 716 180
f 717 716 661
f 700 698 717
f 718 717 661
f 709 706 718
f 706 717 718
f 717 706 700
f 700 706 702
f 661 719 718
f 720 709 718
f 719 662 718
f 721 718 662
f 718 721 720
f 722 720 721
f 665 729 727
f 729 728 727
f 729 669 728
f 712 728 669
f 663 662 731
f 719 731 662
f 719 660 740
f 740 731 719
f 661 660 719
f 727 733 665
f 734 665 733
f 733 670 734
f 671 734 670
f 736 735 639
f 735 736 666
f 662 666 736
f 640 721 639
f 721 736 639
f 721 662 736
f 737 721 640
f 737 722 721
f 398 738 640
f 738 737 640
f 396 640 397
f 671 402 397
f 530 529 532
f 754 532 529
f 963 754 529
f 527 532 756
f 756 535 527
f 530 532 527
f 20 21 19
f 22 954 21
f 24 23 894
f 26 28 27
f 28 29 27
f 30 29 28
f 32 31 30
f 30 953 32
f 34 32 953
f 953 33 34
f 22 34 33
f 33 954 22
f 32 35 31
f 31 36 37
f 36 31 35
f 22 32 34
f 32 38 35
f 39 38 32
f 22 39 32
f 44 39 22
f 22 21 44
f 20 44 21
f 48 23 24
f 24 25 48
f 50 48 25
f 25 26 50
f 26 27 50
f 27 51 50
f 27 29 51
f 31 37 29
f 30 31 29
f 832 833 836
f 836 834 835
f 839 838 832
f 839 832 835
f 835 832 836
f 836 833 837
f 836 837 840
f 843 841 842
f 837 844 841
f 840 841 843
f 840 837 841
f 847 845 846
f 846 845 848
f 841 849 842
f 844 849 841
f 849 846 842
f 847 846 849
f 842 846 851
f 853 852 854
f 854 858 857
f 858 852 855
f 858 856 857
f 839 861 838
f 860 859 862
f 859 861 839
f 862 859 852
f 862 852 853
f 862 853 860
f 861 859 860
f 852 858 854
f 865 863 856
f 863 857 856
f 866 857 863
f 868 867 865
f 868 869 867
f 867 866 863
f 865 867 863
f 872 870 871
f 871 866 867
f 532 871 870
f 870 872 873
f 874 532 870
f 870 873 874
f 874 873 875
f 876 532 874
f 875 877 876
f 876 874 875
f 835 834 878
f 834 836 840
f 881 879 880
f 880 879 882
f 883 881 880
f 850 884 882
f 884 850 848
f 875 873 885
f 886 875 885
f 877 875 886
f 883 877 886
f 878 887 888
f 26 887 878
f 28 26 878
f 889 28 834
f 834 28 878
f 889 834 840
f 843 889 840
f 890 843 851
f 33 890 851
f 891 33 851
f 892 891 851
f 894 893 888
f 887 894 888
f 19 895 896
f 898 835 897
f 899 898 897
f 901 899 897
f 839 900 859
f 902 899 901
f 898 839 835
f 842 851 843
f 846 892 851
f 848 892 846
f 903 892 848
f 895 891 903
f 901 904 906
f 897 904 901
f 888 905 897
f 893 905 888
f 905 904 897
f 909 907 908
f 909 906 910
f 910 911 912
f 912 907 909
f 908 907 914
f 908 906 909
f 901 906 908
f 901 908 902
f 902 908 915
f 915 914 916
f 852 900 855
f 856 858 855
f 908 914 915
f 859 900 852
f 918 881 917
f 918 919 879
f 879 881 918
f 879 850 882
f 879 919 920
f 850 879 920
f 920 919 921
f 896 903 920
f 896 920 921
f 850 903 848
f 920 903 850
f 896 895 903
f 903 891 892
f 923 922 924
f 926 923 924
f 923 926 925
f 909 910 912
f 924 927 926
f 914 907 928
f 916 914 929
f 928 929 914
f 855 916 930
f 930 916 929
f 856 855 864
f 930 864 855
f 856 864 865
f 931 869 868
f 867 869 871
f 869 931 932
f 932 931 933
f 934 932 933
f 932 934 935
f 872 869 935
f 935 869 932
f 872 936 873
f 935 936 872
f 938 935 937
f 869 872 871
f 873 936 885
f 938 885 936
f 952 938 940
f 941 938 952
f 881 883 886
f 886 885 939
f 941 885 938
f 942 939 941
f 939 885 941
f 943 886 939
f 886 943 881
f 943 917 881
f 942 917 939
f 943 939 917
f 944 922 945
f 924 922 944
f 946 947 944
f 948 947 946
f 947 924 944
f 948 946 949
f 934 949 950
f 949 946 950
f 934 933 949
f 949 933 948
f 948 933 951
f 948 951 947
f 947 951 927
f 924 947 927
f 934 950 935
f 937 935 950
f 936 935 938
f 937 940 938
f 889 843 953
f 33 953 890
f 890 953 843
f 895 19 21
f 954 895 21
f 887 24 894
f 24 887 25
f 26 25 887
f 889 30 28
f 30 889 953
f 33 891 954
f 895 954 891
f 882 884 955
f 956 687 955
f 848 845 956
f 848 956 884
f 884 956 955
f 688 957 955
f 883 880 957
f 877 883 957
f 880 882 955
f 957 880 955
f 958 857 866
f 958 959 960
f 854 857 960
f 857 958 960
f 960 853 854
f 962 849 844
f 961 685 962
f 962 844 961
f 833 961 837
f 961 844 837
f 871 963 755
f 871 532 754
f 754 963 871
f 959 958 755
f 957 535 756
f 876 957 756
f 688 535 957
f 877 957 876
f 756 532 876
f 964 860 853
f 861 860 758
f 758 860 757
f 960 964 853
f 838 861 965
f 1215 759 962
f 962 685 1215
f 966 849 962
f 966 962 759
f 965 961 833
f 685 961 965
f 965 833 832
f 832 838 965
f 757 860 964
f 968 966 967
f 849 966 847
f 969 968 967
f 968 845 847
f 847 966 968
f 956 845 968
f 970 687 956
f 968 969 970
f 970 956 968
f 687 688 955
f 960 959 971
f 971 964 960
f 965 861 758
f 2663 2664 2662
f 2664 2663 2665
f 2663 2662 2666
f 2662 2667 2666
f 2662 2668 2667
f 2668 2662 2669
f 2662 2664 2669
f 2670 2669 2664
f 2664 2665 2670
f 2663 2671 2665
f 2666 2671 2663
f 2668 2672 2667
f 2668 2673 2672
f 2668 2669 2673
f 2665 2671 2674
f 2674 2671 2675
f 2666 2675 2671
f 2666 2676 2675
f 2666 2667 2676
f 2667 2677 2676
f 2677 2667 2672
f 2672 2673 2678
f 2673 2679 2678
f 2679 2673 2680
f 2669 2680 2673
f 2665 2681 2670
f 2665 2674 2682
f 2672 2683 2677
f 2683 2672 2678
f 2684 2680 2670
f 2669 2670 2680
f 2684 2670 2681
f 2665 2682 2681
f 2640 2641 2639
f 2641 2640 2642
f 2639 2641 2643
f 2644 2639 2643
f 2645 2639 2644
f 2639 2645 2646
f 2640 2639 2646
f 2646 2647 2640
f 2642 2640 2647
f 2648 2641 2642
f 2648 2643 2641
f 2649 2645 2644
f 2650 2645 2649
f 2646 2645 2650
f 2648 2642 2651
f 2648 2651 2652
f 2652 2643 2648
f 2653 2643 2652
f 2644 2643 2653
f 2654 2644 2653
f 2644 2654 2649
f 2650 2649 2655
f 2656 2650 2655
f 2650 2656 2657
f 2657 2646 2650
f 2658 2642 2647
f 2651 2642 2659
f 2660 2649 2654
f 2649 2660 2655
f 2661 2646 2657
f 2647 2646 2661
f 2647 2661 2658
f 2659 2642 2658

