# https://github.com/mikedh/trimesh

o m31.off
v 0.18781200 0.82822300 0.44953200
v 0.17804900 0.82743200 0.44777100
v 0.18274300 0.83666600 0.44809900
v 0.19224200 0.83679300 0.44876300
v 0.19785000 0.82980500 0.44915500
v 0.19631000 0.82306700 0.44904800
v 0.18946500 0.81823600 0.44856900
v 0.18274300 0.81977900 0.44809900
v 0.16861900 0.83131900 0.44392200
v 0.17194500 0.83999500 0.44415500
v 0.17915000 0.84584800 0.44465900
v 0.18810900 0.84825100 0.44528500
v 0.19706800 0.84584800 0.44591200
v 0.20569200 0.83720300 0.44651500
v 0.20808800 0.82822300 0.44668200
v 0.20569200 0.81924100 0.44651500
v 0.19706800 0.81059700 0.44591200
v 0.18502200 0.80868400 0.44506900
v 0.17636500 0.81201900 0.44446400
v 0.17052600 0.81924100 0.44405600
v 0.16100800 0.83716800 0.43823100
v 0.16030200 0.82375100 0.43818100
v 0.16510900 0.84523500 0.43851700
v 0.17149700 0.85164000 0.43896400
v 0.17954600 0.85575100 0.43952700
v 0.19292900 0.85645900 0.44046300
v 0.20543900 0.85164000 0.44133700
v 0.21182700 0.84523500 0.44178400
v 0.21592800 0.83716800 0.44207100
v 0.21663400 0.82375100 0.44212000
v 0.21182700 0.81121000 0.44178400
v 0.20543900 0.80480700 0.44133700
v 0.19739000 0.80069600 0.44077500
v 0.18400700 0.79998800 0.43983900
v 0.17149700 0.80480700 0.43896400
v 0.16510900 0.81121000 0.43851700
v 0.15253800 0.82822300 0.42938200
v 0.15432500 0.83953100 0.42950700
v 0.15951000 0.84973300 0.42986900
v 0.16758600 0.85782800 0.43043400
v 0.17776200 0.86302600 0.43114600
v 0.18904200 0.86481600 0.43193400
v 0.20032300 0.86302600 0.43272300
v 0.21049900 0.85782800 0.43343500
v 0.21857500 0.84973300 0.43399900
v 0.22376000 0.83953100 0.43436200
v 0.22554700 0.82822300 0.43448700
v 0.22376000 0.81691600 0.43436200
v 0.21857500 0.80671400 0.43399900
v 0.21049900 0.79861900 0.43343500
v 0.20032300 0.79342100 0.43272300
v 0.18904200 0.79162900 0.43193400
v 0.17776200 0.79342100 0.43114600
v 0.16758600 0.79861900 0.43043400
v 0.15951000 0.80671400 0.42986900
v 0.15432500 0.81691600 0.42950700
v 0.33803500 0.82822300 0.44953200
v 0.34779800 0.82743200 0.44777100
v 0.34310400 0.83666600 0.44809900
v 0.33360400 0.83679300 0.44876300
v 0.32799700 0.82980500 0.44915500
v 0.32953700 0.82306700 0.44904800
v 0.33638200 0.81823600 0.44856900
v 0.34310400 0.81977900 0.44809900
v 0.35722800 0.83131900 0.44392200
v 0.35390200 0.83999500 0.44415500
v 0.34669700 0.84584800 0.44465900
v 0.33773800 0.84825100 0.44528500
v 0.32877900 0.84584800 0.44591200
v 0.32015500 0.83720300 0.44651500
v 0.31775900 0.82822300 0.44668200
v 0.32015500 0.81924100 0.44651500
v 0.32877900 0.81059700 0.44591200
v 0.34082500 0.80868400 0.44506900
v 0.34948100 0.81201900 0.44446400
v 0.35532100 0.81924100 0.44405600
v 0.36554500 0.82375100 0.43818100
v 0.36483800 0.83716800 0.43823100
v 0.36073700 0.84523500 0.43851700
v 0.35435000 0.85164000 0.43896400
v 0.34630100 0.85575100 0.43952700
v 0.33291800 0.85645900 0.44046300
v 0.32040800 0.85164000 0.44133700
v 0.31402000 0.84523500 0.44178400
v 0.30991900 0.83716800 0.44207100
v 0.30921300 0.82375100 0.44212000
v 0.31402000 0.81121000 0.44178400
v 0.32040800 0.80480700 0.44133700
v 0.32845700 0.80069600 0.44077500
v 0.34184000 0.79998800 0.43983900
v 0.35435000 0.80480700 0.43896400
v 0.36073700 0.81121000 0.43851700
v 0.37330900 0.82822300 0.42938200
v 0.37152200 0.83953100 0.42950700
v 0.36633700 0.84973300 0.42986900
v 0.35826100 0.85782800 0.43043400
v 0.34808500 0.86302600 0.43114600
v 0.33680400 0.86481600 0.43193400
v 0.32552400 0.86302600 0.43272300
v 0.31534800 0.85782800 0.43343500
v 0.30727200 0.84973300 0.43399900
v 0.30208700 0.83953100 0.43436200
v 0.30030000 0.82822300 0.43448700
v 0.30208700 0.81691600 0.43436200
v 0.30727200 0.80671400 0.43399900
v 0.31534800 0.79861900 0.43343500
v 0.32552400 0.79342100 0.43272300
v 0.33680400 0.79162900 0.43193400
v 0.34808500 0.79342100 0.43114600
v 0.35826100 0.79861900 0.43043400
v 0.36633700 0.80671400 0.42986900
v 0.37152200 0.81691600 0.42950700
v 0.26292300 0.80528700 0.49314700
v 0.26292300 0.82522100 0.47314800
v 0.26695700 0.79497400 0.50211500
v 0.26422200 0.72872200 0.50906500
v 0.26192200 0.74100500 0.50396500
v 0.29389800 0.67217100 0.23011500
v 0.28397300 0.64076900 0.21583100
v 0.26292300 0.67115100 0.22537500
v 0.26292300 0.64276900 0.21441900
v 0.37830700 0.68384400 0.23930600
v 0.33267300 0.63590400 0.22851200
v 0.37304500 0.64056700 0.22073900
v 0.32996600 0.67479800 0.24102600
v 0.43547400 0.64217200 0.25421600
v 0.43810500 0.68654800 0.30518600
v 0.41447900 0.68692700 0.26796600
v 0.45829100 0.64189000 0.28492300
v 0.47546600 0.64522300 0.30969000
v 0.44406500 0.69131000 0.35801600
v 0.44318900 0.69070700 0.33138800
v 0.48416100 0.64541600 0.34082200
v 0.48391700 0.63674100 0.35967600
v 0.43644400 0.69019700 0.38211900
v 0.47905800 0.63828700 0.37298900
v 0.42391400 0.66908800 0.41193500
v 0.47217900 0.63043600 0.38851500
v 0.45954000 0.61867600 0.40771000
v 0.43179800 0.67613700 0.39907100
v 0.41244000 0.68688300 0.39495200
v 0.40330300 0.68870900 0.40726500
v 0.39213600 0.65410000 0.42339300
v 0.43523600 0.60879600 0.40749000
v 0.42384300 0.60092300 0.42393400
v 0.40155500 0.65886400 0.41358500
v 0.39416600 0.71171600 0.41572100
v 0.38456300 0.69637300 0.42990300
v 0.36577300 0.64639200 0.44567100
v 0.38759900 0.59762300 0.43566800
v 0.36775600 0.58829000 0.45205100
v 0.37846600 0.64985800 0.43568100
v 0.37189900 0.70034300 0.43930700
v 0.31917600 0.64311000 0.46224200
v 0.34494500 0.58679600 0.46229600
v 0.31924200 0.58013600 0.47210400
v 0.34329200 0.64499100 0.45575800
v 0.34317600 0.70916600 0.45024400
v 0.31335700 0.70627800 0.45590600
v 0.26292300 0.64152900 0.46812800
v 0.29100500 0.57955200 0.47732700
v 0.26292300 0.57654800 0.48099600
v 0.29117100 0.64258500 0.46692100
v 0.26292300 0.70636700 0.45967300
v 0.31521300 0.73121600 0.45959000
v 0.28366500 0.73718000 0.46939900
v 0.26827500 0.71151000 0.22365100
v 0.30862000 0.71886700 0.22892200
v 0.33764600 0.71970600 0.23679700
v 0.34229800 0.69811100 0.24230300
v 0.36217700 0.69952800 0.25266300
v 0.36799900 0.71905100 0.25264600
v 0.39679200 0.71517600 0.27723400
v 0.39708300 0.69687100 0.28009500
v 0.40803000 0.71391400 0.29176000
v 0.41864900 0.69644500 0.30995600
v 0.42171600 0.69981300 0.34824700
v 0.40777500 0.72235900 0.38657400
v 0.41872900 0.70264500 0.36583100
v 0.41193400 0.70343300 0.38469200
v 0.40506800 0.70176600 0.39878700
v 0.39292600 0.71986900 0.41530600
v 0.37779800 0.71992400 0.43073200
v 0.35832500 0.71591400 0.44415200
v 0.36687200 0.74023900 0.43694500
v 0.33449000 0.73721500 0.45298600
v 0.26292300 0.73553300 0.47239100
v 0.28966500 0.70720600 0.45886100
v 0.27679700 0.32273600 0.11351000
v 0.26292300 0.32381400 0.11176800
v 0.27433300 0.29218900 0.10734700
v 0.33937900 0.29602700 0.10679200
v 0.30275500 0.29375900 0.11609100
v 0.27935700 0.25807700 0.10406400
v 0.29308300 0.23520400 0.07872110
v 0.31810900 0.26462100 0.09246280
v 0.26292300 0.27527700 0.10354600
v 0.27541500 0.24781900 0.10110500
v 0.26292300 0.23241400 0.09677230
v 0.26292300 0.20036400 0.08917920
v 0.27540200 0.21544100 0.09526630
v 0.32571100 0.14187400 0.05766790
v 0.29428000 0.17073900 0.07456040
v 0.31410500 0.12871300 0.05335450
v 0.27846500 0.16470800 0.07488380
v 0.32392900 0.07938110 0.03534700
v 0.35935200 0.07668550 0.02500000
v 0.38791800 0.08335980 0.02620830
v 0.26292300 0.10905400 0.05746360
v 0.28889200 0.08438840 0.04360280
v 0.26292300 0.07481500 0.04354320
v 0.26292300 0.11846100 0.07319140
v 0.27291300 0.10477100 0.05756080
v 0.26292300 0.15050800 0.12503700
v 0.27902100 0.16522800 0.15321000
v 0.29369200 0.16427100 0.14669500
v 0.28413800 0.14812000 0.11684300
v 0.35166000 0.20342500 0.22740400
v 0.36984600 0.21474900 0.20467700
v 0.43296500 0.22904200 0.19413400
v 0.35492000 0.21397900 0.23006300
v 0.33319200 0.19136000 0.26235200
v 0.32329200 0.19103600 0.29298200
v 0.33630300 0.17638000 0.26938200
v 0.33173800 0.16252200 0.30271400
v 0.33254500 0.20693300 0.25541400
v 0.31545600 0.20606600 0.28240500
v 0.31967300 0.20116600 0.28981200
v 0.26292300 0.60579000 0.19577000
v 0.28247700 0.60224800 0.19723900
v 0.33319000 0.59750600 0.21189300
v 0.37342600 0.60114300 0.20413500
v 0.43569200 0.60149600 0.23576000
v 0.46679800 0.60034100 0.27159300
v 0.48464700 0.60233200 0.29271400
v 0.50029500 0.60237700 0.32306200
v 0.49974200 0.59366300 0.34396500
v 0.49472000 0.58795100 0.35695600
v 0.48736300 0.57808600 0.37683200
v 0.47568100 0.56768900 0.39928800
v 0.44364800 0.55825900 0.40331300
v 0.42932400 0.54857700 0.42032700
v 0.41128200 0.53922000 0.43804900
v 0.36621300 0.53011700 0.45301600
v 0.34244500 0.52338900 0.46551700
v 0.31716500 0.51699800 0.47471600
v 0.29022600 0.51401200 0.48081300
v 0.26292300 0.51155400 0.48301400
v 0.28222200 0.48455600 0.15971000
v 0.26292300 0.51680000 0.16576300
v 0.28377500 0.56426300 0.18375800
v 0.26292300 0.57034600 0.18230300
v 0.32299300 0.39267500 0.14839500
v 0.33242300 0.53354900 0.19040900
v 0.37476100 0.51042100 0.17742100
v 0.37435900 0.56000300 0.19099600
v 0.40093100 0.46275900 0.19262200
v 0.45097700 0.45233100 0.22430900
v 0.46195900 0.51830800 0.24533300
v 0.40744600 0.51894400 0.20975700
v 0.43398300 0.55868200 0.22125500
v 0.48277400 0.56071900 0.27818400
v 0.46755200 0.45348400 0.24856700
v 0.48065100 0.45340400 0.27292000
v 0.49537500 0.51938900 0.29770900
v 0.48072800 0.51988500 0.26856000
v 0.50084700 0.55944800 0.30982800
v 0.48968400 0.47096900 0.30014000
v 0.48021600 0.42769200 0.28318500
v 0.48087300 0.41637300 0.30747000
v 0.49630500 0.51269300 0.31655200
v 0.49368400 0.50800200 0.33072600
v 0.49985900 0.55143200 0.32964500
v 0.49662500 0.54660600 0.34375000
v 0.47684500 0.41415900 0.33541700
v 0.48845400 0.50021500 0.35315200
v 0.44421600 0.41441700 0.34515900
v 0.47086700 0.44900100 0.36945800
v 0.47634700 0.49018900 0.38081900
v 0.48920600 0.53741200 0.36433800
v 0.47873800 0.52901000 0.38970600
v 0.42963400 0.45622400 0.37883100
v 0.40960800 0.40248100 0.37088600
v 0.38103200 0.40102400 0.39314000
v 0.38761200 0.45153700 0.40149200
v 0.41973900 0.48376500 0.41032300
v 0.43660700 0.48962000 0.39120800
v 0.44519500 0.52207900 0.39527200
v 0.42586400 0.51587900 0.41653100
v 0.35072600 0.39553400 0.41100100
v 0.36330700 0.43788900 0.41670800
v 0.32545100 0.39640900 0.42149200
v 0.33684100 0.43957900 0.43371200
v 0.34633000 0.47303900 0.44561800
v 0.37186100 0.47781000 0.42940100
v 0.38219100 0.50645500 0.43359800
v 0.35724500 0.50116500 0.45089200
v 0.30834800 0.39783600 0.42630500
v 0.31544600 0.43627800 0.44265300
v 0.29743700 0.43548000 0.44821500
v 0.30499400 0.46596100 0.46157900
v 0.32619000 0.46900900 0.45477200
v 0.33279200 0.49441700 0.46255300
v 0.31159700 0.49103200 0.46993800
v 0.27648500 0.39862000 0.43714100
v 0.27952800 0.43582900 0.45227000
v 0.26292300 0.39591300 0.43664800
v 0.26292300 0.43214500 0.45161600
v 0.26292300 0.46283800 0.46704100
v 0.28404000 0.46385000 0.46558200
v 0.28422200 0.48798300 0.47499700
v 0.26292300 0.48671700 0.47662800
v 0.27789000 0.37638200 0.12746900
v 0.26292300 0.37823500 0.12559100
v 0.31659600 0.33866900 0.13180700
v 0.35579700 0.35493200 0.12785000
v 0.36849100 0.43193600 0.15478200
v 0.36253600 0.27892800 0.12748400
v 0.40654900 0.26260700 0.14942400
v 0.41801200 0.30479800 0.16935300
v 0.42943300 0.34597400 0.18829600
v 0.38242400 0.33641300 0.15286300
v 0.43489000 0.29229500 0.18842300
v 0.42230700 0.24797400 0.16703400
v 0.44585900 0.28471300 0.21421600
v 0.46090800 0.33807100 0.24946600
v 0.44432900 0.34004400 0.21376400
v 0.45436800 0.37993000 0.23114800
v 0.45567600 0.28905700 0.23567300
v 0.41963600 0.23493600 0.22115200
v 0.43043000 0.25418400 0.23657000
v 0.46249800 0.28924300 0.25831000
v 0.46723400 0.33550400 0.27917900
v 0.47189500 0.38458200 0.26772500
v 0.47359500 0.37841400 0.29219100
v 0.41695600 0.29421900 0.29548700
v 0.41153100 0.25228000 0.27734700
v 0.40631900 0.24873000 0.31215300
v 0.40824200 0.29111800 0.32212700
v 0.41639600 0.32709500 0.32858000
v 0.42555800 0.33415300 0.30334100
v 0.44282800 0.37952500 0.31134500
v 0.42514900 0.36254900 0.33504900
v 0.39941100 0.28384400 0.34749200
v 0.39953800 0.24207500 0.33822900
v 0.38461900 0.23924200 0.36431800
v 0.38078500 0.28656300 0.37425800
v 0.38371800 0.31676400 0.37205800
v 0.40038000 0.31927200 0.35134100
v 0.40431300 0.35487300 0.35811100
v 0.37860100 0.34977300 0.37947600
v 0.36641900 0.22702500 0.37990800
v 0.36050000 0.28146100 0.39210900
v 0.35121400 0.19672200 0.37618800
v 0.34520200 0.27534300 0.39676000
v 0.34381800 0.31071700 0.39889500
v 0.36390400 0.31143300 0.38865400
v 0.35661500 0.34829300 0.39600600
v 0.33770900 0.34498600 0.40261600
v 0.34096800 0.17979400 0.36590100
v 0.33467900 0.23846400 0.38165000
v 0.33335900 0.18092800 0.35238400
v 0.32700500 0.21821500 0.36048000
v 0.32057700 0.25533700 0.36348000
v 0.32914000 0.28840600 0.38844100
v 0.32424700 0.30293500 0.38412200
v 0.32145100 0.27837000 0.36415800
v 0.31617800 0.29523700 0.36645600
v 0.31983700 0.32755600 0.39158500
v 0.32892500 0.17005400 0.32840900
v 0.32371700 0.18499000 0.32470400
v 0.31849100 0.22036200 0.32902000
v 0.31475500 0.23400500 0.32252700
v 0.31213800 0.24996200 0.32887900
v 0.30209000 0.20142500 0.28805400
v 0.30225400 0.24924200 0.33187200
v 0.28199800 0.19635400 0.29358600
v 0.28952900 0.24666500 0.33643300
v 0.30349000 0.29400900 0.36800000
v 0.30568200 0.32775800 0.39194000
v 0.29099000 0.32584300 0.39798200
v 0.26292300 0.28880900 0.37738400
v 0.28913000 0.29365000 0.37630200
v 0.26292300 0.19395500 0.29557400
v 0.27767300 0.32557400 0.40214000
v 0.26292300 0.32246500 0.40195300
v 0.28872100 0.11447800 0.06956250
v 0.30306800 0.09821110 0.05432670
v 0.26292300 0.09566350 0.05020180
v 0.28291600 0.09087650 0.04857690
v 0.26292300 0.08275860 0.04442620
v 0.28286600 0.08702140 0.04808280
v 0.31441100 0.08811050 0.04519200
v 0.32122100 0.14446700 0.11298000
v 0.34694900 0.12186100 0.08175670
v 0.33614000 0.10689400 0.06331460
v 0.29910800 0.17213500 0.17798400
v 0.32428500 0.15878800 0.14756000
v 0.30568900 0.17908800 0.21100800
v 0.32961500 0.16942600 0.17794000
v 0.35410000 0.15705600 0.14587000
v 0.35149700 0.13990200 0.11301000
v 0.36664100 0.12708200 0.08762960
v 0.36891200 0.14640000 0.11898800
v 0.38421800 0.13447200 0.09296080
v 0.39246800 0.10766700 0.05667990
v 0.31831200 0.19518700 0.24866800
v 0.33500600 0.19940100 0.22405700
v 0.35705700 0.19145700 0.19025800
v 0.37206600 0.19555700 0.17429500
v 0.38296500 0.18231800 0.15299400
v 0.35424500 0.18838100 0.08214360
v 0.36212800 0.15566800 0.09763140
v 0.38502300 0.20817900 0.13839500
v 0.36881700 0.22255800 0.11779200
v 0.35608300 0.14004800 0.07263390
v 0.33331200 0.16073100 0.07835400
v 0.34367100 0.25067000 0.11053800
v 0.32203400 0.21182700 0.08039760
v 0.30312000 0.19108900 0.09121290
v 0.29371100 0.17736000 0.21608300
v 0.28258500 0.18259500 0.25872500
v 0.26292300 0.16448000 0.15825400
v 0.26292300 0.17300600 0.22515900
v 0.27771700 0.17437000 0.22124300
v 0.26292300 0.18027600 0.26101800
v 0.35168700 0.12636100 0.35370900
v 0.34530700 0.12021500 0.34591400
v 0.34051100 0.12301300 0.33856700
v 0.33502500 0.13854900 0.32553300
v 0.33542000 0.14102000 0.30870400
v 0.34625700 0.11475000 0.34184400
v 0.34189000 0.11294600 0.33503900
v 0.34380500 0.10924700 0.31996800
v 0.34960800 0.10774200 0.31160100
v 0.34872900 0.11901900 0.28790600
v 0.34875700 0.15890900 0.25688200
v 0.34017000 0.13453000 0.29170500
v 0.35507100 0.11734200 0.28413700
v 0.35459400 0.10668000 0.29995800
v 0.35951200 0.10676800 0.30012300
v 0.37118200 0.17113700 0.24125100
v 0.36024300 0.17919700 0.23641700
v 0.37849600 0.20654600 0.20461300
v 0.36411500 0.10795200 0.31101000
v 0.37398700 0.13096600 0.28042500
v 0.38107800 0.13414700 0.28961400
v 0.39016100 0.16959200 0.26949800
v 0.39504600 0.21224200 0.22890700
v 0.40360000 0.21230900 0.25003300
v 0.37336400 0.10977100 0.31910200
v 0.38263800 0.12801100 0.31085300
v 0.37545500 0.11226600 0.32846700
v 0.38365900 0.13241800 0.32382100
v 0.39268600 0.16236300 0.29493500
v 0.40456600 0.20832900 0.28671500
v 0.39964300 0.20313500 0.31688000
v 0.37031100 0.11479600 0.33797500
v 0.36433000 0.11615500 0.34366100
v 0.37137400 0.14308400 0.34996600
v 0.37860400 0.13177500 0.33617600
v 0.37848500 0.19362800 0.35967100
v 0.35929800 0.11652800 0.34585300
v 0.36186400 0.13600500 0.35489600
v 0.36583500 0.18454600 0.36918400
v 0.40374800 0.93046900 0.32047800
v 0.39265200 0.92403100 0.33075400
v 0.40111200 0.91079900 0.32927500
v 0.38236700 0.91841600 0.34264100
v 0.39419500 0.90638800 0.33782100
v 0.40360300 0.89289500 0.33767100
v 0.40795800 0.92988200 0.32043300
v 0.41071300 0.89431700 0.34003200
v 0.40936500 0.91286800 0.32901900
v 0.41427600 0.93130100 0.32124200
v 0.37532800 0.93403700 0.33555500
v 0.34827500 0.93872300 0.35331500
v 0.36598600 0.93135400 0.34631400
v 0.34713500 0.91341000 0.40006300
v 0.39379800 0.95376800 0.33516100
v 0.38007200 0.94953000 0.34263600
v 0.39962000 0.96846200 0.31452700
v 0.41751900 0.97500000 0.30186700
v 0.35186000 0.92236000 0.38809700
v 0.35190000 0.93351100 0.36955300
v 0.35726100 0.93807400 0.35893300
v 0.36615400 0.94520300 0.34063100
v 0.38027900 0.89509700 0.40337900
v 0.36149300 0.91039600 0.39500100
v 0.38876300 0.91760000 0.35385700
v 0.37572100 0.92305900 0.36105300
v 0.39927400 0.91261200 0.34603600
v 0.40828600 0.91918400 0.33643900
v 0.39597300 0.89685300 0.37281100
v 0.32088600 0.82605300 0.43840900
v 0.30875200 0.81716000 0.43806300
v 0.30490000 0.80410300 0.44735700
v 0.29812900 0.80156100 0.45381800
v 0.31398200 0.80284900 0.44285000
v 0.31667500 0.78467500 0.44491100
v 0.31201500 0.75453100 0.45805000
v 0.30436700 0.77801200 0.45570500
v 0.38336900 0.84017200 0.43593900
v 0.39263200 0.85202400 0.43516200
v 0.39970300 0.85128600 0.43027400
v 0.40287200 0.83240200 0.42147400
v 0.39655700 0.83203300 0.42712000
v 0.36654700 0.83386200 0.43962800
v 0.40168700 0.80822600 0.41513900
v 0.39586500 0.81532300 0.42381400
v 0.27119000 0.75088400 0.50829100
v 0.26731400 0.73026700 0.50759200
v 0.30650000 0.74186800 0.46363300
v 0.27595600 0.74918900 0.47601200
v 0.41168700 0.77177200 0.33296800
v 0.41009600 0.77517900 0.30788800
v 0.41099400 0.81545000 0.33688700
v 0.41076000 0.85302000 0.34921400
v 0.26150700 0.74966800 0.47904600
v 0.38464600 0.92466400 0.34633400
v 0.39664000 0.94873700 0.33228700
v 0.41072100 0.95287300 0.31104100
v 0.40340100 0.94019900 0.31779800
v 0.41226600 0.96687700 0.30697800
v 0.29427400 0.94196900 0.36771900
v 0.26292300 0.93698300 0.37743300
v 0.32135700 0.94140400 0.36065600
v 0.31810400 0.93717300 0.37308200
v 0.27997100 0.93408000 0.38271200
v 0.32227500 0.92716200 0.39090200
v 0.38952900 0.93225500 0.32801600
v 0.40821400 0.85880400 0.33795700
v 0.40765900 0.87850600 0.34018200
v 0.39718700 0.89143000 0.32250400
v 0.39449700 0.85735000 0.30066600
v 0.38857300 0.88289300 0.30248700
v 0.41059900 0.86589700 0.34356100
v 0.27744300 0.81240800 0.22954800
v 0.26292300 0.76439300 0.22405200
v 0.24840400 0.81240800 0.22954800
v 0.30944500 0.80600800 0.23101900
v 0.30550200 0.76313600 0.22719500
v 0.34247400 0.79847400 0.23803300
v 0.32878300 0.80169200 0.23423600
v 0.33642600 0.75974700 0.23375100
v 0.36952700 0.79121600 0.25136400
v 0.35636000 0.79503400 0.24368100
v 0.35749900 0.75542300 0.24280400
v 0.36976900 0.75511600 0.25069400
v 0.39446700 0.78116700 0.27763700
v 0.38263100 0.78631200 0.26367800
v 0.39649600 0.74812000 0.27686600
v 0.40365200 0.77823400 0.29208400
v 0.40587500 0.74513600 0.29126600
v 0.41398600 0.74388600 0.30773900
v 0.42186300 0.69835100 0.32773300
v 0.41094600 0.76534600 0.35351500
v 0.40623500 0.79170000 0.37337600
v 0.40230100 0.74257200 0.39969200
v 0.40230900 0.79178600 0.40155900
v 0.39719300 0.78113900 0.41729600
v 0.39578500 0.75185000 0.41277900
v 0.38573900 0.75280200 0.42485600
v 0.39129000 0.76587800 0.42266100
v 0.37837500 0.74718700 0.43015600
v 0.35264100 0.75124900 0.44067100
v 0.33116500 0.77574200 0.44005900
v 0.34066000 0.80274600 0.43967700
v 0.34471500 0.77425600 0.43669200
v 0.33280800 0.80529700 0.44154100
v 0.35577700 0.77781000 0.43703800
v 0.36483400 0.76881400 0.43626100
v 0.36563400 0.75352900 0.43546800
v 0.35829100 0.81102700 0.44167200
v 0.37713000 0.76266300 0.43237000
v 0.37716300 0.78195700 0.43341500
v 0.36859900 0.78547800 0.43586000
v 0.38957100 0.78632700 0.42642900
v 0.38252200 0.80164500 0.43240500
v 0.36499500 0.82213800 0.44117200
v 0.38447700 0.82252100 0.43240500
v 0.40586300 0.83096700 0.39452600
v 0.41038600 0.82516600 0.36340900
v 0.40461700 0.82035900 0.40997900
v 0.40906400 0.85292500 0.37491100
v 0.40421700 0.85791700 0.40423200
v 0.40431600 0.85229200 0.41678500
v 0.40314500 0.87244300 0.38640500
v 0.39692200 0.86821500 0.42798300
v 0.39404900 0.86353000 0.43810500
v 0.39381600 0.88088300 0.40828400
v 0.38760500 0.87418100 0.43642300
v 0.38773900 0.86890700 0.44310000
v 0.38142600 0.87182400 0.44677500
v 0.36530400 0.86208400 0.44378900
v 0.38317000 0.85275500 0.43788600
v 0.37007500 0.85268100 0.43920400
v 0.35227500 0.85490900 0.43984800
v 0.35056000 0.84455000 0.43716000
v 0.36195100 0.84034400 0.43900300
v 0.36706800 0.87038300 0.45076700
v 0.34481800 0.85530600 0.44073500
v 0.35377200 0.86657200 0.45380600
v 0.32417500 0.85534600 0.45962100
v 0.32880800 0.84010800 0.43544400
v 0.32223500 0.84726100 0.44140000
v 0.31474000 0.84279100 0.44161900
v 0.30782100 0.83633000 0.44259100
v 0.30609200 0.84991300 0.46350500
v 0.29857900 0.84065600 0.46042700
v 0.29311500 0.83400700 0.46209500
v 0.28973900 0.84117800 0.46755100
v 0.30391900 0.82719600 0.44376700
v 0.28594100 0.82437800 0.46825200
v 0.28055200 0.82621900 0.47277600
v 0.27021900 0.81663200 0.47956400
v 0.28046700 0.81805700 0.47234200
v 0.27549700 0.81197000 0.47820700
v 0.28942000 0.77855800 0.46959700
v 0.28673000 0.75932800 0.47157600
v 0.28351500 0.78280400 0.47907400
v 0.28464600 0.79479000 0.47473600
v 0.27429800 0.75078500 0.48032400
v 0.27951400 0.75936000 0.47990700
v 0.27683600 0.78454200 0.49964300
v 0.27818000 0.77642500 0.49660900
v 0.27238300 0.75060600 0.49032300
v 0.27009100 0.75171100 0.48521300
v 0.27060900 0.75009400 0.48080400
v 0.26963300 0.74808600 0.47771200
v 0.26587300 0.75491500 0.48337300
v 0.25997400 0.75491500 0.48337300
v 0.26575700 0.75112600 0.47974000
v 0.26292300 0.90344400 0.43878800
v 0.26292300 0.91562000 0.42330200
v 0.27832300 0.90801300 0.42817800
v 0.28096200 0.89244600 0.44429200
v 0.26292300 0.92775100 0.40034800
v 0.31492700 0.90437900 0.41425400
v 0.32941800 0.86682600 0.45022400
v 0.31425200 0.88793800 0.43442800
v 0.33983400 0.87918500 0.43657300
v 0.34777300 0.87151600 0.44637400
v 0.36122500 0.88085300 0.43284100
v 0.35401800 0.89644400 0.41490700
v 0.36848000 0.89420400 0.41237500
v 0.37291300 0.87907400 0.43476800
v 0.26292300 0.88693800 0.45447400
v 0.27934000 0.87965900 0.45617000
v 0.29052800 0.85053100 0.46617800
v 0.26292300 0.87308200 0.46140200
v 0.27945700 0.83898100 0.46958700
v 0.26292300 0.85222700 0.46789300
v 0.26531300 0.81769600 0.47958200
v 0.26818500 0.80629700 0.49173200
v 0.27302600 0.80306300 0.49039500
v 0.27202200 0.79242500 0.50102900
v 0.26888300 0.78201000 0.50838100
v 0.26495600 0.77408000 0.51210300
v 0.26694900 0.76579600 0.51377800
v 0.27143000 0.76223300 0.51005600
v 0.27283900 0.75313000 0.50126000
v 0.26985300 0.74609000 0.49966400
v 0.26816000 0.75178900 0.49082800
v 0.26728200 0.74835200 0.49848900
v 0.26470700 0.75114400 0.49924700
v 0.26562600 0.75546700 0.48964800
v 0.25865900 0.78476000 0.50813800
v 0.26564800 0.75320300 0.51458800
v 0.26484100 0.74047900 0.51351100
v 0.26461700 0.74478700 0.50264600
v 0.40959300 0.86724600 0.35497000
v 0.41071400 0.88515900 0.34212700
v 0.40236500 0.88937700 0.36533700
v 0.41034500 0.90641800 0.33891500
v 0.39714400 0.80628900 0.28832700
v 0.39880100 0.83088400 0.30037000
v 0.37378200 0.81973000 0.26174100
v 0.38693700 0.81465000 0.27576100
v 0.37761900 0.84739400 0.27430600
v 0.40550300 0.82673500 0.31235400
v 0.38384400 0.86553000 0.28764900
v 0.36073100 0.82375900 0.25363800
v 0.36545800 0.85345700 0.26604600
v 0.35248300 0.85885000 0.25934500
v 0.34759300 0.82927300 0.24699300
v 0.37201800 0.87197800 0.27886900
v 0.37782300 0.89203900 0.29488400
v 0.36529100 0.89988500 0.28898300
v 0.35976400 0.88020800 0.27276600
v 0.33401200 0.83264800 0.24281700
v 0.33852400 0.86347100 0.25423800
v 0.32372400 0.86738500 0.25087800
v 0.34545200 0.88522400 0.26744400
v 0.35078000 0.90726300 0.28413100
v 0.33498700 0.91300900 0.28096800
v 0.33004900 0.89173600 0.26378000
v 0.34310000 0.93433200 0.31796400
v 0.33952700 0.92504100 0.29856300
v 0.35575700 0.91910600 0.30194000
v 0.37148000 0.90855300 0.30326200
v 0.37591100 0.91533500 0.31910500
v 0.36040700 0.92605100 0.31792400
v 0.38620400 0.90230700 0.31610700
v 0.34616500 0.93842500 0.33531700
v 0.36400000 0.93094900 0.33548200
v 0.31413000 0.92938200 0.29916700
v 0.31804900 0.93859600 0.31879400
v 0.29233600 0.93914800 0.32113000
v 0.31211800 0.91537600 0.27761200
v 0.29069800 0.92999900 0.29713000
v 0.32048000 0.94124900 0.33698800
v 0.26292300 0.93619700 0.32259900
v 0.28714900 0.91555900 0.27532300
v 0.26292300 0.92785400 0.29728900
v 0.26292300 0.91388800 0.27509000
v 0.29287300 0.94298100 0.34393100
v 0.26292300 0.94090700 0.35009400
v 0.26292300 0.89301400 0.25868200
v 0.25205800 0.87148400 0.24671600
v 0.29464200 0.87062700 0.24752500
v 0.28687300 0.89534300 0.25923700
v 0.28338000 0.84184400 0.23636100
v 0.30718600 0.89376800 0.26044400
v 0.31532400 0.83697700 0.23836000
v 0.33948600 0.06476440 0.35522300
v 0.34083100 0.05881750 0.35773800
v 0.33211700 0.07213210 0.33873800
v 0.33829300 0.07274360 0.34918900
v 0.34281200 0.07244480 0.35753300
v 0.34814000 0.07195850 0.36154000
v 0.35907600 0.07209020 0.36503200
v 0.32563100 0.05490000 0.32141700
v 0.32423800 0.06044030 0.32658700
v 0.32977600 0.06477010 0.32303000
v 0.33011200 0.06910990 0.33040300
v 0.33657400 0.05902620 0.30537700
v 0.37588100 0.05810500 0.35505700
v 0.36680500 0.07550560 0.35814900
v 0.37430700 0.07228580 0.35541600
v 0.37796700 0.07237590 0.34631800
v 0.38278500 0.07137630 0.33486400
v 0.29378600 0.02796510 0.39420000
v 0.29773500 0.03718050 0.38802700
v 0.30291100 0.04670230 0.38267200
v 0.30077600 0.05009580 0.38649800
v 0.29503300 0.03945900 0.39186600
v 0.30371400 0.06066880 0.38221500
v 0.29726400 0.05217800 0.38810200
v 0.30103300 0.06250930 0.38106600
v 0.29973500 0.06195890 0.37828300
v 0.29567200 0.04863790 0.38245200
v 0.29957700 0.05848770 0.37155200
v 0.29682700 0.04224810 0.38201500
v 0.30168700 0.05373760 0.36707200
v 0.29967500 0.04544970 0.37787500
v 0.30426600 0.05053360 0.36844200
v 0.30710100 0.04968640 0.37135400
v 0.30206200 0.04499760 0.38005900
v 0.30919000 0.05152770 0.37479800
v 0.36241100 0.02560240 0.43719100
v 0.36658900 0.05000310 0.41676800
v 0.36633800 0.05588820 0.41457700
v 0.36217100 0.03795910 0.43216100
v 0.36400800 0.04885850 0.42526500
v 0.36272500 0.05922220 0.41686800
v 0.36162700 0.05003760 0.42568400
v 0.35966400 0.05877090 0.41658900
v 0.35870500 0.04504470 0.42499900
v 0.35688300 0.05611440 0.41531500
v 0.35649200 0.04716030 0.41273700
v 0.35919700 0.04046870 0.42173500
v 0.35895200 0.04438910 0.41160400
v 0.36217000 0.03927040 0.42104300
v 0.36204800 0.04374030 0.41124300
v 0.36280600 0.03171560 0.43119200
v 0.36453800 0.04125780 0.42169500
v 0.36582000 0.04694840 0.41194900
v 0.38851600 0.05873810 0.32133600
v 0.38730700 0.05307130 0.31789600
v 0.38548400 0.06464670 0.32303100
v 0.38362000 0.06821710 0.32653300
v 0.38033600 0.06181070 0.31499000
v 0.37409600 0.05800960 0.30271600
v 0.42386800 0.03680410 0.38121800
v 0.41814500 0.04738440 0.37709900
v 0.40551100 0.05440840 0.36723900
v 0.39354800 0.06048690 0.35801000
v 0.41503800 0.05793200 0.37347000
v 0.42172400 0.04920920 0.37817600
v 0.41758400 0.05968390 0.37195400
v 0.42203000 0.04755990 0.37084100
v 0.42263600 0.04956910 0.37541100
v 0.41833700 0.05880440 0.36873700
v 0.41764000 0.05570420 0.36246600
v 0.42138200 0.03912600 0.37209000
v 0.41569800 0.05091300 0.35867500
v 0.41724900 0.04241710 0.36935700
v 0.41289800 0.04794550 0.35982400
v 0.42500400 0.02500000 0.38312600
v 0.42085300 0.03426930 0.37790500
v 0.41030000 0.04718650 0.36329600
v 0.41541800 0.04353020 0.37314600
v 0.40863300 0.04918220 0.36705400
v 0.33954300 0.05788080 0.29477100
v 0.35407400 0.06933130 0.27481200
v 0.34919600 0.06956270 0.27998400
v 0.36429900 0.06789390 0.28869700
v 0.36977500 0.05719290 0.29251500
v 0.35842800 0.06655980 0.27002600
v 0.35737300 0.05242970 0.23539600
v 0.35334500 0.04595810 0.22430700
v 0.35643800 0.05577080 0.23424700
v 0.35159900 0.05186430 0.22602000
v 0.35385500 0.05930700 0.23352000
v 0.35082800 0.06007240 0.23332800
v 0.34827700 0.04935430 0.22603700
v 0.34661000 0.05633310 0.23524300
v 0.34969000 0.03016180 0.21596900
v 0.34552700 0.05266760 0.23626500
v 0.34811200 0.04227140 0.22672900
v 0.34791500 0.04652310 0.23532700
v 0.35135900 0.04148900 0.22783700
v 0.35216000 0.04483660 0.23486700
v 0.35269500 0.03974170 0.22397900
v 0.35581300 0.04746990 0.23484600
v 0.35590900 0.08892260 0.30133500
v 0.35722200 0.08717300 0.30122700
v 0.36181600 0.08690240 0.31136600
v 0.36285700 0.09196500 0.31412100
v 0.37496700 0.09445060 0.32432500
v 0.37364100 0.09699220 0.33062600
v 0.37044900 0.09583950 0.33741400
v 0.36508700 0.09593080 0.34291700
v 0.35850600 0.10085100 0.34420700
v 0.35249300 0.10058600 0.34251800
v 0.34732600 0.09913860 0.33816600
v 0.34106000 0.09288860 0.32638000
v 0.34915100 0.09505760 0.31706600
v 0.35091800 0.08919180 0.31297600
v 0.35502500 0.09493850 0.30612000
v 0.34768300 0.07864440 0.30867400
v 0.33836700 0.06492610 0.30456900
v 0.35226800 0.07952180 0.29511100
v 0.35488700 0.07792600 0.29062300
v 0.34543900 0.06651430 0.28333900
v 0.35862000 0.07624270 0.29057200
v 0.36373600 0.07837580 0.30775600
v 0.37240200 0.06387790 0.30223700
v 0.37622300 0.07301020 0.31592000
v 0.37153300 0.08416590 0.31754200
v 0.37820400 0.07530030 0.32206200
v 0.37867200 0.07809840 0.32849200
v 0.37498000 0.08411970 0.32031800
v 0.37650600 0.07990910 0.33723600
v 0.37162100 0.08436650 0.34238200
v 0.36559100 0.08511040 0.34842600
v 0.35883100 0.07975250 0.35601400
v 0.35875000 0.09164690 0.34703000
v 0.35106400 0.08053530 0.35357700
v 0.34470500 0.08035630 0.34815300
v 0.35198800 0.09184040 0.34499200
v 0.34618300 0.09045390 0.34053600
v 0.33932800 0.07945610 0.34008200
v 0.33653300 0.07890910 0.33127100
v 0.34181200 0.08934400 0.33385800
v 0.33587900 0.07625380 0.32474400
v 0.34011100 0.08542800 0.32258000
v 0.33980300 0.07854420 0.31851200
v 0.32530000 0.06978910 0.34762100
v 0.32806300 0.06943670 0.35170300
v 0.32930500 0.06644570 0.35532300
v 0.31031400 0.06572110 0.37263100
v 0.30810600 0.06647170 0.37065900
v 0.33181700 0.06322160 0.35697100
v 0.32352000 0.06194060 0.36327900
v 0.33298400 0.05853420 0.35771300
v 0.32476100 0.05846790 0.36259700
v 0.31216600 0.05663300 0.37487500
v 0.30616700 0.06470370 0.36483800
v 0.30611600 0.05956410 0.35768700
v 0.30987500 0.05567110 0.34987200
v 0.30790900 0.05260030 0.35712000
v 0.32347300 0.04391350 0.33151000
v 0.31185100 0.04920380 0.36208800
v 0.32147300 0.04268870 0.34173700
v 0.32774400 0.04051650 0.33204200
v 0.32409200 0.04134370 0.34592000
v 0.33068800 0.03896010 0.33673600
v 0.34163900 0.04017390 0.32039900
v 0.33619400 0.04153200 0.31889700
v 0.33180400 0.04496280 0.31845000
v 0.32515800 0.04859540 0.32391500
v 0.35482300 0.04466650 0.30035800
v 0.34400200 0.04888390 0.30151100
v 0.33955800 0.05327420 0.30354900
v 0.34939100 0.04604100 0.30006800
v 0.35300800 0.03977450 0.26913200
v 0.34095000 0.05270390 0.29554700
v 0.34800900 0.04103350 0.27144900
v 0.34165800 0.04876980 0.28045200
v 0.35242700 0.04103030 0.25804000
v 0.34429200 0.04379460 0.27334300
v 0.35016600 0.04538730 0.24262400
v 0.34562700 0.04900410 0.24663100
v 0.34594900 0.05982860 0.24584400
v 0.34945000 0.06378360 0.24343500
v 0.35370300 0.06405510 0.24276800
v 0.34933400 0.06599470 0.26511000
v 0.35841600 0.05947820 0.24478000
v 0.36616000 0.05300200 0.27803100
v 0.36197000 0.06039540 0.26493100
v 0.35810200 0.04879200 0.24559200
v 0.36206600 0.04346150 0.27207300
v 0.35454400 0.04566210 0.24268500
v 0.35817200 0.04086560 0.27068800
v 0.36562900 0.04826030 0.27890700
v 0.36607500 0.04849900 0.29976300
v 0.36830700 0.05200080 0.29348100
v 0.36021800 0.04575340 0.29923300
v 0.37048700 0.03963350 0.31925300
v 0.37066700 0.05236710 0.30124400
v 0.37742200 0.04252460 0.31574000
v 0.38261800 0.03841260 0.33346300
v 0.38505500 0.03968420 0.32823500
v 0.38722800 0.04725880 0.31958800
v 0.39027100 0.04036330 0.34142200
v 0.39244600 0.04146270 0.33676800
v 0.38937200 0.04271000 0.32684000
v 0.40452900 0.04709490 0.35510100
v 0.40808500 0.05020870 0.34944300
v 0.40887100 0.05550450 0.34764900
v 0.41101100 0.06232610 0.35684100
v 0.40958900 0.06416340 0.36288200
v 0.39007700 0.06876670 0.34265700
v 0.40627300 0.06236500 0.36525700
v 0.38780800 0.06851050 0.34713900
v 0.38691100 0.06555150 0.35100200
v 0.39229300 0.05494410 0.35704800
v 0.38412000 0.06003350 0.35344500
v 0.40157000 0.05053440 0.36115500
v 0.39011800 0.04774310 0.35242200
v 0.38408700 0.05196950 0.35283200
v 0.37759700 0.04457680 0.34765700
v 0.40223800 0.04761520 0.35698400
v 0.38387500 0.04097690 0.34332200
v 0.37276300 0.04219780 0.34285500
v 0.37359400 0.04590340 0.35140200
v 0.37585100 0.05120100 0.35323400
v 0.36897400 0.04248300 0.34954400
v 0.35529800 0.04207770 0.33226900
v 0.36634900 0.04167280 0.33680500
v 0.35804100 0.03880700 0.36109700
v 0.35898700 0.04011840 0.37784800
v 0.36503100 0.04061720 0.36481400
v 0.36758900 0.04673880 0.37648700
v 0.36040500 0.04422580 0.40126100
v 0.36970900 0.05145270 0.36568700
v 0.36380200 0.04525830 0.39963900
v 0.36811100 0.06090040 0.38059300
v 0.36717600 0.06100790 0.39981600
v 0.36727300 0.06599270 0.37083300
v 0.36996600 0.06157970 0.36480600
v 0.36269200 0.06401400 0.40395400
v 0.36408900 0.06788730 0.37408200
v 0.35748500 0.06814450 0.37540000
v 0.35706600 0.06332490 0.40346500
v 0.35137400 0.06615140 0.37212100
v 0.35230500 0.05977140 0.39063700
v 0.34773800 0.06183470 0.36660200
v 0.35524500 0.05204400 0.41188500
v 0.35061900 0.04720450 0.37782000
v 0.34756300 0.05193150 0.36746500
v 0.34192100 0.04639930 0.35376300
v 0.35690800 0.04543350 0.40019000
v 0.35159200 0.04098590 0.36588900
v 0.34608600 0.04290820 0.35125000
v 0.34006700 0.05176500 0.35585000
v 0.34165000 0.04249360 0.34495600
v 0.33755200 0.04502140 0.35037300
v 0.34758000 0.04187980 0.33839400
v 0.33067900 0.04160800 0.34684400
v 0.32356800 0.05122470 0.36039500
v 0.33201700 0.05290970 0.35667700
v 0.31438000 0.04959820 0.36358200
v 0.31574000 0.05270070 0.36786100
v 0.18636000 0.06476440 0.35522300
v 0.18755400 0.07274360 0.34918900
v 0.18303400 0.07244480 0.35753300
v 0.17770600 0.07195850 0.36154000
v 0.20160900 0.06044030 0.32658700
v 0.19607100 0.06477010 0.32303000
v 0.19573500 0.06910990 0.33040300
v 0.20021500 0.05490000 0.32141700
v 0.15154000 0.07228580 0.35541600
v 0.14788000 0.07237590 0.34631800
v 0.14996600 0.05810500 0.35505700
v 0.23206100 0.02796510 0.39420000
v 0.23081400 0.03945900 0.39186600
v 0.22811200 0.03718050 0.38802700
v 0.22293600 0.04670230 0.38267200
v 0.22507100 0.05009580 0.38649800
v 0.21368100 0.05663300 0.37487500
v 0.20232700 0.06194060 0.36327900
v 0.22213200 0.06066880 0.38221500
v 0.22858300 0.05217800 0.38810200
v 0.22481400 0.06250930 0.38106600
v 0.23017500 0.04863790 0.38245200
v 0.22611200 0.06195890 0.37828300
v 0.22627000 0.05848770 0.37155200
v 0.22901900 0.04224810 0.38201500
v 0.22415900 0.05373760 0.36707200
v 0.22617100 0.04544970 0.37787500
v 0.22158100 0.05053360 0.36844200
v 0.22378500 0.04499760 0.38005900
v 0.21874600 0.04968640 0.37135400
v 0.21665700 0.05152770 0.37479800
v 0.15925800 0.05000310 0.41676800
v 0.16343600 0.02560240 0.43719100
v 0.16367600 0.03795910 0.43216100
v 0.16183900 0.04885850 0.42526500
v 0.15950900 0.05588820 0.41457700
v 0.16312200 0.05922220 0.41686800
v 0.16422000 0.05003760 0.42568400
v 0.16618300 0.05877090 0.41658900
v 0.16714200 0.04504470 0.42499900
v 0.16896400 0.05611440 0.41531500
v 0.17060200 0.05204400 0.41188500
v 0.16665000 0.04046870 0.42173500
v 0.16935500 0.04716030 0.41273700
v 0.16304100 0.03171560 0.43119200
v 0.16689500 0.04438910 0.41160400
v 0.16367700 0.03927040 0.42104300
v 0.16379900 0.04374030 0.41124300
v 0.16130900 0.04125780 0.42169500
v 0.16002700 0.04694840 0.41194900
v 0.13733100 0.05873810 0.32133600
v 0.13854000 0.05307130 0.31789600
v 0.14036200 0.06464670 0.32303100
v 0.14551100 0.06181070 0.31499000
v 0.14222600 0.06821710 0.32653300
v 0.10499400 0.03426930 0.37790500
v 0.10197800 0.03680410 0.38121800
v 0.10084300 0.02500000 0.38312600
v 0.11042900 0.04353020 0.37314600
v 0.10770200 0.04738440 0.37709900
v 0.12033600 0.05440840 0.36723900
v 0.13229900 0.06048690 0.35801000
v 0.11080900 0.05793200 0.37347000
v 0.10412300 0.04920920 0.37817600
v 0.10826200 0.05968390 0.37195400
v 0.10381700 0.04755990 0.37084100
v 0.10321100 0.04956910 0.37541100
v 0.10751000 0.05880440 0.36873700
v 0.10820700 0.05570420 0.36246600
v 0.10446500 0.03912600 0.37209000
v 0.11014900 0.05091300 0.35867500
v 0.10859700 0.04241710 0.36935700
v 0.11294900 0.04794550 0.35982400
v 0.11554600 0.04718650 0.36329600
v 0.11721400 0.04918220 0.36705400
v 0.15220600 0.09699220 0.33062600
v 0.15539800 0.09583950 0.33741400
v 0.15553600 0.11479600 0.33797500
v 0.15039200 0.11226600 0.32846700
v 0.15088000 0.09445060 0.32432500
v 0.16076000 0.09593080 0.34291700
v 0.16151700 0.11615500 0.34366100
v 0.16709700 0.09164690 0.34703000
v 0.16734100 0.10085100 0.34420700
v 0.16654900 0.11652800 0.34585300
v 0.17385800 0.09184040 0.34499200
v 0.17335300 0.10058600 0.34251800
v 0.17966400 0.09045390 0.34053600
v 0.17852100 0.09913860 0.33816600
v 0.17959000 0.11475000 0.34184400
v 0.18403400 0.08934400 0.33385800
v 0.18478700 0.09288860 0.32638000
v 0.18395700 0.11294600 0.33503900
v 0.14764300 0.07530030 0.32206200
v 0.14306200 0.07137630 0.33486400
v 0.14717500 0.07809840 0.32849200
v 0.15086700 0.08411970 0.32031800
v 0.14934100 0.07990910 0.33723600
v 0.15422600 0.08436650 0.34238200
v 0.15904200 0.07550560 0.35814900
v 0.16025600 0.08511040 0.34842600
v 0.16677100 0.07209020 0.36503200
v 0.16701600 0.07975250 0.35601400
v 0.17478300 0.08053530 0.35357700
v 0.18114200 0.08035630 0.34815300
v 0.18651900 0.07945610 0.34008200
v 0.19372900 0.07213210 0.33873800
v 0.18931400 0.07890910 0.33127100
v 0.18996800 0.07625380 0.32474400
v 0.18604400 0.07854420 0.31851200
v 0.18573600 0.08542800 0.32258000
v 0.20054700 0.06978910 0.34762100
v 0.19778400 0.06943670 0.35170300
v 0.21774100 0.06647170 0.37065900
v 0.19654100 0.06644570 0.35532300
v 0.21553200 0.06572110 0.37263100
v 0.19403000 0.06322160 0.35697100
v 0.18501600 0.05881750 0.35773800
v 0.19286300 0.05853420 0.35771300
v 0.20108500 0.05846790 0.36259700
v 0.21968000 0.06470370 0.36483800
v 0.21973000 0.05956410 0.35768700
v 0.21597200 0.05567110 0.34987200
v 0.21793800 0.05260030 0.35712000
v 0.20068800 0.04859540 0.32391500
v 0.20237400 0.04391350 0.33151000
v 0.21399600 0.04920380 0.36208800
v 0.20437400 0.04268870 0.34173700
v 0.19810300 0.04051650 0.33204200
v 0.20175500 0.04134370 0.34592000
v 0.19515900 0.03896010 0.33673600
v 0.18420800 0.04017390 0.32039900
v 0.18965300 0.04153200 0.31889700
v 0.19404300 0.04496280 0.31845000
v 0.15536000 0.03963350 0.31925300
v 0.14322900 0.03841260 0.33346300
v 0.14079100 0.03968420 0.32823500
v 0.14842500 0.04252460 0.31574000
v 0.13647500 0.04271000 0.32684000
v 0.13861900 0.04725880 0.31958800
v 0.13557600 0.04036330 0.34142200
v 0.13340100 0.04146270 0.33676800
v 0.12131800 0.04709490 0.35510100
v 0.11776200 0.05020870 0.34944300
v 0.11697600 0.05550450 0.34764900
v 0.11483500 0.06232610 0.35684100
v 0.11625700 0.06416340 0.36288200
v 0.13577000 0.06876670 0.34265700
v 0.11957400 0.06236500 0.36525700
v 0.13803900 0.06851050 0.34713900
v 0.13893600 0.06555150 0.35100200
v 0.13355300 0.05494410 0.35704800
v 0.14172600 0.06003350 0.35344500
v 0.12427700 0.05053440 0.36115500
v 0.13572900 0.04774310 0.35242200
v 0.14175900 0.05196950 0.35283200
v 0.14999600 0.05120100 0.35323400
v 0.14825000 0.04457680 0.34765700
v 0.12360900 0.04761520 0.35698400
v 0.14197100 0.04097690 0.34332200
v 0.15949800 0.04167280 0.33680500
v 0.15308400 0.04219780 0.34285500
v 0.15225300 0.04590340 0.35140200
v 0.15687300 0.04248300 0.34954400
v 0.17102400 0.04466650 0.30035800
v 0.17054900 0.04207770 0.33226900
v 0.16081600 0.04061720 0.36481400
v 0.16780600 0.03880700 0.36109700
v 0.16685900 0.04011840 0.37784800
v 0.15825800 0.04673880 0.37648700
v 0.16544200 0.04422580 0.40126100
v 0.16204500 0.04525830 0.39963900
v 0.15613800 0.05145270 0.36568700
v 0.15588100 0.06157970 0.36480600
v 0.15773600 0.06090040 0.38059300
v 0.15867100 0.06100790 0.39981600
v 0.15857400 0.06599270 0.37083300
v 0.16315500 0.06401400 0.40395400
v 0.16175700 0.06788730 0.37408200
v 0.16836100 0.06814450 0.37540000
v 0.16878100 0.06332490 0.40346500
v 0.17447300 0.06615140 0.37212100
v 0.17354100 0.05977140 0.39063700
v 0.17810900 0.06183470 0.36660200
v 0.17522800 0.04720450 0.37782000
v 0.17828400 0.05193150 0.36746500
v 0.18578000 0.05176500 0.35585000
v 0.18392600 0.04639930 0.35376300
v 0.16893900 0.04543350 0.40019000
v 0.17425500 0.04098590 0.36588900
v 0.17826700 0.04187980 0.33839400
v 0.17976100 0.04290820 0.35125000
v 0.18419700 0.04249360 0.34495600
v 0.18829400 0.04502140 0.35037300
v 0.19516800 0.04160800 0.34684400
v 0.20227900 0.05122470 0.36039500
v 0.21146700 0.04959820 0.36358200
v 0.19383000 0.05290970 0.35667700
v 0.21010700 0.05270070 0.36786100
v 0.18927300 0.05902620 0.30537700
v 0.15175100 0.05800960 0.30271600
v 0.18630400 0.05788080 0.29477100
v 0.18040800 0.06651430 0.28333900
v 0.15607100 0.05719290 0.29251500
v 0.15968600 0.05300200 0.27803100
v 0.16154700 0.06789390 0.28869700
v 0.17315200 0.03974170 0.22397900
v 0.17250200 0.04595810 0.22430700
v 0.17615700 0.03016180 0.21596900
v 0.16847400 0.05242970 0.23539600
v 0.16940900 0.05577080 0.23424700
v 0.17424800 0.05186430 0.22602000
v 0.17199200 0.05930700 0.23352000
v 0.17501900 0.06007240 0.23332800
v 0.17757000 0.04935430 0.22603700
v 0.17923700 0.05633310 0.23524300
v 0.17773500 0.04227140 0.22672900
v 0.18032000 0.05266760 0.23626500
v 0.17793100 0.04652310 0.23532700
v 0.17448800 0.04148900 0.22783700
v 0.17368700 0.04483660 0.23486700
v 0.16889000 0.04813100 0.24021900
v 0.16173200 0.10795200 0.31101000
v 0.16403100 0.08690240 0.31136600
v 0.16299000 0.09196500 0.31412100
v 0.16633500 0.10676800 0.30012300
v 0.17125300 0.10668000 0.29995800
v 0.16993800 0.08892260 0.30133500
v 0.16862500 0.08717300 0.30122700
v 0.15431400 0.08416590 0.31754200
v 0.15248300 0.10977100 0.31910200
v 0.18204200 0.10924700 0.31996800
v 0.17669600 0.09505760 0.31706600
v 0.17492900 0.08919180 0.31297600
v 0.17623900 0.10774200 0.31160100
v 0.17082200 0.09493850 0.30612000
v 0.17816400 0.07864440 0.30867400
v 0.17357900 0.07952180 0.29511100
v 0.18748000 0.06492610 0.30456900
v 0.17096000 0.07792600 0.29062300
v 0.17665100 0.06956270 0.27998400
v 0.17177200 0.06933130 0.27481200
v 0.16741800 0.06655980 0.27002600
v 0.16722600 0.07624270 0.29057200
v 0.15344400 0.06387790 0.30223700
v 0.16211100 0.07837580 0.30775600
v 0.14962400 0.07301020 0.31592000
v 0.18628800 0.05327420 0.30354900
v 0.17645600 0.04604100 0.30006800
v 0.18184500 0.04888390 0.30151100
v 0.17283900 0.03977450 0.26913200
v 0.17783700 0.04103350 0.27144900
v 0.18489600 0.05270390 0.29554700
v 0.18155500 0.04379460 0.27334300
v 0.18418900 0.04876980 0.28045200
v 0.17342000 0.04103030 0.25804000
v 0.17568100 0.04538730 0.24262400
v 0.18022000 0.04900410 0.24663100
v 0.17989700 0.05982860 0.24584400
v 0.17639600 0.06378360 0.24343500
v 0.17214400 0.06405510 0.24276800
v 0.17651300 0.06599470 0.26511000
v 0.16743000 0.05947820 0.24478000
v 0.16387700 0.06039540 0.26493100
v 0.16021800 0.04826030 0.27890700
v 0.16378100 0.04346150 0.27207300
v 0.17130300 0.04566210 0.24268500
v 0.16767500 0.04086560 0.27068800
v 0.15977200 0.04849900 0.29976300
v 0.15754000 0.05200080 0.29348100
v 0.16562900 0.04575340 0.29923300
v 0.15518000 0.05236710 0.30124400
v 0.17418700 0.20342500 0.22740400
v 0.15600100 0.21474900 0.20467700
v 0.17092700 0.21397900 0.23006300
v 0.19265500 0.19136000 0.26235200
v 0.19330200 0.20693300 0.25541400
v 0.20255500 0.19103600 0.29298200
v 0.18954400 0.17638000 0.26938200
v 0.19410800 0.16252200 0.30271400
v 0.21039000 0.20606600 0.28240500
v 0.20617400 0.20116600 0.28981200
v 0.11952800 0.24873000 0.31215300
v 0.10889100 0.29421900 0.29548700
v 0.11431600 0.25228000 0.27734700
v 0.11760500 0.29111800 0.32212700
v 0.10945100 0.32709500 0.32858000
v 0.12643600 0.28384400 0.34749200
v 0.12630900 0.24207500 0.33822900
v 0.14122700 0.23924200 0.36431800
v 0.14506200 0.28656300 0.37425800
v 0.14212900 0.31676400 0.37205800
v 0.12546700 0.31927200 0.35134100
v 0.12153300 0.35487300 0.35811100
v 0.14724600 0.34977300 0.37947600
v 0.15942800 0.22702500 0.37990800
v 0.16534700 0.28146100 0.39210900
v 0.17463300 0.19672200 0.37618800
v 0.18064400 0.27534300 0.39676000
v 0.18202900 0.31071700 0.39889500
v 0.16194300 0.31143300 0.38865400
v 0.16923100 0.34829300 0.39600600
v 0.18813700 0.34498600 0.40261600
v 0.18487900 0.17979400 0.36590100
v 0.19116800 0.23846400 0.38165000
v 0.19248700 0.18092800 0.35238400
v 0.19884200 0.21821500 0.36048000
v 0.20527000 0.25533700 0.36348000
v 0.19670700 0.28840600 0.38844100
v 0.20160000 0.30293500 0.38412200
v 0.20439600 0.27837000 0.36415800
v 0.20966900 0.29523700 0.36645600
v 0.20601000 0.32755600 0.39158500
v 0.19692200 0.17005400 0.32840900
v 0.20213000 0.18499000 0.32470400
v 0.20735600 0.22036200 0.32902000
v 0.21109100 0.23400500 0.32252700
v 0.21370900 0.24996200 0.32887900
v 0.22375600 0.20142500 0.28805400
v 0.22359300 0.24924200 0.33187200
v 0.22235700 0.29400900 0.36800000
v 0.22016400 0.32775800 0.39194000
v 0.19084100 0.19940100 0.22405700
v 0.20753500 0.19518700 0.24866800
v 0.16879000 0.19145700 0.19025800
v 0.09288230 0.22904200 0.19413400
v 0.15378100 0.19555700 0.17429500
v 0.17416000 0.12636100 0.35370900
v 0.18054000 0.12021500 0.34591400
v 0.18533600 0.12301300 0.33856700
v 0.19082200 0.13854900 0.32553300
v 0.19042700 0.14102000 0.30870400
v 0.17711800 0.11901900 0.28790600
v 0.17709000 0.15890900 0.25688200
v 0.18567700 0.13453000 0.29170500
v 0.17077600 0.11734200 0.28413700
v 0.15466500 0.17113700 0.24125100
v 0.16560400 0.17919700 0.23641700
v 0.14735100 0.20654600 0.20461300
v 0.15186000 0.13096600 0.28042500
v 0.13568600 0.16959200 0.26949800
v 0.14476900 0.13414700 0.28961400
v 0.13080100 0.21224200 0.22890700
v 0.12224700 0.21230900 0.25003300
v 0.09541730 0.25418400 0.23657000
v 0.10621100 0.23493600 0.22115200
v 0.14320900 0.12801100 0.31085300
v 0.14218800 0.13241800 0.32382100
v 0.13316100 0.16236300 0.29493500
v 0.12128100 0.20832900 0.28671500
v 0.12620400 0.20313500 0.31688000
v 0.14724300 0.13177500 0.33617600
v 0.15447300 0.14308400 0.34996600
v 0.14736200 0.19362800 0.35967100
v 0.16398300 0.13600500 0.35489600
v 0.16001100 0.18454600 0.36918400
v 0.23194800 0.67217100 0.23011500
v 0.24187300 0.64076900 0.21583100
v 0.14754000 0.68384400 0.23930600
v 0.19317300 0.63590400 0.22851200
v 0.15280200 0.64056700 0.22073900
v 0.19588100 0.67479800 0.24102600
v 0.09037240 0.64217200 0.25421600
v 0.08774170 0.68654800 0.30518600
v 0.11136800 0.68692700 0.26796600
v 0.06755560 0.64189000 0.28492300
v 0.05038040 0.64522300 0.30969000
v 0.08178230 0.69131000 0.35801600
v 0.08265750 0.69070700 0.33138800
v 0.04168610 0.64541600 0.34082200
v 0.04193020 0.63674100 0.35967600
v 0.08940240 0.69019700 0.38211900
v 0.04678920 0.63828700 0.37298900
v 0.10193300 0.66908800 0.41193500
v 0.05366800 0.63043600 0.38851500
v 0.06630700 0.61867600 0.40771000
v 0.09404930 0.67613700 0.39907100
v 0.11340700 0.68688300 0.39495200
v 0.12254400 0.68870900 0.40726500
v 0.13371000 0.65410000 0.42339300
v 0.09061070 0.60879600 0.40749000
v 0.10200400 0.60092300 0.42393400
v 0.12429200 0.65886400 0.41358500
v 0.13168100 0.71171600 0.41572100
v 0.14128400 0.69637300 0.42990300
v 0.16007400 0.64639200 0.44567100
v 0.13824800 0.59762300 0.43566800
v 0.15809100 0.58829000 0.45205100
v 0.14738100 0.64985800 0.43568100
v 0.15394800 0.70034300 0.43930700
v 0.16752200 0.71591400 0.44415200
v 0.20667000 0.64311000 0.46224200
v 0.18090200 0.58679600 0.46229600
v 0.20660500 0.58013600 0.47210400
v 0.18255500 0.64499100 0.45575800
v 0.18267100 0.70916600 0.45024400
v 0.21249000 0.70627800 0.45590600
v 0.23484200 0.57955200 0.47732700
v 0.23467600 0.64258500 0.46692100
v 0.23618200 0.70720600 0.45886100
v 0.24218200 0.73718000 0.46939900
v 0.21063400 0.73121600 0.45959000
v 0.25222000 0.70917600 0.22406100
v 0.21722700 0.71886700 0.22892200
v 0.18820100 0.71970600 0.23679700
v 0.18354900 0.69811100 0.24230300
v 0.16367000 0.69952800 0.25266300
v 0.15784800 0.71905100 0.25264600
v 0.12905500 0.71517600 0.27723400
v 0.12876400 0.69687100 0.28009500
v 0.10719800 0.69644500 0.30995600
v 0.11781600 0.71391400 0.29176000
v 0.10398400 0.69835100 0.32773300
v 0.10413100 0.69981300 0.34824700
v 0.11807200 0.72235900 0.38657400
v 0.10711800 0.70264500 0.36583100
v 0.11391300 0.70343300 0.38469200
v 0.12077900 0.70176600 0.39878700
v 0.13292100 0.71986900 0.41530600
v 0.14804900 0.71992400 0.43073200
v 0.15897500 0.74023900 0.43694500
v 0.19135700 0.73721500 0.45298600
v 0.24905000 0.32273600 0.11351000
v 0.25151400 0.29218900 0.10734700
v 0.22309200 0.29375900 0.11609100
v 0.24649000 0.25807700 0.10406400
v 0.23276400 0.23520400 0.07872110
v 0.20773800 0.26462100 0.09246280
v 0.18646700 0.29602700 0.10679200
v 0.25043200 0.24781900 0.10110500
v 0.25044500 0.21544100 0.09526630
v 0.20013600 0.14187400 0.05766790
v 0.23156700 0.17073900 0.07456040
v 0.21174200 0.12871300 0.05335450
v 0.24738200 0.16470800 0.07488380
v 0.20191800 0.07938110 0.03534700
v 0.13792900 0.08335980 0.02620830
v 0.16649500 0.07668550 0.02500000
v 0.23695500 0.08438840 0.04360280
v 0.24170900 0.14812000 0.11684300
v 0.23215500 0.16427100 0.14669500
v 0.24682600 0.16522800 0.15321000
v 0.24337000 0.60224800 0.19723900
v 0.19265700 0.59750600 0.21189300
v 0.15242100 0.60114300 0.20413500
v 0.09015430 0.60149600 0.23576000
v 0.05904890 0.60034100 0.27159300
v 0.04120000 0.60233200 0.29271400
v 0.02555160 0.60237700 0.32306200
v 0.02610510 0.59366300 0.34396500
v 0.03112690 0.58795100 0.35695600
v 0.03848380 0.57808600 0.37683200
v 0.05016610 0.56768900 0.39928800
v 0.08219880 0.55825900 0.40331300
v 0.09652320 0.54857700 0.42032700
v 0.11456500 0.53922000 0.43804900
v 0.15963400 0.53011700 0.45301600
v 0.18340200 0.52338900 0.46551700
v 0.20868100 0.51699800 0.47471600
v 0.23562000 0.51401200 0.48081300
v 0.24362400 0.48455600 0.15971000
v 0.24207200 0.56426300 0.18375800
v 0.20285400 0.39267500 0.14839500
v 0.19342400 0.53354900 0.19040900
v 0.15735600 0.43193600 0.15478200
v 0.15108600 0.51042100 0.17742100
v 0.15148800 0.56000300 0.19099600
v 0.12491600 0.46275900 0.19262200
v 0.07486980 0.45233100 0.22430900
v 0.06388800 0.51830800 0.24533300
v 0.11840100 0.51894400 0.20975700
v 0.09186380 0.55868200 0.22125500
v 0.04307300 0.56071900 0.27818400
v 0.05829490 0.45348400 0.24856700
v 0.04519600 0.45340400 0.27292000
v 0.03047210 0.51938900 0.29770900
v 0.04511860 0.51988500 0.26856000
v 0.02500000 0.55944800 0.30982800
v 0.03616250 0.47096900 0.30014000
v 0.04563050 0.42769200 0.28318500
v 0.04497380 0.41637300 0.30747000
v 0.02954160 0.51269300 0.31655200
v 0.03216250 0.50800200 0.33072600
v 0.02598810 0.55143200 0.32964500
v 0.02922210 0.54660600 0.34375000
v 0.04900150 0.41415900 0.33541700
v 0.03739260 0.50021500 0.35315200
v 0.08163110 0.41441700 0.34515900
v 0.05497950 0.44900100 0.36945800
v 0.04949950 0.49018900 0.38081900
v 0.03664060 0.53741200 0.36433800
v 0.04710860 0.52901000 0.38970600
v 0.09621250 0.45622400 0.37883100
v 0.11623900 0.40248100 0.37088600
v 0.14481500 0.40102400 0.39314000
v 0.13823500 0.45153700 0.40149200
v 0.10610800 0.48376500 0.41032300
v 0.08923970 0.48962000 0.39120800
v 0.08065200 0.52207900 0.39527200
v 0.09998330 0.51587900 0.41653100
v 0.17512100 0.39553400 0.41100100
v 0.16254000 0.43788900 0.41670800
v 0.20039600 0.39640900 0.42149200
v 0.18900600 0.43957900 0.43371200
v 0.17951700 0.47303900 0.44561800
v 0.15398600 0.47781000 0.42940100
v 0.14365600 0.50645500 0.43359800
v 0.16860200 0.50116500 0.45089200
v 0.21749900 0.39783600 0.42630500
v 0.21040100 0.43627800 0.44265300
v 0.22841000 0.43548000 0.44821500
v 0.22085200 0.46596100 0.46157900
v 0.19965700 0.46900900 0.45477200
v 0.19305500 0.49441700 0.46255300
v 0.21425000 0.49103200 0.46993800
v 0.24936200 0.39862000 0.43714100
v 0.24631800 0.43582900 0.45227000
v 0.24180700 0.46385000 0.46558200
v 0.24162500 0.48798300 0.47499700
v 0.24795600 0.37638200 0.12746900
v 0.20925100 0.33866900 0.13180700
v 0.17005000 0.35493200 0.12785000
v 0.16331100 0.27892800 0.12748400
v 0.14342300 0.33641300 0.15286300
v 0.11929800 0.26260700 0.14942400
v 0.10783400 0.30479800 0.16935300
v 0.09641350 0.34597400 0.18829600
v 0.09095730 0.29229500 0.18842300
v 0.10354000 0.24797400 0.16703400
v 0.07998790 0.28471300 0.21421600
v 0.06493900 0.33807100 0.24946600
v 0.08151800 0.34004400 0.21376400
v 0.07147860 0.37993000 0.23114800
v 0.07017120 0.28905700 0.23567300
v 0.06334840 0.28924300 0.25831000
v 0.05861240 0.33550400 0.27917900
v 0.05395180 0.38458200 0.26772500
v 0.05225140 0.37841400 0.29219100
v 0.10028900 0.33415300 0.30334100
v 0.08301840 0.37952500 0.31134500
v 0.10069800 0.36254900 0.33504900
v 0.24384900 0.19635400 0.29358600
v 0.23631700 0.24666500 0.33643300
v 0.23671700 0.29365000 0.37630200
v 0.23485700 0.32584300 0.39798200
v 0.24817300 0.32557400 0.40214000
v 0.24294300 0.10279400 0.05628500
v 0.22277900 0.09821110 0.05432670
v 0.24293000 0.09087650 0.04857690
v 0.24298100 0.08702140 0.04808280
v 0.21143600 0.08811050 0.04519200
v 0.17889800 0.12186100 0.08175670
v 0.20462500 0.14446700 0.11298000
v 0.18970700 0.10689400 0.06331460
v 0.22673900 0.17213500 0.17798400
v 0.20156200 0.15878800 0.14756000
v 0.22015800 0.17908800 0.21100800
v 0.19623200 0.16942600 0.17794000
v 0.17174700 0.15705600 0.14587000
v 0.17434900 0.13990200 0.11301000
v 0.15920600 0.12708200 0.08762960
v 0.15693500 0.14640000 0.11898800
v 0.14162900 0.13447200 0.09296080
v 0.13337900 0.10766700 0.05667990
v 0.14288100 0.18231800 0.15299400
v 0.17160200 0.18838100 0.08214360
v 0.16371800 0.15566800 0.09763140
v 0.14082400 0.20817900 0.13839500
v 0.15702900 0.22255800 0.11779200
v 0.16976400 0.14004800 0.07263390
v 0.19253400 0.16073100 0.07835400
v 0.18217600 0.25067000 0.11053800
v 0.20381300 0.21182700 0.08039760
v 0.22272700 0.19108900 0.09121290
v 0.24813000 0.17437000 0.22124300
v 0.24326200 0.18259500 0.25872500
v 0.12209900 0.93046900 0.32047800
v 0.13319500 0.92403100 0.33075400
v 0.12473500 0.91079900 0.32927500
v 0.14348000 0.91841600 0.34264100
v 0.13165200 0.90638800 0.33782100
v 0.12224300 0.89289500 0.33767100
v 0.11788900 0.92988200 0.32043300
v 0.11513300 0.89431700 0.34003200
v 0.11648200 0.91286800 0.32901900
v 0.11157100 0.93130100 0.32124200
v 0.15051900 0.93403700 0.33555500
v 0.17757200 0.93872300 0.35331500
v 0.15986100 0.93135400 0.34631400
v 0.13204800 0.95376800 0.33516100
v 0.17871200 0.91341000 0.40006300
v 0.17394700 0.93351100 0.36955300
v 0.17398700 0.92236000 0.38809700
v 0.14577400 0.94953000 0.34263600
v 0.15969300 0.94520300 0.34063100
v 0.12622700 0.96846200 0.31452700
v 0.10832800 0.97500000 0.30186700
v 0.16858500 0.93807400 0.35893300
v 0.14556800 0.89509700 0.40337900
v 0.16435300 0.91039600 0.39500100
v 0.13708400 0.91760000 0.35385700
v 0.15012600 0.92305900 0.36105300
v 0.12987400 0.89685300 0.37281100
v 0.12657200 0.91261200 0.34603600
v 0.11756100 0.91918400 0.33643900
v 0.21709500 0.81716000 0.43806300
v 0.21186500 0.80284900 0.44285000
v 0.22094700 0.80410300 0.44735700
v 0.22771800 0.80156100 0.45381800
v 0.20496000 0.82605300 0.43840900
v 0.20917200 0.78467500 0.44491100
v 0.21383200 0.75453100 0.45805000
v 0.22148000 0.77801200 0.45570500
v 0.14247800 0.84017200 0.43593900
v 0.13321500 0.85202400 0.43516200
v 0.12928900 0.83203300 0.42712000
v 0.12297500 0.83240200 0.42147400
v 0.12614400 0.85128600 0.43027400
v 0.14137000 0.82252100 0.43240500
v 0.15930000 0.83386200 0.43962800
v 0.12416000 0.80822600 0.41513900
v 0.12998200 0.81532300 0.42381400
v 0.25465700 0.75088400 0.50829100
v 0.25300800 0.75313000 0.50126000
v 0.25599400 0.74609000 0.49966400
v 0.25853300 0.73026700 0.50759200
v 0.24989100 0.74918900 0.47601200
v 0.21934700 0.74186800 0.46363300
v 0.11485300 0.81545000 0.33688700
v 0.11415900 0.77177200 0.33296800
v 0.11490100 0.76534600 0.35351500
v 0.11575100 0.77517900 0.30788800
v 0.11546100 0.82516600 0.36340900
v 0.11508700 0.85302000 0.34921400
v 0.14120000 0.92466400 0.34633400
v 0.12920700 0.94873700 0.33228700
v 0.11512600 0.95287300 0.31104100
v 0.12244600 0.94019900 0.31779800
v 0.11358100 0.96687700 0.30697800
v 0.23157300 0.94196900 0.36771900
v 0.20449000 0.94140400 0.36065600
v 0.20774300 0.93717300 0.37308200
v 0.24587600 0.93408000 0.38271200
v 0.20357200 0.92716200 0.39090200
v 0.13631800 0.93225500 0.32801600
v 0.11524800 0.86589700 0.34356100
v 0.11763300 0.85880400 0.33795700
v 0.11818800 0.87850600 0.34018200
v 0.13135000 0.85735000 0.30066600
v 0.13727400 0.88289300 0.30248700
v 0.12865900 0.89143000 0.32250400
v 0.21640200 0.80600800 0.23101900
v 0.22034500 0.76313600 0.22719500
v 0.18337300 0.79847400 0.23803300
v 0.19706400 0.80169200 0.23423600
v 0.18942100 0.75974700 0.23375100
v 0.15632000 0.79121600 0.25136400
v 0.16948700 0.79503400 0.24368100
v 0.16834800 0.75542300 0.24280400
v 0.15607800 0.75511600 0.25069400
v 0.13138000 0.78116700 0.27763700
v 0.14321600 0.78631200 0.26367800
v 0.12935100 0.74812000 0.27686600
v 0.12219500 0.77823400 0.29208400
v 0.11997100 0.74513600 0.29126600
v 0.11186100 0.74388600 0.30773900
v 0.12354500 0.74257200 0.39969200
v 0.11961200 0.79170000 0.37337600
v 0.12353800 0.79178600 0.40155900
v 0.12865400 0.78113900 0.41729600
v 0.12123000 0.82035900 0.40997900
v 0.13006200 0.75185000 0.41277900
v 0.14010800 0.75280200 0.42485600
v 0.13455600 0.76587800 0.42266100
v 0.14747200 0.74718700 0.43015600
v 0.17320600 0.75124900 0.44067100
v 0.19468200 0.77574200 0.44005900
v 0.18518700 0.80274600 0.43967700
v 0.18113200 0.77425600 0.43669200
v 0.19303900 0.80529700 0.44154100
v 0.16101300 0.76881400 0.43626100
v 0.17007000 0.77781000 0.43703800
v 0.16021300 0.75352900 0.43546800
v 0.16755600 0.81102700 0.44167200
v 0.14871600 0.76266300 0.43237000
v 0.14868400 0.78195700 0.43341500
v 0.15724800 0.78547800 0.43586000
v 0.13627600 0.78632700 0.42642900
v 0.14332500 0.80164500 0.43240500
v 0.16085200 0.82213800 0.44117200
v 0.11998400 0.83096700 0.39452600
v 0.11678300 0.85292500 0.37491100
v 0.12163000 0.85791700 0.40423200
v 0.12153100 0.85229200 0.41678500
v 0.11625300 0.86724600 0.35497000
v 0.12270200 0.87244300 0.38640500
v 0.12892500 0.86821500 0.42798300
v 0.13179800 0.86353000 0.43810500
v 0.12348200 0.88937700 0.36533700
v 0.13203100 0.88088300 0.40828400
v 0.13824200 0.87418100 0.43642300
v 0.13810800 0.86890700 0.44310000
v 0.14442000 0.87182400 0.44677500
v 0.14267700 0.85275500 0.43788600
v 0.16054300 0.86208400 0.44378900
v 0.15577200 0.85268100 0.43920400
v 0.17357200 0.85490900 0.43984800
v 0.16389600 0.84034400 0.43900300
v 0.17528700 0.84455000 0.43716000
v 0.17207400 0.86657200 0.45380600
v 0.15877900 0.87038300 0.45076700
v 0.18102900 0.85530600 0.44073500
v 0.20167100 0.85534600 0.45962100
v 0.19703900 0.84010800 0.43544400
v 0.20361200 0.84726100 0.44140000
v 0.21110700 0.84279100 0.44161900
v 0.21975500 0.84991300 0.46350500
v 0.21802600 0.83633000 0.44259100
v 0.22726800 0.84065600 0.46042700
v 0.23610800 0.84117800 0.46755100
v 0.23273200 0.83400700 0.46209500
v 0.22192800 0.82719600 0.44376700
v 0.24529500 0.82621900 0.47277600
v 0.23990600 0.82437800 0.46825200
v 0.25562800 0.81663200 0.47956400
v 0.24538000 0.81805700 0.47234200
v 0.25035000 0.81197000 0.47820700
v 0.24120100 0.79479000 0.47473600
v 0.23642600 0.77855800 0.46959700
v 0.23911600 0.75932800 0.47157600
v 0.24233200 0.78280400 0.47907400
v 0.24633300 0.75936000 0.47990700
v 0.25154900 0.75078500 0.48032400
v 0.24901000 0.78454200 0.49964300
v 0.24766700 0.77642500 0.49660900
v 0.25346300 0.75060600 0.49032300
v 0.25575600 0.75171100 0.48521300
v 0.25523800 0.75009400 0.48080400
v 0.25621400 0.74808600 0.47771200
v 0.24488500 0.89244600 0.44429200
v 0.24752400 0.90801300 0.42817800
v 0.24650700 0.87965900 0.45617000
v 0.21092000 0.90437900 0.41425400
v 0.19642900 0.86682600 0.45022400
v 0.21159500 0.88793800 0.43442800
v 0.18601300 0.87918500 0.43657300
v 0.17807400 0.87151600 0.44637400
v 0.16462100 0.88085300 0.43284100
v 0.17182800 0.89644400 0.41490700
v 0.15736700 0.89420400 0.41237500
v 0.15293400 0.87907400 0.43476800
v 0.23531800 0.85053100 0.46617800
v 0.24639000 0.83898100 0.46958700
v 0.26053400 0.81769600 0.47958200
v 0.25766200 0.80629700 0.49173200
v 0.25889000 0.79497400 0.50211500
v 0.25282100 0.80306300 0.49039500
v 0.25382500 0.79242500 0.50102900
v 0.25527000 0.77925800 0.50862400
v 0.25889800 0.76579600 0.51377800
v 0.25252300 0.76918100 0.50818600
v 0.25768600 0.75178900 0.49082800
v 0.25856400 0.74835200 0.49848900
v 0.26022100 0.75546700 0.48964800
v 0.26093600 0.75232600 0.49754900
v 0.26100500 0.74047900 0.51351100
v 0.25825400 0.75424300 0.51325700
v 0.26162500 0.72872200 0.50906500
v 0.11513300 0.88515900 0.34212700
v 0.11550200 0.90641800 0.33891500
v 0.13891000 0.81465000 0.27576100
v 0.12870300 0.80628900 0.28832700
v 0.12704600 0.83088400 0.30037000
v 0.15206500 0.81973000 0.26174100
v 0.14822800 0.84739400 0.27430600
v 0.12034400 0.82673500 0.31235400
v 0.14200300 0.86553000 0.28764900
v 0.16511600 0.82375900 0.25363800
v 0.16038900 0.85345700 0.26604600
v 0.17336400 0.85885000 0.25934500
v 0.17825400 0.82927300 0.24699300
v 0.15382900 0.87197800 0.27886900
v 0.14802400 0.89203900 0.29488400
v 0.16055500 0.89988500 0.28898300
v 0.16608300 0.88020800 0.27276600
v 0.19183400 0.83264800 0.24281700
v 0.18732300 0.86347100 0.25423800
v 0.20212300 0.86738500 0.25087800
v 0.21052300 0.83697700 0.23836000
v 0.18039500 0.88522400 0.26744400
v 0.17506700 0.90726300 0.28413100
v 0.19086000 0.91300900 0.28096800
v 0.19579800 0.89173600 0.26378000
v 0.18274700 0.93433200 0.31796400
v 0.18632000 0.92504100 0.29856300
v 0.17009000 0.91910600 0.30194000
v 0.15436700 0.90855300 0.30326200
v 0.14993600 0.91533500 0.31910500
v 0.16544000 0.92605100 0.31792400
v 0.13964200 0.90230700 0.31610700
v 0.17968200 0.93842500 0.33531700
v 0.16184600 0.93094900 0.33548200
v 0.21171700 0.92938200 0.29916700
v 0.20779800 0.93859600 0.31879400
v 0.23351100 0.93914800 0.32113000
v 0.21372900 0.91537600 0.27761200
v 0.23514900 0.92999900 0.29713000
v 0.23869800 0.91555900 0.27532300
v 0.20536700 0.94124900 0.33698800
v 0.23297400 0.94298100 0.34393100
v 0.23897300 0.89534300 0.25923700
v 0.24246700 0.84184400 0.23636100
v 0.21866100 0.89376800 0.26044400
v 0.22121800 0.86974400 0.24809400
v 0.34384700 0.82432500 0.43611200
v 0.18200000 0.82432500 0.43611200
f 22 21 37
f 21 38 37
f 21 23 38
f 23 39 38
f 39 23 40
f 24 40 23
f 40 24 41
f 25 41 24
f 26 42 25
f 25 42 41
f 26 43 42
f 26 27 43
f 27 44 43
f 27 28 44
f 28 45 44
f 45 28 46
f 29 46 28
f 46 29 47
f 30 47 29
f 30 48 47
f 30 31 48
f 31 49 48
f 31 32 49
f 32 50 49
f 50 32 51
f 33 51 32
f 51 33 52
f 34 52 33
f 34 53 52
f 34 35 53
f 35 54 53
f 54 35 55
f 36 55 35
f 55 36 56
f 22 56 36
f 56 22 37
f 3 2 1
f 4 3 1
f 5 4 1
f 6 5 1
f 7 6 1
f 8 7 1
f 2 8 1
f 9 2 10
f 3 10 2
f 3 11 10
f 11 3 12
f 4 12 3
f 4 13 12
f 13 4 14
f 4 5 14
f 14 5 15
f 5 6 15
f 6 16 15
f 16 6 17
f 6 7 17
f 17 7 18
f 7 8 18
f 18 8 19
f 8 20 19
f 8 2 20
f 20 2 9
f 22 9 21
f 9 10 21
f 10 23 21
f 23 10 24
f 11 24 10
f 24 11 25
f 11 12 25
f 12 26 25
f 13 26 12
f 13 27 26
f 13 14 27
f 14 28 27
f 28 14 29
f 14 15 29
f 15 30 29
f 16 30 15
f 16 31 30
f 16 17 31
f 17 32 31
f 32 17 33
f 17 18 33
f 18 34 33
f 18 19 34
f 19 35 34
f 35 19 36
f 20 36 19
f 36 20 22
f 20 9 22
f 78 77 93
f 94 78 93
f 79 78 94
f 95 79 94
f 79 95 96
f 96 80 79
f 80 96 97
f 97 81 80
f 98 82 81
f 98 81 97
f 99 82 98
f 83 82 99
f 100 83 99
f 84 83 100
f 101 84 100
f 84 101 102
f 102 85 84
f 85 102 103
f 103 86 85
f 104 86 103
f 87 86 104
f 105 87 104
f 88 87 105
f 106 88 105
f 88 106 107
f 107 89 88
f 89 107 108
f 108 90 89
f 109 90 108
f 91 90 109
f 110 91 109
f 91 110 111
f 111 92 91
f 92 111 112
f 112 77 92
f 77 112 93
f 58 59 57
f 59 60 57
f 60 61 57
f 61 62 57
f 62 63 57
f 63 64 57
f 64 58 57
f 58 65 66
f 66 59 58
f 67 59 66
f 59 67 68
f 68 60 59
f 69 60 68
f 60 69 70
f 61 60 70
f 61 70 71
f 62 61 71
f 72 62 71
f 62 72 73
f 63 62 73
f 63 73 74
f 64 63 74
f 64 74 75
f 76 64 75
f 58 64 76
f 58 76 65
f 65 77 78
f 66 65 78
f 79 66 78
f 66 79 80
f 80 67 66
f 67 80 81
f 68 67 81
f 82 68 81
f 82 69 68
f 83 69 82
f 70 69 83
f 84 70 83
f 70 84 85
f 71 70 85
f 86 71 85
f 86 72 71
f 87 72 86
f 73 72 87
f 88 73 87
f 73 88 89
f 74 73 89
f 90 74 89
f 75 74 90
f 91 75 90
f 75 91 92
f 92 76 75
f 76 92 77
f 65 76 77
f 1695 1694 1802
f 1694 1606 1802
f 1606 1676 1802
f 1676 1670 1802
f 1670 1664 1802
f 1664 1666 1802
f 1802 1666 1593
f 1802 1593 1596
f 1802 1596 1700
f 1802 1700 1695
f 600 599 1801
f 508 600 1801
f 580 508 1801
f 574 580 1801
f 568 574 1801
f 570 568 1801
f 570 1801 499
f 499 1801 495
f 495 1801 605
f 605 1801 599
f 988 989 987
f 990 987 989
f 991 994 992
f 996 997 995
f 999 1000 998
f 1000 999 1001
f 1002 1001 999
f 1001 1002 1003
f 1004 1003 1002
f 1005 1004 1002
f 1006 1002 999
f 1002 1006 1005
f 1007 1005 1006
f 1008 999 998
f 1009 1007 1006
f 999 1008 1006
f 1006 1008 1009
f 1010 1009 1008
f 1011 1008 998
f 1008 1011 1010
f 1012 1010 1011
f 1011 1013 1012
f 1014 1012 1013
f 1000 1011 998
f 1000 1015 1011
f 1015 1013 1011
f 1015 1016 1013
f 1016 1014 1013
f 1017 1016 1015
f 1001 1015 1000
f 1001 1017 1015
f 1003 1017 1001
f 1019 1020 1018
f 1021 1018 1020
f 1018 1021 1022
f 1023 1022 1021
f 1024 1021 1020
f 1021 1024 1023
f 1025 1023 1024
f 1026 1024 1020
f 1026 1027 1024
f 1027 1025 1024
f 1026 1020 1019
f 1028 1027 1026
f 1019 1029 1026
f 1029 1030 1026
f 1030 1028 1026
f 1032 1030 1029
f 1019 1031 1029
f 1033 1029 1031
f 1029 1033 1032
f 1034 1032 1033
f 1035 1033 1031
f 1033 1035 1034
f 1036 1034 1035
f 1031 1019 1035
f 1018 1035 1019
f 1035 1018 1036
f 1039 1040 1037
f 1041 1040 1039
f 1037 1040 1038
f 1043 1044 1042
f 1042 1045 1043
f 1046 1043 1045
f 1045 1047 1046
f 1048 1046 1047
f 1049 1046 1048
f 1050 1043 1046
f 1046 1049 1050
f 1051 1050 1049
f 1043 1052 1044
f 1053 1043 1050
f 1050 1051 1053
f 1054 1053 1051
f 1043 1053 1052
f 1053 1054 1052
f 1055 1052 1054
f 1052 1056 1044
f 1052 1055 1056
f 1057 1056 1055
f 1057 1059 1056
f 1059 1058 1056
f 1042 1044 1056
f 1058 1042 1056
f 1059 1060 1058
f 1058 1045 1042
f 1060 1061 1058
f 1061 1045 1058
f 1047 1045 1061
f 1063 1064 1062
f 1066 1062 1065
f 1064 1065 1062
f 1067 1068 1063
f 1068 1064 1063
f 1070 1067 1069
f 1067 1070 1068
f 1071 1068 1070
f 1069 1072 1070
f 1073 1070 1072
f 1074 1075 1072
f 1075 1073 1072
f 1070 1073 1071
f 1076 1071 1073
f 1073 1075 1076
f 1074 1077 1075
f 1077 1078 1075
f 1079 1075 1078
f 1079 1076 1075
f 1041 1080 1040
f 1081 1082 1041
f 1082 1080 1041
f 1082 1083 1080
f 1082 1066 1083
f 996 1084 1081
f 1084 1082 1081
f 995 1085 996
f 1085 1084 996
f 1084 1062 1082
f 1062 1066 1082
f 1085 1063 1084
f 1063 1062 1084
f 1086 1085 995
f 1086 1087 1085
f 1088 1089 1086
f 1089 1087 1086
f 1087 1067 1085
f 1067 1063 1085
f 1069 1087 1089
f 1087 1069 1067
f 1088 990 1089
f 1090 1089 990
f 990 989 1090
f 1091 1090 989
f 1089 1090 1069
f 1072 1069 1090
f 1090 1091 1072
f 1074 1072 1091
f 989 988 1091
f 1092 1091 988
f 988 1093 1092
f 1094 1092 1093
f 1091 1092 1074
f 1077 1074 1092
f 1092 1094 1077
f 1078 1077 1094
f 1093 993 1094
f 1095 1094 993
f 993 992 1095
f 1097 1094 1095
f 1094 1097 1078
f 1096 1097 1095
f 1093 988 1098
f 1099 1098 988
f 1098 1099 1100
f 1101 1099 988
f 1099 1102 1100
f 1102 1005 1100
f 1005 1007 1100
f 1101 1102 1099
f 987 1103 988
f 1103 1101 988
f 1103 1004 1101
f 1104 1105 987
f 1105 1103 987
f 1105 1106 1103
f 1106 1004 1103
f 1004 1102 1101
f 1004 1005 1102
f 1106 1003 1004
f 1007 1009 1100
f 1107 1100 1009
f 1009 1010 1107
f 1100 1107 1098
f 993 1098 1107
f 1098 993 1093
f 992 993 1107
f 1108 1107 1010
f 1010 1012 1108
f 1109 1108 1012
f 1107 1108 992
f 991 992 1108
f 1108 1109 991
f 994 991 1109
f 1110 1109 1012
f 1014 1110 1012
f 1111 994 1109
f 1110 1112 1109
f 1112 1111 1109
f 1113 1110 1014
f 1016 1113 1014
f 1113 1114 1110
f 1114 1112 1110
f 1114 1115 1112
f 1116 1114 1113
f 1116 1117 1114
f 1117 1115 1114
f 1117 1118 1115
f 1119 1115 1118
f 1115 1119 1112
f 1120 1112 1119
f 1112 1120 1111
f 1122 1123 1121
f 1123 1124 1121
f 1123 1125 1124
f 1125 1126 1124
f 1127 1128 1122
f 1128 1123 1122
f 1128 1125 1123
f 1129 1128 1127
f 1129 1130 1128
f 1130 1125 1128
f 1130 1126 1125
f 1131 1038 1126
f 1060 1059 1129
f 1059 1130 1129
f 1126 1130 1131
f 1059 1057 1130
f 1057 1131 1130
f 1055 1131 1057
f 1132 1131 1055
f 1037 1038 1131
f 1132 1039 1131
f 1039 1037 1131
f 1054 1132 1055
f 1051 1133 1054
f 1133 1132 1054
f 1041 1039 1132
f 1133 1134 1132
f 1134 1041 1132
f 1134 1081 1041
f 1051 1049 1133
f 1135 1133 1049
f 1136 1133 1135
f 1137 1136 1135
f 1136 1134 1133
f 1136 996 1134
f 996 1081 1134
f 1137 996 1136
f 1049 1048 1135
f 1135 1048 1137
f 1138 1048 1047
f 1139 1137 1048
f 1137 1139 996
f 997 996 1139
f 1048 1138 1139
f 1140 1047 1061
f 1140 1138 1047
f 1141 1138 1140
f 1142 1139 1138
f 1139 1142 997
f 1143 997 1142
f 1141 1142 1138
f 1141 1144 1142
f 1144 1143 1142
f 1061 1060 1140
f 1145 1140 1060
f 1140 1145 1141
f 1129 1145 1060
f 1146 1141 1145
f 1141 1146 1144
f 1145 1129 1146
f 1127 1146 1129
f 1122 1146 1127
f 1121 1147 1122
f 1147 1146 1122
f 1147 1148 1146
f 1148 1144 1146
f 1148 1149 1144
f 1149 1143 1144
f 1147 1150 1148
f 1150 1149 1148
f 1151 1152 1121
f 1152 1147 1121
f 1147 1153 1150
f 1153 1149 1150
f 1154 1147 1152
f 1154 1153 1147
f 1155 1153 1154
f 1156 1149 1153
f 1157 1158 1155
f 1158 1153 1155
f 1158 1156 1153
f 1156 1159 1149
f 1159 1143 1149
f 1159 1160 1143
f 1160 997 1143
f 1156 1161 1159
f 1161 1160 1159
f 1036 1156 1158
f 1034 1158 1157
f 1034 1036 1158
f 1036 1018 1156
f 1018 1161 1156
f 1022 1162 1018
f 1162 1161 1018
f 1163 1161 1162
f 1163 1160 1161
f 1163 995 1160
f 995 997 1160
f 1023 1164 1022
f 1164 1162 1022
f 1164 1165 1162
f 1165 1163 1162
f 1165 1086 1163
f 1086 995 1163
f 1164 1166 1165
f 1166 1088 1165
f 1088 1086 1165
f 1023 1025 1164
f 1167 1164 1025
f 1166 1164 1167
f 1025 1027 1167
f 1168 1166 1167
f 990 1088 1166
f 1166 1168 990
f 1169 1167 1027
f 1167 1169 1168
f 1027 1028 1169
f 1170 1168 1169
f 1168 1170 990
f 987 990 1170
f 1104 987 1170
f 1028 1171 1169
f 1030 1171 1028
f 1171 1172 1169
f 1172 1170 1169
f 1172 1173 1170
f 1173 1104 1170
f 1171 1174 1172
f 1174 1173 1172
f 1032 1175 1030
f 1175 1171 1030
f 1034 1157 1032
f 1157 1175 1032
f 1175 1176 1171
f 1176 1174 1171
f 1157 1155 1175
f 1155 1176 1175
f 1155 1154 1176
f 1177 1176 1154
f 1177 1178 1176
f 1178 1174 1176
f 1152 1177 1154
f 1177 1179 1178
f 1179 1174 1178
f 1179 1180 1174
f 1180 1173 1174
f 1151 1118 1152
f 1118 1177 1152
f 1177 1181 1179
f 1181 1180 1179
f 1118 1117 1177
f 1117 1181 1177
f 1117 1116 1181
f 1182 1180 1181
f 1116 1113 1181
f 1183 1181 1113
f 1181 1183 1182
f 1182 1184 1180
f 1184 1173 1180
f 1184 1105 1173
f 1105 1104 1173
f 1182 1106 1184
f 1106 1105 1184
f 1185 1182 1183
f 1113 1016 1183
f 1183 1016 1185
f 1017 1185 1016
f 1185 1003 1182
f 1003 1106 1182
f 1185 1017 1003
f 1186 992 994
f 1187 1038 1040
f 1194 1195 1193
f 1193 1196 1194
f 1197 1194 1196
f 1198 1195 1194
f 1194 1197 1198
f 1199 1198 1197
f 1200 1198 1199
f 1198 1201 1195
f 1200 1201 1198
f 1200 1202 1201
f 1201 1203 1195
f 1204 1203 1201
f 1202 1204 1201
f 1205 1203 1204
f 1203 1206 1195
f 1205 1207 1203
f 1207 1206 1203
f 1195 1206 1193
f 1206 1207 1193
f 1208 1193 1207
f 1193 1208 1196
f 1210 1211 1209
f 1213 1214 1212
f 1215 1212 1214
f 1215 1209 1212
f 1215 1210 1209
f 1216 1211 1210
f 1216 1209 1211
f 1083 1217 1216
f 1217 1209 1216
f 1083 1066 1217
f 1065 1217 1066
f 1097 1218 1078
f 1218 1079 1078
f 1219 1218 1097
f 1219 1221 1218
f 1220 1221 1219
f 1214 1222 1220
f 1222 1221 1220
f 1213 1222 1214
f 1222 1213 1221
f 1220 1223 1214
f 1224 1214 1223
f 1223 1225 1224
f 1226 1214 1224
f 1189 1224 1225
f 1188 1225 1186
f 1225 1188 1189
f 1227 1224 1189
f 1224 1227 1226
f 1228 1226 1227
f 1230 1228 1229
f 1228 1230 1226
f 1229 1192 1230
f 1230 1215 1226
f 1215 1214 1226
f 1231 1192 1190
f 1190 1187 1231
f 1192 1231 1230
f 1232 1230 1231
f 1230 1232 1215
f 1210 1215 1232
f 1187 1040 1231
f 1233 1231 1040
f 1233 1232 1231
f 1232 1233 1210
f 1233 1216 1210
f 1080 1233 1040
f 1233 1080 1216
f 1083 1216 1080
f 1096 1219 1097
f 1186 1225 992
f 1225 1095 992
f 1225 1096 1095
f 1220 1219 1096
f 1223 1096 1225
f 1223 1220 1096
f 1234 1111 1120
f 1111 1234 994
f 1151 1235 1118
f 1235 1119 1118
f 1235 1236 1119
f 1236 1120 1119
f 1120 1236 1234
f 1186 994 1234
f 1237 1238 1151
f 1238 1235 1151
f 1238 1236 1235
f 1239 1234 1236
f 1239 1188 1234
f 1188 1186 1234
f 1240 1236 1238
f 1240 1241 1236
f 1241 1239 1236
f 1241 1188 1239
f 1242 1238 1237
f 1243 1238 1242
f 1243 1244 1238
f 1244 1240 1238
f 1244 1241 1240
f 1244 1188 1241
f 1207 1205 1243
f 1205 1244 1243
f 1204 1188 1244
f 1205 1204 1244
f 1245 1204 1202
f 1245 1188 1204
f 1189 1188 1245
f 1200 1246 1202
f 1246 1245 1202
f 1247 1246 1200
f 1246 1248 1245
f 1248 1189 1245
f 1248 1227 1189
f 1247 1228 1246
f 1228 1248 1246
f 1228 1227 1248
f 1200 1199 1247
f 1197 1249 1199
f 1249 1247 1199
f 1229 1228 1247
f 1247 1249 1229
f 1250 1229 1249
f 1192 1229 1250
f 1196 1249 1197
f 1191 1249 1196
f 1190 1192 1250
f 1249 1191 1250
f 1250 1191 1190
f 1208 1191 1196
f 1208 1251 1191
f 1252 1251 1208
f 1207 1253 1208
f 1243 1253 1207
f 1253 1254 1208
f 1254 1252 1208
f 1243 1242 1253
f 1242 1254 1253
f 1242 1237 1254
f 1255 1252 1254
f 1252 1255 1251
f 1256 1251 1255
f 1251 1256 1191
f 1190 1191 1256
f 1237 1151 1254
f 1257 1254 1151
f 1254 1257 1255
f 1258 1256 1255
f 1256 1258 1190
f 1187 1190 1258
f 1151 1121 1257
f 1124 1257 1121
f 1257 1124 1255
f 1255 1124 1258
f 1038 1187 1258
f 1126 1258 1124
f 1126 1038 1258
f 1259 1260 1261
f 1263 1259 1261
f 1262 1263 1264
f 1263 1262 1259
f 1262 1265 1259
f 1266 1262 1264
f 1266 1265 1262
f 1267 1263 1261
f 1268 1263 1267
f 1263 1268 1264
f 1270 1271 1269
f 1272 1270 1269
f 1272 1274 1273
f 1275 1272 1269
f 1274 1275 1276
f 1275 1274 1272
f 1277 1274 1276
f 1279 1277 1278
f 1274 1279 1273
f 1279 1274 1277
f 1280 1279 1278
f 1281 1280 1278
f 1282 1283 1276
f 1285 1282 1284
f 1283 1285 1286
f 1285 1283 1282
f 1283 1277 1276
f 1287 1283 1286
f 1277 1287 1278
f 1287 1277 1283
f 1287 1281 1278
f 1288 1287 1286
f 1287 1288 1281
f 1289 1288 1286
f 1290 1291 1284
f 1293 1290 1292
f 1291 1293 1294
f 1293 1291 1290
f 1291 1285 1284
f 1295 1291 1294
f 1285 1295 1286
f 1295 1285 1291
f 1295 1296 1286
f 1297 1295 1294
f 1296 1297 1298
f 1297 1296 1295
f 1296 1289 1286
f 1299 1296 1298
f 1299 1289 1296
f 1300 1301 1292
f 1301 1266 1264
f 1266 1301 1300
f 1301 1293 1292
f 1302 1301 1264
f 1293 1302 1294
f 1302 1293 1301
f 1302 1303 1294
f 1268 1302 1264
f 1303 1268 1267
f 1268 1303 1302
f 1303 1297 1294
f 1304 1303 1267
f 1297 1304 1298
f 1304 1297 1303
f 1305 1306 1267
f 1306 1304 1267
f 1304 1307 1298
f 1307 1304 1306
f 1307 1308 1298
f 1308 1299 1298
f 1309 1267 1261
f 1267 1309 1310
f 1311 1309 1261
f 1260 1311 1261
f 1313 1260 1312
f 1260 1313 1311
f 1310 1305 1267
f 1290 1284 1314
f 1315 1290 1314
f 1290 1316 1292
f 1316 1290 1315
f 1300 1317 1266
f 1316 1300 1292
f 1316 1317 1300
f 1318 1317 1218
f 1317 1318 1266
f 1315 1314 1076
f 1316 1076 1079
f 1316 1315 1076
f 1218 1316 1079
f 1316 1218 1317
f 1319 1221 1213
f 1321 1319 1320
f 1221 1321 1218
f 1321 1221 1319
f 1318 1321 1266
f 1321 1318 1218
f 1265 1320 1259
f 1321 1265 1266
f 1265 1321 1320
f 1319 1322 1320
f 1322 1213 1212
f 1213 1322 1319
f 1323 1322 1212
f 1322 1324 1320
f 1324 1322 1323
f 1320 1324 1259
f 1325 1324 1323
f 1260 1325 1312
f 1324 1260 1259
f 1260 1324 1325
f 1209 1326 1212
f 1326 1328 1327
f 1328 1326 1209
f 1326 1323 1212
f 1326 1329 1323
f 1330 1326 1327
f 1329 1330 1331
f 1330 1329 1326
f 1329 1325 1323
f 1332 1329 1331
f 1325 1332 1312
f 1332 1325 1329
f 1217 1333 1209
f 1334 1217 1065
f 1334 1333 1217
f 1333 1328 1209
f 1335 1333 1334
f 1328 1335 1327
f 1335 1328 1333
f 1335 1336 1327
f 1337 1335 1334
f 1336 1337 1269
f 1337 1336 1335
f 1336 1330 1327
f 1271 1336 1269
f 1330 1271 1331
f 1271 1330 1336
f 1064 1338 1065
f 1339 1064 1068
f 1339 1338 1064
f 1338 1334 1065
f 1338 1275 1334
f 1340 1338 1339
f 1275 1340 1276
f 1340 1275 1338
f 1275 1337 1334
f 1337 1275 1269
f 1071 1341 1068
f 1314 1071 1076
f 1314 1341 1071
f 1341 1339 1068
f 1341 1342 1339
f 1284 1341 1314
f 1284 1342 1341
f 1342 1340 1339
f 1282 1342 1284
f 1340 1282 1276
f 1282 1340 1342
f 121 1343 120
f 1343 121 1344
f 1346 1347 1345
f 1348 1346 1345
f 1344 1348 1343
f 1348 1344 1346
f 1347 1349 1345
f 1351 1352 1350
f 1349 1351 1345
f 1351 1349 1352
f 1352 1353 1350
f 1355 1356 1354
f 1353 1355 1350
f 1355 1353 1356
f 1356 1357 1354
f 1354 1359 1358
f 1354 1357 1359
f 1361 1362 1360
f 1363 1361 1360
f 1359 1363 1358
f 1363 1359 1361
f 1364 1363 1360
f 1363 1364 1358
f 1365 1364 1360
f 1367 1368 1366
f 1369 1367 1366
f 1362 1369 1360
f 1369 1362 1367
f 1369 1365 1360
f 1370 1369 1366
f 1369 1370 1365
f 1371 1370 1366
f 1373 1374 1372
f 1375 1373 1372
f 1368 1375 1366
f 1375 1368 1373
f 1375 1371 1366
f 1376 1375 1372
f 1375 1376 1371
f 1377 1376 1372
f 1379 1380 1378
f 1381 1379 1378
f 1374 1381 1372
f 1381 1374 1379
f 1381 1377 1372
f 1382 1381 1378
f 1381 1382 1377
f 1383 1382 1378
f 1384 162 160
f 1385 1384 160
f 1380 1385 1378
f 1385 1380 1384
f 1385 1383 1378
f 1386 1385 160
f 1385 1386 1383
f 164 1386 160
f 1387 1388 1383
f 1389 167 120
f 1343 1389 120
f 1390 1389 1343
f 1391 1343 1348
f 1391 1390 1343
f 1392 1391 1348
f 1392 1393 1391
f 1345 1392 1348
f 1345 1393 1392
f 1393 1394 1391
f 1394 1393 1395
f 1396 1345 1351
f 1393 1396 1395
f 1396 1393 1345
f 1398 1396 1397
f 1396 1398 1395
f 1397 1351 1350
f 1397 1396 1351
f 1399 1397 1350
f 1355 1399 1350
f 1400 1355 1354
f 1400 1399 1355
f 1402 1400 1354
f 1358 1402 1354
f 1403 1358 1364
f 1402 1403 1401
f 1403 1402 1358
f 1404 1403 1364
f 1401 1404 1370
f 1404 1401 1403
f 1365 1404 1364
f 1365 1370 1404
f 1405 1370 1406
f 1407 1406 1377
f 1406 1371 1376
f 1371 1406 1370
f 1406 1376 1377
f 1377 1382 1408
f 1382 1388 1408
f 1383 1388 1382
f 1386 187 1387
f 1386 1387 1383
f 1386 164 187
f 190 1410 1409
f 1410 1411 1409
f 1412 1411 1410
f 1414 1412 1413
f 1411 1414 1415
f 1414 1411 1412
f 190 197 1410
f 1412 1416 1413
f 197 1412 1410
f 197 1416 1412
f 199 1416 197
f 1417 199 200
f 1416 1417 1413
f 1417 1416 199
f 1419 1420 1418
f 1421 1419 200
f 1420 1421 1422
f 1421 1420 1419
f 1420 1423 1418
f 1424 1420 1422
f 1424 1423 1420
f 1421 1425 1422
f 209 1421 200
f 209 1425 1421
f 1425 209 211
f 214 1426 212
f 1426 1428 1427
f 1428 1426 214
f 214 423 1428
f 1429 1344 229
f 1344 121 229
f 1430 1346 1429
f 1347 1430 1431
f 1347 1346 1430
f 1346 1344 1429
f 1432 1347 1431
f 1349 1432 1433
f 1432 1349 1347
f 1352 1349 1433
f 1434 1352 1433
f 1353 1434 1435
f 1434 1353 1352
f 1356 1353 1435
f 1436 1356 1435
f 1357 1436 1437
f 1436 1357 1356
f 1359 1357 1437
f 1438 1361 1437
f 1362 1438 1439
f 1362 1361 1438
f 1361 1359 1437
f 1440 1367 1439
f 1368 1440 1441
f 1368 1367 1440
f 1367 1362 1439
f 1442 1373 1441
f 1374 1442 1443
f 1374 1373 1442
f 1373 1368 1441
f 1444 1379 1443
f 1380 1444 1445
f 1380 1379 1444
f 1379 1374 1443
f 1446 1384 1445
f 162 1446 248
f 162 1384 1446
f 1384 1380 1445
f 1447 1448 250
f 1448 252 250
f 252 1429 229
f 1429 252 1448
f 1449 1450 1447
f 1452 1449 1451
f 1452 1450 1449
f 1453 1450 1452
f 1450 1453 1431
f 1450 1448 1447
f 1430 1450 1431
f 1448 1430 1429
f 1430 1448 1450
f 1454 1452 1451
f 1457 1455 1456
f 1454 1457 1452
f 1457 1454 1455
f 1453 1458 1431
f 1457 1453 1452
f 1458 1457 1456
f 1457 1458 1453
f 1459 1458 1456
f 1432 1459 1433
f 1458 1432 1431
f 1432 1458 1459
f 1455 1460 1456
f 1463 1461 1462
f 1460 1463 1456
f 1463 1460 1461
f 1463 1459 1456
f 1459 1463 1462
f 1464 1459 1462
f 1434 1464 1435
f 1459 1434 1433
f 1434 1459 1464
f 1461 1465 1462
f 1465 1466 1467
f 1466 1465 1461
f 1468 1465 1467
f 1465 1468 1462
f 1468 1470 1462
f 1471 1468 1469
f 1470 1471 1437
f 1471 1470 1468
f 1470 1464 1462
f 1436 1470 1437
f 1464 1436 1435
f 1436 1464 1470
f 1472 1473 1467
f 1475 1472 1474
f 1473 1475 1476
f 1475 1473 1472
f 1473 1468 1467
f 1468 1473 1469
f 1473 1477 1469
f 1478 1473 1476
f 1477 1478 1439
f 1478 1477 1473
f 1477 1471 1469
f 1438 1477 1439
f 1471 1438 1437
f 1438 1471 1477
f 1475 1479 1476
f 1480 1475 1474
f 1479 1480 1481
f 1480 1479 1475
f 1482 1479 1481
f 1484 1482 1483
f 1479 1484 1476
f 1484 1479 1482
f 1484 1485 1476
f 1486 1484 1483
f 1485 1486 1441
f 1486 1485 1484
f 1485 1478 1476
f 1440 1485 1441
f 1478 1440 1439
f 1440 1478 1485
f 1487 1488 1481
f 1490 1487 1489
f 1488 1490 1491
f 1490 1488 1487
f 1488 1482 1481
f 1492 1488 1491
f 1482 1492 1483
f 1492 1482 1488
f 1492 1493 1483
f 1494 1492 1491
f 1493 1494 1443
f 1494 1493 1492
f 1493 1486 1483
f 1442 1493 1443
f 1486 1442 1441
f 1442 1486 1493
f 1495 1496 1489
f 1496 1497 1498
f 1497 1496 1495
f 1496 1490 1489
f 1499 1496 1498
f 1490 1499 1491
f 1499 1490 1496
f 1499 1500 1491
f 1501 1499 1498
f 1500 1501 1445
f 1501 1500 1499
f 1500 1494 1491
f 1444 1500 1445
f 1494 1444 1443
f 1444 1494 1500
f 1502 1503 1497
f 308 1502 307
f 1503 308 309
f 308 1503 1502
f 1504 1503 309
f 1497 1504 1498
f 1504 1497 1503
f 1504 1505 1498
f 312 1504 309
f 1505 312 248
f 312 1505 1504
f 1505 1501 1498
f 1446 1505 248
f 1501 1446 1445
f 1446 1501 1505
f 1409 1506 190
f 1506 314 190
f 314 1447 250
f 1447 314 1506
f 1411 1507 1409
f 1508 1411 1415
f 1508 1507 1411
f 1507 1506 1409
f 1449 1507 1508
f 1449 1506 1507
f 1451 1449 1508
f 1506 1449 1447
f 1509 1510 1415
f 1512 1509 1511
f 1510 1512 1513
f 1512 1510 1509
f 1510 1508 1415
f 1510 1451 1508
f 1455 1510 1513
f 1510 1454 1451
f 1454 1510 1455
f 1512 1514 1513
f 1515 1512 1511
f 1514 1515 1312
f 1515 1514 1512
f 1516 1514 1312
f 1518 1516 1517
f 1514 1518 1513
f 1518 1514 1516
f 1518 1455 1513
f 1519 1518 1517
f 1518 1519 1455
f 1460 1519 1461
f 1519 1460 1455
f 1516 1520 1517
f 1332 1516 1312
f 1520 1332 1331
f 1332 1520 1516
f 1521 1520 1331
f 1517 1521 1522
f 1517 1520 1521
f 1519 1523 1461
f 1523 1517 1522
f 1517 1523 1519
f 1524 1523 1522
f 1466 1524 1467
f 1523 1466 1461
f 1466 1523 1524
f 1521 1270 1522
f 1271 1521 1331
f 1271 1270 1521
f 1525 1272 1273
f 1270 1525 1522
f 1525 1270 1272
f 1524 1526 1467
f 1525 1524 1522
f 1526 1525 1273
f 1525 1526 1524
f 1527 1526 1273
f 1472 1527 1474
f 1526 1472 1467
f 1472 1526 1527
f 1527 1280 1474
f 1279 1527 1273
f 1279 1280 1527
f 1480 1281 1481
f 1280 1480 1474
f 1480 1280 1281
f 1281 1288 1481
f 1487 1289 1489
f 1288 1487 1481
f 1487 1288 1289
f 1289 1299 1489
f 1529 1305 1528
f 1306 1529 1530
f 1529 1306 1305
f 1307 1306 1530
f 1531 1307 1530
f 1308 1531 1497
f 1531 1308 1307
f 1495 1308 1497
f 1299 1495 1489
f 1495 1299 1308
f 1530 1529 382
f 1529 384 382
f 384 1529 1528
f 386 1530 382
f 1532 386 307
f 386 1532 1530
f 1532 1531 1530
f 1502 1532 307
f 1531 1502 1497
f 1502 1531 1532
f 212 1533 213
f 1533 389 213
f 1535 1533 1534
f 389 1535 391
f 1535 389 1533
f 1535 211 391
f 1536 1535 1534
f 1535 1536 211
f 1537 1536 1534
f 1425 1537 1422
f 1536 1425 211
f 1425 1536 1537
f 1426 1538 212
f 1539 1426 1427
f 1539 1538 1426
f 1538 1533 212
f 1533 1540 1534
f 1540 1533 1538
f 1537 1540 1422
f 1540 1537 1534
f 1423 1540 1538
f 1540 1424 1422
f 1424 1540 1423
f 1541 1542 1427
f 1544 1541 1543
f 1542 1544 1545
f 1544 1542 1541
f 1542 1539 1427
f 1546 1542 1545
f 1539 1546 1538
f 1546 1539 1542
f 1546 1547 1538
f 1548 1546 1545
f 1547 1548 1549
f 1548 1547 1546
f 1547 1423 1538
f 1550 1547 1549
f 1550 1423 1547
f 1310 1309 1543
f 1309 1544 1543
f 1544 1311 1545
f 1311 1544 1309
f 1311 1313 1545
f 1313 1548 1545
f 1551 1313 1312
f 1548 1551 1549
f 1551 1548 1313
f 1553 1554 1552
f 1551 1553 1549
f 1554 1551 1312
f 1551 1554 1553
f 1515 1554 1312
f 1555 1515 1511
f 1554 1555 1552
f 1555 1554 1515
f 1553 1556 1549
f 1557 1553 1552
f 1556 1557 1418
f 1557 1556 1553
f 1556 1550 1549
f 1423 1556 1418
f 1423 1550 1556
f 1509 1558 1511
f 1414 1509 1415
f 1558 1414 1413
f 1414 1558 1509
f 1558 1555 1511
f 1559 1558 1413
f 1555 1559 1552
f 1559 1555 1558
f 1559 1560 1552
f 1417 1559 1413
f 1560 1417 200
f 1417 1560 1559
f 1560 1557 1552
f 1419 1560 200
f 1557 1419 1418
f 1419 1557 1560
f 1428 1541 1427
f 423 1541 1428
f 1543 423 1561
f 1543 1541 423
f 1310 1543 1561
f 1562 1310 1561
f 1305 1562 1528
f 1305 1310 1562
f 1561 423 424
f 1562 1561 424
f 426 1562 424
f 1528 426 384
f 1528 1562 426
f 1564 1565 1563
f 1567 1564 1566
f 1565 1567 1568
f 1567 1565 1564
f 1565 1569 1563
f 1570 1565 1568
f 1569 1570 1571
f 1570 1569 1565
f 1569 1571 1572
f 1573 1564 1563
f 1575 1573 1574
f 1564 1575 1566
f 1575 1564 1573
f 1576 1579 1578
f 1579 1576 1577
f 1580 1576 1578
f 1582 1580 1581
f 1576 1582 1583
f 1582 1576 1580
f 1584 1578 1574
f 1584 1580 1578
f 1581 1584 1574
f 1581 1580 1584
f 1586 1587 1585
f 1588 1586 1577
f 1587 1588 1563
f 1588 1587 1586
f 1585 1590 1589
f 1590 1587 1563
f 1587 1590 1585
f 1591 1569 1572
f 1569 1590 1563
f 1589 1569 1591
f 1589 1590 1569
f 1593 1594 1592
f 1594 1595 1592
f 1596 1593 1592
f 1599 1597 1598
f 1594 1599 1595
f 1597 1594 1593
f 1594 1597 1599
f 1601 1602 1600
f 1602 1604 1603
f 1604 1602 1601
f 1606 1602 1605
f 1606 1600 1602
f 1608 1603 1607
f 1602 1608 1605
f 1608 1602 1603
f 1609 1610 1611
f 1612 1609 1611
f 1614 1387 1613
f 1614 1388 1387
f 1616 1617 1615
f 1616 1615 1618
f 1620 1615 1619
f 1622 1621 1577
f 1624 1622 1623
f 1621 1624 1563
f 1624 1621 1622
f 1622 1577 1576
f 1625 1576 1583
f 1622 1625 1623
f 1625 1622 1576
f 1627 1628 1626
f 1578 1627 1574
f 1578 1628 1627
f 1629 526 1626
f 1628 1630 1626
f 1579 1628 1578
f 1630 1579 1577
f 1579 1630 1628
f 1630 1629 1626
f 1624 1631 1563
f 1631 1581 1574
f 1624 1623 1631
f 1623 1581 1631
f 1625 1581 1623
f 1582 1625 1583
f 1582 1581 1625
f 1633 1620 1632
f 1634 1633 1632
f 1634 1635 1633
f 1635 1637 1636
f 1637 1635 1634
f 1634 1568 1637
f 1389 539 167
f 539 1638 540
f 1639 539 1389
f 539 1639 1638
f 1390 1639 1389
f 1641 1642 1640
f 1639 1641 1638
f 1642 1639 1390
f 1639 1642 1641
f 1391 1642 1390
f 1644 1645 1643
f 1642 1644 1640
f 1645 1642 1391
f 1642 1645 1644
f 1394 1645 1391
f 1645 1646 1643
f 1646 1645 1394
f 1648 1649 1647
f 1646 1648 1643
f 1649 1646 1394
f 1646 1649 1648
f 1649 1394 1395
f 1650 1651 1618
f 1649 1650 1647
f 1651 1649 1395
f 1649 1651 1650
f 1398 1651 1395
f 1652 1398 1397
f 1651 1652 1618
f 1652 1651 1398
f 1652 1399 1618
f 1399 1652 1397
f 1399 1616 1618
f 1400 1616 1399
f 1400 1617 1616
f 1402 1617 1400
f 1617 1402 1401
f 1654 1401 1653
f 1401 1654 1617
f 1655 1654 1653
f 1653 1401 1370
f 1656 1655 1653
f 1657 1656 1607
f 1656 1657 1655
f 1405 1653 1370
f 1658 1405 1659
f 1405 1658 1653
f 1658 1656 1653
f 1660 1658 1659
f 1660 1656 1658
f 1405 1406 1659
f 1406 1661 1659
f 1661 1406 1407
f 1407 1377 1408
f 1408 1388 1614
f 1408 1663 1662
f 1663 1408 1598
f 1598 1408 1614
f 1663 1598 1597
f 1665 1663 1664
f 1663 1665 1662
f 1663 1666 1664
f 1663 1597 1666
f 1597 1593 1666
f 1662 1668 1667
f 1662 1407 1408
f 1669 1662 1667
f 1669 1407 1662
f 1665 1664 1670
f 1665 1668 1662
f 1668 1665 1670
f 1661 1671 1659
f 1669 1661 1407
f 1671 1669 1667
f 1669 1671 1661
f 1671 1667 1672
f 1667 1673 1672
f 1673 1668 1670
f 1668 1673 1667
f 1660 1674 1656
f 1671 1660 1659
f 1674 1671 1672
f 1671 1674 1660
f 1674 1672 1675
f 1675 1673 1670
f 1673 1675 1672
f 1676 1675 1670
f 1656 1674 1607
f 1608 1675 1605
f 1674 1608 1607
f 1608 1674 1675
f 1605 1675 1676
f 1606 1605 1676
f 1677 1654 1655
f 1619 1654 1677
f 1654 1615 1617
f 1615 1654 1619
f 1657 1677 1655
f 1603 1657 1607
f 1619 1678 1620
f 1678 1619 1677
f 1678 1677 1679
f 1677 1680 1679
f 1680 1657 1603
f 1657 1680 1677
f 1604 1680 1603
f 1678 1681 1620
f 1682 1678 1679
f 1678 1682 1681
f 1680 1682 1679
f 1682 1680 1683
f 1684 1680 1604
f 1683 1680 1684
f 1685 1686 1589
f 1682 1685 1681
f 1686 1682 1683
f 1682 1686 1685
f 1687 1683 1684
f 1683 1687 1686
f 1688 1687 1684
f 1687 1688 1689
f 1688 1691 1689
f 1688 1601 1690
f 1601 1684 1604
f 1684 1601 1688
f 1690 1601 1600
f 1688 1692 1691
f 1692 1688 1690
f 1692 1693 1691
f 1695 1692 1694
f 1695 1693 1692
f 1692 1600 1694
f 1690 1600 1692
f 1694 1600 1606
f 1697 1691 1696
f 1691 1697 1689
f 1696 1691 1698
f 1691 1693 1698
f 1698 1693 1695
f 1696 1698 1699
f 1700 1698 1695
f 1701 1698 1700
f 1698 1701 1699
f 1702 1699 1701
f 1702 1703 1699
f 1700 1702 1701
f 1703 1702 1704
f 1705 1703 1704
f 1703 1705 1706
f 1704 1702 1700
f 1596 1704 1700
f 1705 1704 1707
f 1707 1706 1705
f 1704 1708 1707
f 1708 1704 1596
f 1706 1707 1709
f 1707 1710 1709
f 1708 1710 1707
f 1592 1708 1596
f 1710 1708 1592
f 1595 1710 1592
f 1710 1711 1709
f 1710 1712 1711
f 1712 1713 1711
f 1712 1595 1713
f 1595 1712 1710
f 1595 1714 1713
f 1595 1599 1714
f 1599 1715 1714
f 1716 1598 1613
f 1599 1716 1715
f 1599 1598 1716
f 1598 1614 1613
f 1715 1717 1714
f 1718 1715 1716
f 1718 1717 1715
f 1719 1716 1613
f 1719 1718 1716
f 1717 1720 1714
f 1721 1717 1718
f 1717 1721 1720
f 1722 1718 1719
f 1723 1722 1719
f 1724 1723 1719
f 1724 1613 1725
f 1613 1724 1719
f 1723 1724 632
f 632 1724 519
f 1724 1725 519
f 1725 187 519
f 1387 187 1725
f 1613 1387 1725
f 633 632 519
f 634 1726 648
f 1727 634 635
f 1727 1726 634
f 1726 1728 648
f 1728 1726 1699
f 638 1629 635
f 1629 638 526
f 1629 1727 635
f 1729 1727 1629
f 1726 1730 1699
f 1731 1726 1727
f 1730 1731 1732
f 1731 1730 1726
f 1731 1729 1732
f 1729 1731 1727
f 1630 1729 1629
f 1732 1630 1577
f 1732 1729 1630
f 1699 1733 1696
f 1733 1730 1732
f 1730 1733 1699
f 1733 1732 1734
f 1732 1735 1734
f 1735 1732 1577
f 1586 1735 1577
f 1736 1586 1585
f 1735 1736 1734
f 1736 1735 1586
f 1697 1737 1689
f 1733 1697 1696
f 1737 1733 1734
f 1733 1737 1697
f 1737 1687 1689
f 1737 1585 1687
f 1736 1737 1734
f 1736 1585 1737
f 1686 1585 1589
f 1585 1686 1687
f 648 1728 651
f 1738 1728 1699
f 1728 1738 651
f 1703 1738 1699
f 651 1738 1739
f 1739 653 651
f 1738 1703 1706
f 1706 1739 1738
f 1739 114 653
f 1739 1706 1709
f 114 1739 1709
f 114 1709 1711
f 1711 1740 114
f 1741 1740 1711
f 1740 113 114
f 113 1741 115
f 1741 113 1740
f 1741 1742 115
f 1741 1743 1742
f 1743 1744 1742
f 1713 1741 1711
f 1713 1743 1741
f 1743 1720 1744
f 1720 1713 1714
f 1713 1720 1743
f 1744 668 1742
f 668 1744 1745
f 1744 1720 1745
f 1745 1746 668
f 1745 1747 1746
f 1720 1747 1745
f 1721 1747 1720
f 1609 1721 1610
f 1721 1609 1747
f 1721 1718 1610
f 1611 1610 1722
f 1610 1718 1722
f 1749 1722 1748
f 1749 1611 1722
f 1748 1722 1723
f 1750 1749 1748
f 1751 1749 1750
f 1750 1748 1723
f 1750 1723 632
f 1751 1750 667
f 1751 667 666
f 1750 632 667
f 659 1746 669
f 1746 659 668
f 1742 668 115
f 669 1753 1752
f 1753 669 1746
f 669 1752 670
f 670 1752 1754
f 116 670 1754
f 1752 1612 1754
f 1752 1609 1612
f 1752 1753 1609
f 1747 1753 1746
f 1609 1753 1747
f 1754 1612 1611
f 117 1749 1751
f 1749 117 1754
f 1754 1611 1749
f 117 116 1754
f 666 117 1751
f 1681 1755 1632
f 1620 1681 1632
f 1755 1685 1570
f 1685 1755 1681
f 1756 1589 1591
f 1685 1756 1570
f 1756 1685 1589
f 1634 1570 1568
f 1755 1634 1632
f 1755 1570 1634
f 1570 1591 1571
f 1756 1591 1570
f 1571 1591 1572
f 1648 1757 1643
f 1758 1648 1647
f 1757 1758 1759
f 1758 1757 1648
f 1757 1760 1643
f 1760 1757 1761
f 1758 1762 1759
f 1650 1758 1647
f 1762 1650 1618
f 1650 1762 1758
f 1615 1762 1618
f 1763 1635 1636
f 1757 1763 1761
f 1635 1757 1759
f 1757 1635 1763
f 1633 1635 1759
f 1620 1633 1615
f 1762 1633 1759
f 1633 1762 1615
f 1644 1764 1640
f 1760 1644 1643
f 1764 1760 1761
f 1760 1764 1644
f 1765 1764 1761
f 1767 1765 1766
f 1764 1767 1640
f 1767 1764 1765
f 1765 1768 1766
f 1763 1765 1761
f 1768 1763 1636
f 1763 1768 1765
f 1769 1768 1636
f 1771 1769 1770
f 1768 1771 1766
f 1771 1768 1769
f 1641 1772 1638
f 1767 1641 1640
f 1772 1767 1766
f 1767 1772 1641
f 1773 1772 1766
f 1775 1773 1774
f 1772 1775 1638
f 1775 1772 1773
f 1773 1776 1774
f 1771 1773 1766
f 1776 1771 1770
f 1771 1776 1773
f 1777 1776 1770
f 1779 1777 1778
f 1776 1779 1774
f 1779 1776 1777
f 1781 1782 1780
f 1777 1781 1778
f 1782 1777 1770
f 1777 1782 1781
f 1783 1782 1770
f 1785 1783 1784
f 1782 1785 1780
f 1785 1782 1783
f 1783 1786 1784
f 1769 1783 1770
f 1786 1769 1636
f 1769 1786 1783
f 1637 1786 1636
f 1787 1788 1574
f 1785 1787 1780
f 1788 1785 1784
f 1785 1788 1787
f 1566 1788 1784
f 1788 1575 1574
f 1575 1788 1566
f 1568 1786 1637
f 1786 1566 1784
f 1567 1786 1568
f 1567 1566 1786
f 1781 1789 1778
f 1790 1781 1780
f 1789 1790 1791
f 1790 1789 1781
f 1789 1792 1778
f 1793 1789 1791
f 1792 1793 1794
f 1793 1792 1789
f 1790 1795 1791
f 1787 1790 1780
f 1795 1787 1574
f 1787 1795 1790
f 1627 1795 1574
f 1796 1627 1626
f 1795 1796 1791
f 1796 1795 1627
f 1793 715 1794
f 713 1793 1791
f 713 715 1793
f 1794 715 716
f 1796 713 1791
f 718 1626 526
f 1796 718 713
f 718 1796 1626
f 719 1794 716
f 1797 719 720
f 1797 1794 719
f 1798 723 540
f 723 1798 720
f 1797 1799 1794
f 1800 1797 720
f 1799 1800 1774
f 1800 1799 1797
f 1799 1792 1794
f 1779 1799 1774
f 1792 1779 1778
f 1779 1792 1799
f 1800 1775 1774
f 1798 1800 720
f 1775 1798 540
f 1798 1775 1800
f 1638 1775 540
f 730 729 726
f 726 731 730
f 733 734 735
f 738 741 740
f 744 747 743
f 747 744 745
f 745 746 747
f 746 745 879
f 879 876 746
f 876 748 746
f 746 749 747
f 749 746 748
f 748 750 749
f 747 752 743
f 750 751 749
f 752 747 749
f 752 749 751
f 751 753 752
f 752 754 743
f 754 752 753
f 753 755 754
f 756 754 755
f 755 757 756
f 754 744 743
f 759 744 754
f 756 759 754
f 758 759 756
f 757 758 756
f 758 760 759
f 759 745 744
f 760 745 759
f 760 879 745
f 764 761 762
f 762 765 764
f 765 762 763
f 763 766 765
f 765 767 764
f 767 765 766
f 766 768 767
f 767 769 764
f 770 769 767
f 768 770 767
f 764 769 761
f 770 971 769
f 772 761 769
f 771 772 769
f 971 771 769
f 771 773 772
f 776 761 772
f 772 774 776
f 774 772 773
f 773 775 774
f 774 777 776
f 777 774 775
f 775 778 777
f 761 776 777
f 777 762 761
f 762 777 778
f 783 781 779
f 783 782 781
f 783 779 780
f 800 785 801
f 803 801 785
f 785 786 803
f 787 803 786
f 786 788 787
f 786 789 788
f 785 790 786
f 789 786 790
f 790 791 789
f 792 785 800
f 785 793 790
f 791 790 793
f 793 794 791
f 793 785 792
f 794 793 792
f 792 795 794
f 796 792 800
f 795 792 796
f 796 797 795
f 799 797 796
f 798 799 796
f 800 801 796
f 801 798 796
f 802 799 798
f 803 798 801
f 804 802 798
f 803 804 798
f 803 787 804
f 458 833 832
f 832 831 453
f 453 458 832
f 459 834 833
f 458 459 833
f 834 835 859
f 835 834 459
f 459 463 835
f 862 859 835
f 835 836 862
f 837 863 862
f 836 837 862
f 836 835 463
f 463 432 836
f 837 836 432
f 866 863 837
f 838 866 837
f 837 433 838
f 432 433 837
f 852 782 783
f 853 742 782
f 852 853 782
f 854 853 852
f 831 853 854
f 855 741 742
f 853 855 742
f 856 740 741
f 855 856 741
f 832 855 853
f 831 832 853
f 833 856 855
f 832 833 855
f 856 739 740
f 857 739 856
f 858 732 739
f 857 858 739
f 834 857 856
f 833 834 856
f 857 859 858
f 859 857 834
f 731 732 858
f 858 860 731
f 730 731 860
f 860 861 730
f 860 858 859
f 859 862 860
f 861 860 862
f 862 863 861
f 729 730 861
f 861 864 729
f 728 729 864
f 864 865 728
f 864 861 863
f 863 866 864
f 865 864 866
f 866 838 865
f 736 728 865
f 865 867 736
f 735 736 867
f 865 868 867
f 868 865 838
f 868 869 867
f 729 728 870
f 870 871 729
f 871 870 874
f 871 872 729
f 873 871 874
f 748 873 874
f 750 748 874
f 873 872 871
f 875 726 729
f 872 875 729
f 876 875 872
f 877 727 726
f 875 877 726
f 878 877 875
f 876 878 875
f 873 876 872
f 748 876 873
f 879 878 876
f 751 750 874
f 874 880 751
f 753 751 880
f 880 874 870
f 870 736 880
f 736 870 728
f 736 735 880
f 880 881 753
f 755 753 881
f 881 882 755
f 881 880 735
f 735 734 881
f 882 881 734
f 734 733 882
f 882 883 755
f 883 757 755
f 733 893 882
f 884 883 882
f 893 884 882
f 883 885 757
f 885 758 757
f 886 885 883
f 884 886 883
f 887 886 884
f 886 888 885
f 889 888 886
f 887 889 886
f 890 889 887
f 887 891 890
f 891 887 884
f 884 892 891
f 892 884 893
f 925 924 921
f 923 925 921
f 929 925 923
f 926 929 923
f 928 927 924
f 925 928 924
f 929 928 925
f 928 930 927
f 931 930 928
f 929 931 928
f 926 931 929
f 780 932 926
f 799 802 930
f 931 799 930
f 931 926 932
f 797 799 931
f 932 797 931
f 932 795 797
f 932 933 795
f 780 779 932
f 781 933 932
f 779 781 932
f 933 794 795
f 934 791 794
f 933 934 794
f 781 782 933
f 935 934 933
f 782 935 933
f 742 935 782
f 789 791 934
f 934 936 789
f 934 937 936
f 937 938 936
f 935 937 934
f 741 937 935
f 742 741 935
f 741 938 937
f 788 789 936
f 788 936 938
f 788 939 787
f 938 940 788
f 940 938 741
f 741 738 940
f 939 788 940
f 787 941 804
f 939 941 787
f 939 942 941
f 940 943 939
f 943 940 738
f 738 949 943
f 943 942 939
f 944 942 943
f 949 944 943
f 802 804 941
f 941 945 802
f 945 941 942
f 945 930 802
f 942 946 945
f 946 942 944
f 930 945 946
f 946 927 930
f 946 924 927
f 952 921 924
f 946 952 924
f 947 952 946
f 944 947 946
f 948 947 944
f 949 948 944
f 950 952 947
f 948 950 947
f 951 894 921
f 952 951 921
f 955 952 950
f 948 955 950
f 952 953 951
f 955 953 952
f 955 954 953
f 948 956 955
f 959 957 954
f 955 959 954
f 956 959 955
f 958 956 948
f 949 958 948
f 963 958 949
f 738 963 949
f 960 956 958
f 963 960 958
f 956 778 959
f 959 775 957
f 778 775 959
f 762 778 956
f 960 762 956
f 961 763 762
f 960 961 762
f 960 962 961
f 963 962 960
f 740 962 963
f 738 740 963
f 964 766 763
f 961 964 763
f 965 964 961
f 962 965 961
f 739 965 962
f 740 739 962
f 966 964 965
f 732 966 965
f 739 732 965
f 768 766 964
f 964 967 768
f 964 966 967
f 770 768 967
f 966 968 967
f 732 731 966
f 968 966 731
f 967 969 770
f 969 967 968
f 971 770 969
f 968 970 969
f 970 968 731
f 731 726 970
f 726 727 970
f 972 971 969
f 972 771 971
f 973 972 969
f 970 973 969
f 978 973 970
f 727 978 970
f 974 972 973
f 978 974 973
f 975 773 771
f 972 975 771
f 957 775 773
f 975 957 773
f 976 975 972
f 974 976 972
f 954 957 975
f 976 954 975
f 953 954 976
f 976 981 953
f 977 981 976
f 974 977 976
f 981 951 953
f 979 981 977
f 974 979 977
f 980 979 974
f 978 980 974
f 890 894 951
f 981 890 951
f 982 981 979
f 980 982 979
f 889 890 981
f 982 889 981
f 888 889 982
f 980 983 982
f 885 888 982
f 982 985 885
f 985 982 983
f 984 983 980
f 978 984 980
f 877 984 978
f 727 877 978
f 878 983 984
f 877 878 984
f 983 986 985
f 758 885 985
f 758 985 986
f 986 760 758
f 879 986 983
f 878 879 983
f 760 986 879
f 735 737 733
f 780 784 783
f 819 812 825
f 811 825 812
f 812 813 811
f 819 814 812
f 813 812 814
f 814 815 813
f 814 816 815
f 817 814 819
f 817 816 814
f 818 816 817
f 821 817 819
f 821 820 817
f 820 818 817
f 821 822 820
f 823 821 819
f 824 822 821
f 823 824 821
f 823 819 825
f 824 823 825
f 825 826 824
f 826 825 811
f 830 829 445
f 827 440 441
f 441 828 827
f 445 828 441
f 829 828 445
f 830 851 829
f 445 851 830
f 451 854 851
f 445 451 851
f 831 854 451
f 451 453 831
f 434 868 838
f 433 434 838
f 434 839 868
f 435 839 434
f 435 840 839
f 841 827 840
f 435 841 840
f 841 440 827
f 440 841 435
f 842 840 827
f 827 844 842
f 843 842 844
f 827 845 844
f 844 846 843
f 843 805 737
f 805 843 846
f 844 807 846
f 807 844 845
f 845 806 807
f 806 847 810
f 847 806 845
f 808 810 847
f 828 847 845
f 827 828 845
f 808 849 809
f 784 809 849
f 849 808 847
f 847 848 849
f 848 847 828
f 828 829 848
f 783 784 849
f 849 850 783
f 848 850 849
f 850 848 829
f 851 850 829
f 850 852 783
f 852 850 851
f 851 854 852
f 839 869 868
f 843 737 735
f 867 843 735
f 869 843 867
f 839 840 869
f 869 842 843
f 840 842 869
f 893 896 892
f 896 893 733
f 897 894 890
f 891 897 890
f 895 897 891
f 892 895 891
f 895 892 896
f 733 737 896
f 900 898 894
f 897 900 894
f 895 900 897
f 896 899 895
f 805 899 896
f 737 805 896
f 895 903 900
f 901 903 895
f 899 901 895
f 805 901 899
f 900 902 898
f 900 904 902
f 905 904 900
f 903 905 900
f 901 905 903
f 805 905 901
f 822 824 904
f 905 822 904
f 805 820 905
f 820 822 905
f 820 906 818
f 805 906 820
f 805 846 906
f 907 816 818
f 906 907 818
f 907 908 816
f 909 907 906
f 846 909 906
f 807 909 846
f 806 908 907
f 909 806 907
f 807 806 909
f 815 816 908
f 910 813 815
f 908 910 815
f 806 810 908
f 910 908 810
f 810 912 910
f 810 808 912
f 910 811 813
f 910 911 811
f 808 809 912
f 911 910 912
f 911 912 809
f 913 826 811
f 911 913 811
f 917 913 911
f 917 914 913
f 915 824 826
f 913 915 826
f 915 904 824
f 916 915 913
f 914 916 913
f 902 904 915
f 916 902 915
f 898 902 916
f 914 918 916
f 918 914 917
f 917 919 918
f 919 917 911
f 911 809 919
f 894 898 916
f 916 920 894
f 920 916 918
f 919 922 918
f 922 919 809
f 809 784 922
f 921 894 920
f 920 923 921
f 923 920 918
f 923 918 922
f 784 780 922
f 922 926 923
f 780 926 922
f 219 218 221
f 218 226 221
f 226 222 223
f 222 226 218
f 224 222 218
f 222 225 223
f 224 225 222
f 226 227 221
f 226 228 227
f 228 226 223
f 337 336 338
f 336 339 338
f 344 339 340
f 339 345 338
f 345 344 346
f 344 345 339
f 344 347 346
f 347 349 348
f 349 344 340
f 344 349 347
f 349 350 348
f 350 351 348
f 353 352 346
f 352 355 354
f 355 353 356
f 353 355 352
f 347 353 346
f 353 357 356
f 357 347 348
f 347 357 353
f 351 357 348
f 357 358 356
f 358 357 351
f 358 359 356
f 361 360 354
f 360 363 362
f 363 361 364
f 361 363 360
f 355 361 354
f 361 365 364
f 365 355 356
f 355 365 361
f 366 365 356
f 365 367 364
f 367 366 368
f 366 367 365
f 359 366 356
f 366 369 368
f 359 369 366
f 371 370 362
f 225 371 223
f 371 225 370
f 363 371 362
f 371 372 223
f 372 363 364
f 363 372 371
f 373 372 364
f 372 228 223
f 228 373 227
f 373 228 372
f 367 373 364
f 373 374 227
f 374 367 368
f 367 374 373
f 376 375 227
f 374 376 227
f 379 374 368
f 374 379 376
f 380 379 368
f 369 380 368
f 227 408 221
f 408 227 407
f 408 409 221
f 409 219 221
f 219 410 220
f 410 219 409
f 375 407 227
f 354 360 427
f 360 428 427
f 429 360 362
f 360 429 428
f 430 370 225
f 370 429 362
f 430 429 370
f 430 431 434
f 431 430 225
f 427 428 432
f 432 429 433
f 428 429 432
f 429 434 433
f 434 429 430
f 435 436 440
f 436 438 437
f 438 435 434
f 435 438 436
f 438 431 225
f 431 438 434
f 437 224 218
f 224 438 225
f 438 224 437
f 439 436 437
f 440 439 441
f 439 440 436
f 439 442 441
f 443 439 437
f 439 443 442
f 443 437 218
f 443 444 442
f 444 219 220
f 219 443 218
f 443 219 444
f 446 445 441
f 447 446 448
f 446 447 445
f 442 446 441
f 449 446 442
f 446 450 448
f 450 449 331
f 449 450 446
f 444 449 442
f 449 330 331
f 330 444 220
f 444 330 449
f 452 451 445
f 451 454 453
f 452 454 451
f 447 452 445
f 452 455 454
f 455 447 448
f 447 455 452
f 456 455 448
f 455 457 454
f 457 456 338
f 456 457 455
f 450 456 448
f 456 337 338
f 337 450 331
f 450 337 456
f 461 458 453
f 458 460 459
f 461 460 458
f 454 461 453
f 345 461 454
f 461 462 460
f 462 345 346
f 345 462 461
f 457 345 454
f 345 457 338
f 464 463 459
f 463 427 432
f 464 427 463
f 460 464 459
f 465 464 460
f 464 354 427
f 465 354 464
f 462 465 460
f 465 352 354
f 352 462 346
f 462 352 465
f 118 121 120
f 121 118 119
f 124 123 122
f 123 125 122
f 125 119 118
f 119 125 123
f 126 124 122
f 129 128 127
f 128 126 122
f 126 128 129
f 130 129 127
f 133 132 131
f 132 130 127
f 130 132 133
f 134 133 131
f 136 131 135
f 134 131 136
f 139 138 137
f 138 140 137
f 140 136 135
f 136 140 138
f 140 141 137
f 141 140 135
f 141 142 137
f 145 144 143
f 144 146 143
f 146 139 137
f 139 146 144
f 142 146 137
f 146 147 143
f 147 146 142
f 147 148 143
f 151 150 149
f 150 152 149
f 152 145 143
f 145 152 150
f 148 152 143
f 152 153 149
f 153 152 148
f 153 184 149
f 156 155 154
f 155 157 154
f 157 151 149
f 151 157 155
f 184 157 149
f 157 158 154
f 158 157 184
f 158 159 154
f 162 161 160
f 161 163 160
f 163 156 154
f 156 163 161
f 159 163 154
f 163 188 160
f 188 163 159
f 188 164 160
f 165 166 159
f 167 118 120
f 167 168 118
f 118 169 125
f 168 169 118
f 169 170 125
f 171 170 169
f 170 122 125
f 171 122 170
f 172 171 169
f 171 172 173
f 122 174 128
f 174 171 173
f 171 174 122
f 174 175 176
f 175 174 173
f 128 176 127
f 174 176 128
f 176 556 127
f 556 132 127
f 132 177 131
f 556 177 132
f 177 179 131
f 179 135 131
f 135 180 141
f 180 179 178
f 179 180 135
f 180 181 141
f 181 178 147
f 178 181 180
f 181 142 141
f 147 142 181
f 147 182 183
f 183 185 184
f 148 183 153
f 183 148 147
f 153 183 184
f 158 184 186
f 165 158 186
f 165 159 158
f 187 188 166
f 166 188 159
f 164 188 187
f 191 190 189
f 193 191 189
f 193 194 191
f 194 196 195
f 196 193 192
f 193 196 194
f 197 190 191
f 198 194 195
f 194 197 191
f 198 197 194
f 198 199 197
f 199 201 200
f 201 198 195
f 198 201 199
f 204 203 202
f 203 205 200
f 205 204 206
f 204 205 203
f 208 204 202
f 204 207 206
f 208 207 204
f 210 205 206
f 205 209 200
f 210 209 205
f 209 210 211
f 217 214 212
f 215 217 216
f 217 215 214
f 423 214 215
f 119 230 229
f 121 119 229
f 123 231 230
f 231 124 232
f 123 124 231
f 119 123 230
f 124 233 232
f 233 126 234
f 126 233 124
f 126 129 234
f 129 235 234
f 235 130 236
f 130 235 129
f 130 133 236
f 133 237 236
f 237 134 238
f 134 237 133
f 134 136 238
f 138 239 238
f 239 139 240
f 138 139 239
f 136 138 238
f 144 241 240
f 241 145 242
f 144 145 241
f 139 144 240
f 150 243 242
f 243 151 244
f 150 151 243
f 145 150 242
f 155 245 244
f 245 156 246
f 155 156 245
f 151 155 244
f 161 247 246
f 247 162 248
f 161 162 247
f 156 161 246
f 251 249 250
f 252 251 250
f 230 252 229
f 252 230 251
f 254 253 249
f 253 255 317
f 254 255 253
f 254 256 255
f 256 254 232
f 251 254 249
f 254 231 232
f 231 251 230
f 251 231 254
f 255 257 317
f 258 260 259
f 260 257 255
f 257 260 258
f 261 256 232
f 256 260 255
f 260 261 259
f 261 260 256
f 261 262 259
f 262 233 234
f 233 261 232
f 261 233 262
f 263 258 259
f 264 266 265
f 266 263 259
f 263 266 264
f 262 266 259
f 266 262 265
f 262 267 265
f 267 235 236
f 235 262 234
f 262 235 267
f 268 264 265
f 269 268 270
f 268 269 264
f 268 271 270
f 271 268 265
f 273 271 265
f 271 274 272
f 274 273 238
f 273 274 271
f 267 273 265
f 273 237 238
f 237 267 236
f 267 237 273
f 276 275 270
f 275 278 277
f 278 276 279
f 276 278 275
f 271 276 270
f 276 271 272
f 280 276 272
f 276 281 279
f 281 280 240
f 280 281 276
f 274 280 272
f 280 239 240
f 239 274 238
f 274 239 280
f 282 278 279
f 278 283 277
f 283 282 284
f 282 283 278
f 282 285 284
f 285 287 286
f 287 282 279
f 282 287 285
f 288 287 279
f 287 289 286
f 289 288 242
f 288 289 287
f 281 288 279
f 288 241 242
f 241 281 240
f 281 241 288
f 291 290 284
f 290 293 292
f 293 291 294
f 291 293 290
f 285 291 284
f 291 295 294
f 295 285 286
f 285 295 291
f 296 295 286
f 295 297 294
f 297 296 244
f 296 297 295
f 289 296 286
f 296 243 244
f 243 289 242
f 289 243 296
f 299 298 292
f 300 299 301
f 299 300 298
f 293 299 292
f 299 302 301
f 302 293 294
f 293 302 299
f 303 302 294
f 302 304 301
f 304 303 246
f 303 304 302
f 297 303 294
f 303 245 246
f 245 297 244
f 297 245 303
f 306 305 300
f 305 308 307
f 308 306 309
f 306 308 305
f 306 310 309
f 310 300 301
f 300 310 306
f 311 310 301
f 310 312 309
f 312 311 248
f 311 312 310
f 304 311 301
f 311 247 248
f 247 304 246
f 304 247 311
f 313 189 190
f 314 313 190
f 249 314 250
f 314 249 313
f 315 193 189
f 193 316 192
f 315 316 193
f 313 315 189
f 315 253 316
f 313 253 315
f 253 317 316
f 253 313 249
f 322 318 192
f 318 320 319
f 320 322 321
f 322 320 318
f 316 322 192
f 317 322 316
f 322 258 321
f 257 322 317
f 322 257 258
f 323 320 321
f 320 324 319
f 324 323 220
f 323 324 320
f 323 325 220
f 325 327 326
f 327 323 321
f 323 327 325
f 258 327 321
f 327 328 326
f 328 327 258
f 328 263 264
f 263 328 258
f 329 325 326
f 325 330 220
f 330 329 331
f 329 330 325
f 329 332 331
f 332 326 333
f 329 326 332
f 334 328 264
f 326 334 333
f 334 326 328
f 334 335 333
f 335 269 270
f 269 334 264
f 334 269 335
f 336 332 333
f 332 337 331
f 336 337 332
f 339 341 340
f 341 336 333
f 336 341 339
f 342 335 270
f 335 341 333
f 341 342 340
f 342 341 335
f 342 343 340
f 343 275 277
f 275 342 270
f 342 275 343
f 350 343 277
f 343 349 340
f 350 349 343
f 351 283 284
f 283 350 277
f 350 283 351
f 358 351 284
f 359 290 292
f 290 358 284
f 358 290 359
f 369 359 292
f 375 378 377
f 378 376 383
f 376 378 375
f 376 379 383
f 379 381 383
f 381 380 300
f 380 381 379
f 380 298 300
f 298 369 292
f 369 298 380
f 378 383 382
f 384 378 382
f 378 384 377
f 383 386 382
f 386 385 307
f 385 386 383
f 381 385 383
f 385 305 307
f 305 381 300
f 381 305 385
f 387 213 388
f 213 387 212
f 213 390 388
f 390 389 391
f 389 390 213
f 211 390 391
f 390 392 388
f 392 390 211
f 392 393 388
f 393 210 206
f 210 392 211
f 392 210 393
f 395 217 212
f 217 394 216
f 395 394 217
f 387 395 212
f 396 387 388
f 387 396 395
f 396 393 206
f 393 396 388
f 396 208 395
f 207 396 206
f 396 207 208
f 398 397 216
f 397 400 399
f 400 398 401
f 398 400 397
f 394 398 216
f 398 402 401
f 402 394 395
f 394 402 398
f 403 402 395
f 402 404 401
f 404 403 405
f 403 404 402
f 208 403 395
f 403 406 405
f 208 406 403
f 408 407 399
f 400 408 399
f 409 400 401
f 400 409 408
f 410 409 401
f 404 410 401
f 410 411 220
f 411 404 405
f 404 411 410
f 414 413 412
f 413 411 405
f 411 414 220
f 414 411 413
f 414 324 220
f 324 415 319
f 415 414 412
f 414 415 324
f 416 413 405
f 413 417 412
f 417 416 202
f 416 417 413
f 406 416 405
f 416 208 202
f 406 208 416
f 418 318 319
f 318 196 192
f 196 418 195
f 418 196 318
f 415 418 319
f 418 419 195
f 419 415 412
f 415 419 418
f 420 419 412
f 419 201 195
f 201 420 200
f 420 201 419
f 417 420 412
f 420 203 200
f 203 417 202
f 417 203 420
f 397 215 216
f 397 421 215
f 421 397 399
f 407 421 399
f 421 407 425
f 407 422 425
f 422 375 377
f 407 375 422
f 423 421 425
f 421 423 215
f 423 425 424
f 425 422 424
f 422 426 424
f 426 377 384
f 422 377 426
f 468 467 466
f 467 470 469
f 470 468 471
f 468 470 467
f 472 468 466
f 468 473 471
f 473 472 474
f 472 473 468
f 474 472 475
f 467 476 466
f 476 478 477
f 478 467 469
f 467 478 476
f 484 480 485
f 480 484 479
f 480 481 485
f 481 482 487
f 482 480 483
f 480 482 481
f 485 486 477
f 481 486 485
f 486 487 477
f 481 487 486
f 490 489 488
f 489 491 479
f 491 490 466
f 490 491 489
f 492 488 494
f 490 492 466
f 492 490 488
f 472 493 475
f 492 472 466
f 472 494 493
f 492 494 472
f 497 499 496
f 498 497 496
f 499 495 496
f 500 502 501
f 502 497 498
f 497 500 499
f 500 497 502
f 507 504 503
f 505 507 506
f 507 505 504
f 507 508 581
f 503 508 507
f 506 510 509
f 510 507 581
f 507 510 506
f 662 511 663
f 511 512 663
f 166 513 514
f 165 513 166
f 557 515 517
f 517 515 516
f 517 518 583
f 520 521 479
f 521 523 522
f 523 520 466
f 520 523 521
f 479 521 480
f 480 524 483
f 524 521 522
f 521 524 480
f 528 527 525
f 527 485 477
f 528 485 527
f 526 529 525
f 530 528 525
f 528 484 485
f 484 530 479
f 530 484 528
f 529 530 525
f 531 523 466
f 487 531 477
f 522 523 531
f 487 522 531
f 487 524 522
f 524 482 483
f 487 482 524
f 518 532 537
f 532 533 537
f 535 533 532
f 534 535 536
f 535 534 533
f 471 533 534
f 538 539 540
f 541 539 538
f 539 542 167
f 542 539 541
f 542 168 167
f 545 544 543
f 544 542 541
f 542 545 168
f 545 542 544
f 545 169 168
f 548 547 546
f 547 545 543
f 545 548 169
f 548 545 547
f 548 172 169
f 549 548 546
f 548 549 172
f 552 551 550
f 551 549 546
f 549 552 172
f 552 549 551
f 172 552 173
f 554 553 516
f 553 552 550
f 552 554 173
f 554 552 553
f 554 175 173
f 175 555 176
f 555 554 516
f 554 555 175
f 556 555 516
f 555 556 176
f 515 556 516
f 515 177 556
f 557 177 515
f 557 179 177
f 179 557 178
f 178 558 559
f 558 178 557
f 558 560 559
f 178 559 147
f 560 561 559
f 561 584 509
f 584 561 560
f 559 182 147
f 182 562 563
f 562 182 559
f 561 562 559
f 562 564 563
f 561 564 562
f 183 182 563
f 565 183 563
f 183 565 185
f 184 185 186
f 165 186 513
f 567 186 566
f 186 567 501
f 186 501 513
f 501 567 500
f 567 569 568
f 569 567 566
f 570 567 568
f 500 567 570
f 499 500 570
f 571 566 572
f 185 566 186
f 566 573 572
f 185 573 566
f 568 569 574
f 571 569 566
f 569 571 574
f 575 565 563
f 565 573 185
f 573 575 572
f 575 573 565
f 572 575 576
f 577 572 576
f 571 577 574
f 577 571 572
f 578 564 561
f 564 575 563
f 575 578 576
f 578 575 564
f 576 578 579
f 577 579 574
f 579 577 576
f 579 580 574
f 578 561 509
f 579 510 581
f 510 578 509
f 578 510 579
f 579 581 580
f 581 508 580
f 558 582 560
f 558 583 582
f 517 558 557
f 558 517 583
f 582 584 560
f 584 506 509
f 585 583 518
f 583 585 582
f 582 585 586
f 587 582 586
f 584 587 506
f 587 584 582
f 587 505 506
f 672 585 518
f 585 588 586
f 588 585 672
f 588 587 586
f 587 588 589
f 587 590 505
f 587 589 590
f 591 674 494
f 674 588 672
f 588 591 589
f 591 588 674
f 589 592 590
f 592 589 591
f 592 593 590
f 593 592 594
f 595 593 594
f 504 593 596
f 590 504 505
f 504 590 593
f 504 596 503
f 597 593 595
f 593 597 596
f 598 597 595
f 597 599 600
f 598 599 597
f 503 597 600
f 503 596 597
f 503 600 508
f 595 601 603
f 601 595 594
f 595 603 602
f 598 595 602
f 598 602 599
f 602 603 604
f 602 605 599
f 602 606 605
f 606 602 604
f 604 607 606
f 609 607 604
f 607 605 606
f 607 609 608
f 609 610 608
f 610 609 612
f 607 608 605
f 608 495 605
f 608 610 611
f 612 611 610
f 613 608 611
f 608 613 495
f 611 612 615
f 614 611 615
f 614 613 611
f 613 496 495
f 613 614 496
f 614 498 496
f 616 614 615
f 617 614 616
f 618 617 616
f 498 617 618
f 617 498 614
f 622 498 618
f 502 498 622
f 619 502 622
f 501 620 514
f 620 502 619
f 501 502 620
f 513 501 514
f 621 619 622
f 619 624 620
f 621 624 619
f 620 623 514
f 624 623 620
f 625 621 622
f 621 626 624
f 626 621 625
f 624 627 623
f 627 628 623
f 628 629 623
f 514 629 630
f 629 514 623
f 629 628 631
f 629 631 633
f 630 629 519
f 629 633 519
f 187 630 519
f 187 166 630
f 166 514 630
f 633 631 632
f 637 634 648
f 634 636 635
f 637 636 634
f 649 637 648
f 637 649 604
f 529 638 635
f 638 529 526
f 636 529 635
f 636 639 529
f 640 637 604
f 637 641 636
f 641 640 642
f 640 641 637
f 639 641 642
f 641 639 636
f 639 530 529
f 530 642 479
f 639 642 530
f 643 604 603
f 640 643 642
f 643 640 604
f 642 643 644
f 645 642 644
f 642 645 479
f 645 489 479
f 489 646 488
f 646 645 644
f 645 646 489
f 647 601 594
f 601 643 603
f 643 647 644
f 647 643 601
f 592 647 594
f 488 647 592
f 647 646 644
f 488 646 647
f 488 591 494
f 591 488 592
f 649 648 651
f 649 650 604
f 650 649 651
f 650 609 604
f 650 651 652
f 653 652 651
f 609 650 612
f 652 612 650
f 114 652 653
f 612 652 615
f 652 114 615
f 615 114 654
f 615 654 616
f 113 654 114
f 113 616 654
f 113 655 616
f 655 113 115
f 656 655 115
f 657 656 115
f 655 618 616
f 656 618 655
f 625 656 657
f 618 625 622
f 625 618 656
f 658 657 115
f 625 657 658
f 658 659 660
f 661 658 660
f 661 625 658
f 661 626 625
f 626 511 662
f 511 626 661
f 624 626 662
f 662 663 627
f 624 662 627
f 627 665 664
f 663 665 627
f 627 664 628
f 665 667 664
f 665 666 667
f 664 667 628
f 628 667 631
f 667 632 631
f 660 659 669
f 658 668 659
f 668 658 115
f 661 669 670
f 669 661 660
f 512 670 116
f 511 670 512
f 661 670 511
f 512 116 663
f 671 116 117
f 665 671 666
f 671 665 116
f 663 116 665
f 666 671 117
f 673 672 537
f 672 518 537
f 674 673 473
f 673 674 672
f 494 675 493
f 675 674 473
f 674 675 494
f 473 533 471
f 533 673 537
f 473 673 533
f 493 473 474
f 493 675 473
f 493 474 475
f 679 551 546
f 551 676 550
f 676 679 677
f 679 676 551
f 678 679 546
f 679 678 680
f 681 676 677
f 676 553 550
f 553 681 516
f 681 553 676
f 681 517 516
f 535 682 536
f 682 679 680
f 679 535 677
f 535 679 682
f 535 532 677
f 532 518 517
f 532 681 677
f 681 532 517
f 683 547 543
f 547 678 546
f 678 683 680
f 683 678 547
f 683 684 680
f 684 686 685
f 686 683 543
f 683 686 684
f 687 684 685
f 684 682 680
f 682 687 536
f 687 682 684
f 687 688 536
f 688 690 689
f 690 687 685
f 687 690 688
f 691 544 541
f 544 686 543
f 686 691 685
f 691 686 544
f 691 692 685
f 692 725 693
f 725 691 541
f 691 725 692
f 694 692 693
f 692 690 685
f 690 694 689
f 694 690 692
f 694 695 689
f 695 697 696
f 697 694 693
f 694 697 695
f 700 699 698
f 699 695 696
f 695 700 689
f 700 695 699
f 700 701 689
f 701 703 702
f 703 700 698
f 700 703 701
f 704 701 702
f 701 688 689
f 688 704 536
f 704 688 701
f 704 534 536
f 706 705 477
f 705 703 698
f 703 706 702
f 706 703 705
f 706 469 702
f 478 706 477
f 706 478 469
f 704 471 534
f 469 704 702
f 704 470 471
f 469 470 704
f 707 699 696
f 699 708 698
f 708 707 709
f 707 708 699
f 710 707 696
f 707 711 709
f 711 710 714
f 710 711 707
f 712 708 709
f 708 705 698
f 705 712 477
f 712 705 708
f 712 527 477
f 527 717 525
f 717 712 709
f 712 717 527
f 715 711 714
f 711 713 709
f 715 713 711
f 715 714 716
f 713 717 709
f 525 718 526
f 718 717 713
f 717 718 525
f 720 719 721
f 714 719 716
f 719 722 721
f 714 722 719
f 723 720 721
f 723 538 540
f 724 722 714
f 721 724 693
f 724 721 722
f 710 724 714
f 724 697 693
f 697 710 696
f 710 697 724
f 725 721 693
f 723 725 538
f 725 723 721
f 725 541 538

