# https://github.com/mikedh/trimesh

o m26.off
v 0.43737700 0.23220600 0.36178200
v 0.44034900 0.23039400 0.36301700
v 0.43765900 0.23123500 0.36364800
v 0.43511100 0.23457400 0.36181200
v 0.43344500 0.23694800 0.36036100
v 0.43235000 0.23879500 0.35904800
v 0.43240100 0.23938300 0.35838400
v 0.43374800 0.23835800 0.35872100
v 0.43580000 0.23621200 0.35980900
v 0.43788400 0.23370800 0.36116200
v 0.44377800 0.22906700 0.36540800
v 0.43883800 0.23061200 0.36656500
v 0.43467700 0.23634800 0.36411500
v 0.43039600 0.24289900 0.36144600
v 0.42538500 0.25161200 0.35773000
v 0.42387400 0.25671900 0.35487800
v 0.42979300 0.25023400 0.35669700
v 0.43616500 0.24109500 0.36009500
v 0.44033200 0.23457900 0.36279000
v 0.44776200 0.22745100 0.36898500
v 0.44136800 0.22945000 0.37048200
v 0.43694700 0.23687900 0.36902200
v 0.43221900 0.24817500 0.36845800
v 0.43402200 0.26147200 0.37401500
v 0.43473800 0.26434500 0.37301700
v 0.43859200 0.26004300 0.37294500
v 0.44095100 0.24544400 0.36641200
v 0.44483700 0.23441200 0.36717500
v 0.45253900 0.22511800 0.37399800
v 0.44566300 0.22726800 0.37560900
v 0.44167700 0.23571300 0.37532800
v 0.43923900 0.24730300 0.37715600
v 0.44033500 0.25600100 0.37928000
v 0.44378300 0.25461800 0.38072300
v 0.44390300 0.25488600 0.37844400
v 0.44747600 0.24472700 0.37522500
v 0.45022400 0.23304000 0.37332500
v 0.45673800 0.22387500 0.37944600
v 0.45036900 0.22586600 0.38093800
v 0.44740700 0.23297000 0.38107600
v 0.44607900 0.24213100 0.38278300
v 0.44564100 0.25005600 0.38301300
v 0.44614900 0.25147100 0.38246200
v 0.44826900 0.24923400 0.38239800
v 0.45264000 0.24007900 0.38124500
v 0.45497000 0.23060500 0.37930400
v 0.45913900 0.22319900 0.38341700
v 0.45423000 0.22473400 0.38456700
v 0.45285100 0.22930900 0.38521800
v 0.45227900 0.23492200 0.38640100
v 0.45197900 0.23979900 0.38673600
v 0.45258500 0.24137400 0.38648100
v 0.45447700 0.23901800 0.38615100
v 0.45687200 0.23348600 0.38532500
v 0.45832000 0.22759900 0.38393700
v 0.46018400 0.22250300 0.38604500
v 0.45741900 0.22336700 0.38669200
v 0.45712700 0.22566900 0.38736700
v 0.45712700 0.22777100 0.38795800
v 0.45735600 0.22943100 0.38831700
v 0.45786400 0.22994800 0.38833300
v 0.45861800 0.22903600 0.38802100
v 0.45938100 0.22706600 0.38743000
v 0.45990400 0.22480100 0.38671600
v 0.45955800 0.22339000 0.38759700
v 0.42226100 0.16046900 0.45435900
v 0.42076800 0.16009900 0.45487500
v 0.42193100 0.15901300 0.45680300
v 0.42304100 0.16130600 0.45525700
v 0.42379500 0.16311300 0.45387100
v 0.42431800 0.16473800 0.45243700
v 0.42431500 0.16561000 0.45146300
v 0.42369700 0.16531700 0.45140900
v 0.42275700 0.16408200 0.45215000
v 0.42182800 0.16243700 0.45324700
v 0.41870900 0.16001100 0.45675700
v 0.42085100 0.15801300 0.46030700
v 0.42250400 0.16183000 0.45857600
v 0.42419400 0.16664400 0.45648400
v 0.42624400 0.17399800 0.45294900
v 0.42683500 0.17989300 0.44904000
v 0.42416100 0.17594100 0.44949700
v 0.42157200 0.16909100 0.45213700
v 0.41999900 0.16416700 0.45442500
v 0.41615800 0.15952800 0.46005200
v 0.41894200 0.15693000 0.46466600
v 0.42016700 0.16182200 0.46455300
v 0.42068000 0.17058700 0.46600200
v 0.41502900 0.18576100 0.47507900
v 0.41395600 0.19082400 0.47332700
v 0.41257300 0.18805300 0.47100800
v 0.41650900 0.17448000 0.45908600
v 0.41662100 0.16513100 0.45867400
v 0.41301700 0.15829000 0.46503000
v 0.41602100 0.15548600 0.47001000
v 0.41643100 0.16113700 0.47166400
v 0.41468200 0.17091600 0.47640600
v 0.41099200 0.18133200 0.48056800
v 0.40868400 0.18166000 0.48133400
v 0.40910500 0.18309300 0.47743900
v 0.41064000 0.17468800 0.46970600
v 0.41254000 0.16476900 0.46521200
v 0.40980800 0.15753300 0.47093500
v 0.41261600 0.15491100 0.47559100
v 0.41253000 0.15975100 0.47758700
v 0.41049000 0.16761500 0.48182400
v 0.40831400 0.17635100 0.48364300
v 0.40764500 0.17874000 0.48275400
v 0.40695900 0.17761600 0.48139600
v 0.40730000 0.17059100 0.47653700
v 0.40907100 0.16298000 0.47185200
v 0.40775100 0.15678100 0.47557800
v 0.40993000 0.15474700 0.47919100
v 0.40937400 0.15794300 0.48118100
v 0.40786400 0.16266800 0.48394600
v 0.40648700 0.16749900 0.48537500
v 0.40564900 0.16978500 0.48500800
v 0.40526600 0.16863800 0.48335100
v 0.40569400 0.16469400 0.48034800
v 0.40688300 0.16026800 0.47705100
v 0.40676200 0.15571300 0.47886100
v 0.40799200 0.15456500 0.48090000
v 0.40737600 0.15626100 0.48226800
v 0.40664300 0.15802900 0.48341900
v 0.40593200 0.15965000 0.48410900
v 0.40546100 0.16048600 0.48402000
v 0.40534800 0.16019500 0.48314000
v 0.40561200 0.15899100 0.48171000
v 0.40612300 0.15743000 0.48019000
v 0.40653600 0.15552700 0.48141900
v 0.43465400 0.21429400 0.44117800
v 0.42743500 0.20919600 0.44414300
v 0.41724300 0.19036900 0.45344700
v 0.41724300 0.16765500 0.46171300
v 0.42743500 0.15166000 0.46585800
v 0.45135500 0.15031900 0.46614700
v 0.47251900 0.16366100 0.46287100
v 0.47593600 0.17462900 0.45948600
v 0.47593600 0.18612400 0.45522100
v 0.46899400 0.20190100 0.44804100
v 0.45135500 0.21262200 0.44217300
v 0.43933500 0.21218200 0.45327500
v 0.43450800 0.21137800 0.45370700
v 0.42706500 0.20570200 0.45665100
v 0.41655600 0.18506100 0.46594300
v 0.42409200 0.14666600 0.47804000
v 0.43047800 0.14227000 0.47903300
v 0.44517200 0.14140400 0.47921900
v 0.46991600 0.15163400 0.47682400
v 0.47751500 0.17430000 0.46997700
v 0.47355100 0.19229300 0.46292900
v 0.46468100 0.20241800 0.45827400
v 0.44517200 0.21148600 0.45364900
v 0.43933500 0.21674300 0.46317800
v 0.43414500 0.21580900 0.46364300
v 0.42980900 0.21320600 0.46492000
v 0.42613900 0.20923500 0.46681500
v 0.47613200 0.19383400 0.47359300
v 0.46659200 0.20544700 0.46856600
v 0.44561300 0.21593400 0.46358100
v 0.41826800 0.14611300 0.50070500
v 0.42894100 0.13623600 0.50309100
v 0.47522200 0.14772700 0.50029300
v 0.47156300 0.22435700 0.48754300
v 0.43933500 0.25223700 0.49222000
v 0.43283400 0.25075600 0.49277900
v 0.40865100 0.20422700 0.50870800
v 0.48542400 0.15800700 0.52158800
v 0.49016900 0.17629700 0.51683000
v 0.48542400 0.21664100 0.50475900
v 0.46504900 0.24172400 0.49611500
v 0.43933500 0.25892400 0.50622300
v 0.43268800 0.25732200 0.50674600
v 0.42243700 0.24614800 0.51031400
v 0.45640300 0.25362300 0.50794200
v 0.48145000 0.23105100 0.51984700
v 0.48645600 0.22126400 0.52735300
v 0.43933500 0.26275700 0.53158700
v 0.43268800 0.26106700 0.53201400
v 0.44737400 0.26129300 0.53195700
v 0.43933500 0.26446800 0.55759600
v 0.43268800 0.26274400 0.55768500
v 0.41834300 0.14399300 0.56213900
v 0.43268800 0.13572400 0.56221900
v 0.46562500 0.14096200 0.56217400
v 0.45640300 0.25877000 0.55789000
v 0.43933500 0.24829000 0.61398500
v 0.43268800 0.24685600 0.61374600
v 0.42713700 0.24286200 0.61308300
v 0.40796400 0.20089100 0.60618200
v 0.48645600 0.15409400 0.59825000
v 0.48145000 0.22261200 0.60974700
v 0.46562500 0.23806800 0.61229000
v 0.44737400 0.24704800 0.61377800
v 0.43933500 0.24157100 0.62312300
v 0.43283400 0.24024200 0.62288600
v 0.42740400 0.23653500 0.62222900
v 0.40627900 0.17773100 0.61193100
v 0.42280700 0.13391400 0.60385300
v 0.45602900 0.13189600 0.60345500
v 0.49076200 0.18001700 0.61233400
v 0.48839000 0.19954500 0.61575300
v 0.48052700 0.21764000 0.61890800
v 0.46504900 0.23207800 0.62144100
v 0.43319800 0.22875000 0.63056300
v 0.48284300 0.20056100 0.62535100
v 0.46360900 0.22143300 0.62919800
v 0.41826800 0.13761000 0.62221600
v 0.42493600 0.12979600 0.62062800
v 0.42894100 0.12764600 0.62018400
v 0.47522200 0.13923800 0.62254200
v 0.48413800 0.16802900 0.62816100
v 0.43933500 0.20673900 0.64422800
v 0.43414500 0.20581800 0.64404300
v 0.42613900 0.19930200 0.64274100
v 0.42613900 0.12877800 0.62870500
v 0.47222300 0.19002700 0.64090300
v 0.44561300 0.20594100 0.64406800
v 0.43933500 0.20084100 0.65124600
v 0.43450800 0.20001300 0.65107600
v 0.42706500 0.19415500 0.64987800
v 0.41655600 0.17265900 0.64554500
v 0.41523500 0.15345100 0.64169800
v 0.42409200 0.13252900 0.63744600
v 0.43450800 0.12696600 0.63629100
v 0.44517200 0.12707200 0.63631300
v 0.46468100 0.13360600 0.63766800
v 0.46991600 0.13769600 0.63850800
v 0.47355100 0.14282600 0.63955300
v 0.47751500 0.16139200 0.64329100
v 0.47355100 0.18021500 0.64706100
v 0.46991600 0.18579400 0.64818400
v 0.45172900 0.19809000 0.65068200
v 0.46391600 0.19337000 0.65886400
v 0.43933500 0.20326200 0.66163700
v 0.43465400 0.20249700 0.66147400
v 0.42455200 0.19285100 0.65945200
v 0.41596200 0.17086400 0.65495300
v 0.41724300 0.15249800 0.65124700
v 0.42743500 0.13548100 0.64779800
v 0.44499600 0.13281300 0.64725200
v 0.46899400 0.14323200 0.64937400
v 0.47251900 0.14823100 0.65038600
v 0.47593600 0.15996900 0.65275400
v 0.47251900 0.18402100 0.65763100
v 0.44499600 0.20260000 0.66149600
v 0.45922000 0.16854000 0.40135400
v 0.42274000 0.14831300 0.40856200
v 0.42805900 0.14957100 0.40731600
v 0.43978300 0.16040500 0.40270500
v 0.42243500 0.14569600 0.41215800
v 0.45555200 0.21418900 0.43911000
v 0.43919500 0.21358000 0.43858900
v 0.42379500 0.20118200 0.43703000
v 0.41979800 0.19058900 0.43481700
v 0.41444800 0.16849600 0.43070500
v 0.41320200 0.14206100 0.42480500
v 0.47584400 0.17364500 0.43259300
v 0.48513900 0.14196800 0.42816600
v 0.47006200 0.20313800 0.43720800
v 0.45473400 0.21312600 0.43555900
v 0.44754800 0.21413400 0.43524200
v 0.44053500 0.21270000 0.43509200
v 0.42610600 0.20222100 0.43544600
v 0.42173200 0.19253800 0.43543900
v 0.41808400 0.18142500 0.43572100
v 0.40916000 0.14505300 0.43705000
v 0.42245600 0.17841600 0.43467800
v 0.42483300 0.17485700 0.43385400
v 0.42980900 0.18879500 0.43218900
v 0.43820900 0.19948200 0.43111000
v 0.44899100 0.20322400 0.43093100
v 0.46005400 0.19838100 0.43177300
v 0.46848100 0.18634600 0.43378100
v 0.47299600 0.17228400 0.43613200
v 0.47543900 0.17625300 0.43715300
v 0.42109000 0.17790600 0.44296400
v 0.42325500 0.17428200 0.44300000
v 0.45505400 0.21374400 0.44888600
v 0.44709800 0.21486700 0.44851100
v 0.43940200 0.21310100 0.44804800
v 0.42742100 0.18847500 0.44844700
v 0.43575000 0.20106600 0.44980900
v 0.44852500 0.20652000 0.45098700
v 0.46183600 0.20006800 0.45125500
v 0.47020600 0.18595300 0.45055900
v 0.47647900 0.17578400 0.44946800
v 0.47379000 0.17201200 0.45364500
v 0.42361800 0.17469400 0.45477200
v 0.49152100 0.14603900 0.45595100
v 0.41305200 0.17085900 0.45383600
v 0.40563300 0.14603900 0.45190800
v 0.40897200 0.14322100 0.45225300
v 0.42128700 0.17817000 0.45657300
v 0.42957500 0.18717900 0.46034600
v 0.47271500 0.17260200 0.46013200
v 0.47562600 0.17618700 0.45915300
v 0.48815700 0.14311600 0.45597800
v 0.46367600 0.18455100 0.47074900
v 0.45938200 0.20439800 0.47406100
v 0.45288100 0.20686600 0.47403300
v 0.44694800 0.20770800 0.47373900
v 0.44106600 0.20692300 0.47327300
v 0.43472400 0.20438500 0.47254000
v 0.42859600 0.17687200 0.47317800
v 0.44114300 0.19234600 0.47559800
v 0.44802900 0.19395900 0.47613700
v 0.45494900 0.19138600 0.47636800
v 0.47524600 0.18220100 0.47739300
v 0.45245000 0.20673700 0.47810000
v 0.44694300 0.20754000 0.47781900
v 0.44146900 0.20685000 0.47742400
v 0.43554200 0.18716300 0.47868400
v 0.48785800 0.14723100 0.47750800
v 0.46465000 0.20173100 0.48107500
v 0.45791100 0.20531200 0.48122200
v 0.45214500 0.20749400 0.48107000
v 0.44693700 0.20828000 0.48079500
v 0.44175300 0.20763500 0.48045000
v 0.43605800 0.20543900 0.47995500
v 0.42944500 0.20152900 0.47912000
v 0.42738600 0.18174500 0.47990900
v 0.44789600 0.19487200 0.48253100
v 0.45963300 0.18658400 0.48287200
v 0.46519700 0.17723500 0.48242600
v 0.46851400 0.18002600 0.48188700
v 0.46365800 0.20335000 0.48336400
v 0.45725900 0.20685500 0.48338400
v 0.45183800 0.20899600 0.48318300
v 0.44695600 0.20977800 0.48291300
v 0.44209100 0.20915800 0.48261500
v 0.43671800 0.20701700 0.48222000
v 0.42245300 0.18585200 0.48088200
v 0.41509200 0.16534900 0.47884500
v 0.40961100 0.14733900 0.47665200
v 0.41292600 0.14463700 0.47717900
v 0.41643000 0.15094000 0.47839900
v 0.42843300 0.18317500 0.48245600
v 0.43158200 0.18053900 0.48322700
v 0.43689000 0.18965900 0.48390400
v 0.44236000 0.19488200 0.48426600
v 0.44785500 0.19628400 0.48456400
v 0.45336100 0.19398100 0.48486600
v 0.46416700 0.17862300 0.48479400
v 0.46736200 0.18143400 0.48433700
v 0.47953600 0.15051300 0.48134600
v 0.48311500 0.14452000 0.48047700
v 0.43762300 0.20980400 0.48394300
v 0.43180900 0.20621000 0.48356500
v 0.42425300 0.18831700 0.48331400
v 0.41423100 0.15638700 0.48042400
v 0.41185700 0.14730700 0.47936400
v 0.41503800 0.14451900 0.47984300
v 0.41838200 0.15131800 0.48106100
v 0.42200600 0.16374000 0.48266100
v 0.42600700 0.17714400 0.48396000
v 0.48404500 0.14731500 0.48288200
v 0.48160700 0.15627600 0.48371300
v 0.47503500 0.17670200 0.48533700
v 0.46659700 0.19760500 0.48572300
v 0.46225800 0.20658800 0.48527200
v 0.42994900 0.18571200 0.48480300
v 0.43288900 0.18297400 0.48548100
v 0.43783100 0.19241000 0.48588100
v 0.44283500 0.19774800 0.48606000
v 0.44782100 0.19916900 0.48628400
v 0.45281400 0.19682300 0.48661700
v 0.45783300 0.19073600 0.48693600
v 0.46277500 0.18097800 0.48693800
v 0.46575500 0.18389500 0.48655300
v 0.47742500 0.15089700 0.48393400
v 0.48084000 0.14439400 0.48305100
v 0.45142800 0.21248800 0.48494200
v 0.44701200 0.21354700 0.48473800
v 0.48402200 0.14745900 0.48399800
v 0.47087900 0.18493600 0.48687000
v 0.44697100 0.20922000 0.48610900
v 0.43175900 0.20293800 0.48501200
v 0.42432800 0.18596900 0.48454900
v 0.41187900 0.14745900 0.48060300
v 0.41505900 0.14481900 0.48108800
v 0.43000300 0.18328600 0.48587600
v 0.43295300 0.18069600 0.48650700
v 0.44281400 0.19456400 0.48728400
v 0.44779300 0.19591000 0.48753300
v 0.45278000 0.19368500 0.48782200
v 0.45776900 0.18794900 0.48804000
v 0.46265800 0.17883000 0.48793400
v 0.46564400 0.18158100 0.48759800
v 0.46953300 0.17409600 0.48713700
v 0.48081500 0.14470100 0.48417700
v 0.48438300 0.14758000 0.48456100
v 0.41699000 0.16356400 0.48319300
v 0.41149400 0.14758000 0.48113000
v 0.41818000 0.15085000 0.48276800
v 0.47375000 0.16033700 0.48665000
v 0.47760300 0.15047100 0.48554500
v 0.48115700 0.14509100 0.48476000
v 0.48223900 0.15399200 0.48554300
v 0.47906000 0.16085000 0.48630400
v 0.46717600 0.18282400 0.48825500
v 0.42165100 0.15905300 0.48440600
v 0.42571200 0.16831800 0.48573700
v 0.46293400 0.17066700 0.48865800
v 0.42930100 0.16896000 0.48669000
v 0.44775400 0.16918600 0.48918400
v 0.22765300 0.26420300 0.10776900
v 0.21734100 0.26656800 0.10256200
v 0.21473500 0.27039000 0.08713830
v 0.22095400 0.27073200 0.08254490
v 0.23126700 0.26836700 0.08775290
v 0.23492700 0.26575900 0.09733560
v 0.23235600 0.26420300 0.10542600
v 0.22275200 0.24042500 0.09793340
v 0.21171500 0.24588900 0.07635660
v 0.22245200 0.24496600 0.07504640
v 0.22963200 0.24242900 0.08256710
v 0.22745500 0.24042500 0.09559020
v 0.21711400 0.20542900 0.08667590
v 0.20708500 0.20772900 0.08161160
v 0.20370800 0.21093100 0.06928570
v 0.21323500 0.21144700 0.06228530
v 0.22062800 0.20947900 0.06721000
v 0.22400500 0.20627600 0.07953580
v 0.20192500 0.16871000 0.06665280
v 0.19929600 0.17120400 0.05705630
v 0.20272100 0.17195500 0.05206290
v 0.21072400 0.17068500 0.05363140
v 0.21484800 0.16871000 0.06021330
v 0.21329400 0.16692000 0.06882160
v 0.20602200 0.14891700 0.06314860
v 0.19995900 0.15009500 0.06101410
v 0.19583600 0.15206900 0.05443210
v 0.19624100 0.15360200 0.04752770
v 0.20095100 0.15386000 0.04405000
v 0.20875800 0.15206900 0.04799310
v 0.21138800 0.14957600 0.05758920
v 0.20573600 0.13802300 0.05811410
v 0.20014700 0.13851400 0.05875430
v 0.19208800 0.14065900 0.05338610
v 0.18820800 0.14342300 0.04322820
v 0.19093400 0.14507300 0.03465220
v 0.19879200 0.14471100 0.03232070
v 0.20685000 0.14256500 0.03768890
v 0.21053200 0.13907500 0.05112380
v 0.19759900 0.11450400 0.04178340
v 0.22290600 0.27753400 0.09199330
v 0.23427800 0.27030700 0.09385650
v 0.22703200 0.27176500 0.08386510
v 0.21535100 0.27198300 0.08765020
v 0.21537800 0.27066000 0.09998070
v 0.23375200 0.26029000 0.09066510
v 0.21485200 0.26064300 0.09678930
v 0.22209700 0.25918500 0.10678100
v 0.23377800 0.25896700 0.10299600
v 0.22622400 0.25341600 0.09865250
v 0.22616300 0.27690400 0.09212670
v 0.22929800 0.27540300 0.09250360
v 0.23207400 0.27314700 0.09309520
v 0.22394900 0.27734900 0.08907400
v 0.22504000 0.27626000 0.08663100
v 0.22609400 0.27435100 0.08484960
v 0.22038000 0.27741600 0.09023080
v 0.21817400 0.27638900 0.08885560
v 0.21645400 0.27453100 0.08797310
v 0.22038800 0.27701200 0.09399780
v 0.21818900 0.27561100 0.09610380
v 0.21647600 0.27343900 0.09814980
v 0.22396200 0.27669500 0.09516970
v 0.23333500 0.27138500 0.09061190
v 0.23172400 0.27201200 0.08772610
v 0.22956800 0.27214300 0.08541850
v 0.22378600 0.27265500 0.08352260
v 0.22059900 0.27299800 0.08407810
v 0.21771400 0.27276800 0.08548980
v 0.21415400 0.27243000 0.09041360
v 0.21374900 0.27234800 0.09355090
v 0.21416800 0.27174300 0.09682280
v 0.21775000 0.27102200 0.10176200
v 0.22383000 0.27048300 0.10375600
v 0.23538800 0.26787900 0.09268930
v 0.23567400 0.26526700 0.09172290
v 0.23511400 0.26267200 0.09103070
v 0.21344000 0.26646000 0.09167510
v 0.21622900 0.26783200 0.10266800
v 0.21771400 0.26482500 0.10479500
v 0.21972200 0.26186800 0.10620200
v 0.23293600 0.26137100 0.10425000
v 0.23569000 0.26449000 0.09897070
v 0.22940800 0.26908200 0.08444370
v 0.23141500 0.26612500 0.08585030
v 0.23290100 0.26311700 0.08797810
v 0.21401500 0.26827800 0.09961510
v 0.21345500 0.26568200 0.09892290
v 0.21374200 0.26307100 0.09795650
v 0.22329600 0.26155100 0.10737400
v 0.23138000 0.25992800 0.08888370
v 0.21579500 0.25956500 0.10003400
v 0.21740500 0.25893700 0.10292000
v 0.21956100 0.25880700 0.10522700
v 0.22853000 0.25795200 0.10656800
v 0.23141500 0.25818200 0.10515600
v 0.23497600 0.25851900 0.10023200
v 0.23538000 0.25860100 0.09709490
v 0.23496200 0.25920700 0.09382300
v 0.22874100 0.25393800 0.09664800
v 0.23094000 0.25533900 0.09454250
v 0.23265400 0.25751100 0.09249600
v 0.22516700 0.25425500 0.09547620
v 0.22300000 0.25836600 0.08933020
v 0.22296600 0.25404600 0.09851910
v 0.21983100 0.25554600 0.09814220
v 0.21705500 0.25780300 0.09755070
v 0.22518000 0.25360000 0.10157200
v 0.22409000 0.25468900 0.10401500
v 0.22303600 0.25659900 0.10579700
v 0.22874900 0.25353400 0.10041500
v 0.23095500 0.25456100 0.10179000
v 0.23267600 0.25641900 0.10267300
v 0.22730300 0.27636500 0.08927110
v 0.23055200 0.27434900 0.08976920
v 0.22849800 0.27476200 0.08693660
v 0.22145500 0.27688300 0.08735340
v 0.22260900 0.27528400 0.08500550
v 0.21929700 0.27534600 0.08607880
v 0.21785300 0.27654100 0.09233340
v 0.21567100 0.27500200 0.09109320
v 0.21567800 0.27462700 0.09458900
v 0.22147600 0.27581200 0.09732930
v 0.21932600 0.27389300 0.09961890
v 0.23056500 0.27368300 0.09597720
v 0.23625400 0.26484800 0.09534830
v 0.23615900 0.26161200 0.09794430
v 0.23615100 0.26198700 0.09444850
v 0.23007400 0.26321000 0.08606830
v 0.22675800 0.26350300 0.08498080
v 0.21509300 0.26672200 0.08840950
v 0.21491800 0.26349300 0.09097960
v 0.21512300 0.26524300 0.10219600
v 0.21494000 0.26238300 0.10132200
v 0.21699500 0.26197000 0.10415400
v 0.22820100 0.26408400 0.10648400
v 0.23400600 0.26570700 0.08845020
v 0.23213500 0.26898000 0.08649140
v 0.23418900 0.26856700 0.08932390
v 0.22092900 0.26686500 0.08416200
v 0.22232300 0.26984900 0.08327400
v 0.21287600 0.26610200 0.09529750
v 0.21297800 0.26896300 0.09619730
v 0.21297000 0.26933800 0.09270150
v 0.22097700 0.26447200 0.10646800
v 0.22237100 0.26744600 0.10566500
v 0.21905600 0.26774000 0.10457700
v 0.23421100 0.26745700 0.09966620
v 0.23216900 0.26726300 0.10249000
v 0.22765300 0.25513700 0.09331700
v 0.22980300 0.25705700 0.09102690
v 0.21856400 0.25726700 0.09466860
v 0.22182600 0.25458500 0.10137500
v 0.22063200 0.25618700 0.10370900
v 0.21857800 0.25660100 0.10087700
v 0.22767500 0.25406700 0.10329200
v 0.22983200 0.25560400 0.10456700
v 0.22652100 0.25566600 0.10564000
v 0.23127600 0.25440800 0.09831250
v 0.23345100 0.25632300 0.09605680
v 0.23345800 0.25594800 0.09955260
v 0.22560200 0.27747100 0.09595790
v 0.22167700 0.27370500 0.10173300
v 0.22331100 0.26739500 0.10731800
v 0.22948500 0.26249900 0.10920700
v 0.23684200 0.26167200 0.10637900
v 0.24076700 0.26543900 0.10060300
v 0.23913300 0.27174800 0.09501920
v 0.23295900 0.27664500 0.09313000
v 0.23415800 0.28125500 0.11881500
v 0.23216100 0.27637400 0.12551800
v 0.23603500 0.27008400 0.13094300
v 0.24334700 0.26632900 0.13169100
v 0.25012500 0.26715300 0.12735000
v 0.25212200 0.27203500 0.12064600
v 0.24354200 0.28125500 0.11413900
v 0.25042000 0.28986600 0.14588500
v 0.24672300 0.28617000 0.15239200
v 0.24890400 0.27997800 0.15911900
v 0.25560000 0.27517300 0.16184600
v 0.26317100 0.27436100 0.15909700
v 0.26686900 0.27805800 0.15259000
v 0.26468800 0.28424900 0.14586300
v 0.25799100 0.28905400 0.14313600
v 0.27077100 0.28097700 0.18722400
v 0.27805100 0.28184400 0.18245200
v 0.27996300 0.28697900 0.17472200
v 0.28373800 0.31039700 0.21275100
v 0.28022700 0.30487700 0.22198200
v 0.28677800 0.29719000 0.22913200
v 0.28868000 0.31039700 0.21028900
v 0.31626400 0.31674200 0.24937000
v 0.32029100 0.33454600 0.28610800
v 0.31682100 0.32905300 0.29542100
v 0.32342900 0.32140400 0.30268600
v 0.33127400 0.31910000 0.30195900
v 0.33715600 0.32299600 0.29364900
v 0.33278300 0.33093100 0.28487400
v 0.32523300 0.33454600 0.28364500
v 0.33279100 0.32711500 0.30852800
v 0.32706800 0.32420800 0.30837100
v 0.32429300 0.31933700 0.30471400
v 0.32621000 0.31555700 0.29984700
v 0.33177300 0.31491900 0.29641500
v 0.33749600 0.31782600 0.29657100
v 0.34027100 0.32269700 0.30022900
v 0.33835400 0.32647700 0.30509500
v 0.33645500 0.31609100 0.32040700
v 0.33112300 0.31282200 0.31842000
v 0.32949800 0.30860900 0.31324700
v 0.33259400 0.30609400 0.30813300
v 0.33873400 0.30664600 0.30585700
v 0.34406500 0.30991600 0.30784400
v 0.34569000 0.31412800 0.31301700
v 0.34259400 0.31664300 0.31813200
v 0.35832500 0.28644500 0.36272800
v 0.34879800 0.28262500 0.36158900
v 0.34365000 0.27622600 0.35429200
v 0.34611600 0.27126100 0.34541000
v 0.36437500 0.27424200 0.34090600
v 0.36952300 0.28064100 0.34820300
v 0.36705800 0.28560600 0.35708500
v 0.36028300 0.26442000 0.37527900
v 0.35466600 0.25992300 0.37089500
v 0.35581300 0.25443000 0.36155100
v 0.36527800 0.25443000 0.35683400
v 0.37201600 0.25823200 0.35955000
v 0.37419400 0.26313200 0.36629100
v 0.37045100 0.26605800 0.37282800
v 0.37599400 0.22024700 0.39019600
v 0.39915500 0.19563700 0.44292100
v 0.38973500 0.19126000 0.44043400
v 0.38815900 0.18516800 0.43122200
v 0.40414000 0.19563700 0.44043700
v 0.42113100 0.15029300 0.48727300
v 0.41133000 0.14574900 0.48467900
v 0.40968600 0.13942300 0.47509000
v 0.41533100 0.13751600 0.46914000
v 0.42587200 0.14073900 0.46919100
v 0.43018200 0.14730300 0.47784200
v 0.42631500 0.15029300 0.48468900
v 0.14126400 0.31154900 0.43533200
v 0.14403100 0.30767500 0.44228800
v 0.15022800 0.30154500 0.44484800
v 0.15596900 0.29700100 0.44140200
v 0.15813800 0.29651000 0.43382800
v 0.15537100 0.30038400 0.42687200
v 0.14917400 0.30651500 0.42431200
v 0.14343300 0.31105800 0.42775800
v 0.15893800 0.32081600 0.44175000
v 0.16359100 0.31605700 0.44779600
v 0.17081300 0.31020600 0.44844600
v 0.17607400 0.30693200 0.44329900
v 0.17651200 0.30801700 0.43514500
v 0.16072100 0.32122600 0.43135800
v 0.15937700 0.32190100 0.43359700
v 0.18176200 0.33732700 0.44403400
v 0.18508700 0.33368500 0.45123700
v 0.19224800 0.32795000 0.45402800
v 0.19875600 0.32371800 0.45065300
v 0.20107800 0.32328500 0.44295000
v 0.19775400 0.32692700 0.43574800
v 0.19059300 0.33266200 0.43295700
v 0.18408500 0.33689400 0.43633200
v 0.22077700 0.33657300 0.45304900
v 0.22118400 0.33769900 0.44422900
v 0.21576400 0.34256900 0.43761600
v 0.23489400 0.37639100 0.45528500
v 0.25063900 0.36429400 0.46375900
v 0.23583300 0.37660700 0.44981200
v 0.27263300 0.39395100 0.45031000
v 0.29271000 0.42112000 0.46748700
v 0.29844800 0.41590400 0.47633800
v 0.30861100 0.40914300 0.47599400
v 0.31278600 0.40736100 0.46940700
v 0.30936600 0.41121000 0.45934000
v 0.29929500 0.41833400 0.45694800
v 0.29364900 0.42133600 0.46201400
v 0.31378900 0.41995000 0.47519100
v 0.30919200 0.41904600 0.47958200
v 0.30305000 0.41638500 0.47957700
v 0.29921500 0.41363500 0.47517600
v 0.29976700 0.41228900 0.46877100
v 0.30436400 0.41319300 0.46438000
v 0.31050600 0.41585400 0.46438400
v 0.31434100 0.41860500 0.46878600
v 0.31998700 0.40560200 0.48082600
v 0.31417600 0.40473300 0.48374900
v 0.30788900 0.40273200 0.48184700
v 0.30506600 0.40085200 0.47631800
v 0.30724600 0.40011700 0.47016300
v 0.31305700 0.40098600 0.46724100
v 0.31934400 0.40298700 0.46914200
v 0.32216700 0.40486600 0.47467100
v 0.35102100 0.36065500 0.49367500
v 0.34315000 0.36031900 0.50035200
v 0.33243700 0.35793500 0.49985400
v 0.32560200 0.35499700 0.49248600
v 0.33422300 0.35343800 0.47558000
v 0.34493600 0.35582300 0.47607800
v 0.35177100 0.35876000 0.48344500
v 0.35234500 0.33656100 0.50168500
v 0.34418000 0.33528800 0.50333000
v 0.33603900 0.33238700 0.49668800
v 0.33820600 0.33079400 0.48646000
v 0.34556500 0.33153500 0.48292000
v 0.35355900 0.33358500 0.48538700
v 0.35717700 0.33565700 0.49230800
v 0.35458600 0.28741500 0.50215300
v 0.39575100 0.24394000 0.52052200
v 0.38676500 0.24341700 0.52627100
v 0.37689500 0.24074900 0.52180700
v 0.39689200 0.24310100 0.51513500
v 0.42206900 0.18404200 0.53554000
v 0.41272000 0.18350800 0.54151700
v 0.40245000 0.18074500 0.53687200
v 0.40076000 0.17887900 0.52883700
v 0.40821300 0.17865400 0.52071900
v 0.41946300 0.18108100 0.52272400
v 0.42325500 0.18316900 0.52993900
v 0.15452600 0.29762800 0.43571300
v 0.14561200 0.30116900 0.44084900
v 0.13594300 0.30613900 0.43536900
v 0.13443100 0.30765700 0.42725400
v 0.14157400 0.30515700 0.41983400
v 0.14990900 0.30123200 0.42104500
v 0.15571000 0.29764600 0.43025600
v 0.13479600 0.27136500 0.42653000
v 0.10587100 0.23637300 0.42681400
v 0.09769150 0.23962100 0.43152500
v 0.08882000 0.24418100 0.42649800
v 0.08743640 0.24557300 0.41905400
v 0.08978850 0.24494900 0.41466700
v 0.09650080 0.24216600 0.41193500
v 0.10537200 0.23760600 0.41696200
v 0.06776880 0.19873900 0.42426000
v 0.06085940 0.20228900 0.42034600
v 0.05978190 0.20337300 0.41455000
v 0.06488430 0.20158800 0.40925000
v 0.07083780 0.19878400 0.41011500
v 0.07498010 0.19622200 0.41669400
v 0.05919500 0.17743800 0.41793000
v 0.05478430 0.17909900 0.42135600
v 0.04883080 0.18190300 0.42049200
v 0.04506580 0.18409200 0.41587400
v 0.04553540 0.18447700 0.41001400
v 0.05189980 0.18194800 0.40634600
v 0.05880920 0.17839800 0.41026000
v 0.05092290 0.16605100 0.41445900
v 0.04836120 0.16673100 0.41924100
v 0.04104090 0.16976500 0.42221900
v 0.03315460 0.17369700 0.41893600
v 0.02964540 0.17606200 0.41145700
v 0.03242510 0.17557300 0.40384300
v 0.03974540 0.17253900 0.40086500
v 0.04941360 0.16756900 0.40634500
v 0.02506710 0.14216500 0.40936400
v 0.15074500 0.31069300 0.43069900
v 0.15573400 0.30091200 0.43072400
v 0.15039300 0.30461900 0.42155300
v 0.14128900 0.31020900 0.42438600
v 0.14100300 0.30995800 0.43530700
v 0.14993000 0.30421200 0.43922400
v 0.14936000 0.29438400 0.42442500
v 0.14043300 0.30013000 0.42050800
v 0.13463000 0.30342900 0.42900800
v 0.13997100 0.29972300 0.43817900
v 0.14907500 0.29413300 0.43534600
v 0.13961900 0.29364900 0.42903300
v 0.15465400 0.30644000 0.43086000
v 0.15136500 0.30995200 0.42801400
v 0.15151500 0.30861900 0.42547000
v 0.15118200 0.30679500 0.42326000
v 0.14858400 0.31166000 0.42887900
v 0.14616400 0.31190500 0.42713400
v 0.14366900 0.31140900 0.42559800
v 0.14849600 0.31158300 0.43221600
v 0.14599500 0.31175700 0.43355400
v 0.14343300 0.31120100 0.43461100
v 0.15122400 0.30982800 0.43341300
v 0.15124300 0.30838000 0.43585600
v 0.15080100 0.30645900 0.43784400
v 0.15444700 0.30287000 0.42548400
v 0.15270600 0.30380700 0.42326800
v 0.14829300 0.30664700 0.42133100
v 0.14595600 0.30833500 0.42175900
v 0.14356100 0.30955300 0.42280400
v 0.14069200 0.31118400 0.42700500
v 0.14043700 0.31147300 0.42984300
v 0.14054400 0.31105400 0.43268200
v 0.14318400 0.30922100 0.43721500
v 0.14551700 0.30794800 0.43856400
v 0.14782400 0.30623500 0.43925100
v 0.15232500 0.30347100 0.43785100
v 0.15534100 0.30175600 0.43343300
v 0.15516700 0.29875300 0.42891200
v 0.15384000 0.29685400 0.42717200
v 0.15185400 0.29536000 0.42563800
v 0.14803100 0.30356800 0.42014700
v 0.14545300 0.30241000 0.41948000
v 0.14285500 0.30123400 0.41960300
v 0.13874500 0.30918900 0.42508100
v 0.13669100 0.30763500 0.42614100
v 0.13528400 0.30566600 0.42748400
v 0.14014100 0.30785000 0.43689600
v 0.13966300 0.30530900 0.43795000
v 0.13960400 0.30253000 0.43838900
v 0.15029000 0.30140000 0.43926300
v 0.15026100 0.29864600 0.43858700
v 0.14984600 0.29616100 0.43724800
v 0.15508000 0.29867700 0.43224800
v 0.15367200 0.29670700 0.43359100
v 0.15161900 0.29515300 0.43465100
v 0.15075900 0.30181200 0.42134300
v 0.15070100 0.29903300 0.42178200
v 0.15022200 0.29649200 0.42283600
v 0.14051800 0.30818100 0.42248400
v 0.14010200 0.30569600 0.42114500
v 0.14007300 0.30294200 0.42046900
v 0.13850900 0.30898200 0.43409400
v 0.13652400 0.30748800 0.43256000
v 0.13519700 0.30558800 0.43082000
v 0.14750900 0.30310800 0.44012900
v 0.14491000 0.30193200 0.44025200
v 0.14233200 0.30077400 0.43958500
v 0.14717900 0.29512100 0.42251700
v 0.14484700 0.29639400 0.42116800
v 0.14253900 0.29810700 0.42048100
v 0.13803900 0.30087100 0.42188100
v 0.13502300 0.30258600 0.42629900
v 0.13591600 0.30147200 0.43424800
v 0.13765700 0.30053600 0.43646400
v 0.14207000 0.29769500 0.43840100
v 0.14440700 0.29600700 0.43797300
v 0.14680300 0.29478900 0.43692800
v 0.14967100 0.29315800 0.43272700
v 0.14992600 0.29286900 0.42988900
v 0.14982000 0.29328900 0.42705000
v 0.14186700 0.29275900 0.42751600
v 0.14436800 0.29258500 0.42617800
v 0.14693100 0.29314100 0.42512100
v 0.13914000 0.29451400 0.42631900
v 0.13912000 0.29596200 0.42387600
v 0.13956300 0.29788300 0.42188800
v 0.13571000 0.29790200 0.42887200
v 0.13899800 0.29439000 0.43171800
v 0.13884900 0.29572300 0.43426200
v 0.13918100 0.29754700 0.43647200
v 0.14178000 0.29268200 0.43085300
v 0.14420000 0.29243700 0.43259700
v 0.14669500 0.29293300 0.43413400
v 0.15494300 0.30504200 0.42806900
v 0.15342900 0.30609200 0.42546900
v 0.14902700 0.31067800 0.42611900
v 0.14893400 0.30898500 0.42349700
v 0.14635400 0.31057000 0.42430000
v 0.14612600 0.31232800 0.43036900
v 0.14343200 0.31223100 0.42858000
v 0.14335100 0.31216000 0.43167600
v 0.14879600 0.31047500 0.43495400
v 0.14604000 0.31029400 0.43629200
v 0.14857100 0.30866500 0.43740300
v 0.15315400 0.30585100 0.43597700
v 0.15419700 0.29650300 0.43040800
v 0.15233500 0.29454600 0.43172000
v 0.15241600 0.29461800 0.42862300
v 0.14822600 0.30064700 0.42015500
v 0.14793600 0.29772600 0.42093200
v 0.14540600 0.29935500 0.41982100
v 0.13804800 0.30689700 0.42332300
v 0.13777000 0.30404400 0.42219700
v 0.13612400 0.30498000 0.42460700
v 0.13772800 0.30661600 0.43553200
v 0.13588500 0.30476900 0.43376700
v 0.13739900 0.30371800 0.43636700
v 0.14770900 0.30019200 0.43991100
v 0.14488700 0.29889900 0.43965200
v 0.14746700 0.29731400 0.43884900
v 0.15263500 0.29772600 0.42420000
v 0.15296500 0.30062400 0.42336500
v 0.15447900 0.29957300 0.42596500
v 0.14265400 0.30415000 0.41982000
v 0.14289600 0.30702800 0.42088300
v 0.14547700 0.30544300 0.42008000
v 0.13616600 0.30783900 0.42932400
v 0.13794700 0.30972400 0.43110900
v 0.13802800 0.30979600 0.42801200
v 0.14213700 0.30369500 0.43957600
v 0.14495800 0.30498700 0.43991100
v 0.14242700 0.30661600 0.43880000
v 0.15231600 0.29744500 0.43641000
v 0.15423900 0.29936200 0.43512500
v 0.15259400 0.30029800 0.43753500
v 0.14156700 0.29386700 0.42477800
v 0.14179300 0.29567700 0.42232900
v 0.14432300 0.29404800 0.42344000
v 0.13720900 0.29849100 0.42375500
v 0.13693400 0.29824900 0.43426300
v 0.13542000 0.29930000 0.43166300
v 0.14133600 0.29366400 0.43361300
v 0.14401000 0.29377200 0.43543200
v 0.14142900 0.29535700 0.43623500
v 0.14423800 0.29201400 0.42936300
v 0.14701200 0.29218200 0.42805600
v 0.14693100 0.29211100 0.43115200
v 0.13877700 0.30483900 0.57298600
v 0.14245400 0.30107900 0.57908500
v 0.14874000 0.29467100 0.58012800
v 0.15369300 0.28963300 0.57545600
v 0.15462600 0.28870000 0.56761100
v 0.15094900 0.29246000 0.56151200
v 0.14466400 0.29886700 0.56046900
v 0.13971000 0.30390500 0.56514100
v 0.15805300 0.31293600 0.57558100
v 0.16342600 0.30812900 0.58037200
v 0.17044900 0.30185000 0.57934100
v 0.17471900 0.29803500 0.57314000
v 0.17391100 0.29876100 0.56513400
v 0.15819700 0.31281200 0.56509500
v 0.15724500 0.31366300 0.56757500
v 0.18223400 0.32764900 0.57317500
v 0.18652300 0.32408600 0.57939700
v 0.19383500 0.31800700 0.58046400
v 0.19958700 0.31322400 0.57570000
v 0.20065700 0.31233100 0.56769900
v 0.19636900 0.31589300 0.56147600
v 0.18905700 0.32197200 0.56041000
v 0.18330500 0.32675600 0.56517300
v 0.22277800 0.32439100 0.57351000
v 0.22183400 0.32513400 0.56486400
v 0.21560700 0.33008500 0.55968800
v 0.23951500 0.36274600 0.57335400
v 0.25599600 0.34997500 0.57798200
v 0.23959100 0.36268000 0.56783200
v 0.27755300 0.37712200 0.56068700
v 0.30196200 0.40312700 0.57355100
v 0.30884800 0.39789800 0.58082900
v 0.31861200 0.39046500 0.57817900
v 0.32164400 0.38814800 0.57084000
v 0.31681200 0.39181200 0.56185500
v 0.30672100 0.39949000 0.56182900
v 0.30203800 0.40306200 0.56802900
v 0.14934800 0.28271000 0.57546800
v 0.14142000 0.28624800 0.58285100
v 0.13049500 0.29126500 0.58024000
v 0.12726100 0.29282400 0.57285600
v 0.13291800 0.29034100 0.56376400
v 0.14159700 0.28639100 0.56263900
v 0.14939700 0.28274900 0.56990000
v 0.12948200 0.25666900 0.56929200
v 0.10297400 0.22192300 0.57382200
v 0.09570420 0.22516900 0.58059500
v 0.08567970 0.22977200 0.57819900
v 0.08271130 0.23120200 0.57142600
v 0.08416620 0.23059200 0.56656400
v 0.09037960 0.22780500 0.56209500
v 0.10040000 0.22320200 0.56449100
v 0.06699320 0.18459600 0.57760100
v 0.05919080 0.18818000 0.57573600
v 0.05688060 0.18929300 0.57046200
v 0.06092230 0.18752000 0.56396800
v 0.06711900 0.18469800 0.56316400
v 0.07269100 0.18209700 0.56835000
v 0.05843190 0.16344100 0.57189400
v 0.05469630 0.16509700 0.57639700
v 0.04849540 0.16791800 0.57720100
v 0.04372000 0.17013600 0.57379600
v 0.04296120 0.17054800 0.56803700
v 0.04862120 0.16802000 0.56276300
v 0.05642780 0.16443700 0.56462900
v 0.05020180 0.15214600 0.56964200
v 0.04861700 0.15281100 0.57494200
v 0.04184590 0.15584900 0.57981300
v 0.03318400 0.15981400 0.57882300
v 0.02806480 0.16222100 0.57259900
v 0.02927230 0.16175900 0.56451800
v 0.03604330 0.15872200 0.55964700
v 0.04696510 0.15370500 0.56225900
v 0.02500000 0.12847900 0.56907500
v 0.14283800 0.29030100 0.56359800
v 0.13202800 0.29507600 0.56627000
v 0.13120900 0.29518600 0.57710800
v 0.14151400 0.29047800 0.58113400
v 0.14496800 0.28022800 0.56713300
v 0.13466400 0.28493600 0.56310700
v 0.13334000 0.28511400 0.58064300
v 0.14415000 0.28033800 0.57797100
v 0.14348800 0.29500000 0.57243100
v 0.14764500 0.29023000 0.57270800
v 0.14169700 0.29586800 0.56962400
v 0.14280700 0.29257500 0.56512700
v 0.13839400 0.29732700 0.57044100
v 0.13606200 0.29728700 0.56875800
v 0.13388500 0.29651700 0.56733200
v 0.13814400 0.29736000 0.57375200
v 0.13558100 0.29735100 0.57512900
v 0.13321000 0.29660700 0.57627600
v 0.14129200 0.29592200 0.57498200
v 0.14163800 0.29458400 0.57749500
v 0.14171400 0.29272200 0.57959900
v 0.14829700 0.28829400 0.57006400
v 0.14525000 0.28977100 0.56529000
v 0.14015600 0.29209900 0.56329900
v 0.13731700 0.29356300 0.56367200
v 0.13453700 0.29458100 0.56468800
v 0.13098500 0.29607400 0.56881600
v 0.13048200 0.29643500 0.57161300
v 0.13056000 0.29613100 0.57444900
v 0.13345700 0.29472600 0.57899000
v 0.13605800 0.29373200 0.58035000
v 0.13881400 0.29227900 0.58108300
v 0.14415700 0.28991800 0.57976200
v 0.14894800 0.28521700 0.57114400
v 0.14837000 0.28316500 0.56957900
v 0.14700800 0.28145900 0.56820700
v 0.14096200 0.28900100 0.56233300
v 0.13886700 0.28760300 0.56181300
v 0.13671300 0.28621300 0.56207800
v 0.12984500 0.29386500 0.56708900
v 0.12828900 0.29218500 0.56829100
v 0.12748000 0.29016400 0.56978500
v 0.13096000 0.29308700 0.57884000
v 0.13125400 0.29057900 0.58006100
v 0.13206800 0.28785200 0.58067800
v 0.14276700 0.28774300 0.58134700
v 0.14366500 0.28500400 0.58085700
v 0.14413800 0.28247200 0.57970200
v 0.14869800 0.28525100 0.57445600
v 0.14788900 0.28323000 0.57594900
v 0.14633300 0.28154900 0.57715200
v 0.14411000 0.28756200 0.56356300
v 0.14492400 0.28483500 0.56418000
v 0.14521700 0.28232700 0.56540100
v 0.13204000 0.29294300 0.56453800
v 0.13251300 0.29041000 0.56338400
v 0.13341000 0.28767200 0.56289400
v 0.12916900 0.29395600 0.57603300
v 0.12780800 0.29225000 0.57466200
v 0.12722900 0.29019700 0.57309600
v 0.13946500 0.28920200 0.58216300
v 0.13731000 0.28781200 0.58242800
v 0.13521600 0.28641400 0.58190800
v 0.14272000 0.28068800 0.56525100
v 0.14012000 0.28168300 0.56389100
v 0.13736500 0.28313500 0.56315800
v 0.13202100 0.28549600 0.56447900
v 0.12788000 0.28712000 0.57417600
v 0.13092800 0.28564300 0.57895100
v 0.13602200 0.28331600 0.58094100
v 0.13886000 0.28185200 0.58056800
v 0.14164100 0.28083300 0.57955200
v 0.14519300 0.27934000 0.57542500
v 0.14569500 0.27898000 0.57262800
v 0.14561900 0.27928300 0.56979100
v 0.13803400 0.27805400 0.57048900
v 0.14059700 0.27806400 0.56911200
v 0.14296800 0.27880700 0.56796400
v 0.13488600 0.27949200 0.56925900
v 0.13454000 0.28083100 0.56674600
v 0.13446400 0.28269300 0.56464200
v 0.13269000 0.28041500 0.57181000
v 0.13448100 0.27954600 0.57461600
v 0.13337200 0.28283900 0.57911400
v 0.13778400 0.27808700 0.57380000
v 0.14011500 0.27812800 0.57548200
v 0.14229300 0.27889800 0.57690900
v 0.14509100 0.29216600 0.56730300
v 0.13929900 0.29630400 0.56776000
v 0.13990300 0.29453600 0.56527600
v 0.13683800 0.29589000 0.56603400
v 0.13570500 0.29781300 0.57193400
v 0.13322000 0.29741000 0.57023700
v 0.13298800 0.29744100 0.57331000
v 0.13863700 0.29639200 0.57652700
v 0.13594000 0.29601000 0.57793400
v 0.13886100 0.29467500 0.57907600
v 0.14430300 0.29227100 0.57773100
v 0.14634100 0.29141500 0.57536400
v 0.14864600 0.28296500 0.57279800
v 0.14739200 0.28091500 0.57427000
v 0.14762400 0.28088300 0.57119800
v 0.14209100 0.28614300 0.56252700
v 0.14270600 0.28326700 0.56349300
v 0.13978500 0.28460200 0.56235100
v 0.13000500 0.29148200 0.56551400
v 0.13071800 0.28860800 0.56459200
v 0.12868100 0.28946400 0.56695900
v 0.12909000 0.29160500 0.57763100
v 0.12799400 0.28955600 0.57604900
v 0.12965600 0.28875000 0.57865400
v 0.14061100 0.28634100 0.58213200
v 0.13829900 0.28480100 0.58203100
v 0.14136400 0.28344700 0.58127300
v 0.14708700 0.28381000 0.56661000
v 0.14652100 0.28666400 0.56558700
v 0.14818300 0.28585800 0.56819100
v 0.13556700 0.28907300 0.56210900
v 0.13481400 0.29196700 0.56296800
v 0.13787800 0.29061300 0.56221000
v 0.12753200 0.29244900 0.57144300
v 0.12855400 0.29453100 0.57304300
v 0.12878600 0.29450000 0.56997100
v 0.13408600 0.28927200 0.58171400
v 0.13639300 0.29081200 0.58189000
v 0.13347100 0.29214700 0.58074800
v 0.14617200 0.28393200 0.57872600
v 0.14749700 0.28595000 0.57728200
v 0.14546000 0.28680600 0.57964800
v 0.13754100 0.27902200 0.56771300
v 0.13731700 0.28073900 0.56516500
v 0.14023800 0.27940400 0.56630600
v 0.12983700 0.28399900 0.56887700
v 0.13187400 0.28314300 0.56651000
v 0.13108700 0.28324900 0.57693800
v 0.12942500 0.28405400 0.57433300
v 0.13687900 0.27911100 0.57648100
v 0.13933900 0.27952500 0.57820700
v 0.13627500 0.28087800 0.57896500
v 0.14047300 0.27760100 0.57230600
v 0.14318900 0.27797300 0.57093100
v 0.14295700 0.27800400 0.57400400
v 0.31986600 0.40150800 0.56928400
v 0.31623400 0.39969800 0.57426000
v 0.31020100 0.39689300 0.57499000
v 0.30554900 0.39485000 0.57101000
v 0.30480300 0.39467900 0.56448700
v 0.30843500 0.39648900 0.55951000
v 0.31446800 0.39929500 0.55878100
v 0.31912000 0.40133700 0.56276100
v 0.32698800 0.38658500 0.57090800
v 0.32187300 0.38503300 0.57471600
v 0.31532300 0.38320800 0.57376400
v 0.31144200 0.38225400 0.56865600
v 0.31234500 0.38268900 0.56216200
v 0.31745900 0.38424100 0.55835400
v 0.32401000 0.38606600 0.55930500
v 0.32789100 0.38702000 0.56441400
v 0.35972100 0.34104800 0.56907400
v 0.35334000 0.33929000 0.57700200
v 0.34273100 0.33670400 0.57820800
v 0.33454600 0.33491100 0.57192900
v 0.33960800 0.33664300 0.55365400
v 0.35021700 0.33922900 0.55244700
v 0.35840200 0.34102100 0.55872600
v 0.36248900 0.31596800 0.57219400
v 0.35481000 0.31417300 0.57516300
v 0.34549100 0.31224600 0.56984700
v 0.34556200 0.31256000 0.55927600
v 0.35206900 0.31414400 0.55454600
v 0.36040600 0.31596900 0.55571400
v 0.36534500 0.31689000 0.56204200
v 0.36451300 0.26761100 0.56335800
v 0.40828300 0.22285400 0.56510700
v 0.40062400 0.22104400 0.57232800
v 0.39004700 0.21890700 0.56949500
v 0.40832000 0.22301900 0.55954100
v 0.43674800 0.16207900 0.56360400
v 0.42877800 0.16020700 0.57111300
v 0.41777200 0.15799700 0.56816800
v 0.41450200 0.15753500 0.56042300
v 0.42018100 0.15898300 0.55108800
v 0.43161800 0.16136100 0.55123500
v 0.43678600 0.16225100 0.55781400
v 0.15999800 0.29287500 0.76475300
v 0.16713800 0.29031100 0.76802200
v 0.17349000 0.28399100 0.76651100
v 0.17506900 0.27787800 0.76116300
v 0.17102100 0.27529000 0.75488700
v 0.16388200 0.27785300 0.75161900
v 0.15752900 0.28417300 0.75313000
v 0.15595100 0.29028600 0.75847700
v 0.17623800 0.30010700 0.75328000
v 0.18403100 0.29616400 0.75478200
v 0.18966700 0.28949300 0.75123100
v 0.18961700 0.28427900 0.74485700
v 0.18390200 0.28335700 0.73912200
v 0.16982800 0.29779400 0.74529400
v 0.17052300 0.29918500 0.74754500
v 0.19261000 0.31238800 0.73355700
v 0.20029700 0.31000500 0.73650700
v 0.20745300 0.30394900 0.73432200
v 0.20958800 0.29801500 0.72836800
v 0.20554900 0.29542600 0.72188200
v 0.19786200 0.29780900 0.71893300
v 0.19070500 0.30386500 0.72111800
v 0.18857000 0.30979900 0.72707200
v 0.22566600 0.30698200 0.71022000
v 0.21944000 0.30595100 0.70407900
v 0.21070800 0.31000200 0.70276600
v 0.23503200 0.34294300 0.69123000
v 0.25245200 0.33065200 0.68777100
v 0.23165600 0.34172500 0.68702500
v 0.25615100 0.35196300 0.65550900
v 0.28106200 0.37829500 0.64459700
v 0.29166200 0.37437500 0.64716700
v 0.29860600 0.36609900 0.64101300
v 0.29670000 0.36216200 0.63417700
v 0.28684400 0.36409800 0.62944300
v 0.27794400 0.37207300 0.63371500
v 0.27768600 0.37707700 0.64039200
v 0.30022500 0.36590200 0.63257500
v 0.28905400 0.36779000 0.62966200
v 0.27758400 0.36968100 0.63859000
v 0.28166600 0.36896300 0.64702100
v 0.29565900 0.36662700 0.64330400
v 0.29631700 0.36109300 0.62783100
v 0.28232400 0.36342900 0.63154800
v 0.27775800 0.36415400 0.64227700
v 0.28892800 0.36226600 0.64519100
v 0.30039800 0.36037500 0.63626200
v 0.28893800 0.36919600 0.63156700
v 0.27947200 0.37075700 0.63893600
v 0.28284100 0.37016400 0.64589500
v 0.29438900 0.36823700 0.64282600
v 0.29828200 0.36659300 0.63105000
v 0.28232300 0.36938700 0.63354600
v 0.27959600 0.36971200 0.63601400
v 0.27733900 0.37007000 0.64131800
v 0.27798100 0.37007600 0.64375000
v 0.27946100 0.36969700 0.64570000
v 0.28498300 0.36876400 0.64714100
v 0.28860500 0.36828100 0.64652100
v 0.29225600 0.36755000 0.64520900
v 0.29792600 0.36661500 0.64079500
v 0.29951300 0.36648200 0.63802900
v 0.30030000 0.36623800 0.63521800
v 0.30050100 0.36454700 0.63049100
v 0.29990000 0.36322900 0.62893500
v 0.29846900 0.36204700 0.62802500
v 0.28700600 0.36681900 0.62922200
v 0.28510900 0.36571100 0.62940800
v 0.28350800 0.36455200 0.63020300
v 0.27614500 0.36860100 0.63986900
v 0.27568300 0.36725000 0.64096200
v 0.27623500 0.36572900 0.64178500
v 0.28292700 0.36743200 0.64771700
v 0.28464900 0.36571800 0.64763000
v 0.28670100 0.36395100 0.64676600
v 0.29797900 0.36492600 0.64192100
v 0.29961500 0.36323300 0.64019700
v 0.30044300 0.36167600 0.63826100
v 0.30174800 0.36432800 0.63306700
v 0.30229900 0.36280700 0.63389000
v 0.30183800 0.36145500 0.63498300
v 0.29128100 0.36610500 0.62808600
v 0.29333400 0.36433800 0.62722200
v 0.29505600 0.36262400 0.62713500
v 0.27754000 0.36838000 0.63659100
v 0.27836700 0.36682300 0.63465500
v 0.28000400 0.36513000 0.63293100
v 0.27951300 0.36800800 0.64682700
v 0.27808200 0.36682700 0.64591800
v 0.27748200 0.36550900 0.64436100
v 0.29447500 0.36550400 0.64464900
v 0.29287400 0.36434500 0.64544500
v 0.29097600 0.36323700 0.64563000
v 0.29300000 0.36129200 0.62771100
v 0.28937800 0.36177500 0.62833100
v 0.28572600 0.36250600 0.62964400
v 0.28005600 0.36344100 0.63405800
v 0.27846900 0.36357400 0.63682300
v 0.27768300 0.36381800 0.63963400
v 0.27970100 0.36346300 0.64380200
v 0.29566000 0.36067000 0.64130600
v 0.29838600 0.36034400 0.63883800
v 0.30064400 0.35998600 0.63353400
v 0.30000200 0.35998000 0.63110200
v 0.29852200 0.36035900 0.62915100
v 0.29514200 0.35989200 0.62895800
v 0.28359400 0.36182000 0.63202600
v 0.27982500 0.36241800 0.64088100
v 0.29851100 0.35929900 0.63591600
v 0.29240900 0.36901500 0.63190300
v 0.28211200 0.37072700 0.63630500
v 0.28299000 0.37150300 0.64186200
v 0.27981400 0.37109200 0.64170700
v 0.28097100 0.37088800 0.64409700
v 0.28857500 0.37055800 0.64331900
v 0.28659500 0.36993800 0.64556400
v 0.29056100 0.36927600 0.64451000
v 0.29633600 0.36832400 0.64001500
v 0.29763100 0.36811800 0.63697300
v 0.30172300 0.36291400 0.63110300
v 0.30182100 0.36133000 0.63212200
v 0.30066300 0.36153300 0.62973200
v 0.28923400 0.36502500 0.62784600
v 0.29129400 0.36311700 0.62728800
v 0.28732700 0.36377900 0.62834200
v 0.27641000 0.36714000 0.63782800
v 0.27770600 0.36536500 0.63583100
v 0.27641200 0.36557100 0.63887200
v 0.28097300 0.36633600 0.64725500
v 0.27983500 0.36496800 0.64594400
v 0.28300300 0.36443300 0.64677000
v 0.29661800 0.36372500 0.64309900
v 0.29473900 0.36247400 0.64365200
v 0.29799100 0.36193800 0.64112100
v 0.29701000 0.36371900 0.62759700
v 0.29498000 0.36562300 0.62808200
v 0.29814700 0.36508800 0.62890800
v 0.28136500 0.36633100 0.63175400
v 0.27999200 0.36811800 0.63373100
v 0.28324400 0.36758200 0.63120000
v 0.27626000 0.36714200 0.64374900
v 0.27731900 0.36852300 0.64512100
v 0.27616200 0.36872600 0.64273000
v 0.28874900 0.36503100 0.64700600
v 0.29065600 0.36627700 0.64651000
v 0.28668900 0.36693900 0.64756400
v 0.30157300 0.36291600 0.63702400
v 0.30157100 0.36448500 0.63598000
v 0.30027600 0.36469000 0.63902200
v 0.28940700 0.35949700 0.63153300
v 0.28742100 0.36078000 0.63034200
v 0.29138800 0.36011800 0.62928800
v 0.28367200 0.36044300 0.63599700
v 0.28035200 0.36193800 0.63787900
v 0.28164700 0.36173200 0.63483700
v 0.28571300 0.36008400 0.64021300
v 0.28557400 0.36104100 0.64295000
v 0.28240700 0.36157600 0.64212400
v 0.29261900 0.35986500 0.64107800
v 0.29499300 0.35855400 0.63299000
v 0.29701200 0.35916800 0.63075500
v 0.29816900 0.35896400 0.63314600
v 0.16795800 0.27958500 0.76194700
v 0.16542200 0.28333200 0.77235300
v 0.15405600 0.28712300 0.77666000
v 0.14662200 0.28753500 0.77274800
v 0.14607700 0.28445000 0.76232300
v 0.15313700 0.28109500 0.75639000
v 0.16457300 0.27896900 0.75754900
v 0.15559100 0.25094300 0.76810600
v 0.14691700 0.21424000 0.78634800
v 0.14459100 0.21767800 0.79589400
v 0.13416300 0.22115600 0.79984800
v 0.12734300 0.22153400 0.79625900
v 0.12564800 0.22047000 0.79159700
v 0.12844500 0.21767500 0.78447600
v 0.13887200 0.21419800 0.78052400
v 0.13112000 0.17403300 0.80940700
v 0.12300200 0.17674000 0.81248000
v 0.11769200 0.17703500 0.80968800
v 0.11730300 0.17483100 0.80224200
v 0.12234500 0.17243500 0.79800300
v 0.13051400 0.17091600 0.79883300
v 0.12651600 0.15133800 0.80951200
v 0.12595200 0.15321400 0.81522200
v 0.12090900 0.15561000 0.81945700
v 0.11454800 0.15702400 0.81956600
v 0.11032300 0.15668900 0.81549000
v 0.11213400 0.15401200 0.80805700
v 0.12025200 0.15130500 0.80498000
v 0.12171300 0.13900000 0.81230000
v 0.12356100 0.14015900 0.81737700
v 0.12051200 0.14320600 0.82514200
v 0.11216700 0.14632700 0.82940100
v 0.10376200 0.14756600 0.82749800
v 0.09986330 0.14624800 0.82045400
v 0.10291100 0.14320200 0.81269400
v 0.11427900 0.13941200 0.80838800
v 0.10803600 0.11294800 0.82596300
v 0.16539800 0.29129400 0.76517600
v 0.15601100 0.28823700 0.75841800
v 0.14485200 0.28358900 0.76453300
v 0.14734300 0.28377400 0.77507100
v 0.16004100 0.28853600 0.77546900
v 0.16736600 0.28442200 0.75764500
v 0.15466800 0.27966000 0.75724800
v 0.14931100 0.27690200 0.76754000
v 0.15869800 0.27995900 0.77429800
v 0.16985700 0.28460700 0.76818300
v 0.16219900 0.29207900 0.76632300
v 0.14869000 0.28945700 0.76833900
v 0.14655500 0.28772600 0.76709300
v 0.14524200 0.28571900 0.76579200
v 0.14945100 0.28951300 0.77155900
v 0.14801900 0.28783400 0.77328800
v 0.14729900 0.28587200 0.77448900
v 0.15333000 0.29096800 0.77168000
v 0.15777800 0.28980200 0.77481700
v 0.16129300 0.29076100 0.76099600
v 0.14921600 0.28623200 0.76061900
v 0.14662600 0.28494300 0.76242700
v 0.14397800 0.28357900 0.76751400
v 0.14412100 0.28360800 0.77040700
v 0.14527200 0.28367500 0.77299200
v 0.14991300 0.28518600 0.77633300
v 0.15304900 0.28651600 0.77683400
v 0.15651300 0.28766200 0.77653900
v 0.16202900 0.28995900 0.77351600
v 0.16366100 0.29093700 0.77101900
v 0.16481400 0.29139300 0.76816600
v 0.16705200 0.29013600 0.76272100
v 0.16796700 0.28851900 0.76054200
v 0.16807500 0.28656400 0.75880600
v 0.15542500 0.28615800 0.75702200
v 0.15498600 0.28392300 0.75633600
v 0.15472700 0.28170000 0.75641400
v 0.14457900 0.28148000 0.76521300
v 0.14527800 0.27957000 0.76598000
v 0.14689600 0.27800400 0.76677600
v 0.14950300 0.28256600 0.77597500
v 0.15226000 0.28147500 0.77614700
v 0.15540500 0.28058300 0.77557300
v 0.16339100 0.28791600 0.77443500
v 0.16628200 0.28700600 0.77278600
v 0.16849300 0.28587400 0.77064800
v 0.16781300 0.29019300 0.76594000
v 0.16943100 0.28862700 0.76673600
v 0.17013000 0.28671700 0.76750300
v 0.15930400 0.28761300 0.75714300
v 0.16244900 0.28672200 0.75657000
v 0.16520600 0.28563000 0.75674100
v 0.14621600 0.28232200 0.76206900
v 0.14842700 0.28119100 0.75993100
v 0.15131800 0.28028000 0.75828200
v 0.14663400 0.28163200 0.77391000
v 0.14674200 0.27967800 0.77217400
v 0.14765700 0.27806000 0.76999600
v 0.15998200 0.28649600 0.77630300
v 0.15972300 0.28427400 0.77638000
v 0.15928400 0.28203800 0.77569400
v 0.16479600 0.28301000 0.75638400
v 0.16166000 0.28168000 0.75588200
v 0.15819600 0.28053500 0.75617700
v 0.15268000 0.27823700 0.75920000
v 0.15104800 0.27726000 0.76169800
v 0.14989500 0.27680400 0.76455000
v 0.16549300 0.28196500 0.77209800
v 0.16808300 0.28325400 0.77029000
v 0.17073100 0.28461700 0.76520300
v 0.17058800 0.28458800 0.76231000
v 0.16943700 0.28452100 0.75972500
v 0.16525800 0.27868400 0.76115800
v 0.16669000 0.28036200 0.75942900
v 0.16741000 0.28232500 0.75822800
v 0.16137900 0.27722900 0.76103700
v 0.15693100 0.27839500 0.75790000
v 0.15251000 0.27611800 0.76639400
v 0.16601900 0.27874000 0.76437800
v 0.16815400 0.28047100 0.76562300
v 0.16946600 0.28247700 0.76692500
v 0.15579700 0.29173000 0.76544000
v 0.15069700 0.28864100 0.76210000
v 0.14753300 0.28732400 0.76383400
v 0.14676900 0.28797000 0.77038800
v 0.14483700 0.28593500 0.76901500
v 0.14554300 0.28598700 0.77200300
v 0.15146300 0.28949800 0.77376700
v 0.15026900 0.28752600 0.77540500
v 0.15386900 0.28887600 0.77551800
v 0.15948600 0.29121600 0.77243900
v 0.16928300 0.28880300 0.76349900
v 0.17060100 0.28691500 0.76433600
v 0.16989500 0.28686300 0.76134900
v 0.15878800 0.28538500 0.75594400
v 0.16202100 0.28429800 0.75568000
v 0.15842200 0.28294800 0.75556700
v 0.14631200 0.28018900 0.76278000
v 0.14906200 0.27905000 0.76069700
v 0.14754300 0.27826800 0.76361400
v 0.14909700 0.28039500 0.77456200
v 0.14963300 0.27842300 0.77245300
v 0.15229400 0.27928900 0.77436900
v 0.16329300 0.28571900 0.77500700
v 0.16294500 0.28328400 0.77470300
v 0.16610800 0.28460100 0.77296900
v 0.16561200 0.28780100 0.75815500
v 0.16241500 0.28890700 0.75834800
v 0.16507600 0.28977400 0.76026400
v 0.15141500 0.28247800 0.75771000
v 0.14860100 0.28359500 0.75974800
v 0.15176400 0.28491300 0.75801400
v 0.14542600 0.27939300 0.76921700
v 0.14481400 0.28133400 0.77136800
v 0.14410800 0.28128200 0.76838100
v 0.15592100 0.28281100 0.77677300
v 0.15628700 0.28524800 0.77714900
v 0.15268800 0.28389800 0.77703700
v 0.16839700 0.28800800 0.76993600
v 0.16716600 0.28992900 0.76910200
v 0.16564700 0.28914700 0.77202000
v 0.16324600 0.27869800 0.75895000
v 0.16084000 0.27932000 0.75719800
v 0.16444000 0.28067000 0.75731100
v 0.15522300 0.27698000 0.76027700
v 0.15891200 0.27646700 0.76727600
v 0.15761900 0.27715800 0.77041600
v 0.16717500 0.28087300 0.76888300
v 0.16401200 0.27955500 0.77061600
v 0.16794000 0.28022700 0.76232900
v 0.16916600 0.28220900 0.76071400
v 0.16987200 0.28226200 0.76370100
v 0.29615800 0.38428800 0.63334100
v 0.29751400 0.38533700 0.63952900
v 0.29460000 0.38384800 0.64536800
v 0.28923900 0.38075400 0.64719400
v 0.28434500 0.37773600 0.64402000
v 0.28298800 0.37668800 0.63783200
v 0.28590300 0.37817600 0.63199300
v 0.29126400 0.38127000 0.63016700
v 0.30604600 0.37102800 0.63491000
v 0.30552400 0.37193900 0.64138800
v 0.30085700 0.37061700 0.64624900
v 0.29497500 0.36789000 0.64644800
v 0.29107400 0.36524100 0.64187200
v 0.29159600 0.36432800 0.63539500
v 0.29626300 0.36565100 0.63053400
v 0.30214500 0.36837800 0.63033400
v 0.33916100 0.32628300 0.62786300
v 0.34061900 0.32901500 0.63771500
v 0.33483000 0.32844000 0.64703400
v 0.32541800 0.32491800 0.64997200
v 0.31603900 0.31763000 0.63508900
v 0.32182900 0.31820400 0.62577000
v 0.33124100 0.32172800 0.62283100
v 0.34972700 0.30518900 0.63734000
v 0.34693800 0.30578900 0.64526900
v 0.33743600 0.30270800 0.64963100
v 0.33022900 0.29819900 0.64334000
v 0.33107300 0.29674500 0.63531500
v 0.33711200 0.29796900 0.62929700
v 0.34455700 0.30110200 0.62905500
v 0.35774500 0.25816800 0.64939600
v 0.40066600 0.21451600 0.63619100
v 0.40078000 0.21702300 0.64657200
v 0.39215500 0.21501700 0.65335700
v 0.39687100 0.21214200 0.63287800
v 0.43505400 0.15690500 0.63827100
v 0.43516800 0.15952000 0.64906700
v 0.42619000 0.15744700 0.65612300
v 0.41880900 0.15389700 0.65416800
v 0.41599600 0.15033200 0.64412500
v 0.42332600 0.15124300 0.63507400
v 0.43110700 0.15443500 0.63482500
v 0.71496700 0.23572700 0.57361000
v 0.72133000 0.23784500 0.58094000
v 0.73009600 0.24095800 0.57825800
v 0.73268900 0.24198000 0.57085400
v 0.72814600 0.24052600 0.56180000
v 0.72118200 0.23810100 0.56073200
v 0.71492600 0.23579700 0.56804200
v 0.73607700 0.21081300 0.56747500
v 0.76422700 0.17750000 0.57205900
v 0.77006500 0.17944400 0.57878400
v 0.77810700 0.18230000 0.57632300
v 0.78048500 0.18323700 0.56953100
v 0.77931800 0.18290200 0.56467900
v 0.77433200 0.18122200 0.56025100
v 0.76629000 0.17836600 0.56271200
v 0.80099800 0.14085000 0.57586400
v 0.80725900 0.14307400 0.57394800
v 0.80911100 0.14380300 0.56865900
v 0.80586700 0.14276500 0.56219200
v 0.80089200 0.14103300 0.56142900
v 0.79642300 0.13938700 0.56665100
v 0.81156000 0.12149100 0.57022300
v 0.81456000 0.12247400 0.57470100
v 0.81953400 0.12420600 0.57546400
v 0.82336500 0.12560100 0.57202900
v 0.82397400 0.12590200 0.56626600
v 0.81942800 0.12438800 0.56102900
v 0.81316700 0.12216500 0.56294600
v 0.82038000 0.11072800 0.56799100
v 0.82165300 0.11109400 0.57328000
v 0.82708700 0.11292400 0.57810600
v 0.83403600 0.11537600 0.57705900
v 0.83814300 0.11691100 0.57080300
v 0.83717200 0.11669300 0.56273100
v 0.83173800 0.11486200 0.55790500
v 0.82297300 0.11174900 0.56058700
v 0.84577200 0.08723000 0.56743100
v 0.71952800 0.24163900 0.56167700
v 0.72822200 0.24452700 0.56427900
v 0.72890200 0.24446800 0.57511000
v 0.72062900 0.24154500 0.57920300
v 0.71915100 0.23310700 0.56526900
v 0.72742400 0.23603000 0.56117700
v 0.72852500 0.23593600 0.57870300
v 0.71983100 0.23304800 0.57610100
v 0.71826000 0.24575300 0.57048800
v 0.71534600 0.24208500 0.57080700
v 0.71969300 0.24631600 0.56767000
v 0.71921900 0.24360600 0.56319400
v 0.72234900 0.24719800 0.56846500
v 0.72438500 0.24690200 0.56677300
v 0.72639400 0.24598900 0.56534100
v 0.72255700 0.24718000 0.57177500
v 0.72695500 0.24594100 0.57428100
v 0.72003000 0.24628700 0.57302500
v 0.71992200 0.24514900 0.57554500
v 0.72012700 0.24352700 0.57765900
v 0.71506700 0.24049100 0.56817600
v 0.71750600 0.24144900 0.56338100
v 0.72159600 0.24289500 0.56135800
v 0.72384800 0.24383800 0.56171100
v 0.72611400 0.24439600 0.56271100
v 0.72935800 0.24550000 0.56960700
v 0.72701200 0.24431800 0.57700400
v 0.72489600 0.24374700 0.57838000
v 0.72271200 0.24279900 0.57913200
v 0.71841500 0.24137100 0.57784600
v 0.71495200 0.23788400 0.56927300
v 0.71575800 0.23604100 0.56771500
v 0.71719500 0.23440800 0.56634600
v 0.72135200 0.24029900 0.56041100
v 0.72337900 0.23884300 0.55988800
v 0.72545600 0.23738300 0.56015000
v 0.73029700 0.24321600 0.56509400
v 0.73189500 0.24156800 0.56629700
v 0.73289400 0.23970900 0.56779700
v 0.72942500 0.24260500 0.57685200
v 0.72953700 0.24045000 0.57808600
v 0.72922900 0.23817000 0.57871900
v 0.71994100 0.23931000 0.57943500
v 0.71956400 0.23703500 0.57896200
v 0.71952600 0.23489300 0.57782200
v 0.71515900 0.23786600 0.57258300
v 0.71615800 0.23600700 0.57408200
v 0.71775600 0.23435900 0.57528500
v 0.71882400 0.23940600 0.56166100
v 0.71851600 0.23712500 0.56229400
v 0.71862800 0.23497100 0.56352800
v 0.72852700 0.24268200 0.56255800
v 0.72848900 0.24054000 0.56141800
v 0.72811300 0.23826600 0.56094500
v 0.73085900 0.24316800 0.57403400
v 0.73229500 0.24153400 0.57266400
v 0.73310200 0.23969100 0.57110600
v 0.72259700 0.24019200 0.58022900
v 0.72467400 0.23873200 0.58049100
v 0.72670100 0.23727600 0.57996900
v 0.72104100 0.23325700 0.56337500
v 0.72315800 0.23382800 0.56200000
v 0.72534100 0.23477700 0.56124800
v 0.72963900 0.23620400 0.56253400
v 0.73298600 0.23708400 0.57220400
v 0.73054800 0.23612600 0.57699900
v 0.72645800 0.23468000 0.57902200
v 0.72420500 0.23373800 0.57866800
v 0.72193900 0.23318000 0.57766900
v 0.71869500 0.23207500 0.57077200
v 0.72549600 0.23039500 0.56860500
v 0.72109800 0.23163500 0.56609900
v 0.72802400 0.23128800 0.56735500
v 0.72813100 0.23242600 0.56483400
v 0.72792600 0.23404800 0.56272100
v 0.72979400 0.23182200 0.56989100
v 0.72836000 0.23125900 0.57271000
v 0.72883500 0.23396900 0.57718600
v 0.72570400 0.23037700 0.57191500
v 0.72366800 0.23067300 0.57360600
v 0.72166000 0.23158600 0.57503900
v 0.71729000 0.24350200 0.56538200
v 0.72171700 0.24642800 0.56579300
v 0.72145500 0.24497400 0.56332100
v 0.72392000 0.24579300 0.56405900
v 0.72461400 0.24730200 0.56994500
v 0.72683600 0.24667300 0.56823900
v 0.72702900 0.24665600 0.57131000
v 0.72226800 0.24638000 0.57455600
v 0.72466700 0.24572800 0.57595300
v 0.72232100 0.24490000 0.57711400
v 0.71794400 0.24344600 0.57580400
v 0.71630200 0.24295000 0.57345000
v 0.71554300 0.23588200 0.57093500
v 0.71693300 0.23394600 0.57241200
v 0.71674000 0.23396200 0.56934200
v 0.72079000 0.23794300 0.56062300
v 0.72067600 0.23550800 0.56160500
v 0.72302100 0.23633700 0.56044400
v 0.73050900 0.24117100 0.56353200
v 0.73031400 0.23875900 0.56262700
v 0.73195600 0.23925500 0.56498100
v 0.73127000 0.24110600 0.57564200
v 0.73252700 0.23920500 0.57406600
v 0.73119700 0.23868300 0.57668100
v 0.72202100 0.23783700 0.58021800
v 0.72425700 0.23623000 0.58011400
v 0.72179300 0.23541200 0.57937600
v 0.71678300 0.23646900 0.56473800
v 0.71685700 0.23889200 0.56369900
v 0.71552700 0.23837000 0.56631400
v 0.72603300 0.23973800 0.56016200
v 0.72626100 0.24216300 0.56100400
v 0.72379600 0.24134500 0.56026600
v 0.73251000 0.24169300 0.56944400
v 0.73131300 0.24361300 0.57103800
v 0.73112000 0.24363000 0.56796700
v 0.72726400 0.23963200 0.57975700
v 0.72503200 0.24123800 0.57993500
v 0.72737700 0.24206700 0.57877500
v 0.71754400 0.23640400 0.57684800
v 0.71609700 0.23832000 0.57539900
v 0.71774000 0.23881600 0.57775300
v 0.72578600 0.23119500 0.56582300
v 0.72573200 0.23267600 0.56326600
v 0.72338700 0.23184700 0.56442700
v 0.73175100 0.23462500 0.56693000
v 0.73010900 0.23413000 0.56457600
v 0.73076400 0.23407300 0.57499800
v 0.73209400 0.23459600 0.57238300
v 0.72633600 0.23114700 0.57458600
v 0.72413400 0.23178300 0.57632100
v 0.72659900 0.23260100 0.57705800
v 0.72343900 0.23027300 0.57043500
v 0.72102400 0.23091900 0.56907000
v 0.72121700 0.23090300 0.57214100
v 0.66672800 0.25306400 0.43132400
v 0.67477100 0.25495500 0.43653300
v 0.68221100 0.25826400 0.43084000
v 0.68253000 0.25960700 0.42250000
v 0.67570000 0.25846900 0.41493400
v 0.66887800 0.25601600 0.41623500
v 0.66510400 0.25335600 0.42573200
v 0.68679700 0.22815800 0.42200200
v 0.71718700 0.19434900 0.42241200
v 0.72456700 0.19608300 0.42719000
v 0.73139200 0.19911900 0.42196700
v 0.73168500 0.20035200 0.41431600
v 0.72921000 0.20019800 0.40982900
v 0.72328300 0.19864400 0.40707300
v 0.71645700 0.19560800 0.41229600
v 0.75583000 0.15723100 0.41989200
v 0.76114400 0.15959500 0.41582500
v 0.76137100 0.16055500 0.40986800
v 0.75649300 0.15974100 0.40446400
v 0.75162000 0.15798900 0.40539400
v 0.74892400 0.15609000 0.41217700
v 0.76557900 0.13788200 0.41350800
v 0.76966200 0.13871700 0.41699300
v 0.77453500 0.14046900 0.41606300
v 0.77714200 0.14204000 0.41129600
v 0.77607100 0.14257800 0.40528500
v 0.77032500 0.14122700 0.40156500
v 0.76501100 0.13886300 0.40563200
v 0.77408100 0.12710500 0.40999000
v 0.77677800 0.12727200 0.41488100
v 0.78323800 0.12896600 0.41788500
v 0.78944400 0.13153000 0.41446000
v 0.79150600 0.13335500 0.40675800
v 0.78829900 0.13345100 0.39896200
v 0.78183900 0.13175700 0.39595700
v 0.77439900 0.12844800 0.40165000
v 0.79974500 0.10343600 0.40482000
v 0.66791000 0.26408600 0.42607900
v 0.66471100 0.25618400 0.42618900
v 0.66806300 0.25900100 0.41673600
v 0.67577400 0.26270600 0.41956800
v 0.67718900 0.26218000 0.43077100
v 0.67035100 0.25814900 0.43486300
v 0.67059800 0.24992000 0.41974700
v 0.67743600 0.25395100 0.41565500
v 0.68307700 0.25591600 0.42432800
v 0.67972500 0.25309900 0.43378100
v 0.67201300 0.24939400 0.43095000
v 0.67987700 0.24801400 0.42443900
v 0.66497900 0.26085200 0.42628800
v 0.66717400 0.26358400 0.42333200
v 0.66694900 0.26250800 0.42073200
v 0.66725300 0.26094000 0.41847600
v 0.66953000 0.26471600 0.42419700
v 0.67148200 0.26468600 0.42239600
v 0.67361800 0.26399900 0.42081200
v 0.66996200 0.26455500 0.42762000
v 0.67231400 0.26437700 0.42898000
v 0.67478500 0.26356400 0.43005800
v 0.66787300 0.26332400 0.42887000
v 0.66829400 0.26200700 0.43138600
v 0.66914200 0.26023700 0.43343600
v 0.66506900 0.25786300 0.42079700
v 0.66627600 0.25852600 0.41850900
v 0.66965600 0.26051900 0.41648700
v 0.67157200 0.26169700 0.41690500
v 0.67693600 0.26356500 0.42515300
v 0.67553100 0.26175000 0.43274200
v 0.67374900 0.26088700 0.43414400
v 0.67197700 0.25965500 0.43486900
v 0.66816500 0.25782300 0.43347000
v 0.66523300 0.25680200 0.42896100
v 0.66530800 0.25428800 0.42434300
v 0.66836800 0.25103200 0.42099400
v 0.67016400 0.25784400 0.41529100
v 0.67254800 0.25655100 0.41460400
v 0.67503600 0.25522000 0.41472900
v 0.68039700 0.25988400 0.42136700
v 0.68204700 0.25797300 0.42275200
v 0.67839500 0.26020800 0.43241100
v 0.67925900 0.25791900 0.43350800
v 0.67971300 0.25548800 0.43397600
v 0.67039600 0.25574800 0.43492400
v 0.67070600 0.25337100 0.43424900
v 0.67125900 0.25119800 0.43289000
v 0.66574000 0.25412700 0.42776500
v 0.66953600 0.25059700 0.43024000
v 0.66807400 0.25661200 0.41654100
v 0.66852900 0.25418200 0.41701000
v 0.66939200 0.25189300 0.41810600
v 0.67652800 0.26090200 0.41762800
v 0.67708100 0.25872900 0.41626800
v 0.67739200 0.25635200 0.41559300
v 0.68122900 0.25957500 0.42795200
v 0.68247900 0.25781200 0.42617500
v 0.67275200 0.25688100 0.43578900
v 0.67523900 0.25554900 0.43591300
v 0.67762400 0.25425600 0.43522700
v 0.67225600 0.25035000 0.41777600
v 0.67403900 0.25121400 0.41637400
v 0.67581100 0.25244500 0.41564800
v 0.67962300 0.25427700 0.41704800
v 0.68255500 0.25529800 0.42155600
v 0.68271900 0.25423700 0.42972100
v 0.68151200 0.25357400 0.43200800
v 0.67813200 0.25158100 0.43403100
v 0.67621600 0.25040300 0.43361300
v 0.67085100 0.24853500 0.42536400
v 0.67782600 0.24754500 0.42289800
v 0.67547400 0.24772400 0.42153700
v 0.67300200 0.24853600 0.42045900
v 0.67991400 0.24877600 0.42164800
v 0.67949300 0.25009300 0.41913200
v 0.67864600 0.25186300 0.41708200
v 0.68280800 0.25124800 0.42423000
v 0.68061400 0.24851700 0.42718600
v 0.68083800 0.24959200 0.42978600
v 0.68053500 0.25116000 0.43204200
v 0.67825800 0.24738400 0.42632100
v 0.67630500 0.24741400 0.42812200
v 0.67417000 0.24810100 0.42970500
v 0.66461200 0.25974200 0.42343500
v 0.66556300 0.26054100 0.42075500
v 0.66897500 0.26398600 0.42137300
v 0.66900500 0.26257100 0.41869500
v 0.67119200 0.26362100 0.41949800
v 0.67179500 0.26496800 0.42571000
v 0.67403100 0.26461000 0.42386500
v 0.67443200 0.26446100 0.42704100
v 0.67011900 0.26355900 0.43043700
v 0.67274500 0.26304300 0.43180000
v 0.67080600 0.26190000 0.43296000
v 0.66692400 0.26003400 0.43153500
v 0.66827000 0.25037900 0.42406400
v 0.67036600 0.25533100 0.41532100
v 0.67108100 0.25274100 0.41613500
v 0.67302000 0.25388400 0.41497500
v 0.67898900 0.25947400 0.41848600
v 0.67948800 0.25699200 0.41735000
v 0.68108700 0.25754900 0.41980900
v 0.68057000 0.25888500 0.43101100
v 0.68227400 0.25710800 0.42920500
v 0.68132400 0.25630900 0.43188500
v 0.67292500 0.25437800 0.43558700
v 0.67558800 0.25292800 0.43531800
v 0.67340200 0.25187800 0.43451500
v 0.66721700 0.25321500 0.41950600
v 0.66646400 0.25579100 0.41863200
v 0.66551400 0.25499200 0.42131200
v 0.67486200 0.25772200 0.41493100
v 0.67438500 0.26022300 0.41600300
v 0.67219900 0.25917200 0.41520000
v 0.68116900 0.25991800 0.42462800
v 0.67911700 0.26187000 0.42327800
v 0.67742100 0.25676900 0.43519700
v 0.67476800 0.25821600 0.43554300
v 0.67670600 0.25935900 0.43438200
v 0.66879900 0.25262600 0.43203100
v 0.66670000 0.25455100 0.43070900
v 0.66829900 0.25510800 0.43316800
v 0.67766800 0.24854100 0.42008100
v 0.67698100 0.25020000 0.41755800
v 0.67504300 0.24905700 0.41871800
v 0.68086400 0.25206600 0.41898300
v 0.68222500 0.25155900 0.42976200
v 0.68317500 0.25235800 0.42708200
v 0.67881300 0.24811500 0.42914400
v 0.67659600 0.24847900 0.43102000
v 0.67878300 0.24953000 0.43182200
v 0.67599200 0.24713300 0.42480800
v 0.67335500 0.24763900 0.42347700
v 0.67375700 0.24749000 0.42665300
v 0.73574100 0.24894400 0.78480000
v 0.73678500 0.25369900 0.79619200
v 0.74839300 0.25597700 0.80130700
v 0.75708900 0.25444100 0.79734500
v 0.75938700 0.24977000 0.78605000
v 0.75271000 0.24689100 0.77933700
v 0.74012900 0.24706800 0.78015500
v 0.75203200 0.21710500 0.78875400
v 0.76362900 0.17903600 0.80462700
v 0.76458600 0.18339800 0.81508000
v 0.77523700 0.18548800 0.81977100
v 0.78321400 0.18408000 0.81613600
v 0.78581400 0.18203500 0.81114300
v 0.78395000 0.17874900 0.80330200
v 0.77330000 0.17665900 0.79861500
v 0.78292300 0.13646900 0.82536800
v 0.79121400 0.13809600 0.82902000
v 0.79742600 0.13700000 0.82619400
v 0.79906700 0.13366300 0.81812300
v 0.79429800 0.13160600 0.81333100
v 0.78531200 0.13173300 0.81391400
v 0.79067900 0.11167100 0.82337200
v 0.79035600 0.11425400 0.82959000
v 0.79512500 0.11631100 0.83438600
v 0.80200000 0.11655000 0.83474700
v 0.80724500 0.11484400 0.83048300
v 0.80650000 0.11144800 0.82234500
v 0.79820800 0.10982100 0.81869400
v 0.79709800 0.09807630 0.82520900
v 0.79426400 0.10030500 0.83065100
v 0.79629600 0.10388600 0.83919500
v 0.80463900 0.10605400 0.84414300
v 0.81405800 0.10545000 0.84239900
v 0.81943400 0.10240100 0.83490200
v 0.81740200 0.09881930 0.82636200
v 0.80579400 0.09654100 0.82124700
v 0.81357800 0.06965210 0.83736300
v 0.73679300 0.26117300 0.78938300
v 0.76056400 0.24889900 0.78832200
v 0.75643500 0.25091700 0.79942400
v 0.74174300 0.25850300 0.80007800
v 0.73638000 0.25337800 0.78073500
v 0.75107100 0.24579200 0.78007700
v 0.75602100 0.24312200 0.79077100
v 0.74438900 0.24905700 0.79804100
v 0.73225000 0.25539600 0.79183600
v 0.74010200 0.26150800 0.79072500
v 0.74970200 0.25660900 0.78472900
v 0.75513400 0.25631900 0.79283800
v 0.75972000 0.25137800 0.78984800
v 0.75387200 0.25693600 0.79623000
v 0.75543500 0.25510300 0.79791900
v 0.75631200 0.25304400 0.79900900
v 0.74938300 0.25925300 0.79643100
v 0.74418700 0.25930500 0.79955400
v 0.74194200 0.25926900 0.78499100
v 0.75870800 0.25041100 0.78619700
v 0.76115500 0.24909100 0.79148300
v 0.76062300 0.24951500 0.79453600
v 0.75900800 0.25014000 0.79725300
v 0.75325800 0.25307400 0.80084600
v 0.74955900 0.25516000 0.80144900
v 0.74562100 0.25701700 0.80118900
v 0.73962000 0.26015000 0.79812000
v 0.73801500 0.26118800 0.79555000
v 0.73704800 0.26153800 0.79256100
v 0.73540900 0.25997200 0.78664900
v 0.73486200 0.25817500 0.78417900
v 0.73519400 0.25592000 0.78215500
v 0.74949800 0.25275600 0.78045200
v 0.75033500 0.25022800 0.77952000
v 0.75087300 0.24784700 0.77939200
v 0.76102800 0.24670900 0.78883800
v 0.76037900 0.24493400 0.78945400
v 0.75866700 0.24370600 0.79011200
v 0.75406600 0.25018800 0.80022100
v 0.75111400 0.24960800 0.80025000
v 0.74780500 0.24922100 0.79950400
v 0.73823200 0.25838500 0.79887100
v 0.73534400 0.25779200 0.79699300
v 0.73329800 0.25677000 0.79458600
v 0.73414700 0.26058900 0.79004100
v 0.73243500 0.25936200 0.79070400
v 0.73178600 0.25758600 0.79131600
v 0.74500900 0.25507300 0.78065400
v 0.74170000 0.25468700 0.77990700
v 0.73874800 0.25410700 0.77993500
v 0.75951600 0.24752500 0.78557200
v 0.75747000 0.24650300 0.78316700
v 0.75458200 0.24591000 0.78128700
v 0.75762000 0.24837500 0.79800300
v 0.75795200 0.24612000 0.79597800
v 0.75740500 0.24432300 0.79350400
v 0.74194100 0.25644900 0.80076600
v 0.74247900 0.25406700 0.80063600
v 0.74331600 0.25153900 0.79970500
v 0.73955600 0.25122100 0.77931100
v 0.74325500 0.24913500 0.77870800
v 0.74719300 0.24727800 0.77897000
v 0.75319400 0.24414500 0.78203600
v 0.75479900 0.24310700 0.78460800
v 0.75576600 0.24275700 0.78759700
v 0.73410600 0.25388400 0.79396100
v 0.73165900 0.25520400 0.78867400
v 0.73219200 0.25478000 0.78562000
v 0.73380600 0.25415500 0.78290400
v 0.73894200 0.24735900 0.78392700
v 0.73737900 0.24919200 0.78223800
v 0.73650200 0.25125100 0.78114700
v 0.74343100 0.24504100 0.78372600
v 0.74862700 0.24499100 0.78060400
v 0.75271200 0.24278700 0.78942900
v 0.73309400 0.25291700 0.79031000
v 0.74735600 0.25975900 0.78987400
v 0.75724200 0.25327600 0.78789500
v 0.75973400 0.25193100 0.79328200
v 0.75856300 0.25250400 0.79642700
v 0.75136000 0.25759900 0.79852700
v 0.75270700 0.25549200 0.80008700
v 0.74854200 0.25764200 0.80027100
v 0.74243000 0.26083300 0.79714800
v 0.73299200 0.25910900 0.78730800
v 0.73164500 0.25748800 0.78798300
v 0.73281600 0.25691600 0.78483700
v 0.74599700 0.25247400 0.77918000
v 0.74257200 0.25193800 0.77874100
v 0.74673700 0.24978700 0.77855400
v 0.75956900 0.24538700 0.78611700
v 0.75691900 0.24447100 0.78375800
v 0.75832200 0.24371400 0.78679200
v 0.75495100 0.24764400 0.79852700
v 0.75485800 0.24540700 0.79610000
v 0.75156100 0.24708900 0.79816200
v 0.73852600 0.25612400 0.79926500
v 0.73923800 0.25345200 0.79871200
v 0.73579600 0.25524900 0.79695500
v 0.73786200 0.25665100 0.78162900
v 0.74125300 0.25720600 0.78199600
v 0.73795600 0.25888800 0.78405600
v 0.75428800 0.24817100 0.78089400
v 0.75701800 0.24904600 0.78320300
v 0.75357600 0.25084300 0.78144400
v 0.75982200 0.24518500 0.79285000
v 0.75999800 0.24737900 0.79532000
v 0.76116900 0.24680700 0.79217500
v 0.74681700 0.25182200 0.80097600
v 0.74607700 0.25450800 0.80160400
v 0.75024200 0.25235700 0.80141600
v 0.73324500 0.25890800 0.79404100
v 0.73449200 0.26058100 0.79336600
v 0.73589500 0.25982400 0.79640100
v 0.74145400 0.24669700 0.78163200
v 0.74427200 0.24665300 0.77988500
v 0.74010700 0.24880300 0.78007100
v 0.75038400 0.24346200 0.78300800
v 0.74545800 0.24453600 0.79028400
v 0.74641000 0.24540300 0.79368900
v 0.73811200 0.24832900 0.79061100
v 0.73901400 0.24922300 0.79402000
v 0.73563700 0.24966400 0.78526500
v 0.73425100 0.25179100 0.78373000
v 0.73308000 0.25236400 0.78687600
v 0.72090900 0.25376200 0.57097500
v 0.71825600 0.25088400 0.57710700
v 0.71373100 0.24603300 0.57820800
v 0.71017100 0.24225100 0.57358200
v 0.70950700 0.24159000 0.56574700
v 0.71216000 0.24446800 0.55961600
v 0.71668500 0.24931900 0.55851400
v 0.72024600 0.25310100 0.56314000
v 0.70295400 0.26302200 0.57361400
v 0.69898200 0.25943700 0.57845100
v 0.69379900 0.25479500 0.57748100
v 0.69065600 0.25200500 0.57131800
v 0.69126300 0.25258700 0.56330600
v 0.69523500 0.25617200 0.55846900
v 0.70286100 0.26298800 0.56313100
v 0.67976800 0.27863000 0.57124000
v 0.67655400 0.27599400 0.57749800
v 0.67108800 0.27154800 0.57862500
v 0.66600800 0.26747100 0.56591900
v 0.66922100 0.27010700 0.55966200
v 0.67468800 0.27455300 0.55853500
v 0.67897900 0.27802200 0.56324900
v 0.64499200 0.28048900 0.57176700
v 0.64571600 0.28107400 0.56311400
v 0.65041000 0.28468700 0.55788800
v 0.62480100 0.31578500 0.57149700
v 0.61964000 0.31194700 0.57882800
v 0.61234100 0.30656100 0.57625700
v 0.62475200 0.31576700 0.56597700
v 0.58962900 0.33276200 0.55892600
v 0.56456500 0.35813400 0.57176700
v 0.55933500 0.35434300 0.57909800
v 0.55194200 0.34902400 0.57652700
v 0.54965600 0.34740000 0.56921400
v 0.55333100 0.35007600 0.56019200
v 0.56097700 0.35558500 0.56008500
v 0.56451600 0.35811600 0.56624700
v 0.74265000 0.26171200 0.78918600
v 0.73461600 0.26084100 0.79226300
v 0.72850600 0.25525800 0.78994900
v 0.72815700 0.24845900 0.78368400
v 0.73375000 0.24413800 0.77687700
v 0.74178500 0.24500900 0.77379800
v 0.74789400 0.25059200 0.77611400
v 0.74824300 0.25739100 0.78237800
v 0.72525700 0.27110400 0.77748400
v 0.71688600 0.26868800 0.77855300
v 0.71335400 0.25603100 0.76682900
v 0.72053300 0.25320200 0.76078400
v 0.72890400 0.25561800 0.75971500
v 0.73365800 0.26638800 0.76894000
v 0.70817900 0.28479900 0.75755800
v 0.69955800 0.28418800 0.76030800
v 0.69261200 0.27895500 0.75729100
v 0.69731300 0.26803300 0.74336600
v 0.70593400 0.26864500 0.74061600
v 0.71288000 0.27387700 0.74363300
v 0.67513700 0.28272600 0.73181600
v 0.68294600 0.27962900 0.72534000
v 0.69232200 0.28199500 0.72449700
v 0.66295500 0.32005600 0.71507000
v 0.66737800 0.31757300 0.71057100
v 0.64303800 0.32924200 0.67785300
v 0.61371600 0.36053900 0.66843700
v 0.60209200 0.35884100 0.67058800
v 0.59615000 0.35072700 0.66316900
v 0.59959900 0.34534100 0.65560400
v 0.61090600 0.34482700 0.65096300
v 0.61929400 0.35199600 0.65640000
v 0.61813900 0.35805600 0.66393800
v 0.59545500 0.34977700 0.65421100
v 0.61935100 0.35002100 0.66132300
v 0.61383200 0.35113800 0.67008500
v 0.59906400 0.35098700 0.66569000
v 0.60096000 0.34333900 0.64880600
v 0.61572800 0.34349000 0.65320100
v 0.61933600 0.34470000 0.66468000
v 0.60679800 0.34529800 0.66737900
v 0.59544100 0.34445600 0.65756800
v 0.60771400 0.35087800 0.65366200
v 0.61253200 0.35249400 0.66899100
v 0.60034400 0.35237000 0.66536300
v 0.59772400 0.34992700 0.65270200
v 0.61922900 0.35072600 0.66424600
v 0.61820600 0.35116600 0.66680300
v 0.61636000 0.35130700 0.66880000
v 0.61016200 0.35160200 0.67013500
v 0.60628100 0.35173400 0.66937000
v 0.60248500 0.35152400 0.66785000
v 0.59687100 0.35110800 0.66300000
v 0.59548000 0.35093400 0.66003900
v 0.59499500 0.35047900 0.65703400
v 0.59557500 0.34814200 0.65187500
v 0.59659400 0.34643900 0.65011500
v 0.59843600 0.34479600 0.64906500
v 0.61043500 0.34769500 0.65099000
v 0.61264500 0.34617600 0.65111200
v 0.61445500 0.34473800 0.65186800
v 0.62091100 0.34875900 0.66259400
v 0.62144200 0.34738200 0.66362600
v 0.62090300 0.34599400 0.66433900
v 0.61252500 0.34986400 0.67065000
v 0.61082800 0.34839000 0.67036300
v 0.60886900 0.34682800 0.66924400
v 0.59686700 0.34948300 0.66402600
v 0.59547100 0.34780700 0.66201300
v 0.59498300 0.34608800 0.65980400
v 0.59388900 0.34848400 0.65455200
v 0.59335000 0.34709500 0.65526500
v 0.59388100 0.34571800 0.65629700
v 0.60592300 0.34764900 0.64964700
v 0.60396400 0.34608700 0.64852900
v 0.60226700 0.34461300 0.64824100
v 0.61980800 0.34838900 0.65908700
v 0.61932100 0.34667000 0.65687900
v 0.61792500 0.34499400 0.65486600
v 0.61635500 0.34968100 0.66982600
v 0.61819700 0.34803800 0.66877600
v 0.61921700 0.34633500 0.66701700
v 0.60033600 0.34973900 0.66702300
v 0.60214700 0.34830100 0.66777900
v 0.60435700 0.34678200 0.66790100
v 0.60463000 0.34287500 0.64875700
v 0.60851100 0.34274300 0.64952200
v 0.61230600 0.34295300 0.65104100
v 0.61792100 0.34336900 0.65589100
v 0.61931200 0.34354300 0.65885200
v 0.61979600 0.34399800 0.66185800
v 0.61706800 0.34455000 0.66619000
v 0.59556300 0.34375100 0.65464600
v 0.59658600 0.34331100 0.65208800
v 0.59843200 0.34317000 0.65009100
v 0.60226000 0.34198300 0.64990100
v 0.61444800 0.34210700 0.65352800
v 0.60384400 0.35141900 0.65393800
v 0.61449900 0.35173300 0.65893200
v 0.61272400 0.35342400 0.66485900
v 0.61631500 0.35234200 0.66471100
v 0.61475000 0.35265900 0.66719500
v 0.60645500 0.35372300 0.66620900
v 0.60843800 0.35296000 0.66855400
v 0.60425100 0.35291700 0.66730800
v 0.59853300 0.35249300 0.66236900
v 0.59751100 0.35215000 0.65911500
v 0.59433300 0.34674300 0.65234300
v 0.59428100 0.34522200 0.65326400
v 0.59584500 0.34490600 0.65077900
v 0.60835100 0.34607500 0.64932500
v 0.60636200 0.34440400 0.64851600
v 0.61054900 0.34444700 0.64976200
v 0.62104900 0.34701500 0.66029400
v 0.62007500 0.34515200 0.65799100
v 0.62109800 0.34549500 0.66124500
v 0.61487800 0.34826400 0.67009100
v 0.61646800 0.34643200 0.66859500
v 0.61291400 0.34660200 0.66936000
v 0.59836700 0.34809600 0.66517600
v 0.60052600 0.34647600 0.66567300
v 0.59730700 0.34623700 0.66289200
v 0.59991300 0.34621300 0.64880100
v 0.60187800 0.34787500 0.64953200
v 0.59832400 0.34804500 0.65029700
v 0.61642500 0.34638100 0.65371500
v 0.61748500 0.34824000 0.65600000
v 0.61426500 0.34800100 0.65321800
v 0.62045900 0.34773400 0.66654900
v 0.61894700 0.34957100 0.66811200
v 0.62051100 0.34925500 0.66562800
v 0.60644000 0.34840200 0.66956600
v 0.60424300 0.35003000 0.66913000
v 0.60843000 0.35007300 0.67037600
v 0.59374200 0.34746200 0.65859800
v 0.59369400 0.34898200 0.65764600
v 0.59471700 0.34932500 0.66090100
v 0.60833700 0.34075400 0.65268200
v 0.61054100 0.34156000 0.65158300
v 0.60635400 0.34151700 0.65033700
v 0.61401600 0.34117500 0.65758800
v 0.61728100 0.34232700 0.65977700
v 0.61625900 0.34198400 0.65652200
v 0.61125600 0.34173300 0.66196900
v 0.60029300 0.34274400 0.65995900
v 0.60206800 0.34105300 0.65403200
v 0.60004200 0.34181800 0.65169600
v 0.59847700 0.34213500 0.65418000
v 0.67675400 0.26359100 0.43078800
v 0.67549600 0.26038000 0.43795900
v 0.67100900 0.25572600 0.44065200
v 0.66610500 0.25254700 0.43717100
v 0.66344700 0.25256800 0.42941300
v 0.66470600 0.25577900 0.42224100
v 0.66919200 0.26043400 0.41954800
v 0.67409700 0.26361200 0.42303000
v 0.66042400 0.27356600 0.43737900
v 0.65750000 0.26983300 0.44363200
v 0.65186300 0.26559100 0.44436700
v 0.64705000 0.26350000 0.43913000
v 0.64567700 0.26469900 0.43076100
v 0.64860100 0.26843200 0.42450900
v 0.65770400 0.27439500 0.42672400
v 0.63813100 0.29054400 0.43970400
v 0.63637000 0.28759400 0.44712900
v 0.63099400 0.28339100 0.45005900
v 0.62255600 0.28066400 0.43876300
v 0.62431600 0.28361400 0.43133800
v 0.62969300 0.28781700 0.42840700
v 0.63531500 0.29063600 0.43181500
v 0.60427800 0.29427700 0.44911200
v 0.60285900 0.29552500 0.44005900
v 0.60639500 0.29927900 0.43322100
v 0.58676600 0.33046200 0.45119500
v 0.58533400 0.33089800 0.44558400
v 0.55025500 0.35029700 0.44612600
v 0.53058400 0.37582900 0.46364300
v 0.52703800 0.37175700 0.47278100
v 0.51878600 0.36709700 0.47251400
v 0.51460300 0.36620900 0.46578700
v 0.51612700 0.36940000 0.45542100
v 0.52396800 0.37445300 0.45287900
v 0.52915200 0.37626500 0.45803200
v 0.66200600 0.24812200 0.10239700
v 0.67295800 0.24935700 0.09847300
v 0.67497100 0.25313000 0.08185900
v 0.66795100 0.25428300 0.07566020
v 0.65699900 0.25304900 0.07958490
v 0.65352500 0.25071300 0.08954280
v 0.65675900 0.24871700 0.09896190
v 0.66691100 0.22436500 0.09257030
v 0.67777900 0.22889900 0.07065290
v 0.66601600 0.22926600 0.06728330
v 0.65859900 0.22745100 0.07432900
v 0.66166500 0.22496000 0.08913480
v 0.67258500 0.18951600 0.08138310
v 0.68323600 0.19071600 0.07756700
v 0.68625300 0.19372600 0.06452080
v 0.67550400 0.19548400 0.05506610
v 0.66771500 0.19430700 0.05919830
v 0.66469800 0.19129700 0.07224450
v 0.67991500 0.15110700 0.06520130
v 0.68820700 0.15204100 0.06223000
v 0.69055700 0.15438500 0.05207250
v 0.68656000 0.15562400 0.04593120
v 0.67792700 0.15527300 0.04623770
v 0.67378900 0.15367600 0.05278990
v 0.67594200 0.15155700 0.06260020
v 0.68362900 0.13311900 0.05776070
v 0.69011700 0.13361700 0.05648070
v 0.69425600 0.13521500 0.04992840
v 0.69344500 0.13691100 0.04221030
v 0.68813000 0.13778400 0.03751700
v 0.67983800 0.13684900 0.04048840
v 0.67748800 0.13450600 0.05064580
v 0.68371400 0.12247400 0.05232280
v 0.68983500 0.12229300 0.05403050
v 0.69832400 0.12357600 0.04952600
v 0.70200600 0.12605200 0.03897060
v 0.69857800 0.12816800 0.02898590
v 0.68989600 0.12877300 0.02500000
v 0.68140700 0.12749000 0.02950450
v 0.67811800 0.12420900 0.04372460
v 0.69180200 0.09872700 0.03589320
v 0.66629900 0.26100800 0.08570950
v 0.65403400 0.25518200 0.08577990
v 0.66139500 0.25597900 0.07602160
v 0.67432000 0.25475800 0.08230250
v 0.67494600 0.25320700 0.09594240
v 0.65447400 0.24533300 0.08241660
v 0.67538600 0.24335700 0.09257910
v 0.66802400 0.24256100 0.10233700
v 0.65510000 0.24378200 0.09605640
v 0.66312100 0.23753200 0.09264950
v 0.66276000 0.26076300 0.08527680
v 0.65936900 0.25964400 0.08514140
v 0.66500900 0.26100700 0.08229540
v 0.66369600 0.26011200 0.07940590
v 0.66246000 0.25839300 0.07726010
v 0.66895800 0.26063400 0.08421440
v 0.67129300 0.25939500 0.08309790
v 0.67312700 0.25738600 0.08244380
v 0.66914900 0.26016000 0.08838180
v 0.67166100 0.25848300 0.09111500
v 0.67364300 0.25610500 0.09370100
v 0.65488600 0.25619900 0.08235370
v 0.65648600 0.25668900 0.07944740
v 0.65871300 0.25661300 0.07728150
v 0.66491100 0.25648400 0.07621910
v 0.66841100 0.25643900 0.07740350
v 0.67162900 0.25584900 0.07948380
v 0.67576900 0.25500200 0.08557030
v 0.67637500 0.25481000 0.08911260
v 0.67609400 0.25419600 0.09266000
v 0.67245400 0.25380200 0.09748360
v 0.66593800 0.25393800 0.09860090
v 0.65277100 0.25294700 0.08430740
v 0.65241800 0.25043100 0.08320610
v 0.65300000 0.24782700 0.08255910
v 0.67663400 0.24902000 0.08713580
v 0.67417000 0.25046900 0.09878080
v 0.67267400 0.24764000 0.10088800
v 0.67057300 0.24493600 0.10210500
v 0.65607500 0.24602400 0.09757790
v 0.65278600 0.24951900 0.09122320
v 0.65884700 0.25360400 0.07625430
v 0.65674500 0.25090000 0.07747060
v 0.65525000 0.24807000 0.07957780
v 0.67642000 0.25071300 0.09579980
v 0.67700200 0.24810900 0.09515290
v 0.67664900 0.24559300 0.09405150
v 0.66674200 0.24501600 0.10276100
v 0.65696600 0.24473800 0.08087500
v 0.67453400 0.24234000 0.09600530
v 0.67293400 0.24185100 0.09891160
v 0.67070700 0.24192700 0.10107700
v 0.66100900 0.24210100 0.10095500
v 0.65779100 0.24269100 0.09887510
v 0.65365100 0.24353800 0.09278870
v 0.65304500 0.24373000 0.08924630
v 0.65332600 0.24434400 0.08569900
v 0.66027100 0.23838000 0.08997710
v 0.65775900 0.24005700 0.08724400
v 0.65577700 0.24243500 0.08465800
v 0.66612400 0.24221800 0.08288450
v 0.66666000 0.23777700 0.09308220
v 0.67005100 0.23889600 0.09321760
v 0.66441100 0.23753300 0.09606350
v 0.66572400 0.23842700 0.09895310
v 0.66696000 0.24014700 0.10109900
v 0.66046200 0.23790600 0.09414460
v 0.65812700 0.23914500 0.09526110
v 0.65629300 0.24115400 0.09591510
v 0.66136900 0.26042400 0.08191810
v 0.65786300 0.25880900 0.08190010
v 0.65995000 0.25903500 0.07913380
v 0.66763800 0.26029300 0.08084390
v 0.66626200 0.25890300 0.07805210
v 0.66992600 0.25855700 0.07983270
v 0.67182500 0.25943700 0.08699950
v 0.67414200 0.25769400 0.08603100
v 0.67432000 0.25725400 0.08989790
v 0.66814400 0.25903800 0.09187850
v 0.67061300 0.25685300 0.09481040
v 0.66705900 0.25692800 0.09541950
v 0.66168200 0.25964900 0.08873820
v 0.65817800 0.25802800 0.08876710
v 0.65197900 0.25001200 0.08711360
v 0.65223000 0.24676400 0.09002450
v 0.65205300 0.24720400 0.08615760
v 0.65822800 0.24787200 0.07797280
v 0.66178200 0.24779700 0.07736360
v 0.67466000 0.24953700 0.08322580
v 0.67499700 0.24628800 0.08612240
v 0.67535900 0.24780300 0.09847600
v 0.67552200 0.24498700 0.09756280
v 0.67343500 0.24476100 0.10032900
v 0.66134200 0.24809600 0.10087800
v 0.65406100 0.25073700 0.07988300
v 0.65598500 0.25377900 0.07802980
v 0.65389800 0.25355300 0.08079610
v 0.66807800 0.25044400 0.07748060
v 0.66650100 0.25355900 0.07622700
v 0.67744100 0.24852800 0.09124540
v 0.67736700 0.25133600 0.09220130
v 0.67718900 0.25177600 0.08833450
v 0.66921000 0.24763800 0.10215500
v 0.66763700 0.25074200 0.10099500
v 0.67119200 0.25066800 0.10038600
v 0.65442300 0.25225200 0.09223650
v 0.65679700 0.25176600 0.09572690
v 0.66127600 0.23950200 0.08648050
v 0.65880700 0.24168700 0.08354860
v 0.66773800 0.23889100 0.08962070
v 0.67124200 0.24051200 0.08959180
v 0.66805100 0.23811500 0.09644090
v 0.66947000 0.23950500 0.09922520
v 0.67155700 0.23973100 0.09645850
v 0.66178200 0.23824700 0.09751500
v 0.65949400 0.23998300 0.09852630
v 0.66315800 0.23963700 0.10030700
v 0.65759500 0.23910300 0.09135940
v 0.65510000 0.24128600 0.08846110
v 0.65527800 0.24084600 0.09232790
v 0.66357100 0.26117800 0.08960980
v 0.66816500 0.25689800 0.09672760
v 0.66670100 0.25076800 0.10265400
v 0.66009200 0.24663000 0.10367000
v 0.65193100 0.24673000 0.09922810
v 0.64733600 0.25101000 0.09211030
v 0.64880000 0.25714100 0.08618360
v 0.65541000 0.26127800 0.08516820
v 0.65544100 0.26542600 0.11332200
v 0.65798700 0.26025500 0.12112800
v 0.65407500 0.25440800 0.12647600
v 0.64616200 0.25154900 0.12601700
v 0.63854600 0.25323600 0.11999400
v 0.63599900 0.25840700 0.11218800
v 0.64350500 0.27103300 0.14816000
v 0.64150500 0.26505800 0.15525100
v 0.62598000 0.26119300 0.15270600
v 0.62159600 0.26539200 0.14482100
v 0.62359500 0.27136700 0.13773000
v 0.63073000 0.27537100 0.13588200
v 0.61916000 0.26800800 0.18239600
v 0.61097400 0.26980400 0.17580700
v 0.60846500 0.27523600 0.16688000
v 0.60627400 0.29793200 0.20808700
v 0.61060500 0.29190400 0.21896400
v 0.60387200 0.28495900 0.22574900
v 0.60076000 0.29855700 0.20447700
v 0.57274600 0.30720400 0.24269600
v 0.57023300 0.32443300 0.28247000
v 0.57452300 0.31843500 0.29343000
v 0.56773400 0.31153100 0.30033300
v 0.55915700 0.31019100 0.29813700
v 0.55229700 0.31487800 0.28786300
v 0.55657000 0.32235500 0.27888800
v 0.56471900 0.32505800 0.27886000
v 0.55782300 0.31811800 0.30507100
v 0.56405900 0.31459500 0.30594500
v 0.56690700 0.30955600 0.30243400
v 0.56457600 0.30616000 0.29673500
v 0.55833600 0.30625000 0.29194600
v 0.55209900 0.30977200 0.29107200
v 0.54925100 0.31481100 0.29458300
v 0.55158300 0.31820700 0.30028100
v 0.55449600 0.30745600 0.31762800
v 0.56021200 0.30366100 0.31641100
v 0.56172500 0.29943400 0.31101300
v 0.55809100 0.29742500 0.30481900
v 0.55128000 0.29872800 0.30119600
v 0.54556400 0.30252400 0.30241300
v 0.54405200 0.30675100 0.30781200
v 0.54768600 0.30875900 0.31400500
v 0.53300600 0.27996900 0.36071100
v 0.54333800 0.27512800 0.36118800
v 0.54858500 0.26838400 0.35408900
v 0.54544800 0.26396800 0.34386000
v 0.52530700 0.26911600 0.33558200
v 0.52006100 0.27586000 0.34268000
v 0.52319700 0.28027600 0.35290900
v 0.53161200 0.25827500 0.37439500
v 0.53751700 0.25328800 0.37058800
v 0.53579500 0.24821000 0.36008800
v 0.52523300 0.24940700 0.35317300
v 0.51802300 0.25387500 0.35494000
v 0.51598900 0.25881000 0.36196800
v 0.52040000 0.26111800 0.36984700
v 0.51543900 0.21634500 0.38838400
v 0.49307300 0.19374800 0.44270400
v 0.50447400 0.18241200 0.43181700
v 0.48751100 0.19437900 0.43906300
v 0.47163100 0.15079200 0.48812600
v 0.48218700 0.14523600 0.48705000
v 0.48349500 0.13901800 0.47678600
v 0.47703800 0.13792100 0.46920800
v 0.46554600 0.14231600 0.46734900
v 0.46128300 0.14909600 0.47609400
v 0.46584700 0.15144800 0.48433900
v 0.51268400 0.37711300 0.47163900
v 0.51736400 0.37567400 0.47613100
v 0.52319600 0.37263700 0.47611900
v 0.52652400 0.36990600 0.47160700
v 0.52554300 0.36896400 0.46504800
v 0.52086400 0.37040300 0.46055700
v 0.51503100 0.37344000 0.46056800
v 0.51170300 0.37617000 0.46508100
v 0.50957000 0.36524600 0.47754100
v 0.51517800 0.36373100 0.48052200
v 0.52086100 0.36129700 0.47855900
v 0.52305500 0.35947100 0.47288900
v 0.52056600 0.35924500 0.46658900
v 0.51495800 0.36076000 0.46360800
v 0.50927500 0.36319400 0.46557100
v 0.50708100 0.36502000 0.47124100
v 0.48893300 0.32957000 0.49114800
v 0.49670300 0.32817800 0.49796700
v 0.50653500 0.32485400 0.49743000
v 0.51226300 0.32168000 0.48986400
v 0.50301200 0.32177200 0.47256700
v 0.49317900 0.32509600 0.47310500
v 0.48745100 0.32827000 0.48067000
v 0.49167500 0.30860500 0.49953100
v 0.49930900 0.30649300 0.50119400
v 0.50627400 0.30317800 0.49436800
v 0.50348700 0.30230800 0.48389500
v 0.49644700 0.30391100 0.48028900
v 0.48929100 0.30657500 0.48283800
v 0.48650500 0.30862800 0.48993800
v 0.49604200 0.26618800 0.50035100
v 0.46672900 0.23284800 0.51965000
v 0.48412900 0.22781500 0.52091500
v 0.46526100 0.23239000 0.51413600
v 0.45245500 0.18357700 0.53556500
v 0.46149800 0.18185800 0.54166200
v 0.47055600 0.17836100 0.53687400
v 0.47147700 0.17674400 0.52863800
v 0.46400600 0.17763300 0.52034200
v 0.45384200 0.18102100 0.52242800
v 0.45092800 0.18310100 0.52982900
v 0.54924000 0.35882200 0.56758500
v 0.55265700 0.35680000 0.57255400
v 0.55831500 0.35365800 0.57327100
v 0.56266500 0.35136500 0.56928200
v 0.56334800 0.35116600 0.56275800
v 0.55993100 0.35318700 0.55778900
v 0.55427300 0.35633000 0.55707200
v 0.54992300 0.35862200 0.56106100
v 0.54523900 0.34665800 0.56931200
v 0.54990900 0.34469600 0.57310500
v 0.55587500 0.34235600 0.57213400
v 0.55939600 0.34110400 0.56701400
v 0.55855700 0.34162300 0.56052300
v 0.55388600 0.34358600 0.55673100
v 0.54792000 0.34592600 0.55770100
v 0.54439900 0.34717800 0.56282100
v 0.52347300 0.31085500 0.56784000
v 0.52926900 0.30854400 0.57574800
v 0.53887300 0.30506000 0.57692100
v 0.54626200 0.30258700 0.57061600
v 0.54163100 0.30478000 0.55235800
v 0.53202800 0.30826400 0.55118500
v 0.52463900 0.31073600 0.55749000
v 0.52474900 0.28934600 0.57109400
v 0.53168600 0.28687900 0.57403800
v 0.54008000 0.28415400 0.56869200
v 0.53998700 0.28449300 0.55812200
v 0.53410200 0.28665000 0.55341300
v 0.52658300 0.28919600 0.55460800
v 0.52214400 0.29053500 0.56095100
v 0.53011000 0.24757200 0.56250300
v 0.49862800 0.21370500 0.56465800
v 0.51505900 0.20813700 0.56898500
v 0.49857900 0.21388300 0.55909100
v 0.48281400 0.16415300 0.56357200
v 0.49000800 0.16156100 0.57105500
v 0.49990700 0.15838100 0.56807300
v 0.50283000 0.15764300 0.56031700
v 0.49769100 0.15961100 0.55100200
v 0.48739600 0.16300300 0.55118700
v 0.48276300 0.16433900 0.55778300
v 0.59770900 0.36842700 0.65686500
v 0.59529100 0.37058100 0.66347700
v 0.59795200 0.36917100 0.66955000
v 0.60402800 0.36507900 0.67127300
v 0.61021500 0.36052900 0.66771600
v 0.61263200 0.35837600 0.66110400
v 0.60997100 0.35978600 0.65503100
v 0.60389600 0.36387700 0.65330800
v 0.58810000 0.35662500 0.65707000
v 0.58774500 0.35829800 0.66400700
v 0.59245400 0.35659200 0.66909400
v 0.59927100 0.35257800 0.66914400
v 0.60449300 0.34843700 0.66412400
v 0.60484900 0.34676200 0.65718700
v 0.60013900 0.34846900 0.65210100
v 0.59332200 0.35248300 0.65205100
v 0.55753000 0.31519400 0.64473200
v 0.55433400 0.31960200 0.65537400
v 0.55963100 0.31902300 0.66526000
v 0.58326400 0.30240300 0.65193100
v 0.57796700 0.30298200 0.64204500
v 0.56749100 0.30819000 0.63911800
v 0.54707900 0.29627400 0.65252000
v 0.54908800 0.29735200 0.66099900
v 0.55943000 0.29277200 0.66547400
v 0.56875500 0.28580000 0.65852100
v 0.56901500 0.28342400 0.64989200
v 0.56294300 0.28515300 0.64355000
v 0.55435100 0.28989800 0.64346700
v 0.54216800 0.24987300 0.66057200
v 0.50138200 0.21076300 0.64166600
v 0.50629300 0.20709100 0.63800500
v 0.46974600 0.15718600 0.63770300
v 0.46793300 0.16132500 0.64935300
v 0.47723100 0.15824900 0.65676000
v 0.48608300 0.15279900 0.65448200
v 0.49090400 0.14722000 0.64358200
v 0.48382400 0.14849300 0.63398500
v 0.47485300 0.15336800 0.63389500
v 0.72017900 0.24482400 0.58183300
v 0.73142900 0.24482400 0.57488000
v 0.72365500 0.25552400 0.57488000
v 0.71107800 0.25143700 0.57488000
v 0.71107800 0.23821200 0.57488000
v 0.72365500 0.23412500 0.57488000
v 0.72928000 0.25143700 0.56363000
v 0.71670200 0.25552400 0.56363000
v 0.70892900 0.24482400 0.56363000
v 0.71670200 0.23412500 0.56363000
v 0.72928000 0.23821200 0.56363000
v 0.72017900 0.24482400 0.55667700
v 0.72361600 0.24482400 0.58135400
v 0.72679100 0.24482400 0.57995500
v 0.72946300 0.24482400 0.57774000
v 0.72124100 0.24809300 0.58135400
v 0.72222200 0.25111300 0.57995500
v 0.72304800 0.25365500 0.57774000
v 0.71739800 0.24684500 0.58135400
v 0.71482900 0.24871100 0.57995500
v 0.71266700 0.25028200 0.57774000
v 0.71739800 0.24280400 0.58135400
v 0.71482900 0.24093800 0.57995500
v 0.71266700 0.23936700 0.57774000
v 0.72124100 0.24155600 0.58135400
v 0.72222200 0.23853600 0.57995500
v 0.72304800 0.23599400 0.57774000
v 0.73052500 0.24809300 0.57561600
v 0.72883500 0.25111300 0.57586800
v 0.72648500 0.25365500 0.57561600
v 0.72026700 0.25567500 0.57561600
v 0.71687300 0.25500000 0.57586800
v 0.71372900 0.25355100 0.57561600
v 0.70988700 0.24826200 0.57561600
v 0.70947900 0.24482400 0.57586800
v 0.70988700 0.24138700 0.57561600
v 0.71372900 0.23609800 0.57561600
v 0.71687300 0.23464900 0.57586800
v 0.72026700 0.23397400 0.57561600
v 0.72648500 0.23599400 0.57561600
v 0.72883500 0.23853600 0.57586800
v 0.73052500 0.24155600 0.57561600
v 0.73224400 0.24684500 0.57217900
v 0.73214100 0.24871100 0.56925500
v 0.73112700 0.25028200 0.56633100
v 0.72198600 0.25692400 0.57217900
v 0.72017900 0.25740200 0.56925500
v 0.71837200 0.25692400 0.56633100
v 0.70923000 0.25028200 0.57217900
v 0.70821600 0.24871100 0.56925500
v 0.70811300 0.24684500 0.56633100
v 0.71160500 0.23609800 0.57217900
v 0.71278600 0.23464900 0.56925500
v 0.71452900 0.23397400 0.56633100
v 0.72582800 0.23397400 0.57217900
v 0.72757200 0.23464900 0.56925500
v 0.72875200 0.23609800 0.56633100
v 0.73224400 0.24280400 0.57217900
v 0.73214100 0.24093800 0.56925500
v 0.73112700 0.23936700 0.56633100
v 0.72582800 0.25567500 0.57217900
v 0.72757200 0.25500000 0.56925500
v 0.72875200 0.25355100 0.56633100
v 0.71160500 0.25355100 0.57217900
v 0.71278600 0.25500000 0.56925500
v 0.71452900 0.25567500 0.56633100
v 0.70923000 0.23936700 0.57217900
v 0.70821600 0.24093800 0.56925500
v 0.70811300 0.24280400 0.56633100
v 0.72198600 0.23272500 0.57217900
v 0.72017900 0.23224700 0.56925500
v 0.71837200 0.23272500 0.56633100
v 0.72662800 0.25355100 0.56289400
v 0.72348500 0.25500000 0.56264300
v 0.72009000 0.25567500 0.56289400
v 0.71387200 0.25365500 0.56289400
v 0.71152300 0.25111300 0.56264300
v 0.70983200 0.24809300 0.56289400
v 0.70983200 0.24155600 0.56289400
v 0.71152300 0.23853600 0.56264300
v 0.71387200 0.23599400 0.56289400
v 0.72009000 0.23397400 0.56289400
v 0.72348500 0.23464900 0.56264300
v 0.72662800 0.23609800 0.56289400
v 0.73047100 0.24138700 0.56289400
v 0.73087800 0.24482400 0.56264300
v 0.73047100 0.24826200 0.56289400
v 0.72295900 0.24684500 0.55715600
v 0.72552900 0.24871100 0.55855600
v 0.72769000 0.25028200 0.56077000
v 0.71911600 0.24809300 0.55715600
v 0.71813500 0.25111300 0.55855600
v 0.71731000 0.25365500 0.56077000
v 0.71674200 0.24482400 0.55715600
v 0.71356600 0.24482400 0.55855600
v 0.71089400 0.24482400 0.56077000
v 0.71911600 0.24155600 0.55715600
v 0.71813500 0.23853600 0.55855600
v 0.71731000 0.23599400 0.56077000
v 0.72295900 0.24280400 0.55715600
v 0.72552900 0.24093800 0.55855600
v 0.72769000 0.23936700 0.56077000
v 0.72473000 0.24813100 0.58050500
v 0.72795000 0.24815300 0.57856800
v 0.72574600 0.25118700 0.57856800
v 0.71844100 0.25017400 0.58050500
v 0.71941400 0.25324400 0.57856800
v 0.71584800 0.25208600 0.57856800
v 0.71455400 0.24482400 0.58050500
v 0.71193500 0.24669900 0.57856800
v 0.71193500 0.24295000 0.57856800
v 0.71844100 0.23947500 0.58050500
v 0.71584800 0.23756300 0.57856800
v 0.71941400 0.23640400 0.57856800
v 0.72473000 0.24151800 0.58050500
v 0.72574600 0.23846200 0.57856800
v 0.72795000 0.24149600 0.57856800
v 0.73275700 0.24482400 0.56925500
v 0.73219500 0.24295000 0.56604600
v 0.73219500 0.24669900 0.56604600
v 0.72406500 0.25678700 0.56925500
v 0.72567500 0.25567300 0.56604600
v 0.72210900 0.25683200 0.56604600
v 0.71000300 0.25221700 0.56925500
v 0.71155900 0.25340400 0.56604600
v 0.70935600 0.25037100 0.56604600
v 0.71000300 0.23743100 0.56925500
v 0.70935600 0.23927800 0.56604600
v 0.71155900 0.23624500 0.56604600
v 0.72406500 0.23286200 0.56925500
v 0.72210900 0.23281700 0.56604600
v 0.72567500 0.23397600 0.56604600
v 0.73035400 0.25221700 0.56925500
v 0.72879800 0.25340400 0.57246400
v 0.73100200 0.25037100 0.57246400
v 0.71629200 0.25678700 0.56925500
v 0.71468300 0.25567300 0.57246400
v 0.71824900 0.25683200 0.57246400
v 0.70760100 0.24482400 0.56925500
v 0.70816200 0.24295000 0.57246400
v 0.70816200 0.24669900 0.57246400
v 0.71629200 0.23286200 0.56925500
v 0.71824900 0.23281700 0.57246400
v 0.71468300 0.23397600 0.57246400
v 0.73035400 0.23743100 0.56925500
v 0.73100200 0.23927800 0.57246400
v 0.72879800 0.23624500 0.57246400
v 0.72191700 0.25017400 0.55800500
v 0.72094400 0.25324400 0.55994300
v 0.72450900 0.25208600 0.55994300
v 0.71562800 0.24813100 0.55800500
v 0.71240700 0.24815300 0.55994300
v 0.71461100 0.25118700 0.55994300
v 0.71562800 0.24151800 0.55800500
v 0.71461100 0.23846200 0.55994300
v 0.71240700 0.24149600 0.55994300
v 0.72191700 0.23947500 0.55800500
v 0.72450900 0.23756300 0.55994300
v 0.72094400 0.23640400 0.55994300
v 0.72580400 0.24482400 0.55800500
v 0.72842300 0.24669900 0.55994300
v 0.72842300 0.24295000 0.55994300
v 0.32883100 0.33490600 0.29551500
v 0.33999400 0.32800700 0.29551500
v 0.33228000 0.32800700 0.28489800
v 0.31979900 0.32800700 0.28895300
v 0.31979900 0.32800700 0.30207600
v 0.33228000 0.32800700 0.30613100
v 0.33786200 0.31684400 0.28895300
v 0.32538100 0.31684400 0.28489800
v 0.31766700 0.31684400 0.29551500
v 0.32538100 0.31684400 0.30613100
v 0.33786200 0.31684400 0.30207600
v 0.32883100 0.30994500 0.29551500
v 0.33224100 0.33443100 0.29551500
v 0.33539300 0.33304200 0.29551500
v 0.33804400 0.33084500 0.29551500
v 0.32988500 0.33443100 0.29227100
v 0.33085900 0.33304200 0.28927400
v 0.33167800 0.33084500 0.28675300
v 0.32607200 0.33443100 0.29351000
v 0.32352200 0.33304200 0.29165800
v 0.32137700 0.33084500 0.29009900
v 0.32607200 0.33443100 0.29751900
v 0.32352200 0.33304200 0.29937200
v 0.32137700 0.33084500 0.30093000
v 0.32988500 0.33443100 0.29875800
v 0.33085900 0.33304200 0.30175500
v 0.33167800 0.33084500 0.30427700
v 0.33909800 0.32873700 0.29227100
v 0.33742000 0.32898700 0.28927400
v 0.33508900 0.32873700 0.28675300
v 0.32891900 0.32873700 0.28474800
v 0.32555000 0.32898700 0.28541700
v 0.32243100 0.32873700 0.28685600
v 0.31861800 0.32873700 0.29210400
v 0.31821400 0.32898700 0.29551500
v 0.31861800 0.32873700 0.29892500
v 0.32243100 0.32873700 0.30417400
v 0.32555000 0.32898700 0.30561200
v 0.32891900 0.32873700 0.30628200
v 0.33508900 0.32873700 0.30427700
v 0.33742000 0.32898700 0.30175500
v 0.33909800 0.32873700 0.29875800
v 0.34080300 0.32532600 0.29351000
v 0.34070100 0.32242500 0.29165800
v 0.33969500 0.31952400 0.29009900
v 0.33062400 0.32532600 0.28350900
v 0.32883100 0.32242500 0.28303400
v 0.32703800 0.31952400 0.28350900
v 0.31796700 0.32532600 0.29009900
v 0.31696100 0.32242500 0.29165800
v 0.31685900 0.31952400 0.29351000
v 0.32032300 0.32532600 0.30417400
v 0.32149500 0.32242500 0.30561200
v 0.32322500 0.31952400 0.30628200
v 0.33443700 0.32532600 0.30628200
v 0.33616700 0.32242500 0.30561200
v 0.33733800 0.31952400 0.30417400
v 0.34080300 0.32532600 0.29751900
v 0.34070100 0.32242500 0.29937200
v 0.33969500 0.31952400 0.30093000
v 0.33443700 0.32532600 0.28474800
v 0.33616700 0.32242500 0.28541700
v 0.33733800 0.31952400 0.28685600
v 0.32032300 0.32532600 0.28685600
v 0.32149500 0.32242500 0.28541700
v 0.32322500 0.31952400 0.28474800
v 0.31796700 0.32532600 0.30093000
v 0.31696100 0.32242500 0.29937200
v 0.31685900 0.31952400 0.29751900
v 0.33062400 0.32532600 0.30752100
v 0.32883100 0.32242500 0.30799600
v 0.32703800 0.31952400 0.30752100
v 0.33523000 0.31611400 0.28685600
v 0.33211200 0.31586400 0.28541700
v 0.32874300 0.31611400 0.28474800
v 0.32257300 0.31611400 0.28675300
v 0.32024200 0.31586400 0.28927400
v 0.31856400 0.31611400 0.29227100
v 0.31856400 0.31611400 0.29875800
v 0.32024200 0.31586400 0.30175500
v 0.32257300 0.31611400 0.30427700
v 0.32874300 0.31611400 0.30628200
v 0.33211200 0.31586400 0.30561200
v 0.33523000 0.31611400 0.30417400
v 0.33904300 0.31611400 0.29892500
v 0.33944800 0.31586400 0.29551500
v 0.33904300 0.31611400 0.29210400
v 0.33159000 0.31042000 0.29351000
v 0.33413900 0.31180900 0.29165800
v 0.33628400 0.31400600 0.29009900
v 0.32777700 0.31042000 0.29227100
v 0.32680300 0.31180900 0.28927400
v 0.32598400 0.31400600 0.28675300
v 0.32542000 0.31042000 0.29551500
v 0.32226900 0.31180900 0.29551500
v 0.31961800 0.31400600 0.29551500
v 0.32777700 0.31042000 0.29875800
v 0.32680300 0.31180900 0.30175500
v 0.32598400 0.31400600 0.30427700
v 0.33159000 0.31042000 0.29751900
v 0.33413900 0.31180900 0.29937200
v 0.33628400 0.31400600 0.30093000
v 0.33334700 0.33358800 0.29223400
v 0.33654200 0.33166600 0.29221200
v 0.33435600 0.33166600 0.28920200
v 0.32710600 0.33358800 0.29020600
v 0.32807200 0.33166600 0.28716000
v 0.32453400 0.33166600 0.28831000
v 0.32324900 0.33358800 0.29551500
v 0.32065000 0.33166600 0.29365500
v 0.32065000 0.33166600 0.29737500
v 0.32710600 0.33358800 0.30082300
v 0.32453400 0.33166600 0.30272000
v 0.32807200 0.33166600 0.30387000
v 0.33334700 0.33358800 0.29879600
v 0.33435600 0.33166600 0.30182800
v 0.33654200 0.33166600 0.29881800
v 0.34131200 0.32242500 0.29551500
v 0.34075500 0.31924100 0.29737500
v 0.34075500 0.31924100 0.29365500
v 0.33268700 0.32242500 0.28364500
v 0.33428400 0.31924100 0.28475000
v 0.33074600 0.31924100 0.28360000
v 0.31873400 0.32242500 0.28817900
v 0.32027800 0.31924100 0.28700100
v 0.31809100 0.31924100 0.29001100
v 0.31873400 0.32242500 0.30285100
v 0.31809100 0.31924100 0.30101900
v 0.32027800 0.31924100 0.30402800
v 0.33268700 0.32242500 0.30738500
v 0.33074600 0.31924100 0.30743000
v 0.33428400 0.31924100 0.30628000
v 0.33892800 0.32242500 0.28817900
v 0.33738400 0.32560900 0.28700100
v 0.33957000 0.32560900 0.29001100
v 0.32497400 0.32242500 0.28364500
v 0.32337700 0.32560900 0.28475000
v 0.32691600 0.32560900 0.28360000
v 0.31635000 0.32242500 0.29551500
v 0.31690700 0.32560900 0.29737500
v 0.31690700 0.32560900 0.29365500
v 0.32497400 0.32242500 0.30738500
v 0.32691600 0.32560900 0.30743000
v 0.32337700 0.32560900 0.30628000
v 0.33892800 0.32242500 0.30285100
v 0.33957000 0.32560900 0.30101900
v 0.33738400 0.32560900 0.30402800
v 0.33055600 0.31126200 0.29020600
v 0.32959000 0.31318500 0.28716000
v 0.33312800 0.31318500 0.28831000
v 0.32431500 0.31126200 0.29223400
v 0.32111900 0.31318500 0.29221200
v 0.32330600 0.31318500 0.28920200
v 0.32431500 0.31126200 0.29879600
v 0.32330600 0.31318500 0.30182800
v 0.32111900 0.31318500 0.29881800
v 0.33055600 0.31126200 0.30082300
v 0.33312800 0.31318500 0.30272000
v 0.32959000 0.31318500 0.30387000
v 0.33441200 0.31126200 0.29551500
v 0.33701100 0.31318500 0.29365500
v 0.33701100 0.31318500 0.29737500
v 0.55867800 0.33052000 0.29376000
v 0.57038600 0.32328400 0.29376000
v 0.56229600 0.32328400 0.28262400
v 0.54920500 0.32328400 0.28687800
v 0.54920500 0.32328400 0.30064200
v 0.56229600 0.32328400 0.30489500
v 0.56815000 0.31157600 0.28687800
v 0.55505900 0.31157600 0.28262400
v 0.54696900 0.31157600 0.29376000
v 0.55505900 0.31157600 0.30489500
v 0.56815000 0.31157600 0.30064200
v 0.55867800 0.30433900 0.29376000
v 0.56225500 0.33002200 0.29376000
v 0.56556000 0.32856500 0.29376000
v 0.56834100 0.32626100 0.29376000
v 0.55978300 0.33002200 0.29035800
v 0.56080400 0.32856500 0.28721400
v 0.56166400 0.32626100 0.28457000
v 0.55578400 0.33002200 0.29165700
v 0.55311000 0.32856500 0.28971400
v 0.55086000 0.32626100 0.28808000
v 0.55578400 0.33002200 0.29586300
v 0.55311000 0.32856500 0.29780500
v 0.55086000 0.32626100 0.29944000
v 0.55978300 0.33002200 0.29716200
v 0.56080400 0.32856500 0.30030500
v 0.56166400 0.32626100 0.30295000
v 0.56944600 0.32405000 0.29035800
v 0.56768600 0.32431200 0.28721400
v 0.56524100 0.32405000 0.28457000
v 0.55877000 0.32405000 0.28246700
v 0.55523700 0.32431200 0.28316900
v 0.55196500 0.32405000 0.28467800
v 0.54796600 0.32405000 0.29018300
v 0.54754200 0.32431200 0.29376000
v 0.54796600 0.32405000 0.29733700
v 0.55196500 0.32405000 0.30284200
v 0.55523700 0.32431200 0.30435000
v 0.55877000 0.32405000 0.30505200
v 0.56524100 0.32405000 0.30295000
v 0.56768600 0.32431200 0.30030500
v 0.56944600 0.32405000 0.29716200
v 0.57123500 0.32047300 0.29165700
v 0.57112700 0.31743000 0.28971400
v 0.57007200 0.31438700 0.28808000
v 0.56055800 0.32047300 0.28116700
v 0.55867800 0.31743000 0.28066900
v 0.55679700 0.31438700 0.28116700
v 0.54728300 0.32047300 0.28808000
v 0.54622800 0.31743000 0.28971400
v 0.54612100 0.31438700 0.29165700
v 0.54975500 0.32047300 0.30284200
v 0.55098300 0.31743000 0.30435000
v 0.55279800 0.31438700 0.30505200
v 0.56455800 0.32047300 0.30505200
v 0.56637200 0.31743000 0.30435000
v 0.56760100 0.31438700 0.30284200
v 0.57123500 0.32047300 0.29586300
v 0.57112700 0.31743000 0.29780500
v 0.57007200 0.31438700 0.29944000
v 0.56455800 0.32047300 0.28246700
v 0.56637200 0.31743000 0.28316900
v 0.56760100 0.31438700 0.28467800
v 0.54975500 0.32047300 0.28467800
v 0.55098300 0.31743000 0.28316900
v 0.55279800 0.31438700 0.28246700
v 0.54728300 0.32047300 0.29944000
v 0.54622800 0.31743000 0.29780500
v 0.54612100 0.31438700 0.29586300
v 0.56055800 0.32047300 0.30635200
v 0.55867800 0.31743000 0.30685000
v 0.55679700 0.31438700 0.30635200
v 0.56539000 0.31081000 0.28467800
v 0.56211900 0.31054800 0.28316900
v 0.55858600 0.31081000 0.28246700
v 0.55211400 0.31081000 0.28457000
v 0.54966900 0.31054800 0.28721400
v 0.54790900 0.31081000 0.29035800
v 0.54790900 0.31081000 0.29716200
v 0.54966900 0.31054800 0.30030500
v 0.55211400 0.31081000 0.30295000
v 0.55858600 0.31081000 0.30505200
v 0.56211900 0.31054800 0.30435000
v 0.56539000 0.31081000 0.30284200
v 0.56938900 0.31081000 0.29733700
v 0.56981300 0.31054800 0.29376000
v 0.56938900 0.31081000 0.29018300
v 0.56157200 0.30483800 0.29165700
v 0.56424500 0.30629500 0.28971400
v 0.56649500 0.30859900 0.28808000
v 0.55757200 0.30483800 0.29035800
v 0.55655100 0.30629500 0.28721400
v 0.55569200 0.30859900 0.28457000
v 0.55510000 0.30483800 0.29376000
v 0.55179600 0.30629500 0.29376000
v 0.54901500 0.30859900 0.29376000
v 0.55757200 0.30483800 0.29716200
v 0.55655100 0.30629500 0.30030500
v 0.55569200 0.30859900 0.30295000
v 0.56157200 0.30483800 0.29586300
v 0.56424500 0.30629500 0.29780500
v 0.56649500 0.30859900 0.29944000
v 0.56341400 0.32913800 0.29031900
v 0.56676600 0.32712200 0.29029500
v 0.56447200 0.32712200 0.28713800
v 0.55686900 0.32913800 0.28819200
v 0.55788200 0.32712200 0.28499700
v 0.55417100 0.32712200 0.28620300
v 0.55282300 0.32913800 0.29376000
v 0.55009800 0.32712200 0.29180900
v 0.55009800 0.32712200 0.29571100
v 0.55686900 0.32913800 0.29932700
v 0.55417100 0.32712200 0.30131700
v 0.55788200 0.32712200 0.30252300
v 0.56341400 0.32913800 0.29720100
v 0.56447200 0.32712200 0.30038100
v 0.56676600 0.32712200 0.29722500
v 0.57176800 0.31743000 0.29376000
v 0.57118300 0.31409000 0.29571100
v 0.57118300 0.31409000 0.29180900
v 0.56272300 0.31743000 0.28131000
v 0.56439800 0.31409000 0.28246900
v 0.56068700 0.31409000 0.28126300
v 0.54808700 0.31743000 0.28606500
v 0.54970700 0.31409000 0.28483000
v 0.54741300 0.31409000 0.28798800
v 0.54808700 0.31743000 0.30145400
v 0.54741300 0.31409000 0.29953200
v 0.54970700 0.31409000 0.30268900
v 0.56272300 0.31743000 0.30620900
v 0.56068700 0.31409000 0.30625600
v 0.56439800 0.31409000 0.30505100
v 0.56926800 0.31743000 0.28606500
v 0.56764800 0.32076900 0.28483000
v 0.56994200 0.32076900 0.28798800
v 0.55463200 0.31743000 0.28131000
v 0.55295700 0.32076900 0.28246900
v 0.55666900 0.32076900 0.28126300
v 0.54558700 0.31743000 0.29376000
v 0.54617200 0.32076900 0.29571100
v 0.54617200 0.32076900 0.29180900
v 0.55463200 0.31743000 0.30620900
v 0.55666900 0.32076900 0.30625600
v 0.55295700 0.32076900 0.30505100
v 0.56926800 0.31743000 0.30145400
v 0.56994200 0.32076900 0.29953200
v 0.56764800 0.32076900 0.30268900
v 0.56048700 0.30572100 0.28819200
v 0.55947300 0.30773800 0.28499700
v 0.56318500 0.30773800 0.28620300
v 0.55394100 0.30572100 0.29031900
v 0.55058900 0.30773800 0.29029500
v 0.55288300 0.30773800 0.28713800
v 0.55394100 0.30572100 0.29720100
v 0.55288300 0.30773800 0.30038100
v 0.55058900 0.30773800 0.29722500
v 0.56048700 0.30572100 0.29932700
v 0.56318500 0.30773800 0.30131700
v 0.55947300 0.30773800 0.30252300
v 0.56453200 0.30572100 0.29376000
v 0.56725800 0.30773800 0.29180900
v 0.56725800 0.30773800 0.29571100
v 0.52539000 0.38202600 0.46645600
v 0.53641400 0.37521300 0.46645600
v 0.52879600 0.37521300 0.45597100
v 0.51647100 0.37521300 0.45997600
v 0.51647100 0.37521300 0.47293600
v 0.52879600 0.37521300 0.47694100
v 0.53430800 0.36418800 0.45997600
v 0.52198300 0.36418800 0.45597100
v 0.51436500 0.36418800 0.46645600
v 0.52198300 0.36418800 0.47694100
v 0.53430800 0.36418800 0.47293600
v 0.52539000 0.35737500 0.46645600
v 0.52875800 0.38155700 0.46645600
v 0.53187000 0.38018500 0.46645600
v 0.53448800 0.37801500 0.46645600
v 0.52643000 0.38155700 0.46325300
v 0.52739200 0.38018500 0.46029300
v 0.52820100 0.37801500 0.45780300
v 0.52266500 0.38155700 0.46447600
v 0.52014700 0.38018500 0.46264700
v 0.51802900 0.37801500 0.46110800
v 0.52266500 0.38155700 0.46843600
v 0.52014700 0.38018500 0.47026500
v 0.51802900 0.37801500 0.47180400
v 0.52643000 0.38155700 0.46965900
v 0.52739200 0.38018500 0.47261900
v 0.52820100 0.37801500 0.47510900
v 0.53552900 0.37593400 0.46325300
v 0.53387200 0.37618000 0.46029300
v 0.53156900 0.37593400 0.45780300
v 0.52547600 0.37593400 0.45582300
v 0.52215000 0.37618000 0.45648400
v 0.51907000 0.37593400 0.45790500
v 0.51530400 0.37593400 0.46308800
v 0.51490500 0.37618000 0.46645600
v 0.51530400 0.37593400 0.46982400
v 0.51907000 0.37593400 0.47500700
v 0.52215000 0.37618000 0.47642800
v 0.52547600 0.37593400 0.47708900
v 0.53156900 0.37593400 0.47510900
v 0.53387200 0.37618000 0.47261900
v 0.53552900 0.37593400 0.46965900
v 0.53721300 0.37256600 0.46447600
v 0.53711200 0.36970100 0.46264700
v 0.53611900 0.36683500 0.46110800
v 0.52716000 0.37256600 0.45460000
v 0.52539000 0.36970100 0.45413100
v 0.52361900 0.36683500 0.45460000
v 0.51466100 0.37256600 0.46110800
v 0.51366700 0.36970100 0.46264700
v 0.51356600 0.36683500 0.46447600
v 0.51698800 0.37256500 0.47500700
v 0.51814500 0.36970100 0.47642800
v 0.51985300 0.36683500 0.47708900
v 0.53092600 0.37256600 0.47708900
v 0.53263400 0.36970100 0.47642800
v 0.53379100 0.36683500 0.47500700
v 0.53721300 0.37256600 0.46843600
v 0.53711200 0.36970100 0.47026500
v 0.53611900 0.36683500 0.47180400
v 0.53092600 0.37256600 0.45582300
v 0.53263400 0.36970100 0.45648400
v 0.53379100 0.36683500 0.45790500
v 0.51698800 0.37256600 0.45790500
v 0.51814500 0.36970100 0.45648400
v 0.51985300 0.36683500 0.45582300
v 0.51466100 0.37256600 0.47180400
v 0.51366700 0.36970100 0.47026500
v 0.51356600 0.36683500 0.46843600
v 0.52716000 0.37256600 0.47831200
v 0.52539000 0.36970100 0.47878200
v 0.52361900 0.36683500 0.47831200
v 0.53171000 0.36346700 0.45790500
v 0.52863000 0.36322100 0.45648400
v 0.52530300 0.36346700 0.45582300
v 0.51921000 0.36346700 0.45780300
v 0.51690700 0.36322100 0.46029300
v 0.51525000 0.36346700 0.46325300
v 0.51525000 0.36346700 0.46965900
v 0.51690700 0.36322100 0.47261900
v 0.51921000 0.36346700 0.47510900
v 0.52530300 0.36346700 0.47708900
v 0.52863000 0.36322100 0.47642800
v 0.53171000 0.36346700 0.47500700
v 0.53547500 0.36346700 0.46982400
v 0.53587400 0.36322100 0.46645600
v 0.53547500 0.36346700 0.46308800
v 0.52811500 0.35784400 0.46447600
v 0.53063200 0.35921600 0.46264700
v 0.53275000 0.36138500 0.46110800
v 0.52434900 0.35784400 0.46325300
v 0.52338700 0.35921600 0.46029300
v 0.52257800 0.36138500 0.45780300
v 0.52202100 0.35784400 0.46645600
v 0.51891000 0.35921600 0.46645600
v 0.51629100 0.36138500 0.46645600
v 0.52434900 0.35784400 0.46965900
v 0.52338700 0.35921600 0.47261900
v 0.52257800 0.36138500 0.47510900
v 0.52811500 0.35784400 0.46843600
v 0.53063200 0.35921600 0.47026500
v 0.53275000 0.36138500 0.47180400
v 0.52984900 0.38072500 0.46321600
v 0.53300500 0.37882600 0.46319400
v 0.53084600 0.37882600 0.46022100
v 0.52368600 0.38072500 0.46121400
v 0.52464000 0.37882600 0.45820500
v 0.52114600 0.37882600 0.45934000
v 0.51987800 0.38072500 0.46645600
v 0.51731100 0.37882600 0.46461900
v 0.51731100 0.37882600 0.46829300
v 0.52368600 0.38072500 0.47169900
v 0.52114600 0.37882600 0.47357100
v 0.52464000 0.37882600 0.47470700
v 0.52984900 0.38072500 0.46969600
v 0.53084600 0.37882600 0.47269100
v 0.53300500 0.37882600 0.46971800
v 0.53771500 0.36970100 0.46645600
v 0.53716500 0.36655600 0.46829300
v 0.53716500 0.36655600 0.46461900
v 0.52919800 0.36970100 0.45473400
v 0.53077600 0.36655600 0.45582500
v 0.52728100 0.36655600 0.45469000
v 0.51541800 0.36970100 0.45921100
v 0.51694300 0.36655600 0.45804900
v 0.51478400 0.36655600 0.46102100
v 0.51541800 0.36970100 0.47370100
v 0.51478400 0.36655600 0.47189100
v 0.51694300 0.36655600 0.47486400
v 0.52919800 0.36970100 0.47817800
v 0.52728100 0.36655600 0.47822300
v 0.53077600 0.36655600 0.47708700
v 0.53536100 0.36970100 0.45921100
v 0.53383600 0.37284500 0.45804900
v 0.53599600 0.37284500 0.46102100
v 0.52158100 0.36970100 0.45473400
v 0.52000400 0.37284500 0.45582500
v 0.52349800 0.37284500 0.45469000
v 0.51306400 0.36970100 0.46645600
v 0.51361400 0.37284500 0.46829300
v 0.51361400 0.37284500 0.46461900
v 0.52158100 0.36970100 0.47817800
v 0.52349800 0.37284500 0.47822300
v 0.52000400 0.37284500 0.47708700
v 0.53536100 0.36970100 0.47370100
v 0.53599600 0.37284500 0.47189100
v 0.53383600 0.37284500 0.47486400
v 0.52709300 0.35867600 0.46121400
v 0.52613900 0.36057500 0.45820500
v 0.52963300 0.36057500 0.45934000
v 0.52093000 0.35867600 0.46321600
v 0.51777400 0.36057500 0.46319400
v 0.51993400 0.36057500 0.46022100
v 0.52093000 0.35867600 0.46969600
v 0.51993400 0.36057500 0.47269100
v 0.51777400 0.36057500 0.46971800
v 0.52709300 0.35867600 0.47169900
v 0.52963300 0.36057500 0.47357100
v 0.52613900 0.36057500 0.47470700
v 0.53090200 0.35867600 0.46645600
v 0.53346800 0.36057500 0.46461900
v 0.53346800 0.36057500 0.46829300
v 0.29600000 0.38546300 0.64089300
v 0.30905500 0.37739400 0.64089300
v 0.30003400 0.37739400 0.62847700
v 0.28543800 0.37739400 0.63321900
v 0.28543800 0.37739400 0.64856700
v 0.30003400 0.37739400 0.65331000
v 0.30656100 0.36434000 0.63321900
v 0.29196500 0.36434000 0.62847700
v 0.28294400 0.36434000 0.64089300
v 0.29196500 0.36434000 0.65331000
v 0.30656100 0.36434000 0.64856700
v 0.29600000 0.35627100 0.64089300
v 0.29998800 0.38490800 0.64089300
v 0.30367300 0.38328300 0.64089300
v 0.30677400 0.38071400 0.64089300
v 0.29723200 0.38490800 0.63710000
v 0.29837100 0.38328300 0.63359500
v 0.29932900 0.38071400 0.63064600
v 0.29277300 0.38490800 0.63854900
v 0.28979100 0.38328300 0.63638300
v 0.28728300 0.38071400 0.63456000
v 0.29277300 0.38490800 0.64323800
v 0.28979100 0.38328300 0.64540400
v 0.28728300 0.38071400 0.64722700
v 0.29723200 0.38490800 0.64468700
v 0.29837100 0.38328300 0.64819100
v 0.29932900 0.38071400 0.65114000
v 0.30800600 0.37824900 0.63710000
v 0.30604400 0.37854100 0.63359500
v 0.30331800 0.37824900 0.63064600
v 0.29610200 0.37824900 0.62830200
v 0.29216300 0.37854100 0.62908500
v 0.28851500 0.37824900 0.63076700
v 0.28405600 0.37824900 0.63690400
v 0.28358300 0.37854100 0.64089300
v 0.28405600 0.37824900 0.64488200
v 0.28851500 0.37824900 0.65102000
v 0.29216300 0.37854100 0.65270200
v 0.29610200 0.37824900 0.65348500
v 0.30331800 0.37824900 0.65114000
v 0.30604400 0.37854100 0.64819100
v 0.30800600 0.37824900 0.64468700
v 0.31000100 0.37426000 0.63854900
v 0.30988100 0.37086700 0.63638300
v 0.30870500 0.36747400 0.63456000
v 0.29809600 0.37426000 0.62685300
v 0.29600000 0.37086700 0.62629700
v 0.29390200 0.36747400 0.62685300
v 0.28329400 0.37426000 0.63456000
v 0.28211700 0.37086700 0.63638300
v 0.28199800 0.36747400 0.63854900
v 0.28605000 0.37426000 0.65102000
v 0.28742000 0.37086700 0.65270200
v 0.28944300 0.36747400 0.65348500
v 0.30255600 0.37426000 0.65348500
v 0.30457900 0.37086700 0.65270200
v 0.30594900 0.36747400 0.65102000
v 0.31000100 0.37426000 0.64323800
v 0.30988100 0.37086700 0.64540400
v 0.30870500 0.36747400 0.64722700
v 0.30255600 0.37426000 0.62830200
v 0.30457900 0.37086700 0.62908500
v 0.30594900 0.36747400 0.63076700
v 0.28605000 0.37426000 0.63076700
v 0.28742000 0.37086700 0.62908500
v 0.28944300 0.36747400 0.62830200
v 0.28329400 0.37426000 0.64722700
v 0.28211700 0.37086700 0.64540400
v 0.28199800 0.36747400 0.64323800
v 0.29809600 0.37426000 0.65493400
v 0.29600000 0.37086700 0.65548900
v 0.29390200 0.36747400 0.65493400
v 0.30348400 0.36348600 0.63076700
v 0.29983600 0.36319300 0.62908500
v 0.29589700 0.36348600 0.62830200
v 0.28868100 0.36348600 0.63064600
v 0.28595500 0.36319300 0.63359500
v 0.28399200 0.36348600 0.63710000
v 0.28399200 0.36348600 0.64468700
v 0.28595500 0.36319300 0.64819100
v 0.28868100 0.36348600 0.65114000
v 0.29589700 0.36348600 0.65348500
v 0.29983600 0.36319300 0.65270200
v 0.30348400 0.36348600 0.65102000
v 0.30794300 0.36348600 0.64488200
v 0.30841600 0.36319300 0.64089300
v 0.30794300 0.36348600 0.63690400
v 0.29922600 0.35682600 0.63854900
v 0.30220800 0.35845100 0.63638300
v 0.30471600 0.36102000 0.63456000
v 0.29476700 0.35682600 0.63710000
v 0.29362800 0.35845100 0.63359500
v 0.29267000 0.36102000 0.63064600
v 0.29201100 0.35682600 0.64089300
v 0.28832600 0.35845100 0.64089300
v 0.28522500 0.36102000 0.64089300
v 0.29476700 0.35682600 0.64468700
v 0.29362800 0.35845100 0.64819100
v 0.29267000 0.36102000 0.65114000
v 0.29922600 0.35682600 0.64323800
v 0.30220800 0.35845100 0.64540400
v 0.30471600 0.36102000 0.64722700
v 0.30128100 0.38392200 0.63705700
v 0.30501800 0.38167400 0.63703000
v 0.30246000 0.38167400 0.63351000
v 0.29398200 0.38392200 0.63468500
v 0.29511200 0.38167400 0.63112200
v 0.29097400 0.38167400 0.63246700
v 0.28947200 0.38392200 0.64089300
v 0.28643200 0.38167400 0.63871800
v 0.28643200 0.38167400 0.64306900
v 0.29398200 0.38392200 0.64710100
v 0.29097400 0.38167400 0.64932000
v 0.29511200 0.38167400 0.65066400
v 0.30128100 0.38392200 0.64473000
v 0.30246000 0.38167400 0.64827600
v 0.30501800 0.38167400 0.64475600
v 0.31059600 0.37086700 0.64089300
v 0.30994400 0.36714300 0.64306900
v 0.30994400 0.36714300 0.63871800
v 0.30051000 0.37086700 0.62701100
v 0.30237700 0.36714300 0.62830300
v 0.29824000 0.36714300 0.62695900
v 0.28419100 0.37086700 0.63231400
v 0.28599700 0.36714300 0.63093700
v 0.28343900 0.36714300 0.63445700
v 0.28419100 0.37086700 0.64947300
v 0.28343900 0.36714300 0.64733000
v 0.28599700 0.36714300 0.65085000
v 0.30051000 0.37086700 0.65477500
v 0.29824000 0.36714300 0.65482700
v 0.30237700 0.36714300 0.65348300
v 0.30780800 0.37086700 0.63231400
v 0.30600200 0.37459100 0.63093700
v 0.30855900 0.37459100 0.63445700
v 0.29148900 0.37086700 0.62701100
v 0.28962100 0.37459100 0.62830300
v 0.29375900 0.37459100 0.62695900
v 0.28140300 0.37086700 0.64089300
v 0.28205500 0.37459100 0.64306900
v 0.28205500 0.37459100 0.63871800
v 0.29148900 0.37086700 0.65477500
v 0.29375900 0.37459100 0.65482700
v 0.28962100 0.37459100 0.65348300
v 0.30780800 0.37086700 0.64947300
v 0.30855900 0.37459100 0.64733000
v 0.30600200 0.37459100 0.65085000
v 0.29801700 0.35781200 0.63468500
v 0.29688700 0.36006000 0.63112200
v 0.30102500 0.36006000 0.63246700
v 0.29071900 0.35781200 0.63705700
v 0.28698100 0.36006000 0.63703000
v 0.28953800 0.36006000 0.63351000
v 0.29071900 0.35781200 0.64473000
v 0.28953800 0.36006000 0.64827600
v 0.28698100 0.36006000 0.64475600
v 0.29801700 0.35781200 0.64710100
v 0.30102500 0.36006000 0.64932000
v 0.29688700 0.36006000 0.65066400
v 0.30252700 0.35781200 0.64089300
v 0.30556600 0.36006000 0.63871800
v 0.30556600 0.36006000 0.64306900
v 0.14247100 0.30500400 0.56849500
v 0.15348700 0.29819600 0.56849500
v 0.14587500 0.29819600 0.55801800
v 0.13355900 0.29819600 0.56202000
v 0.13355900 0.29819600 0.57496900
v 0.14587500 0.29819600 0.57897100
v 0.15138300 0.28718000 0.56202000
v 0.13906700 0.28718000 0.55801800
v 0.13145500 0.28718000 0.56849500
v 0.13906700 0.28718000 0.57897100
v 0.15138300 0.28718000 0.57496900
v 0.14247100 0.28037200 0.56849500
v 0.14583700 0.30453500 0.56849500
v 0.14894600 0.30316400 0.56849500
v 0.15156200 0.30099600 0.56849500
v 0.14351100 0.30453500 0.56529400
v 0.14447200 0.30316400 0.56233700
v 0.14528100 0.30099600 0.55984800
v 0.13974800 0.30453500 0.56651600
v 0.13723300 0.30316400 0.56468900
v 0.13511600 0.30099600 0.56315100
v 0.13974800 0.30453500 0.57047300
v 0.13723300 0.30316400 0.57230000
v 0.13511600 0.30099600 0.57383800
v 0.14351100 0.30453500 0.57169500
v 0.14447200 0.30316400 0.57465200
v 0.14528100 0.30099600 0.57714100
v 0.15260200 0.29891600 0.56529400
v 0.15094700 0.29916300 0.56233700
v 0.14864600 0.29891600 0.55984800
v 0.14255800 0.29891600 0.55787000
v 0.13923400 0.29916300 0.55853100
v 0.13615600 0.29891600 0.55995000
v 0.13239400 0.29891600 0.56512900
v 0.13199500 0.29916300 0.56849500
v 0.13239400 0.29891600 0.57186000
v 0.13615600 0.29891600 0.57703900
v 0.13923400 0.29916300 0.57845800
v 0.14255800 0.29891600 0.57911900
v 0.14864600 0.29891600 0.57714100
v 0.15094700 0.29916300 0.57465200
v 0.15260200 0.29891600 0.57169500
v 0.15428500 0.29555100 0.56651600
v 0.15418400 0.29268800 0.56468900
v 0.15319200 0.28982500 0.56315100
v 0.14424000 0.29555100 0.55664800
v 0.14247100 0.29268800 0.55617900
v 0.14070200 0.28982500 0.55664800
v 0.13175100 0.29555100 0.56315100
v 0.13075800 0.29268800 0.56468900
v 0.13065700 0.28982500 0.56651600
v 0.13407600 0.29555100 0.57703900
v 0.13523200 0.29268800 0.57845800
v 0.13693900 0.28982500 0.57911900
v 0.14800300 0.29555100 0.57911900
v 0.14971000 0.29268800 0.57845800
v 0.15086600 0.28982500 0.57703900
v 0.15428500 0.29555100 0.57047300
v 0.15418400 0.29268800 0.57230000
v 0.15319200 0.28982500 0.57383800
v 0.14800300 0.29555100 0.55787000
v 0.14971000 0.29268800 0.55853100
v 0.15086600 0.28982500 0.55995000
v 0.13407600 0.29555100 0.55995000
v 0.13523200 0.29268800 0.55853100
v 0.13693900 0.28982500 0.55787000
v 0.13175100 0.29555100 0.57383800
v 0.13075800 0.29268800 0.57230000
v 0.13065700 0.28982500 0.57047300
v 0.14424000 0.29555100 0.58034100
v 0.14247100 0.29268800 0.58081000
v 0.14070200 0.28982500 0.58034100
v 0.14878600 0.28646000 0.55995000
v 0.14570900 0.28621400 0.55853100
v 0.14238500 0.28646000 0.55787000
v 0.13629600 0.28646000 0.55984800
v 0.13399600 0.28621400 0.56233700
v 0.13234000 0.28646000 0.56529400
v 0.13234000 0.28646000 0.57169500
v 0.13399600 0.28621400 0.57465200
v 0.13629600 0.28646000 0.57714100
v 0.14238500 0.28646000 0.57911900
v 0.14570900 0.28621400 0.57845800
v 0.14878600 0.28646000 0.57703900
v 0.15254900 0.28646000 0.57186000
v 0.15294800 0.28621400 0.56849500
v 0.15254900 0.28646000 0.56512900
v 0.14519400 0.28084100 0.56651600
v 0.14770900 0.28221200 0.56468900
v 0.14982600 0.28438000 0.56315100
v 0.14143100 0.28084100 0.56529400
v 0.14047000 0.28221200 0.56233700
v 0.13966200 0.28438000 0.55984800
v 0.13910600 0.28084100 0.56849500
v 0.13599700 0.28221200 0.56849500
v 0.13338000 0.28438000 0.56849500
v 0.14143100 0.28084100 0.57169500
v 0.14047000 0.28221200 0.57465200
v 0.13966200 0.28438000 0.57714100
v 0.14519400 0.28084100 0.57047300
v 0.14770900 0.28221200 0.57230000
v 0.14982600 0.28438000 0.57383800
v 0.14692700 0.30370300 0.56525700
v 0.15008100 0.30180700 0.56523500
v 0.14792300 0.30180700 0.56226500
v 0.14076900 0.30370300 0.56325700
v 0.14172200 0.30180700 0.56025000
v 0.13823100 0.30180700 0.56138500
v 0.13696300 0.30370300 0.56849500
v 0.13439900 0.30180700 0.56665900
v 0.13439900 0.30180700 0.57033000
v 0.14076900 0.30370300 0.57373300
v 0.13823100 0.30180700 0.57560500
v 0.14172200 0.30180700 0.57673900
v 0.14692700 0.30370300 0.57173200
v 0.14792300 0.30180700 0.57472400
v 0.15008100 0.30180700 0.57175400
v 0.15478700 0.29268800 0.56849500
v 0.15423700 0.28954600 0.57033000
v 0.15423700 0.28954600 0.56665900
v 0.14627700 0.29268800 0.55678200
v 0.14785300 0.28954600 0.55787200
v 0.14436100 0.28954600 0.55673700
v 0.13250700 0.29268800 0.56125600
v 0.13403100 0.28954600 0.56009400
v 0.13187300 0.28954600 0.56306400
v 0.13250700 0.29268800 0.57573400
v 0.13187300 0.28954600 0.57392500
v 0.13403100 0.28954600 0.57689500
v 0.14627700 0.29268800 0.58020800
v 0.14436100 0.28954600 0.58025200
v 0.14785300 0.28954600 0.57911700
v 0.15243500 0.29268800 0.56125600
v 0.15091100 0.29583000 0.56009400
v 0.15306900 0.29583000 0.56306400
v 0.13866600 0.29268800 0.55678200
v 0.13709000 0.29583000 0.55787200
v 0.14058100 0.29583000 0.55673700
v 0.13015500 0.29268800 0.56849500
v 0.13070500 0.29583000 0.57033000
v 0.13070500 0.29583000 0.56665900
v 0.13866600 0.29268800 0.58020800
v 0.14058100 0.29583000 0.58025200
v 0.13709000 0.29583000 0.57911700
v 0.15243500 0.29268800 0.57573400
v 0.15306900 0.29583000 0.57392500
v 0.15091100 0.29583000 0.57689500
v 0.14417300 0.28167300 0.56325700
v 0.14322000 0.28357000 0.56025000
v 0.14671200 0.28357000 0.56138500
v 0.13801500 0.28167300 0.56525700
v 0.13486200 0.28357000 0.56523500
v 0.13702000 0.28357000 0.56226500
v 0.13801500 0.28167300 0.57173200
v 0.13702000 0.28357000 0.57472400
v 0.13486200 0.28357000 0.57175400
v 0.14417300 0.28167300 0.57373300
v 0.14671200 0.28357000 0.57560500
v 0.14322000 0.28357000 0.57673900
v 0.14797900 0.28167300 0.56849500
v 0.15054300 0.28357000 0.56665900
v 0.15054300 0.28357000 0.57033000
v 0.65940400 0.26333400 0.09079640
v 0.67065400 0.25638100 0.09079640
v 0.66288100 0.25638100 0.08009680
v 0.65030300 0.25638100 0.08418380
v 0.65030300 0.25638100 0.09740890
v 0.66288100 0.25638100 0.10149500
v 0.66850600 0.24513200 0.08418380
v 0.65592800 0.24513200 0.08009680
v 0.64815400 0.24513200 0.09079640
v 0.65592800 0.24513200 0.10149500
v 0.66850600 0.24513200 0.09740890
v 0.65940400 0.23817900 0.09079640
v 0.66284100 0.26285600 0.09079640
v 0.66601700 0.26145600 0.09079640
v 0.66868900 0.25924200 0.09079640
v 0.66046700 0.26285600 0.08752740
v 0.66144800 0.26145600 0.08450740
v 0.66227400 0.25924200 0.08196590
v 0.65662400 0.26285600 0.08877590
v 0.65405500 0.26145600 0.08690940
v 0.65189300 0.25924200 0.08533880
v 0.65662400 0.26285600 0.09281640
v 0.65405500 0.26145600 0.09468290
v 0.65189300 0.25924200 0.09625350
v 0.66046700 0.26285600 0.09406530
v 0.66144800 0.26145600 0.09708530
v 0.66227400 0.25924200 0.09962640
v 0.66975100 0.25711800 0.08752740
v 0.66806000 0.25736900 0.08450740
v 0.66571100 0.25711800 0.08196590
v 0.65949300 0.25711800 0.07994590
v 0.65609800 0.25736900 0.08062050
v 0.65295500 0.25711800 0.08206990
v 0.64911200 0.25711800 0.08735920
v 0.64870500 0.25736900 0.09079640
v 0.64911200 0.25711800 0.09423350
v 0.65295500 0.25711800 0.09952240
v 0.65609800 0.25736900 0.10097200
v 0.65949300 0.25711800 0.10164700
v 0.66571100 0.25711800 0.09962640
v 0.66806000 0.25736900 0.09708530
v 0.66975100 0.25711800 0.09406530
v 0.67147000 0.25368100 0.08877590
v 0.67136700 0.25075700 0.08690940
v 0.67035300 0.24783300 0.08533880
v 0.66121100 0.25368100 0.07869730
v 0.65940400 0.25075700 0.07821850
v 0.65759700 0.24783300 0.07869730
v 0.64845600 0.25368100 0.08533880
v 0.64744200 0.25075700 0.08690940
v 0.64733900 0.24783300 0.08877590
v 0.65083100 0.25368100 0.09952240
v 0.65201200 0.25075700 0.10097200
v 0.65375500 0.24783300 0.10164700
v 0.66505400 0.25368100 0.10164700
v 0.66679800 0.25075700 0.10097200
v 0.66797800 0.24783300 0.09952240
v 0.67147000 0.25368100 0.09281640
v 0.67136700 0.25075700 0.09468290
v 0.67035300 0.24783300 0.09625350
v 0.66505400 0.25368100 0.07994590
v 0.66679800 0.25075700 0.08062050
v 0.66797800 0.24783300 0.08206990
v 0.65083100 0.25368100 0.08206990
v 0.65201200 0.25075700 0.08062050
v 0.65375500 0.24783300 0.07994590
v 0.64845600 0.25368100 0.09625350
v 0.64744200 0.25075700 0.09468290
v 0.64733900 0.24783300 0.09281640
v 0.66121100 0.25368100 0.10289500
v 0.65940400 0.25075700 0.10337400
v 0.65759700 0.24783300 0.10289500
v 0.66585400 0.24439600 0.08206990
v 0.66271100 0.24414400 0.08062050
v 0.65931600 0.24439600 0.07994590
v 0.65309800 0.24439600 0.08196590
v 0.65074900 0.24414400 0.08450740
v 0.64905800 0.24439600 0.08752740
v 0.64905800 0.24439600 0.09406530
v 0.65074900 0.24414400 0.09708530
v 0.65309800 0.24439600 0.09962640
v 0.65931600 0.24439600 0.10164700
v 0.66271100 0.24414400 0.10097200
v 0.66585400 0.24439600 0.09952240
v 0.66969700 0.24439600 0.09423350
v 0.67010400 0.24414400 0.09079640
v 0.66969700 0.24439600 0.08735920
v 0.66218500 0.23865800 0.08877590
v 0.66475400 0.24005700 0.08690940
v 0.66691600 0.24227200 0.08533880
v 0.65834200 0.23865800 0.08752740
v 0.65736100 0.24005700 0.08450740
v 0.65653500 0.24227200 0.08196590
v 0.65596700 0.23865800 0.09079640
v 0.65279200 0.24005700 0.09079640
v 0.65012000 0.24227200 0.09079640
v 0.65834200 0.23865800 0.09406530
v 0.65736100 0.24005700 0.09708530
v 0.65653500 0.24227200 0.09962640
v 0.66218500 0.23865800 0.09281640
v 0.66475400 0.24005700 0.09468290
v 0.66691600 0.24227200 0.09625350
v 0.66395500 0.26200700 0.08749010
v 0.66717600 0.26006900 0.08746700
v 0.66497200 0.26006900 0.08443410
v 0.65766600 0.26200700 0.08544660
v 0.65864000 0.26006900 0.08237630
v 0.65507400 0.26006900 0.08353520
v 0.65378000 0.26200700 0.09079640
v 0.65116000 0.26006900 0.08892140
v 0.65116000 0.26006900 0.09267090
v 0.65766600 0.26200700 0.09614570
v 0.65507400 0.26006900 0.09805750
v 0.65864000 0.26006900 0.09921600
v 0.66395500 0.26200700 0.09410270
v 0.66497200 0.26006900 0.09715860
v 0.66717600 0.26006900 0.09412530
v 0.67198200 0.25075700 0.09079640
v 0.67142100 0.24754800 0.09267090
v 0.67142100 0.24754800 0.08892140
v 0.66329100 0.25075700 0.07883400
v 0.66490100 0.24754800 0.07994750
v 0.66133500 0.24754800 0.07878870
v 0.64922900 0.25075700 0.08340310
v 0.65078500 0.24754800 0.08221660
v 0.64858100 0.24754800 0.08524990
v 0.64922900 0.25075700 0.09818920
v 0.64858100 0.24754800 0.09634280
v 0.65078500 0.24754800 0.09937570
v 0.66329100 0.25075700 0.10275800
v 0.66133500 0.24754800 0.10280400
v 0.66490100 0.24754800 0.10164500
v 0.66958000 0.25075700 0.08340310
v 0.66802400 0.25396600 0.08221660
v 0.67022800 0.25396600 0.08524990
v 0.65551800 0.25075700 0.07883400
v 0.65390800 0.25396600 0.07994750
v 0.65747400 0.25396600 0.07878870
v 0.64682700 0.25075700 0.09079640
v 0.64738800 0.25396600 0.09267090
v 0.64738800 0.25396600 0.08892140
v 0.65551800 0.25075700 0.10275800
v 0.65747400 0.25396600 0.10280400
v 0.65390800 0.25396600 0.10164500
v 0.66958000 0.25075700 0.09818920
v 0.67022800 0.25396600 0.09634280
v 0.66802400 0.25396600 0.09937570
v 0.66114300 0.23950700 0.08544660
v 0.66016900 0.24144400 0.08237630
v 0.66373500 0.24144400 0.08353520
v 0.65485400 0.23950700 0.08749010
v 0.65163300 0.24144400 0.08746740
v 0.65383700 0.24144400 0.08443410
v 0.65485400 0.23950700 0.09410270
v 0.65383700 0.24144400 0.09715860
v 0.65163300 0.24144400 0.09412530
v 0.66114300 0.23950700 0.09614610
v 0.66373500 0.24144400 0.09805750
v 0.66016900 0.24144400 0.09921600
v 0.66503000 0.23950700 0.09079640
v 0.66764800 0.24144400 0.08892140
v 0.66764800 0.24144400 0.09267090
v 0.60490900 0.36867800 0.66069600
v 0.61740100 0.36095700 0.66069600
v 0.60876900 0.36095700 0.64881500
v 0.59480200 0.36095700 0.65335300
v 0.59480200 0.36095700 0.66803900
v 0.60876900 0.36095700 0.67257700
v 0.61501500 0.34846500 0.65335300
v 0.60104800 0.34846500 0.64881500
v 0.59241600 0.34846500 0.66069600
v 0.60104800 0.34846500 0.67257700
v 0.61501500 0.34846500 0.66803900
v 0.60490900 0.34074400 0.66069600
v 0.60872500 0.36814600 0.66069600
v 0.61225100 0.36659200 0.66069600
v 0.61521900 0.36413300 0.66069600
v 0.60608800 0.36814600 0.65706600
v 0.60717800 0.36659200 0.65371300
v 0.60809500 0.36413300 0.65089000
v 0.60182100 0.36814600 0.65845300
v 0.59896800 0.36659200 0.65638000
v 0.59656800 0.36413300 0.65463600
v 0.60182100 0.36814600 0.66294000
v 0.59896800 0.36659200 0.66501200
v 0.59656800 0.36413300 0.66675600
v 0.60608800 0.36814600 0.66432600
v 0.60717800 0.36659200 0.66767900
v 0.60809500 0.36413300 0.67050100
v 0.61639800 0.36177400 0.65706600
v 0.61452000 0.36205300 0.65371300
v 0.61191100 0.36177400 0.65089000
v 0.60500700 0.36177400 0.64864700
v 0.60123700 0.36205300 0.64939700
v 0.59774700 0.36177400 0.65100600
v 0.59348000 0.36177400 0.65687900
v 0.59302800 0.36205300 0.66069600
v 0.59348000 0.36177400 0.66451300
v 0.59774700 0.36177400 0.67038600
v 0.60123700 0.36205300 0.67199600
v 0.60500700 0.36177400 0.67274500
v 0.61191100 0.36177400 0.67050100
v 0.61452000 0.36205300 0.66767900
v 0.61639800 0.36177400 0.66432600
v 0.61830600 0.35795700 0.65845300
v 0.61819200 0.35471100 0.65638000
v 0.61706600 0.35146400 0.65463600
v 0.60691500 0.35795700 0.64726100
v 0.60490900 0.35471100 0.64672900
v 0.60290200 0.35146400 0.64726100
v 0.59275100 0.35795700 0.65463600
v 0.59162500 0.35471100 0.65638000
v 0.59151100 0.35146400 0.65845300
v 0.59538800 0.35795700 0.67038600
v 0.59669900 0.35471100 0.67199600
v 0.59863500 0.35146400 0.67274500
v 0.61118200 0.35795700 0.67274500
v 0.61311800 0.35471100 0.67199600
v 0.61442900 0.35146400 0.67038600
v 0.61830600 0.35795700 0.66294000
v 0.61819200 0.35471100 0.66501200
v 0.61706600 0.35146400 0.66675600
v 0.61118200 0.35795700 0.64864700
v 0.61311800 0.35471100 0.64939700
v 0.61442900 0.35146400 0.65100600
v 0.59538800 0.35795700 0.65100600
v 0.59669900 0.35471100 0.64939700
v 0.59863500 0.35146400 0.64864700
v 0.59275100 0.35795700 0.66675600
v 0.59162500 0.35471100 0.66501200
v 0.59151100 0.35146400 0.66294000
v 0.60691500 0.35795700 0.67413100
v 0.60490900 0.35471100 0.67466300
v 0.60290200 0.35146400 0.67413100
v 0.61207000 0.34764700 0.65100600
v 0.60858000 0.34736800 0.64939700
v 0.60481000 0.34764700 0.64864700
v 0.59790600 0.34764700 0.65089000
v 0.59529700 0.34736800 0.65371300
v 0.59341900 0.34764700 0.65706600
v 0.59341900 0.34764700 0.66432600
v 0.59529700 0.34736800 0.66767900
v 0.59790600 0.34764700 0.67050100
v 0.60481000 0.34764700 0.67274500
v 0.60858000 0.34736800 0.67199600
v 0.61207000 0.34764700 0.67038600
v 0.61633700 0.34764700 0.66451300
v 0.61678900 0.34736800 0.66069600
v 0.61633700 0.34764700 0.65687900
v 0.60799600 0.34127500 0.65845300
v 0.61084900 0.34283000 0.65638000
v 0.61325000 0.34528800 0.65463600
v 0.60372900 0.34127500 0.65706600
v 0.60263900 0.34283000 0.65371300
v 0.60172200 0.34528800 0.65089000
v 0.60109200 0.34127500 0.66069600
v 0.59756600 0.34283000 0.66069600
v 0.59459900 0.34528800 0.66069600
v 0.60372900 0.34127500 0.66432600
v 0.60263900 0.34283000 0.66767900
v 0.60172200 0.34528800 0.67050100
v 0.60799600 0.34127500 0.66294000
v 0.61084900 0.34283000 0.66501200
v 0.61325000 0.34528800 0.66675600
v 0.60996200 0.36720300 0.65702500
v 0.61353900 0.36505200 0.65700000
v 0.61109100 0.36505200 0.65363100
v 0.60297900 0.36720300 0.65475600
v 0.60405900 0.36505200 0.65134600
v 0.60010000 0.36505200 0.65263300
v 0.59866200 0.36720300 0.66069600
v 0.59575400 0.36505200 0.65861500
v 0.59575400 0.36505200 0.66277800
v 0.60297900 0.36720300 0.66663700
v 0.60010000 0.36505200 0.66875900
v 0.60405900 0.36505200 0.67004600
v 0.60996200 0.36720300 0.66436800
v 0.61109100 0.36505200 0.66776100
v 0.61353900 0.36505200 0.66439300
v 0.61887600 0.35471100 0.66069600
v 0.61825200 0.35114800 0.66277800
v 0.61825200 0.35114800 0.65861500
v 0.60922500 0.35471100 0.64741300
v 0.61101200 0.35114800 0.64864900
v 0.60705200 0.35114800 0.64736200
v 0.59360900 0.35471100 0.65248700
v 0.59533700 0.35114800 0.65116900
v 0.59289000 0.35114800 0.65453700
v 0.59360900 0.35471100 0.66890600
v 0.59289000 0.35114800 0.66685500
v 0.59533700 0.35114800 0.67022300
v 0.60922500 0.35471100 0.67398000
v 0.60705200 0.35114800 0.67403000
v 0.61101200 0.35114800 0.67274300
v 0.61620800 0.35471100 0.65248700
v 0.61448000 0.35827400 0.65116900
v 0.61692700 0.35827400 0.65453700
v 0.60059300 0.35471100 0.64741300
v 0.59880600 0.35827400 0.64864900
v 0.60276500 0.35827400 0.64736200
v 0.59094200 0.35471100 0.66069600
v 0.59156500 0.35827400 0.66277800
v 0.59156500 0.35827400 0.65861500
v 0.60059300 0.35471100 0.67398000
v 0.60276500 0.35827400 0.67403000
v 0.59880600 0.35827400 0.67274300
v 0.61620800 0.35471100 0.66890600
v 0.61692700 0.35827400 0.66685500
v 0.61448000 0.35827400 0.67022300
v 0.60683900 0.34221800 0.65475600
v 0.60575800 0.34437000 0.65134600
v 0.60971700 0.34437000 0.65263300
v 0.59985500 0.34221800 0.65702500
v 0.59627900 0.34437000 0.65700000
v 0.59872600 0.34437000 0.65363100
v 0.59985500 0.34221800 0.66436800
v 0.59872600 0.34437000 0.66776100
v 0.59627900 0.34437000 0.66439300
v 0.60683900 0.34221800 0.66663700
v 0.60971700 0.34437000 0.66875900
v 0.60575800 0.34437000 0.67004600
v 0.61115500 0.34221800 0.66069600
v 0.61406300 0.34437000 0.65861500
v 0.61406300 0.34437000 0.66277800
v 0.55468700 0.36473000 0.56624700
v 0.56626600 0.35757500 0.56624700
v 0.55826500 0.35757500 0.55523600
v 0.54532100 0.35757500 0.55944200
v 0.54532100 0.35757500 0.57305300
v 0.55826500 0.35757500 0.57725900
v 0.56405400 0.34599600 0.55944200
v 0.55111000 0.34599600 0.55523600
v 0.54310900 0.34599600 0.56624700
v 0.55111000 0.34599600 0.57725900
v 0.56405400 0.34599600 0.57305300
v 0.55468700 0.33884100 0.56624700
v 0.55822500 0.36423800 0.56624700
v 0.56149300 0.36279700 0.56624700
v 0.56424300 0.36051800 0.56624700
v 0.55578100 0.36423800 0.56288300
v 0.55679000 0.36279700 0.55977500
v 0.55764000 0.36051800 0.55716000
v 0.55182600 0.36423800 0.56416800
v 0.54918200 0.36279700 0.56224700
v 0.54695700 0.36051800 0.56063100
v 0.55182600 0.36423800 0.56832700
v 0.54918200 0.36279700 0.57024800
v 0.54695700 0.36051800 0.57186400
v 0.55578100 0.36423800 0.56961200
v 0.55679000 0.36279700 0.57272000
v 0.55764000 0.36051800 0.57533500
v 0.56533600 0.35833200 0.56288300
v 0.56359600 0.35859100 0.55977500
v 0.56117800 0.35833200 0.55716000
v 0.55477800 0.35833200 0.55508000
v 0.55128500 0.35859100 0.55577500
v 0.54805000 0.35833200 0.55726600
v 0.54409500 0.35833200 0.56271000
v 0.54367600 0.35859100 0.56624700
v 0.54409500 0.35833200 0.56978500
v 0.54805000 0.35833200 0.57522800
v 0.55128500 0.35859100 0.57672000
v 0.55477800 0.35833200 0.57741500
v 0.56117800 0.35833200 0.57533500
v 0.56359600 0.35859100 0.57272000
v 0.56533600 0.35833200 0.56961200
v 0.56710500 0.35479500 0.56416800
v 0.56699900 0.35178600 0.56224700
v 0.56595500 0.34877700 0.56063100
v 0.55654700 0.35479500 0.55379500
v 0.55468700 0.35178600 0.55330300
v 0.55282800 0.34877700 0.55379500
v 0.54341900 0.35479500 0.56063100
v 0.54237600 0.35178600 0.56224700
v 0.54227000 0.34877700 0.56416800
v 0.54586400 0.35479500 0.57522800
v 0.54707900 0.35178600 0.57672000
v 0.54887300 0.34877700 0.57741500
v 0.56050200 0.35479500 0.57741500
v 0.56229600 0.35178600 0.57672000
v 0.56351100 0.34877700 0.57522800
v 0.56710500 0.35479500 0.56832700
v 0.56699900 0.35178600 0.57024800
v 0.56595500 0.34877700 0.57186400
v 0.56050200 0.35479500 0.55508000
v 0.56229600 0.35178600 0.55577500
v 0.56351100 0.34877700 0.55726600
v 0.54586400 0.35479500 0.55726600
v 0.54707900 0.35178600 0.55577500
v 0.54887300 0.34877700 0.55508000
v 0.54341900 0.35479500 0.57186400
v 0.54237600 0.35178600 0.57024800
v 0.54227000 0.34877700 0.56832700
v 0.55654700 0.35479500 0.57870000
v 0.55468700 0.35178600 0.57919200
v 0.55282800 0.34877700 0.57870000
v 0.56132500 0.34523900 0.55726600
v 0.55809000 0.34498000 0.55577500
v 0.55459600 0.34523900 0.55508000
v 0.54819700 0.34523900 0.55716000
v 0.54577900 0.34498000 0.55977500
v 0.54403900 0.34523900 0.56288300
v 0.54403900 0.34523900 0.56961200
v 0.54577900 0.34498000 0.57272000
v 0.54819700 0.34523900 0.57533500
v 0.55459600 0.34523900 0.57741500
v 0.55809000 0.34498000 0.57672000
v 0.56132500 0.34523900 0.57522800
v 0.56528000 0.34523900 0.56978500
v 0.56569900 0.34498000 0.56624700
v 0.56528000 0.34523900 0.56271000
v 0.55754900 0.33933400 0.56416800
v 0.56019300 0.34077400 0.56224700
v 0.56241800 0.34305300 0.56063100
v 0.55359400 0.33933400 0.56288300
v 0.55258400 0.34077400 0.55977500
v 0.55173500 0.34305300 0.55716000
v 0.55115000 0.33933400 0.56624700
v 0.54788200 0.34077400 0.56624700
v 0.54513200 0.34305300 0.56624700
v 0.55359400 0.33933400 0.56961200
v 0.55258400 0.34077400 0.57272000
v 0.55173500 0.34305300 0.57533500
v 0.55754900 0.33933400 0.56832700
v 0.56019300 0.34077400 0.57024800
v 0.56241800 0.34305300 0.57186400
v 0.55937100 0.36336400 0.56284500
v 0.56268600 0.36137000 0.56282100
v 0.56041700 0.36137000 0.55969900
v 0.55289900 0.36336400 0.56074200
v 0.55390000 0.36137000 0.55758200
v 0.55023100 0.36137000 0.55877500
v 0.54889800 0.36336400 0.56624700
v 0.54620300 0.36137000 0.56431800
v 0.54620300 0.36137000 0.56817700
v 0.55289900 0.36336400 0.57175300
v 0.55023100 0.36137000 0.57372000
v 0.55390000 0.36137000 0.57491300
v 0.55937100 0.36336400 0.56965000
v 0.56041700 0.36137000 0.57279600
v 0.56268600 0.36137000 0.56967400
v 0.56763200 0.35178600 0.56624700
v 0.56705400 0.34848300 0.56817700
v 0.56705400 0.34848300 0.56431800
v 0.55868800 0.35178600 0.55393600
v 0.56034400 0.34848300 0.55508200
v 0.55667400 0.34848300 0.55389000
v 0.54421500 0.35178600 0.55863900
v 0.54581600 0.34848300 0.55741700
v 0.54354800 0.34848300 0.56053900
v 0.54421500 0.35178600 0.57385600
v 0.54354800 0.34848300 0.57195600
v 0.54581600 0.34848300 0.57507700
v 0.55868800 0.35178600 0.57855900
v 0.55667400 0.34848300 0.57860500
v 0.56034400 0.34848300 0.57741300
v 0.56516000 0.35178600 0.55863900
v 0.56355800 0.35508800 0.55741700
v 0.56582600 0.35508800 0.56053900
v 0.55068700 0.35178600 0.55393600
v 0.54903100 0.35508800 0.55508200
v 0.55270100 0.35508800 0.55389000
v 0.54174300 0.35178600 0.56624700
v 0.54232100 0.35508800 0.56817700
v 0.54232100 0.35508800 0.56431800
v 0.55068700 0.35178600 0.57855900
v 0.55270100 0.35508800 0.57860500
v 0.54903100 0.35508800 0.57741300
v 0.56516000 0.35178600 0.57385600
v 0.56582600 0.35508800 0.57195600
v 0.56355800 0.35508800 0.57507700
v 0.55647600 0.34020700 0.56074200
v 0.55547400 0.34220100 0.55758200
v 0.55914400 0.34220100 0.55877500
v 0.55000400 0.34020700 0.56284500
v 0.54668900 0.34220100 0.56282100
v 0.54895700 0.34220100 0.55969900
v 0.55000400 0.34020700 0.56965000
v 0.54895700 0.34220100 0.57279600
v 0.54668900 0.34220100 0.56967400
v 0.55647600 0.34020700 0.57175300
v 0.55914400 0.34220100 0.57372000
v 0.55547400 0.34220100 0.57491300
v 0.56047700 0.34020700 0.56624700
v 0.56317200 0.34220100 0.56431800
v 0.56317200 0.34220100 0.56817700
v 0.30289600 0.42481300 0.47125000
v 0.31440400 0.41770100 0.47125000
v 0.30645200 0.41770100 0.46030600
v 0.29358700 0.41770100 0.46448600
v 0.29358700 0.41770100 0.47801400
v 0.30645200 0.41770100 0.48219400
v 0.31220600 0.40619400 0.46448600
v 0.29934000 0.40619400 0.46030600
v 0.29138900 0.40619400 0.47125000
v 0.29934000 0.40619400 0.48219400
v 0.31220600 0.40619400 0.47801400
v 0.30289600 0.39908300 0.47125000
v 0.30641200 0.42432400 0.47125000
v 0.30966000 0.42289200 0.47125000
v 0.31239300 0.42062700 0.47125000
v 0.30398300 0.42432400 0.46790700
v 0.30498600 0.42289200 0.46481800
v 0.30583100 0.42062700 0.46221800
v 0.30005200 0.42432400 0.46918400
v 0.29742400 0.42289200 0.46727500
v 0.29521300 0.42062700 0.46566800
v 0.30005200 0.42432400 0.47331700
v 0.29742400 0.42289200 0.47522600
v 0.29521300 0.42062700 0.47683200
v 0.30398300 0.42432400 0.47459400
v 0.30498600 0.42289200 0.47768300
v 0.30583100 0.42062700 0.48028300
v 0.31347900 0.41845400 0.46790700
v 0.31175000 0.41871200 0.46481800
v 0.30934600 0.41845400 0.46221800
v 0.30298700 0.41845400 0.46015200
v 0.29951400 0.41871200 0.46084200
v 0.29629900 0.41845400 0.46232500
v 0.29236900 0.41845400 0.46773500
v 0.29195200 0.41871200 0.47125000
v 0.29236900 0.41845400 0.47476600
v 0.29629900 0.41845400 0.48017600
v 0.29951400 0.41871200 0.48165900
v 0.30298700 0.41845400 0.48234900
v 0.30934600 0.41845400 0.48028300
v 0.31175000 0.41871200 0.47768300
v 0.31347900 0.41845400 0.47459400
v 0.31523700 0.41493900 0.46918400
v 0.31513200 0.41194800 0.46727500
v 0.31409500 0.40895700 0.46566800
v 0.30474500 0.41493900 0.45887500
v 0.30289600 0.41194800 0.45838500
v 0.30104800 0.40895700 0.45887500
v 0.29169800 0.41493900 0.46566800
v 0.29066000 0.41194800 0.46727500
v 0.29055500 0.40895700 0.46918400
v 0.29412700 0.41493900 0.48017600
v 0.29533400 0.41194800 0.48165900
v 0.29711700 0.40895700 0.48234900
v 0.30867500 0.41493900 0.48234900
v 0.31045800 0.41194800 0.48165900
v 0.31166600 0.40895700 0.48017600
v 0.31523700 0.41493900 0.47331700
v 0.31513200 0.41194800 0.47522600
v 0.31409500 0.40895700 0.47683200
v 0.30867500 0.41493900 0.46015200
v 0.31045800 0.41194800 0.46084200
v 0.31166600 0.40895700 0.46232500
v 0.29412700 0.41493900 0.46232500
v 0.29533400 0.41194800 0.46084200
v 0.29711700 0.40895700 0.46015200
v 0.29169800 0.41493900 0.47683200
v 0.29066000 0.41194800 0.47522600
v 0.29055500 0.40895700 0.47331700
v 0.30474500 0.41493900 0.48362600
v 0.30289600 0.41194800 0.48411600
v 0.30104800 0.40895700 0.48362600
v 0.30949300 0.40544200 0.46232500
v 0.30627800 0.40518400 0.46084200
v 0.30280600 0.40544200 0.46015200
v 0.29644600 0.40544200 0.46221800
v 0.29404200 0.40518400 0.46481800
v 0.29231300 0.40544200 0.46790700
v 0.29231300 0.40544200 0.47459400
v 0.29404200 0.40518400 0.47768300
v 0.29644600 0.40544200 0.48028300
v 0.30280600 0.40544200 0.48234900
v 0.30627800 0.40518400 0.48165900
v 0.30949300 0.40544200 0.48017600
v 0.31342400 0.40544200 0.47476600
v 0.31384000 0.40518400 0.47125000
v 0.31342400 0.40544200 0.46773500
v 0.30574000 0.39957300 0.46918400
v 0.30836800 0.40100400 0.46727500
v 0.31057900 0.40326900 0.46566800
v 0.30181000 0.39957300 0.46790700
v 0.30080600 0.40100400 0.46481800
v 0.29996200 0.40326900 0.46221800
v 0.29938100 0.39957300 0.47125000
v 0.29613300 0.40100400 0.47125000
v 0.29339900 0.40326900 0.47125000
v 0.30181000 0.39957300 0.47459400
v 0.30080600 0.40100400 0.47768300
v 0.29996200 0.40326900 0.48028300
v 0.30574000 0.39957300 0.47331700
v 0.30836800 0.40100400 0.47522600
v 0.31057900 0.40326900 0.47683200
v 0.30755100 0.42345500 0.46786900
v 0.31084500 0.42147400 0.46784500
v 0.30859100 0.42147400 0.46474300
v 0.30111800 0.42345500 0.46577900
v 0.30211400 0.42147400 0.46263800
v 0.29846700 0.42147400 0.46382300
v 0.29714300 0.42345500 0.47125000
v 0.29446400 0.42147400 0.46933300
v 0.29446400 0.42147400 0.47316800
v 0.30111800 0.42345500 0.47672200
v 0.29846700 0.42147400 0.47867800
v 0.30211400 0.42147400 0.47986200
v 0.30755100 0.42345500 0.47463200
v 0.30859100 0.42147400 0.47775800
v 0.31084500 0.42147400 0.47465600
v 0.31576200 0.41194800 0.47125000
v 0.31518700 0.40866600 0.47316800
v 0.31518700 0.40866600 0.46933300
v 0.30687200 0.41194800 0.45901500
v 0.30851800 0.40866600 0.46015300
v 0.30487100 0.40866600 0.45896900
v 0.29248800 0.41194800 0.46368800
v 0.29408000 0.40866600 0.46247500
v 0.29182500 0.40866600 0.46557700
v 0.29248800 0.41194800 0.47881300
v 0.29182500 0.40866600 0.47692300
v 0.29408000 0.40866600 0.48002600
v 0.30687200 0.41194800 0.48348600
v 0.30487100 0.40866600 0.48353200
v 0.30851800 0.40866600 0.48234700
v 0.31330500 0.41194800 0.46368800
v 0.31171300 0.41523000 0.46247500
v 0.31396700 0.41523000 0.46557700
v 0.29892100 0.41194800 0.45901500
v 0.29727500 0.41523000 0.46015300
v 0.30092200 0.41523000 0.45896900
v 0.29003100 0.41194800 0.47125000
v 0.29060500 0.41523000 0.47316800
v 0.29060500 0.41523000 0.46933300
v 0.29892100 0.41194800 0.48348600
v 0.30092200 0.41523000 0.48353200
v 0.29727500 0.41523000 0.48234700
v 0.31330500 0.41194800 0.47881300
v 0.31396700 0.41523000 0.47692300
v 0.31171300 0.41523000 0.48002600
v 0.30467400 0.40044100 0.46577900
v 0.30367800 0.40242300 0.46263800
v 0.30732600 0.40242300 0.46382300
v 0.29824100 0.40044100 0.46786900
v 0.29494700 0.40242300 0.46784500
v 0.29720100 0.40242300 0.46474300
v 0.29824100 0.40044100 0.47463200
v 0.29720100 0.40242300 0.47775800
v 0.29494700 0.40242300 0.47465600
v 0.30467400 0.40044100 0.47672200
v 0.30732600 0.40242300 0.47867800
v 0.30367800 0.40242300 0.47986200
v 0.30865000 0.40044100 0.47125000
v 0.31132900 0.40242300 0.46933300
v 0.31132900 0.40242300 0.47316800
v 0.31146800 0.40691800 0.56991900
v 0.32196800 0.40042900 0.56991900
v 0.31471200 0.40042900 0.55993300
v 0.30297300 0.40042900 0.56374700
v 0.30297300 0.40042900 0.57609100
v 0.31471200 0.40042900 0.57990500
v 0.31996300 0.38992900 0.56374700
v 0.30822300 0.38992900 0.55993300
v 0.30096800 0.38992900 0.56991900
v 0.30822300 0.38992900 0.57990500
v 0.31996300 0.38992900 0.57609100
v 0.31146800 0.38344000 0.56991900
v 0.31467600 0.40647200 0.56991900
v 0.31764000 0.40516500 0.56991900
v 0.32013400 0.40309900 0.56991900
v 0.31245900 0.40647200 0.56686800
v 0.31337500 0.40516500 0.56404900
v 0.31414600 0.40309900 0.56167700
v 0.30887300 0.40647200 0.56803300
v 0.30647500 0.40516500 0.56629100
v 0.30445700 0.40309900 0.56482500
v 0.30887300 0.40647200 0.57180400
v 0.30647500 0.40516500 0.57354600
v 0.30445700 0.40309900 0.57501300
v 0.31245900 0.40647200 0.57297000
v 0.31337500 0.40516500 0.57578900
v 0.31414600 0.40309900 0.57816000
v 0.32112500 0.40111600 0.56686800
v 0.31954700 0.40135100 0.56404900
v 0.31735400 0.40111600 0.56167700
v 0.31155000 0.40111600 0.55979200
v 0.30838200 0.40135100 0.56042100
v 0.30544900 0.40111600 0.56177400
v 0.30186200 0.40111600 0.56671100
v 0.30148200 0.40135100 0.56991900
v 0.30186200 0.40111600 0.57312700
v 0.30544900 0.40111600 0.57806400
v 0.30838200 0.40135100 0.57941600
v 0.31155000 0.40111600 0.58004600
v 0.31735400 0.40111600 0.57816000
v 0.31954700 0.40135100 0.57578900
v 0.32112500 0.40111600 0.57297000
v 0.32272900 0.39790800 0.56803300
v 0.32263300 0.39517900 0.56629100
v 0.32168700 0.39245000 0.56482500
v 0.31315500 0.39790800 0.55862600
v 0.31146800 0.39517900 0.55818000
v 0.30978200 0.39245000 0.55862600
v 0.30124900 0.39790800 0.56482500
v 0.30030300 0.39517900 0.56629100
v 0.30020700 0.39245000 0.56803300
v 0.30346600 0.39790800 0.57806400
v 0.30456800 0.39517900 0.57941600
v 0.30619500 0.39245000 0.58004600
v 0.31674100 0.39790800 0.58004600
v 0.31836800 0.39517900 0.57941600
v 0.31947000 0.39245000 0.57806400
v 0.32272900 0.39790800 0.57180400
v 0.32263300 0.39517900 0.57354600
v 0.32168700 0.39245000 0.57501300
v 0.31674100 0.39790800 0.55979200
v 0.31836800 0.39517900 0.56042100
v 0.31947000 0.39245000 0.56177400
v 0.30346600 0.39790800 0.56177400
v 0.30456800 0.39517900 0.56042100
v 0.30619500 0.39245000 0.55979200
v 0.30124900 0.39790800 0.57501300
v 0.30030300 0.39517900 0.57354600
v 0.30020700 0.39245000 0.57180400
v 0.31315500 0.39790800 0.58121100
v 0.31146800 0.39517900 0.58165800
v 0.30978200 0.39245000 0.58121100
v 0.31748700 0.38924200 0.56177400
v 0.31455400 0.38900800 0.56042100
v 0.31138500 0.38924200 0.55979200
v 0.30558200 0.38924200 0.56167700
v 0.30338900 0.38900800 0.56404900
v 0.30181100 0.38924200 0.56686800
v 0.30181100 0.38924200 0.57297000
v 0.30338900 0.38900800 0.57578900
v 0.30558200 0.38924200 0.57816000
v 0.31138500 0.38924200 0.58004600
v 0.31455400 0.38900800 0.57941600
v 0.31748700 0.38924200 0.57806400
v 0.32107400 0.38924200 0.57312700
v 0.32145400 0.38900800 0.56991900
v 0.32107400 0.38924200 0.56671100
v 0.31406300 0.38388700 0.56803300
v 0.31646100 0.38519300 0.56629100
v 0.31847900 0.38726000 0.56482500
v 0.31047700 0.38388700 0.56686800
v 0.30956100 0.38519300 0.56404900
v 0.30879000 0.38726000 0.56167700
v 0.30826000 0.38388700 0.56991900
v 0.30529600 0.38519300 0.56991900
v 0.30280200 0.38726000 0.56991900
v 0.31047700 0.38388700 0.57297000
v 0.30956100 0.38519300 0.57578900
v 0.30879000 0.38726000 0.57816000
v 0.31406300 0.38388700 0.57180400
v 0.31646100 0.38519300 0.57354600
v 0.31847900 0.38726000 0.57501300
v 0.31571500 0.40567900 0.56683300
v 0.31872100 0.40387100 0.56681200
v 0.31666500 0.40387100 0.56398100
v 0.30984600 0.40567900 0.56492600
v 0.31075400 0.40387100 0.56206000
v 0.30742600 0.40387100 0.56314200
v 0.30621800 0.40567900 0.56991900
v 0.30377400 0.40387100 0.56816900
v 0.30377400 0.40387100 0.57166900
v 0.30984600 0.40567900 0.57491200
v 0.30742600 0.40387100 0.57669600
v 0.31075400 0.40387100 0.57777700
v 0.31571500 0.40567900 0.57300500
v 0.31666500 0.40387100 0.57585700
v 0.31872100 0.40387100 0.57302600
v 0.32320700 0.39517900 0.56991900
v 0.32268300 0.39218400 0.57166900
v 0.32268300 0.39218400 0.56816900
v 0.31509600 0.39517900 0.55875400
v 0.31659800 0.39218400 0.55979300
v 0.31327000 0.39218400 0.55871200
v 0.30197100 0.39517900 0.56301900
v 0.30342300 0.39218400 0.56191100
v 0.30136600 0.39218400 0.56474200
v 0.30197100 0.39517900 0.57681900
v 0.30136600 0.39218400 0.57509600
v 0.30342300 0.39218400 0.57792600
v 0.31509600 0.39517900 0.58108300
v 0.31327000 0.39218400 0.58112600
v 0.31659800 0.39218400 0.58004500
v 0.32096500 0.39517900 0.56301900
v 0.31951300 0.39817400 0.56191100
v 0.32157000 0.39817400 0.56474200
v 0.30784000 0.39517900 0.55875400
v 0.30633800 0.39817400 0.55979300
v 0.30966600 0.39817400 0.55871200
v 0.29972900 0.39517900 0.56991900
v 0.30025300 0.39817400 0.57166900
v 0.30025300 0.39817400 0.56816900
v 0.30784000 0.39517900 0.58108300
v 0.30966600 0.39817400 0.58112600
v 0.30633800 0.39817400 0.58004500
v 0.32096500 0.39517900 0.57681900
v 0.32157000 0.39817400 0.57509600
v 0.31951300 0.39817400 0.57792600
v 0.31309000 0.38467900 0.56492600
v 0.31218200 0.38648700 0.56206000
v 0.31551000 0.38648700 0.56314200
v 0.30722100 0.38467900 0.56683300
v 0.30421500 0.38648700 0.56681200
v 0.30627200 0.38648700 0.56398100
v 0.30722100 0.38467900 0.57300500
v 0.30627200 0.38648700 0.57585700
v 0.30421500 0.38648700 0.57302600
v 0.31309000 0.38467900 0.57491200
v 0.31551000 0.38648700 0.57669600
v 0.31218200 0.38648700 0.57777700
v 0.31671800 0.38467900 0.56991900
v 0.31916300 0.38648700 0.56816900
v 0.31916300 0.38648700 0.57166900
v 0.15671800 0.29563000 0.76282200
v 0.16768100 0.28885400 0.76282200
v 0.16010600 0.28885400 0.75239600
v 0.14785000 0.28885400 0.75637900
v 0.14785000 0.28885400 0.76926600
v 0.16010600 0.28885400 0.77324900
v 0.16558800 0.27789200 0.75637900
v 0.15333100 0.27789200 0.75239600
v 0.14575600 0.27789200 0.76282200
v 0.15333100 0.27789200 0.77324900
v 0.16558800 0.27789200 0.76926600
v 0.15671800 0.27111600 0.76282200
v 0.16006800 0.29516300 0.76282200
v 0.16316300 0.29379900 0.76282200
v 0.16576600 0.29164100 0.76282200
v 0.15775400 0.29516300 0.75963700
v 0.15871000 0.29379900 0.75669400
v 0.15951500 0.29164100 0.75421700
v 0.15400900 0.29516300 0.76085400
v 0.15150600 0.29379900 0.75903500
v 0.14939900 0.29164100 0.75750400
v 0.15400900 0.29516300 0.76479100
v 0.15150600 0.29379900 0.76661000
v 0.14939900 0.29164100 0.76814000
v 0.15775400 0.29516300 0.76600700
v 0.15871000 0.29379900 0.76895100
v 0.15951500 0.29164100 0.77142700
v 0.16680100 0.28957100 0.75963700
v 0.16515400 0.28981700 0.75669400
v 0.16286400 0.28957100 0.75421700
v 0.15680500 0.28957100 0.75224900
v 0.15349700 0.28981700 0.75290600
v 0.15043400 0.28957100 0.75431900
v 0.14668900 0.28957100 0.75947300
v 0.14629300 0.28981700 0.76282200
v 0.14668900 0.28957100 0.76617100
v 0.15043400 0.28957100 0.77132600
v 0.15349700 0.28981700 0.77273800
v 0.15680500 0.28957100 0.77339600
v 0.16286400 0.28957100 0.77142700
v 0.16515400 0.28981700 0.76895100
v 0.16680100 0.28957100 0.76600700
v 0.16847600 0.28622200 0.76085400
v 0.16837500 0.28337300 0.75903500
v 0.16738700 0.28052400 0.75750400
v 0.15847900 0.28622200 0.75103200
v 0.15671800 0.28337300 0.75056600
v 0.15495800 0.28052400 0.75103200
v 0.14605000 0.28622200 0.75750400
v 0.14506200 0.28337300 0.75903500
v 0.14496200 0.28052400 0.76085400
v 0.14836400 0.28622200 0.77132600
v 0.14951400 0.28337300 0.77273800
v 0.15121300 0.28052400 0.77339600
v 0.16222400 0.28622200 0.77339600
v 0.16392300 0.28337300 0.77273800
v 0.16507300 0.28052400 0.77132600
v 0.16847600 0.28622200 0.76479100
v 0.16837500 0.28337300 0.76661000
v 0.16738700 0.28052400 0.76814000
v 0.16222400 0.28622200 0.75224900
v 0.16392300 0.28337300 0.75290600
v 0.16507300 0.28052400 0.75431900
v 0.14836400 0.28622200 0.75431900
v 0.14951400 0.28337300 0.75290600
v 0.15121300 0.28052400 0.75224900
v 0.14605000 0.28622200 0.76814000
v 0.14506200 0.28337300 0.76661000
v 0.14496200 0.28052400 0.76479100
v 0.15847900 0.28622200 0.77461200
v 0.15671800 0.28337300 0.77507900
v 0.15495800 0.28052400 0.77461200
v 0.16300300 0.27717500 0.75431900
v 0.15994100 0.27692900 0.75290600
v 0.15663300 0.27717500 0.75224900
v 0.15057300 0.27717500 0.75421700
v 0.14828400 0.27692900 0.75669400
v 0.14663600 0.27717500 0.75963700
v 0.14663600 0.27717500 0.76600700
v 0.14828400 0.27692900 0.76895100
v 0.15057300 0.27717500 0.77142700
v 0.15663300 0.27717500 0.77339600
v 0.15994100 0.27692900 0.77273800
v 0.16300300 0.27717500 0.77132600
v 0.16674800 0.27717500 0.76617100
v 0.16714500 0.27692900 0.76282200
v 0.16674800 0.27717500 0.75947300
v 0.15942800 0.27158300 0.76085400
v 0.16193200 0.27294700 0.75903500
v 0.16403800 0.27510400 0.75750400
v 0.15568400 0.27158300 0.75963700
v 0.15472700 0.27294700 0.75669400
v 0.15392300 0.27510400 0.75421700
v 0.15336900 0.27158300 0.76282200
v 0.15027500 0.27294700 0.76282200
v 0.14767100 0.27510400 0.76282200
v 0.15568400 0.27158300 0.76600700
v 0.15472700 0.27294700 0.76895100
v 0.15392300 0.27510400 0.77142700
v 0.15942800 0.27158300 0.76479100
v 0.16193200 0.27294700 0.76661000
v 0.16403800 0.27510400 0.76814000
v 0.16115300 0.29433500 0.75960000
v 0.16429200 0.29244800 0.75957800
v 0.16214400 0.29244800 0.75662200
v 0.15502500 0.29433500 0.75760900
v 0.15597300 0.29244800 0.75461700
v 0.15249900 0.29244800 0.75574600
v 0.15123700 0.29433500 0.76282200
v 0.14868500 0.29244800 0.76099600
v 0.14868500 0.29244800 0.76464900
v 0.15502500 0.29433500 0.76803500
v 0.15249900 0.29244800 0.76989800
v 0.15597300 0.29244800 0.77102700
v 0.16115300 0.29433500 0.76604400
v 0.16214400 0.29244800 0.76902200
v 0.16429200 0.29244800 0.76606600
v 0.16897500 0.28337300 0.76282200
v 0.16842800 0.28024600 0.76464900
v 0.16842800 0.28024600 0.76099600
v 0.16050600 0.28337300 0.75116600
v 0.16207500 0.28024600 0.75225100
v 0.15860000 0.28024600 0.75112200
v 0.14680300 0.28337300 0.75561800
v 0.14831900 0.28024600 0.75446200
v 0.14617200 0.28024600 0.75741800
v 0.14680300 0.28337300 0.77002700
v 0.14617200 0.28024600 0.76822700
v 0.14831900 0.28024600 0.77118300
v 0.16050600 0.28337300 0.77447900
v 0.15860000 0.28024600 0.77452300
v 0.16207500 0.28024600 0.77339400
v 0.16663400 0.28337300 0.75561800
v 0.16511800 0.28650000 0.75446200
v 0.16726500 0.28650000 0.75741800
v 0.15293100 0.28337300 0.75116600
v 0.15136300 0.28650000 0.75225100
v 0.15483800 0.28650000 0.75112200
v 0.14446200 0.28337300 0.76282200
v 0.14500900 0.28650000 0.76464900
v 0.14500900 0.28650000 0.76099600
v 0.15293100 0.28337300 0.77447900
v 0.15483800 0.28650000 0.77452300
v 0.15136300 0.28650000 0.77339400
v 0.16663400 0.28337300 0.77002700
v 0.16726500 0.28650000 0.76822700
v 0.16511800 0.28650000 0.77118300
v 0.15841200 0.27241000 0.75760900
v 0.15746400 0.27429800 0.75461700
v 0.16093800 0.27429800 0.75574600
v 0.15228400 0.27241000 0.75960000
v 0.14914600 0.27429800 0.75957800
v 0.15129300 0.27429800 0.75662200
v 0.15228400 0.27241000 0.76604400
v 0.15129300 0.27429800 0.76902200
v 0.14914600 0.27429800 0.76606600
v 0.15841200 0.27241000 0.76803500
v 0.16093800 0.27429800 0.76989800
v 0.15746400 0.27429800 0.77102700
v 0.16220000 0.27241000 0.76282200
v 0.16475200 0.27429800 0.76099600
v 0.16475200 0.27429800 0.76464900
v 0.45264400 0.19942000 0.62605700
v 0.48783300 0.19794600 0.63696700
v 0.51258200 0.19598100 0.64590300
v 0.53567400 0.19270500 0.65917700
v 0.55462100 0.18703500 0.67957500
v 0.56693700 0.17745400 0.70992900
v 0.57014000 0.16169800 0.75315900
v 0.56236600 0.14097600 0.80214500
v 0.54571700 0.11931700 0.84703100
v 0.52366000 0.09804370 0.88670500
v 0.49966300 0.07861670 0.92003500
v 0.47719300 0.06255600 0.94588600
v 0.45971700 0.05134250 0.96312500
v 0.45070200 0.04630540 0.97063900
v 0.44687700 0.04507620 0.97238000
v 0.44269400 0.04446350 0.97313800
v 0.43821300 0.04436690 0.97307700
v 0.43349400 0.04468280 0.97236000
v 0.42859600 0.04530820 0.97115200
v 0.42357900 0.04613760 0.96961700
v 0.41850200 0.04706790 0.96791900
v 0.50863500 0.17508300 0.64155400
v 0.53015100 0.16423400 0.65300900
v 0.54775300 0.15305000 0.67175700
v 0.55910400 0.14078700 0.70079500
v 0.56187800 0.12529400 0.74328700
v 0.55437600 0.10694200 0.79247500
v 0.53861300 0.08878940 0.83846200
v 0.51782800 0.07191190 0.87978100
v 0.49526100 0.05768970 0.91493400
v 0.47415100 0.04720430 0.94245400
v 0.45774300 0.04090740 0.96094900
v 0.44928500 0.03863950 0.96909300
v 0.44570100 0.03867510 0.97110200
v 0.44178800 0.03950350 0.97215700
v 0.43760000 0.04099520 0.97241400
v 0.43319200 0.04301690 0.97203500
v 0.42861900 0.04543560 0.97117700
v 0.42393600 0.04811840 0.97000200
v 0.41919800 0.05093390 0.96866700
v 0.47829600 0.17519600 0.63213700
v 0.49611700 0.15746100 0.63748100
v 0.51263900 0.14044700 0.64721600
v 0.52599300 0.12514400 0.66437300
v 0.53431400 0.11156000 0.69209700
v 0.53575200 0.09753880 0.73377900
v 0.52912100 0.08204990 0.78306900
v 0.51615200 0.06677500 0.83008300
v 0.49937500 0.05278570 0.87301400
v 0.48131700 0.04186660 0.90997300
v 0.46450500 0.03517070 0.93914300
v 0.45147900 0.03248830 0.95886600
v 0.44478400 0.03236160 0.96762200
v 0.44196900 0.03339890 0.96989100
v 0.43891200 0.03538650 0.97122900
v 0.43565400 0.03817500 0.97179000
v 0.43223300 0.04161260 0.97172900
v 0.42869200 0.04554420 0.97120100
v 0.42507000 0.04981600 0.97035900
v 0.42140700 0.05427510 0.96936000
v 0.46718100 0.16821000 0.63032200
v 0.47693400 0.14570600 0.63431500
v 0.48580800 0.12469400 0.64270900
v 0.49265900 0.10691300 0.65862300
v 0.49634800 0.09292720 0.68530700
v 0.49575300 0.08052530 0.72633000
v 0.49046200 0.06738840 0.77566700
v 0.48177100 0.05399440 0.82347100
v 0.47112400 0.04151430 0.86766700
v 0.45996200 0.03224470 0.90605700
v 0.44972900 0.02761120 0.93653600
v 0.44188200 0.02706740 0.95723000
v 0.43788700 0.02827030 0.96646900
v 0.43624900 0.02994280 0.96894100
v 0.43450500 0.03267370 0.97050200
v 0.43267000 0.03630570 0.97130200
v 0.43076400 0.04067560 0.97149100
v 0.42880400 0.04561700 0.97121900
v 0.42680800 0.05096250 0.97063700
v 0.42479400 0.05654500 0.96989700
v 0.45389700 0.16571800 0.62930500
v 0.45400600 0.14152000 0.63254700
v 0.45374400 0.11910200 0.64020700
v 0.45282900 0.10048200 0.65545600
v 0.45099400 0.08643110 0.68160700
v 0.44798400 0.07471190 0.72231600
v 0.44430200 0.06248880 0.77170700
v 0.44071800 0.04976080 0.81993400
v 0.43738700 0.03775080 0.86479400
v 0.43445600 0.02897730 0.90393200
v 0.43207600 0.02500000 0.93510500
v 0.43041300 0.02517150 0.95632300
v 0.42964400 0.02683050 0.96582600
v 0.42941300 0.02872350 0.96841100
v 0.42923700 0.03171410 0.97009600
v 0.42910400 0.03564240 0.97102900
v 0.42900800 0.04034220 0.97135700
v 0.42893900 0.04564320 0.97122900
v 0.42888700 0.05137310 0.97079400
v 0.42884300 0.05736040 0.97020000
v 0.44046400 0.16809200 0.62924200
v 0.43082500 0.14550200 0.63245100
v 0.42132700 0.12440900 0.64010300
v 0.41257000 0.10655900 0.65538600
v 0.40516000 0.09252370 0.68162200
v 0.39972100 0.08010010 0.72244900
v 0.39767300 0.06697790 0.77191800
v 0.39925200 0.05362930 0.82013600
v 0.40330700 0.04121400 0.86492700
v 0.40868500 0.03201780 0.90398400
v 0.41423500 0.02745430 0.93510100
v 0.41881900 0.02696530 0.95629800
v 0.42131100 0.02819670 0.96579900
v 0.42250200 0.02988190 0.96838600
v 0.42391000 0.03262680 0.97007500
v 0.42549900 0.03627420 0.97101200
v 0.42723200 0.04066020 0.97134800
v 0.42907400 0.04561840 0.97123000
v 0.43098800 0.05098100 0.97080600
v 0.43293700 0.05658100 0.97022600
v 0.42892800 0.17497700 0.63014200
v 0.41091900 0.15708400 0.63403800
v 0.39349400 0.13992000 0.64240100
v 0.37800700 0.12448900 0.65839300
v 0.36582100 0.11081400 0.68528800
v 0.35830800 0.09675360 0.72660900
v 0.35767000 0.08129110 0.77614000
v 0.36367700 0.06610030 0.82392100
v 0.37406600 0.05223100 0.86794900
v 0.38656900 0.04144740 0.90614400
v 0.39892100 0.03488060 0.93649300
v 0.40886600 0.03229970 0.95714400
v 0.41415500 0.03222600 0.96638500
v 0.41656700 0.03328670 0.96886400
v 0.41933600 0.03529960 0.97043800
v 0.42240300 0.03811640 0.97125400
v 0.42570800 0.04158350 0.97146500
v 0.42919100 0.04554640 0.97122100
v 0.43279300 0.04985030 0.97067100
v 0.43645400 0.05434190 0.96996800
v 0.39731900 0.17459100 0.63705600
v 0.37447900 0.16354500 0.64671800
v 0.35440000 0.15219400 0.66394300
v 0.33895700 0.13981300 0.69189900
v 0.33003600 0.12426800 0.73391700
v 0.33036400 0.10595000 0.78342300
v 0.33939400 0.08790780 0.83041100
v 0.35410300 0.07118740 0.87316500
v 0.37146600 0.05714180 0.90993200
v 0.38846000 0.04682480 0.93899100
v 0.40206600 0.04066110 0.95869800
v 0.40926600 0.03846250 0.96747600
v 0.41251200 0.03852850 0.96976100
v 0.41621100 0.03939040 0.97112300
v 0.42028700 0.04091840 0.97171400
v 0.42466500 0.04297920 0.97169000
v 0.42927000 0.04543880 0.97120400
v 0.43402600 0.04816310 0.97040900
v 0.43885800 0.05102090 0.96946100
v 0.39209300 0.19544700 0.64103400
v 0.36717600 0.19195900 0.65236800
v 0.34533800 0.18610900 0.67111800
v 0.32865200 0.17640000 0.70030000
v 0.31919700 0.16058800 0.74301800
v 0.31989800 0.13990300 0.79234600
v 0.33008400 0.11836300 0.83831800
v 0.34644600 0.09725950 0.87954300
v 0.36567000 0.07802370 0.91462000
v 0.38444200 0.06214540 0.94213800
v 0.39945200 0.05107600 0.96069000
v 0.40738700 0.04611380 0.96888900
v 0.41095300 0.04491730 0.97092800
v 0.41500900 0.04434090 0.97201900
v 0.41947400 0.04428370 0.97231900
v 0.42426500 0.04464200 0.97198800
v 0.42930100 0.04531120 0.97118100
v 0.43450000 0.04618610 0.97005900
v 0.43978100 0.04716220 0.96877900
v 0.42030300 0.20998800 0.63663800
v 0.39603900 0.21651600 0.64536300
v 0.37269700 0.22094900 0.65847600
v 0.35219900 0.22134100 0.67879400
v 0.33647000 0.21554200 0.70915100
v 0.32743400 0.20106600 0.75242400
v 0.32785600 0.17909700 0.80142500
v 0.33715800 0.15391900 0.84631100
v 0.35225400 0.12733200 0.88601500
v 0.37005700 0.10145700 0.91943400
v 0.38747700 0.07878970 0.94542200
v 0.40142200 0.06208160 0.96280200
v 0.40880300 0.05408020 0.97040000
v 0.41212700 0.05152620 0.97218100
v 0.41591400 0.04942490 0.97298600
v 0.42008600 0.04771220 0.97297500
v 0.42456700 0.04632180 0.97231100
v 0.42927800 0.04518390 0.97115600
v 0.43414300 0.04422470 0.96967200
v 0.43908500 0.04336830 0.96802200
v 0.42755400 0.22051200 0.63896200
v 0.40855400 0.23455100 0.64938800
v 0.39020000 0.24598700 0.66412700
v 0.37394100 0.25225500 0.68583300
v 0.36122400 0.25074400 0.71716500
v 0.35350000 0.23865700 0.76080500
v 0.35303600 0.21644900 0.80940500
v 0.35954500 0.18807300 0.85330100
v 0.37064900 0.15597400 0.89169400
v 0.38396500 0.12333100 0.92370300
v 0.39710400 0.09394370 0.94837500
v 0.40767800 0.07187950 0.96472600
v 0.41329900 0.06108400 0.97178800
v 0.41585600 0.05730410 0.97333600
v 0.41878800 0.05384040 0.97388000
v 0.42203200 0.05066900 0.97358400
v 0.42552500 0.04775950 0.97261300
v 0.42920500 0.04507560 0.97113300
v 0.43300900 0.04257300 0.96930900
v 0.43687500 0.04020160 0.96730900
v 0.43866800 0.22758600 0.64076700
v 0.42773500 0.24671800 0.65250700
v 0.41702400 0.26299200 0.66849000
v 0.40725600 0.27349400 0.69123900
v 0.39915400 0.27535000 0.72327100
v 0.39344000 0.26550600 0.76712800
v 0.39161900 0.24357000 0.81538000
v 0.39385300 0.21299400 0.85852300
v 0.39884300 0.17676000 0.89595000
v 0.40528200 0.13900400 0.92692600
v 0.41186100 0.10462400 0.95062600
v 0.41726700 0.07867890 0.96620500
v 0.42019200 0.06590130 0.97285800
v 0.42157300 0.06126190 0.97422800
v 0.42319400 0.05685160 0.97457200
v 0.42501500 0.05267490 0.97405600
v 0.42699400 0.04872940 0.97284800
v 0.42909200 0.04500280 0.97111500
v 0.43127000 0.04147290 0.96902600
v 0.43348700 0.03810620 0.96675200
v 0.45195300 0.23011500 0.64177900
v 0.45066100 0.25107500 0.65425500
v 0.44908500 0.26910300 0.67093200
v 0.44707800 0.28117100 0.69426200
v 0.44449300 0.28432100 0.72668800
v 0.44118400 0.27539300 0.77067600
v 0.43774900 0.25363100 0.81875000
v 0.43487500 0.22225600 0.86148400
v 0.43255500 0.18446500 0.89837300
v 0.43077300 0.14477900 0.92876400
v 0.42950600 0.10852800 0.95190800
v 0.42873300 0.08114590 0.96704600
v 0.42843300 0.06764160 0.97346700
v 0.42840800 0.06268890 0.97473500
v 0.42846200 0.05793480 0.97496400
v 0.42858000 0.05339510 0.97432300
v 0.42875000 0.04907670 0.97298000
v 0.42895800 0.04497710 0.97110500
v 0.42919200 0.04108130 0.96886700
v 0.42943800 0.03736330 0.96644100
v 0.46538600 0.22770400 0.64184700
v 0.47384400 0.24692200 0.65437100
v 0.48150500 0.26327700 0.67109600
v 0.48734500 0.27384800 0.69447500
v 0.49034200 0.27575400 0.72695600
v 0.48947100 0.26593100 0.77100900
v 0.48440800 0.24398100 0.81913000
v 0.47637200 0.21335900 0.86185700
v 0.46666000 0.17706000 0.89869100
v 0.45656000 0.13923100 0.92899900
v 0.44735500 0.10478100 0.95206000
v 0.44032900 0.07878100 0.96713700
v 0.43676800 0.06597460 0.97352800
v 0.43532100 0.06132270 0.97478300
v 0.43378900 0.05689850 0.97500000
v 0.43218500 0.05270680 0.97434600
v 0.43052600 0.04874510 0.97299100
v 0.42882200 0.04500140 0.97110400
v 0.42709100 0.04145430 0.96885800
v 0.42534400 0.03807030 0.96642300
v 0.47692200 0.22073100 0.64095700
v 0.49375200 0.23492800 0.65283100
v 0.50934600 0.24651400 0.66894200
v 0.52192600 0.25291000 0.69181300
v 0.52971700 0.25148900 0.72397400
v 0.53094400 0.23944200 0.76797500
v 0.52448700 0.21720800 0.81633400
v 0.51202000 0.18874800 0.85946200
v 0.49595900 0.15652800 0.89675800
v 0.47871200 0.12375100 0.92753200
v 0.46268800 0.09423390 0.95102500
v 0.45029100 0.07206800 0.96644900
v 0.44392800 0.06121940 0.97302500
v 0.44125800 0.05741620 0.97436200
v 0.43836400 0.05392690 0.97467100
v 0.43528300 0.05072770 0.97412000
v 0.43205100 0.04778860 0.97287700
v 0.42870600 0.04507300 0.97111300
v 0.42528600 0.04253880 0.96899700
v 0.42182800 0.04013520 0.96670200
v 0.48480400 0.21027400 0.63924500
v 0.50735500 0.21700800 0.64986100
v 0.52836800 0.22163800 0.66476700
v 0.54555200 0.22219600 0.68660700
v 0.55661700 0.21651600 0.71804700
v 0.55927600 0.20209200 0.76179300
v 0.55186800 0.18008900 0.81047800
v 0.53637700 0.15480000 0.85436200
v 0.51597900 0.12805700 0.89263200
v 0.49385100 0.10200500 0.92443700
v 0.47316700 0.07916890 0.94888500
v 0.45710000 0.06232800 0.96505200
v 0.44882100 0.05425720 0.97201700
v 0.44531700 0.05167320 0.97352200
v 0.44149200 0.04953800 0.97401900
v 0.43739900 0.04778860 0.97367500
v 0.43309300 0.04635950 0.97265600
v 0.42862700 0.04518060 0.97113000
v 0.42405300 0.04418000 0.96926500
v 0.41942500 0.04328140 0.96722800
v 0.44462200 0.16908400 0.40575200
v 0.44579400 0.16897200 0.40602000
v 0.44696200 0.16869300 0.40684800
v 0.44806900 0.16827000 0.40815400
v 0.44905900 0.16773200 0.40985900
v 0.44987600 0.16710100 0.41188200
v 0.45046500 0.16640600 0.41414300
v 0.45075300 0.16571500 0.41641300
v 0.45072400 0.16509800 0.41846400
v 0.45040200 0.16458100 0.42021200
v 0.44981200 0.16418700 0.42157400
v 0.44897700 0.16394000 0.42246700
v 0.44792200 0.16386500 0.42280900
v 0.44674900 0.16397600 0.42254000
v 0.44558100 0.16425600 0.42171300
v 0.44447500 0.16467800 0.42040600
v 0.44348500 0.16521700 0.41870200
v 0.44266800 0.16584700 0.41667900
v 0.44207900 0.16654300 0.41441800
v 0.44179100 0.16723400 0.41214700
v 0.44182000 0.16785000 0.41009600
v 0.44214200 0.16836800 0.40834900
v 0.44273200 0.16876200 0.40698700
v 0.44356700 0.16900900 0.40609300
v 0.44345600 0.15730900 0.40438700
v 0.44447500 0.15722400 0.40464200
v 0.44549900 0.15701600 0.40542000
v 0.44648000 0.15670300 0.40664800
v 0.44896900 0.15436500 0.41632300
v 0.44872400 0.15398500 0.41796100
v 0.44824000 0.15369700 0.41923600
v 0.44753600 0.15351700 0.42007200
v 0.44663100 0.15346400 0.42039000
v 0.44561200 0.15354800 0.42013500
v 0.44458800 0.15375600 0.41935600
v 0.44360700 0.15406900 0.41812900
v 0.44272000 0.15446800 0.41652800
v 0.44111800 0.15640700 0.40845400
v 0.44136300 0.15678700 0.40681600
v 0.44184700 0.15707600 0.40554000
v 0.44255200 0.15725600 0.40470500
v 0.44259200 0.14683100 0.40397100
v 0.44346900 0.14677300 0.40420700
v 0.44436100 0.14663700 0.40492800
v 0.44522300 0.14643300 0.40606200
v 0.44601300 0.14617500 0.40754000
v 0.44668500 0.14587400 0.40929200
v 0.44719500 0.14554400 0.41124900
v 0.44748400 0.14521700 0.41321300
v 0.44753000 0.14492700 0.41498600
v 0.44735000 0.14468500 0.41649600
v 0.44695800 0.14450100 0.41767100
v 0.44636900 0.14438900 0.41844000
v 0.44559900 0.14435800 0.41873100
v 0.44472200 0.14441600 0.41849400
v 0.44383100 0.14455300 0.41777400
v 0.44296800 0.14475600 0.41664000
v 0.44217900 0.14501500 0.41516200
v 0.44150700 0.14531500 0.41341000
v 0.44099700 0.14564500 0.41145300
v 0.44070800 0.14597200 0.40948800
v 0.44066100 0.14626200 0.40771600
v 0.44084200 0.14650500 0.40620500
v 0.44123400 0.14668800 0.40503100
v 0.44182300 0.14680000 0.40426100
v 0.44199000 0.13749600 0.40437700
v 0.44274000 0.13746300 0.40459200
v 0.44350900 0.13739200 0.40524300
v 0.44426000 0.13728900 0.40626700
v 0.44495400 0.13716100 0.40760000
v 0.44555300 0.13701300 0.40918200
v 0.44636100 0.13655400 0.41431700
v 0.44623100 0.13643900 0.41567800
v 0.44591600 0.13635400 0.41673600
v 0.44542800 0.13630400 0.41742800
v 0.44477800 0.13629400 0.41768900
v 0.44402900 0.13632700 0.41747400
v 0.44325900 0.13639800 0.41682300
v 0.44250800 0.13650100 0.41580000
v 0.44181400 0.13662900 0.41446600
v 0.44040700 0.13723500 0.40775000
v 0.44053700 0.13735000 0.40638900
v 0.44085200 0.13743600 0.40533000
v 0.44134000 0.13748600 0.40463800
v 0.44161300 0.12916100 0.40548300
v 0.44225200 0.12914800 0.40567100
v 0.44291200 0.12913100 0.40624100
v 0.44356100 0.12911200 0.40713600
v 0.44416400 0.12909000 0.40830200
v 0.44510100 0.12904600 0.41122700
v 0.44535300 0.12902700 0.41277500
v 0.44542700 0.12901100 0.41417200
v 0.44533000 0.12900200 0.41536100
v 0.44507300 0.12899700 0.41628600
v 0.44466600 0.12899700 0.41689100
v 0.44411600 0.12900400 0.41711800
v 0.44347700 0.12901700 0.41692900
v 0.44281700 0.12903400 0.41636000
v 0.44216900 0.12905300 0.41546500
v 0.44156500 0.12907500 0.41429900
v 0.44104100 0.12909700 0.41291700
v 0.44062800 0.12911900 0.41137400
v 0.44037600 0.12913900 0.40982600
v 0.44030300 0.12915400 0.40842900
v 0.44039900 0.12916400 0.40724000
v 0.44065600 0.12916800 0.40631500
v 0.44106400 0.12916800 0.40571100
v 0.44142500 0.12168400 0.40717000
v 0.44197800 0.12168500 0.40732600
v 0.44254800 0.12170500 0.40780000
v 0.44310700 0.12174000 0.40854600
v 0.44407700 0.12185100 0.41066900
v 0.44443000 0.12192200 0.41195400
v 0.44464400 0.12199400 0.41324500
v 0.44470400 0.12206200 0.41440900
v 0.44461700 0.12212100 0.41540000
v 0.44439200 0.12217000 0.41617200
v 0.44403700 0.12220500 0.41667600
v 0.44356100 0.12222300 0.41686600
v 0.44300800 0.12222100 0.41671000
v 0.44243800 0.12220200 0.41623600
v 0.44187800 0.12216600 0.41549000
v 0.44135900 0.12211700 0.41451900
v 0.44090900 0.12205500 0.41336700
v 0.44055600 0.12198500 0.41208200
v 0.44034200 0.12191200 0.41079200
v 0.44036900 0.12178500 0.40863600
v 0.44059400 0.12173700 0.40786400
v 0.44094900 0.12170200 0.40736000
v 0.44140000 0.11490700 0.40936800
v 0.44190800 0.11491300 0.40948400
v 0.44242200 0.11494600 0.40984100
v 0.44291700 0.11500200 0.41040500
v 0.44336600 0.11507800 0.41114200
v 0.44408300 0.11556100 0.41561300
v 0.44384700 0.11562900 0.41620100
v 0.44350000 0.11567600 0.41658700
v 0.44305000 0.11569800 0.41673400
v 0.44254100 0.11569200 0.41661800
v 0.44202700 0.11565900 0.41626100
v 0.44153200 0.11560300 0.41569600
v 0.44025100 0.11512900 0.41124400
v 0.44036600 0.11504400 0.41049000
v 0.44060200 0.11497600 0.40990100
v 0.44095000 0.11492900 0.40951600
v 0.44333700 0.11365100 0.41165800
v 0.44368500 0.11373600 0.41241100
v 0.44393800 0.11383200 0.41325300
v 0.44406500 0.11393100 0.41409900
v 0.44405700 0.11402200 0.41486400
v 0.44392600 0.11410100 0.41551700
v 0.44368000 0.11416400 0.41602600
v 0.44101200 0.11407200 0.41496500
v 0.44066400 0.11398700 0.41421100
v 0.44041100 0.11389000 0.41336900
v 0.44028400 0.11379100 0.41252300
v 0.44243700 0.11213600 0.41125300
v 0.44286300 0.11218200 0.41165900
v 0.44324100 0.11224400 0.41218900
v 0.44355000 0.11231900 0.41282000
v 0.44376700 0.11240500 0.41352500
v 0.44386800 0.11249200 0.41423400
v 0.44384600 0.11257300 0.41487600
v 0.44139000 0.11268100 0.41549900
v 0.44101200 0.11261900 0.41496900
v 0.44070300 0.11254400 0.41433800
v 0.44048600 0.11245800 0.41363300
v 0.44038500 0.11237100 0.41292400
v 0.44040700 0.11229000 0.41228200
v 0.44054300 0.11222000 0.41173500
v 0.44078100 0.11216300 0.41130700
v 0.44111300 0.11212400 0.41102600
v 0.44199700 0.11074100 0.41177900
v 0.44275500 0.11080100 0.41230800
v 0.44307700 0.11085200 0.41273400
v 0.44333700 0.11091500 0.41323900
v 0.44351700 0.11098700 0.41380600
v 0.44359300 0.11106100 0.41437500
v 0.44356400 0.11112900 0.41489100
v 0.44343700 0.11118800 0.41533100
v 0.44322100 0.11123500 0.41567500
v 0.44292700 0.11126800 0.41590200
v 0.44177300 0.11125900 0.41572300
v 0.44108500 0.11116900 0.41497200
v 0.44082500 0.11110600 0.41446600
v 0.44064500 0.11103400 0.41390000
v 0.44056800 0.11096100 0.41333000
v 0.44059800 0.11089300 0.41281500
v 0.44072500 0.11083400 0.41237500
v 0.44167400 0.10938500 0.41252600
v 0.44230100 0.10940500 0.41272700
v 0.44258900 0.10943400 0.41297000
v 0.44284200 0.10947400 0.41328900
v 0.44304400 0.10952200 0.41366900
v 0.44318100 0.10957800 0.41409400
v 0.44323600 0.10963500 0.41452100
v 0.44320800 0.10968700 0.41490800
v 0.44310200 0.10973300 0.41523900
v 0.44239900 0.10980800 0.41573600
v 0.44208200 0.10980600 0.41568800
v 0.44148400 0.10976000 0.41529200
v 0.44123100 0.10972000 0.41497300
v 0.44102900 0.10967100 0.41459400
v 0.44089200 0.10961600 0.41416900
v 0.44083700 0.10955800 0.41374100
v 0.44086500 0.10950600 0.41335400
v 0.44097100 0.10946000 0.41302300
v 0.44114600 0.10942400 0.41276500
v 0.44138300 0.10939800 0.41259400
v 0.44175300 0.10804500 0.41335100
v 0.44196300 0.10804700 0.41338200
v 0.44216900 0.10805800 0.41348300
v 0.44236000 0.10807800 0.41364400
v 0.44252800 0.10810500 0.41385500
v 0.44266100 0.10813800 0.41410600
v 0.44275200 0.10817500 0.41438800
v 0.44278900 0.10821300 0.41467100
v 0.44277000 0.10824900 0.41492700
v 0.44270000 0.10827900 0.41514600
v 0.44258300 0.10830400 0.41531600
v 0.44242600 0.10832200 0.41543000
v 0.44223300 0.10833000 0.41547400
v 0.44202300 0.10832800 0.41544300
v 0.44181700 0.10831700 0.41534200
v 0.44162600 0.10829700 0.41518100
v 0.44145900 0.10827000 0.41496900
v 0.44132500 0.10823700 0.41471800
v 0.44123400 0.10820000 0.41443700
v 0.44119700 0.10816200 0.41415400
v 0.44121600 0.10812600 0.41389800
v 0.44128700 0.10809500 0.41367900
v 0.44140300 0.10807100 0.41350800
v 0.44156000 0.10805300 0.41339500
v 0.44183500 0.10671200 0.41418700
v 0.44190600 0.10671300 0.41420300
v 0.44197700 0.10671900 0.41425200
v 0.44204600 0.10672900 0.41433000
v 0.44210800 0.10674200 0.41443200
v 0.44216100 0.10675800 0.41455200
v 0.44220000 0.10677600 0.41468700
v 0.44222200 0.10679500 0.41482200
v 0.44222400 0.10681200 0.41494500
v 0.44220800 0.10682600 0.41504800
v 0.44217500 0.10683700 0.41513000
v 0.44212800 0.10684500 0.41518300
v 0.44206500 0.10684900 0.41520300
v 0.44199500 0.10684800 0.41518700
v 0.44192300 0.10684200 0.41513800
v 0.44185400 0.10683200 0.41506000
v 0.44179200 0.10681900 0.41495900
v 0.44174000 0.10680300 0.41483800
v 0.44170000 0.10678400 0.41470300
v 0.44167800 0.10676600 0.41456800
v 0.44167600 0.10674900 0.41444600
v 0.44169200 0.10673500 0.41434200
v 0.44172500 0.10672300 0.41426100
v 0.44177300 0.10671500 0.41420800
v 0.43689400 0.19636900 0.44239700
v 0.44164400 0.19205600 0.44005000
v 0.44097800 0.19212900 0.43614400
v 0.43879400 0.19219400 0.43374700
v 0.43592600 0.19222700 0.43377500
v 0.43347100 0.19221500 0.43621700
v 0.43236500 0.19216200 0.44014000
v 0.43303100 0.19208900 0.44404600
v 0.43521600 0.19202400 0.44644300
v 0.43808300 0.19199100 0.44641500
v 0.44053900 0.19200400 0.44397300
v 0.44372200 0.18099000 0.42767600
v 0.44018900 0.18109500 0.42379800
v 0.43554900 0.18114800 0.42384300
v 0.43157600 0.18112800 0.42779400
v 0.42978700 0.18104300 0.43414100
v 0.43086500 0.18092500 0.44046100
v 0.43439900 0.18082000 0.44433900
v 0.43903900 0.18076700 0.44429400
v 0.44301200 0.18078700 0.44034300
v 0.44408000 0.16720500 0.42022700
v 0.44054600 0.16731100 0.41634900
v 0.43590600 0.16736400 0.41639400
v 0.43193300 0.16734400 0.42034500
v 0.43014400 0.16725900 0.42669200
v 0.43122300 0.16714100 0.43301200
v 0.43475700 0.16703500 0.43689000
v 0.43939600 0.16698200 0.43684500
v 0.44337000 0.16700200 0.43289400
v 0.44191400 0.15604100 0.41664200
v 0.43973000 0.15610700 0.41424500
v 0.43686200 0.15613900 0.41427300
v 0.43440700 0.15612700 0.41671400
v 0.43330100 0.15607400 0.42063800
v 0.43396800 0.15600100 0.42454300
v 0.43615200 0.15593600 0.42694000
v 0.43901900 0.15590400 0.42691200
v 0.44147400 0.15591600 0.42447100
v 0.44258000 0.15596900 0.42054700
v 0.43805100 0.15176200 0.41829100
v 0.44394300 0.18096600 0.42897100
v 0.44360800 0.18463300 0.43523200
v 0.44374400 0.18461800 0.43602400
v 0.44360200 0.18081500 0.43824800
v 0.44424600 0.16718700 0.42119900
v 0.44390300 0.18040300 0.42834100
v 0.44386900 0.16702600 0.43112200
v 0.44352600 0.18024200 0.43826400
v 0.44402900 0.16281100 0.42344000
v 0.44416300 0.16279700 0.42423100
v 0.44417000 0.16661500 0.42121500
v 0.44382900 0.16646400 0.43049300
v 0.44972000 0.19566800 0.44117300
v 0.45447100 0.19135500 0.43882600
v 0.45380400 0.19142800 0.43492000
v 0.45162000 0.19149300 0.43252300
v 0.44875200 0.19152600 0.43255100
v 0.44629700 0.19151400 0.43499300
v 0.44519200 0.19146100 0.43891600
v 0.44585800 0.19138800 0.44282200
v 0.44804200 0.19132300 0.44521800
v 0.45090900 0.19129000 0.44519100
v 0.45336500 0.19130200 0.44274900
v 0.45762700 0.18017100 0.43277200
v 0.45654900 0.18028900 0.42645200
v 0.45301500 0.18039400 0.42257400
v 0.44837500 0.18044700 0.42261900
v 0.44440200 0.18042700 0.42657000
v 0.44369200 0.18022400 0.43923700
v 0.44722600 0.18011800 0.44311500
v 0.45186500 0.18006600 0.44307000
v 0.45583800 0.18008500 0.43911900
v 0.45798500 0.16638600 0.42532200
v 0.45690600 0.16650400 0.41900200
v 0.45337200 0.16661000 0.41512400
v 0.44873300 0.16666300 0.41516900
v 0.44476000 0.16664300 0.41912000
v 0.44405000 0.16644000 0.43178800
v 0.44758300 0.16633400 0.43566600
v 0.45222300 0.16628100 0.43562100
v 0.45619600 0.16630100 0.43167000
v 0.45540700 0.15526700 0.41932300
v 0.45474000 0.15534000 0.41541800
v 0.45255600 0.15540500 0.41302100
v 0.44968900 0.15543800 0.41304900
v 0.44723300 0.15542600 0.41549000
v 0.44612800 0.15537300 0.41941400
v 0.44679400 0.15530000 0.42331900
v 0.44897800 0.15523500 0.42571600
v 0.45184600 0.15520200 0.42568800
v 0.45430100 0.15521500 0.42324600
v 0.45087800 0.15106100 0.41706600
v 0.46565600 0.17571400 0.40629300
v 0.47061400 0.17245600 0.41668600
v 0.46778400 0.17060600 0.42308100
v 0.46334600 0.17195900 0.41897500
v 0.46259300 0.17550300 0.40725900
v 0.46623100 0.15113000 0.41871300
v 0.46260100 0.14420400 0.40486500
v 0.46312100 0.14313900 0.41709600
v 0.46071300 0.14417700 0.40560300
v 0.46211300 0.13589000 0.40594400
v 0.46049000 0.13586100 0.41164700
v 0.46450600 0.12873600 0.41351700
v 0.46425300 0.12891100 0.41644400
v 0.46229900 0.12894300 0.41650800
v 0.46045500 0.12847800 0.40813700
v 0.46177000 0.12165500 0.40975700
v 0.46322800 0.12181900 0.41141500
v 0.46370900 0.12237000 0.41647400
v 0.46240200 0.12243300 0.41689100
v 0.46087900 0.12025600 0.41053500
v 0.46370700 0.11931400 0.41514800
v 0.46040400 0.11896100 0.41200700
v 0.46050600 0.11777600 0.41417300
v 0.46252300 0.11487900 0.41437900
v 0.46148800 0.11503800 0.41545300
v 0.46208600 0.11355300 0.41521700
v 0.46192600 0.11359100 0.41547600
v 0.46155300 0.11347600 0.41461500
f 1 3 4
f 1 4 5
f 1 5 6
f 1 6 7
f 1 7 8
f 1 8 9
f 1 9 10
f 1 10 2
f 3 12 13
f 3 13 4
f 4 13 14
f 4 14 5
f 5 14 15
f 5 15 6
f 6 15 16
f 6 16 7
f 7 16 17
f 7 17 8
f 8 17 18
f 8 18 9
f 9 18 19
f 9 19 10
f 10 19 11
f 10 11 2
f 12 21 22
f 12 22 13
f 13 22 23
f 13 23 14
f 14 23 24
f 14 24 15
f 15 24 25
f 15 25 16
f 16 25 26
f 16 26 17
f 17 26 27
f 17 27 18
f 18 27 28
f 18 28 19
f 19 28 20
f 19 20 11
f 21 30 31
f 21 31 22
f 22 31 32
f 22 32 23
f 23 32 33
f 23 33 24
f 24 33 34
f 24 34 25
f 25 34 35
f 25 35 26
f 26 35 36
f 26 36 27
f 27 36 37
f 27 37 28
f 28 37 29
f 28 29 20
f 30 39 40
f 30 40 31
f 31 40 41
f 31 41 32
f 32 41 42
f 32 42 33
f 33 42 43
f 33 43 34
f 34 43 44
f 34 44 35
f 35 44 45
f 35 45 36
f 36 45 46
f 36 46 37
f 37 46 38
f 37 38 29
f 39 48 49
f 39 49 40
f 40 49 50
f 40 50 41
f 41 50 51
f 41 51 42
f 42 51 52
f 42 52 43
f 43 52 53
f 43 53 44
f 44 53 54
f 44 54 45
f 45 54 55
f 45 55 46
f 46 55 47
f 46 47 38
f 48 57 58
f 48 58 49
f 49 58 59
f 49 59 50
f 50 59 60
f 50 60 51
f 51 60 61
f 51 61 52
f 52 61 62
f 52 62 53
f 53 62 63
f 53 63 54
f 54 63 64
f 54 64 55
f 55 64 56
f 55 56 47
f 65 58 57
f 65 59 58
f 65 60 59
f 65 61 60
f 65 62 61
f 65 63 62
f 65 64 63
f 65 56 64
f 66 68 69
f 66 69 70
f 66 70 71
f 66 71 72
f 66 72 73
f 66 73 74
f 66 74 75
f 66 75 67
f 68 77 78
f 68 78 69
f 69 78 79
f 69 79 70
f 70 79 80
f 70 80 71
f 71 80 81
f 71 81 72
f 72 81 82
f 72 82 73
f 73 82 83
f 73 83 74
f 74 83 84
f 74 84 75
f 75 84 76
f 75 76 67
f 77 86 87
f 77 87 78
f 78 87 88
f 78 88 79
f 79 88 89
f 79 89 80
f 80 89 90
f 80 90 81
f 81 90 91
f 81 91 82
f 82 91 92
f 82 92 83
f 83 92 93
f 83 93 84
f 84 93 85
f 84 85 76
f 86 95 96
f 86 96 87
f 87 96 97
f 87 97 88
f 88 97 98
f 88 98 89
f 89 98 99
f 89 99 90
f 90 99 100
f 90 100 91
f 91 100 101
f 91 101 92
f 92 101 102
f 92 102 93
f 93 102 94
f 93 94 85
f 95 104 105
f 95 105 96
f 96 105 106
f 96 106 97
f 97 106 107
f 97 107 98
f 98 107 108
f 98 108 99
f 99 108 109
f 99 109 100
f 100 109 110
f 100 110 101
f 101 110 111
f 101 111 102
f 102 111 103
f 102 103 94
f 104 113 114
f 104 114 105
f 105 114 115
f 105 115 106
f 106 115 116
f 106 116 107
f 107 116 117
f 107 117 108
f 108 117 118
f 108 118 109
f 109 118 119
f 109 119 110
f 110 119 120
f 110 120 111
f 111 120 112
f 111 112 103
f 113 122 123
f 113 123 114
f 114 123 124
f 114 124 115
f 115 124 125
f 115 125 116
f 116 125 126
f 116 126 117
f 117 126 127
f 117 127 118
f 118 127 128
f 118 128 119
f 119 128 129
f 119 129 120
f 120 129 121
f 120 121 112
f 130 123 122
f 130 124 123
f 130 125 124
f 130 126 125
f 130 127 126
f 130 128 127
f 130 129 128
f 130 121 129
f 131 143 142
f 131 144 143
f 131 132 144
f 132 145 144
f 132 133 145
f 133 134 145
f 134 135 146
f 135 147 146
f 135 148 147
f 135 136 148
f 136 149 148
f 136 137 149
f 138 150 137
f 138 139 150
f 139 151 150
f 139 140 151
f 140 152 151
f 140 141 152
f 141 153 152
f 141 142 153
f 141 131 142
f 142 155 154
f 142 143 155
f 143 156 155
f 143 157 156
f 143 144 157
f 144 145 157
f 148 149 163
f 151 158 150
f 151 159 158
f 151 152 159
f 152 160 159
f 152 153 160
f 153 154 160
f 153 142 154
f 157 174 156
f 157 145 174
f 134 146 161
f 146 162 161
f 146 147 162
f 147 148 162
f 148 163 162
f 149 137 163
f 137 150 163
f 150 158 170
f 158 164 170
f 158 159 164
f 174 145 167
f 145 134 167
f 161 162 183
f 162 184 183
f 163 191 185
f 163 168 191
f 163 169 168
f 163 150 169
f 159 160 164
f 154 166 165
f 154 155 166
f 155 156 166
f 156 174 166
f 167 134 198
f 134 161 198
f 150 170 169
f 164 171 170
f 164 160 171
f 160 165 171
f 160 154 165
f 165 173 172
f 165 166 173
f 166 174 173
f 198 161 183
f 184 162 185
f 162 163 185
f 169 170 177
f 170 176 177
f 170 171 176
f 171 175 176
f 171 165 175
f 165 172 175
f 168 169 191
f 172 173 178
f 175 172 178
f 178 173 179
f 173 174 179
f 176 175 180
f 175 178 180
f 178 182 181
f 178 179 182
f 179 190 182
f 179 174 190
f 174 167 190
f 167 198 190
f 177 176 192
f 176 186 192
f 176 180 186
f 180 181 186
f 180 178 181
f 181 188 187
f 181 182 188
f 182 189 188
f 182 190 189
f 169 177 202
f 177 192 202
f 192 186 193
f 186 194 193
f 186 181 194
f 183 184 199
f 201 169 202
f 198 183 208
f 183 199 208
f 169 201 191
f 181 187 194
f 187 196 195
f 187 188 196
f 188 197 196
f 188 189 197
f 189 190 197
f 184 200 199
f 184 185 200
f 202 192 203
f 192 204 203
f 192 193 204
f 193 194 204
f 194 195 204
f 194 187 195
f 195 196 205
f 196 197 205
f 185 191 211
f 191 201 212
f 201 202 212
f 202 206 212
f 202 203 206
f 203 207 206
f 203 204 207
f 204 205 207
f 204 195 205
f 205 214 213
f 198 208 223
f 208 199 209
f 199 210 209
f 199 200 210
f 185 211 200
f 211 191 212
f 205 215 214
f 205 197 215
f 197 222 215
f 197 190 222
f 190 198 222
f 208 209 216
f 209 210 216
f 210 225 216
f 210 226 225
f 210 200 226
f 200 227 226
f 200 211 227
f 212 229 211
f 212 230 229
f 212 206 217
f 206 207 217
f 207 218 217
f 207 205 218
f 205 213 218
f 213 220 219
f 213 214 220
f 214 221 220
f 214 215 221
f 215 222 221
f 222 198 223
f 223 208 224
f 208 216 224
f 216 225 224
f 227 211 228
f 211 229 228
f 212 231 230
f 212 217 231
f 217 232 231
f 217 233 232
f 217 218 233
f 218 219 233
f 218 213 219
f 219 236 235
f 219 220 236
f 220 221 236
f 221 237 236
f 221 222 237
f 222 238 237
f 222 223 238
f 223 224 239
f 224 240 239
f 224 225 240
f 225 241 240
f 225 226 241
f 226 227 241
f 227 242 241
f 227 228 242
f 228 243 242
f 228 229 243
f 229 230 244
f 230 245 244
f 230 231 245
f 231 232 245
f 232 234 245
f 232 233 234
f 233 246 234
f 233 235 246
f 233 219 235
f 243 229 244
f 223 239 238
f 141 132 131
f 141 133 132
f 141 134 133
f 141 135 134
f 141 136 135
f 140 136 141
f 140 137 136
f 139 137 140
f 138 137 139
f 235 236 237
f 246 235 237
f 234 246 237
f 234 237 238
f 234 238 239
f 234 239 240
f 234 240 241
f 234 241 242
f 245 234 242
f 244 245 242
f 244 242 243
f 248 249 251
f 249 250 251
f 275 247 258
f 247 260 259
f 247 252 260
f 247 253 252
f 247 254 253
f 247 250 254
f 250 255 254
f 250 256 255
f 250 248 256
f 248 257 256
f 248 251 257
f 251 268 257
f 251 250 268
f 250 269 268
f 250 270 269
f 250 271 270
f 250 272 271
f 250 247 272
f 252 261 260
f 252 262 261
f 252 253 262
f 253 263 262
f 253 264 263
f 253 254 264
f 254 265 264
f 254 255 265
f 255 266 265
f 255 256 266
f 256 267 266
f 256 257 267
f 257 293 267
f 257 268 277
f 272 247 273
f 247 274 273
f 247 275 274
f 275 258 276
f 258 247 298
f 247 259 298
f 259 290 298
f 268 269 277
f 260 261 279
f 261 280 279
f 261 262 280
f 262 281 280
f 262 263 281
f 263 264 281
f 277 269 278
f 269 282 278
f 269 270 282
f 270 283 282
f 270 271 283
f 271 284 283
f 271 272 284
f 272 285 284
f 272 273 285
f 273 286 285
f 273 274 286
f 274 275 286
f 275 276 287
f 276 258 287
f 257 277 294
f 286 275 288
f 275 287 288
f 290 259 260
f 266 291 265
f 266 267 291
f 277 289 294
f 277 278 289
f 278 282 289
f 279 280 301
f 293 257 294
f 289 282 295
f 282 283 295
f 301 280 302
f 280 281 302
f 264 265 291
f 291 267 292
f 267 293 292
f 286 288 296
f 288 297 296
f 288 287 297
f 258 298 287
f 281 264 304
f 294 305 322
f 294 289 305
f 289 313 305
f 289 295 313
f 295 306 313
f 295 283 306
f 283 307 306
f 283 284 307
f 284 308 307
f 284 285 308
f 285 299 308
f 285 286 299
f 286 296 299
f 296 297 326
f 287 298 297
f 260 300 315
f 260 279 300
f 279 301 300
f 302 281 303
f 281 304 303
f 291 292 335
f 292 293 335
f 293 294 356
f 294 322 356
f 290 260 309
f 260 315 309
f 315 300 316
f 300 310 316
f 300 301 310
f 301 311 310
f 301 302 311
f 302 312 311
f 302 303 312
f 303 304 312
f 304 264 321
f 264 291 334
f 335 293 336
f 293 337 336
f 293 356 337
f 306 307 323
f 307 308 323
f 308 299 324
f 299 296 324
f 326 297 390
f 297 298 346
f 298 290 314
f 290 359 314
f 290 309 359
f 316 310 317
f 310 318 317
f 310 311 318
f 311 319 318
f 311 312 319
f 312 320 319
f 312 304 320
f 304 321 320
f 321 264 333
f 264 334 333
f 334 291 335
f 322 305 339
f 305 313 339
f 313 306 341
f 306 323 341
f 323 308 343
f 308 324 343
f 324 296 325
f 296 326 325
f 390 297 346
f 346 298 347
f 298 314 347
f 359 309 376
f 309 360 376
f 309 327 360
f 309 315 327
f 315 328 327
f 315 316 328
f 316 329 328
f 316 317 329
f 317 330 329
f 317 318 330
f 318 331 330
f 318 319 331
f 319 332 331
f 319 320 332
f 320 321 332
f 356 322 338
f 322 339 338
f 339 313 340
f 313 341 340
f 341 323 342
f 323 343 342
f 324 325 344
f 325 345 344
f 325 326 345
f 326 390 345
f 360 327 361
f 327 328 361
f 328 373 361
f 328 329 373
f 329 374 373
f 329 330 374
f 330 331 374
f 331 348 374
f 331 332 348
f 332 349 348
f 332 321 349
f 321 333 349
f 333 350 349
f 333 334 350
f 356 338 362
f 338 363 362
f 338 339 363
f 339 364 363
f 339 340 364
f 340 365 364
f 340 341 365
f 341 366 365
f 341 342 366
f 342 367 366
f 342 343 367
f 343 368 367
f 343 324 368
f 324 369 368
f 324 344 369
f 344 370 369
f 344 345 370
f 345 390 370
f 390 346 396
f 314 358 357
f 314 359 358
f 334 335 351
f 335 352 351
f 335 353 352
f 335 336 353
f 336 354 353
f 336 337 354
f 337 355 354
f 337 356 355
f 396 346 371
f 346 372 371
f 346 347 372
f 347 357 372
f 347 314 357
f 357 358 375
f 358 359 400
f 373 377 361
f 373 374 377
f 374 378 377
f 374 348 378
f 348 349 378
f 349 379 378
f 349 350 379
f 350 393 379
f 350 334 393
f 334 351 393
f 351 352 380
f 352 381 380
f 352 353 381
f 353 395 381
f 353 354 395
f 354 402 395
f 354 355 402
f 355 403 402
f 355 356 403
f 356 382 403
f 356 362 382
f 362 383 382
f 362 363 383
f 363 364 383
f 364 384 383
f 364 365 384
f 365 385 384
f 365 366 385
f 366 386 385
f 366 367 386
f 367 387 386
f 367 368 387
f 368 388 387
f 368 369 388
f 369 389 388
f 369 370 389
f 370 390 389
f 396 371 397
f 371 391 397
f 371 372 391
f 372 375 391
f 372 357 375
f 375 399 392
f 375 358 399
f 358 400 399
f 361 377 360
f 393 351 394
f 351 380 394
f 380 381 394
f 385 404 384
f 385 386 404
f 386 387 404
f 387 388 404
f 388 389 404
f 397 391 398
f 391 392 398
f 391 375 392
f 359 401 400
f 359 376 401
f 376 360 401
f 377 378 379
f 403 382 405
f 382 383 405
f 389 390 404
f 360 406 401
f 360 377 406
f 377 379 406
f 379 393 402
f 403 405 402
f 383 384 405
f 404 390 396
f 399 400 406
f 400 401 406
f 402 393 394
f 405 384 406
f 384 404 406
f 404 396 406
f 396 397 406
f 381 395 394
f 405 406 402
f 398 392 397
f 250 249 248
f 397 392 399
f 402 394 395
f 406 397 399
f 406 379 402
f 407 408 414
f 409 415 408
f 409 410 415
f 410 416 415
f 410 411 416
f 411 417 416
f 411 412 417
f 412 418 417
f 412 413 418
f 413 414 418
f 413 407 414
f 414 420 419
f 414 408 420
f 408 421 420
f 408 415 421
f 415 416 422
f 416 423 422
f 416 417 423
f 417 424 423
f 417 418 424
f 418 430 424
f 418 419 430
f 418 414 419
f 419 425 431
f 419 420 425
f 420 426 425
f 420 421 426
f 421 427 426
f 421 415 427
f 415 422 427
f 422 428 427
f 422 423 428
f 423 429 428
f 423 424 429
f 424 430 429
f 430 419 431
f 431 425 432
f 425 433 432
f 425 426 433
f 426 434 433
f 426 427 434
f 427 435 434
f 427 428 435
f 428 436 435
f 428 429 436
f 429 437 436
f 429 430 437
f 430 431 437
f 431 439 438
f 431 432 439
f 432 440 439
f 432 433 440
f 433 441 440
f 433 434 441
f 434 442 441
f 434 435 442
f 435 443 442
f 435 436 443
f 436 444 443
f 436 445 444
f 436 437 445
f 437 438 445
f 437 431 438
f 438 439 446
f 439 440 446
f 440 441 446
f 441 442 446
f 442 443 446
f 443 444 446
f 444 445 446
f 445 438 446
f 410 412 411
f 409 412 410
f 408 412 409
f 407 412 408
f 413 412 407
f 447 457 460
f 457 458 520
f 457 520 460
f 460 520 461
f 458 459 521
f 458 521 520
f 520 521 522
f 520 522 461
f 461 522 462
f 459 448 470
f 459 470 521
f 521 470 471
f 521 471 522
f 522 471 472
f 522 472 462
f 462 472 449
f 447 460 463
f 460 461 523
f 460 523 463
f 463 523 464
f 461 462 524
f 461 524 523
f 523 524 525
f 523 525 464
f 464 525 465
f 462 449 473
f 462 473 524
f 524 473 474
f 524 474 525
f 525 474 475
f 525 475 465
f 465 475 450
f 447 463 466
f 463 464 526
f 463 526 466
f 466 526 467
f 464 465 527
f 464 527 526
f 526 527 528
f 526 528 467
f 467 528 468
f 465 450 476
f 465 476 527
f 527 476 477
f 527 477 528
f 528 477 478
f 528 478 468
f 468 478 451
f 447 466 469
f 466 467 529
f 466 529 469
f 467 468 530
f 467 530 529
f 529 530 480
f 529 480 469
f 468 451 479
f 468 479 530
f 530 479 480
f 447 469 457
f 469 531 457
f 457 531 458
f 469 480 531
f 458 531 459
f 480 555 531
f 459 531 448
f 448 489 532
f 448 532 481
f 481 532 482
f 489 455 533
f 489 533 532
f 532 533 534
f 532 534 482
f 482 534 483
f 455 503 533
f 533 503 504
f 533 504 534
f 534 504 505
f 534 505 483
f 483 505 452
f 449 490 547
f 491 492 535
f 491 535 490
f 490 535 536
f 490 536 547
f 492 452 497
f 492 497 535
f 535 497 536
f 450 537 484
f 537 546 538
f 537 538 484
f 484 538 453
f 546 536 510
f 546 510 538
f 538 510 558
f 538 558 453
f 451 493 485
f 493 494 539
f 493 539 485
f 485 539 486
f 494 495 540
f 494 540 539
f 539 540 541
f 539 541 486
f 486 541 487
f 495 453 498
f 495 498 540
f 540 498 499
f 540 499 541
f 541 499 500
f 541 500 487
f 487 500 454
f 496 454 501
f 496 501 542
f 542 501 502
f 542 502 488
f 488 502 455
f 452 492 483
f 492 491 543
f 492 543 483
f 483 543 482
f 491 490 544
f 491 544 543
f 543 544 545
f 543 545 482
f 482 545 481
f 490 449 472
f 490 472 544
f 544 472 471
f 544 471 545
f 545 471 470
f 545 470 481
f 481 470 448
f 536 546 547
f 537 450 475
f 537 475 546
f 546 475 547
f 475 474 547
f 547 474 473
f 547 473 449
f 495 494 548
f 495 548 453
f 453 548 484
f 494 493 549
f 494 549 548
f 548 549 550
f 548 550 484
f 484 550 450
f 493 451 478
f 493 478 549
f 549 478 477
f 549 477 550
f 550 477 476
f 550 476 450
f 454 496 487
f 496 551 487
f 487 551 486
f 496 542 552
f 496 552 551
f 551 552 553
f 551 553 486
f 486 553 485
f 542 480 552
f 552 480 479
f 552 479 553
f 553 479 485
f 485 479 451
f 455 489 488
f 489 448 554
f 489 554 488
f 488 554 555
f 488 555 542
f 448 531 554
f 554 531 555
f 542 555 480
f 456 509 506
f 509 556 506
f 506 556 507
f 509 510 556
f 556 510 557
f 556 557 507
f 507 557 508
f 510 536 497
f 510 497 557
f 557 497 508
f 508 497 452
f 456 511 509
f 511 512 558
f 511 558 509
f 512 513 558
f 558 510 509
f 513 453 558
f 456 514 511
f 514 515 559
f 514 559 511
f 511 559 512
f 515 516 560
f 515 560 559
f 559 560 561
f 559 561 512
f 512 561 513
f 516 454 500
f 516 500 560
f 560 500 499
f 560 499 561
f 561 499 498
f 561 498 513
f 513 498 453
f 456 517 514
f 517 518 562
f 517 562 514
f 514 562 515
f 518 519 563
f 518 563 562
f 562 563 564
f 562 564 515
f 515 564 516
f 519 455 502
f 519 502 563
f 563 502 501
f 563 501 564
f 564 501 454
f 564 454 516
f 456 506 517
f 506 507 565
f 506 565 517
f 517 565 518
f 507 508 566
f 507 566 565
f 565 566 567
f 565 567 518
f 518 567 519
f 508 452 505
f 508 505 566
f 566 505 504
f 566 504 567
f 567 504 503
f 567 503 519
f 519 503 455
f 568 576 582
f 568 569 576
f 569 577 576
f 569 570 577
f 570 578 577
f 570 571 578
f 571 579 578
f 571 572 579
f 572 580 579
f 572 573 580
f 573 581 580
f 573 574 581
f 574 575 582
f 575 568 582
f 582 576 583
f 576 584 583
f 576 577 584
f 577 585 584
f 577 578 585
f 578 586 585
f 578 579 586
f 579 587 586
f 579 580 587
f 580 588 587
f 580 581 588
f 581 589 588
f 581 574 589
f 574 590 589
f 574 582 590
f 582 583 590
f 583 594 597
f 583 584 594
f 584 595 594
f 584 585 595
f 585 596 595
f 585 586 596
f 586 591 596
f 586 587 591
f 587 592 591
f 587 588 592
f 588 593 592
f 588 589 593
f 589 598 593
f 589 590 598
f 590 597 598
f 590 583 597
f 591 602 596
f 591 592 602
f 592 603 602
f 592 593 603
f 593 598 603
f 594 600 599
f 594 595 600
f 595 601 600
f 595 596 601
f 596 602 601
f 603 598 604
f 598 597 604
f 597 605 604
f 597 599 605
f 597 594 599
f 573 575 574
f 572 575 573
f 571 575 572
f 570 575 571
f 569 575 570
f 568 575 569
f 602 603 604
f 601 602 604
f 600 601 604
f 599 600 604
f 605 599 604
f 606 614 621
f 606 607 614
f 607 615 614
f 607 608 615
f 608 616 615
f 608 609 616
f 609 617 616
f 609 610 617
f 610 618 617
f 610 611 618
f 611 619 618
f 611 612 619
f 612 620 619
f 612 613 620
f 613 621 620
f 613 606 621
f 621 614 622
f 614 623 622
f 614 615 623
f 615 624 623
f 615 616 624
f 616 625 624
f 616 617 625
f 617 632 625
f 617 618 632
f 618 626 632
f 618 619 626
f 619 627 626
f 619 620 627
f 620 628 627
f 620 621 628
f 621 622 628
f 622 629 635
f 622 623 629
f 623 630 629
f 623 624 630
f 624 631 630
f 624 625 631
f 625 632 631
f 626 633 632
f 626 627 633
f 627 634 633
f 627 628 634
f 628 635 634
f 628 622 635
f 635 629 637
f 629 638 637
f 629 630 638
f 630 639 638
f 630 631 639
f 631 636 639
f 631 632 636
f 632 645 636
f 632 633 645
f 633 646 645
f 633 634 646
f 634 640 646
f 634 635 640
f 635 637 640
f 637 642 641
f 637 638 642
f 638 643 642
f 638 639 643
f 639 644 643
f 639 636 644
f 636 645 644
f 646 640 647
f 640 641 647
f 640 637 641
f 611 613 612
f 610 613 611
f 609 613 610
f 608 613 609
f 607 613 608
f 606 613 607
f 644 645 646
f 643 644 646
f 642 643 646
f 641 642 646
f 647 641 646
f 648 656 662
f 648 649 656
f 649 657 656
f 649 650 657
f 650 658 657
f 650 651 658
f 651 659 658
f 651 652 659
f 652 660 659
f 652 653 660
f 654 655 661
f 655 662 661
f 655 648 662
f 662 656 663
f 656 664 663
f 656 657 664
f 657 665 664
f 657 658 665
f 658 666 665
f 658 659 666
f 659 667 666
f 659 660 667
f 660 668 667
f 660 653 668
f 653 669 668
f 653 654 669
f 654 670 669
f 654 661 670
f 661 662 670
f 662 663 670
f 663 674 676
f 663 664 674
f 664 679 674
f 664 665 679
f 665 675 679
f 665 666 675
f 666 671 675
f 666 667 671
f 667 672 671
f 667 668 672
f 668 673 672
f 668 669 673
f 669 677 673
f 669 670 677
f 670 676 677
f 670 663 676
f 671 681 675
f 671 672 681
f 672 682 681
f 672 673 682
f 673 677 682
f 674 679 678
f 679 675 680
f 675 681 680
f 682 677 683
f 677 676 683
f 676 684 683
f 676 678 684
f 676 674 678
f 653 655 654
f 652 655 653
f 651 655 652
f 650 655 651
f 649 655 650
f 648 655 649
f 681 682 683
f 680 681 683
f 679 680 683
f 678 679 683
f 684 678 683
f 685 693 700
f 685 686 693
f 686 694 693
f 686 687 694
f 687 695 694
f 687 688 695
f 688 696 695
f 688 689 696
f 689 697 696
f 689 690 697
f 690 698 697
f 690 691 698
f 691 699 698
f 691 692 699
f 692 700 699
f 692 685 700
f 700 693 701
f 693 702 701
f 693 694 702
f 694 703 702
f 694 695 703
f 695 704 703
f 695 696 704
f 696 711 704
f 696 697 711
f 697 705 711
f 697 698 705
f 698 706 705
f 698 699 706
f 699 707 706
f 699 700 707
f 700 701 707
f 701 708 714
f 701 702 708
f 702 709 708
f 702 703 709
f 703 710 709
f 703 704 710
f 704 711 710
f 705 712 711
f 705 706 712
f 706 713 712
f 706 707 713
f 707 714 713
f 707 701 714
f 714 708 716
f 708 717 716
f 708 709 717
f 709 718 717
f 709 710 718
f 710 715 718
f 710 711 715
f 711 724 715
f 711 712 724
f 712 725 724
f 712 713 725
f 713 719 725
f 713 714 719
f 714 716 719
f 716 721 720
f 716 717 721
f 717 722 721
f 717 718 722
f 718 723 722
f 718 715 723
f 715 724 723
f 725 719 726
f 719 720 726
f 719 716 720
f 690 692 691
f 689 692 690
f 688 692 689
f 687 692 688
f 686 692 687
f 685 692 686
f 723 724 725
f 722 723 725
f 721 722 725
f 720 721 725
f 726 720 725
f 732 733 734
f 733 727 734
f 727 736 735
f 727 728 736
f 728 737 736
f 728 729 737
f 729 738 737
f 729 730 738
f 730 739 738
f 730 731 739
f 731 740 739
f 731 732 740
f 732 741 740
f 732 734 741
f 734 747 741
f 734 735 747
f 734 727 735
f 735 742 748
f 735 736 742
f 736 743 742
f 736 737 743
f 737 744 743
f 737 738 744
f 738 739 744
f 739 745 744
f 739 740 745
f 740 746 745
f 740 741 746
f 741 747 746
f 747 735 748
f 748 742 749
f 742 750 749
f 742 743 750
f 743 751 750
f 743 744 751
f 744 752 751
f 744 745 752
f 745 753 752
f 745 746 753
f 746 754 753
f 746 747 754
f 747 748 754
f 748 756 755
f 748 749 756
f 749 757 756
f 749 750 757
f 750 758 757
f 750 751 758
f 751 759 758
f 751 752 759
f 752 760 759
f 752 753 760
f 753 761 760
f 753 762 761
f 753 754 762
f 754 755 762
f 754 748 755
f 755 756 763
f 756 757 763
f 757 758 763
f 758 759 763
f 759 760 763
f 760 761 763
f 761 762 763
f 762 755 763
f 731 733 732
f 730 733 731
f 729 733 730
f 728 733 729
f 727 733 728
f 764 776 777
f 776 858 777
f 777 858 859
f 777 859 778
f 778 859 779
f 776 765 858
f 858 765 789
f 858 789 859
f 859 789 790
f 859 790 779
f 779 790 766
f 764 777 780
f 777 778 860
f 777 860 780
f 780 860 781
f 778 779 861
f 778 861 860
f 860 861 862
f 860 862 781
f 781 862 782
f 779 766 791
f 779 791 861
f 861 791 792
f 861 792 862
f 862 792 793
f 862 793 782
f 782 793 767
f 764 780 783
f 780 781 863
f 780 863 783
f 783 863 784
f 781 782 864
f 781 864 863
f 863 864 865
f 863 865 784
f 784 865 785
f 782 767 794
f 782 794 864
f 864 794 795
f 864 795 865
f 865 795 796
f 865 796 785
f 785 796 768
f 764 783 786
f 783 784 866
f 783 866 786
f 786 866 787
f 784 785 867
f 784 867 866
f 866 867 868
f 866 868 787
f 787 868 788
f 785 768 797
f 785 797 867
f 867 797 798
f 867 798 868
f 868 798 799
f 868 799 788
f 788 799 769
f 764 786 776
f 787 788 869
f 787 869 786
f 786 869 776
f 788 769 800
f 788 800 869
f 869 800 801
f 869 801 776
f 776 801 765
f 765 817 802
f 817 818 870
f 817 870 802
f 802 870 803
f 818 819 871
f 818 871 870
f 870 871 872
f 870 872 803
f 803 872 804
f 819 774 842
f 819 842 871
f 871 842 843
f 871 843 872
f 872 843 844
f 872 844 804
f 804 844 770
f 766 820 805
f 820 821 873
f 820 873 805
f 805 873 806
f 821 822 874
f 821 874 873
f 873 874 875
f 873 875 806
f 806 875 807
f 822 770 832
f 822 832 874
f 874 832 833
f 874 833 875
f 875 833 834
f 875 834 807
f 807 834 771
f 767 823 808
f 823 824 876
f 823 876 808
f 808 876 809
f 824 825 877
f 824 877 876
f 876 877 878
f 876 878 809
f 809 878 810
f 825 771 835
f 825 835 877
f 877 835 878
f 878 835 836
f 878 836 810
f 810 836 772
f 768 826 811
f 826 827 879
f 826 879 811
f 811 879 812
f 827 828 880
f 827 880 879
f 879 880 881
f 879 881 812
f 812 881 813
f 828 772 880
f 880 772 837
f 880 837 881
f 881 837 838
f 881 838 813
f 813 838 773
f 769 829 814
f 829 830 882
f 829 882 814
f 814 882 815
f 830 831 883
f 830 883 882
f 882 883 884
f 882 884 815
f 815 884 816
f 831 773 839
f 831 839 883
f 883 839 840
f 883 840 884
f 884 840 841
f 884 841 816
f 816 841 774
f 770 822 804
f 822 821 885
f 822 885 804
f 804 885 803
f 821 820 886
f 821 886 885
f 885 886 887
f 885 887 803
f 803 887 802
f 820 766 790
f 820 790 886
f 886 790 789
f 886 789 887
f 887 789 765
f 887 765 802
f 771 825 807
f 825 824 888
f 825 888 807
f 807 888 806
f 824 823 889
f 824 889 888
f 888 889 890
f 888 890 806
f 806 890 805
f 823 767 793
f 823 793 889
f 889 793 792
f 889 792 890
f 890 792 791
f 890 791 805
f 805 791 766
f 772 828 810
f 828 827 891
f 828 891 810
f 810 891 809
f 827 826 892
f 827 892 891
f 891 892 893
f 891 893 809
f 809 893 808
f 826 768 796
f 826 796 892
f 892 796 795
f 892 795 893
f 893 795 794
f 893 794 808
f 808 794 767
f 773 831 813
f 831 830 894
f 831 894 813
f 813 894 812
f 830 829 895
f 830 895 894
f 894 895 896
f 894 896 812
f 812 896 811
f 829 769 799
f 829 799 895
f 895 799 798
f 895 798 896
f 896 798 797
f 896 797 811
f 811 797 768
f 774 819 816
f 819 818 897
f 819 897 816
f 816 897 815
f 818 817 898
f 818 898 897
f 897 898 899
f 897 899 815
f 815 899 814
f 817 765 801
f 817 801 898
f 898 801 800
f 898 800 899
f 899 800 814
f 814 800 769
f 775 848 845
f 848 849 900
f 848 900 845
f 845 900 846
f 849 850 901
f 849 901 900
f 900 901 902
f 900 902 846
f 846 902 847
f 850 771 834
f 850 834 901
f 901 834 833
f 901 833 902
f 902 833 832
f 902 832 847
f 847 832 770
f 775 851 848
f 851 903 848
f 848 903 849
f 849 903 850
f 851 772 836
f 851 836 903
f 903 836 835
f 903 835 850
f 850 835 771
f 775 852 851
f 853 854 904
f 853 904 852
f 852 904 905
f 852 905 851
f 854 773 838
f 854 838 904
f 904 838 837
f 904 837 905
f 905 837 772
f 905 772 851
f 775 855 852
f 855 856 906
f 855 906 852
f 852 906 853
f 856 857 907
f 856 907 906
f 906 907 908
f 906 908 853
f 853 908 854
f 857 774 841
f 857 841 907
f 907 841 840
f 907 840 908
f 908 840 839
f 908 839 854
f 854 839 773
f 775 845 855
f 845 846 909
f 845 909 855
f 855 909 856
f 846 847 910
f 846 910 909
f 909 910 911
f 909 911 856
f 856 911 857
f 847 770 844
f 847 844 910
f 910 844 843
f 910 843 911
f 911 843 842
f 911 842 857
f 857 842 774
f 912 920 926
f 912 913 920
f 913 921 920
f 913 914 921
f 914 922 921
f 914 915 922
f 915 923 922
f 915 916 923
f 916 924 923
f 916 917 924
f 918 919 925
f 919 926 925
f 919 912 926
f 926 920 927
f 920 928 927
f 920 921 928
f 921 929 928
f 921 922 929
f 922 930 929
f 922 923 930
f 923 931 930
f 923 924 931
f 924 932 931
f 924 917 932
f 917 933 932
f 917 918 933
f 918 934 933
f 918 925 934
f 925 926 934
f 926 927 934
f 927 938 940
f 927 928 938
f 928 943 938
f 928 929 943
f 929 939 943
f 929 930 939
f 930 935 939
f 930 931 935
f 931 936 935
f 931 932 936
f 932 937 936
f 932 933 937
f 933 941 937
f 933 934 941
f 934 940 941
f 934 927 940
f 935 945 939
f 935 936 945
f 936 946 945
f 936 937 946
f 937 941 946
f 938 943 942
f 943 939 944
f 939 945 944
f 946 941 947
f 941 940 947
f 940 948 947
f 940 942 948
f 940 938 942
f 917 919 918
f 916 919 917
f 915 919 916
f 914 919 915
f 913 919 914
f 912 919 913
f 945 946 947
f 944 945 947
f 943 944 947
f 942 943 947
f 948 942 947
f 954 955 956
f 955 949 956
f 949 958 957
f 949 950 958
f 950 959 958
f 950 951 959
f 951 960 959
f 951 952 960
f 952 961 960
f 952 953 961
f 953 962 961
f 953 954 962
f 954 963 962
f 954 956 963
f 956 969 963
f 956 957 969
f 956 949 957
f 957 964 970
f 957 958 964
f 958 965 964
f 958 959 965
f 959 966 965
f 959 960 966
f 960 961 966
f 961 967 966
f 961 962 967
f 962 968 967
f 962 963 968
f 963 969 968
f 969 957 970
f 970 964 971
f 964 972 971
f 964 965 972
f 965 973 972
f 965 966 973
f 966 974 973
f 966 967 974
f 967 975 974
f 967 968 975
f 968 976 975
f 968 969 976
f 969 970 976
f 970 978 977
f 970 971 978
f 971 979 978
f 971 972 979
f 972 980 979
f 972 973 980
f 973 981 980
f 973 974 981
f 974 982 981
f 974 975 982
f 975 983 982
f 975 984 983
f 975 976 984
f 976 977 984
f 976 970 977
f 977 978 985
f 978 979 985
f 979 980 985
f 980 981 985
f 981 982 985
f 982 983 985
f 983 984 985
f 984 977 985
f 953 955 954
f 952 955 953
f 951 955 952
f 950 955 951
f 949 955 950
f 1001 994 996
f 994 995 1073
f 994 1073 996
f 996 1073 997
f 995 1034 1007
f 995 1007 1073
f 1073 1007 1008
f 1073 1008 997
f 997 1008 986
f 1001 996 998
f 996 1074 998
f 998 1074 999
f 996 997 1075
f 996 1075 1074
f 1074 1075 1076
f 1074 1076 999
f 999 1076 1000
f 997 986 1009
f 997 1009 1075
f 1075 1009 1010
f 1075 1010 1076
f 1076 1010 1011
f 1076 1011 1000
f 1000 1011 987
f 998 999 1077
f 998 1077 1001
f 1001 1077 1002
f 999 1000 1078
f 999 1078 1077
f 1077 1078 1079
f 1077 1079 1002
f 1002 1079 1003
f 1000 987 1012
f 1000 1012 1078
f 1078 1012 1013
f 1078 1013 1079
f 1079 1013 1014
f 1079 1014 1003
f 1003 1014 988
f 1001 1002 1080
f 1001 1080 1004
f 1004 1080 1005
f 1002 1003 1081
f 1002 1081 1080
f 1080 1081 1082
f 1080 1082 1005
f 1005 1082 1006
f 1003 988 1015
f 1003 1015 1081
f 1081 1015 1016
f 1081 1016 1082
f 1082 1016 1017
f 1082 1017 1006
f 1006 1017 989
f 1001 1004 994
f 1005 1006 1083
f 1005 1083 1004
f 1004 1083 1084
f 1004 1084 994
f 994 1084 995
f 1006 989 1018
f 1006 1018 1083
f 1083 1018 1084
f 1084 1018 1113
f 1084 1113 995
f 995 1113 1034
f 1034 1035 1085
f 1034 1085 1019
f 1019 1085 1020
f 1035 1036 1086
f 1035 1086 1085
f 1085 1086 1087
f 1085 1087 1020
f 1020 1087 1021
f 1036 993 1058
f 1036 1058 1086
f 1086 1058 1059
f 1086 1059 1087
f 1087 1059 1060
f 1087 1060 1021
f 1021 1060 990
f 986 1037 1022
f 1037 1038 1088
f 1037 1088 1022
f 1022 1088 1023
f 1038 1039 1089
f 1038 1089 1088
f 1088 1089 1090
f 1088 1090 1023
f 1023 1090 1024
f 1039 990 1049
f 1039 1049 1089
f 1089 1049 1050
f 1089 1050 1090
f 1090 1050 1051
f 1090 1051 1024
f 1024 1051 991
f 987 1040 1025
f 1040 1041 1091
f 1040 1091 1025
f 1025 1091 1026
f 1041 1042 1092
f 1041 1092 1091
f 1091 1092 1093
f 1091 1093 1026
f 1026 1093 1027
f 1042 991 1052
f 1042 1052 1092
f 1092 1052 1093
f 988 1043 1028
f 1043 1044 1094
f 1043 1094 1028
f 1028 1094 1029
f 1044 1045 1095
f 1044 1095 1094
f 1094 1095 1096
f 1094 1096 1029
f 1029 1096 1030
f 1045 1027 1053
f 1045 1053 1095
f 1095 1053 1096
f 1096 1053 1054
f 1096 1054 1030
f 1030 1054 992
f 989 1046 1031
f 1046 1047 1097
f 1046 1097 1031
f 1031 1097 1032
f 1047 1048 1098
f 1047 1098 1097
f 1097 1098 1099
f 1097 1099 1032
f 1032 1099 1033
f 1048 992 1055
f 1048 1055 1098
f 1098 1055 1056
f 1098 1056 1099
f 1099 1056 1057
f 1099 1057 1033
f 1033 1057 993
f 990 1039 1021
f 1039 1038 1100
f 1039 1100 1021
f 1021 1100 1020
f 1038 1037 1101
f 1038 1101 1100
f 1100 1101 1102
f 1100 1102 1020
f 1020 1102 1019
f 1037 986 1008
f 1037 1008 1101
f 1101 1008 1007
f 1101 1007 1102
f 1102 1007 1019
f 1019 1007 1034
f 991 1042 1024
f 1042 1041 1103
f 1042 1103 1024
f 1024 1103 1023
f 1041 1040 1104
f 1041 1104 1103
f 1103 1104 1105
f 1103 1105 1023
f 1023 1105 1022
f 1040 987 1011
f 1040 1011 1104
f 1104 1011 1010
f 1104 1010 1105
f 1105 1010 1009
f 1105 1009 1022
f 1022 1009 986
f 1045 1044 1106
f 1045 1106 1027
f 1027 1106 1026
f 1044 1043 1107
f 1044 1107 1106
f 1106 1107 1108
f 1106 1108 1026
f 1026 1108 1025
f 1043 988 1014
f 1043 1014 1107
f 1107 1014 1013
f 1107 1013 1108
f 1108 1013 1012
f 1108 1012 1025
f 1025 1012 987
f 992 1048 1030
f 1048 1047 1109
f 1048 1109 1030
f 1030 1109 1029
f 1047 1046 1110
f 1047 1110 1109
f 1109 1110 1111
f 1109 1111 1029
f 1029 1111 1028
f 1046 989 1017
f 1046 1017 1110
f 1110 1017 1016
f 1110 1016 1111
f 1111 1016 1015
f 1111 1015 1028
f 1028 1015 988
f 993 1036 1033
f 1036 1035 1112
f 1036 1112 1033
f 1033 1112 1032
f 1035 1034 1113
f 1035 1113 1112
f 1112 1113 1114
f 1112 1114 1032
f 1032 1114 1031
f 1113 1018 1114
f 1114 1018 1031
f 1031 1018 989
f 1064 1065 1115
f 1064 1115 1061
f 1061 1115 1062
f 1065 1066 1116
f 1065 1116 1115
f 1115 1116 1117
f 1115 1117 1062
f 1062 1117 1063
f 1066 991 1051
f 1066 1051 1116
f 1116 1051 1050
f 1116 1050 1117
f 1117 1050 1049
f 1117 1049 1063
f 1063 1049 990
f 1061 1067 1064
f 1067 1118 1064
f 1064 1118 1119
f 1064 1119 1065
f 1065 1119 1066
f 1118 1027 1093
f 1118 1093 1052
f 1118 1052 1119
f 1119 1052 1066
f 1066 1052 991
f 1061 1068 1067
f 1068 1069 1120
f 1068 1120 1121
f 1068 1121 1067
f 1067 1121 1118
f 1069 992 1054
f 1069 1054 1120
f 1120 1054 1053
f 1120 1053 1121
f 1121 1053 1118
f 1118 1053 1027
f 1061 1070 1068
f 1070 1071 1122
f 1070 1122 1068
f 1071 1072 1123
f 1071 1123 1122
f 1122 1123 1124
f 1122 1124 1068
f 1068 1124 1069
f 1072 993 1057
f 1072 1057 1123
f 1123 1057 1056
f 1123 1056 1124
f 1124 1056 1055
f 1124 1055 1069
f 1069 1055 992
f 1061 1062 1125
f 1061 1125 1070
f 1070 1125 1071
f 1062 1063 1126
f 1062 1126 1125
f 1125 1126 1127
f 1125 1127 1071
f 1071 1127 1072
f 1063 990 1060
f 1063 1060 1126
f 1126 1060 1059
f 1126 1059 1127
f 1127 1059 1058
f 1127 1058 1072
f 1072 1058 993
f 1128 1136 1143
f 1128 1129 1136
f 1129 1137 1136
f 1129 1130 1137
f 1130 1138 1137
f 1130 1131 1138
f 1131 1139 1138
f 1131 1132 1139
f 1132 1140 1139
f 1132 1133 1140
f 1133 1141 1140
f 1133 1134 1141
f 1134 1142 1141
f 1134 1135 1142
f 1135 1143 1142
f 1135 1128 1143
f 1143 1136 1144
f 1136 1145 1144
f 1136 1137 1145
f 1137 1146 1145
f 1137 1138 1146
f 1138 1147 1146
f 1138 1139 1147
f 1139 1154 1147
f 1139 1140 1154
f 1140 1148 1154
f 1140 1141 1148
f 1141 1149 1148
f 1141 1142 1149
f 1142 1150 1149
f 1142 1143 1150
f 1143 1144 1150
f 1144 1151 1157
f 1144 1145 1151
f 1145 1152 1151
f 1145 1146 1152
f 1146 1153 1152
f 1146 1147 1153
f 1147 1154 1153
f 1148 1155 1154
f 1148 1149 1155
f 1149 1156 1155
f 1149 1150 1156
f 1150 1157 1156
f 1150 1144 1157
f 1157 1151 1159
f 1151 1160 1159
f 1151 1152 1160
f 1152 1161 1160
f 1152 1153 1161
f 1153 1158 1161
f 1153 1154 1158
f 1154 1167 1158
f 1154 1155 1167
f 1155 1168 1167
f 1155 1156 1168
f 1156 1162 1168
f 1156 1157 1162
f 1157 1159 1162
f 1159 1164 1163
f 1159 1160 1164
f 1160 1165 1164
f 1160 1161 1165
f 1161 1166 1165
f 1161 1158 1166
f 1158 1167 1166
f 1168 1162 1169
f 1162 1163 1169
f 1162 1159 1163
f 1133 1135 1134
f 1132 1135 1133
f 1131 1135 1132
f 1130 1135 1131
f 1129 1135 1130
f 1128 1135 1129
f 1166 1167 1168
f 1165 1166 1168
f 1164 1165 1168
f 1163 1164 1168
f 1169 1163 1168
f 1170 1178 1184
f 1170 1171 1178
f 1171 1179 1178
f 1171 1172 1179
f 1172 1180 1179
f 1172 1173 1180
f 1173 1181 1180
f 1173 1174 1181
f 1174 1182 1181
f 1174 1175 1182
f 1176 1177 1183
f 1177 1184 1183
f 1177 1170 1184
f 1184 1178 1185
f 1178 1186 1185
f 1178 1179 1186
f 1179 1187 1186
f 1179 1180 1187
f 1180 1188 1187
f 1180 1181 1188
f 1181 1189 1188
f 1181 1182 1189
f 1182 1190 1189
f 1182 1175 1190
f 1175 1191 1190
f 1175 1176 1191
f 1176 1192 1191
f 1176 1183 1192
f 1183 1184 1192
f 1184 1185 1192
f 1185 1196 1198
f 1185 1186 1196
f 1186 1201 1196
f 1186 1187 1201
f 1187 1197 1201
f 1187 1188 1197
f 1188 1193 1197
f 1188 1189 1193
f 1189 1194 1193
f 1189 1190 1194
f 1190 1195 1194
f 1190 1191 1195
f 1191 1199 1195
f 1191 1192 1199
f 1192 1198 1199
f 1192 1185 1198
f 1193 1203 1197
f 1193 1194 1203
f 1194 1204 1203
f 1194 1195 1204
f 1195 1199 1204
f 1196 1201 1200
f 1201 1197 1202
f 1197 1203 1202
f 1204 1199 1205
f 1199 1198 1205
f 1198 1206 1205
f 1198 1200 1206
f 1198 1196 1200
f 1175 1177 1176
f 1174 1177 1175
f 1173 1177 1174
f 1172 1177 1173
f 1171 1177 1172
f 1170 1177 1171
f 1203 1204 1205
f 1202 1203 1205
f 1201 1202 1205
f 1200 1201 1205
f 1206 1200 1205
f 1288 1207 1221
f 1288 1221 1279
f 1279 1221 1305
f 1279 1305 1217
f 1217 1305 1208
f 1279 1217 1280
f 1217 1208 1222
f 1217 1222 1280
f 1280 1222 1223
f 1280 1223 1218
f 1218 1223 1209
f 1279 1280 1281
f 1280 1218 1281
f 1218 1282 1281
f 1281 1282 1283
f 1281 1283 1219
f 1218 1209 1224
f 1218 1224 1282
f 1282 1224 1225
f 1282 1225 1283
f 1283 1225 1226
f 1283 1226 1219
f 1219 1226 1210
f 1279 1281 1284
f 1281 1219 1284
f 1219 1285 1284
f 1284 1285 1286
f 1284 1286 1220
f 1219 1210 1227
f 1219 1227 1285
f 1285 1227 1228
f 1285 1228 1286
f 1286 1228 1229
f 1286 1229 1220
f 1220 1229 1211
f 1220 1287 1284
f 1284 1287 1288
f 1284 1288 1279
f 1220 1211 1230
f 1220 1230 1287
f 1287 1230 1231
f 1287 1231 1288
f 1288 1231 1232
f 1288 1232 1207
f 1207 1248 1233
f 1248 1249 1289
f 1248 1289 1233
f 1233 1289 1234
f 1249 1250 1290
f 1249 1290 1289
f 1289 1290 1291
f 1289 1291 1234
f 1234 1291 1235
f 1250 1216 1272
f 1250 1272 1290
f 1290 1272 1273
f 1290 1273 1291
f 1291 1273 1274
f 1291 1274 1235
f 1235 1274 1212
f 1208 1251 1236
f 1251 1252 1292
f 1251 1292 1236
f 1236 1292 1237
f 1252 1253 1293
f 1252 1293 1292
f 1292 1293 1294
f 1292 1294 1237
f 1237 1294 1238
f 1253 1212 1263
f 1253 1263 1293
f 1293 1263 1264
f 1293 1264 1294
f 1294 1264 1265
f 1294 1265 1238
f 1238 1265 1213
f 1209 1254 1239
f 1254 1255 1295
f 1254 1295 1239
f 1239 1295 1240
f 1255 1256 1296
f 1255 1296 1295
f 1295 1296 1297
f 1295 1297 1240
f 1240 1297 1241
f 1256 1213 1266
f 1256 1266 1296
f 1296 1266 1267
f 1296 1267 1297
f 1297 1267 1268
f 1297 1268 1241
f 1241 1268 1214
f 1210 1257 1242
f 1257 1258 1298
f 1257 1298 1242
f 1242 1298 1243
f 1258 1259 1299
f 1258 1299 1298
f 1298 1299 1300
f 1298 1300 1243
f 1243 1300 1244
f 1259 1214 1269
f 1259 1269 1299
f 1299 1269 1300
f 1244 1300 1215
f 1211 1260 1245
f 1260 1261 1301
f 1260 1301 1245
f 1245 1301 1246
f 1261 1262 1302
f 1261 1302 1301
f 1301 1302 1303
f 1301 1303 1246
f 1246 1303 1247
f 1262 1215 1302
f 1302 1215 1270
f 1302 1270 1303
f 1303 1270 1271
f 1303 1271 1247
f 1247 1271 1216
f 1212 1253 1235
f 1253 1252 1304
f 1253 1304 1235
f 1235 1304 1234
f 1252 1251 1305
f 1252 1305 1304
f 1304 1305 1306
f 1304 1306 1234
f 1234 1306 1233
f 1251 1208 1305
f 1305 1221 1306
f 1306 1221 1233
f 1233 1221 1207
f 1213 1256 1238
f 1256 1255 1307
f 1256 1307 1238
f 1238 1307 1237
f 1255 1254 1308
f 1255 1308 1307
f 1307 1308 1309
f 1307 1309 1237
f 1237 1309 1236
f 1254 1209 1223
f 1254 1223 1308
f 1308 1223 1222
f 1308 1222 1309
f 1309 1222 1208
f 1309 1208 1236
f 1214 1259 1241
f 1259 1258 1310
f 1259 1310 1241
f 1241 1310 1240
f 1258 1257 1311
f 1258 1311 1310
f 1310 1311 1312
f 1310 1312 1240
f 1240 1312 1239
f 1257 1210 1226
f 1257 1226 1311
f 1311 1226 1225
f 1311 1225 1312
f 1312 1225 1224
f 1312 1224 1239
f 1239 1224 1209
f 1215 1262 1244
f 1262 1261 1313
f 1262 1313 1244
f 1244 1313 1243
f 1261 1260 1314
f 1261 1314 1313
f 1313 1314 1315
f 1313 1315 1243
f 1243 1315 1242
f 1260 1211 1229
f 1260 1229 1314
f 1314 1229 1228
f 1314 1228 1315
f 1315 1228 1227
f 1315 1227 1242
f 1242 1227 1210
f 1216 1250 1247
f 1250 1249 1316
f 1250 1316 1247
f 1247 1316 1246
f 1249 1248 1317
f 1249 1317 1316
f 1316 1317 1318
f 1316 1318 1246
f 1246 1318 1245
f 1248 1207 1232
f 1248 1232 1317
f 1317 1232 1231
f 1317 1231 1318
f 1318 1231 1230
f 1318 1230 1245
f 1245 1230 1211
f 1276 1320 1319
f 1319 1320 1321
f 1319 1321 1275
f 1276 1213 1265
f 1276 1265 1320
f 1320 1265 1264
f 1320 1264 1321
f 1321 1264 1263
f 1321 1263 1275
f 1275 1263 1212
f 1319 1322 1276
f 1322 1277 1323
f 1322 1323 1324
f 1322 1324 1276
f 1277 1214 1268
f 1277 1268 1323
f 1323 1268 1267
f 1323 1267 1324
f 1324 1267 1266
f 1324 1266 1276
f 1276 1266 1213
f 1319 1325 1322
f 1325 1326 1327
f 1325 1327 1322
f 1322 1327 1277
f 1326 1215 1300
f 1326 1300 1269
f 1326 1269 1327
f 1327 1269 1277
f 1277 1269 1214
f 1319 1329 1325
f 1329 1328 1325
f 1325 1328 1326
f 1329 1278 1328
f 1278 1216 1271
f 1278 1271 1328
f 1328 1271 1270
f 1328 1270 1215
f 1328 1215 1326
f 1319 1275 1329
f 1275 1330 1329
f 1329 1330 1331
f 1329 1331 1278
f 1275 1212 1274
f 1275 1274 1330
f 1330 1274 1273
f 1330 1273 1331
f 1331 1273 1272
f 1331 1272 1278
f 1278 1272 1216
f 1337 1338 1339
f 1338 1332 1339
f 1332 1341 1340
f 1332 1333 1341
f 1333 1342 1341
f 1333 1334 1342
f 1334 1343 1342
f 1334 1335 1343
f 1335 1344 1343
f 1335 1336 1344
f 1336 1345 1344
f 1336 1337 1345
f 1337 1346 1345
f 1337 1339 1346
f 1339 1352 1346
f 1339 1340 1352
f 1339 1332 1340
f 1340 1347 1353
f 1340 1341 1347
f 1341 1348 1347
f 1341 1342 1348
f 1342 1349 1348
f 1342 1343 1349
f 1343 1344 1349
f 1344 1350 1349
f 1344 1345 1350
f 1345 1351 1350
f 1345 1346 1351
f 1346 1352 1351
f 1352 1340 1353
f 1353 1347 1354
f 1347 1355 1354
f 1347 1348 1355
f 1348 1356 1355
f 1348 1349 1356
f 1349 1357 1356
f 1349 1350 1357
f 1350 1358 1357
f 1350 1351 1358
f 1351 1359 1358
f 1351 1352 1359
f 1352 1353 1359
f 1353 1361 1360
f 1353 1354 1361
f 1354 1362 1361
f 1354 1355 1362
f 1355 1363 1362
f 1355 1356 1363
f 1356 1364 1363
f 1356 1357 1364
f 1357 1365 1364
f 1357 1358 1365
f 1358 1366 1365
f 1358 1367 1366
f 1358 1359 1367
f 1359 1360 1367
f 1359 1353 1360
f 1360 1361 1368
f 1361 1362 1368
f 1362 1363 1368
f 1363 1364 1368
f 1364 1365 1368
f 1365 1366 1368
f 1366 1367 1368
f 1367 1360 1368
f 1336 1338 1337
f 1335 1338 1336
f 1334 1338 1335
f 1333 1338 1334
f 1332 1338 1333
f 1383 1386 1450
f 1379 1369 1388
f 1379 1388 1450
f 1450 1388 1370
f 1383 1450 1380
f 1450 1370 1451
f 1450 1451 1380
f 1380 1451 1452
f 1380 1452 1381
f 1381 1452 1382
f 1451 1370 1389
f 1451 1389 1452
f 1452 1389 1390
f 1452 1390 1382
f 1382 1390 1371
f 1380 1381 1453
f 1380 1453 1383
f 1383 1453 1384
f 1381 1382 1454
f 1381 1454 1453
f 1453 1454 1455
f 1453 1455 1384
f 1384 1455 1385
f 1382 1371 1391
f 1382 1391 1454
f 1454 1391 1392
f 1454 1392 1455
f 1455 1392 1393
f 1455 1393 1385
f 1385 1393 1372
f 1383 1384 1456
f 1383 1456 1386
f 1386 1456 1387
f 1384 1385 1457
f 1384 1457 1456
f 1456 1457 1458
f 1456 1458 1387
f 1385 1372 1394
f 1385 1394 1457
f 1457 1394 1395
f 1457 1395 1458
f 1458 1395 1396
f 1458 1396 1387
f 1387 1396 1373
f 1387 1459 1386
f 1386 1459 1450
f 1450 1459 1379
f 1387 1373 1397
f 1387 1397 1459
f 1459 1397 1398
f 1459 1398 1399
f 1459 1399 1379
f 1379 1399 1369
f 1369 1415 1400
f 1415 1416 1460
f 1415 1460 1400
f 1400 1460 1401
f 1416 1417 1461
f 1416 1461 1460
f 1460 1461 1462
f 1460 1462 1401
f 1401 1462 1402
f 1417 1378 1438
f 1417 1438 1461
f 1461 1438 1439
f 1461 1439 1462
f 1462 1439 1440
f 1462 1440 1402
f 1402 1440 1374
f 1370 1418 1403
f 1418 1419 1463
f 1418 1463 1403
f 1403 1463 1404
f 1419 1420 1464
f 1419 1464 1463
f 1463 1464 1465
f 1463 1465 1404
f 1404 1465 1405
f 1420 1374 1430
f 1420 1430 1464
f 1464 1430 1431
f 1464 1431 1465
f 1465 1431 1432
f 1465 1432 1405
f 1405 1432 1375
f 1371 1421 1406
f 1421 1422 1466
f 1421 1466 1406
f 1406 1466 1407
f 1422 1423 1467
f 1422 1467 1466
f 1466 1467 1468
f 1466 1468 1407
f 1407 1468 1408
f 1423 1375 1433
f 1423 1433 1467
f 1467 1433 1434
f 1467 1434 1468
f 1468 1434 1435
f 1468 1435 1408
f 1408 1435 1376
f 1372 1424 1409
f 1424 1425 1469
f 1424 1469 1409
f 1409 1469 1410
f 1425 1426 1470
f 1425 1470 1469
f 1469 1470 1471
f 1469 1471 1410
f 1410 1471 1411
f 1426 1376 1470
f 1470 1376 1495
f 1470 1495 1471
f 1471 1495 1411
f 1411 1495 1377
f 1373 1427 1412
f 1427 1428 1472
f 1427 1472 1412
f 1412 1472 1413
f 1428 1429 1473
f 1428 1473 1472
f 1472 1473 1474
f 1472 1474 1413
f 1413 1474 1414
f 1429 1377 1473
f 1473 1377 1436
f 1473 1436 1474
f 1474 1436 1437
f 1474 1437 1414
f 1414 1437 1378
f 1374 1420 1402
f 1420 1419 1475
f 1420 1475 1402
f 1402 1475 1401
f 1419 1418 1476
f 1419 1476 1475
f 1475 1476 1477
f 1475 1477 1401
f 1401 1477 1400
f 1418 1370 1388
f 1418 1388 1476
f 1476 1388 1477
f 1477 1388 1369
f 1477 1369 1400
f 1375 1423 1405
f 1423 1422 1478
f 1423 1478 1405
f 1405 1478 1404
f 1422 1421 1479
f 1422 1479 1478
f 1478 1479 1480
f 1478 1480 1404
f 1404 1480 1403
f 1421 1371 1390
f 1421 1390 1479
f 1479 1390 1389
f 1479 1389 1480
f 1480 1389 1370
f 1480 1370 1403
f 1376 1426 1408
f 1426 1425 1481
f 1426 1481 1408
f 1408 1481 1407
f 1425 1424 1482
f 1425 1482 1481
f 1481 1482 1483
f 1481 1483 1407
f 1407 1483 1406
f 1424 1372 1393
f 1424 1393 1482
f 1482 1393 1392
f 1482 1392 1483
f 1483 1392 1391
f 1483 1391 1406
f 1406 1391 1371
f 1377 1429 1411
f 1429 1428 1484
f 1429 1484 1411
f 1411 1484 1410
f 1428 1427 1485
f 1428 1485 1484
f 1484 1485 1486
f 1484 1486 1410
f 1410 1486 1409
f 1427 1373 1396
f 1427 1396 1485
f 1485 1396 1395
f 1485 1395 1486
f 1486 1395 1394
f 1486 1394 1409
f 1409 1394 1372
f 1378 1417 1414
f 1417 1416 1487
f 1417 1487 1414
f 1414 1487 1413
f 1416 1415 1488
f 1416 1488 1487
f 1487 1488 1489
f 1487 1489 1413
f 1413 1489 1412
f 1415 1369 1399
f 1415 1399 1488
f 1488 1399 1398
f 1488 1398 1489
f 1489 1398 1397
f 1489 1397 1412
f 1412 1397 1373
f 1444 1445 1490
f 1444 1490 1441
f 1441 1490 1442
f 1445 1491 1490
f 1490 1491 1492
f 1490 1492 1442
f 1442 1492 1443
f 1445 1375 1432
f 1445 1432 1491
f 1491 1432 1431
f 1491 1431 1492
f 1492 1431 1430
f 1492 1430 1443
f 1443 1430 1374
f 1494 1446 1493
f 1494 1493 1444
f 1444 1493 1445
f 1446 1376 1435
f 1446 1435 1493
f 1493 1435 1434
f 1493 1434 1433
f 1493 1433 1445
f 1445 1433 1375
f 1494 1495 1446
f 1446 1495 1376
f 1444 1447 1494
f 1494 1447 1495
f 1448 1449 1496
f 1448 1496 1447
f 1447 1496 1497
f 1447 1497 1495
f 1449 1378 1437
f 1449 1437 1496
f 1496 1437 1436
f 1496 1436 1497
f 1497 1436 1377
f 1497 1377 1495
f 1444 1441 1447
f 1441 1442 1498
f 1441 1498 1447
f 1447 1498 1448
f 1442 1443 1499
f 1442 1499 1498
f 1498 1499 1500
f 1498 1500 1448
f 1448 1500 1449
f 1443 1374 1440
f 1443 1440 1499
f 1499 1440 1439
f 1499 1439 1500
f 1500 1439 1438
f 1500 1438 1449
f 1449 1438 1378
f 1501 1509 1516
f 1501 1502 1509
f 1502 1510 1509
f 1502 1503 1510
f 1503 1511 1510
f 1503 1504 1511
f 1504 1512 1511
f 1504 1505 1512
f 1505 1513 1512
f 1505 1506 1513
f 1506 1514 1513
f 1506 1507 1514
f 1507 1515 1514
f 1507 1508 1515
f 1508 1516 1515
f 1508 1501 1516
f 1516 1509 1517
f 1509 1518 1517
f 1509 1510 1518
f 1510 1519 1518
f 1510 1511 1519
f 1511 1520 1519
f 1511 1512 1520
f 1512 1527 1520
f 1512 1513 1527
f 1513 1521 1527
f 1513 1514 1521
f 1514 1522 1521
f 1514 1515 1522
f 1515 1523 1522
f 1515 1516 1523
f 1516 1517 1523
f 1517 1524 1530
f 1517 1518 1524
f 1518 1525 1524
f 1518 1519 1525
f 1519 1526 1525
f 1519 1520 1526
f 1520 1527 1526
f 1521 1528 1527
f 1521 1522 1528
f 1522 1529 1528
f 1522 1523 1529
f 1523 1530 1529
f 1523 1517 1530
f 1530 1524 1532
f 1524 1533 1532
f 1524 1525 1533
f 1525 1534 1533
f 1525 1526 1534
f 1526 1531 1534
f 1526 1527 1531
f 1527 1540 1531
f 1527 1528 1540
f 1528 1541 1540
f 1528 1529 1541
f 1529 1535 1541
f 1529 1530 1535
f 1530 1532 1535
f 1532 1537 1536
f 1532 1533 1537
f 1533 1538 1537
f 1533 1534 1538
f 1534 1539 1538
f 1534 1531 1539
f 1531 1540 1539
f 1541 1535 1542
f 1535 1536 1542
f 1535 1532 1536
f 1506 1508 1507
f 1505 1508 1506
f 1504 1508 1505
f 1503 1508 1504
f 1502 1508 1503
f 1501 1508 1502
f 1539 1540 1541
f 1538 1539 1541
f 1537 1538 1541
f 1536 1537 1541
f 1542 1536 1541
f 1549 1548 1550
f 1543 1549 1550
f 1552 1543 1551
f 1544 1543 1552
f 1553 1544 1552
f 1545 1544 1553
f 1554 1545 1553
f 1546 1545 1554
f 1555 1546 1554
f 1547 1546 1555
f 1556 1547 1555
f 1548 1547 1556
f 1557 1548 1556
f 1550 1548 1557
f 1563 1550 1557
f 1551 1550 1563
f 1543 1550 1551
f 1558 1551 1564
f 1552 1551 1558
f 1559 1552 1558
f 1553 1552 1559
f 1560 1553 1559
f 1554 1553 1560
f 1555 1554 1560
f 1561 1555 1560
f 1556 1555 1561
f 1562 1556 1561
f 1557 1556 1562
f 1563 1557 1562
f 1551 1563 1564
f 1558 1564 1565
f 1566 1558 1565
f 1559 1558 1566
f 1567 1559 1566
f 1560 1559 1567
f 1568 1560 1567
f 1561 1560 1568
f 1569 1561 1568
f 1562 1561 1569
f 1570 1562 1569
f 1563 1562 1570
f 1564 1563 1570
f 1572 1564 1571
f 1565 1564 1572
f 1573 1565 1572
f 1566 1565 1573
f 1574 1566 1573
f 1567 1566 1574
f 1575 1567 1574
f 1568 1567 1575
f 1576 1568 1575
f 1569 1568 1576
f 1577 1569 1576
f 1578 1569 1577
f 1570 1569 1578
f 1571 1570 1578
f 1564 1570 1571
f 1572 1571 1579
f 1573 1572 1579
f 1574 1573 1579
f 1575 1574 1579
f 1576 1575 1579
f 1577 1576 1579
f 1578 1577 1579
f 1571 1578 1579
f 1549 1547 1548
f 1549 1546 1547
f 1549 1545 1546
f 1549 1544 1545
f 1549 1543 1544
f 1588 1595 1590
f 1589 1588 1661
f 1661 1588 1590
f 1661 1590 1591
f 1625 1589 1600
f 1600 1589 1661
f 1600 1661 1601
f 1601 1661 1591
f 1601 1591 1580
f 1590 1595 1592
f 1662 1590 1592
f 1662 1592 1593
f 1591 1590 1663
f 1663 1590 1662
f 1663 1662 1664
f 1664 1662 1593
f 1664 1593 1594
f 1580 1591 1602
f 1602 1591 1663
f 1602 1663 1603
f 1603 1663 1664
f 1603 1664 1604
f 1604 1664 1594
f 1604 1594 1581
f 1593 1592 1665
f 1665 1592 1595
f 1665 1595 1596
f 1594 1593 1666
f 1666 1593 1665
f 1666 1665 1667
f 1667 1665 1596
f 1581 1594 1666
f 1581 1666 1605
f 1605 1666 1667
f 1605 1667 1582
f 1582 1667 1596
f 1596 1595 1668
f 1668 1595 1597
f 1668 1597 1598
f 1669 1596 1668
f 1669 1668 1670
f 1670 1668 1598
f 1670 1598 1599
f 1582 1596 1606
f 1606 1596 1669
f 1606 1669 1607
f 1607 1669 1670
f 1607 1670 1608
f 1608 1670 1599
f 1608 1599 1583
f 1597 1595 1588
f 1599 1598 1671
f 1671 1598 1597
f 1671 1597 1672
f 1672 1597 1588
f 1672 1588 1589
f 1583 1599 1609
f 1609 1599 1671
f 1609 1671 1672
f 1609 1672 1701
f 1701 1672 1589
f 1701 1589 1625
f 1626 1625 1673
f 1673 1625 1610
f 1673 1610 1611
f 1627 1626 1674
f 1674 1626 1673
f 1674 1673 1675
f 1675 1673 1611
f 1675 1611 1612
f 1587 1627 1674
f 1587 1674 1649
f 1649 1674 1675
f 1649 1675 1584
f 1584 1675 1612
f 1628 1580 1613
f 1629 1628 1676
f 1676 1628 1613
f 1676 1613 1614
f 1630 1629 1677
f 1677 1629 1676
f 1677 1676 1678
f 1678 1676 1614
f 1678 1614 1615
f 1584 1630 1640
f 1640 1630 1677
f 1640 1677 1641
f 1641 1677 1678
f 1641 1678 1642
f 1642 1678 1615
f 1642 1615 1585
f 1631 1581 1616
f 1632 1631 1679
f 1679 1631 1616
f 1679 1616 1617
f 1633 1632 1680
f 1680 1632 1679
f 1680 1679 1681
f 1681 1679 1617
f 1681 1617 1618
f 1585 1633 1643
f 1643 1633 1680
f 1643 1680 1681
f 1634 1582 1619
f 1635 1634 1682
f 1682 1634 1619
f 1682 1619 1620
f 1636 1635 1683
f 1683 1635 1682
f 1683 1682 1684
f 1684 1682 1620
f 1684 1620 1621
f 1618 1636 1644
f 1644 1636 1683
f 1644 1683 1684
f 1644 1684 1645
f 1645 1684 1621
f 1645 1621 1586
f 1637 1583 1622
f 1638 1637 1685
f 1685 1637 1622
f 1685 1622 1623
f 1639 1638 1686
f 1686 1638 1685
f 1686 1685 1687
f 1687 1685 1623
f 1687 1623 1624
f 1586 1639 1646
f 1646 1639 1686
f 1646 1686 1647
f 1647 1686 1687
f 1647 1687 1648
f 1648 1687 1624
f 1648 1624 1587
f 1630 1584 1612
f 1629 1630 1688
f 1688 1630 1612
f 1688 1612 1611
f 1628 1629 1689
f 1689 1629 1688
f 1689 1688 1690
f 1690 1688 1611
f 1690 1611 1610
f 1580 1628 1601
f 1601 1628 1689
f 1601 1689 1600
f 1600 1689 1690
f 1600 1690 1610
f 1600 1610 1625
f 1633 1585 1615
f 1632 1633 1691
f 1691 1633 1615
f 1691 1615 1614
f 1631 1632 1692
f 1692 1632 1691
f 1692 1691 1693
f 1693 1691 1614
f 1693 1614 1613
f 1581 1631 1604
f 1604 1631 1692
f 1604 1692 1603
f 1603 1692 1693
f 1603 1693 1602
f 1602 1693 1613
f 1602 1613 1580
f 1635 1636 1694
f 1694 1636 1618
f 1694 1618 1617
f 1634 1635 1695
f 1695 1635 1694
f 1695 1694 1696
f 1696 1694 1617
f 1696 1617 1616
f 1582 1634 1695
f 1582 1695 1605
f 1605 1695 1696
f 1605 1696 1581
f 1581 1696 1616
f 1639 1586 1621
f 1638 1639 1697
f 1697 1639 1621
f 1697 1621 1620
f 1637 1638 1698
f 1698 1638 1697
f 1698 1697 1699
f 1699 1697 1620
f 1699 1620 1619
f 1583 1637 1608
f 1608 1637 1698
f 1608 1698 1607
f 1607 1698 1699
f 1607 1699 1606
f 1606 1699 1619
f 1606 1619 1582
f 1627 1587 1624
f 1626 1627 1700
f 1700 1627 1624
f 1700 1624 1623
f 1625 1626 1701
f 1701 1626 1700
f 1701 1700 1702
f 1702 1700 1623
f 1702 1623 1622
f 1609 1701 1702
f 1609 1702 1622
f 1609 1622 1583
f 1653 1652 1703
f 1703 1652 1650
f 1703 1650 1651
f 1654 1653 1704
f 1704 1653 1703
f 1704 1703 1705
f 1705 1703 1651
f 1585 1654 1642
f 1642 1654 1704
f 1642 1704 1641
f 1641 1704 1705
f 1641 1705 1640
f 1640 1705 1651
f 1640 1651 1584
f 1655 1650 1652
f 1706 1655 1652
f 1706 1652 1707
f 1707 1652 1653
f 1707 1653 1654
f 1618 1706 1681
f 1681 1706 1643
f 1643 1706 1707
f 1643 1707 1654
f 1643 1654 1585
f 1656 1650 1655
f 1657 1656 1708
f 1708 1656 1709
f 1709 1656 1655
f 1709 1655 1706
f 1586 1657 1645
f 1645 1657 1708
f 1645 1708 1644
f 1644 1708 1709
f 1644 1709 1706
f 1644 1706 1618
f 1658 1650 1656
f 1659 1658 1710
f 1710 1658 1656
f 1660 1659 1711
f 1711 1659 1710
f 1711 1710 1712
f 1712 1710 1656
f 1712 1656 1657
f 1587 1660 1648
f 1648 1660 1711
f 1648 1711 1647
f 1647 1711 1712
f 1647 1712 1646
f 1646 1712 1657
f 1646 1657 1586
f 1651 1650 1713
f 1713 1650 1658
f 1713 1658 1659
f 1714 1651 1713
f 1714 1713 1715
f 1715 1713 1659
f 1715 1659 1660
f 1584 1651 1714
f 1584 1714 1649
f 1649 1714 1715
f 1649 1715 1587
f 1587 1715 1660
f 1722 1721 1723
f 1716 1722 1723
f 1725 1716 1724
f 1717 1716 1725
f 1726 1717 1725
f 1718 1717 1726
f 1727 1718 1726
f 1719 1718 1727
f 1728 1719 1727
f 1720 1719 1728
f 1729 1720 1728
f 1721 1720 1729
f 1730 1721 1729
f 1723 1721 1730
f 1736 1723 1730
f 1724 1723 1736
f 1716 1723 1724
f 1731 1724 1737
f 1725 1724 1731
f 1732 1725 1731
f 1726 1725 1732
f 1733 1726 1732
f 1727 1726 1733
f 1728 1727 1733
f 1734 1728 1733
f 1729 1728 1734
f 1735 1729 1734
f 1730 1729 1735
f 1736 1730 1735
f 1724 1736 1737
f 1731 1737 1738
f 1739 1731 1738
f 1732 1731 1739
f 1740 1732 1739
f 1733 1732 1740
f 1741 1733 1740
f 1734 1733 1741
f 1742 1734 1741
f 1735 1734 1742
f 1743 1735 1742
f 1736 1735 1743
f 1737 1736 1743
f 1745 1737 1744
f 1738 1737 1745
f 1746 1738 1745
f 1739 1738 1746
f 1747 1739 1746
f 1740 1739 1747
f 1748 1740 1747
f 1741 1740 1748
f 1749 1741 1748
f 1742 1741 1749
f 1750 1742 1749
f 1751 1742 1750
f 1743 1742 1751
f 1744 1743 1751
f 1737 1743 1744
f 1745 1744 1752
f 1746 1745 1752
f 1747 1746 1752
f 1748 1747 1752
f 1749 1748 1752
f 1750 1749 1752
f 1751 1750 1752
f 1744 1751 1752
f 1722 1720 1721
f 1722 1719 1720
f 1722 1718 1719
f 1722 1717 1718
f 1722 1716 1717
f 1765 1753 1766
f 1837 1765 1766
f 1837 1766 1838
f 1838 1766 1767
f 1838 1767 1768
f 1754 1765 1837
f 1754 1837 1778
f 1778 1837 1838
f 1778 1838 1779
f 1779 1838 1768
f 1779 1768 1755
f 1766 1753 1769
f 1767 1766 1839
f 1839 1766 1769
f 1839 1769 1770
f 1768 1767 1840
f 1840 1767 1839
f 1840 1839 1841
f 1841 1839 1770
f 1841 1770 1771
f 1755 1768 1780
f 1780 1768 1840
f 1780 1840 1781
f 1781 1840 1841
f 1781 1841 1771
f 1781 1771 1756
f 1769 1753 1772
f 1770 1769 1842
f 1842 1769 1772
f 1842 1772 1773
f 1771 1770 1843
f 1843 1770 1842
f 1843 1842 1844
f 1844 1842 1773
f 1844 1773 1774
f 1756 1771 1843
f 1756 1843 1782
f 1782 1843 1844
f 1782 1844 1774
f 1782 1774 1757
f 1772 1753 1775
f 1773 1772 1845
f 1845 1772 1775
f 1845 1775 1776
f 1774 1773 1846
f 1846 1773 1845
f 1846 1845 1847
f 1847 1845 1776
f 1847 1776 1777
f 1757 1774 1783
f 1783 1774 1846
f 1783 1846 1784
f 1784 1846 1847
f 1784 1847 1785
f 1785 1847 1777
f 1785 1777 1758
f 1775 1753 1765
f 1777 1776 1848
f 1848 1776 1775
f 1848 1775 1765
f 1758 1777 1786
f 1786 1777 1848
f 1786 1848 1787
f 1787 1848 1765
f 1787 1765 1754
f 1801 1754 1788
f 1802 1801 1849
f 1849 1801 1788
f 1849 1788 1789
f 1763 1802 1823
f 1823 1802 1849
f 1823 1849 1789
f 1823 1789 1759
f 1803 1755 1790
f 1804 1803 1850
f 1850 1803 1790
f 1850 1790 1791
f 1805 1804 1851
f 1851 1804 1850
f 1851 1850 1852
f 1852 1850 1791
f 1852 1791 1792
f 1759 1805 1814
f 1814 1805 1851
f 1814 1851 1815
f 1815 1851 1852
f 1815 1852 1816
f 1816 1852 1792
f 1816 1792 1760
f 1807 1806 1853
f 1853 1806 1756
f 1853 1756 1793
f 1808 1807 1854
f 1854 1807 1853
f 1854 1853 1855
f 1855 1853 1793
f 1855 1793 1794
f 1760 1808 1817
f 1817 1808 1854
f 1817 1854 1855
f 1817 1855 1818
f 1818 1855 1794
f 1818 1794 1761
f 1809 1757 1856
f 1856 1757 1795
f 1856 1795 1796
f 1810 1809 1857
f 1857 1809 1856
f 1857 1856 1858
f 1858 1856 1796
f 1858 1796 1797
f 1761 1810 1857
f 1761 1857 1819
f 1819 1857 1858
f 1819 1858 1820
f 1820 1858 1797
f 1820 1797 1762
f 1811 1758 1798
f 1812 1811 1859
f 1859 1811 1798
f 1859 1798 1799
f 1813 1812 1860
f 1860 1812 1859
f 1860 1859 1861
f 1861 1859 1799
f 1861 1799 1800
f 1762 1813 1821
f 1821 1813 1860
f 1821 1860 1822
f 1822 1860 1861
f 1822 1861 1800
f 1822 1800 1763
f 1805 1759 1789
f 1804 1805 1862
f 1862 1805 1789
f 1862 1789 1788
f 1803 1804 1863
f 1863 1804 1862
f 1863 1862 1864
f 1864 1862 1788
f 1755 1803 1779
f 1779 1803 1863
f 1779 1863 1778
f 1778 1863 1864
f 1778 1864 1754
f 1754 1864 1788
f 1808 1760 1792
f 1807 1808 1865
f 1865 1808 1792
f 1865 1792 1791
f 1806 1807 1866
f 1866 1807 1865
f 1866 1865 1867
f 1867 1865 1791
f 1867 1791 1790
f 1756 1806 1781
f 1781 1806 1866
f 1781 1866 1867
f 1781 1867 1780
f 1780 1867 1790
f 1780 1790 1755
f 1810 1761 1794
f 1809 1810 1868
f 1868 1810 1794
f 1868 1794 1793
f 1809 1868 1869
f 1869 1868 1793
f 1869 1793 1756
f 1782 1757 1809
f 1782 1809 1869
f 1782 1869 1756
f 1813 1762 1797
f 1812 1813 1870
f 1870 1813 1797
f 1870 1797 1796
f 1811 1812 1871
f 1871 1812 1870
f 1871 1870 1872
f 1872 1870 1796
f 1872 1796 1795
f 1758 1811 1785
f 1785 1811 1871
f 1785 1871 1784
f 1784 1871 1872
f 1784 1872 1783
f 1783 1872 1795
f 1783 1795 1757
f 1802 1763 1800
f 1801 1802 1873
f 1873 1802 1800
f 1873 1800 1799
f 1874 1801 1873
f 1874 1873 1875
f 1875 1873 1799
f 1875 1799 1798
f 1754 1801 1787
f 1787 1801 1874
f 1787 1874 1786
f 1786 1874 1875
f 1786 1875 1798
f 1786 1798 1758
f 1827 1764 1824
f 1828 1827 1876
f 1876 1827 1824
f 1876 1824 1825
f 1829 1828 1877
f 1877 1828 1876
f 1877 1876 1878
f 1878 1876 1825
f 1878 1825 1826
f 1760 1829 1816
f 1816 1829 1877
f 1816 1877 1815
f 1815 1877 1878
f 1815 1878 1814
f 1814 1878 1826
f 1814 1826 1759
f 1830 1764 1827
f 1879 1830 1827
f 1879 1827 1828
f 1879 1828 1829
f 1761 1830 1818
f 1818 1830 1879
f 1818 1879 1817
f 1817 1879 1829
f 1817 1829 1760
f 1831 1764 1830
f 1833 1832 1880
f 1880 1832 1831
f 1880 1831 1881
f 1881 1831 1830
f 1762 1833 1820
f 1820 1833 1880
f 1820 1880 1819
f 1819 1880 1881
f 1819 1881 1761
f 1761 1881 1830
f 1834 1764 1831
f 1835 1834 1882
f 1882 1834 1831
f 1882 1831 1832
f 1836 1835 1883
f 1883 1835 1882
f 1883 1882 1884
f 1884 1882 1832
f 1884 1832 1833
f 1763 1836 1822
f 1822 1836 1883
f 1822 1883 1884
f 1822 1884 1821
f 1821 1884 1833
f 1821 1833 1762
f 1824 1764 1834
f 1825 1824 1885
f 1885 1824 1834
f 1885 1834 1835
f 1826 1825 1886
f 1886 1825 1885
f 1886 1885 1887
f 1887 1885 1835
f 1887 1835 1836
f 1759 1826 1823
f 1823 1826 1886
f 1823 1886 1887
f 1823 1887 1763
f 1763 1887 1836
f 1894 1893 1895
f 1888 1894 1895
f 1897 1888 1896
f 1889 1888 1897
f 1898 1889 1897
f 1890 1889 1898
f 1899 1890 1898
f 1891 1890 1899
f 1900 1891 1899
f 1892 1891 1900
f 1901 1892 1900
f 1893 1892 1901
f 1902 1893 1901
f 1895 1893 1902
f 1908 1895 1902
f 1896 1895 1908
f 1888 1895 1896
f 1903 1896 1909
f 1897 1896 1903
f 1904 1897 1903
f 1898 1897 1904
f 1905 1898 1904
f 1899 1898 1905
f 1900 1899 1905
f 1906 1900 1905
f 1901 1900 1906
f 1907 1901 1906
f 1902 1901 1907
f 1908 1902 1907
f 1896 1908 1909
f 1903 1909 1910
f 1911 1903 1910
f 1904 1903 1911
f 1912 1904 1911
f 1905 1904 1912
f 1913 1905 1912
f 1906 1905 1913
f 1914 1906 1913
f 1907 1906 1914
f 1915 1907 1914
f 1908 1907 1915
f 1909 1908 1915
f 1917 1909 1916
f 1910 1909 1917
f 1918 1910 1917
f 1911 1910 1918
f 1919 1911 1918
f 1912 1911 1919
f 1920 1912 1919
f 1913 1912 1920
f 1921 1913 1920
f 1914 1913 1921
f 1922 1914 1921
f 1923 1914 1922
f 1915 1914 1923
f 1916 1915 1923
f 1909 1915 1916
f 1917 1916 1924
f 1918 1917 1924
f 1919 1918 1924
f 1920 1919 1924
f 1921 1920 1924
f 1922 1921 1924
f 1923 1922 1924
f 1916 1923 1924
f 1894 1892 1893
f 1894 1891 1892
f 1894 1890 1891
f 1894 1889 1890
f 1894 1888 1889
f 1941 1938 2001
f 1925 1934 1943
f 1943 1934 2001
f 1943 2001 1935
f 2001 1938 1936
f 1935 2001 1936
f 1935 1936 2002
f 2002 1936 1937
f 2029 1935 2002
f 2029 2002 1944
f 1944 2002 1937
f 1944 1937 1926
f 2004 1936 1938
f 2004 1938 1939
f 1937 1936 2003
f 2003 1936 2004
f 2004 1939 1940
f 1926 1937 1945
f 1945 1937 2003
f 1945 2003 1946
f 1946 2003 2004
f 1946 2004 1947
f 1947 2004 1940
f 1947 1940 1927
f 1939 1938 2005
f 2005 1938 1941
f 2005 1941 1942
f 1940 1939 2006
f 2006 1939 2005
f 2006 2005 2007
f 2007 2005 1942
f 1927 1940 1948
f 1948 1940 2006
f 1948 2006 1949
f 1949 2006 2007
f 1949 2007 1950
f 1950 2007 1942
f 1950 1942 1928
f 2008 1942 1941
f 2008 1941 2001
f 2008 2001 1934
f 1928 1942 1951
f 1951 1942 2008
f 1951 2008 1952
f 1952 2008 1953
f 1953 2008 1934
f 1953 1934 1925
f 1969 1925 1954
f 1970 1969 2009
f 2009 1969 1954
f 2009 1954 1955
f 1971 1970 2010
f 2010 1970 2009
f 2010 2009 2011
f 2011 2009 1955
f 2011 1955 1956
f 1933 1971 1991
f 1991 1971 2010
f 1991 2010 1992
f 1992 2010 2011
f 1992 2011 1993
f 1993 2011 1956
f 1993 1956 1929
f 1972 1935 1957
f 1973 1972 2012
f 2012 1972 1957
f 2012 1957 1958
f 1974 1973 2013
f 2013 1973 2012
f 2013 2012 2014
f 2014 2012 1958
f 2014 1958 1959
f 1929 1974 1984
f 1984 1974 2013
f 1984 2013 1985
f 1985 2013 2014
f 1985 2014 1986
f 1986 2014 1959
f 1986 1959 1930
f 1975 1926 1960
f 1976 1975 2015
f 2015 1975 1960
f 2015 1960 1961
f 1977 1976 2016
f 2016 1976 2015
f 2016 2015 2017
f 2017 2015 1961
f 2017 1961 1962
f 1930 1977 1987
f 1987 1977 2016
f 1987 2016 1988
f 1988 2016 2017
f 1988 2017 1989
f 1989 2017 1962
f 1989 1962 1931
f 1978 1927 1963
f 1979 1978 2018
f 2018 1978 1963
f 2018 1963 1964
f 1980 1979 2019
f 2019 1979 2018
f 2019 2018 2020
f 2020 2018 1964
f 2020 1964 1965
f 1931 1980 2019
f 1931 2019 2044
f 2044 2019 2020
f 2044 2020 1965
f 2044 1965 1932
f 1981 1928 1966
f 1982 1981 2021
f 2021 1981 1966
f 2021 1966 1967
f 1983 1982 2022
f 2022 1982 2021
f 2022 2021 2023
f 2023 2021 1967
f 2023 1967 1968
f 1932 1983 2022
f 2022 2023 1990
f 1990 2023 1968
f 1990 1968 1933
f 1974 1929 1956
f 1973 1974 2024
f 2024 1974 1956
f 2024 1956 1955
f 1972 1973 2025
f 2025 1973 2024
f 2025 2024 2026
f 2026 2024 1955
f 2026 1955 1954
f 1935 1972 1943
f 1943 1972 2025
f 1943 2025 2026
f 1943 2026 1925
f 1925 2026 1954
f 1977 1930 1959
f 1976 1977 2027
f 2027 1977 1959
f 2027 1959 1958
f 1975 1976 2028
f 2028 1976 2027
f 2028 2027 2029
f 2029 2027 1958
f 2029 1958 1957
f 1926 1975 1944
f 1944 1975 2028
f 1944 2028 2029
f 1935 2029 1957
f 1980 1931 1962
f 1979 1980 2030
f 2030 1980 1962
f 2030 1962 1961
f 1978 1979 2031
f 2031 1979 2030
f 2031 2030 2032
f 2032 2030 1961
f 2032 1961 1960
f 1927 1978 1947
f 1947 1978 2031
f 1947 2031 1946
f 1946 2031 2032
f 1946 2032 1945
f 1945 2032 1960
f 1945 1960 1926
f 1983 1932 1965
f 1982 1983 2033
f 2033 1983 1965
f 2033 1965 1964
f 1981 1982 2034
f 2034 1982 2033
f 2034 2033 2035
f 2035 2033 1964
f 2035 1964 1963
f 1928 1981 1950
f 1950 1981 2034
f 1950 2034 1949
f 1949 2034 2035
f 1949 2035 1948
f 1948 2035 1963
f 1948 1963 1927
f 1971 1933 1968
f 1970 1971 2036
f 2036 1971 1968
f 2036 1968 1967
f 1969 1970 2037
f 2037 1970 2036
f 2037 2036 2038
f 2038 2036 1967
f 2038 1967 1966
f 1925 1969 1953
f 1953 1969 2037
f 1953 2037 1952
f 1952 2037 2038
f 1952 2038 1951
f 1951 2038 1966
f 1951 1966 1928
f 1998 1997 2039
f 2039 1997 1994
f 2039 1994 1995
f 2040 1998 2039
f 2040 2039 2041
f 2041 2039 1995
f 2041 1995 1996
f 1930 1998 1986
f 1986 1998 2040
f 1986 2040 1985
f 1985 2040 2041
f 1985 2041 1984
f 1984 2041 1996
f 1984 1996 1929
f 1999 2043 2042
f 2042 2043 1997
f 2042 1997 1998
f 1931 1999 1989
f 1989 1999 2042
f 1989 2042 1988
f 1988 2042 1987
f 1987 2042 1998
f 1987 1998 1930
f 2044 2043 1999
f 2044 1999 1931
f 2045 1997 2043
f 2045 2043 2044
f 2046 2000 2045
f 2046 2045 2044
f 1933 2000 1990
f 1990 2000 2046
f 1990 2046 2022
f 2022 2046 1932
f 1932 2046 2044
f 1994 1997 2045
f 1995 1994 2047
f 2047 1994 2045
f 2047 2045 2000
f 1996 1995 2048
f 2048 1995 2047
f 2048 2047 2049
f 2049 2047 2000
f 1929 1996 1993
f 1993 1996 2048
f 1993 2048 1992
f 1992 2048 2049
f 1992 2049 1991
f 1991 2049 2000
f 1991 2000 1933
f 2058 2050 2064
f 2051 2050 2058
f 2059 2051 2058
f 2052 2051 2059
f 2060 2052 2059
f 2053 2052 2060
f 2061 2053 2060
f 2054 2053 2061
f 2062 2054 2061
f 2055 2054 2062
f 2063 2055 2062
f 2056 2055 2063
f 2057 2056 2064
f 2050 2057 2064
f 2058 2064 2065
f 2066 2058 2065
f 2059 2058 2066
f 2067 2059 2066
f 2060 2059 2067
f 2072 2060 2067
f 2061 2060 2072
f 2068 2061 2072
f 2062 2061 2068
f 2069 2062 2068
f 2063 2062 2069
f 2070 2063 2069
f 2056 2063 2070
f 2071 2056 2070
f 2064 2056 2071
f 2065 2064 2071
f 2075 2065 2078
f 2066 2065 2075
f 2076 2066 2075
f 2067 2066 2076
f 2077 2067 2076
f 2072 2067 2077
f 2073 2068 2072
f 2069 2068 2073
f 2074 2069 2073
f 2070 2069 2074
f 2079 2070 2074
f 2071 2070 2079
f 2078 2071 2079
f 2065 2071 2078
f 2083 2072 2077
f 2073 2072 2083
f 2084 2073 2083
f 2074 2073 2084
f 2079 2074 2084
f 2081 2075 2080
f 2076 2075 2081
f 2082 2076 2081
f 2077 2076 2082
f 2083 2077 2082
f 2079 2084 2085
f 2078 2079 2085
f 2086 2078 2085
f 2080 2078 2086
f 2075 2078 2080
f 2057 2055 2056
f 2057 2054 2055
f 2057 2053 2054
f 2057 2052 2053
f 2057 2051 2052
f 2057 2050 2051
f 2084 2083 2085
f 2083 2082 2085
f 2082 2081 2085
f 2081 2080 2085
f 2080 2086 2085
f 2095 2087 2100
f 2088 2087 2095
f 2096 2088 2095
f 2089 2088 2096
f 2103 2089 2096
f 2090 2089 2103
f 2097 2090 2103
f 2091 2090 2097
f 2098 2091 2097
f 2092 2091 2098
f 2099 2092 2098
f 2093 2092 2099
f 2094 2093 2100
f 2087 2094 2100
f 2095 2100 2101
f 2102 2095 2101
f 2096 2095 2102
f 2103 2096 2102
f 2097 2103 2107
f 2104 2097 2107
f 2098 2097 2104
f 2105 2098 2104
f 2099 2098 2105
f 2106 2099 2105
f 2093 2099 2106
f 2100 2093 2106
f 2110 2101 2111
f 2102 2101 2110
f 2114 2102 2110
f 2103 2102 2114
f 2115 2103 2114
f 2107 2103 2115
f 2108 2104 2107
f 2105 2104 2108
f 2109 2105 2108
f 2106 2105 2109
f 2112 2106 2109
f 2100 2106 2112
f 2111 2100 2112
f 2101 2100 2111
f 2116 2107 2115
f 2108 2107 2116
f 2117 2108 2116
f 2109 2108 2117
f 2112 2109 2117
f 2114 2110 2113
f 2112 2117 2118
f 2111 2112 2118
f 2119 2111 2118
f 2113 2111 2119
f 2110 2111 2113
f 2094 2092 2093
f 2094 2091 2092
f 2094 2090 2091
f 2094 2089 2090
f 2094 2088 2089
f 2094 2087 2088
f 2117 2116 2118
f 2116 2115 2118
f 2115 2114 2118
f 2114 2113 2118
f 2113 2119 2118
f 2120 2193 2132
f 2132 2193 2184
f 2129 2184 2185
f 2214 2129 2185
f 2214 2185 2213
f 2213 2185 2121
f 2185 2184 2186
f 2187 2185 2186
f 2187 2186 2188
f 2188 2186 2130
f 2121 2185 2133
f 2133 2185 2187
f 2133 2187 2134
f 2134 2187 2188
f 2134 2188 2135
f 2135 2188 2130
f 2135 2130 2122
f 2186 2184 2189
f 2130 2186 2189
f 2190 2130 2189
f 2190 2189 2191
f 2191 2189 2131
f 2122 2130 2136
f 2136 2130 2190
f 2136 2190 2137
f 2137 2190 2191
f 2137 2191 2138
f 2138 2191 2131
f 2138 2131 2123
f 2192 2131 2189
f 2192 2189 2193
f 2193 2189 2184
f 2123 2131 2139
f 2139 2131 2192
f 2139 2192 2140
f 2140 2192 2193
f 2140 2193 2141
f 2141 2193 2120
f 2157 2120 2142
f 2158 2157 2194
f 2194 2157 2142
f 2194 2142 2143
f 2159 2158 2195
f 2195 2158 2194
f 2195 2194 2196
f 2196 2194 2143
f 2196 2143 2144
f 2128 2159 2179
f 2179 2159 2195
f 2179 2195 2180
f 2180 2195 2196
f 2180 2196 2181
f 2181 2196 2144
f 2181 2144 2124
f 2160 2129 2145
f 2161 2160 2197
f 2197 2160 2145
f 2197 2145 2146
f 2162 2161 2198
f 2198 2161 2197
f 2198 2197 2199
f 2199 2197 2146
f 2199 2146 2147
f 2124 2162 2172
f 2172 2162 2198
f 2172 2198 2173
f 2173 2198 2199
f 2173 2199 2174
f 2174 2199 2147
f 2174 2147 2125
f 2163 2121 2148
f 2164 2163 2200
f 2200 2163 2148
f 2200 2148 2149
f 2165 2164 2201
f 2201 2164 2200
f 2201 2200 2202
f 2202 2200 2149
f 2202 2149 2150
f 2125 2165 2175
f 2175 2165 2201
f 2175 2201 2176
f 2176 2201 2202
f 2176 2202 2177
f 2177 2202 2150
f 2177 2150 2126
f 2166 2122 2151
f 2167 2166 2203
f 2203 2166 2151
f 2203 2151 2152
f 2168 2167 2204
f 2204 2167 2203
f 2204 2203 2205
f 2205 2203 2152
f 2205 2152 2153
f 2126 2168 2178
f 2178 2168 2204
f 2178 2204 2205
f 2205 2153 2127
f 2169 2123 2154
f 2170 2169 2206
f 2206 2169 2154
f 2206 2154 2155
f 2171 2170 2207
f 2207 2170 2206
f 2207 2206 2208
f 2208 2206 2155
f 2208 2155 2156
f 2127 2171 2207
f 2208 2156 2128
f 2162 2124 2144
f 2161 2162 2209
f 2209 2162 2144
f 2209 2144 2143
f 2160 2161 2210
f 2210 2161 2209
f 2210 2209 2211
f 2211 2209 2143
f 2211 2143 2142
f 2129 2160 2184
f 2184 2160 2210
f 2184 2210 2132
f 2132 2210 2211
f 2132 2211 2142
f 2132 2142 2120
f 2165 2125 2147
f 2164 2165 2212
f 2212 2165 2147
f 2212 2147 2146
f 2163 2164 2213
f 2213 2164 2212
f 2213 2212 2214
f 2214 2212 2146
f 2214 2146 2145
f 2121 2163 2213
f 2129 2214 2145
f 2168 2126 2150
f 2167 2168 2215
f 2215 2168 2150
f 2215 2150 2149
f 2166 2167 2216
f 2216 2167 2215
f 2216 2215 2217
f 2217 2215 2149
f 2217 2149 2148
f 2122 2166 2135
f 2135 2166 2216
f 2135 2216 2134
f 2134 2216 2217
f 2134 2217 2133
f 2133 2217 2148
f 2133 2148 2121
f 2171 2127 2153
f 2170 2171 2218
f 2218 2171 2153
f 2218 2153 2152
f 2169 2170 2219
f 2219 2170 2218
f 2219 2218 2220
f 2220 2218 2152
f 2220 2152 2151
f 2123 2169 2138
f 2138 2169 2219
f 2138 2219 2137
f 2137 2219 2220
f 2137 2220 2136
f 2136 2220 2151
f 2136 2151 2122
f 2159 2128 2156
f 2158 2159 2221
f 2221 2159 2156
f 2221 2156 2155
f 2157 2158 2222
f 2222 2158 2221
f 2222 2221 2223
f 2223 2221 2155
f 2223 2155 2154
f 2120 2157 2141
f 2141 2157 2222
f 2141 2222 2140
f 2140 2222 2223
f 2140 2223 2139
f 2139 2223 2154
f 2139 2154 2123
f 2225 2183 2224
f 2225 2224 2226
f 2226 2224 2182
f 2125 2183 2174
f 2174 2183 2225
f 2174 2225 2173
f 2173 2225 2226
f 2173 2226 2172
f 2172 2226 2182
f 2172 2182 2124
f 2227 2224 2183
f 2228 2227 2229
f 2229 2227 2183
f 2126 2228 2177
f 2177 2228 2176
f 2176 2228 2229
f 2176 2229 2175
f 2175 2229 2183
f 2175 2183 2125
f 2230 2224 2227
f 2178 2230 2227
f 2178 2227 2228
f 2127 2230 2205
f 2205 2230 2178
f 2178 2228 2126
f 2232 2224 2230
f 2231 2232 2230
f 2128 2231 2208
f 2208 2231 2207
f 2207 2231 2127
f 2127 2231 2230
f 2182 2224 2232
f 2233 2182 2232
f 2233 2232 2234
f 2234 2232 2231
f 2124 2182 2181
f 2181 2182 2233
f 2181 2233 2180
f 2180 2233 2234
f 2180 2234 2179
f 2179 2234 2231
f 2179 2231 2128
f 2243 2235 2249
f 2236 2235 2243
f 2244 2236 2243
f 2237 2236 2244
f 2245 2237 2244
f 2238 2237 2245
f 2246 2238 2245
f 2239 2238 2246
f 2247 2239 2246
f 2240 2239 2247
f 2248 2240 2247
f 2241 2240 2248
f 2242 2241 2249
f 2235 2242 2249
f 2243 2249 2250
f 2251 2243 2250
f 2244 2243 2251
f 2252 2244 2251
f 2245 2244 2252
f 2257 2245 2252
f 2246 2245 2257
f 2253 2246 2257
f 2247 2246 2253
f 2254 2247 2253
f 2248 2247 2254
f 2255 2248 2254
f 2241 2248 2255
f 2256 2241 2255
f 2249 2241 2256
f 2250 2249 2256
f 2260 2250 2261
f 2251 2250 2260
f 2264 2251 2260
f 2252 2251 2264
f 2265 2252 2264
f 2257 2252 2265
f 2258 2253 2257
f 2254 2253 2258
f 2259 2254 2258
f 2255 2254 2259
f 2262 2255 2259
f 2256 2255 2262
f 2261 2256 2262
f 2250 2256 2261
f 2266 2257 2265
f 2258 2257 2266
f 2267 2258 2266
f 2259 2258 2267
f 2262 2259 2267
f 2264 2260 2263
f 2262 2267 2268
f 2261 2262 2268
f 2269 2261 2268
f 2263 2261 2269
f 2260 2261 2263
f 2242 2240 2241
f 2242 2239 2240
f 2242 2238 2239
f 2242 2237 2238
f 2242 2236 2237
f 2242 2235 2236
f 2267 2266 2268
f 2266 2265 2268
f 2265 2264 2268
f 2264 2263 2268
f 2263 2269 2268
f 2271 2270 2277
f 2278 2272 2271
f 2273 2272 2278
f 2279 2273 2278
f 2274 2273 2279
f 2280 2274 2279
f 2275 2274 2280
f 2281 2275 2280
f 2276 2275 2281
f 2277 2276 2281
f 2270 2276 2277
f 2283 2277 2282
f 2271 2277 2283
f 2284 2271 2283
f 2278 2271 2284
f 2279 2278 2285
f 2286 2279 2285
f 2280 2279 2286
f 2287 2280 2286
f 2281 2280 2287
f 2294 2281 2287
f 2282 2281 2294
f 2277 2281 2282
f 2289 2282 2288
f 2283 2282 2289
f 2290 2283 2289
f 2284 2283 2290
f 2291 2284 2290
f 2278 2284 2291
f 2285 2278 2291
f 2292 2285 2291
f 2286 2285 2292
f 2293 2286 2292
f 2287 2286 2293
f 2294 2287 2293
f 2282 2294 2288
f 2296 2288 2295
f 2289 2288 2296
f 2297 2289 2296
f 2290 2289 2297
f 2298 2290 2297
f 2291 2290 2298
f 2299 2291 2298
f 2292 2291 2299
f 2300 2292 2299
f 2293 2292 2300
f 2301 2293 2300
f 2294 2293 2301
f 2295 2294 2301
f 2288 2294 2295
f 2303 2295 2302
f 2296 2295 2303
f 2304 2296 2303
f 2297 2296 2304
f 2305 2297 2304
f 2298 2297 2305
f 2306 2298 2305
f 2299 2298 2306
f 2307 2299 2306
f 2300 2299 2307
f 2308 2300 2307
f 2309 2300 2308
f 2301 2300 2309
f 2302 2301 2309
f 2295 2301 2302
f 2303 2302 2310
f 2304 2303 2310
f 2305 2304 2310
f 2306 2305 2310
f 2307 2306 2310
f 2308 2307 2310
f 2309 2308 2310
f 2302 2309 2310
f 2275 2273 2274
f 2275 2272 2273
f 2275 2271 2272
f 2275 2270 2271
f 2275 2276 2270
f 2321 2311 2323
f 2322 2321 2380
f 2380 2321 2323
f 2380 2323 2324
f 2312 2322 2381
f 2381 2322 2380
f 2381 2380 2382
f 2382 2380 2324
f 2382 2324 2325
f 2332 2312 2381
f 2332 2381 2333
f 2333 2381 2382
f 2333 2382 2334
f 2334 2382 2325
f 2334 2325 2313
f 2323 2311 2326
f 2324 2323 2383
f 2383 2323 2326
f 2383 2326 2327
f 2325 2324 2384
f 2384 2324 2383
f 2384 2383 2385
f 2385 2383 2327
f 2385 2327 2328
f 2313 2325 2335
f 2335 2325 2384
f 2335 2384 2336
f 2336 2384 2385
f 2336 2385 2337
f 2337 2385 2328
f 2337 2328 2314
f 2326 2311 2329
f 2327 2326 2386
f 2386 2326 2329
f 2386 2329 2330
f 2328 2327 2387
f 2387 2327 2386
f 2387 2386 2388
f 2388 2386 2330
f 2388 2330 2331
f 2314 2328 2338
f 2338 2328 2387
f 2338 2387 2339
f 2339 2387 2388
f 2339 2388 2340
f 2340 2388 2331
f 2340 2331 2315
f 2329 2311 2389
f 2330 2329 2389
f 2331 2330 2390
f 2390 2330 2389
f 2390 2389 2391
f 2315 2331 2341
f 2341 2331 2390
f 2341 2390 2391
f 2341 2391 2342
f 2389 2311 2321
f 2392 2389 2321
f 2392 2321 2322
f 2391 2389 2392
f 2393 2392 2322
f 2393 2322 2312
f 2342 2391 2417
f 2417 2391 2392
f 2417 2392 2393
f 2351 2312 2394
f 2394 2312 2343
f 2394 2343 2344
f 2319 2351 2395
f 2395 2351 2394
f 2395 2394 2396
f 2396 2394 2344
f 2396 2344 2345
f 2365 2319 2395
f 2365 2395 2366
f 2366 2395 2396
f 2366 2396 2367
f 2367 2396 2345
f 2367 2345 2316
f 2352 2313 2409
f 2354 2353 2397
f 2397 2353 2352
f 2397 2352 2398
f 2398 2352 2409
f 2316 2354 2359
f 2359 2354 2397
f 2359 2397 2398
f 2399 2314 2346
f 2408 2399 2400
f 2400 2399 2346
f 2400 2346 2317
f 2398 2408 2371
f 2371 2408 2400
f 2371 2400 2421
f 2421 2400 2317
f 2355 2315 2347
f 2356 2355 2401
f 2401 2355 2347
f 2401 2347 2348
f 2357 2356 2402
f 2402 2356 2401
f 2402 2401 2403
f 2403 2401 2348
f 2403 2348 2349
f 2317 2357 2360
f 2360 2357 2402
f 2360 2402 2361
f 2361 2402 2403
f 2361 2403 2362
f 2362 2403 2349
f 2362 2349 2318
f 2318 2358 2363
f 2363 2358 2404
f 2363 2404 2364
f 2364 2404 2350
f 2364 2350 2319
f 2354 2316 2345
f 2353 2354 2405
f 2405 2354 2345
f 2405 2345 2344
f 2352 2353 2406
f 2406 2353 2405
f 2406 2405 2407
f 2407 2405 2344
f 2407 2344 2343
f 2313 2352 2334
f 2334 2352 2406
f 2334 2406 2333
f 2333 2406 2407
f 2333 2407 2332
f 2332 2407 2343
f 2332 2343 2312
f 2408 2398 2409
f 2314 2399 2337
f 2337 2399 2408
f 2337 2408 2409
f 2336 2337 2409
f 2336 2409 2335
f 2335 2409 2313
f 2356 2357 2410
f 2410 2357 2317
f 2410 2317 2346
f 2355 2356 2411
f 2411 2356 2410
f 2411 2410 2412
f 2412 2410 2346
f 2412 2346 2314
f 2315 2355 2340
f 2340 2355 2411
f 2340 2411 2339
f 2339 2411 2412
f 2339 2412 2338
f 2338 2412 2314
f 2358 2318 2349
f 2413 2358 2349
f 2413 2349 2348
f 2404 2358 2414
f 2414 2358 2413
f 2414 2413 2415
f 2415 2413 2348
f 2415 2348 2347
f 2342 2404 2414
f 2342 2414 2341
f 2341 2414 2415
f 2341 2415 2347
f 2341 2347 2315
f 2351 2319 2350
f 2312 2351 2416
f 2416 2351 2350
f 2416 2350 2417
f 2417 2350 2404
f 2393 2312 2416
f 2393 2416 2417
f 2417 2404 2342
f 2418 2320 2368
f 2418 2368 2369
f 2371 2418 2419
f 2419 2418 2369
f 2419 2369 2370
f 2398 2371 2359
f 2359 2371 2419
f 2359 2419 2370
f 2359 2370 2316
f 2372 2320 2418
f 2373 2372 2420
f 2420 2372 2418
f 2317 2373 2421
f 2421 2373 2420
f 2421 2420 2371
f 2371 2420 2418
f 2374 2320 2372
f 2375 2374 2422
f 2422 2374 2372
f 2422 2372 2373
f 2376 2375 2423
f 2423 2375 2422
f 2423 2422 2424
f 2424 2422 2373
f 2424 2373 2317
f 2318 2376 2362
f 2362 2376 2423
f 2362 2423 2361
f 2361 2423 2424
f 2361 2424 2360
f 2360 2424 2317
f 2377 2320 2374
f 2378 2377 2425
f 2425 2377 2374
f 2425 2374 2375
f 2379 2378 2426
f 2426 2378 2425
f 2426 2425 2427
f 2427 2425 2375
f 2427 2375 2376
f 2319 2379 2364
f 2364 2379 2426
f 2364 2426 2363
f 2363 2426 2427
f 2363 2427 2318
f 2318 2427 2376
f 2368 2320 2377
f 2369 2368 2428
f 2428 2368 2377
f 2428 2377 2378
f 2370 2369 2429
f 2429 2369 2428
f 2429 2428 2430
f 2430 2428 2378
f 2430 2378 2379
f 2316 2370 2367
f 2367 2370 2429
f 2367 2429 2366
f 2366 2429 2430
f 2366 2430 2365
f 2365 2430 2379
f 2365 2379 2319
f 2439 2431 2450
f 2432 2431 2439
f 2440 2432 2439
f 2433 2432 2440
f 2441 2433 2440
f 2434 2433 2441
f 2442 2434 2441
f 2435 2434 2442
f 2443 2435 2442
f 2436 2435 2443
f 2444 2436 2443
f 2437 2436 2444
f 2438 2437 2450
f 2431 2438 2450
f 2440 2439 2445
f 2446 2440 2445
f 2441 2440 2446
f 2451 2441 2446
f 2442 2441 2451
f 2447 2442 2451
f 2443 2442 2447
f 2448 2443 2447
f 2444 2443 2448
f 2449 2444 2448
f 2437 2444 2449
f 2450 2437 2449
f 2454 2439 2457
f 2445 2439 2454
f 2455 2445 2454
f 2446 2445 2455
f 2456 2446 2455
f 2451 2446 2456
f 2452 2447 2451
f 2448 2447 2452
f 2453 2448 2452
f 2449 2448 2453
f 2458 2449 2453
f 2450 2449 2458
f 2457 2450 2458
f 2439 2450 2457
f 2462 2451 2456
f 2452 2451 2462
f 2463 2452 2462
f 2453 2452 2463
f 2458 2453 2463
f 2460 2454 2459
f 2455 2454 2460
f 2461 2455 2460
f 2456 2455 2461
f 2462 2456 2461
f 2458 2463 2464
f 2457 2458 2464
f 2465 2457 2464
f 2459 2457 2465
f 2454 2457 2459
f 2438 2436 2437
f 2438 2435 2436
f 2438 2434 2435
f 2438 2433 2434
f 2438 2432 2433
f 2438 2431 2432
f 2463 2462 2464
f 2462 2461 2464
f 2461 2460 2464
f 2460 2459 2464
f 2459 2465 2464
f 2474 2466 2481
f 2467 2466 2474
f 2475 2467 2474
f 2468 2467 2475
f 2476 2468 2475
f 2469 2468 2476
f 2477 2469 2476
f 2470 2469 2477
f 2478 2470 2477
f 2471 2470 2478
f 2479 2471 2478
f 2472 2471 2479
f 2480 2472 2479
f 2473 2472 2480
f 2481 2473 2480
f 2466 2473 2481
f 2474 2481 2482
f 2483 2474 2482
f 2475 2474 2483
f 2484 2475 2483
f 2476 2475 2484
f 2485 2476 2484
f 2477 2476 2485
f 2492 2477 2485
f 2478 2477 2492
f 2486 2478 2492
f 2479 2478 2486
f 2487 2479 2486
f 2480 2479 2487
f 2488 2480 2487
f 2481 2480 2488
f 2482 2481 2488
f 2489 2482 2495
f 2483 2482 2489
f 2490 2483 2489
f 2484 2483 2490
f 2491 2484 2490
f 2485 2484 2491
f 2492 2485 2491
f 2493 2486 2492
f 2487 2486 2493
f 2494 2487 2493
f 2488 2487 2494
f 2495 2488 2494
f 2482 2488 2495
f 2489 2495 2497
f 2501 2489 2497
f 2490 2489 2501
f 2498 2490 2501
f 2491 2490 2498
f 2496 2491 2498
f 2492 2491 2496
f 2504 2492 2496
f 2493 2492 2504
f 2505 2493 2504
f 2494 2493 2505
f 2499 2494 2505
f 2495 2494 2499
f 2497 2495 2499
f 2501 2497 2500
f 2498 2501 2502
f 2503 2498 2502
f 2496 2498 2503
f 2504 2496 2503
f 2499 2505 2506
f 2500 2499 2506
f 2497 2499 2500
f 2473 2471 2472
f 2473 2470 2471
f 2473 2469 2470
f 2473 2468 2469
f 2473 2467 2468
f 2473 2466 2467
f 2504 2503 2505
f 2503 2502 2505
f 2502 2501 2505
f 2501 2500 2505
f 2500 2506 2505
f 2515 2507 2522
f 2508 2507 2515
f 2516 2508 2515
f 2509 2508 2516
f 2517 2509 2516
f 2510 2509 2517
f 2518 2510 2517
f 2511 2510 2518
f 2519 2511 2518
f 2512 2511 2519
f 2520 2512 2519
f 2513 2512 2520
f 2521 2513 2520
f 2514 2513 2521
f 2522 2514 2521
f 2507 2514 2522
f 2515 2522 2523
f 2524 2515 2523
f 2516 2515 2524
f 2525 2516 2524
f 2517 2516 2525
f 2526 2517 2525
f 2518 2517 2526
f 2533 2518 2526
f 2519 2518 2533
f 2527 2519 2533
f 2520 2519 2527
f 2528 2520 2527
f 2521 2520 2528
f 2529 2521 2528
f 2522 2521 2529
f 2523 2522 2529
f 2530 2523 2536
f 2524 2523 2530
f 2531 2524 2530
f 2525 2524 2531
f 2532 2525 2531
f 2526 2525 2532
f 2533 2526 2532
f 2534 2527 2533
f 2528 2527 2534
f 2535 2528 2534
f 2529 2528 2535
f 2536 2529 2535
f 2523 2529 2536
f 2530 2536 2538
f 2542 2530 2538
f 2531 2530 2542
f 2539 2531 2542
f 2532 2531 2539
f 2537 2532 2539
f 2533 2532 2537
f 2545 2533 2537
f 2534 2533 2545
f 2546 2534 2545
f 2535 2534 2546
f 2540 2535 2546
f 2536 2535 2540
f 2538 2536 2540
f 2542 2538 2541
f 2539 2542 2543
f 2544 2539 2543
f 2537 2539 2544
f 2545 2537 2544
f 2540 2546 2547
f 2541 2540 2547
f 2538 2540 2541
f 2514 2512 2513
f 2514 2511 2512
f 2514 2510 2511
f 2514 2509 2510
f 2514 2508 2509
f 2514 2507 2508
f 2545 2544 2546
f 2544 2543 2546
f 2543 2542 2546
f 2542 2541 2546
f 2541 2547 2546
f 2556 2548 2563
f 2549 2548 2556
f 2557 2549 2556
f 2550 2549 2557
f 2558 2550 2557
f 2551 2550 2558
f 2559 2551 2558
f 2552 2551 2559
f 2560 2552 2559
f 2553 2552 2560
f 2561 2553 2560
f 2554 2553 2561
f 2562 2554 2561
f 2555 2554 2562
f 2563 2555 2562
f 2548 2555 2563
f 2556 2563 2564
f 2565 2556 2564
f 2557 2556 2565
f 2566 2557 2565
f 2558 2557 2566
f 2567 2558 2566
f 2559 2558 2567
f 2574 2559 2567
f 2560 2559 2574
f 2568 2560 2574
f 2561 2560 2568
f 2569 2561 2568
f 2562 2561 2569
f 2570 2562 2569
f 2563 2562 2570
f 2564 2563 2570
f 2571 2564 2577
f 2565 2564 2571
f 2572 2565 2571
f 2566 2565 2572
f 2573 2566 2572
f 2567 2566 2573
f 2574 2567 2573
f 2575 2568 2574
f 2569 2568 2575
f 2576 2569 2575
f 2570 2569 2576
f 2577 2570 2576
f 2564 2570 2577
f 2571 2577 2579
f 2583 2571 2579
f 2572 2571 2583
f 2580 2572 2583
f 2573 2572 2580
f 2578 2573 2580
f 2574 2573 2578
f 2586 2574 2578
f 2575 2574 2586
f 2587 2575 2586
f 2576 2575 2587
f 2581 2576 2587
f 2577 2576 2581
f 2579 2577 2581
f 2583 2579 2582
f 2580 2583 2584
f 2585 2580 2584
f 2578 2580 2585
f 2586 2578 2585
f 2581 2587 2588
f 2582 2581 2588
f 2579 2581 2582
f 2555 2553 2554
f 2555 2552 2553
f 2555 2551 2552
f 2555 2550 2551
f 2555 2549 2550
f 2555 2548 2549
f 2586 2585 2587
f 2585 2584 2587
f 2584 2583 2587
f 2583 2582 2587
f 2582 2588 2587
f 2597 2589 2604
f 2590 2589 2597
f 2598 2590 2597
f 2591 2590 2598
f 2599 2591 2598
f 2592 2591 2599
f 2600 2592 2599
f 2593 2592 2600
f 2601 2593 2600
f 2594 2593 2601
f 2602 2594 2601
f 2595 2594 2602
f 2603 2595 2602
f 2596 2595 2603
f 2604 2596 2603
f 2589 2596 2604
f 2597 2604 2605
f 2606 2597 2605
f 2598 2597 2606
f 2607 2598 2606
f 2599 2598 2607
f 2613 2599 2607
f 2600 2599 2613
f 2614 2600 2613
f 2601 2600 2614
f 2608 2601 2614
f 2602 2601 2608
f 2609 2602 2608
f 2603 2602 2609
f 2610 2603 2609
f 2604 2603 2610
f 2605 2604 2610
f 2611 2605 2617
f 2606 2605 2611
f 2612 2606 2611
f 2607 2606 2612
f 2613 2607 2612
f 2615 2608 2614
f 2609 2608 2615
f 2616 2609 2615
f 2610 2609 2616
f 2617 2610 2616
f 2605 2610 2617
f 2611 2617 2619
f 2622 2611 2619
f 2612 2611 2622
f 2623 2612 2622
f 2613 2612 2623
f 2618 2613 2623
f 2614 2613 2618
f 2625 2614 2618
f 2615 2614 2625
f 2626 2615 2625
f 2616 2615 2626
f 2620 2616 2626
f 2617 2616 2620
f 2619 2617 2620
f 2622 2619 2621
f 2618 2623 2624
f 2625 2618 2624
f 2620 2626 2627
f 2621 2620 2627
f 2619 2620 2621
f 2596 2594 2595
f 2596 2593 2594
f 2596 2592 2593
f 2596 2591 2592
f 2596 2590 2591
f 2596 2589 2590
f 2625 2624 2626
f 2624 2623 2626
f 2623 2622 2626
f 2622 2621 2626
f 2621 2627 2626
f 2628 2640 2643
f 2640 2641 2730
f 2640 2730 2643
f 2643 2730 2644
f 2641 2642 2731
f 2641 2731 2730
f 2730 2731 2732
f 2730 2732 2644
f 2644 2732 2645
f 2642 2629 2655
f 2642 2655 2731
f 2731 2655 2656
f 2731 2656 2732
f 2732 2656 2657
f 2732 2657 2645
f 2645 2657 2630
f 2628 2643 2646
f 2643 2644 2733
f 2643 2733 2646
f 2646 2733 2647
f 2644 2645 2734
f 2644 2734 2733
f 2733 2734 2735
f 2733 2735 2647
f 2647 2735 2648
f 2645 2630 2658
f 2645 2658 2734
f 2734 2658 2659
f 2734 2659 2735
f 2735 2659 2660
f 2735 2660 2648
f 2648 2660 2631
f 2628 2646 2649
f 2646 2647 2736
f 2646 2736 2649
f 2649 2736 2650
f 2647 2648 2737
f 2647 2737 2736
f 2736 2737 2738
f 2736 2738 2650
f 2650 2738 2651
f 2648 2631 2661
f 2648 2661 2737
f 2737 2661 2662
f 2737 2662 2738
f 2738 2662 2663
f 2738 2663 2651
f 2651 2663 2632
f 2628 2649 2652
f 2649 2650 2739
f 2649 2739 2652
f 2652 2739 2653
f 2650 2651 2740
f 2650 2740 2739
f 2739 2740 2741
f 2739 2741 2653
f 2653 2741 2654
f 2651 2632 2664
f 2651 2664 2740
f 2740 2664 2665
f 2740 2665 2741
f 2741 2665 2666
f 2741 2666 2654
f 2654 2666 2633
f 2628 2652 2640
f 2652 2653 2742
f 2652 2742 2640
f 2640 2742 2641
f 2653 2654 2743
f 2653 2743 2742
f 2742 2743 2744
f 2742 2744 2641
f 2641 2744 2642
f 2654 2633 2667
f 2654 2667 2743
f 2743 2667 2668
f 2743 2668 2744
f 2744 2668 2669
f 2744 2669 2642
f 2642 2669 2629
f 2629 2685 2670
f 2685 2686 2745
f 2685 2745 2670
f 2670 2745 2671
f 2686 2687 2746
f 2686 2746 2745
f 2745 2746 2747
f 2745 2747 2671
f 2671 2747 2672
f 2687 2638 2712
f 2687 2712 2746
f 2746 2712 2713
f 2746 2713 2747
f 2747 2713 2714
f 2747 2714 2672
f 2672 2714 2634
f 2630 2688 2673
f 2688 2689 2748
f 2688 2748 2673
f 2673 2748 2674
f 2689 2690 2749
f 2689 2749 2748
f 2748 2749 2750
f 2748 2750 2674
f 2674 2750 2675
f 2690 2634 2700
f 2690 2700 2749
f 2749 2700 2701
f 2749 2701 2750
f 2750 2701 2702
f 2750 2702 2675
f 2675 2702 2635
f 2631 2691 2676
f 2691 2692 2751
f 2691 2751 2676
f 2676 2751 2677
f 2692 2693 2752
f 2692 2752 2751
f 2751 2752 2753
f 2751 2753 2677
f 2677 2753 2678
f 2693 2635 2703
f 2693 2703 2752
f 2752 2703 2704
f 2752 2704 2753
f 2753 2704 2705
f 2753 2705 2678
f 2678 2705 2636
f 2632 2694 2679
f 2694 2695 2754
f 2694 2754 2679
f 2679 2754 2680
f 2695 2696 2755
f 2695 2755 2754
f 2754 2755 2756
f 2754 2756 2680
f 2680 2756 2681
f 2696 2636 2706
f 2696 2706 2755
f 2755 2706 2707
f 2755 2707 2756
f 2756 2707 2708
f 2756 2708 2681
f 2681 2708 2637
f 2633 2697 2682
f 2697 2698 2757
f 2697 2757 2682
f 2682 2757 2683
f 2698 2699 2758
f 2698 2758 2757
f 2757 2758 2759
f 2757 2759 2683
f 2683 2759 2684
f 2699 2637 2709
f 2699 2709 2758
f 2758 2709 2710
f 2758 2710 2759
f 2759 2710 2711
f 2759 2711 2684
f 2684 2711 2638
f 2634 2690 2672
f 2690 2689 2760
f 2690 2760 2672
f 2672 2760 2671
f 2689 2688 2761
f 2689 2761 2760
f 2760 2761 2762
f 2760 2762 2671
f 2671 2762 2670
f 2688 2630 2657
f 2688 2657 2761
f 2761 2657 2656
f 2761 2656 2762
f 2762 2656 2655
f 2762 2655 2670
f 2670 2655 2629
f 2635 2693 2675
f 2693 2692 2763
f 2693 2763 2675
f 2675 2763 2674
f 2692 2691 2764
f 2692 2764 2763
f 2763 2764 2765
f 2763 2765 2674
f 2674 2765 2673
f 2691 2631 2660
f 2691 2660 2764
f 2764 2660 2659
f 2764 2659 2765
f 2765 2659 2658
f 2765 2658 2673
f 2673 2658 2630
f 2636 2696 2678
f 2696 2695 2766
f 2696 2766 2678
f 2678 2766 2677
f 2695 2694 2767
f 2695 2767 2766
f 2766 2767 2768
f 2766 2768 2677
f 2677 2768 2676
f 2694 2632 2663
f 2694 2663 2767
f 2767 2663 2662
f 2767 2662 2768
f 2768 2662 2661
f 2768 2661 2676
f 2676 2661 2631
f 2637 2699 2681
f 2699 2698 2769
f 2699 2769 2681
f 2681 2769 2680
f 2698 2697 2770
f 2698 2770 2769
f 2769 2770 2771
f 2769 2771 2680
f 2680 2771 2679
f 2697 2633 2666
f 2697 2666 2770
f 2770 2666 2665
f 2770 2665 2771
f 2771 2665 2664
f 2771 2664 2679
f 2679 2664 2632
f 2638 2687 2684
f 2687 2686 2772
f 2687 2772 2684
f 2684 2772 2683
f 2686 2685 2773
f 2686 2773 2772
f 2772 2773 2774
f 2772 2774 2683
f 2683 2774 2682
f 2685 2629 2669
f 2685 2669 2773
f 2773 2669 2668
f 2773 2668 2774
f 2774 2668 2667
f 2774 2667 2682
f 2682 2667 2633
f 2639 2718 2715
f 2718 2719 2775
f 2718 2775 2715
f 2715 2775 2716
f 2719 2720 2776
f 2719 2776 2775
f 2775 2776 2777
f 2775 2777 2716
f 2716 2777 2717
f 2720 2635 2702
f 2720 2702 2776
f 2776 2702 2701
f 2776 2701 2777
f 2777 2701 2700
f 2777 2700 2717
f 2717 2700 2634
f 2639 2721 2718
f 2721 2722 2778
f 2721 2778 2718
f 2718 2778 2719
f 2722 2723 2779
f 2722 2779 2778
f 2778 2779 2780
f 2778 2780 2719
f 2719 2780 2720
f 2723 2636 2705
f 2723 2705 2779
f 2779 2705 2704
f 2779 2704 2780
f 2780 2704 2703
f 2780 2703 2720
f 2720 2703 2635
f 2639 2724 2721
f 2724 2725 2781
f 2724 2781 2721
f 2721 2781 2722
f 2725 2726 2782
f 2725 2782 2781
f 2781 2782 2783
f 2781 2783 2722
f 2722 2783 2723
f 2726 2637 2708
f 2726 2708 2782
f 2782 2708 2707
f 2782 2707 2783
f 2783 2707 2706
f 2783 2706 2723
f 2723 2706 2636
f 2639 2727 2724
f 2727 2728 2784
f 2727 2784 2724
f 2724 2784 2725
f 2728 2729 2785
f 2728 2785 2784
f 2784 2785 2786
f 2784 2786 2725
f 2725 2786 2726
f 2729 2638 2711
f 2729 2711 2785
f 2785 2711 2710
f 2785 2710 2786
f 2786 2710 2709
f 2786 2709 2726
f 2726 2709 2637
f 2639 2715 2727
f 2715 2716 2787
f 2715 2787 2727
f 2727 2787 2728
f 2716 2717 2788
f 2716 2788 2787
f 2787 2788 2789
f 2787 2789 2728
f 2728 2789 2729
f 2717 2634 2714
f 2717 2714 2788
f 2788 2714 2713
f 2788 2713 2789
f 2789 2713 2712
f 2789 2712 2729
f 2729 2712 2638
f 2790 2802 2805
f 2802 2803 2892
f 2802 2892 2805
f 2805 2892 2806
f 2803 2804 2893
f 2803 2893 2892
f 2892 2893 2894
f 2892 2894 2806
f 2806 2894 2807
f 2804 2791 2817
f 2804 2817 2893
f 2893 2817 2818
f 2893 2818 2894
f 2894 2818 2819
f 2894 2819 2807
f 2807 2819 2792
f 2790 2805 2808
f 2805 2806 2895
f 2805 2895 2808
f 2808 2895 2809
f 2806 2807 2896
f 2806 2896 2895
f 2895 2896 2897
f 2895 2897 2809
f 2809 2897 2810
f 2807 2792 2820
f 2807 2820 2896
f 2896 2820 2821
f 2896 2821 2897
f 2897 2821 2822
f 2897 2822 2810
f 2810 2822 2793
f 2790 2808 2811
f 2808 2809 2898
f 2808 2898 2811
f 2811 2898 2812
f 2809 2810 2899
f 2809 2899 2898
f 2898 2899 2900
f 2898 2900 2812
f 2812 2900 2813
f 2810 2793 2823
f 2810 2823 2899
f 2899 2823 2824
f 2899 2824 2900
f 2900 2824 2825
f 2900 2825 2813
f 2813 2825 2794
f 2790 2811 2814
f 2811 2812 2901
f 2811 2901 2814
f 2814 2901 2815
f 2812 2813 2902
f 2812 2902 2901
f 2901 2902 2903
f 2901 2903 2815
f 2815 2903 2816
f 2813 2794 2826
f 2813 2826 2902
f 2902 2826 2827
f 2902 2827 2903
f 2903 2827 2828
f 2903 2828 2816
f 2816 2828 2795
f 2790 2814 2802
f 2814 2815 2904
f 2814 2904 2802
f 2802 2904 2803
f 2815 2816 2905
f 2815 2905 2904
f 2904 2905 2906
f 2904 2906 2803
f 2803 2906 2804
f 2816 2795 2829
f 2816 2829 2905
f 2905 2829 2830
f 2905 2830 2906
f 2906 2830 2831
f 2906 2831 2804
f 2804 2831 2791
f 2791 2847 2832
f 2847 2848 2907
f 2847 2907 2832
f 2832 2907 2833
f 2848 2849 2908
f 2848 2908 2907
f 2907 2908 2909
f 2907 2909 2833
f 2833 2909 2834
f 2849 2800 2874
f 2849 2874 2908
f 2908 2874 2875
f 2908 2875 2909
f 2909 2875 2876
f 2909 2876 2834
f 2834 2876 2796
f 2792 2850 2835
f 2850 2851 2910
f 2850 2910 2835
f 2835 2910 2836
f 2851 2852 2911
f 2851 2911 2910
f 2910 2911 2912
f 2910 2912 2836
f 2836 2912 2837
f 2852 2796 2862
f 2852 2862 2911
f 2911 2862 2863
f 2911 2863 2912
f 2912 2863 2864
f 2912 2864 2837
f 2837 2864 2797
f 2793 2853 2838
f 2853 2854 2913
f 2853 2913 2838
f 2838 2913 2839
f 2854 2855 2914
f 2854 2914 2913
f 2913 2914 2915
f 2913 2915 2839
f 2839 2915 2840
f 2855 2797 2865
f 2855 2865 2914
f 2914 2865 2866
f 2914 2866 2915
f 2915 2866 2867
f 2915 2867 2840
f 2840 2867 2798
f 2794 2856 2841
f 2856 2857 2916
f 2856 2916 2841
f 2841 2916 2842
f 2857 2858 2917
f 2857 2917 2916
f 2916 2917 2918
f 2916 2918 2842
f 2842 2918 2843
f 2858 2798 2868
f 2858 2868 2917
f 2917 2868 2869
f 2917 2869 2918
f 2918 2869 2870
f 2918 2870 2843
f 2843 2870 2799
f 2795 2859 2844
f 2859 2860 2919
f 2859 2919 2844
f 2844 2919 2845
f 2860 2861 2920
f 2860 2920 2919
f 2919 2920 2921
f 2919 2921 2845
f 2845 2921 2846
f 2861 2799 2871
f 2861 2871 2920
f 2920 2871 2872
f 2920 2872 2921
f 2921 2872 2873
f 2921 2873 2846
f 2846 2873 2800
f 2796 2852 2834
f 2852 2851 2922
f 2852 2922 2834
f 2834 2922 2833
f 2851 2850 2923
f 2851 2923 2922
f 2922 2923 2924
f 2922 2924 2833
f 2833 2924 2832
f 2850 2792 2819
f 2850 2819 2923
f 2923 2819 2818
f 2923 2818 2924
f 2924 2818 2817
f 2924 2817 2832
f 2832 2817 2791
f 2797 2855 2837
f 2855 2854 2925
f 2855 2925 2837
f 2837 2925 2836
f 2854 2853 2926
f 2854 2926 2925
f 2925 2926 2927
f 2925 2927 2836
f 2836 2927 2835
f 2853 2793 2822
f 2853 2822 2926
f 2926 2822 2821
f 2926 2821 2927
f 2927 2821 2820
f 2927 2820 2835
f 2835 2820 2792
f 2798 2858 2840
f 2858 2857 2928
f 2858 2928 2840
f 2840 2928 2839
f 2857 2856 2929
f 2857 2929 2928
f 2928 2929 2930
f 2928 2930 2839
f 2839 2930 2838
f 2856 2794 2825
f 2856 2825 2929
f 2929 2825 2824
f 2929 2824 2930
f 2930 2824 2823
f 2930 2823 2838
f 2838 2823 2793
f 2799 2861 2843
f 2861 2860 2931
f 2861 2931 2843
f 2843 2931 2842
f 2860 2859 2932
f 2860 2932 2931
f 2931 2932 2933
f 2931 2933 2842
f 2842 2933 2841
f 2859 2795 2828
f 2859 2828 2932
f 2932 2828 2827
f 2932 2827 2933
f 2933 2827 2826
f 2933 2826 2841
f 2841 2826 2794
f 2800 2849 2846
f 2849 2848 2934
f 2849 2934 2846
f 2846 2934 2845
f 2848 2847 2935
f 2848 2935 2934
f 2934 2935 2936
f 2934 2936 2845
f 2845 2936 2844
f 2847 2791 2831
f 2847 2831 2935
f 2935 2831 2830
f 2935 2830 2936
f 2936 2830 2829
f 2936 2829 2844
f 2844 2829 2795
f 2801 2880 2877
f 2880 2881 2937
f 2880 2937 2877
f 2877 2937 2878
f 2881 2882 2938
f 2881 2938 2937
f 2937 2938 2939
f 2937 2939 2878
f 2878 2939 2879
f 2882 2797 2864
f 2882 2864 2938
f 2938 2864 2863
f 2938 2863 2939
f 2939 2863 2862
f 2939 2862 2879
f 2879 2862 2796
f 2801 2883 2880
f 2883 2884 2940
f 2883 2940 2880
f 2880 2940 2881
f 2884 2885 2941
f 2884 2941 2940
f 2940 2941 2942
f 2940 2942 2881
f 2881 2942 2882
f 2885 2798 2867
f 2885 2867 2941
f 2941 2867 2866
f 2941 2866 2942
f 2942 2866 2865
f 2942 2865 2882
f 2882 2865 2797
f 2801 2886 2883
f 2886 2887 2943
f 2886 2943 2883
f 2883 2943 2884
f 2887 2888 2944
f 2887 2944 2943
f 2943 2944 2945
f 2943 2945 2884
f 2884 2945 2885
f 2888 2799 2870
f 2888 2870 2944
f 2944 2870 2869
f 2944 2869 2945
f 2945 2869 2868
f 2945 2868 2885
f 2885 2868 2798
f 2801 2889 2886
f 2889 2890 2946
f 2889 2946 2886
f 2886 2946 2887
f 2890 2891 2947
f 2890 2947 2946
f 2946 2947 2948
f 2946 2948 2887
f 2887 2948 2888
f 2891 2800 2873
f 2891 2873 2947
f 2947 2873 2872
f 2947 2872 2948
f 2948 2872 2871
f 2948 2871 2888
f 2888 2871 2799
f 2801 2877 2889
f 2877 2878 2949
f 2877 2949 2889
f 2889 2949 2890
f 2878 2879 2950
f 2878 2950 2949
f 2949 2950 2951
f 2949 2951 2890
f 2890 2951 2891
f 2879 2796 2876
f 2879 2876 2950
f 2950 2876 2875
f 2950 2875 2951
f 2951 2875 2874
f 2951 2874 2891
f 2891 2874 2800
f 2952 2964 2967
f 2964 2965 3054
f 2964 3054 2967
f 2967 3054 2968
f 2965 2966 3055
f 2965 3055 3054
f 3054 3055 3056
f 3054 3056 2968
f 2968 3056 2969
f 2966 2953 2979
f 2966 2979 3055
f 3055 2979 2980
f 3055 2980 3056
f 3056 2980 2981
f 3056 2981 2969
f 2969 2981 2954
f 2952 2967 2970
f 2967 2968 3057
f 2967 3057 2970
f 2970 3057 2971
f 2968 2969 3058
f 2968 3058 3057
f 3057 3058 3059
f 3057 3059 2971
f 2971 3059 2972
f 2969 2954 2982
f 2969 2982 3058
f 3058 2982 2983
f 3058 2983 3059
f 3059 2983 2984
f 3059 2984 2972
f 2972 2984 2955
f 2952 2970 2973
f 2970 2971 3060
f 2970 3060 2973
f 2973 3060 2974
f 2971 2972 3061
f 2971 3061 3060
f 3060 3061 3062
f 3060 3062 2974
f 2974 3062 2975
f 2972 2955 2985
f 2972 2985 3061
f 3061 2985 2986
f 3061 2986 3062
f 3062 2986 2987
f 3062 2987 2975
f 2975 2987 2956
f 2952 2973 2976
f 2973 2974 3063
f 2973 3063 2976
f 2976 3063 2977
f 2974 2975 3064
f 2974 3064 3063
f 3063 3064 3065
f 3063 3065 2977
f 2977 3065 2978
f 2975 2956 2988
f 2975 2988 3064
f 3064 2988 2989
f 3064 2989 3065
f 3065 2989 2990
f 3065 2990 2978
f 2978 2990 2957
f 2952 2976 2964
f 2976 2977 3066
f 2976 3066 2964
f 2964 3066 2965
f 2977 2978 3067
f 2977 3067 3066
f 3066 3067 3068
f 3066 3068 2965
f 2965 3068 2966
f 2978 2957 2991
f 2978 2991 3067
f 3067 2991 2992
f 3067 2992 3068
f 3068 2992 2993
f 3068 2993 2966
f 2966 2993 2953
f 2953 3009 2994
f 3009 3010 3069
f 3009 3069 2994
f 2994 3069 2995
f 3010 3011 3070
f 3010 3070 3069
f 3069 3070 3071
f 3069 3071 2995
f 2995 3071 2996
f 3011 2962 3036
f 3011 3036 3070
f 3070 3036 3037
f 3070 3037 3071
f 3071 3037 3038
f 3071 3038 2996
f 2996 3038 2958
f 2954 3012 2997
f 3012 3013 3072
f 3012 3072 2997
f 2997 3072 2998
f 3013 3014 3073
f 3013 3073 3072
f 3072 3073 3074
f 3072 3074 2998
f 2998 3074 2999
f 3014 2958 3024
f 3014 3024 3073
f 3073 3024 3025
f 3073 3025 3074
f 3074 3025 3026
f 3074 3026 2999
f 2999 3026 2959
f 2955 3015 3000
f 3015 3016 3075
f 3015 3075 3000
f 3000 3075 3001
f 3016 3017 3076
f 3016 3076 3075
f 3075 3076 3077
f 3075 3077 3001
f 3001 3077 3002
f 3017 2959 3027
f 3017 3027 3076
f 3076 3027 3028
f 3076 3028 3077
f 3077 3028 3029
f 3077 3029 3002
f 3002 3029 2960
f 2956 3018 3003
f 3018 3019 3078
f 3018 3078 3003
f 3003 3078 3004
f 3019 3020 3079
f 3019 3079 3078
f 3078 3079 3080
f 3078 3080 3004
f 3004 3080 3005
f 3020 2960 3030
f 3020 3030 3079
f 3079 3030 3031
f 3079 3031 3080
f 3080 3031 3032
f 3080 3032 3005
f 3005 3032 2961
f 2957 3021 3006
f 3021 3022 3081
f 3021 3081 3006
f 3006 3081 3007
f 3022 3023 3082
f 3022 3082 3081
f 3081 3082 3083
f 3081 3083 3007
f 3007 3083 3008
f 3023 2961 3033
f 3023 3033 3082
f 3082 3033 3034
f 3082 3034 3083
f 3083 3034 3035
f 3083 3035 3008
f 3008 3035 2962
f 2958 3014 2996
f 3014 3013 3084
f 3014 3084 2996
f 2996 3084 2995
f 3013 3012 3085
f 3013 3085 3084
f 3084 3085 3086
f 3084 3086 2995
f 2995 3086 2994
f 3012 2954 2981
f 3012 2981 3085
f 3085 2981 2980
f 3085 2980 3086
f 3086 2980 2979
f 3086 2979 2994
f 2994 2979 2953
f 2959 3017 2999
f 3017 3016 3087
f 3017 3087 2999
f 2999 3087 2998
f 3016 3015 3088
f 3016 3088 3087
f 3087 3088 3089
f 3087 3089 2998
f 2998 3089 2997
f 3015 2955 2984
f 3015 2984 3088
f 3088 2984 2983
f 3088 2983 3089
f 3089 2983 2982
f 3089 2982 2997
f 2997 2982 2954
f 2960 3020 3002
f 3020 3019 3090
f 3020 3090 3002
f 3002 3090 3001
f 3019 3018 3091
f 3019 3091 3090
f 3090 3091 3092
f 3090 3092 3001
f 3001 3092 3000
f 3018 2956 2987
f 3018 2987 3091
f 3091 2987 2986
f 3091 2986 3092
f 3092 2986 2985
f 3092 2985 3000
f 3000 2985 2955
f 2961 3023 3005
f 3023 3022 3093
f 3023 3093 3005
f 3005 3093 3004
f 3022 3021 3094
f 3022 3094 3093
f 3093 3094 3095
f 3093 3095 3004
f 3004 3095 3003
f 3021 2957 2990
f 3021 2990 3094
f 3094 2990 2989
f 3094 2989 3095
f 3095 2989 2988
f 3095 2988 3003
f 3003 2988 2956
f 2962 3011 3008
f 3011 3010 3096
f 3011 3096 3008
f 3008 3096 3007
f 3010 3009 3097
f 3010 3097 3096
f 3096 3097 3098
f 3096 3098 3007
f 3007 3098 3006
f 3009 2953 2993
f 3009 2993 3097
f 3097 2993 2992
f 3097 2992 3098
f 3098 2992 2991
f 3098 2991 3006
f 3006 2991 2957
f 2963 3042 3039
f 3042 3043 3099
f 3042 3099 3039
f 3039 3099 3040
f 3043 3044 3100
f 3043 3100 3099
f 3099 3100 3101
f 3099 3101 3040
f 3040 3101 3041
f 3044 2959 3026
f 3044 3026 3100
f 3100 3026 3025
f 3100 3025 3101
f 3101 3025 3024
f 3101 3024 3041
f 3041 3024 2958
f 2963 3045 3042
f 3045 3046 3102
f 3045 3102 3042
f 3042 3102 3043
f 3046 3047 3103
f 3046 3103 3102
f 3102 3103 3104
f 3102 3104 3043
f 3043 3104 3044
f 3047 2960 3029
f 3047 3029 3103
f 3103 3029 3028
f 3103 3028 3104
f 3104 3028 3027
f 3104 3027 3044
f 3044 3027 2959
f 2963 3048 3045
f 3048 3049 3105
f 3048 3105 3045
f 3045 3105 3046
f 3049 3050 3106
f 3049 3106 3105
f 3105 3106 3107
f 3105 3107 3046
f 3046 3107 3047
f 3050 2961 3032
f 3050 3032 3106
f 3106 3032 3031
f 3106 3031 3107
f 3107 3031 3030
f 3107 3030 3047
f 3047 3030 2960
f 2963 3051 3048
f 3051 3052 3108
f 3051 3108 3048
f 3048 3108 3049
f 3052 3053 3109
f 3052 3109 3108
f 3108 3109 3110
f 3108 3110 3049
f 3049 3110 3050
f 3053 2962 3035
f 3053 3035 3109
f 3109 3035 3034
f 3109 3034 3110
f 3110 3034 3033
f 3110 3033 3050
f 3050 3033 2961
f 2963 3039 3051
f 3039 3040 3111
f 3039 3111 3051
f 3051 3111 3052
f 3040 3041 3112
f 3040 3112 3111
f 3111 3112 3113
f 3111 3113 3052
f 3052 3113 3053
f 3041 2958 3038
f 3041 3038 3112
f 3112 3038 3037
f 3112 3037 3113
f 3113 3037 3036
f 3113 3036 3053
f 3053 3036 2962
f 3114 3126 3129
f 3126 3127 3216
f 3126 3216 3129
f 3129 3216 3130
f 3127 3128 3217
f 3127 3217 3216
f 3216 3217 3218
f 3216 3218 3130
f 3130 3218 3131
f 3128 3115 3141
f 3128 3141 3217
f 3217 3141 3142
f 3217 3142 3218
f 3218 3142 3143
f 3218 3143 3131
f 3131 3143 3116
f 3114 3129 3132
f 3129 3130 3219
f 3129 3219 3132
f 3132 3219 3133
f 3130 3131 3220
f 3130 3220 3219
f 3219 3220 3221
f 3219 3221 3133
f 3133 3221 3134
f 3131 3116 3144
f 3131 3144 3220
f 3220 3144 3145
f 3220 3145 3221
f 3221 3145 3146
f 3221 3146 3134
f 3134 3146 3117
f 3114 3132 3135
f 3132 3133 3222
f 3132 3222 3135
f 3135 3222 3136
f 3133 3134 3223
f 3133 3223 3222
f 3222 3223 3224
f 3222 3224 3136
f 3136 3224 3137
f 3134 3117 3147
f 3134 3147 3223
f 3223 3147 3148
f 3223 3148 3224
f 3224 3148 3149
f 3224 3149 3137
f 3137 3149 3118
f 3114 3135 3138
f 3135 3136 3225
f 3135 3225 3138
f 3138 3225 3139
f 3136 3137 3226
f 3136 3226 3225
f 3225 3226 3227
f 3225 3227 3139
f 3139 3227 3140
f 3137 3118 3150
f 3137 3150 3226
f 3226 3150 3151
f 3226 3151 3227
f 3227 3151 3152
f 3227 3152 3140
f 3140 3152 3119
f 3114 3138 3126
f 3138 3139 3228
f 3138 3228 3126
f 3126 3228 3127
f 3139 3140 3229
f 3139 3229 3228
f 3228 3229 3230
f 3228 3230 3127
f 3127 3230 3128
f 3140 3119 3153
f 3140 3153 3229
f 3229 3153 3154
f 3229 3154 3230
f 3230 3154 3155
f 3230 3155 3128
f 3128 3155 3115
f 3115 3171 3156
f 3171 3172 3231
f 3171 3231 3156
f 3156 3231 3157
f 3172 3173 3232
f 3172 3232 3231
f 3231 3232 3233
f 3231 3233 3157
f 3157 3233 3158
f 3173 3124 3198
f 3173 3198 3232
f 3232 3198 3199
f 3232 3199 3233
f 3233 3199 3200
f 3233 3200 3158
f 3158 3200 3120
f 3116 3174 3159
f 3174 3175 3234
f 3174 3234 3159
f 3159 3234 3160
f 3175 3176 3235
f 3175 3235 3234
f 3234 3235 3236
f 3234 3236 3160
f 3160 3236 3161
f 3176 3120 3186
f 3176 3186 3235
f 3235 3186 3187
f 3235 3187 3236
f 3236 3187 3188
f 3236 3188 3161
f 3161 3188 3121
f 3117 3177 3162
f 3177 3178 3237
f 3177 3237 3162
f 3162 3237 3163
f 3178 3179 3238
f 3178 3238 3237
f 3237 3238 3239
f 3237 3239 3163
f 3163 3239 3164
f 3179 3121 3189
f 3179 3189 3238
f 3238 3189 3190
f 3238 3190 3239
f 3239 3190 3191
f 3239 3191 3164
f 3164 3191 3122
f 3118 3180 3165
f 3180 3181 3240
f 3180 3240 3165
f 3165 3240 3166
f 3181 3182 3241
f 3181 3241 3240
f 3240 3241 3242
f 3240 3242 3166
f 3166 3242 3167
f 3182 3122 3192
f 3182 3192 3241
f 3241 3192 3193
f 3241 3193 3242
f 3242 3193 3194
f 3242 3194 3167
f 3167 3194 3123
f 3119 3183 3168
f 3183 3184 3243
f 3183 3243 3168
f 3168 3243 3169
f 3184 3185 3244
f 3184 3244 3243
f 3243 3244 3245
f 3243 3245 3169
f 3169 3245 3170
f 3185 3123 3195
f 3185 3195 3244
f 3244 3195 3196
f 3244 3196 3245
f 3245 3196 3197
f 3245 3197 3170
f 3170 3197 3124
f 3120 3176 3158
f 3176 3175 3246
f 3176 3246 3158
f 3158 3246 3157
f 3175 3174 3247
f 3175 3247 3246
f 3246 3247 3248
f 3246 3248 3157
f 3157 3248 3156
f 3174 3116 3143
f 3174 3143 3247
f 3247 3143 3142
f 3247 3142 3248
f 3248 3142 3141
f 3248 3141 3156
f 3156 3141 3115
f 3121 3179 3161
f 3179 3178 3249
f 3179 3249 3161
f 3161 3249 3160
f 3178 3177 3250
f 3178 3250 3249
f 3249 3250 3251
f 3249 3251 3160
f 3160 3251 3159
f 3177 3117 3146
f 3177 3146 3250
f 3250 3146 3145
f 3250 3145 3251
f 3251 3145 3144
f 3251 3144 3159
f 3159 3144 3116
f 3122 3182 3164
f 3182 3181 3252
f 3182 3252 3164
f 3164 3252 3163
f 3181 3180 3253
f 3181 3253 3252
f 3252 3253 3254
f 3252 3254 3163
f 3163 3254 3162
f 3180 3118 3149
f 3180 3149 3253
f 3253 3149 3148
f 3253 3148 3254
f 3254 3148 3147
f 3254 3147 3162
f 3162 3147 3117
f 3123 3185 3167
f 3185 3184 3255
f 3185 3255 3167
f 3167 3255 3166
f 3184 3183 3256
f 3184 3256 3255
f 3255 3256 3257
f 3255 3257 3166
f 3166 3257 3165
f 3183 3119 3152
f 3183 3152 3256
f 3256 3152 3151
f 3256 3151 3257
f 3257 3151 3150
f 3257 3150 3165
f 3165 3150 3118
f 3124 3173 3170
f 3173 3172 3258
f 3173 3258 3170
f 3170 3258 3169
f 3172 3171 3259
f 3172 3259 3258
f 3258 3259 3260
f 3258 3260 3169
f 3169 3260 3168
f 3171 3115 3155
f 3171 3155 3259
f 3259 3155 3154
f 3259 3154 3260
f 3260 3154 3153
f 3260 3153 3168
f 3168 3153 3119
f 3125 3204 3201
f 3204 3205 3261
f 3204 3261 3201
f 3201 3261 3202
f 3205 3206 3262
f 3205 3262 3261
f 3261 3262 3263
f 3261 3263 3202
f 3202 3263 3203
f 3206 3121 3188
f 3206 3188 3262
f 3262 3188 3187
f 3262 3187 3263
f 3263 3187 3186
f 3263 3186 3203
f 3203 3186 3120
f 3125 3207 3204
f 3207 3208 3264
f 3207 3264 3204
f 3204 3264 3205
f 3208 3209 3265
f 3208 3265 3264
f 3264 3265 3266
f 3264 3266 3205
f 3205 3266 3206
f 3209 3122 3191
f 3209 3191 3265
f 3265 3191 3190
f 3265 3190 3266
f 3266 3190 3189
f 3266 3189 3206
f 3206 3189 3121
f 3125 3210 3207
f 3210 3211 3267
f 3210 3267 3207
f 3207 3267 3208
f 3211 3212 3268
f 3211 3268 3267
f 3267 3268 3269
f 3267 3269 3208
f 3208 3269 3209
f 3212 3123 3194
f 3212 3194 3268
f 3268 3194 3193
f 3268 3193 3269
f 3269 3193 3192
f 3269 3192 3209
f 3209 3192 3122
f 3125 3213 3210
f 3213 3214 3270
f 3213 3270 3210
f 3210 3270 3211
f 3214 3215 3271
f 3214 3271 3270
f 3270 3271 3272
f 3270 3272 3211
f 3211 3272 3212
f 3215 3124 3197
f 3215 3197 3271
f 3271 3197 3196
f 3271 3196 3272
f 3272 3196 3195
f 3272 3195 3212
f 3212 3195 3123
f 3125 3201 3213
f 3201 3202 3273
f 3201 3273 3213
f 3213 3273 3214
f 3202 3203 3274
f 3202 3274 3273
f 3273 3274 3275
f 3273 3275 3214
f 3214 3275 3215
f 3203 3120 3200
f 3203 3200 3274
f 3274 3200 3199
f 3274 3199 3275
f 3275 3199 3198
f 3275 3198 3215
f 3215 3198 3124
f 3276 3288 3291
f 3288 3289 3378
f 3288 3378 3291
f 3291 3378 3292
f 3289 3290 3379
f 3289 3379 3378
f 3378 3379 3380
f 3378 3380 3292
f 3292 3380 3293
f 3290 3277 3303
f 3290 3303 3379
f 3379 3303 3304
f 3379 3304 3380
f 3380 3304 3305
f 3380 3305 3293
f 3293 3305 3278
f 3276 3291 3294
f 3291 3292 3381
f 3291 3381 3294
f 3294 3381 3295
f 3292 3293 3382
f 3292 3382 3381
f 3381 3382 3383
f 3381 3383 3295
f 3295 3383 3296
f 3293 3278 3306
f 3293 3306 3382
f 3382 3306 3307
f 3382 3307 3383
f 3383 3307 3308
f 3383 3308 3296
f 3296 3308 3279
f 3276 3294 3297
f 3294 3295 3384
f 3294 3384 3297
f 3297 3384 3298
f 3295 3296 3385
f 3295 3385 3384
f 3384 3385 3386
f 3384 3386 3298
f 3298 3386 3299
f 3296 3279 3309
f 3296 3309 3385
f 3385 3309 3310
f 3385 3310 3386
f 3386 3310 3311
f 3386 3311 3299
f 3299 3311 3280
f 3276 3297 3300
f 3297 3298 3387
f 3297 3387 3300
f 3300 3387 3301
f 3298 3299 3388
f 3298 3388 3387
f 3387 3388 3389
f 3387 3389 3301
f 3301 3389 3302
f 3299 3280 3312
f 3299 3312 3388
f 3388 3312 3313
f 3388 3313 3389
f 3389 3313 3314
f 3389 3314 3302
f 3302 3314 3281
f 3276 3300 3288
f 3300 3301 3390
f 3300 3390 3288
f 3288 3390 3289
f 3301 3302 3391
f 3301 3391 3390
f 3390 3391 3392
f 3390 3392 3289
f 3289 3392 3290
f 3302 3281 3315
f 3302 3315 3391
f 3391 3315 3316
f 3391 3316 3392
f 3392 3316 3317
f 3392 3317 3290
f 3290 3317 3277
f 3277 3333 3318
f 3333 3334 3393
f 3333 3393 3318
f 3318 3393 3319
f 3334 3335 3394
f 3334 3394 3393
f 3393 3394 3395
f 3393 3395 3319
f 3319 3395 3320
f 3335 3286 3360
f 3335 3360 3394
f 3394 3360 3361
f 3394 3361 3395
f 3395 3361 3362
f 3395 3362 3320
f 3320 3362 3282
f 3278 3336 3321
f 3336 3337 3396
f 3336 3396 3321
f 3321 3396 3322
f 3337 3338 3397
f 3337 3397 3396
f 3396 3397 3398
f 3396 3398 3322
f 3322 3398 3323
f 3338 3282 3348
f 3338 3348 3397
f 3397 3348 3349
f 3397 3349 3398
f 3398 3349 3350
f 3398 3350 3323
f 3323 3350 3283
f 3279 3339 3324
f 3339 3340 3399
f 3339 3399 3324
f 3324 3399 3325
f 3340 3341 3400
f 3340 3400 3399
f 3399 3400 3401
f 3399 3401 3325
f 3325 3401 3326
f 3341 3283 3351
f 3341 3351 3400
f 3400 3351 3352
f 3400 3352 3401
f 3401 3352 3353
f 3401 3353 3326
f 3326 3353 3284
f 3280 3342 3327
f 3342 3343 3402
f 3342 3402 3327
f 3327 3402 3328
f 3343 3344 3403
f 3343 3403 3402
f 3402 3403 3404
f 3402 3404 3328
f 3328 3404 3329
f 3344 3284 3354
f 3344 3354 3403
f 3403 3354 3355
f 3403 3355 3404
f 3404 3355 3356
f 3404 3356 3329
f 3329 3356 3285
f 3281 3345 3330
f 3345 3346 3405
f 3345 3405 3330
f 3330 3405 3331
f 3346 3347 3406
f 3346 3406 3405
f 3405 3406 3407
f 3405 3407 3331
f 3331 3407 3332
f 3347 3285 3357
f 3347 3357 3406
f 3406 3357 3358
f 3406 3358 3407
f 3407 3358 3359
f 3407 3359 3332
f 3332 3359 3286
f 3282 3338 3320
f 3338 3337 3408
f 3338 3408 3320
f 3320 3408 3319
f 3337 3336 3409
f 3337 3409 3408
f 3408 3409 3410
f 3408 3410 3319
f 3319 3410 3318
f 3336 3278 3305
f 3336 3305 3409
f 3409 3305 3304
f 3409 3304 3410
f 3410 3304 3303
f 3410 3303 3318
f 3318 3303 3277
f 3283 3341 3323
f 3341 3340 3411
f 3341 3411 3323
f 3323 3411 3322
f 3340 3339 3412
f 3340 3412 3411
f 3411 3412 3413
f 3411 3413 3322
f 3322 3413 3321
f 3339 3279 3308
f 3339 3308 3412
f 3412 3308 3307
f 3412 3307 3413
f 3413 3307 3306
f 3413 3306 3321
f 3321 3306 3278
f 3284 3344 3326
f 3344 3343 3414
f 3344 3414 3326
f 3326 3414 3325
f 3343 3342 3415
f 3343 3415 3414
f 3414 3415 3416
f 3414 3416 3325
f 3325 3416 3324
f 3342 3280 3311
f 3342 3311 3415
f 3415 3311 3310
f 3415 3310 3416
f 3416 3310 3309
f 3416 3309 3324
f 3324 3309 3279
f 3285 3347 3329
f 3347 3346 3417
f 3347 3417 3329
f 3329 3417 3328
f 3346 3345 3418
f 3346 3418 3417
f 3417 3418 3419
f 3417 3419 3328
f 3328 3419 3327
f 3345 3281 3314
f 3345 3314 3418
f 3418 3314 3313
f 3418 3313 3419
f 3419 3313 3312
f 3419 3312 3327
f 3327 3312 3280
f 3286 3335 3332
f 3335 3334 3420
f 3335 3420 3332
f 3332 3420 3331
f 3334 3333 3421
f 3334 3421 3420
f 3420 3421 3422
f 3420 3422 3331
f 3331 3422 3330
f 3333 3277 3317
f 3333 3317 3421
f 3421 3317 3316
f 3421 3316 3422
f 3422 3316 3315
f 3422 3315 3330
f 3330 3315 3281
f 3287 3366 3363
f 3366 3367 3423
f 3366 3423 3363
f 3363 3423 3364
f 3367 3368 3424
f 3367 3424 3423
f 3423 3424 3425
f 3423 3425 3364
f 3364 3425 3365
f 3368 3283 3350
f 3368 3350 3424
f 3424 3350 3349
f 3424 3349 3425
f 3425 3349 3348
f 3425 3348 3365
f 3365 3348 3282
f 3287 3369 3366
f 3369 3370 3426
f 3369 3426 3366
f 3366 3426 3367
f 3370 3371 3427
f 3370 3427 3426
f 3426 3427 3428
f 3426 3428 3367
f 3367 3428 3368
f 3371 3284 3353
f 3371 3353 3427
f 3427 3353 3352
f 3427 3352 3428
f 3428 3352 3351
f 3428 3351 3368
f 3368 3351 3283
f 3287 3372 3369
f 3372 3373 3429
f 3372 3429 3369
f 3369 3429 3370
f 3373 3374 3430
f 3373 3430 3429
f 3429 3430 3431
f 3429 3431 3370
f 3370 3431 3371
f 3374 3285 3356
f 3374 3356 3430
f 3430 3356 3355
f 3430 3355 3431
f 3431 3355 3354
f 3431 3354 3371
f 3371 3354 3284
f 3287 3375 3372
f 3375 3376 3432
f 3375 3432 3372
f 3372 3432 3373
f 3376 3377 3433
f 3376 3433 3432
f 3432 3433 3434
f 3432 3434 3373
f 3373 3434 3374
f 3377 3286 3359
f 3377 3359 3433
f 3433 3359 3358
f 3433 3358 3434
f 3434 3358 3357
f 3434 3357 3374
f 3374 3357 3285
f 3287 3363 3375
f 3363 3364 3435
f 3363 3435 3375
f 3375 3435 3376
f 3364 3365 3436
f 3364 3436 3435
f 3435 3436 3437
f 3435 3437 3376
f 3376 3437 3377
f 3365 3282 3362
f 3365 3362 3436
f 3436 3362 3361
f 3436 3361 3437
f 3437 3361 3360
f 3437 3360 3377
f 3377 3360 3286
f 3438 3450 3453
f 3450 3451 3540
f 3450 3540 3453
f 3453 3540 3454
f 3451 3452 3541
f 3451 3541 3540
f 3540 3541 3542
f 3540 3542 3454
f 3454 3542 3455
f 3452 3439 3465
f 3452 3465 3541
f 3541 3465 3466
f 3541 3466 3542
f 3542 3466 3467
f 3542 3467 3455
f 3455 3467 3440
f 3438 3453 3456
f 3453 3454 3543
f 3453 3543 3456
f 3456 3543 3457
f 3454 3455 3544
f 3454 3544 3543
f 3543 3544 3545
f 3543 3545 3457
f 3457 3545 3458
f 3455 3440 3468
f 3455 3468 3544
f 3544 3468 3469
f 3544 3469 3545
f 3545 3469 3470
f 3545 3470 3458
f 3458 3470 3441
f 3438 3456 3459
f 3456 3457 3546
f 3456 3546 3459
f 3459 3546 3460
f 3457 3458 3547
f 3457 3547 3546
f 3546 3547 3548
f 3546 3548 3460
f 3460 3548 3461
f 3458 3441 3471
f 3458 3471 3547
f 3547 3471 3472
f 3547 3472 3548
f 3548 3472 3473
f 3548 3473 3461
f 3461 3473 3442
f 3438 3459 3462
f 3459 3460 3549
f 3459 3549 3462
f 3462 3549 3463
f 3460 3461 3550
f 3460 3550 3549
f 3549 3550 3551
f 3549 3551 3463
f 3463 3551 3464
f 3461 3442 3474
f 3461 3474 3550
f 3550 3474 3475
f 3550 3475 3551
f 3551 3475 3476
f 3551 3476 3464
f 3464 3476 3443
f 3438 3462 3450
f 3462 3463 3552
f 3462 3552 3450
f 3450 3552 3451
f 3463 3464 3553
f 3463 3553 3552
f 3552 3553 3554
f 3552 3554 3451
f 3451 3554 3452
f 3464 3443 3477
f 3464 3477 3553
f 3553 3477 3478
f 3553 3478 3554
f 3554 3478 3479
f 3554 3479 3452
f 3452 3479 3439
f 3439 3495 3480
f 3495 3496 3555
f 3495 3555 3480
f 3480 3555 3481
f 3496 3497 3556
f 3496 3556 3555
f 3555 3556 3557
f 3555 3557 3481
f 3481 3557 3482
f 3497 3448 3522
f 3497 3522 3556
f 3556 3522 3523
f 3556 3523 3557
f 3557 3523 3524
f 3557 3524 3482
f 3482 3524 3444
f 3440 3498 3483
f 3498 3499 3558
f 3498 3558 3483
f 3483 3558 3484
f 3499 3500 3559
f 3499 3559 3558
f 3558 3559 3560
f 3558 3560 3484
f 3484 3560 3485
f 3500 3444 3510
f 3500 3510 3559
f 3559 3510 3511
f 3559 3511 3560
f 3560 3511 3512
f 3560 3512 3485
f 3485 3512 3445
f 3441 3501 3486
f 3501 3502 3561
f 3501 3561 3486
f 3486 3561 3487
f 3502 3503 3562
f 3502 3562 3561
f 3561 3562 3563
f 3561 3563 3487
f 3487 3563 3488
f 3503 3445 3513
f 3503 3513 3562
f 3562 3513 3514
f 3562 3514 3563
f 3563 3514 3515
f 3563 3515 3488
f 3488 3515 3446
f 3442 3504 3489
f 3504 3505 3564
f 3504 3564 3489
f 3489 3564 3490
f 3505 3506 3565
f 3505 3565 3564
f 3564 3565 3566
f 3564 3566 3490
f 3490 3566 3491
f 3506 3446 3516
f 3506 3516 3565
f 3565 3516 3517
f 3565 3517 3566
f 3566 3517 3518
f 3566 3518 3491
f 3491 3518 3447
f 3443 3507 3492
f 3507 3508 3567
f 3507 3567 3492
f 3492 3567 3493
f 3508 3509 3568
f 3508 3568 3567
f 3567 3568 3569
f 3567 3569 3493
f 3493 3569 3494
f 3509 3447 3519
f 3509 3519 3568
f 3568 3519 3520
f 3568 3520 3569
f 3569 3520 3521
f 3569 3521 3494
f 3494 3521 3448
f 3444 3500 3482
f 3500 3499 3570
f 3500 3570 3482
f 3482 3570 3481
f 3499 3498 3571
f 3499 3571 3570
f 3570 3571 3572
f 3570 3572 3481
f 3481 3572 3480
f 3498 3440 3467
f 3498 3467 3571
f 3571 3467 3466
f 3571 3466 3572
f 3572 3466 3465
f 3572 3465 3480
f 3480 3465 3439
f 3445 3503 3485
f 3503 3502 3573
f 3503 3573 3485
f 3485 3573 3484
f 3502 3501 3574
f 3502 3574 3573
f 3573 3574 3575
f 3573 3575 3484
f 3484 3575 3483
f 3501 3441 3470
f 3501 3470 3574
f 3574 3470 3469
f 3574 3469 3575
f 3575 3469 3468
f 3575 3468 3483
f 3483 3468 3440
f 3446 3506 3488
f 3506 3505 3576
f 3506 3576 3488
f 3488 3576 3487
f 3505 3504 3577
f 3505 3577 3576
f 3576 3577 3578
f 3576 3578 3487
f 3487 3578 3486
f 3504 3442 3473
f 3504 3473 3577
f 3577 3473 3472
f 3577 3472 3578
f 3578 3472 3471
f 3578 3471 3486
f 3486 3471 3441
f 3447 3509 3491
f 3509 3508 3579
f 3509 3579 3491
f 3491 3579 3490
f 3508 3507 3580
f 3508 3580 3579
f 3579 3580 3581
f 3579 3581 3490
f 3490 3581 3489
f 3507 3443 3476
f 3507 3476 3580
f 3580 3476 3475
f 3580 3475 3581
f 3581 3475 3474
f 3581 3474 3489
f 3489 3474 3442
f 3448 3497 3494
f 3497 3496 3582
f 3497 3582 3494
f 3494 3582 3493
f 3496 3495 3583
f 3496 3583 3582
f 3582 3583 3584
f 3582 3584 3493
f 3493 3584 3492
f 3495 3439 3479
f 3495 3479 3583
f 3583 3479 3478
f 3583 3478 3584
f 3584 3478 3477
f 3584 3477 3492
f 3492 3477 3443
f 3449 3528 3525
f 3528 3529 3585
f 3528 3585 3525
f 3525 3585 3526
f 3529 3530 3586
f 3529 3586 3585
f 3585 3586 3587
f 3585 3587 3526
f 3526 3587 3527
f 3530 3445 3512
f 3530 3512 3586
f 3586 3512 3511
f 3586 3511 3587
f 3587 3511 3510
f 3587 3510 3527
f 3527 3510 3444
f 3449 3531 3528
f 3531 3532 3588
f 3531 3588 3528
f 3528 3588 3529
f 3532 3533 3589
f 3532 3589 3588
f 3588 3589 3590
f 3588 3590 3529
f 3529 3590 3530
f 3533 3446 3515
f 3533 3515 3589
f 3589 3515 3514
f 3589 3514 3590
f 3590 3514 3513
f 3590 3513 3530
f 3530 3513 3445
f 3449 3534 3531
f 3534 3535 3591
f 3534 3591 3531
f 3531 3591 3532
f 3535 3536 3592
f 3535 3592 3591
f 3591 3592 3593
f 3591 3593 3532
f 3532 3593 3533
f 3536 3447 3518
f 3536 3518 3592
f 3592 3518 3517
f 3592 3517 3593
f 3593 3517 3516
f 3593 3516 3533
f 3533 3516 3446
f 3449 3537 3534
f 3537 3538 3594
f 3537 3594 3534
f 3534 3594 3535
f 3538 3539 3595
f 3538 3595 3594
f 3594 3595 3596
f 3594 3596 3535
f 3535 3596 3536
f 3539 3448 3521
f 3539 3521 3595
f 3595 3521 3520
f 3595 3520 3596
f 3596 3520 3519
f 3596 3519 3536
f 3536 3519 3447
f 3449 3525 3537
f 3525 3526 3597
f 3525 3597 3537
f 3537 3597 3538
f 3526 3527 3598
f 3526 3598 3597
f 3597 3598 3599
f 3597 3599 3538
f 3538 3599 3539
f 3527 3444 3524
f 3527 3524 3598
f 3598 3524 3523
f 3598 3523 3599
f 3599 3523 3522
f 3599 3522 3539
f 3539 3522 3448
f 3600 3612 3615
f 3612 3613 3702
f 3612 3702 3615
f 3615 3702 3616
f 3613 3614 3703
f 3613 3703 3702
f 3702 3703 3704
f 3702 3704 3616
f 3616 3704 3617
f 3614 3601 3627
f 3614 3627 3703
f 3703 3627 3628
f 3703 3628 3704
f 3704 3628 3629
f 3704 3629 3617
f 3617 3629 3602
f 3600 3615 3618
f 3615 3616 3705
f 3615 3705 3618
f 3618 3705 3619
f 3616 3617 3706
f 3616 3706 3705
f 3705 3706 3707
f 3705 3707 3619
f 3619 3707 3620
f 3617 3602 3630
f 3617 3630 3706
f 3706 3630 3631
f 3706 3631 3707
f 3707 3631 3632
f 3707 3632 3620
f 3620 3632 3603
f 3600 3618 3621
f 3618 3619 3708
f 3618 3708 3621
f 3621 3708 3622
f 3619 3620 3709
f 3619 3709 3708
f 3708 3709 3710
f 3708 3710 3622
f 3622 3710 3623
f 3620 3603 3633
f 3620 3633 3709
f 3709 3633 3634
f 3709 3634 3710
f 3710 3634 3635
f 3710 3635 3623
f 3623 3635 3604
f 3600 3621 3624
f 3621 3622 3711
f 3621 3711 3624
f 3624 3711 3625
f 3622 3623 3712
f 3622 3712 3711
f 3711 3712 3713
f 3711 3713 3625
f 3625 3713 3626
f 3623 3604 3636
f 3623 3636 3712
f 3712 3636 3637
f 3712 3637 3713
f 3713 3637 3638
f 3713 3638 3626
f 3626 3638 3605
f 3600 3624 3612
f 3624 3625 3714
f 3624 3714 3612
f 3612 3714 3613
f 3625 3626 3715
f 3625 3715 3714
f 3714 3715 3716
f 3714 3716 3613
f 3613 3716 3614
f 3626 3605 3639
f 3626 3639 3715
f 3715 3639 3640
f 3715 3640 3716
f 3716 3640 3641
f 3716 3641 3614
f 3614 3641 3601
f 3601 3657 3642
f 3657 3658 3717
f 3657 3717 3642
f 3642 3717 3643
f 3658 3659 3718
f 3658 3718 3717
f 3717 3718 3719
f 3717 3719 3643
f 3643 3719 3644
f 3659 3610 3684
f 3659 3684 3718
f 3718 3684 3685
f 3718 3685 3719
f 3719 3685 3686
f 3719 3686 3644
f 3644 3686 3606
f 3602 3660 3645
f 3660 3661 3720
f 3660 3720 3645
f 3645 3720 3646
f 3661 3662 3721
f 3661 3721 3720
f 3720 3721 3722
f 3720 3722 3646
f 3646 3722 3647
f 3662 3606 3672
f 3662 3672 3721
f 3721 3672 3673
f 3721 3673 3722
f 3722 3673 3674
f 3722 3674 3647
f 3647 3674 3607
f 3603 3663 3648
f 3663 3664 3723
f 3663 3723 3648
f 3648 3723 3649
f 3664 3665 3724
f 3664 3724 3723
f 3723 3724 3725
f 3723 3725 3649
f 3649 3725 3650
f 3665 3607 3675
f 3665 3675 3724
f 3724 3675 3676
f 3724 3676 3725
f 3725 3676 3677
f 3725 3677 3650
f 3650 3677 3608
f 3604 3666 3651
f 3666 3667 3726
f 3666 3726 3651
f 3651 3726 3652
f 3667 3668 3727
f 3667 3727 3726
f 3726 3727 3728
f 3726 3728 3652
f 3652 3728 3653
f 3668 3608 3678
f 3668 3678 3727
f 3727 3678 3679
f 3727 3679 3728
f 3728 3679 3680
f 3728 3680 3653
f 3653 3680 3609
f 3605 3669 3654
f 3669 3670 3729
f 3669 3729 3654
f 3654 3729 3655
f 3670 3671 3730
f 3670 3730 3729
f 3729 3730 3731
f 3729 3731 3655
f 3655 3731 3656
f 3671 3609 3681
f 3671 3681 3730
f 3730 3681 3682
f 3730 3682 3731
f 3731 3682 3683
f 3731 3683 3656
f 3656 3683 3610
f 3606 3662 3644
f 3662 3661 3732
f 3662 3732 3644
f 3644 3732 3643
f 3661 3660 3733
f 3661 3733 3732
f 3732 3733 3734
f 3732 3734 3643
f 3643 3734 3642
f 3660 3602 3629
f 3660 3629 3733
f 3733 3629 3628
f 3733 3628 3734
f 3734 3628 3627
f 3734 3627 3642
f 3642 3627 3601
f 3607 3665 3647
f 3665 3664 3735
f 3665 3735 3647
f 3647 3735 3646
f 3664 3663 3736
f 3664 3736 3735
f 3735 3736 3737
f 3735 3737 3646
f 3646 3737 3645
f 3663 3603 3632
f 3663 3632 3736
f 3736 3632 3631
f 3736 3631 3737
f 3737 3631 3630
f 3737 3630 3645
f 3645 3630 3602
f 3608 3668 3650
f 3668 3667 3738
f 3668 3738 3650
f 3650 3738 3649
f 3667 3666 3739
f 3667 3739 3738
f 3738 3739 3740
f 3738 3740 3649
f 3649 3740 3648
f 3666 3604 3635
f 3666 3635 3739
f 3739 3635 3634
f 3739 3634 3740
f 3740 3634 3633
f 3740 3633 3648
f 3648 3633 3603
f 3609 3671 3653
f 3671 3670 3741
f 3671 3741 3653
f 3653 3741 3652
f 3670 3669 3742
f 3670 3742 3741
f 3741 3742 3743
f 3741 3743 3652
f 3652 3743 3651
f 3669 3605 3638
f 3669 3638 3742
f 3742 3638 3637
f 3742 3637 3743
f 3743 3637 3636
f 3743 3636 3651
f 3651 3636 3604
f 3610 3659 3656
f 3659 3658 3744
f 3659 3744 3656
f 3656 3744 3655
f 3658 3657 3745
f 3658 3745 3744
f 3744 3745 3746
f 3744 3746 3655
f 3655 3746 3654
f 3657 3601 3641
f 3657 3641 3745
f 3745 3641 3640
f 3745 3640 3746
f 3746 3640 3639
f 3746 3639 3654
f 3654 3639 3605
f 3611 3690 3687
f 3690 3691 3747
f 3690 3747 3687
f 3687 3747 3688
f 3691 3692 3748
f 3691 3748 3747
f 3747 3748 3749
f 3747 3749 3688
f 3688 3749 3689
f 3692 3607 3674
f 3692 3674 3748
f 3748 3674 3673
f 3748 3673 3749
f 3749 3673 3672
f 3749 3672 3689
f 3689 3672 3606
f 3611 3693 3690
f 3693 3694 3750
f 3693 3750 3690
f 3690 3750 3691
f 3694 3695 3751
f 3694 3751 3750
f 3750 3751 3752
f 3750 3752 3691
f 3691 3752 3692
f 3695 3608 3677
f 3695 3677 3751
f 3751 3677 3676
f 3751 3676 3752
f 3752 3676 3675
f 3752 3675 3692
f 3692 3675 3607
f 3611 3696 3693
f 3696 3697 3753
f 3696 3753 3693
f 3693 3753 3694
f 3697 3698 3754
f 3697 3754 3753
f 3753 3754 3755
f 3753 3755 3694
f 3694 3755 3695
f 3698 3609 3680
f 3698 3680 3754
f 3754 3680 3679
f 3754 3679 3755
f 3755 3679 3678
f 3755 3678 3695
f 3695 3678 3608
f 3611 3699 3696
f 3699 3700 3756
f 3699 3756 3696
f 3696 3756 3697
f 3700 3701 3757
f 3700 3757 3756
f 3756 3757 3758
f 3756 3758 3697
f 3697 3758 3698
f 3701 3610 3683
f 3701 3683 3757
f 3757 3683 3682
f 3757 3682 3758
f 3758 3682 3681
f 3758 3681 3698
f 3698 3681 3609
f 3611 3687 3699
f 3687 3688 3759
f 3687 3759 3699
f 3699 3759 3700
f 3688 3689 3760
f 3688 3760 3759
f 3759 3760 3761
f 3759 3761 3700
f 3700 3761 3701
f 3689 3606 3686
f 3689 3686 3760
f 3760 3686 3685
f 3760 3685 3761
f 3761 3685 3684
f 3761 3684 3701
f 3701 3684 3610
f 3762 3774 3777
f 3774 3775 3864
f 3774 3864 3777
f 3777 3864 3778
f 3775 3776 3865
f 3775 3865 3864
f 3864 3865 3866
f 3864 3866 3778
f 3778 3866 3779
f 3776 3763 3789
f 3776 3789 3865
f 3865 3789 3790
f 3865 3790 3866
f 3866 3790 3791
f 3866 3791 3779
f 3779 3791 3764
f 3762 3777 3780
f 3777 3778 3867
f 3777 3867 3780
f 3780 3867 3781
f 3778 3779 3868
f 3778 3868 3867
f 3867 3868 3869
f 3867 3869 3781
f 3781 3869 3782
f 3779 3764 3792
f 3779 3792 3868
f 3868 3792 3793
f 3868 3793 3869
f 3869 3793 3794
f 3869 3794 3782
f 3782 3794 3765
f 3762 3780 3783
f 3780 3781 3870
f 3780 3870 3783
f 3783 3870 3784
f 3781 3782 3871
f 3781 3871 3870
f 3870 3871 3872
f 3870 3872 3784
f 3784 3872 3785
f 3782 3765 3795
f 3782 3795 3871
f 3871 3795 3796
f 3871 3796 3872
f 3872 3796 3797
f 3872 3797 3785
f 3785 3797 3766
f 3762 3783 3786
f 3783 3784 3873
f 3783 3873 3786
f 3786 3873 3787
f 3784 3785 3874
f 3784 3874 3873
f 3873 3874 3875
f 3873 3875 3787
f 3787 3875 3788
f 3785 3766 3798
f 3785 3798 3874
f 3874 3798 3799
f 3874 3799 3875
f 3875 3799 3800
f 3875 3800 3788
f 3788 3800 3767
f 3762 3786 3774
f 3786 3787 3876
f 3786 3876 3774
f 3774 3876 3775
f 3787 3788 3877
f 3787 3877 3876
f 3876 3877 3878
f 3876 3878 3775
f 3775 3878 3776
f 3788 3767 3801
f 3788 3801 3877
f 3877 3801 3802
f 3877 3802 3878
f 3878 3802 3803
f 3878 3803 3776
f 3776 3803 3763
f 3763 3819 3804
f 3819 3820 3879
f 3819 3879 3804
f 3804 3879 3805
f 3820 3821 3880
f 3820 3880 3879
f 3879 3880 3881
f 3879 3881 3805
f 3805 3881 3806
f 3821 3772 3846
f 3821 3846 3880
f 3880 3846 3847
f 3880 3847 3881
f 3881 3847 3848
f 3881 3848 3806
f 3806 3848 3768
f 3764 3822 3807
f 3822 3823 3882
f 3822 3882 3807
f 3807 3882 3808
f 3823 3824 3883
f 3823 3883 3882
f 3882 3883 3884
f 3882 3884 3808
f 3808 3884 3809
f 3824 3768 3834
f 3824 3834 3883
f 3883 3834 3835
f 3883 3835 3884
f 3884 3835 3836
f 3884 3836 3809
f 3809 3836 3769
f 3765 3825 3810
f 3825 3826 3885
f 3825 3885 3810
f 3810 3885 3811
f 3826 3827 3886
f 3826 3886 3885
f 3885 3886 3887
f 3885 3887 3811
f 3811 3887 3812
f 3827 3769 3837
f 3827 3837 3886
f 3886 3837 3838
f 3886 3838 3887
f 3887 3838 3839
f 3887 3839 3812
f 3812 3839 3770
f 3766 3828 3813
f 3828 3829 3888
f 3828 3888 3813
f 3813 3888 3814
f 3829 3830 3889
f 3829 3889 3888
f 3888 3889 3890
f 3888 3890 3814
f 3814 3890 3815
f 3830 3770 3840
f 3830 3840 3889
f 3889 3840 3841
f 3889 3841 3890
f 3890 3841 3842
f 3890 3842 3815
f 3815 3842 3771
f 3767 3831 3816
f 3831 3832 3891
f 3831 3891 3816
f 3816 3891 3817
f 3832 3833 3892
f 3832 3892 3891
f 3891 3892 3893
f 3891 3893 3817
f 3817 3893 3818
f 3833 3771 3843
f 3833 3843 3892
f 3892 3843 3844
f 3892 3844 3893
f 3893 3844 3845
f 3893 3845 3818
f 3818 3845 3772
f 3768 3824 3806
f 3824 3823 3894
f 3824 3894 3806
f 3806 3894 3805
f 3823 3822 3895
f 3823 3895 3894
f 3894 3895 3896
f 3894 3896 3805
f 3805 3896 3804
f 3822 3764 3791
f 3822 3791 3895
f 3895 3791 3790
f 3895 3790 3896
f 3896 3790 3789
f 3896 3789 3804
f 3804 3789 3763
f 3769 3827 3809
f 3827 3826 3897
f 3827 3897 3809
f 3809 3897 3808
f 3826 3825 3898
f 3826 3898 3897
f 3897 3898 3899
f 3897 3899 3808
f 3808 3899 3807
f 3825 3765 3794
f 3825 3794 3898
f 3898 3794 3793
f 3898 3793 3899
f 3899 3793 3792
f 3899 3792 3807
f 3807 3792 3764
f 3770 3830 3812
f 3830 3829 3900
f 3830 3900 3812
f 3812 3900 3811
f 3829 3828 3901
f 3829 3901 3900
f 3900 3901 3902
f 3900 3902 3811
f 3811 3902 3810
f 3828 3766 3797
f 3828 3797 3901
f 3901 3797 3796
f 3901 3796 3902
f 3902 3796 3795
f 3902 3795 3810
f 3810 3795 3765
f 3771 3833 3815
f 3833 3832 3903
f 3833 3903 3815
f 3815 3903 3814
f 3832 3831 3904
f 3832 3904 3903
f 3903 3904 3905
f 3903 3905 3814
f 3814 3905 3813
f 3831 3767 3800
f 3831 3800 3904
f 3904 3800 3799
f 3904 3799 3905
f 3905 3799 3798
f 3905 3798 3813
f 3813 3798 3766
f 3772 3821 3818
f 3821 3820 3906
f 3821 3906 3818
f 3818 3906 3817
f 3820 3819 3907
f 3820 3907 3906
f 3906 3907 3908
f 3906 3908 3817
f 3817 3908 3816
f 3819 3763 3803
f 3819 3803 3907
f 3907 3803 3802
f 3907 3802 3908
f 3908 3802 3801
f 3908 3801 3816
f 3816 3801 3767
f 3773 3852 3849
f 3852 3853 3909
f 3852 3909 3849
f 3849 3909 3850
f 3853 3854 3910
f 3853 3910 3909
f 3909 3910 3911
f 3909 3911 3850
f 3850 3911 3851
f 3854 3769 3836
f 3854 3836 3910
f 3910 3836 3835
f 3910 3835 3911
f 3911 3835 3834
f 3911 3834 3851
f 3851 3834 3768
f 3773 3855 3852
f 3855 3856 3912
f 3855 3912 3852
f 3852 3912 3853
f 3856 3857 3913
f 3856 3913 3912
f 3912 3913 3914
f 3912 3914 3853
f 3853 3914 3854
f 3857 3770 3839
f 3857 3839 3913
f 3913 3839 3838
f 3913 3838 3914
f 3914 3838 3837
f 3914 3837 3854
f 3854 3837 3769
f 3773 3858 3855
f 3858 3859 3915
f 3858 3915 3855
f 3855 3915 3856
f 3859 3860 3916
f 3859 3916 3915
f 3915 3916 3917
f 3915 3917 3856
f 3856 3917 3857
f 3860 3771 3842
f 3860 3842 3916
f 3916 3842 3841
f 3916 3841 3917
f 3917 3841 3840
f 3917 3840 3857
f 3857 3840 3770
f 3773 3861 3858
f 3861 3862 3918
f 3861 3918 3858
f 3858 3918 3859
f 3862 3863 3919
f 3862 3919 3918
f 3918 3919 3920
f 3918 3920 3859
f 3859 3920 3860
f 3863 3772 3845
f 3863 3845 3919
f 3919 3845 3844
f 3919 3844 3920
f 3920 3844 3843
f 3920 3843 3860
f 3860 3843 3771
f 3773 3849 3861
f 3849 3850 3921
f 3849 3921 3861
f 3861 3921 3862
f 3850 3851 3922
f 3850 3922 3921
f 3921 3922 3923
f 3921 3923 3862
f 3862 3923 3863
f 3851 3768 3848
f 3851 3848 3922
f 3922 3848 3847
f 3922 3847 3923
f 3923 3847 3846
f 3923 3846 3863
f 3863 3846 3772
f 3924 3936 3939
f 3936 3937 4026
f 3936 4026 3939
f 3939 4026 3940
f 3937 3938 4027
f 3937 4027 4026
f 4026 4027 4028
f 4026 4028 3940
f 3940 4028 3941
f 3938 3925 3951
f 3938 3951 4027
f 4027 3951 3952
f 4027 3952 4028
f 4028 3952 3953
f 4028 3953 3941
f 3941 3953 3926
f 3924 3939 3942
f 3939 3940 4029
f 3939 4029 3942
f 3942 4029 3943
f 3940 3941 4030
f 3940 4030 4029
f 4029 4030 4031
f 4029 4031 3943
f 3943 4031 3944
f 3941 3926 3954
f 3941 3954 4030
f 4030 3954 3955
f 4030 3955 4031
f 4031 3955 3956
f 4031 3956 3944
f 3944 3956 3927
f 3924 3942 3945
f 3942 3943 4032
f 3942 4032 3945
f 3945 4032 3946
f 3943 3944 4033
f 3943 4033 4032
f 4032 4033 4034
f 4032 4034 3946
f 3946 4034 3947
f 3944 3927 3957
f 3944 3957 4033
f 4033 3957 3958
f 4033 3958 4034
f 4034 3958 3959
f 4034 3959 3947
f 3947 3959 3928
f 3924 3945 3948
f 3945 3946 4035
f 3945 4035 3948
f 3948 4035 3949
f 3946 3947 4036
f 3946 4036 4035
f 4035 4036 4037
f 4035 4037 3949
f 3949 4037 3950
f 3947 3928 3960
f 3947 3960 4036
f 4036 3960 3961
f 4036 3961 4037
f 4037 3961 3962
f 4037 3962 3950
f 3950 3962 3929
f 3924 3948 3936
f 3948 3949 4038
f 3948 4038 3936
f 3936 4038 3937
f 3949 3950 4039
f 3949 4039 4038
f 4038 4039 4040
f 4038 4040 3937
f 3937 4040 3938
f 3950 3929 3963
f 3950 3963 4039
f 4039 3963 3964
f 4039 3964 4040
f 4040 3964 3965
f 4040 3965 3938
f 3938 3965 3925
f 3925 3981 3966
f 3981 3982 4041
f 3981 4041 3966
f 3966 4041 3967
f 3982 3983 4042
f 3982 4042 4041
f 4041 4042 4043
f 4041 4043 3967
f 3967 4043 3968
f 3983 3934 4008
f 3983 4008 4042
f 4042 4008 4009
f 4042 4009 4043
f 4043 4009 4010
f 4043 4010 3968
f 3968 4010 3930
f 3926 3984 3969
f 3984 3985 4044
f 3984 4044 3969
f 3969 4044 3970
f 3985 3986 4045
f 3985 4045 4044
f 4044 4045 4046
f 4044 4046 3970
f 3970 4046 3971
f 3986 3930 3996
f 3986 3996 4045
f 4045 3996 3997
f 4045 3997 4046
f 4046 3997 3998
f 4046 3998 3971
f 3971 3998 3931
f 3927 3987 3972
f 3987 3988 4047
f 3987 4047 3972
f 3972 4047 3973
f 3988 3989 4048
f 3988 4048 4047
f 4047 4048 4049
f 4047 4049 3973
f 3973 4049 3974
f 3989 3931 3999
f 3989 3999 4048
f 4048 3999 4000
f 4048 4000 4049
f 4049 4000 4001
f 4049 4001 3974
f 3974 4001 3932
f 3928 3990 3975
f 3990 3991 4050
f 3990 4050 3975
f 3975 4050 3976
f 3991 3992 4051
f 3991 4051 4050
f 4050 4051 4052
f 4050 4052 3976
f 3976 4052 3977
f 3992 3932 4002
f 3992 4002 4051
f 4051 4002 4003
f 4051 4003 4052
f 4052 4003 4004
f 4052 4004 3977
f 3977 4004 3933
f 3929 3993 3978
f 3993 3994 4053
f 3993 4053 3978
f 3978 4053 3979
f 3994 3995 4054
f 3994 4054 4053
f 4053 4054 4055
f 4053 4055 3979
f 3979 4055 3980
f 3995 3933 4005
f 3995 4005 4054
f 4054 4005 4006
f 4054 4006 4055
f 4055 4006 4007
f 4055 4007 3980
f 3980 4007 3934
f 3930 3986 3968
f 3986 3985 4056
f 3986 4056 3968
f 3968 4056 3967
f 3985 3984 4057
f 3985 4057 4056
f 4056 4057 4058
f 4056 4058 3967
f 3967 4058 3966
f 3984 3926 3953
f 3984 3953 4057
f 4057 3953 3952
f 4057 3952 4058
f 4058 3952 3951
f 4058 3951 3966
f 3966 3951 3925
f 3931 3989 3971
f 3989 3988 4059
f 3989 4059 3971
f 3971 4059 3970
f 3988 3987 4060
f 3988 4060 4059
f 4059 4060 4061
f 4059 4061 3970
f 3970 4061 3969
f 3987 3927 3956
f 3987 3956 4060
f 4060 3956 3955
f 4060 3955 4061
f 4061 3955 3954
f 4061 3954 3969
f 3969 3954 3926
f 3932 3992 3974
f 3992 3991 4062
f 3992 4062 3974
f 3974 4062 3973
f 3991 3990 4063
f 3991 4063 4062
f 4062 4063 4064
f 4062 4064 3973
f 3973 4064 3972
f 3990 3928 3959
f 3990 3959 4063
f 4063 3959 3958
f 4063 3958 4064
f 4064 3958 3957
f 4064 3957 3972
f 3972 3957 3927
f 3933 3995 3977
f 3995 3994 4065
f 3995 4065 3977
f 3977 4065 3976
f 3994 3993 4066
f 3994 4066 4065
f 4065 4066 4067
f 4065 4067 3976
f 3976 4067 3975
f 3993 3929 3962
f 3993 3962 4066
f 4066 3962 3961
f 4066 3961 4067
f 4067 3961 3960
f 4067 3960 3975
f 3975 3960 3928
f 3934 3983 3980
f 3983 3982 4068
f 3983 4068 3980
f 3980 4068 3979
f 3982 3981 4069
f 3982 4069 4068
f 4068 4069 4070
f 4068 4070 3979
f 3979 4070 3978
f 3981 3925 3965
f 3981 3965 4069
f 4069 3965 3964
f 4069 3964 4070
f 4070 3964 3963
f 4070 3963 3978
f 3978 3963 3929
f 3935 4014 4011
f 4014 4015 4071
f 4014 4071 4011
f 4011 4071 4012
f 4015 4016 4072
f 4015 4072 4071
f 4071 4072 4073
f 4071 4073 4012
f 4012 4073 4013
f 4016 3931 3998
f 4016 3998 4072
f 4072 3998 3997
f 4072 3997 4073
f 4073 3997 3996
f 4073 3996 4013
f 4013 3996 3930
f 3935 4017 4014
f 4017 4018 4074
f 4017 4074 4014
f 4014 4074 4015
f 4018 4019 4075
f 4018 4075 4074
f 4074 4075 4076
f 4074 4076 4015
f 4015 4076 4016
f 4019 3932 4001
f 4019 4001 4075
f 4075 4001 4000
f 4075 4000 4076
f 4076 4000 3999
f 4076 3999 4016
f 4016 3999 3931
f 3935 4020 4017
f 4020 4021 4077
f 4020 4077 4017
f 4017 4077 4018
f 4021 4022 4078
f 4021 4078 4077
f 4077 4078 4079
f 4077 4079 4018
f 4018 4079 4019
f 4022 3933 4004
f 4022 4004 4078
f 4078 4004 4003
f 4078 4003 4079
f 4079 4003 4002
f 4079 4002 4019
f 4019 4002 3932
f 3935 4023 4020
f 4023 4024 4080
f 4023 4080 4020
f 4020 4080 4021
f 4024 4025 4081
f 4024 4081 4080
f 4080 4081 4082
f 4080 4082 4021
f 4021 4082 4022
f 4025 3934 4007
f 4025 4007 4081
f 4081 4007 4006
f 4081 4006 4082
f 4082 4006 4005
f 4082 4005 4022
f 4022 4005 3933
f 3935 4011 4023
f 4011 4012 4083
f 4011 4083 4023
f 4023 4083 4024
f 4012 4013 4084
f 4012 4084 4083
f 4083 4084 4085
f 4083 4085 4024
f 4024 4085 4025
f 4013 3930 4010
f 4013 4010 4084
f 4084 4010 4009
f 4084 4009 4085
f 4085 4009 4008
f 4085 4008 4025
f 4025 4008 3934
f 4086 4098 4101
f 4098 4099 4188
f 4098 4188 4101
f 4101 4188 4102
f 4099 4100 4189
f 4099 4189 4188
f 4188 4189 4190
f 4188 4190 4102
f 4102 4190 4103
f 4100 4087 4113
f 4100 4113 4189
f 4189 4113 4114
f 4189 4114 4190
f 4190 4114 4115
f 4190 4115 4103
f 4103 4115 4088
f 4086 4101 4104
f 4101 4102 4191
f 4101 4191 4104
f 4104 4191 4105
f 4102 4103 4192
f 4102 4192 4191
f 4191 4192 4193
f 4191 4193 4105
f 4105 4193 4106
f 4103 4088 4116
f 4103 4116 4192
f 4192 4116 4117
f 4192 4117 4193
f 4193 4117 4118
f 4193 4118 4106
f 4106 4118 4089
f 4086 4104 4107
f 4104 4105 4194
f 4104 4194 4107
f 4107 4194 4108
f 4105 4106 4195
f 4105 4195 4194
f 4194 4195 4196
f 4194 4196 4108
f 4108 4196 4109
f 4106 4089 4119
f 4106 4119 4195
f 4195 4119 4120
f 4195 4120 4196
f 4196 4120 4121
f 4196 4121 4109
f 4109 4121 4090
f 4086 4107 4110
f 4107 4108 4197
f 4107 4197 4110
f 4110 4197 4111
f 4108 4109 4198
f 4108 4198 4197
f 4197 4198 4199
f 4197 4199 4111
f 4111 4199 4112
f 4109 4090 4122
f 4109 4122 4198
f 4198 4122 4123
f 4198 4123 4199
f 4199 4123 4124
f 4199 4124 4112
f 4112 4124 4091
f 4086 4110 4098
f 4110 4111 4200
f 4110 4200 4098
f 4098 4200 4099
f 4111 4112 4201
f 4111 4201 4200
f 4200 4201 4202
f 4200 4202 4099
f 4099 4202 4100
f 4112 4091 4125
f 4112 4125 4201
f 4201 4125 4126
f 4201 4126 4202
f 4202 4126 4127
f 4202 4127 4100
f 4100 4127 4087
f 4087 4143 4128
f 4143 4144 4203
f 4143 4203 4128
f 4128 4203 4129
f 4144 4145 4204
f 4144 4204 4203
f 4203 4204 4205
f 4203 4205 4129
f 4129 4205 4130
f 4145 4096 4170
f 4145 4170 4204
f 4204 4170 4171
f 4204 4171 4205
f 4205 4171 4172
f 4205 4172 4130
f 4130 4172 4092
f 4088 4146 4131
f 4146 4147 4206
f 4146 4206 4131
f 4131 4206 4132
f 4147 4148 4207
f 4147 4207 4206
f 4206 4207 4208
f 4206 4208 4132
f 4132 4208 4133
f 4148 4092 4158
f 4148 4158 4207
f 4207 4158 4159
f 4207 4159 4208
f 4208 4159 4160
f 4208 4160 4133
f 4133 4160 4093
f 4089 4149 4134
f 4149 4150 4209
f 4149 4209 4134
f 4134 4209 4135
f 4150 4151 4210
f 4150 4210 4209
f 4209 4210 4211
f 4209 4211 4135
f 4135 4211 4136
f 4151 4093 4161
f 4151 4161 4210
f 4210 4161 4162
f 4210 4162 4211
f 4211 4162 4163
f 4211 4163 4136
f 4136 4163 4094
f 4090 4152 4137
f 4152 4153 4212
f 4152 4212 4137
f 4137 4212 4138
f 4153 4154 4213
f 4153 4213 4212
f 4212 4213 4214
f 4212 4214 4138
f 4138 4214 4139
f 4154 4094 4164
f 4154 4164 4213
f 4213 4164 4165
f 4213 4165 4214
f 4214 4165 4166
f 4214 4166 4139
f 4139 4166 4095
f 4091 4155 4140
f 4155 4156 4215
f 4155 4215 4140
f 4140 4215 4141
f 4156 4157 4216
f 4156 4216 4215
f 4215 4216 4217
f 4215 4217 4141
f 4141 4217 4142
f 4157 4095 4167
f 4157 4167 4216
f 4216 4167 4168
f 4216 4168 4217
f 4217 4168 4169
f 4217 4169 4142
f 4142 4169 4096
f 4092 4148 4130
f 4148 4147 4218
f 4148 4218 4130
f 4130 4218 4129
f 4147 4146 4219
f 4147 4219 4218
f 4218 4219 4220
f 4218 4220 4129
f 4129 4220 4128
f 4146 4088 4115
f 4146 4115 4219
f 4219 4115 4114
f 4219 4114 4220
f 4220 4114 4113
f 4220 4113 4128
f 4128 4113 4087
f 4093 4151 4133
f 4151 4150 4221
f 4151 4221 4133
f 4133 4221 4132
f 4150 4149 4222
f 4150 4222 4221
f 4221 4222 4223
f 4221 4223 4132
f 4132 4223 4131
f 4149 4089 4118
f 4149 4118 4222
f 4222 4118 4117
f 4222 4117 4223
f 4223 4117 4116
f 4223 4116 4131
f 4131 4116 4088
f 4094 4154 4136
f 4154 4153 4224
f 4154 4224 4136
f 4136 4224 4135
f 4153 4152 4225
f 4153 4225 4224
f 4224 4225 4226
f 4224 4226 4135
f 4135 4226 4134
f 4152 4090 4121
f 4152 4121 4225
f 4225 4121 4120
f 4225 4120 4226
f 4226 4120 4119
f 4226 4119 4134
f 4134 4119 4089
f 4095 4157 4139
f 4157 4156 4227
f 4157 4227 4139
f 4139 4227 4138
f 4156 4155 4228
f 4156 4228 4227
f 4227 4228 4229
f 4227 4229 4138
f 4138 4229 4137
f 4155 4091 4124
f 4155 4124 4228
f 4228 4124 4123
f 4228 4123 4229
f 4229 4123 4122
f 4229 4122 4137
f 4137 4122 4090
f 4096 4145 4142
f 4145 4144 4230
f 4145 4230 4142
f 4142 4230 4141
f 4144 4143 4231
f 4144 4231 4230
f 4230 4231 4232
f 4230 4232 4141
f 4141 4232 4140
f 4143 4087 4127
f 4143 4127 4231
f 4231 4127 4126
f 4231 4126 4232
f 4232 4126 4125
f 4232 4125 4140
f 4140 4125 4091
f 4097 4176 4173
f 4176 4177 4233
f 4176 4233 4173
f 4173 4233 4174
f 4177 4178 4234
f 4177 4234 4233
f 4233 4234 4235
f 4233 4235 4174
f 4174 4235 4175
f 4178 4093 4160
f 4178 4160 4234
f 4234 4160 4159
f 4234 4159 4235
f 4235 4159 4158
f 4235 4158 4175
f 4175 4158 4092
f 4097 4179 4176
f 4179 4180 4236
f 4179 4236 4176
f 4176 4236 4177
f 4180 4181 4237
f 4180 4237 4236
f 4236 4237 4238
f 4236 4238 4177
f 4177 4238 4178
f 4181 4094 4163
f 4181 4163 4237
f 4237 4163 4162
f 4237 4162 4238
f 4238 4162 4161
f 4238 4161 4178
f 4178 4161 4093
f 4097 4182 4179
f 4182 4183 4239
f 4182 4239 4179
f 4179 4239 4180
f 4183 4184 4240
f 4183 4240 4239
f 4239 4240 4241
f 4239 4241 4180
f 4180 4241 4181
f 4184 4095 4166
f 4184 4166 4240
f 4240 4166 4165
f 4240 4165 4241
f 4241 4165 4164
f 4241 4164 4181
f 4181 4164 4094
f 4097 4185 4182
f 4185 4186 4242
f 4185 4242 4182
f 4182 4242 4183
f 4186 4187 4243
f 4186 4243 4242
f 4242 4243 4244
f 4242 4244 4183
f 4183 4244 4184
f 4187 4096 4169
f 4187 4169 4243
f 4243 4169 4168
f 4243 4168 4244
f 4244 4168 4167
f 4244 4167 4184
f 4184 4167 4095
f 4097 4173 4185
f 4173 4174 4245
f 4173 4245 4185
f 4185 4245 4186
f 4174 4175 4246
f 4174 4246 4245
f 4245 4246 4247
f 4245 4247 4186
f 4186 4247 4187
f 4175 4092 4172
f 4175 4172 4246
f 4246 4172 4171
f 4246 4171 4247
f 4247 4171 4170
f 4247 4170 4187
f 4187 4170 4096
f 4248 4260 4263
f 4260 4261 4350
f 4260 4350 4263
f 4263 4350 4264
f 4261 4262 4351
f 4261 4351 4350
f 4350 4351 4352
f 4350 4352 4264
f 4264 4352 4265
f 4262 4249 4275
f 4262 4275 4351
f 4351 4275 4276
f 4351 4276 4352
f 4352 4276 4277
f 4352 4277 4265
f 4265 4277 4250
f 4248 4263 4266
f 4263 4264 4353
f 4263 4353 4266
f 4266 4353 4267
f 4264 4265 4354
f 4264 4354 4353
f 4353 4354 4355
f 4353 4355 4267
f 4267 4355 4268
f 4265 4250 4278
f 4265 4278 4354
f 4354 4278 4279
f 4354 4279 4355
f 4355 4279 4280
f 4355 4280 4268
f 4268 4280 4251
f 4248 4266 4269
f 4266 4267 4356
f 4266 4356 4269
f 4269 4356 4270
f 4267 4268 4357
f 4267 4357 4356
f 4356 4357 4358
f 4356 4358 4270
f 4270 4358 4271
f 4268 4251 4281
f 4268 4281 4357
f 4357 4281 4282
f 4357 4282 4358
f 4358 4282 4283
f 4358 4283 4271
f 4271 4283 4252
f 4248 4269 4272
f 4269 4270 4359
f 4269 4359 4272
f 4272 4359 4273
f 4270 4271 4360
f 4270 4360 4359
f 4359 4360 4361
f 4359 4361 4273
f 4273 4361 4274
f 4271 4252 4284
f 4271 4284 4360
f 4360 4284 4285
f 4360 4285 4361
f 4361 4285 4286
f 4361 4286 4274
f 4274 4286 4253
f 4248 4272 4260
f 4272 4273 4362
f 4272 4362 4260
f 4260 4362 4261
f 4273 4274 4363
f 4273 4363 4362
f 4362 4363 4364
f 4362 4364 4261
f 4261 4364 4262
f 4274 4253 4287
f 4274 4287 4363
f 4363 4287 4288
f 4363 4288 4364
f 4364 4288 4289
f 4364 4289 4262
f 4262 4289 4249
f 4249 4305 4290
f 4305 4306 4365
f 4305 4365 4290
f 4290 4365 4291
f 4306 4307 4366
f 4306 4366 4365
f 4365 4366 4367
f 4365 4367 4291
f 4291 4367 4292
f 4307 4258 4332
f 4307 4332 4366
f 4366 4332 4333
f 4366 4333 4367
f 4367 4333 4334
f 4367 4334 4292
f 4292 4334 4254
f 4250 4308 4293
f 4308 4309 4368
f 4308 4368 4293
f 4293 4368 4294
f 4309 4310 4369
f 4309 4369 4368
f 4368 4369 4370
f 4368 4370 4294
f 4294 4370 4295
f 4310 4254 4320
f 4310 4320 4369
f 4369 4320 4321
f 4369 4321 4370
f 4370 4321 4322
f 4370 4322 4295
f 4295 4322 4255
f 4251 4311 4296
f 4311 4312 4371
f 4311 4371 4296
f 4296 4371 4297
f 4312 4313 4372
f 4312 4372 4371
f 4371 4372 4373
f 4371 4373 4297
f 4297 4373 4298
f 4313 4255 4323
f 4313 4323 4372
f 4372 4323 4324
f 4372 4324 4373
f 4373 4324 4325
f 4373 4325 4298
f 4298 4325 4256
f 4252 4314 4299
f 4314 4315 4374
f 4314 4374 4299
f 4299 4374 4300
f 4315 4316 4375
f 4315 4375 4374
f 4374 4375 4376
f 4374 4376 4300
f 4300 4376 4301
f 4316 4256 4326
f 4316 4326 4375
f 4375 4326 4327
f 4375 4327 4376
f 4376 4327 4328
f 4376 4328 4301
f 4301 4328 4257
f 4253 4317 4302
f 4317 4318 4377
f 4317 4377 4302
f 4302 4377 4303
f 4318 4319 4378
f 4318 4378 4377
f 4377 4378 4379
f 4377 4379 4303
f 4303 4379 4304
f 4319 4257 4329
f 4319 4329 4378
f 4378 4329 4330
f 4378 4330 4379
f 4379 4330 4331
f 4379 4331 4304
f 4304 4331 4258
f 4254 4310 4292
f 4310 4309 4380
f 4310 4380 4292
f 4292 4380 4291
f 4309 4308 4381
f 4309 4381 4380
f 4380 4381 4382
f 4380 4382 4291
f 4291 4382 4290
f 4308 4250 4277
f 4308 4277 4381
f 4381 4277 4276
f 4381 4276 4382
f 4382 4276 4275
f 4382 4275 4290
f 4290 4275 4249
f 4255 4313 4295
f 4313 4312 4383
f 4313 4383 4295
f 4295 4383 4294
f 4312 4311 4384
f 4312 4384 4383
f 4383 4384 4385
f 4383 4385 4294
f 4294 4385 4293
f 4311 4251 4280
f 4311 4280 4384
f 4384 4280 4279
f 4384 4279 4385
f 4385 4279 4278
f 4385 4278 4293
f 4293 4278 4250
f 4256 4316 4298
f 4316 4315 4386
f 4316 4386 4298
f 4298 4386 4297
f 4315 4314 4387
f 4315 4387 4386
f 4386 4387 4388
f 4386 4388 4297
f 4297 4388 4296
f 4314 4252 4283
f 4314 4283 4387
f 4387 4283 4282
f 4387 4282 4388
f 4388 4282 4281
f 4388 4281 4296
f 4296 4281 4251
f 4257 4319 4301
f 4319 4318 4389
f 4319 4389 4301
f 4301 4389 4300
f 4318 4317 4390
f 4318 4390 4389
f 4389 4390 4391
f 4389 4391 4300
f 4300 4391 4299
f 4317 4253 4286
f 4317 4286 4390
f 4390 4286 4285
f 4390 4285 4391
f 4391 4285 4284
f 4391 4284 4299
f 4299 4284 4252
f 4258 4307 4304
f 4307 4306 4392
f 4307 4392 4304
f 4304 4392 4303
f 4306 4305 4393
f 4306 4393 4392
f 4392 4393 4394
f 4392 4394 4303
f 4303 4394 4302
f 4305 4249 4289
f 4305 4289 4393
f 4393 4289 4288
f 4393 4288 4394
f 4394 4288 4287
f 4394 4287 4302
f 4302 4287 4253
f 4259 4338 4335
f 4338 4339 4395
f 4338 4395 4335
f 4335 4395 4336
f 4339 4340 4396
f 4339 4396 4395
f 4395 4396 4397
f 4395 4397 4336
f 4336 4397 4337
f 4340 4255 4322
f 4340 4322 4396
f 4396 4322 4321
f 4396 4321 4397
f 4397 4321 4320
f 4397 4320 4337
f 4337 4320 4254
f 4259 4341 4338
f 4341 4342 4398
f 4341 4398 4338
f 4338 4398 4339
f 4342 4343 4399
f 4342 4399 4398
f 4398 4399 4400
f 4398 4400 4339
f 4339 4400 4340
f 4343 4256 4325
f 4343 4325 4399
f 4399 4325 4324
f 4399 4324 4400
f 4400 4324 4323
f 4400 4323 4340
f 4340 4323 4255
f 4259 4344 4341
f 4344 4345 4401
f 4344 4401 4341
f 4341 4401 4342
f 4345 4346 4402
f 4345 4402 4401
f 4401 4402 4403
f 4401 4403 4342
f 4342 4403 4343
f 4346 4257 4328
f 4346 4328 4402
f 4402 4328 4327
f 4402 4327 4403
f 4403 4327 4326
f 4403 4326 4343
f 4343 4326 4256
f 4259 4347 4344
f 4347 4348 4404
f 4347 4404 4344
f 4344 4404 4345
f 4348 4349 4405
f 4348 4405 4404
f 4404 4405 4406
f 4404 4406 4345
f 4345 4406 4346
f 4349 4258 4331
f 4349 4331 4405
f 4405 4331 4330
f 4405 4330 4406
f 4406 4330 4329
f 4406 4329 4346
f 4346 4329 4257
f 4259 4335 4347
f 4335 4336 4407
f 4335 4407 4347
f 4347 4407 4348
f 4336 4337 4408
f 4336 4408 4407
f 4407 4408 4409
f 4407 4409 4348
f 4348 4409 4349
f 4337 4254 4334
f 4337 4334 4408
f 4408 4334 4333
f 4408 4333 4409
f 4409 4333 4332
f 4409 4332 4349
f 4349 4332 4258
f 4410 4422 4425
f 4422 4423 4512
f 4422 4512 4425
f 4425 4512 4426
f 4423 4424 4513
f 4423 4513 4512
f 4512 4513 4514
f 4512 4514 4426
f 4426 4514 4427
f 4424 4411 4437
f 4424 4437 4513
f 4513 4437 4438
f 4513 4438 4514
f 4514 4438 4439
f 4514 4439 4427
f 4427 4439 4412
f 4410 4425 4428
f 4425 4426 4515
f 4425 4515 4428
f 4428 4515 4429
f 4426 4427 4516
f 4426 4516 4515
f 4515 4516 4517
f 4515 4517 4429
f 4429 4517 4430
f 4427 4412 4440
f 4427 4440 4516
f 4516 4440 4441
f 4516 4441 4517
f 4517 4441 4442
f 4517 4442 4430
f 4430 4442 4413
f 4410 4428 4431
f 4428 4429 4518
f 4428 4518 4431
f 4431 4518 4432
f 4429 4430 4519
f 4429 4519 4518
f 4518 4519 4520
f 4518 4520 4432
f 4432 4520 4433
f 4430 4413 4443
f 4430 4443 4519
f 4519 4443 4444
f 4519 4444 4520
f 4520 4444 4445
f 4520 4445 4433
f 4433 4445 4414
f 4410 4431 4434
f 4431 4432 4521
f 4431 4521 4434
f 4434 4521 4435
f 4432 4433 4522
f 4432 4522 4521
f 4521 4522 4523
f 4521 4523 4435
f 4435 4523 4436
f 4433 4414 4446
f 4433 4446 4522
f 4522 4446 4447
f 4522 4447 4523
f 4523 4447 4448
f 4523 4448 4436
f 4436 4448 4415
f 4410 4434 4422
f 4434 4435 4524
f 4434 4524 4422
f 4422 4524 4423
f 4435 4436 4525
f 4435 4525 4524
f 4524 4525 4526
f 4524 4526 4423
f 4423 4526 4424
f 4436 4415 4449
f 4436 4449 4525
f 4525 4449 4450
f 4525 4450 4526
f 4526 4450 4451
f 4526 4451 4424
f 4424 4451 4411
f 4411 4467 4452
f 4467 4468 4527
f 4467 4527 4452
f 4452 4527 4453
f 4468 4469 4528
f 4468 4528 4527
f 4527 4528 4529
f 4527 4529 4453
f 4453 4529 4454
f 4469 4420 4494
f 4469 4494 4528
f 4528 4494 4495
f 4528 4495 4529
f 4529 4495 4496
f 4529 4496 4454
f 4454 4496 4416
f 4412 4470 4455
f 4470 4471 4530
f 4470 4530 4455
f 4455 4530 4456
f 4471 4472 4531
f 4471 4531 4530
f 4530 4531 4532
f 4530 4532 4456
f 4456 4532 4457
f 4472 4416 4482
f 4472 4482 4531
f 4531 4482 4483
f 4531 4483 4532
f 4532 4483 4484
f 4532 4484 4457
f 4457 4484 4417
f 4413 4473 4458
f 4473 4474 4533
f 4473 4533 4458
f 4458 4533 4459
f 4474 4475 4534
f 4474 4534 4533
f 4533 4534 4535
f 4533 4535 4459
f 4459 4535 4460
f 4475 4417 4485
f 4475 4485 4534
f 4534 4485 4486
f 4534 4486 4535
f 4535 4486 4487
f 4535 4487 4460
f 4460 4487 4418
f 4414 4476 4461
f 4476 4477 4536
f 4476 4536 4461
f 4461 4536 4462
f 4477 4478 4537
f 4477 4537 4536
f 4536 4537 4538
f 4536 4538 4462
f 4462 4538 4463
f 4478 4418 4488
f 4478 4488 4537
f 4537 4488 4489
f 4537 4489 4538
f 4538 4489 4490
f 4538 4490 4463
f 4463 4490 4419
f 4415 4479 4464
f 4479 4480 4539
f 4479 4539 4464
f 4464 4539 4465
f 4480 4481 4540
f 4480 4540 4539
f 4539 4540 4541
f 4539 4541 4465
f 4465 4541 4466
f 4481 4419 4491
f 4481 4491 4540
f 4540 4491 4492
f 4540 4492 4541
f 4541 4492 4493
f 4541 4493 4466
f 4466 4493 4420
f 4416 4472 4454
f 4472 4471 4542
f 4472 4542 4454
f 4454 4542 4453
f 4471 4470 4543
f 4471 4543 4542
f 4542 4543 4544
f 4542 4544 4453
f 4453 4544 4452
f 4470 4412 4439
f 4470 4439 4543
f 4543 4439 4438
f 4543 4438 4544
f 4544 4438 4437
f 4544 4437 4452
f 4452 4437 4411
f 4417 4475 4457
f 4475 4474 4545
f 4475 4545 4457
f 4457 4545 4456
f 4474 4473 4546
f 4474 4546 4545
f 4545 4546 4547
f 4545 4547 4456
f 4456 4547 4455
f 4473 4413 4442
f 4473 4442 4546
f 4546 4442 4441
f 4546 4441 4547
f 4547 4441 4440
f 4547 4440 4455
f 4455 4440 4412
f 4418 4478 4460
f 4478 4477 4548
f 4478 4548 4460
f 4460 4548 4459
f 4477 4476 4549
f 4477 4549 4548
f 4548 4549 4550
f 4548 4550 4459
f 4459 4550 4458
f 4476 4414 4445
f 4476 4445 4549
f 4549 4445 4444
f 4549 4444 4550
f 4550 4444 4443
f 4550 4443 4458
f 4458 4443 4413
f 4419 4481 4463
f 4481 4480 4551
f 4481 4551 4463
f 4463 4551 4462
f 4480 4479 4552
f 4480 4552 4551
f 4551 4552 4553
f 4551 4553 4462
f 4462 4553 4461
f 4479 4415 4448
f 4479 4448 4552
f 4552 4448 4447
f 4552 4447 4553
f 4553 4447 4446
f 4553 4446 4461
f 4461 4446 4414
f 4420 4469 4466
f 4469 4468 4554
f 4469 4554 4466
f 4466 4554 4465
f 4468 4467 4555
f 4468 4555 4554
f 4554 4555 4556
f 4554 4556 4465
f 4465 4556 4464
f 4467 4411 4451
f 4467 4451 4555
f 4555 4451 4450
f 4555 4450 4556
f 4556 4450 4449
f 4556 4449 4464
f 4464 4449 4415
f 4421 4500 4497
f 4500 4501 4557
f 4500 4557 4497
f 4497 4557 4498
f 4501 4502 4558
f 4501 4558 4557
f 4557 4558 4559
f 4557 4559 4498
f 4498 4559 4499
f 4502 4417 4484
f 4502 4484 4558
f 4558 4484 4483
f 4558 4483 4559
f 4559 4483 4482
f 4559 4482 4499
f 4499 4482 4416
f 4421 4503 4500
f 4503 4504 4560
f 4503 4560 4500
f 4500 4560 4501
f 4504 4505 4561
f 4504 4561 4560
f 4560 4561 4562
f 4560 4562 4501
f 4501 4562 4502
f 4505 4418 4487
f 4505 4487 4561
f 4561 4487 4486
f 4561 4486 4562
f 4562 4486 4485
f 4562 4485 4502
f 4502 4485 4417
f 4421 4506 4503
f 4506 4507 4563
f 4506 4563 4503
f 4503 4563 4504
f 4507 4508 4564
f 4507 4564 4563
f 4563 4564 4565
f 4563 4565 4504
f 4504 4565 4505
f 4508 4419 4490
f 4508 4490 4564
f 4564 4490 4489
f 4564 4489 4565
f 4565 4489 4488
f 4565 4488 4505
f 4505 4488 4418
f 4421 4509 4506
f 4509 4510 4566
f 4509 4566 4506
f 4506 4566 4507
f 4510 4511 4567
f 4510 4567 4566
f 4566 4567 4568
f 4566 4568 4507
f 4507 4568 4508
f 4511 4420 4493
f 4511 4493 4567
f 4567 4493 4492
f 4567 4492 4568
f 4568 4492 4491
f 4568 4491 4508
f 4508 4491 4419
f 4421 4497 4509
f 4497 4498 4569
f 4497 4569 4509
f 4509 4569 4510
f 4498 4499 4570
f 4498 4570 4569
f 4569 4570 4571
f 4569 4571 4510
f 4510 4571 4511
f 4499 4416 4496
f 4499 4496 4570
f 4570 4496 4495
f 4570 4495 4571
f 4571 4495 4494
f 4571 4494 4511
f 4511 4494 4420
f 4573 4574 4593
f 4573 4593 4572
f 4574 4575 4594
f 4574 4594 4593
f 4575 4576 4595
f 4575 4595 4594
f 4576 4577 4596
f 4576 4596 4595
f 4577 4578 4597
f 4577 4597 4596
f 4578 4579 4598
f 4578 4598 4597
f 4579 4580 4599
f 4579 4599 4598
f 4580 4581 4600
f 4580 4600 4599
f 4581 4582 4601
f 4581 4601 4600
f 4582 4583 4602
f 4582 4602 4601
f 4583 4584 4603
f 4583 4603 4602
f 4584 4585 4604
f 4584 4604 4603
f 4585 4586 4605
f 4585 4605 4604
f 4586 4587 4606
f 4586 4606 4605
f 4587 4588 4607
f 4587 4607 4606
f 4588 4589 4608
f 4588 4608 4607
f 4589 4590 4609
f 4589 4609 4608
f 4590 4591 4610
f 4590 4610 4609
f 4591 4592 4611
f 4591 4611 4610
f 4572 4593 4613
f 4572 4613 4612
f 4593 4594 4614
f 4593 4614 4613
f 4594 4595 4615
f 4594 4615 4614
f 4595 4596 4616
f 4595 4616 4615
f 4596 4597 4617
f 4596 4617 4616
f 4597 4598 4618
f 4597 4618 4617
f 4598 4599 4619
f 4598 4619 4618
f 4599 4600 4620
f 4599 4620 4619
f 4600 4601 4621
f 4600 4621 4620
f 4601 4602 4622
f 4601 4622 4621
f 4602 4603 4623
f 4602 4623 4622
f 4603 4604 4624
f 4603 4624 4623
f 4604 4605 4625
f 4604 4625 4624
f 4605 4606 4626
f 4605 4626 4625
f 4606 4607 4627
f 4606 4627 4626
f 4607 4608 4628
f 4607 4628 4627
f 4608 4609 4629
f 4608 4629 4628
f 4609 4610 4630
f 4609 4630 4629
f 4610 4611 4631
f 4610 4631 4630
f 4572 4612 4632
f 4612 4613 4633
f 4612 4633 4632
f 4613 4614 4634
f 4613 4634 4633
f 4614 4615 4635
f 4614 4635 4634
f 4615 4616 4636
f 4615 4636 4635
f 4616 4617 4637
f 4616 4637 4636
f 4617 4618 4638
f 4617 4638 4637
f 4618 4619 4639
f 4618 4639 4638
f 4619 4620 4640
f 4619 4640 4639
f 4620 4621 4641
f 4620 4641 4640
f 4621 4622 4642
f 4621 4642 4641
f 4622 4623 4643
f 4622 4643 4642
f 4623 4624 4644
f 4623 4644 4643
f 4624 4625 4645
f 4624 4645 4644
f 4625 4626 4646
f 4625 4646 4645
f 4626 4627 4647
f 4626 4647 4646
f 4627 4628 4648
f 4627 4648 4647
f 4628 4629 4649
f 4628 4649 4648
f 4629 4630 4650
f 4629 4650 4649
f 4630 4631 4651
f 4630 4651 4650
f 4572 4632 4652
f 4632 4633 4653
f 4632 4653 4652
f 4633 4634 4654
f 4633 4654 4653
f 4634 4635 4655
f 4634 4655 4654
f 4635 4636 4656
f 4635 4656 4655
f 4636 4637 4657
f 4636 4657 4656
f 4637 4638 4658
f 4637 4658 4657
f 4638 4639 4659
f 4638 4659 4658
f 4639 4640 4660
f 4639 4660 4659
f 4640 4641 4661
f 4640 4661 4660
f 4641 4642 4662
f 4641 4662 4661
f 4642 4643 4663
f 4642 4663 4662
f 4643 4644 4664
f 4643 4664 4663
f 4644 4645 4665
f 4644 4665 4664
f 4645 4646 4666
f 4645 4666 4665
f 4646 4647 4667
f 4646 4667 4666
f 4647 4648 4668
f 4647 4668 4667
f 4648 4649 4669
f 4648 4669 4668
f 4649 4650 4670
f 4649 4670 4669
f 4650 4651 4671
f 4650 4671 4670
f 4572 4652 4672
f 4652 4653 4673
f 4652 4673 4672
f 4653 4654 4674
f 4653 4674 4673
f 4654 4655 4675
f 4654 4675 4674
f 4655 4656 4676
f 4655 4676 4675
f 4656 4657 4677
f 4656 4677 4676
f 4657 4658 4678
f 4657 4678 4677
f 4658 4659 4679
f 4658 4679 4678
f 4659 4660 4680
f 4659 4680 4679
f 4660 4661 4681
f 4660 4681 4680
f 4661 4662 4682
f 4661 4682 4681
f 4662 4663 4683
f 4662 4683 4682
f 4663 4664 4684
f 4663 4684 4683
f 4664 4665 4685
f 4664 4685 4684
f 4665 4666 4686
f 4665 4686 4685
f 4666 4667 4687
f 4666 4687 4686
f 4667 4668 4688
f 4667 4688 4687
f 4668 4669 4689
f 4668 4689 4688
f 4669 4670 4690
f 4669 4690 4689
f 4670 4671 4691
f 4670 4691 4690
f 4572 4672 4692
f 4672 4673 4693
f 4672 4693 4692
f 4673 4674 4694
f 4673 4694 4693
f 4674 4675 4695
f 4674 4695 4694
f 4675 4676 4696
f 4675 4696 4695
f 4676 4677 4697
f 4676 4697 4696
f 4677 4678 4698
f 4677 4698 4697
f 4678 4679 4699
f 4678 4699 4698
f 4679 4680 4700
f 4679 4700 4699
f 4680 4681 4701
f 4680 4701 4700
f 4681 4682 4702
f 4681 4702 4701
f 4682 4683 4703
f 4682 4703 4702
f 4683 4684 4704
f 4683 4704 4703
f 4684 4685 4705
f 4684 4705 4704
f 4685 4686 4706
f 4685 4706 4705
f 4686 4687 4707
f 4686 4707 4706
f 4687 4688 4708
f 4687 4708 4707
f 4688 4689 4709
f 4688 4709 4708
f 4689 4690 4710
f 4689 4710 4709
f 4690 4691 4711
f 4690 4711 4710
f 4692 4693 4712
f 4692 4712 4572
f 4693 4694 4713
f 4693 4713 4712
f 4694 4695 4714
f 4694 4714 4713
f 4695 4696 4715
f 4695 4715 4714
f 4696 4697 4716
f 4696 4716 4715
f 4697 4698 4717
f 4697 4717 4716
f 4698 4699 4718
f 4698 4718 4717
f 4699 4700 4719
f 4699 4719 4718
f 4700 4701 4720
f 4700 4720 4719
f 4701 4702 4721
f 4701 4721 4720
f 4702 4703 4722
f 4702 4722 4721
f 4703 4704 4723
f 4703 4723 4722
f 4704 4705 4724
f 4704 4724 4723
f 4705 4706 4725
f 4705 4725 4724
f 4706 4707 4726
f 4706 4726 4725
f 4707 4708 4727
f 4707 4727 4726
f 4708 4709 4728
f 4708 4728 4727
f 4709 4710 4729
f 4709 4729 4728
f 4710 4711 4730
f 4710 4730 4729
f 4572 4712 4731
f 4712 4713 4732
f 4712 4732 4731
f 4713 4714 4733
f 4713 4733 4732
f 4714 4715 4734
f 4714 4734 4733
f 4715 4716 4735
f 4715 4735 4734
f 4716 4717 4736
f 4716 4736 4735
f 4717 4718 4737
f 4717 4737 4736
f 4718 4719 4738
f 4718 4738 4737
f 4719 4720 4739
f 4719 4739 4738
f 4720 4721 4740
f 4720 4740 4739
f 4721 4722 4741
f 4721 4741 4740
f 4722 4723 4742
f 4722 4742 4741
f 4723 4724 4743
f 4723 4743 4742
f 4724 4725 4744
f 4724 4744 4743
f 4725 4726 4745
f 4725 4745 4744
f 4726 4727 4746
f 4726 4746 4745
f 4727 4728 4747
f 4727 4747 4746
f 4728 4729 4748
f 4728 4748 4747
f 4729 4730 4749
f 4729 4749 4748
f 4572 4731 4751
f 4572 4751 4750
f 4731 4732 4752
f 4731 4752 4751
f 4732 4733 4753
f 4732 4753 4752
f 4733 4734 4754
f 4733 4754 4753
f 4734 4735 4755
f 4734 4755 4754
f 4735 4736 4756
f 4735 4756 4755
f 4736 4737 4757
f 4736 4757 4756
f 4737 4738 4758
f 4737 4758 4757
f 4738 4739 4759
f 4738 4759 4758
f 4739 4740 4760
f 4739 4760 4759
f 4740 4741 4761
f 4740 4761 4760
f 4741 4742 4762
f 4741 4762 4761
f 4742 4743 4763
f 4742 4763 4762
f 4743 4744 4764
f 4743 4764 4763
f 4744 4745 4765
f 4744 4765 4764
f 4745 4746 4766
f 4745 4766 4765
f 4746 4747 4767
f 4746 4767 4766
f 4747 4748 4768
f 4747 4768 4767
f 4748 4749 4769
f 4748 4769 4768
f 4572 4750 4770
f 4750 4751 4771
f 4750 4771 4770
f 4751 4752 4772
f 4751 4772 4771
f 4752 4753 4773
f 4752 4773 4772
f 4753 4754 4774
f 4753 4774 4773
f 4754 4755 4775
f 4754 4775 4774
f 4755 4756 4776
f 4755 4776 4775
f 4756 4757 4777
f 4756 4777 4776
f 4757 4758 4778
f 4757 4778 4777
f 4758 4759 4779
f 4758 4779 4778
f 4759 4760 4780
f 4759 4780 4779
f 4760 4761 4781
f 4760 4781 4780
f 4761 4762 4782
f 4761 4782 4781
f 4762 4763 4783
f 4762 4783 4782
f 4763 4764 4784
f 4763 4784 4783
f 4764 4765 4785
f 4764 4785 4784
f 4765 4766 4786
f 4765 4786 4785
f 4766 4767 4787
f 4766 4787 4786
f 4767 4768 4788
f 4767 4788 4787
f 4768 4769 4789
f 4768 4789 4788
f 4572 4770 4790
f 4770 4771 4791
f 4770 4791 4790
f 4771 4772 4792
f 4771 4792 4791
f 4772 4773 4793
f 4772 4793 4792
f 4773 4774 4794
f 4773 4794 4793
f 4774 4775 4795
f 4774 4795 4794
f 4775 4776 4796
f 4775 4796 4795
f 4776 4777 4797
f 4776 4797 4796
f 4777 4778 4798
f 4777 4798 4797
f 4778 4779 4799
f 4778 4799 4798
f 4779 4780 4800
f 4779 4800 4799
f 4780 4781 4801
f 4780 4801 4800
f 4781 4782 4802
f 4781 4802 4801
f 4782 4783 4803
f 4782 4803 4802
f 4783 4784 4804
f 4783 4804 4803
f 4784 4785 4805
f 4784 4805 4804
f 4785 4786 4806
f 4785 4806 4805
f 4786 4787 4807
f 4786 4807 4806
f 4787 4788 4808
f 4787 4808 4807
f 4788 4789 4809
f 4788 4809 4808
f 4572 4790 4810
f 4790 4791 4811
f 4790 4811 4810
f 4791 4792 4812
f 4791 4812 4811
f 4792 4793 4813
f 4792 4813 4812
f 4793 4794 4814
f 4793 4814 4813
f 4794 4795 4815
f 4794 4815 4814
f 4795 4796 4816
f 4795 4816 4815
f 4796 4797 4817
f 4796 4817 4816
f 4797 4798 4818
f 4797 4818 4817
f 4798 4799 4819
f 4798 4819 4818
f 4799 4800 4820
f 4799 4820 4819
f 4800 4801 4821
f 4800 4821 4820
f 4801 4802 4822
f 4801 4822 4821
f 4802 4803 4823
f 4802 4823 4822
f 4803 4804 4824
f 4803 4824 4823
f 4804 4805 4825
f 4804 4825 4824
f 4805 4806 4826
f 4805 4826 4825
f 4806 4807 4827
f 4806 4827 4826
f 4807 4808 4828
f 4807 4828 4827
f 4808 4809 4829
f 4808 4829 4828
f 4572 4810 4830
f 4810 4811 4831
f 4810 4831 4830
f 4811 4812 4832
f 4811 4832 4831
f 4812 4813 4833
f 4812 4833 4832
f 4813 4814 4834
f 4813 4834 4833
f 4814 4815 4835
f 4814 4835 4834
f 4815 4816 4836
f 4815 4836 4835
f 4816 4817 4837
f 4816 4837 4836
f 4817 4818 4838
f 4817 4838 4837
f 4818 4819 4839
f 4818 4839 4838
f 4819 4820 4840
f 4819 4840 4839
f 4820 4821 4841
f 4820 4841 4840
f 4821 4822 4842
f 4821 4842 4841
f 4822 4823 4843
f 4822 4843 4842
f 4823 4824 4844
f 4823 4844 4843
f 4824 4825 4845
f 4824 4845 4844
f 4825 4826 4846
f 4825 4846 4845
f 4826 4827 4847
f 4826 4847 4846
f 4827 4828 4848
f 4827 4848 4847
f 4828 4829 4849
f 4828 4849 4848
f 4572 4830 4850
f 4830 4831 4851
f 4830 4851 4850
f 4831 4832 4852
f 4831 4852 4851
f 4832 4833 4853
f 4832 4853 4852
f 4833 4834 4854
f 4833 4854 4853
f 4834 4835 4855
f 4834 4855 4854
f 4835 4836 4856
f 4835 4856 4855
f 4836 4837 4857
f 4836 4857 4856
f 4837 4838 4858
f 4837 4858 4857
f 4838 4839 4859
f 4838 4859 4858
f 4839 4840 4860
f 4839 4860 4859
f 4840 4841 4861
f 4840 4861 4860
f 4841 4842 4862
f 4841 4862 4861
f 4842 4843 4863
f 4842 4863 4862
f 4843 4844 4864
f 4843 4864 4863
f 4844 4845 4865
f 4844 4865 4864
f 4845 4846 4866
f 4845 4866 4865
f 4846 4847 4867
f 4846 4867 4866
f 4847 4848 4868
f 4847 4868 4867
f 4848 4849 4869
f 4848 4869 4868
f 4572 4850 4870
f 4850 4851 4871
f 4850 4871 4870
f 4851 4852 4872
f 4851 4872 4871
f 4852 4853 4873
f 4852 4873 4872
f 4853 4854 4874
f 4853 4874 4873
f 4854 4855 4875
f 4854 4875 4874
f 4855 4856 4876
f 4855 4876 4875
f 4856 4857 4877
f 4856 4877 4876
f 4857 4858 4878
f 4857 4878 4877
f 4858 4859 4879
f 4858 4879 4878
f 4859 4860 4880
f 4859 4880 4879
f 4860 4861 4881
f 4860 4881 4880
f 4861 4862 4882
f 4861 4882 4881
f 4862 4863 4883
f 4862 4883 4882
f 4863 4864 4884
f 4863 4884 4883
f 4864 4865 4885
f 4864 4885 4884
f 4865 4866 4886
f 4865 4886 4885
f 4866 4867 4887
f 4866 4887 4886
f 4867 4868 4888
f 4867 4888 4887
f 4868 4869 4889
f 4868 4889 4888
f 4572 4870 4573
f 4870 4871 4574
f 4870 4574 4573
f 4871 4872 4575
f 4871 4575 4574
f 4872 4873 4576
f 4872 4576 4575
f 4873 4874 4577
f 4873 4577 4576
f 4874 4875 4578
f 4874 4578 4577
f 4875 4876 4579
f 4875 4579 4578
f 4876 4877 4580
f 4876 4580 4579
f 4877 4878 4581
f 4877 4581 4580
f 4878 4879 4582
f 4878 4582 4581
f 4879 4880 4583
f 4879 4583 4582
f 4880 4881 4584
f 4880 4584 4583
f 4881 4882 4585
f 4881 4585 4584
f 4882 4883 4586
f 4882 4586 4585
f 4883 4884 4587
f 4883 4587 4586
f 4884 4885 4588
f 4884 4588 4587
f 4885 4886 4589
f 4885 4589 4588
f 4886 4887 4590
f 4886 4590 4589
f 4887 4888 4591
f 4887 4591 4590
f 4888 4889 4592
f 4888 4592 4591
f 4890 4915 4914
f 4890 4891 4915
f 4891 4916 4915
f 4891 4892 4916
f 4892 4917 4916
f 4892 4893 4917
f 4893 4894 4917
f 4894 4895 4917
f 4895 4896 4937
f 4896 4938 4937
f 4896 4897 4938
f 4897 4918 4938
f 4897 4898 4918
f 4898 4919 4918
f 4898 4899 4919
f 4899 4920 4919
f 4899 4900 4920
f 4900 4921 4920
f 4900 4901 4921
f 4901 4922 4921
f 4901 4902 4922
f 4902 4923 4922
f 4902 4903 4923
f 4903 4924 4923
f 4903 4904 4924
f 4904 4925 4924
f 4904 4905 4925
f 4905 4926 4925
f 4905 4906 4926
f 4906 4907 4926
f 4909 4910 4927
f 4910 4928 4927
f 4910 4911 4928
f 4911 4929 4928
f 4911 4912 4929
f 4912 4930 4929
f 4912 4913 4930
f 4913 4914 4930
f 4913 4890 4914
f 4914 4932 4931
f 4914 4915 4932
f 4915 4933 4932
f 4915 4916 4933
f 4916 4934 4933
f 4916 4917 4934
f 4917 4935 4934
f 4917 4936 4935
f 4917 4895 4936
f 4895 4937 4936
f 4938 4918 4939
f 4918 4940 4939
f 4918 4919 4940
f 4919 4941 4940
f 4919 4920 4941
f 4920 4942 4941
f 4920 4921 4942
f 4921 4943 4942
f 4921 4922 4943
f 4922 4944 4943
f 4922 4923 4944
f 4923 4945 4944
f 4923 4924 4945
f 4924 4946 4945
f 4924 4925 4946
f 4925 4947 4946
f 4925 4926 4947
f 4926 4948 4947
f 4926 4907 4948
f 4907 4949 4948
f 4907 4908 4949
f 4908 4950 4949
f 4908 4909 4950
f 4909 4951 4950
f 4909 4927 4951
f 4927 4952 4951
f 4927 4928 4952
f 4928 4953 4952
f 4928 4929 4953
f 4929 4954 4953
f 4929 4930 4954
f 4930 4931 4954
f 4930 4914 4931
f 4931 4956 4955
f 4931 4932 4956
f 4932 4957 4956
f 4932 4933 4957
f 4933 4958 4957
f 4933 4934 4958
f 4934 4959 4958
f 4934 4935 4959
f 4935 4960 4959
f 4935 4936 4960
f 4936 4979 4960
f 4936 4937 4979
f 4937 4980 4979
f 4937 4938 4980
f 4938 4961 4980
f 4938 4939 4961
f 4939 4962 4961
f 4939 4940 4962
f 4940 4963 4962
f 4940 4941 4963
f 4941 4964 4963
f 4941 4942 4964
f 4942 4965 4964
f 4942 4943 4965
f 4943 4966 4965
f 4943 4944 4966
f 4944 4967 4966
f 4944 4945 4967
f 4945 4968 4967
f 4945 4946 4968
f 4946 4969 4968
f 4946 4947 4969
f 4947 4948 4969
f 4950 4951 4970
f 4951 4971 4970
f 4951 4952 4971
f 4952 4972 4971
f 4952 4953 4972
f 4953 4973 4972
f 4953 4954 4973
f 4954 4955 4973
f 4954 4931 4955
f 4955 4975 4974
f 4955 4956 4975
f 4956 4976 4975
f 4956 4957 4976
f 4957 4977 4976
f 4957 4958 4977
f 4958 4978 4977
f 4958 4959 4978
f 4959 5001 4978
f 4959 4960 5001
f 4960 4979 5001
f 4980 4961 4981
f 4961 4982 4981
f 4961 4962 4982
f 4962 4983 4982
f 4962 4963 4983
f 4963 4984 4983
f 4963 4964 4984
f 4964 4985 4984
f 4964 4965 4985
f 4965 4986 4985
f 4965 4966 4986
f 4966 4987 4986
f 4966 4967 4987
f 4967 4988 4987
f 4967 4968 4988
f 4968 4989 4988
f 4968 4969 4989
f 4969 4990 4989
f 4969 4948 4990
f 4948 4991 4990
f 4948 4949 4991
f 4949 4992 4991
f 4949 4950 4992
f 4950 4993 4992
f 4950 4970 4993
f 4970 4994 4993
f 4970 4971 4994
f 4971 4995 4994
f 4971 4972 4995
f 4972 4996 4995
f 4972 4973 4996
f 4973 4974 4996
f 4973 4955 4974
f 4974 4998 4997
f 4974 4975 4998
f 4975 4999 4998
f 4975 4976 4999
f 4976 5000 4999
f 4976 4977 5000
f 4977 5023 5000
f 4977 4978 5023
f 4978 5001 5023
f 5001 4979 5002
f 4979 5003 5002
f 4979 4980 5003
f 4980 5004 5003
f 4980 4981 5004
f 4981 5005 5004
f 4981 4982 5005
f 4982 5006 5005
f 4982 4983 5006
f 4983 5007 5006
f 4983 4984 5007
f 4984 5008 5007
f 4984 4985 5008
f 4985 5009 5008
f 4985 4986 5009
f 4986 5010 5009
f 4986 4987 5010
f 4987 5011 5010
f 4987 4988 5011
f 4988 5012 5011
f 4988 4989 5012
f 4989 5013 5012
f 4989 4990 5013
f 4990 5014 5013
f 4990 4991 5014
f 4991 5015 5014
f 4991 4992 5015
f 4992 4993 5015
f 4993 4994 5016
f 4994 5017 5016
f 4994 4995 5017
f 4995 5018 5017
f 4995 4996 5018
f 4996 4997 5018
f 4996 4974 4997
f 4997 5020 5019
f 4997 4998 5020
f 4998 5021 5020
f 4998 4999 5021
f 4999 5022 5021
f 4999 5000 5022
f 5000 5023 5022
f 5023 5001 5036
f 5001 5037 5036
f 5001 5002 5037
f 5002 5038 5037
f 5002 5003 5038
f 5003 5039 5038
f 5003 5004 5039
f 5004 5024 5039
f 5004 5005 5024
f 5005 5025 5024
f 5005 5006 5025
f 5006 5026 5025
f 5006 5007 5026
f 5007 5027 5026
f 5007 5008 5027
f 5008 5028 5027
f 5008 5009 5028
f 5009 5029 5028
f 5009 5010 5029
f 5010 5030 5029
f 5010 5011 5030
f 5011 5042 5030
f 5011 5012 5042
f 5012 5043 5042
f 5012 5013 5043
f 5013 5044 5043
f 5013 5014 5044
f 5014 5045 5044
f 5014 5015 5045
f 5015 5031 5045
f 5015 4993 5031
f 4993 5032 5031
f 4993 5016 5032
f 5016 5033 5032
f 5016 5017 5033
f 5017 5034 5033
f 5017 5018 5034
f 5018 5019 5034
f 5018 4997 5019
f 5022 5023 5035
f 5023 5036 5035
f 5039 5024 5040
f 5024 5041 5040
f 5024 5025 5041
f 5025 5026 5041
f 5019 5020 5062
f 5020 5046 5062
f 5020 5021 5046
f 5021 5047 5046
f 5021 5022 5047
f 5022 5048 5047
f 5022 5035 5048
f 5035 5049 5048
f 5035 5036 5049
f 5036 5050 5049
f 5036 5037 5050
f 5037 5051 5050
f 5037 5038 5051
f 5038 5052 5051
f 5038 5039 5052
f 5039 5040 5052
f 5028 5029 5072
f 5029 5053 5072
f 5029 5030 5053
f 5030 5054 5053
f 5030 5042 5054
f 5042 5055 5054
f 5042 5043 5055
f 5043 5056 5055
f 5043 5044 5056
f 5044 5057 5056
f 5044 5045 5057
f 5045 5058 5057
f 5045 5031 5058
f 5031 5059 5058
f 5031 5032 5059
f 5032 5060 5059
f 5032 5033 5060
f 5033 5061 5060
f 5033 5034 5061
f 5034 5019 5061
f 5046 5047 5063
f 5047 5064 5063
f 5047 5048 5064
f 5048 5065 5064
f 5048 5049 5065
f 5049 5066 5065
f 5049 5050 5066
f 5050 5067 5066
f 5050 5051 5067
f 5051 5068 5067
f 5051 5052 5068
f 5052 5069 5068
f 5052 5040 5069
f 5040 5070 5069
f 5040 5041 5070
f 5041 5071 5070
f 5041 5026 5071
f 5026 5088 5071
f 5026 5027 5088
f 5027 5089 5088
f 5027 5028 5089
f 5028 5072 5089
f 5072 5053 5090
f 5053 5073 5090
f 5053 5054 5073
f 5054 5074 5073
f 5054 5055 5074
f 5055 5075 5074
f 5055 5056 5075
f 5056 5076 5075
f 5056 5057 5076
f 5057 5077 5076
f 5057 5058 5077
f 5058 5078 5077
f 5058 5059 5078
f 5059 5060 5078
f 5019 5062 5079
f 5062 5046 5080
f 5046 5081 5080
f 5046 5063 5081
f 5063 5082 5081
f 5063 5064 5082
f 5064 5083 5082
f 5064 5065 5083
f 5065 5084 5083
f 5065 5066 5084
f 5066 5085 5084
f 5066 5067 5085
f 5067 5086 5085
f 5067 5068 5086
f 5068 5087 5086
f 5068 5069 5087
f 5069 5070 5087
f 5090 5073 5091
f 5073 5092 5091
f 5073 5074 5092
f 5074 5093 5092
f 5074 5075 5093
f 5075 5094 5093
f 5075 5076 5094
f 5076 5095 5094
f 5076 5077 5095
f 5077 5096 5095
f 5077 5078 5096
f 5078 5097 5096
f 5078 5060 5097
f 5060 5098 5097
f 5060 5061 5098
f 5061 5079 5098
f 5061 5019 5079
f 5079 5100 5099
f 5079 5062 5100
f 5062 5101 5100
f 5062 5080 5101
f 5080 5102 5101
f 5080 5081 5102
f 5081 5103 5102
f 5081 5082 5103
f 5082 5104 5103
f 5082 5083 5104
f 5083 5105 5104
f 5083 5084 5105
f 5084 5106 5105
f 5084 5085 5106
f 5085 5107 5106
f 5085 5086 5107
f 5086 5108 5107
f 5086 5087 5108
f 5087 5109 5108
f 5087 5070 5109
f 5070 5110 5109
f 5070 5071 5110
f 5071 5111 5110
f 5071 5088 5111
f 5088 5112 5111
f 5088 5089 5112
f 5089 5113 5112
f 5089 5072 5113
f 5072 5114 5113
f 5072 5090 5114
f 5090 5115 5114
f 5090 5091 5115
f 5091 5116 5115
f 5091 5092 5116
f 5092 5117 5116
f 5092 5093 5117
f 5093 5118 5117
f 5093 5094 5118
f 5094 5119 5118
f 5094 5095 5119
f 5095 5120 5119
f 5095 5096 5120
f 5096 5121 5120
f 5096 5097 5121
f 5097 5122 5121
f 5097 5098 5122
f 5098 5099 5122
f 5098 5079 5099
f 5099 5124 5123
f 5099 5100 5124
f 5100 5125 5124
f 5100 5101 5125
f 5101 5126 5125
f 5101 5102 5126
f 5102 5127 5126
f 5102 5103 5127
f 5103 5128 5127
f 5103 5104 5128
f 5104 5129 5128
f 5104 5105 5129
f 5105 5130 5129
f 5105 5106 5130
f 5106 5131 5130
f 5106 5107 5131
f 5107 5132 5131
f 5107 5108 5132
f 5108 5133 5132
f 5108 5109 5133
f 5109 5134 5133
f 5109 5110 5134
f 5110 5135 5134
f 5110 5111 5135
f 5111 5136 5135
f 5111 5112 5136
f 5112 5137 5136
f 5112 5113 5137
f 5113 5138 5137
f 5113 5114 5138
f 5114 5139 5138
f 5114 5115 5139
f 5115 5140 5139
f 5115 5116 5140
f 5116 5141 5140
f 5116 5117 5141
f 5117 5142 5141
f 5117 5118 5142
f 5118 5143 5142
f 5118 5119 5143
f 5119 5144 5143
f 5119 5120 5144
f 5120 5145 5144
f 5120 5121 5145
f 5121 5146 5145
f 5121 5122 5146
f 5122 5123 5146
f 5122 5099 5123
f 4901 4903 4902
f 4900 4903 4901
f 4900 4904 4903
f 4899 4904 4900
f 4899 4905 4904
f 4898 4905 4899
f 4898 4906 4905
f 4897 4906 4898
f 4897 4907 4906
f 4897 4908 4907
f 4896 4908 4897
f 4896 4909 4908
f 4895 4909 4896
f 4894 4909 4895
f 4894 4910 4909
f 4893 4910 4894
f 4893 4911 4910
f 4892 4911 4893
f 4892 4912 4911
f 4891 4912 4892
f 4891 4913 4912
f 4890 4913 4891
f 5134 5135 5136
f 5133 5134 5136
f 5133 5136 5137
f 5132 5133 5137
f 5132 5137 5138
f 5131 5132 5138
f 5131 5138 5139
f 5130 5131 5139
f 5130 5139 5140
f 5130 5140 5141
f 5129 5130 5141
f 5129 5141 5142
f 5128 5129 5142
f 5127 5128 5142
f 5127 5142 5143
f 5126 5127 5143
f 5126 5143 5144
f 5125 5126 5144
f 5125 5144 5145
f 5124 5125 5145
f 5124 5145 5146
f 5123 5124 5146
f 5147 5148 5149
f 5147 5149 5150
f 5147 5150 5151
f 5147 5151 5152
f 5147 5152 5153
f 5147 5153 5154
f 5147 5154 5155
f 5147 5155 5156
f 5147 5156 5157
f 5147 5157 5148
f 5148 5158 5149
f 5149 5158 5159
f 5149 5159 5150
f 5150 5159 5160
f 5150 5160 5151
f 5151 5160 5161
f 5151 5161 5152
f 5152 5161 5162
f 5152 5162 5153
f 5153 5162 5163
f 5153 5163 5154
f 5154 5163 5164
f 5154 5164 5155
f 5155 5164 5165
f 5155 5165 5156
f 5156 5165 5166
f 5156 5166 5157
f 5158 5167 5168
f 5158 5168 5159
f 5159 5168 5169
f 5159 5169 5160
f 5160 5169 5170
f 5160 5170 5161
f 5161 5170 5171
f 5161 5171 5162
f 5162 5171 5172
f 5162 5172 5163
f 5163 5172 5173
f 5163 5173 5164
f 5164 5173 5174
f 5164 5174 5165
f 5165 5174 5175
f 5165 5175 5166
f 5167 5176 5177
f 5167 5177 5168
f 5168 5177 5178
f 5168 5178 5169
f 5169 5178 5179
f 5169 5179 5170
f 5170 5179 5180
f 5170 5180 5171
f 5171 5180 5181
f 5171 5181 5172
f 5172 5181 5182
f 5172 5182 5173
f 5173 5182 5183
f 5173 5183 5174
f 5174 5183 5184
f 5174 5184 5175
f 5175 5184 5185
f 5186 5176 5185
f 5186 5177 5176
f 5186 5178 5177
f 5186 5179 5178
f 5186 5180 5179
f 5186 5181 5180
f 5186 5182 5181
f 5186 5183 5182
f 5186 5184 5183
f 5186 5185 5184
f 5158 5148 5187
f 5187 5148 5188
f 5148 5189 5188
f 5189 5148 5157
f 5157 5166 5190
f 5157 5190 5189
f 5167 5191 5176
f 5158 5187 5192
f 5167 5158 5192
f 5191 5167 5192
f 5166 5175 5193
f 5193 5175 5185
f 5166 5193 5194
f 5190 5166 5194
f 5185 5176 5195
f 5196 5185 5195
f 5195 5176 5197
f 5176 5191 5197
f 5193 5185 5198
f 5198 5185 5196
f 5199 5200 5201
f 5199 5201 5202
f 5199 5202 5203
f 5199 5203 5204
f 5199 5204 5205
f 5199 5205 5206
f 5199 5206 5207
f 5199 5207 5208
f 5199 5208 5209
f 5199 5209 5200
f 5200 5210 5211
f 5200 5211 5201
f 5201 5211 5212
f 5201 5212 5202
f 5202 5212 5213
f 5202 5213 5203
f 5203 5213 5214
f 5203 5214 5204
f 5205 5215 5206
f 5206 5215 5216
f 5206 5216 5207
f 5207 5216 5217
f 5207 5217 5208
f 5208 5217 5218
f 5208 5218 5209
f 5209 5218 5210
f 5209 5210 5200
f 5210 5219 5220
f 5210 5220 5211
f 5211 5220 5221
f 5211 5221 5212
f 5212 5221 5222
f 5212 5222 5213
f 5213 5222 5223
f 5213 5223 5214
f 5215 5224 5225
f 5215 5225 5216
f 5216 5225 5226
f 5216 5226 5217
f 5217 5226 5227
f 5217 5227 5218
f 5218 5227 5219
f 5218 5219 5210
f 5219 5228 5229
f 5219 5229 5220
f 5220 5229 5230
f 5220 5230 5221
f 5221 5230 5231
f 5221 5231 5222
f 5222 5231 5232
f 5222 5232 5223
f 5223 5232 5233
f 5224 5234 5235
f 5224 5235 5225
f 5225 5235 5236
f 5225 5236 5226
f 5226 5236 5237
f 5226 5237 5227
f 5227 5237 5228
f 5227 5228 5219
f 5238 5229 5228
f 5238 5230 5229
f 5238 5231 5230
f 5238 5232 5231
f 5238 5233 5232
f 5238 5234 5233
f 5238 5235 5234
f 5238 5236 5235
f 5238 5237 5236
f 5238 5228 5237
f 5204 5214 5187
f 5204 5187 5205
f 5188 5205 5187
f 5205 5188 5189
f 5215 5205 5189
f 5215 5189 5190
f 5214 5223 5191
f 5214 5192 5187
f 5191 5192 5214
f 5193 5224 5215
f 5194 5215 5190
f 5215 5194 5193
f 5223 5233 5195
f 5195 5233 5234
f 5195 5234 5196
f 5223 5197 5191
f 5197 5223 5195
f 5198 5224 5193
f 5224 5198 5234
f 5196 5234 5198
f 5240 5241 5244
f 5241 5246 5244
f 5241 5242 5246
f 5239 5250 5245
f 5239 5240 5250
f 5242 5247 5246
f 5242 5243 5247
f 5243 5245 5247
f 5243 5239 5245
f 5245 5250 5248
f 5240 5251 5250
f 5240 5244 5251
f 5244 5246 5251
f 5246 5247 5249
f 5247 5245 5248
f 5251 5246 5252
f 5246 5249 5252
f 5249 5253 5252
f 5249 5247 5253
f 5247 5248 5253
f 5248 5255 5254
f 5248 5250 5255
f 5251 5256 5250
f 5251 5257 5256
f 5251 5252 5257
f 5253 5248 5254
f 5252 5261 5257
f 5252 5253 5261
f 5253 5254 5258
f 5255 5250 5259
f 5250 5256 5259
f 5261 5253 5260
f 5253 5258 5260
f 5254 5255 5262
f 5255 5259 5262
f 5256 5257 5259
f 5261 5260 5266
f 5260 5258 5266
f 5258 5254 5266
f 5254 5262 5266
f 5259 5257 5263
f 5257 5261 5263
f 5261 5266 5263
f 5262 5264 5266
f 5262 5259 5264
f 5259 5265 5264
f 5259 5263 5265
f 5263 5266 5265
f 5240 5242 5241
f 5240 5243 5242
f 5239 5243 5240
f 5264 5265 5266

