# https://github.com/mikedh/trimesh

o m20.off
v 0.45122700 0.21802100 0.45635700
v 0.46551500 0.21011700 0.48841000
v 0.48945500 0.21011700 0.49240000
v 0.46279800 0.19271300 0.50400900
v 0.49848000 0.19271300 0.51010800
v 0.46239900 0.17530900 0.51111500
v 0.46553400 0.16740500 0.51295800
v 0.48861900 0.16740500 0.51700500
v 0.50266000 0.17530900 0.51824000
v 0.50366700 0.16740500 0.52021600
v 0.47942300 0.21802100 0.45707900
v 0.50079800 0.19271300 0.50896800
v 0.50507300 0.17530900 0.51601700
v 0.50604200 0.16740500 0.51746100
v 0.50448400 0.21011700 0.47007500
v 0.51759400 0.19271300 0.48050600
v 0.52308500 0.17530900 0.48286200
v 0.52413000 0.16740500 0.48301400
v 0.51767000 0.19271300 0.47632600
v 0.52280000 0.17530900 0.47828300
v 0.52367400 0.16740500 0.47839700
v 0.47590800 0.21802100 0.45229100
v 0.49466100 0.21011700 0.44908000
v 0.50465500 0.19271300 0.44757900
v 0.50856900 0.17530900 0.44586900
v 0.50934800 0.16740500 0.44712300
v 0.47592700 0.21802100 0.45213900
v 0.50925300 0.16740500 0.44583100
v 0.47854900 0.21802100 0.44632500
v 0.50235600 0.21011700 0.42219500
v 0.51546600 0.19271300 0.40954100
v 0.52101400 0.17530900 0.40463900
v 0.52217300 0.16740500 0.40384100
v 0.47754200 0.21802100 0.44602100
v 0.49994300 0.21011700 0.42046600
v 0.51293900 0.19271300 0.40644400
v 0.51896200 0.17530900 0.40053500
v 0.52042500 0.16740500 0.39933800
v 0.46562900 0.21802100 0.44395000
v 0.46557200 0.21011700 0.41056700
v 0.48860000 0.19271300 0.39726700
v 0.46521100 0.19271300 0.39143400
v 0.49169700 0.17530900 0.38964800
v 0.49253300 0.16740500 0.38793800
v 0.46342500 0.17530900 0.38282700
v 0.46462200 0.16740500 0.38071800
v 0.46532500 0.21802100 0.44395000
v 0.46471700 0.21011700 0.41054800
v 0.46317800 0.16740500 0.38081300
v 0.45314600 0.21802100 0.44586900
v 0.42971900 0.21011700 0.42021900
v 0.43954200 0.19271300 0.39677300
v 0.41564000 0.19271300 0.40693800
v 0.43239800 0.16740500 0.38809000
v 0.40697600 0.16740500 0.40118100
v 0.45168300 0.21802100 0.44657200
v 0.42671700 0.21011700 0.42443700
v 0.41370200 0.19271300 0.41480400
v 0.40874300 0.17530900 0.41269500
v 0.40796400 0.16740500 0.41309400
v 0.45432400 0.21802100 0.45181600
v 0.43382300 0.21011700 0.44746500
v 0.42267000 0.19271300 0.44155600
v 0.41871800 0.17530900 0.44161300
v 0.41812900 0.16740500 0.44208800
v 0.42267000 0.19271300 0.44626800
v 0.41803400 0.17530900 0.44666700
v 0.41712200 0.16740500 0.44716100
v 0.42529200 0.21011700 0.46751000
v 0.41151700 0.19271300 0.47389400
v 0.40511400 0.16740500 0.47742800
v 0.43319600 0.21011700 0.49065200
v 0.42065600 0.19271300 0.50575700
v 0.41465200 0.17530900 0.51147600
v 0.41311300 0.16740500 0.51236900
v 0.43688200 0.21011700 0.49249500
v 0.42540600 0.19271300 0.50950000
v 0.41968700 0.17530900 0.51679600
v 0.41812900 0.16740500 0.51835400
v 0.44410200 0.19271300 0.50674500
v 0.44153700 0.17530900 0.51628300
v 0.44060600 0.16740500 0.51848700
v 0.46228500 0.16740500 0.51278700
v 0.46276000 0.16740500 0.51276800
v 0.46553400 0.16105900 0.51312900
v 0.47737100 0.16105900 0.51696700
v 0.46555300 0.15471300 0.51330000
v 0.46614200 0.15471300 0.51694800
v 0.46673100 0.15471300 0.52059600
v 0.51390800 0.16740500 0.50720100
v 0.46737700 0.15471300 0.48318500
v 0.46716800 0.15471300 0.42099800
v 0.51763200 0.16740500 0.42118800
v 0.46726300 0.15471300 0.39901500
v 0.49384400 0.16105900 0.39918600
v 0.47946100 0.16105900 0.38879300
v 0.46640800 0.15471300 0.38966700
v 0.46507800 0.16105900 0.38050900
v 0.46553400 0.15471300 0.38031900
v 0.43441200 0.16740500 0.38746300
v 0.44951700 0.16105900 0.38904000
v 0.46464100 0.15471300 0.39059800
v 0.41651400 0.16740500 0.39405600
v 0.46372900 0.15471300 0.40089600
v 0.41115600 0.16740500 0.42164400
v 0.46407100 0.15471300 0.44203100
v 0.46545800 0.15471300 0.51311000
v 0.46407100 0.15471300 0.51871500
v 0.45295600 0.16105900 0.51852500
v 0.44113800 0.16740500 0.51835400
v 0.46479300 0.15471300 0.51871500
v 0.48177900 0.20287800 0.38520200
v 0.50733400 0.16096400 0.38622800
v 0.48352700 0.16096400 0.37853300
v 0.50340100 0.20287800 0.39219400
v 0.51719500 0.16096400 0.40484800
v 0.51236900 0.20287800 0.40908500
v 0.47739000 0.22307500 0.40194100
v 0.49348300 0.22307500 0.40720400
v 0.50020900 0.22309400 0.41976300
v 0.47165200 0.22944000 0.42388600
v 0.48430600 0.22944000 0.43376600
v 0.52479500 0.16096400 0.45122700
v 0.51926600 0.20287800 0.45122700
v 0.50537700 0.22309400 0.45122700
v 0.48430600 0.22944000 0.46866900
v 0.45719300 0.22944000 0.47856800
v 0.51719500 0.16096400 0.49762500
v 0.51236900 0.20287800 0.49336900
v 0.50022800 0.22309400 0.48267200
v 0.50733400 0.16096400 0.51622600
v 0.50340100 0.20287800 0.51026000
v 0.48352700 0.16096400 0.52394000
v 0.48179800 0.20289700 0.51727100
v 0.49348300 0.22309400 0.49523100
v 0.47740900 0.22309400 0.50051300
v 0.47165200 0.22944000 0.47856800
v 0.44512800 0.16096400 0.52394000
v 0.44691400 0.20289700 0.51727100
v 0.45136000 0.22309400 0.50051300
v 0.42132100 0.16096400 0.51624500
v 0.42529200 0.20287800 0.51026000
v 0.41146000 0.16096400 0.49762500
v 0.41632400 0.20287800 0.49336900
v 0.43528600 0.22309400 0.49525000
v 0.42854100 0.22309400 0.48267200
v 0.44453900 0.22944000 0.46866900
v 0.40414500 0.16096400 0.45124600
v 0.40969300 0.20287800 0.45122700
v 0.42358200 0.22309400 0.45122700
v 0.44453900 0.22944000 0.43376600
v 0.41146000 0.16096400 0.40484800
v 0.41632400 0.20287800 0.40908500
v 0.42854100 0.22309400 0.41978200
v 0.42132100 0.16096400 0.38624700
v 0.42529200 0.20287800 0.39219400
v 0.44512800 0.16096400 0.37853300
v 0.44689500 0.20287800 0.38520200
v 0.43528600 0.22307500 0.40720400
v 0.45136000 0.22307500 0.40194100
v 0.45719300 0.22944000 0.42388600
v 0.47151900 0.28416000 0.38932500
v 0.45434300 0.24543800 0.39363800
v 0.47018900 0.24874400 0.39455000
v 0.44771200 0.27688300 0.38940100
v 0.47159500 0.31193800 0.37948300
v 0.43213200 0.30086100 0.37957800
v 0.46992300 0.33173600 0.36188900
v 0.42162500 0.31779000 0.36188900
v 0.46606600 0.24093500 0.39455000
v 0.42774300 0.25583100 0.38940100
v 0.39905300 0.26740200 0.37957800
v 0.40030700 0.30055700 0.36188900
v 0.38115500 0.27547700 0.36188900
v 0.45067600 0.23042800 0.39369500
v 0.41740700 0.22484200 0.38957200
v 0.38185800 0.21857200 0.37974900
v 0.36010300 0.21380300 0.36188900
v 0.46511600 0.22533600 0.39455000
v 0.45772500 0.21298600 0.39390400
v 0.41774900 0.19915400 0.38981900
v 0.38252300 0.17834900 0.38003400
v 0.35778500 0.18441000 0.36188900
v 0.36092000 0.16301600 0.36188900
v 0.43593200 0.18927400 0.39010400
v 0.39316300 0.16856400 0.38016700
v 0.41248600 0.16263600 0.38035700
v 0.37351700 0.15043800 0.36188900
v 0.39759000 0.14312300 0.36188900
v 0.47020800 0.22201100 0.39455000
v 0.47098700 0.18703200 0.39063600
v 0.47070200 0.15929200 0.38094600
v 0.46882100 0.13892400 0.36188900
v 0.48326100 0.21327100 0.39339100
v 0.50581400 0.18980600 0.38869800
v 0.52853800 0.16343400 0.37878000
v 0.53963400 0.14413000 0.36187000
v 0.47518600 0.22579200 0.39455000
v 0.52299000 0.20078800 0.38772900
v 0.54727200 0.17019800 0.37813400
v 0.55682900 0.18089500 0.37769700
v 0.56302300 0.15247100 0.36187000
v 0.57423300 0.16622700 0.36187000
v 0.48977800 0.23175800 0.39278300
v 0.52281900 0.22774900 0.38712100
v 0.55838700 0.19919200 0.37731700
v 0.57632300 0.18902700 0.36187000
v 0.55660100 0.22320800 0.37699400
v 0.57396700 0.21965500 0.36187000
v 0.47427400 0.24160000 0.39455000
v 0.48649100 0.24663500 0.39282100
v 0.51360400 0.25824400 0.38719700
v 0.54126800 0.27120200 0.37708900
v 0.55517600 0.28030300 0.36187000
v 0.49384400 0.27830800 0.38828000
v 0.50856900 0.30310300 0.37830500
v 0.53632800 0.30477500 0.36187000
v 0.51518100 0.32064000 0.36187000
v 0.46469800 0.34212900 0.33447200
v 0.41723600 0.32643500 0.33310400
v 0.46467900 0.34912100 0.29835300
v 0.44096700 0.33428200 0.33378800
v 0.44013100 0.34456100 0.29656700
v 0.41567800 0.33230600 0.29466700
v 0.39474000 0.30692200 0.33234400
v 0.37456200 0.27851700 0.33154600
v 0.39246000 0.31142500 0.29265300
v 0.37176900 0.28283000 0.24676800
v 0.46532500 0.34925400 0.20821700
v 0.41744500 0.33308500 0.20821700
v 0.39474000 0.31300200 0.20821700
v 0.37439100 0.28374200 0.20821700
v 0.35235100 0.20863500 0.33152700
v 0.34870300 0.20624100 0.29054400
v 0.34990000 0.17532800 0.33204000
v 0.35322500 0.15110300 0.33257200
v 0.34617600 0.17059700 0.29198800
v 0.34959600 0.14466200 0.29343200
v 0.35197100 0.21180800 0.20821700
v 0.34638500 0.17128100 0.24878200
v 0.34963400 0.14479500 0.25009300
v 0.34952000 0.17751300 0.20821700
v 0.35286400 0.15254700 0.20821700
v 0.36648700 0.13685300 0.33314200
v 0.39187100 0.12856900 0.33395900
v 0.36331400 0.12940500 0.29497100
v 0.38951500 0.12055100 0.29721300
v 0.46697800 0.12380000 0.33646700
v 0.46703500 0.11545900 0.30403400
v 0.36340900 0.12934800 0.25184100
v 0.38974300 0.12038000 0.25438700
v 0.36625900 0.13787900 0.20821700
v 0.39185200 0.12936700 0.20821700
v 0.46770000 0.11521200 0.26210100
v 0.46762400 0.12444600 0.20821700
v 0.54164800 0.12970900 0.33570700
v 0.54411800 0.12178600 0.29917000
v 0.56629100 0.13915200 0.33546000
v 0.57810900 0.15473200 0.33527000
v 0.56955900 0.13187500 0.29761200
v 0.58177600 0.14855700 0.29654800
v 0.54489700 0.12209000 0.25560300
v 0.54295900 0.13054500 0.20819800
v 0.56980600 0.13341400 0.25358900
v 0.58076900 0.15243300 0.25237300
v 0.56781100 0.14025400 0.20819800
v 0.57974300 0.15630900 0.20819800
v 0.56102800 0.28685800 0.29436300
v 0.58196600 0.18289000 0.20819800
v 0.57945800 0.21862900 0.20819800
v 0.55948900 0.28936600 0.20819800
v 0.51586500 0.32966500 0.33458600
v 0.54050800 0.31655500 0.29542700
v 0.51749900 0.33576400 0.29641500
v 0.46813700 0.34224300 0.33449100
v 0.49200100 0.33595400 0.33454800
v 0.49306500 0.34613800 0.29734600
v 0.53942500 0.31792300 0.20819800
v 0.51694800 0.33641000 0.20819800
v 0.46880200 0.34936800 0.20821700
v 0.46669300 0.33124200 0.16930500
v 0.42037100 0.31657400 0.17133800
v 0.46329200 0.30452800 0.14059600
v 0.42654600 0.29210200 0.14371200
v 0.38155400 0.27215200 0.17373200
v 0.39350500 0.25427300 0.14720800
v 0.46566700 0.23930100 0.10806800
v 0.44410200 0.23173900 0.11084200
v 0.42470300 0.20930000 0.11395800
v 0.46937200 0.18043900 0.09788400
v 0.46158200 0.17430200 0.09898600
v 0.45379200 0.16818400 0.10008800
v 0.47074000 0.16181900 0.09720000
v 0.46312100 0.15507400 0.09784600
v 0.47129100 0.15484600 0.09733300
v 0.46663600 0.15017200 0.09733300
v 0.37632900 0.19907800 0.14971600
v 0.41467100 0.17643000 0.11618100
v 0.37458100 0.17302900 0.15062800
v 0.37699400 0.15361100 0.15125500
v 0.41499400 0.14926000 0.11753000
v 0.45020100 0.15488400 0.10092400
v 0.46608500 0.14549800 0.09733300
v 0.45010600 0.14359800 0.10143700
v 0.46553400 0.14080500 0.09733300
v 0.38761500 0.14253400 0.15182500
v 0.40691900 0.13582700 0.15260400
v 0.43268300 0.13871500 0.11874600
v 0.45717400 0.13953200 0.10189300
v 0.46846000 0.13979800 0.09733300
v 0.46671200 0.13639700 0.12085500
v 0.46975200 0.13833500 0.10269100
v 0.47140500 0.13879100 0.09733300
v 0.52283800 0.13673900 0.15072300
v 0.50053200 0.13926600 0.11707400
v 0.48225400 0.13977900 0.10126600
v 0.55586000 0.14289500 0.17561300
v 0.56674700 0.15739200 0.17456800
v 0.54157200 0.14435800 0.14939300
v 0.55109100 0.15649900 0.14846200
v 0.51723300 0.15097000 0.11506000
v 0.48896100 0.14430100 0.10050600
v 0.47714300 0.14107100 0.09733300
v 0.56872300 0.18137000 0.17392200
v 0.55266800 0.17715200 0.14749300
v 0.56650000 0.21349900 0.17308600
v 0.55086300 0.20430300 0.14629600
v 0.51704300 0.17952700 0.11312200
v 0.54846900 0.27720600 0.17164200
v 0.53554900 0.25856700 0.14416800
v 0.50809400 0.21188400 0.11124100
v 0.48550300 0.16922900 0.09908100
v 0.47609800 0.15057100 0.09733300
v 0.53038100 0.30291300 0.17101500
v 0.51010800 0.31957600 0.17042600
v 0.52015900 0.28047400 0.14323700
v 0.50290700 0.29464800 0.14236300
v 0.48890400 0.23325900 0.10964500
v 0.47773200 0.17485300 0.09851100
v 0.46996100 0.18045800 0.09792200
v 0.47102500 0.16181900 0.09721900
v 0.47146200 0.15486500 0.09733300
v 0.47026500 0.24874400 0.39455000
v 0.43264500 0.20063600 0.50851200
v 0.43669200 0.19446100 0.50611800
v 0.43363300 0.19592400 0.50437000
v 0.43576100 0.19896400 0.51005100
v 0.43750900 0.19094600 0.50877800
v 0.43169500 0.20434100 0.51250200
v 0.43484900 0.20247900 0.51381300
v 0.43513400 0.20006600 0.51865800
v 0.43068800 0.20696300 0.51668200
v 0.43391800 0.20494900 0.51772700
v 0.43557100 0.18741200 0.51077300
v 0.43424100 0.19345400 0.51637800
v 0.43205600 0.18596800 0.51094400
v 0.43082100 0.19159200 0.51611200
v 0.43363300 0.19518300 0.51892400
v 0.43027000 0.19316900 0.51837300
v 0.42899700 0.18741200 0.50919600
v 0.42764800 0.19345400 0.51478200
v 0.42704000 0.19518300 0.51734700
v 0.42818000 0.19094600 0.50653600
v 0.42582400 0.20006600 0.51641600
v 0.43009900 0.19446100 0.50454100
v 0.42916800 0.19896400 0.50847400
v 0.42827500 0.20247900 0.51223600
v 0.42732500 0.20494900 0.51615000
v 0.42918700 0.20802700 0.52289500
v 0.43230300 0.20595600 0.51721400
v 0.43101100 0.20747600 0.52329400
v 0.43253100 0.20599400 0.52354100
v 0.43397500 0.20107300 0.52350300
v 0.42743900 0.20667800 0.53019100
v 0.43091600 0.20485400 0.53022900
v 0.43272100 0.20046500 0.52872800
v 0.42666000 0.20481600 0.53351600
v 0.43021300 0.20318200 0.53321200
v 0.42601400 0.20198500 0.53619500
v 0.42960500 0.20073100 0.53568200
v 0.43173300 0.19771000 0.53283200
v 0.42557700 0.19807100 0.53796200
v 0.42924400 0.19723500 0.53722100
v 0.42546300 0.19296000 0.53849400
v 0.42911100 0.19278900 0.53775300
v 0.43135300 0.19237100 0.53439000
v 0.43270200 0.19611400 0.52280000
v 0.42947200 0.19370100 0.52169800
v 0.43179000 0.19605700 0.52656200
v 0.42869300 0.19423300 0.52500400
v 0.43112500 0.19470800 0.52933600
v 0.42816100 0.19345400 0.52724600
v 0.43087800 0.19193400 0.53038100
v 0.42795200 0.19176300 0.52806300
v 0.42610900 0.19611400 0.52122300
v 0.42341100 0.20046500 0.52648600
v 0.42521600 0.19605700 0.52498500
v 0.42455100 0.19470800 0.52775900
v 0.42242300 0.19771000 0.53060900
v 0.42430400 0.19193400 0.52880400
v 0.42204300 0.19237100 0.53216700
v 0.42593800 0.20599400 0.52196400
v 0.42740100 0.20747600 0.52242000
v 0.42434200 0.20485400 0.52865200
v 0.42362000 0.20318200 0.53163500
v 0.42303100 0.20073100 0.53410500
v 0.42265100 0.19725400 0.53564400
v 0.42253700 0.19278900 0.53617600
v 0.42591900 0.17521400 0.53651800
v 0.42956700 0.17557500 0.53587200
v 0.43175200 0.17643000 0.53277500
v 0.42702100 0.16022300 0.53190100
v 0.43059300 0.16123000 0.53154000
v 0.43262600 0.16366200 0.52908900
v 0.42869300 0.14882300 0.52496600
v 0.43217000 0.15041900 0.52500400
v 0.43397500 0.15431400 0.52346500
v 0.42970000 0.14470000 0.52072900
v 0.43313900 0.14660000 0.52093800
v 0.43084000 0.14179300 0.51601700
v 0.43420300 0.14378800 0.51649200
v 0.43574200 0.14859500 0.51605500
v 0.43120100 0.17730400 0.52901300
v 0.42825600 0.17766500 0.52680900
v 0.43194200 0.16611300 0.52597300
v 0.42892100 0.16712000 0.52403500
v 0.43306300 0.15819000 0.52128000
v 0.42994700 0.15980500 0.51972200
v 0.43456400 0.15342100 0.51497200
v 0.43135300 0.15541600 0.51387000
v 0.42462700 0.17730400 0.52743600
v 0.42244200 0.17643000 0.53055200
v 0.42534900 0.16611300 0.52439600
v 0.42331600 0.16366200 0.52684700
v 0.42647000 0.15819000 0.51970300
v 0.42466500 0.15431400 0.52124200
v 0.42799000 0.15342100 0.51339500
v 0.42643200 0.14859500 0.51383200
v 0.42297400 0.17557500 0.53429500
v 0.42401900 0.16123000 0.52996300
v 0.42557700 0.15041900 0.52340800
v 0.42654600 0.14660000 0.51936100
v 0.42761000 0.14378800 0.51491500
v 0.44410200 0.20449300 0.49528800
v 0.44938400 0.19866000 0.49154500
v 0.44410200 0.20014200 0.49019600
v 0.44938400 0.20280200 0.49637100
v 0.45156900 0.19506900 0.49475600
v 0.45156900 0.19873600 0.49897400
v 0.44410200 0.21017400 0.50549100
v 0.44938400 0.20817900 0.50592800
v 0.45156900 0.20337200 0.50699200
v 0.44938400 0.19149700 0.49798600
v 0.44938400 0.19465100 0.50157700
v 0.44410200 0.19001500 0.49931600
v 0.44410200 0.19297900 0.50266000
v 0.44938400 0.19858400 0.50805600
v 0.44410200 0.19658900 0.50851200
v 0.43882000 0.19149700 0.49798600
v 0.43882000 0.19465100 0.50157700
v 0.43661600 0.19506900 0.49475600
v 0.43661600 0.19873600 0.49897400
v 0.43880100 0.19858400 0.50805600
v 0.43661600 0.20337200 0.50699200
v 0.43880100 0.19866000 0.49154500
v 0.43880100 0.20280200 0.49637100
v 0.43880100 0.20817900 0.50592800
v 0.44410200 0.21082000 0.51345200
v 0.44938400 0.20884400 0.51339500
v 0.45156900 0.20407500 0.51322400
v 0.44410200 0.20907200 0.52299000
v 0.44938400 0.20734300 0.52211600
v 0.45156900 0.20314400 0.52000700
v 0.44410200 0.20411300 0.53104600
v 0.44938400 0.20297300 0.52941200
v 0.45156900 0.20021800 0.52549800
v 0.44410200 0.19516400 0.53456100
v 0.44938400 0.19508800 0.53258500
v 0.45156900 0.19489800 0.52783500
v 0.44938400 0.19924900 0.51301500
v 0.44410200 0.19691200 0.51276800
v 0.44938400 0.19896400 0.51789800
v 0.44410200 0.19723500 0.51702400
v 0.44938400 0.19746300 0.52158400
v 0.44410200 0.19632300 0.51996900
v 0.44938400 0.19470800 0.52308500
v 0.44410200 0.19463200 0.52112800
v 0.43882000 0.19924900 0.51301500
v 0.43661600 0.20407500 0.51322400
v 0.43882000 0.19896400 0.51789800
v 0.43661600 0.20314400 0.52000700
v 0.43882000 0.19746300 0.52158400
v 0.43661600 0.20021800 0.52549800
v 0.43882000 0.19470800 0.52308500
v 0.43661600 0.19489800 0.52783500
v 0.43880100 0.20884400 0.51339500
v 0.43880100 0.20734300 0.52211600
v 0.43882000 0.20297300 0.52943100
v 0.43882000 0.19508800 0.53258500
v 0.44410200 0.17795000 0.53304100
v 0.44938400 0.17838700 0.53117900
v 0.45156900 0.17943200 0.52669500
v 0.44410200 0.16358600 0.52796800
v 0.44938400 0.16465000 0.52642900
v 0.45156900 0.16719600 0.52266700
v 0.44410200 0.15287000 0.51968400
v 0.44938400 0.15448500 0.51860100
v 0.45156900 0.15839900 0.51596000
v 0.44410200 0.14656200 0.50851200
v 0.44938400 0.14853800 0.50798000
v 0.45156900 0.15326900 0.50670700
v 0.44938400 0.18049600 0.52219200
v 0.44410200 0.18093300 0.52034900
v 0.44938400 0.16974200 0.51892400
v 0.44410200 0.17080600 0.51738500
v 0.44938400 0.16231300 0.51331900
v 0.44410200 0.16392800 0.51223600
v 0.44938400 0.15801900 0.50543400
v 0.44410200 0.15999500 0.50490200
v 0.43882000 0.18049600 0.52219200
v 0.43661600 0.17943200 0.52669500
v 0.43882000 0.16974200 0.51892400
v 0.43661600 0.16719600 0.52266700
v 0.43882000 0.16231300 0.51331900
v 0.43661600 0.15839900 0.51596000
v 0.43882000 0.15801900 0.50543400
v 0.43661600 0.15326900 0.50670700
v 0.43882000 0.17838700 0.53117900
v 0.43882000 0.16465000 0.52642900
v 0.43882000 0.15448500 0.51860100
v 0.43882000 0.14853800 0.50798000
v 0.48367900 0.20449300 0.49528800
v 0.48898000 0.19866000 0.49152600
v 0.48367900 0.20014200 0.49019600
v 0.48898000 0.20280200 0.49637100
v 0.49116500 0.19506900 0.49475600
v 0.49116500 0.19873600 0.49897400
v 0.48367900 0.21017400 0.50549100
v 0.48898000 0.20817900 0.50592800
v 0.49116500 0.20337200 0.50699200
v 0.48898000 0.19149700 0.49798600
v 0.48898000 0.19465100 0.50157700
v 0.48369800 0.19001500 0.49931600
v 0.48369800 0.19297900 0.50266000
v 0.48898000 0.19858400 0.50805600
v 0.48369800 0.19658900 0.50851200
v 0.47839700 0.19149700 0.49798600
v 0.47839700 0.19465100 0.50157700
v 0.47621200 0.19506900 0.49475600
v 0.47621200 0.19873600 0.49897400
v 0.47839700 0.19858400 0.50805600
v 0.47621200 0.20337200 0.50699200
v 0.47839700 0.19866000 0.49152600
v 0.47839700 0.20280200 0.49637100
v 0.47839700 0.20817900 0.50592800
v 0.48369800 0.21082000 0.51345200
v 0.48898000 0.20884400 0.51339500
v 0.49116500 0.20407500 0.51322400
v 0.48369800 0.20907200 0.52299000
v 0.48898000 0.20734300 0.52211600
v 0.49116500 0.20314400 0.52000700
v 0.48369800 0.20411300 0.53104600
v 0.48898000 0.20297300 0.52941200
v 0.49116500 0.20021800 0.52549800
v 0.48369800 0.19516400 0.53456100
v 0.48898000 0.19508800 0.53258500
v 0.49116500 0.19489800 0.52783500
v 0.48898000 0.19924900 0.51301500
v 0.48369800 0.19691200 0.51276800
v 0.48898000 0.19896400 0.51789800
v 0.48369800 0.19723500 0.51702400
v 0.48898000 0.19746300 0.52158400
v 0.48369800 0.19632300 0.51995000
v 0.48898000 0.19470800 0.52308500
v 0.48369800 0.19463200 0.52110900
v 0.47839700 0.19924900 0.51301500
v 0.47621200 0.20407500 0.51322400
v 0.47839700 0.19896400 0.51789800
v 0.47621200 0.20314400 0.52000700
v 0.47839700 0.19746300 0.52158400
v 0.47621200 0.20021800 0.52549800
v 0.47839700 0.19470800 0.52308500
v 0.47621200 0.19489800 0.52783500
v 0.47839700 0.20884400 0.51339500
v 0.47839700 0.20734300 0.52211600
v 0.47839700 0.20297300 0.52941200
v 0.47839700 0.19508800 0.53258500
v 0.48369800 0.17795000 0.53304100
v 0.48898000 0.17838700 0.53117900
v 0.49116500 0.17943200 0.52669500
v 0.48369800 0.16358600 0.52796800
v 0.48898000 0.16465000 0.52641000
v 0.49116500 0.16719600 0.52266700
v 0.48369800 0.15287000 0.51968400
v 0.48898000 0.15448500 0.51858200
v 0.49116500 0.15839900 0.51596000
v 0.48369800 0.14656200 0.50851200
v 0.48898000 0.14853800 0.50798000
v 0.49116500 0.15326900 0.50670700
v 0.48898000 0.18049600 0.52219200
v 0.48369800 0.18093300 0.52033000
v 0.48898000 0.16974200 0.51892400
v 0.48369800 0.17080600 0.51736600
v 0.48898000 0.16231300 0.51331900
v 0.48369800 0.16392800 0.51223600
v 0.48898000 0.15801900 0.50543400
v 0.48369800 0.15999500 0.50490200
v 0.47839700 0.18049600 0.52219200
v 0.47621200 0.17943200 0.52669500
v 0.47839700 0.16974200 0.51892400
v 0.47621200 0.16719600 0.52266700
v 0.47839700 0.16231300 0.51331900
v 0.47621200 0.15839900 0.51596000
v 0.47839700 0.15801900 0.50543400
v 0.47621200 0.15326900 0.50670700
v 0.47839700 0.17838700 0.53117900
v 0.47839700 0.16465000 0.52642900
v 0.47841600 0.15448500 0.51860100
v 0.47841600 0.14853800 0.50798000
v 0.49669400 0.20063600 0.50847400
v 0.49927800 0.19446100 0.50454100
v 0.49576300 0.19592400 0.50431300
v 0.50015200 0.19896400 0.50849300
v 0.50117800 0.19094600 0.50657400
v 0.49756800 0.20434100 0.51246400
v 0.50100700 0.20247900 0.51225500
v 0.50338200 0.20006600 0.51647300
v 0.49851800 0.20696300 0.51668200
v 0.50188100 0.20494900 0.51618800
v 0.50032300 0.18741200 0.50921500
v 0.50157700 0.19345400 0.51482000
v 0.49722600 0.18596800 0.51092500
v 0.49838500 0.19159200 0.51609300
v 0.50214700 0.19518300 0.51738500
v 0.49889800 0.19316900 0.51837300
v 0.49371100 0.18741200 0.51067800
v 0.49496500 0.19345400 0.51630200
v 0.49553500 0.19518300 0.51886700
v 0.49181100 0.19094600 0.50866400
v 0.49403400 0.20006600 0.51856300
v 0.49266600 0.19446100 0.50602300
v 0.49354000 0.19896400 0.50997500
v 0.49439500 0.20247900 0.51373700
v 0.49526900 0.20494900 0.51765100
v 0.49990500 0.20802700 0.52289500
v 0.50019000 0.20595600 0.51643500
v 0.50171000 0.20747600 0.52245800
v 0.50317300 0.20599400 0.52202100
v 0.50446500 0.20107300 0.52135600
v 0.50153900 0.20667800 0.53022900
v 0.50467400 0.20485400 0.52872800
v 0.50562400 0.20046500 0.52658100
v 0.50228000 0.20481600 0.53355400
v 0.50533900 0.20318200 0.53173000
v 0.50288800 0.20198500 0.53625200
v 0.50589000 0.20073100 0.53420000
v 0.50655500 0.19771000 0.53072300
v 0.50326800 0.19807100 0.53801900
v 0.50623200 0.19725400 0.53575800
v 0.50340100 0.19297900 0.53857000
v 0.50636500 0.19278900 0.53629000
v 0.50689700 0.19237100 0.53228100
v 0.50300200 0.19611400 0.52128000
v 0.49963900 0.19370100 0.52169800
v 0.50385700 0.19605700 0.52504200
v 0.50038000 0.19423300 0.52502300
v 0.50448400 0.19470800 0.52785400
v 0.50087400 0.19345400 0.52726500
v 0.50471200 0.19195300 0.52888000
v 0.50106400 0.19176300 0.52808200
v 0.49639000 0.19611400 0.52274300
v 0.49627600 0.20046500 0.52867100
v 0.49724500 0.19605700 0.52652400
v 0.49787200 0.19470800 0.52931700
v 0.49720700 0.19771000 0.53281300
v 0.49810000 0.19195300 0.53036200
v 0.49754900 0.19237100 0.53437100
v 0.49656100 0.20599400 0.52348400
v 0.49808100 0.20747600 0.52327500
v 0.49806200 0.20485400 0.53021000
v 0.49872700 0.20318200 0.53321200
v 0.49927800 0.20073100 0.53568200
v 0.49962000 0.19725400 0.53722100
v 0.49975300 0.19278900 0.53777200
v 0.50294500 0.17521400 0.53657500
v 0.50594700 0.17557500 0.53440900
v 0.50653600 0.17643000 0.53066600
v 0.50191900 0.16022300 0.53193900
v 0.50495900 0.16123000 0.53005800
v 0.50571900 0.16366200 0.52696100
v 0.50036100 0.14880400 0.52498500
v 0.50349600 0.15041900 0.52348400
v 0.50446500 0.15431400 0.52131800
v 0.49941100 0.14470000 0.52072900
v 0.50260300 0.14660000 0.51941800
v 0.49836600 0.14179300 0.51599800
v 0.50159600 0.14378800 0.51495300
v 0.50279300 0.14859500 0.51388900
v 0.50440800 0.17730400 0.52751200
v 0.50077900 0.17766500 0.52682800
v 0.50372400 0.16611300 0.52447200
v 0.50015200 0.16712000 0.52405400
v 0.50267900 0.15819000 0.51976000
v 0.49920200 0.15980500 0.51972200
v 0.50125400 0.15340200 0.51341400
v 0.49789100 0.15539700 0.51385100
v 0.49779600 0.17730400 0.52899400
v 0.49718800 0.17643000 0.53273700
v 0.49711200 0.16611300 0.52593500
v 0.49637100 0.16366200 0.52903200
v 0.49606700 0.15819000 0.52122300
v 0.49509800 0.15431400 0.52340800
v 0.49464200 0.15340200 0.51489600
v 0.49344500 0.14859500 0.51596000
v 0.49933500 0.17557500 0.53587200
v 0.49836600 0.16123000 0.53152100
v 0.49688400 0.15041900 0.52496600
v 0.49599100 0.14660000 0.52090000
v 0.49498400 0.14378800 0.51643500
v 0.46882100 0.19921100 0.50524400
v 0.46334900 0.20151000 0.50756200
v 0.46334900 0.20067400 0.50520600
v 0.46937200 0.20063600 0.50756200
v 0.46334900 0.20312500 0.51299600
v 0.46956200 0.20232700 0.51295800
v 0.47429300 0.19776700 0.50528200
v 0.47463500 0.20010400 0.51286300
v 0.47759900 0.19461300 0.50537700
v 0.47805500 0.19681700 0.51271100
v 0.47881500 0.19077500 0.50551000
v 0.47930900 0.19278900 0.51252100
v 0.46334900 0.20422700 0.51903800
v 0.46958100 0.20341000 0.51896200
v 0.46334900 0.20344800 0.52321800
v 0.46937200 0.20265000 0.52312300
v 0.47469200 0.20116800 0.51875300
v 0.47427400 0.20048400 0.52287600
v 0.47811200 0.19782400 0.51843000
v 0.47938500 0.19375800 0.51803100
v 0.47759900 0.19727300 0.52249600
v 0.47881500 0.19332100 0.52202100
v 0.47759900 0.18691800 0.50562400
v 0.47429300 0.18376400 0.50571900
v 0.47442600 0.18433400 0.50765700
v 0.46882100 0.18232000 0.50575700
v 0.46937200 0.18226300 0.50765700
v 0.46334900 0.18085700 0.50581400
v 0.46334900 0.18138900 0.50767600
v 0.47811200 0.18967300 0.51765100
v 0.47469200 0.18634800 0.51732800
v 0.47759900 0.18936900 0.52156500
v 0.47427400 0.18615800 0.52118500
v 0.46958100 0.18410600 0.51710000
v 0.46937200 0.18399200 0.52091900
v 0.46334900 0.18328900 0.51702400
v 0.46334900 0.18319400 0.52082400
v 0.45787700 0.18232000 0.50575700
v 0.45732600 0.18226300 0.50765700
v 0.45240500 0.18376400 0.50571900
v 0.44788300 0.19077500 0.50551000
v 0.44909900 0.18691800 0.50562400
v 0.44737000 0.19278900 0.51252100
v 0.45709800 0.18410600 0.51710000
v 0.45732600 0.18399200 0.52091900
v 0.45200600 0.18634800 0.51732800
v 0.45240500 0.18615800 0.52116600
v 0.44856700 0.18967300 0.51765100
v 0.44731300 0.19375800 0.51803100
v 0.44909900 0.18936900 0.52156500
v 0.44788300 0.19332100 0.52202100
v 0.44909900 0.19461300 0.50537700
v 0.45240500 0.19776700 0.50528200
v 0.45227200 0.19856500 0.50758100
v 0.44862400 0.19681700 0.51271100
v 0.45206300 0.20010400 0.51286300
v 0.45787700 0.19921100 0.50524400
v 0.45732600 0.20063600 0.50756200
v 0.45713600 0.20232700 0.51295800
v 0.44856700 0.19782400 0.51843000
v 0.45200600 0.20116800 0.51875300
v 0.44909900 0.19727300 0.52249600
v 0.45240500 0.20048400 0.52287600
v 0.45711700 0.20341000 0.51896200
v 0.45732600 0.20265000 0.52312300
v 0.46334900 0.19702600 0.52998200
v 0.46903000 0.19584800 0.52954500
v 0.47473000 0.19468900 0.52910800
v 0.47818800 0.19214300 0.52817700
v 0.47944200 0.18902700 0.52703700
v 0.46334900 0.19182000 0.53340200
v 0.47505300 0.18984400 0.53222400
v 0.46334900 0.18496100 0.53558700
v 0.47427400 0.18328900 0.53437100
v 0.47860600 0.18771600 0.53093200
v 0.47989800 0.18509400 0.52935500
v 0.47759900 0.18148400 0.53304100
v 0.47881500 0.17926100 0.53142600
v 0.47818800 0.18591100 0.52587800
v 0.47473000 0.18336500 0.52494700
v 0.47860600 0.18247200 0.52779700
v 0.47759900 0.17705700 0.52979200
v 0.47427400 0.17523300 0.52848100
v 0.46954300 0.18169300 0.52433900
v 0.46334900 0.18102800 0.52407300
v 0.46334900 0.17358000 0.52724600
v 0.45715500 0.18169300 0.52433900
v 0.45196800 0.18336500 0.52494700
v 0.45240500 0.17523300 0.52848100
v 0.44851000 0.18591100 0.52587800
v 0.44723700 0.18902700 0.52703700
v 0.44809200 0.18247200 0.52779700
v 0.44678100 0.18509400 0.52935500
v 0.44909900 0.17705700 0.52979200
v 0.44788300 0.17926100 0.53142600
v 0.44851000 0.19214300 0.52817700
v 0.45196800 0.19468900 0.52910800
v 0.44809200 0.18771600 0.53093200
v 0.45164500 0.18984400 0.53222400
v 0.44909900 0.18148400 0.53304100
v 0.45240500 0.18328900 0.53437100
v 0.46334900 0.17800700 0.53592900
v 0.47214600 0.17669600 0.53494100
v 0.46334900 0.17264900 0.53492200
v 0.46922000 0.17188900 0.53425700
v 0.47473000 0.17527100 0.53387700
v 0.47579400 0.17356100 0.53256600
v 0.47167100 0.17004600 0.53264200
v 0.46334900 0.16921000 0.53355400
v 0.46665500 0.16892500 0.53317400
v 0.46334900 0.16799400 0.53288900
v 0.46555300 0.16791800 0.53262300
v 0.46802300 0.16826000 0.53226200
v 0.46648400 0.16776600 0.53199600
v 0.47473000 0.17185100 0.53127400
v 0.47214600 0.17042600 0.53019100
v 0.47045500 0.16913400 0.53184400
v 0.46922000 0.16820300 0.53104600
v 0.46665500 0.16759500 0.53133100
v 0.46334900 0.16744300 0.53038100
v 0.46334900 0.16750000 0.53074200
v 0.46334900 0.16755700 0.53110300
v 0.45455200 0.17042600 0.53019100
v 0.45745900 0.16820300 0.53104600
v 0.46002400 0.16759500 0.53133100
v 0.46112600 0.16761400 0.53136900
v 0.45194900 0.17185100 0.53127400
v 0.45090400 0.17356100 0.53256600
v 0.45624300 0.16913400 0.53184400
v 0.45502700 0.17004600 0.53264200
v 0.45865600 0.16826000 0.53226200
v 0.46021400 0.16776600 0.53199600
v 0.45194900 0.17527100 0.53387700
v 0.45455200 0.17669600 0.53494100
v 0.45745900 0.17188900 0.53425700
v 0.46002400 0.16892500 0.53317400
v 0.46112600 0.16791800 0.53262300
v 0.35155300 0.41370200 0.35846900
v 0.35531500 0.40967400 0.35744300
v 0.34157800 0.41799600 0.33821500
v 0.36164200 0.40241600 0.34055200
v 0.35299700 0.40568400 0.36059700
v 0.35206600 0.38584800 0.35364300
v 0.34923500 0.40971200 0.36164200
v 0.33118500 0.40009800 0.35240800
v 0.19573400 0.33726500 0.12771400
v 0.18463800 0.31818900 0.14281900
v 0.21365100 0.31803700 0.12279300
v 0.20257400 0.29892300 0.13789800
v 0.19210500 0.32590300 0.12254600
v 0.19240900 0.31571900 0.12307800
v 0.19360600 0.31442700 0.12273600
v 0.19594300 0.30450900 0.12824600
v 0.19286500 0.31315400 0.12376200
v 0.19166800 0.31444600 0.12408500
v 0.19651300 0.32254000 0.12741000
v 0.20183300 0.32046900 0.12798000
v 0.19185800 0.31830300 0.12070300
v 0.20360000 0.31374300 0.12195700
v 0.20048400 0.31841700 0.13316700
v 0.19822300 0.29979700 0.13003200
v 0.19514500 0.32048800 0.13259700
v 0.18885600 0.31381900 0.13216000
v 0.16546700 0.20624100 0.08331100
v 0.17506200 0.20249800 0.08433700
v 0.14086200 0.10174100 0.04844600
v 0.14293300 0.07858000 0.04185300
v 0.15317400 0.12190000 0.06607800
v 0.16299700 0.20257400 0.09267800
v 0.13381300 0.07861800 0.04814200
v 0.12435100 0.03972500 0.02500000
v 0.12756200 0.03847100 0.02534200
v 0.13588400 0.06041600 0.04153000
v 0.12674500 0.03725500 0.02847700
v 0.12353400 0.03849000 0.02813500
v 0.34518800 0.41843300 0.34794300
v 0.34929200 0.41795800 0.35282600
v 0.34716400 0.41871800 0.34826600
v 0.34032400 0.41662800 0.35132500
v 0.34317400 0.41037700 0.36264900
v 0.35347200 0.41121300 0.36029300
v 0.33435800 0.40840100 0.35710100
v 0.34554900 0.41812900 0.34594800
v 0.34199600 0.41533600 0.34237600
v 0.33219200 0.40644400 0.34689800
v 0.33794900 0.40564600 0.33802500
v 0.34684100 0.41573500 0.34131200
v 0.34826600 0.40648200 0.33566900
v 0.34754400 0.41843300 0.34629000
v 0.35100200 0.41664700 0.34387700
v 0.35708200 0.40845800 0.34121700
v 0.35195200 0.41757800 0.34864600
v 0.35924800 0.41041500 0.35142000
v 0.36715200 0.32388900 0.37957800
v 0.35617000 0.32299600 0.38208600
v 0.34678400 0.32088700 0.37619600
v 0.38128800 0.19807100 0.39945200
v 0.36190800 0.19522100 0.39622200
v 0.37085700 0.19721600 0.40182700
v 0.35788000 0.21910400 0.38316900
v 0.36553700 0.19240900 0.37689900
v 0.35972300 0.19322600 0.38588600
v 0.37097100 0.32094400 0.35928600
v 0.37399200 0.21912300 0.37190200
v 0.38493600 0.19525900 0.38014800
v 0.37598700 0.19326400 0.37452400
v 0.38176300 0.25440600 0.38292200
v 0.38712100 0.19725400 0.39046500
v 0.37764000 0.18547400 0.39418900
v 0.36753200 0.18399200 0.39249800
v 0.37239600 0.18222500 0.38810900
v 0.36641100 0.18296600 0.38712100
v 0.36943200 0.18252900 0.38242800
v 0.37260500 0.18205400 0.38698800
v 0.37486600 0.18298500 0.38121200
v 0.37954000 0.18403000 0.38411900
v 0.37374500 0.18222500 0.38715900
v 0.33304700 0.41847100 0.39304900
v 0.33844300 0.41799600 0.39648800
v 0.33504200 0.41875600 0.39278300
v 0.32941800 0.41668500 0.39774200
v 0.33551700 0.41043400 0.40769800
v 0.34465600 0.41125100 0.40237800
v 0.32544700 0.40847700 0.40505700
v 0.33280000 0.41818600 0.39105400
v 0.32835400 0.41539300 0.38869800
v 0.32031700 0.40652000 0.39597500
v 0.32314800 0.40570300 0.38579100
v 0.33264800 0.41577300 0.38624700
v 0.33228700 0.40652000 0.38045200
v 0.33481400 0.41847100 0.39076900
v 0.33737900 0.41668500 0.38744400
v 0.34237600 0.40847700 0.38309300
v 0.33973500 0.41761600 0.39170000
v 0.34750600 0.41043400 0.39217500
v 0.36333300 0.32390800 0.41674200
v 0.35362400 0.32303400 0.42242300
v 0.34288900 0.32094400 0.41961100
v 0.38258000 0.19805200 0.43156200
v 0.36312400 0.19524000 0.43427900
v 0.37332700 0.19723500 0.43695800
v 0.35541000 0.21912300 0.42303100
v 0.36078700 0.19242800 0.41476600
v 0.35793700 0.19326400 0.42508300
v 0.36090100 0.32094400 0.39624100
v 0.36739900 0.21914200 0.40745100
v 0.38026200 0.19525900 0.41204900
v 0.37004000 0.19326400 0.40937000
v 0.37817200 0.25440600 0.41560200
v 0.38544900 0.19723500 0.42122600
v 0.37750700 0.18549300 0.42764800
v 0.36736100 0.18401100 0.42905400
v 0.37066700 0.18224400 0.42341100
v 0.36468200 0.18298500 0.42426600
v 0.36614500 0.18254800 0.41888900
v 0.37053400 0.18207300 0.42227100
v 0.37097100 0.18298500 0.41609600
v 0.37629100 0.18401100 0.41746400
v 0.37167400 0.18224400 0.42211900
v 0.42130200 0.17631600 0.41113700
v 0.41826200 0.18232000 0.40971200
v 0.42221400 0.16993200 0.40424000
v 0.41978200 0.17145200 0.39797000
v 0.41754000 0.16360500 0.40948400
v 0.41185900 0.16069800 0.40690000
v 0.41664700 0.16998900 0.41638100
v 0.41033900 0.17156600 0.41864200
v 0.37929300 0.19510700 0.39181400
v 0.38068000 0.18520800 0.38111700
v 0.37346000 0.17538500 0.38924900
v 0.37207300 0.18530300 0.39994600
v 0.36914700 0.18993900 0.38719700
v 0.36941300 0.18802000 0.38512600
v 0.36800700 0.18612000 0.38670300
v 0.36774100 0.18803900 0.38877400
v 0.42132100 0.17631600 0.44205000
v 0.41816700 0.18232000 0.44085300
v 0.42170100 0.16993200 0.43509600
v 0.41883200 0.17145200 0.42903500
v 0.41744500 0.16360500 0.44068200
v 0.41159300 0.16069800 0.43853500
v 0.41706500 0.16998900 0.44763600
v 0.41094700 0.17156600 0.45033400
v 0.37798200 0.19510700 0.42590000
v 0.37857100 0.18520800 0.41512700
v 0.37197800 0.17538500 0.42379100
v 0.37138900 0.18530300 0.43456400
v 0.36751300 0.18993900 0.42206200
v 0.36762700 0.18802000 0.41997200
v 0.36635400 0.18612000 0.42164400
v 0.36624000 0.18803900 0.42373400
v 0.34026700 0.41689400 0.54157200
v 0.34401000 0.41660900 0.53636600
v 0.34009600 0.41723600 0.53957700
v 0.34478900 0.41508900 0.54541000
v 0.35514400 0.40914200 0.53971000
v 0.35031800 0.41011100 0.53032400
v 0.35199000 0.40688100 0.54957100
v 0.33825300 0.41657100 0.54170500
v 0.33570700 0.41362600 0.54596100
v 0.34266100 0.40465800 0.55415000
v 0.33266700 0.40376500 0.55073000
v 0.33348400 0.41408200 0.54153400
v 0.32782200 0.40473400 0.54134400
v 0.33808200 0.41691300 0.53969100
v 0.33492800 0.41514600 0.53689800
v 0.33099500 0.40699500 0.53146400
v 0.33929800 0.41617200 0.53480800
v 0.34030500 0.40921800 0.52690400
v 0.36709500 0.32347100 0.51033600
v 0.37222500 0.32244500 0.52033000
v 0.36886200 0.32003200 0.53083700
v 0.38493600 0.19839400 0.48888500
v 0.38662700 0.19512600 0.50837900
v 0.38983800 0.19740600 0.49838500
v 0.37458100 0.21864800 0.51603600
v 0.36707600 0.19197200 0.50955700
v 0.37720300 0.19286500 0.51299600
v 0.34653700 0.32016500 0.51155200
v 0.35970400 0.21872400 0.50319200
v 0.36538500 0.19524000 0.49004400
v 0.36217400 0.19294100 0.50003800
v 0.36787400 0.25436800 0.49376800
v 0.37480900 0.19748200 0.48540800
v 0.38094600 0.18562600 0.49340700
v 0.38183900 0.18393500 0.50359100
v 0.37640500 0.18214900 0.49992400
v 0.37691800 0.18275700 0.50596600
v 0.37163600 0.18228200 0.50419900
v 0.37526500 0.18197800 0.49998100
v 0.36910900 0.18279500 0.49924000
v 0.37074300 0.18399200 0.49401500
v 0.37515100 0.18216800 0.49884100
v 0.41136500 0.16997000 0.48937900
v 0.41564000 0.18232000 0.49469900
v 0.41780600 0.17631600 0.49211500
v 0.40469600 0.17150900 0.49004400
v 0.41516500 0.16360500 0.49525000
v 0.41113700 0.16071700 0.50003800
v 0.42158700 0.16997000 0.49798600
v 0.42208100 0.17152800 0.50467400
v 0.38801400 0.19512600 0.52749300
v 0.37803900 0.18526500 0.52325600
v 0.38391000 0.17542300 0.53235700
v 0.39388500 0.18526500 0.53659400
v 0.38083200 0.18995800 0.53602400
v 0.37891300 0.18803900 0.53518800
v 0.38003400 0.18613900 0.53695500
v 0.38197200 0.18803900 0.53777200
v 0.35881100 0.41818600 0.57636100
v 0.36168000 0.41774900 0.57064200
v 0.35833600 0.41849000 0.57442300
v 0.36386500 0.41636200 0.57947700
v 0.37309900 0.41014900 0.57231400
v 0.36684800 0.41104200 0.56380200
v 0.37150300 0.40809700 0.58259300
v 0.35685400 0.41790100 0.57681700
v 0.35497300 0.41505100 0.58147200
v 0.36301000 0.40610200 0.58861600
v 0.35257900 0.40532300 0.58686800
v 0.35208500 0.41548800 0.57746300
v 0.34632800 0.40623500 0.57833700
v 0.35636000 0.41820500 0.57486000
v 0.35276900 0.41645700 0.57263700
v 0.34792400 0.40828700 0.56803900
v 0.35677800 0.41736900 0.56986300
v 0.35641700 0.41028200 0.56201600
v 0.37898900 0.32383200 0.54297800
v 0.38563900 0.32288200 0.55204100
v 0.38394800 0.32069700 0.56298500
v 0.39139600 0.19814700 0.52120400
v 0.39610800 0.19516400 0.54024200
v 0.39772300 0.19723500 0.52984900
v 0.38577200 0.21899000 0.54930500
v 0.37693700 0.19235200 0.54457400
v 0.38750100 0.19313100 0.54636000
v 0.35883000 0.32088700 0.54750000
v 0.36903300 0.21912300 0.53898800
v 0.37222500 0.19535400 0.52551700
v 0.37061000 0.19328300 0.53594800
v 0.37612000 0.25448200 0.52774000
v 0.38081300 0.19736800 0.51941800
v 0.38799500 0.18553100 0.52656200
v 0.39044600 0.18397300 0.53648000
v 0.38448000 0.18224400 0.53376300
v 0.38596200 0.18292800 0.53965300
v 0.38045200 0.18251000 0.53874100
v 0.38335900 0.18207300 0.53401000
v 0.37718400 0.18300400 0.53423800
v 0.37798200 0.18408700 0.52880400
v 0.38309300 0.18224400 0.53288900
v 0.34898800 0.41252400 0.53268000
v 0.34712600 0.40853400 0.52920300
v 0.33175500 0.41619100 0.54742400
v 0.32932300 0.40101000 0.52705600
v 0.35083100 0.40456300 0.53059000
v 0.34463700 0.38457500 0.53273700
v 0.35269300 0.40855300 0.53406700
v 0.34836100 0.39842600 0.55361800
v 0.16506800 0.32829700 0.73869700
v 0.18277600 0.30935400 0.74529000
v 0.15621400 0.30929700 0.72212900
v 0.17390300 0.29033500 0.72868400
v 0.16117300 0.31676400 0.74321900
v 0.16176200 0.30659900 0.74257300
v 0.16117300 0.30532600 0.74147100
v 0.16609400 0.29556000 0.73763300
v 0.16235100 0.30405300 0.74190800
v 0.16294000 0.30532600 0.74301000
v 0.36595500 0.41353100 0.56629100
v 0.36350400 0.40952200 0.56323200
v 0.35134400 0.41771100 0.58352400
v 0.34547300 0.40226400 0.56406800
v 0.36732300 0.40551300 0.56406800
v 0.36126200 0.38565800 0.56754500
v 0.36977400 0.40952200 0.56712700
v 0.36844400 0.39977500 0.58730500
v 0.21595000 0.33566900 0.80039000
v 0.23419000 0.31653600 0.80441800
v 0.20428400 0.31657400 0.78577900
v 0.22250500 0.29740300 0.78978800
v 0.21264400 0.32428800 0.80567200
v 0.21298600 0.31408500 0.80512100
v 0.21220700 0.31281200 0.80415200
v 0.21631100 0.30291300 0.79976300
v 0.21342300 0.31153900 0.80441800
v 0.21420200 0.31281200 0.80540600
v 0.16484000 0.31359100 0.73769000
v 0.16409900 0.31163400 0.73235100
v 0.15955800 0.30912600 0.74373200
v 0.15794300 0.30481300 0.73195200
v 0.16951400 0.30967700 0.73233200
v 0.16732900 0.29094300 0.73485900
v 0.17023600 0.31163400 0.73769000
v 0.17147100 0.30483200 0.74373200
v 0.13166600 0.19581000 0.77597500
v 0.13035500 0.19227600 0.76632300
v 0.10569300 0.09015100 0.80599500
v 0.09917600 0.06689500 0.80510200
v 0.11941100 0.11089900 0.79020600
v 0.14141300 0.19229500 0.77597500
v 0.10751700 0.06691400 0.81237900
v 0.08806100 0.02735600 0.82636300
v 0.08762400 0.02617800 0.82313300
v 0.10088600 0.04859800 0.81158100
v 0.09089200 0.02500000 0.82311400
v 0.09132900 0.02617800 0.82636300
v 0.21532300 0.32094400 0.79968700
v 0.21372700 0.31891100 0.79457600
v 0.21102900 0.31666900 0.80658400
v 0.20749500 0.31220400 0.79527900
v 0.21904700 0.31687800 0.79372100
v 0.21701400 0.29822000 0.79691300
v 0.22062400 0.31891100 0.79887000
v 0.22271400 0.31218500 0.80477900
v 0.18699400 0.20436000 0.84488800
v 0.18412500 0.20071200 0.83563500
v 0.16461200 0.09963200 0.88055100
v 0.15769600 0.07649000 0.88112100
v 0.17593600 0.11992400 0.86240600
v 0.19657000 0.20069300 0.84338700
v 0.16710100 0.07649000 0.88699200
v 0.14954500 0.03748300 0.90458600
v 0.14857600 0.03626700 0.90148900
v 0.16016600 0.05828800 0.88758100
v 0.15178700 0.03503200 0.90099500
v 0.15273700 0.03626700 0.90409200
v 0.34228100 0.41374000 0.40120000
v 0.34554900 0.40971200 0.39909100
v 0.32670100 0.41805300 0.38486000
v 0.34651800 0.40241600 0.38107900
v 0.34427600 0.40572200 0.40281500
v 0.34127400 0.38588600 0.39645000
v 0.34100800 0.40975000 0.40492400
v 0.32100100 0.40017400 0.40152300
v 0.12437000 0.33751200 0.22776800
v 0.11829000 0.31847400 0.24553300
v 0.13995000 0.31826500 0.21771700
v 0.13388900 0.29918900 0.23546300
v 0.11933500 0.32616900 0.22393000
v 0.11977200 0.31598500 0.22434800
v 0.12079800 0.31469300 0.22368300
v 0.12465500 0.30475600 0.22824300
v 0.12039900 0.31342000 0.22486100
v 0.11935400 0.31471200 0.22554500
v 0.12497800 0.32278700 0.22725500
v 0.13022200 0.32071600 0.22621000
v 0.11853700 0.31856900 0.22225800
v 0.13010800 0.31399000 0.21994000
v 0.13048800 0.31868300 0.23156800
v 0.12737200 0.30004400 0.22926900
v 0.12522500 0.32075400 0.23261300
v 0.11908800 0.31408500 0.23409500
v 0.08196200 0.20652600 0.19455600
v 0.09142400 0.20278300 0.19267500
v 0.04787600 0.10206400 0.16875400
v 0.04783800 0.07890300 0.16185700
v 0.06493800 0.12220400 0.18188300
v 0.08241800 0.20287800 0.20424600
v 0.04101700 0.07896000 0.17059700
v 0.02500000 0.04008600 0.15136900
v 0.02817300 0.03883200 0.15074200
v 0.04099800 0.06075800 0.16368100
v 0.02832500 0.03759700 0.15397200
v 0.02515200 0.03885100 0.15461800
v 0.57170600 0.41524100 0.58392300
v 0.56194000 0.40684300 0.56243400
v 0.55916600 0.41087100 0.56517000
v 0.57978100 0.39966100 0.56537900
v 0.55806400 0.40283400 0.56287100
v 0.56372600 0.38303600 0.56716500
v 0.55527100 0.40684300 0.56560700
v 0.55432100 0.39726700 0.58588000
v 0.68177300 0.33521300 0.81540000
v 0.66322900 0.31606100 0.81749000
v 0.69505400 0.31604200 0.80234700
v 0.67652900 0.29685200 0.80441800
v 0.68449000 0.32388900 0.82111900
v 0.68422400 0.31368600 0.82062500
v 0.68511700 0.31241300 0.81975100
v 0.68156400 0.30245700 0.81500100
v 0.68388200 0.31112100 0.81988400
v 0.68298900 0.31241300 0.82075800
v 0.56579700 0.41592500 0.57408100
v 0.56290900 0.41512700 0.56995800
v 0.56509400 0.41562100 0.57598100
v 0.55975500 0.41381600 0.57848900
v 0.55855800 0.40836300 0.56262400
v 0.55139500 0.40750800 0.57037600
v 0.55179400 0.40555100 0.58078800
v 0.56701300 0.41533600 0.57664600
v 0.56836200 0.41254300 0.58151000
v 0.55956500 0.40361300 0.58776100
v 0.57012900 0.40287200 0.58721000
v 0.57168700 0.41296100 0.57784300
v 0.57731100 0.40372700 0.57943900
v 0.56771600 0.41564000 0.57474600
v 0.57153500 0.41387300 0.57296000
v 0.57689300 0.40570300 0.56900800
v 0.56786800 0.41476600 0.56974900
v 0.56914100 0.40762200 0.56205400
v 0.54905800 0.32096300 0.54123000
v 0.54142000 0.32005100 0.54949500
v 0.54185700 0.31796100 0.56057200
v 0.53946300 0.19508800 0.51919000
v 0.53262300 0.19221900 0.53758200
v 0.53220500 0.19421400 0.52705600
v 0.54180000 0.21615900 0.54757600
v 0.55118600 0.18952100 0.54408000
v 0.54048900 0.19028100 0.54465000
v 0.56857100 0.31813200 0.54805100
v 0.55960300 0.21627300 0.53921600
v 0.55804500 0.19237100 0.52566900
v 0.55846300 0.19037600 0.53621400
v 0.55377000 0.25151800 0.52696100
v 0.55017900 0.19432800 0.51862000
v 0.54227500 0.18252900 0.52498500
v 0.53870300 0.18102800 0.53458000
v 0.54493500 0.17928000 0.53256600
v 0.54280700 0.18002100 0.53822800
v 0.54837400 0.17962200 0.53796200
v 0.54601800 0.17912800 0.53294600
v 0.55213600 0.18007800 0.53385800
v 0.55194600 0.18110400 0.52836700
v 0.54643600 0.17929900 0.53186300
v 0.59471500 0.41522200 0.53959600
v 0.57826100 0.40684300 0.52268600
v 0.57655100 0.41085200 0.52620100
v 0.59604500 0.39968000 0.51938000
v 0.57476500 0.40281500 0.52439600
v 0.58156700 0.38301700 0.52648600
v 0.57305500 0.40682400 0.52793000
v 0.57904000 0.39722900 0.54729100
v 0.77681100 0.33515600 0.71992500
v 0.76009100 0.31596600 0.72815200
v 0.78492400 0.31602300 0.70312900
v 0.76820400 0.29679500 0.71131800
v 0.78131400 0.32381300 0.72437100
v 0.78091500 0.31362900 0.72397200
v 0.78146600 0.31233700 0.72285100
v 0.77650700 0.30240000 0.71956400
v 0.78034500 0.31106400 0.72340200
v 0.77981300 0.31233700 0.72452300
v 0.58582300 0.41590600 0.53233800
v 0.58171900 0.41512700 0.52943100
v 0.58580400 0.41560200 0.53435200
v 0.58162400 0.41377800 0.53853200
v 0.57512600 0.40836300 0.52399700
v 0.57102200 0.40748900 0.53372500
v 0.57493600 0.40551300 0.54337700
v 0.58781800 0.41533600 0.53433300
v 0.59074400 0.41254300 0.53843700
v 0.58462600 0.40359400 0.54729100
v 0.59437300 0.40285300 0.54318700
v 0.59264400 0.41296100 0.53387700
v 0.59849600 0.40372700 0.53344000
v 0.58785600 0.41562100 0.53230000
v 0.59083900 0.41387300 0.52933600
v 0.59456300 0.40570300 0.52378800
v 0.58629800 0.41476600 0.52755000
v 0.58489200 0.40762200 0.51987400
v 0.55905200 0.32096300 0.50697300
v 0.55466300 0.32003200 0.51732800
v 0.55882400 0.31792300 0.52760700
v 0.54269300 0.19508800 0.48930300
v 0.54248400 0.19220000 0.50893000
v 0.53851300 0.19419500 0.49916400
v 0.55449200 0.21614000 0.51525700
v 0.56214900 0.18950200 0.50874000
v 0.55228800 0.19024300 0.51292000
v 0.57970500 0.31813200 0.50676400
v 0.56840000 0.21627300 0.50136800
v 0.56235800 0.19239000 0.48911300
v 0.56632900 0.19039500 0.49887900
v 0.55871000 0.25151800 0.49184900
v 0.55257300 0.19434700 0.48514200
v 0.54729100 0.18252900 0.49378700
v 0.54719600 0.18100900 0.50402800
v 0.55238300 0.17928000 0.50001900
v 0.55230700 0.18000200 0.50608000
v 0.55745600 0.17960300 0.50393300
v 0.55354200 0.17912800 0.50000000
v 0.55960300 0.18007800 0.49878400
v 0.55755100 0.18112300 0.49369200
v 0.55354200 0.17929900 0.49886000
v 0.78313800 0.31621300 0.72494100
v 0.77772300 0.31837900 0.71384500
v 0.77734300 0.32043100 0.71920300
v 0.78399300 0.31169100 0.71314200
v 0.77238400 0.31630800 0.71426300
v 0.77519600 0.29768800 0.71699900
v 0.77200400 0.31836000 0.71962100
v 0.77137700 0.31167200 0.72587200
v 0.81598900 0.20426500 0.75726000
v 0.81669200 0.20056000 0.74760800
v 0.84657900 0.09986000 0.78739400
v 0.85359000 0.07675600 0.78646300
v 0.83126500 0.11998100 0.77223200
v 0.80635600 0.20054100 0.75803900
v 0.84578100 0.07673700 0.79434800
v 0.86713700 0.03793900 0.80762900
v 0.86736500 0.03670400 0.80441800
v 0.85277300 0.05857300 0.79341700
v 0.86415400 0.03545000 0.80466500
v 0.86392600 0.03668500 0.80789500
v 0.68601000 0.31627000 0.82227800
v 0.68468000 0.31843600 0.81000400
v 0.68249500 0.32048800 0.81490600
v 0.69079800 0.31172900 0.81148600
v 0.67949300 0.31636500 0.80857900
v 0.68118400 0.29774500 0.81211300
v 0.67732700 0.31843600 0.81350000
v 0.67461000 0.31174800 0.81918100
v 0.70577000 0.20434100 0.86392600
v 0.70968400 0.20061700 0.85509100
v 0.72420000 0.09995500 0.90272400
v 0.73104000 0.07683200 0.90426300
v 0.71494700 0.12005700 0.88324900
v 0.69644100 0.20061700 0.86138000
v 0.72102700 0.07683200 0.90901300
v 0.73656900 0.03801500 0.92879200
v 0.73788000 0.03678000 0.92584700
v 0.72790500 0.05866800 0.91053300
v 0.73476400 0.03552600 0.92499200
v 0.73345300 0.03678000 0.92795600
v 0.51050700 0.17335200 0.49219100
v 0.51276800 0.17935600 0.49468000
v 0.51683400 0.16698700 0.48920800
v 0.52352200 0.16854500 0.48962600
v 0.51326200 0.16064100 0.49523100
v 0.51748000 0.15773400 0.49984800
v 0.50693500 0.16698700 0.49819500
v 0.50670700 0.16854500 0.50490200
v 0.54161000 0.19216200 0.52639100
v 0.55141400 0.18230100 0.52179300
v 0.54590400 0.17244000 0.53110300
v 0.53610000 0.18230100 0.53572000
v 0.54911500 0.18697500 0.53465600
v 0.55101500 0.18507500 0.53376300
v 0.54995100 0.18317500 0.53556800
v 0.54805100 0.18507500 0.53646100
v 0.61521600 0.41526000 0.41761600
v 0.59285300 0.40688100 0.42514000
v 0.59528500 0.41089000 0.42819900
v 0.59758400 0.39971800 0.40767900
v 0.59289100 0.40285300 0.42905400
v 0.59773600 0.38305500 0.42381000
v 0.59532300 0.40686200 0.43211300
v 0.61538700 0.39726700 0.43509600
v 0.85666800 0.33540300 0.33141300
v 0.85685800 0.31621300 0.35003300
v 0.84502100 0.31627000 0.31684000
v 0.84521100 0.29704200 0.33544100
v 0.86263400 0.32407900 0.32926600
v 0.86210200 0.31387600 0.32945600
v 0.86132300 0.31260300 0.32848700
v 0.85623100 0.30264700 0.33152700
v 0.86132300 0.31131100 0.32972200
v 0.86210200 0.31260300 0.33069100
v 0.60480400 0.41594400 0.42251800
v 0.60041500 0.41516500 0.42496900
v 0.60660900 0.41565900 0.42339200
v 0.60858500 0.41383500 0.42897800
v 0.59266300 0.40840100 0.42854100
v 0.59965500 0.40752700 0.43646400
v 0.61006700 0.40555100 0.43709100
v 0.60746400 0.41537400 0.42156800
v 0.61244200 0.41258100 0.42071300
v 0.61778100 0.40363200 0.43008000
v 0.61829400 0.40291000 0.41949700
v 0.60913600 0.41299900 0.41704600
v 0.61130200 0.40378400 0.41157400
v 0.60565900 0.41567800 0.42067500
v 0.60427200 0.41393000 0.41668500
v 0.60089000 0.40576000 0.41092800
v 0.60070000 0.41480400 0.42001000
v 0.59317600 0.40766000 0.41795800
v 0.57043300 0.32098200 0.43566600
v 0.57786200 0.32005100 0.44408300
v 0.58893900 0.31796100 0.44476700
v 0.54751900 0.19508800 0.44273400
v 0.56513200 0.19220000 0.45139800
v 0.55458700 0.19419500 0.45075200
v 0.57600000 0.21615900 0.44332300
v 0.57347300 0.18952100 0.43357600
v 0.57294100 0.19026200 0.44429200
v 0.57917300 0.31817000 0.41693200
v 0.56948300 0.21629200 0.42476000
v 0.55584100 0.19240900 0.42491200
v 0.56638600 0.19041400 0.42555800
v 0.55671500 0.25153700 0.42939600
v 0.54803200 0.19434700 0.43201800
v 0.55356100 0.18252900 0.44051100
v 0.56273800 0.18102800 0.44503300
v 0.56137000 0.17929900 0.43861100
v 0.56680400 0.18002100 0.44130900
v 0.56708900 0.17962200 0.43574200
v 0.56186400 0.17912800 0.43756600
v 0.56338400 0.18009700 0.43158100
v 0.55789300 0.18112300 0.43122000
v 0.56081900 0.17929900 0.43705300
v 0.50742900 0.17335200 0.44034000
v 0.51079200 0.17935600 0.44024500
v 0.50925300 0.16700600 0.43357600
v 0.51388900 0.16858300 0.42873100
v 0.51153300 0.16064100 0.44016900
v 0.51778400 0.15773400 0.43994100
v 0.50970900 0.16698700 0.44693300
v 0.51468700 0.16852600 0.45143600
v 0.55365600 0.19216200 0.43878200
v 0.55646800 0.18233900 0.42829400
v 0.56000200 0.17245900 0.43849700
v 0.55719000 0.18228200 0.44898500
v 0.56479000 0.18699400 0.43838300
v 0.56534100 0.18509400 0.43635000
v 0.56602500 0.18317500 0.43832600
v 0.56547400 0.18507500 0.44035900
v 0.50742900 0.17335200 0.40902800
v 0.51079200 0.17935600 0.40893300
v 0.50925300 0.16700600 0.40226400
v 0.51388900 0.16858300 0.39741900
v 0.51153300 0.16064100 0.40885700
v 0.51778400 0.15773400 0.40862900
v 0.50970900 0.16698700 0.41562100
v 0.51468700 0.16852600 0.42012400
v 0.55365600 0.19216200 0.40747000
v 0.55646800 0.18233900 0.39698200
v 0.56000200 0.17245900 0.40718500
v 0.55719000 0.18228200 0.41767300
v 0.56479000 0.18699400 0.40707100
v 0.56534100 0.18509400 0.40503800
v 0.56602500 0.18317500 0.40701400
v 0.56547400 0.18507500 0.40904700
v 0.59914200 0.41598200 0.37988200
v 0.59545600 0.41520300 0.38328300
v 0.60111800 0.41569700 0.38031900
v 0.60432900 0.41389200 0.38529700
v 0.58876800 0.40842000 0.38860300
v 0.59741300 0.40760300 0.39468300
v 0.60769200 0.40566500 0.39287800
v 0.60151700 0.41541200 0.37834300
v 0.60617200 0.41261900 0.37636700
v 0.61356300 0.40374600 0.38427100
v 0.61160600 0.40294800 0.37387800
v 0.60210600 0.41301800 0.37355500
v 0.60296100 0.40378400 0.36777900
v 0.59954100 0.41569700 0.37790600
v 0.59728000 0.41393000 0.37435300
v 0.59268200 0.40572200 0.36958400
v 0.59458200 0.41482300 0.37841900
v 0.58681100 0.40764100 0.37819100
v 0.56908400 0.32100100 0.40104800
v 0.57829900 0.32012700 0.40752700
v 0.58922400 0.31805600 0.40562700
v 0.54888700 0.19508800 0.41377800
v 0.56803900 0.19227600 0.41811000
v 0.55762700 0.19425200 0.41993400
v 0.57664600 0.21621600 0.40764100
v 0.57201000 0.18954000 0.39886300
v 0.57398600 0.19033800 0.40938900
v 0.57326400 0.31811300 0.38081300
v 0.56600600 0.21625400 0.39109200
v 0.55283900 0.19233300 0.39451200
v 0.56325100 0.19037600 0.39268800
v 0.55453000 0.25148000 0.39842600
v 0.54689200 0.19429000 0.40323300
v 0.55428300 0.18252900 0.41026300
v 0.56427700 0.18106600 0.41252400
v 0.56144600 0.17929900 0.40661500
v 0.56735500 0.18005900 0.40796400
v 0.56634800 0.17964100 0.40247300
v 0.56169300 0.17914700 0.40547500
v 0.56176900 0.18007800 0.39930000
v 0.55635400 0.18110400 0.40021200
v 0.56055300 0.17929900 0.40522800
v 0.60902200 0.41529800 0.37408700
v 0.58895800 0.40688100 0.38649400
v 0.59203600 0.41089000 0.38892600
v 0.58960400 0.39973700 0.36840600
v 0.58988900 0.40285300 0.39027500
v 0.59342300 0.38307400 0.38406200
v 0.59296700 0.40688100 0.39270700
v 0.61318300 0.39728600 0.39103500
v 0.82453900 0.33559300 0.23514000
v 0.82898500 0.31638400 0.25320900
v 0.80989000 0.31646000 0.22356900
v 0.81431700 0.29721300 0.24163800
v 0.82985900 0.32426900 0.23168200
v 0.82940300 0.31406600 0.23198600
v 0.82841500 0.31279300 0.23120700
v 0.82415900 0.30283700 0.23531100
v 0.82870000 0.31152000 0.23242300
v 0.82968800 0.31279300 0.23318300
v 0.83080900 0.31666900 0.23002900
v 0.81882000 0.31881600 0.23291700
v 0.82395000 0.32086800 0.23445600
v 0.81948500 0.31214700 0.22664700
v 0.81806000 0.31672600 0.23821800
v 0.82134700 0.29812500 0.23605200
v 0.82320900 0.31879700 0.23975700
v 0.82919400 0.31210900 0.24171400
v 0.86955000 0.20477800 0.20481600
v 0.86029700 0.20107300 0.20204200
v 0.90565000 0.10044900 0.18131300
v 0.90629600 0.07734500 0.17426400
v 0.88752400 0.12053200 0.19301700
v 0.86823900 0.20105400 0.21437300
v 0.91228100 0.07732600 0.18357400
v 0.92991300 0.03854700 0.16556200
v 0.92681600 0.03731200 0.16463100
v 0.91290800 0.05916200 0.17654400
v 0.92636000 0.03605800 0.16782300
v 0.92945700 0.03729300 0.16875400
v 0.86392600 0.31647900 0.32787900
v 0.85157600 0.31862600 0.32795500
v 0.85623100 0.32067800 0.33063400
v 0.85366600 0.31193800 0.32200800
v 0.84963800 0.31655500 0.33295200
v 0.85332400 0.29793500 0.33160300
v 0.85431200 0.31860700 0.33563100
v 0.85967000 0.31191900 0.33889900
v 0.90734100 0.20456900 0.31222300
v 0.89896200 0.20086400 0.30741600
v 0.94781100 0.10020200 0.29763100
v 0.95003400 0.07709800 0.29090500
v 0.92750000 0.12030400 0.30488900
v 0.90388300 0.20082600 0.32122900
v 0.95373900 0.07707900 0.30135500
v 0.97500000 0.03828100 0.28782700
v 0.97218800 0.03704600 0.28623100
v 0.95594300 0.05891500 0.29464800
v 0.97102900 0.03579200 0.28923300
v 0.97384100 0.03704600 0.29084800
v 0.50944300 0.17335200 0.46840300
v 0.51221700 0.17935600 0.47034100
v 0.51495300 0.16698700 0.46409000
v 0.52156500 0.16854500 0.46300700
v 0.51282500 0.16064100 0.47075900
v 0.51795500 0.15773400 0.47433100
v 0.50731500 0.16698700 0.47507200
v 0.50858800 0.16854500 0.48164600
v 0.54740500 0.19216200 0.49483200
v 0.55593600 0.18230100 0.48814400
v 0.55263000 0.17244000 0.49846100
v 0.54409900 0.18230100 0.50514900
v 0.55654400 0.18697500 0.50119700
v 0.55819700 0.18507500 0.49990500
v 0.55757000 0.18317500 0.50190000
v 0.55591700 0.18507500 0.50319200
v 0.41358800 0.16991300 0.46414700
v 0.41628600 0.18232000 0.47032200
v 0.41906000 0.17631600 0.46842200
v 0.40695700 0.17145200 0.46304500
v 0.41573500 0.16360500 0.47081600
v 0.41060500 0.16069800 0.47440700
v 0.42120700 0.16998900 0.47511000
v 0.41993400 0.17156600 0.48168400
v 0.38104100 0.19510700 0.49475600
v 0.37254800 0.18520800 0.48812500
v 0.37587300 0.17540400 0.49848000
v 0.38438500 0.18530300 0.50513000
v 0.37190200 0.18993900 0.50115900
v 0.37026800 0.18802000 0.49986700
v 0.37091400 0.18612000 0.50188100
v 0.37254800 0.18803900 0.50315400
f 1 2 3
f 4 3 2
f 3 4 5
f 6 7 8
f 6 5 4
f 5 6 9
f 8 9 6
f 9 8 10
f 3 11 1
f 3 5 12
f 9 12 5
f 12 9 13
f 10 13 9
f 13 10 14
f 15 11 3
f 12 15 3
f 15 12 16
f 13 16 12
f 16 13 17
f 14 17 13
f 17 14 18
f 15 16 19
f 17 19 16
f 19 17 20
f 18 20 17
f 20 18 21
f 15 22 11
f 22 15 23
f 19 23 15
f 23 19 24
f 20 24 19
f 24 20 25
f 21 25 20
f 25 21 26
f 23 27 22
f 25 26 28
f 23 29 27
f 29 23 30
f 24 30 23
f 30 24 31
f 25 31 24
f 31 25 32
f 28 32 25
f 32 28 33
f 30 34 29
f 34 30 35
f 31 35 30
f 35 31 36
f 32 36 31
f 36 32 37
f 33 37 32
f 37 33 38
f 35 39 34
f 39 35 40
f 35 36 41
f 41 40 35
f 40 41 42
f 37 41 36
f 41 37 43
f 38 43 37
f 43 38 44
f 43 42 41
f 42 43 45
f 44 45 43
f 45 44 46
f 40 47 39
f 47 40 48
f 42 48 40
f 45 46 49
f 48 50 47
f 50 48 51
f 48 42 52
f 52 51 48
f 51 52 53
f 45 52 42
f 52 45 54
f 49 54 45
f 54 53 52
f 53 54 55
f 51 56 50
f 56 51 57
f 53 57 51
f 57 53 58
f 55 58 53
f 58 55 59
f 59 55 60
f 57 61 56
f 61 57 62
f 58 62 57
f 62 58 63
f 59 63 58
f 63 59 64
f 60 64 59
f 64 60 65
f 62 63 66
f 64 66 63
f 66 64 67
f 65 67 64
f 67 65 68
f 62 1 61
f 1 62 69
f 66 69 62
f 69 66 70
f 67 70 66
f 70 67 71
f 68 71 67
f 1 69 72
f 70 72 69
f 72 70 73
f 71 73 70
f 73 71 74
f 74 71 75
f 1 72 76
f 73 76 72
f 76 73 77
f 74 77 73
f 77 74 78
f 75 78 74
f 78 75 79
f 1 76 2
f 77 2 76
f 2 77 4
f 78 80 77
f 80 78 81
f 79 81 78
f 81 79 82
f 81 4 80
f 4 81 6
f 82 6 81
f 6 82 83
f 6 83 84
f 6 84 7
f 85 8 7
f 8 85 86
f 87 86 85
f 86 87 88
f 88 10 8
f 10 88 89
f 89 90 10
f 89 18 90
f 18 89 91
f 91 28 18
f 28 91 92
f 92 93 28
f 92 38 93
f 38 92 94
f 95 44 38
f 44 95 96
f 94 96 95
f 96 94 97
f 96 46 44
f 46 96 98
f 97 98 96
f 98 97 99
f 98 100 46
f 100 98 101
f 99 101 98
f 101 99 102
f 102 103 100
f 102 55 103
f 55 102 104
f 104 105 55
f 104 65 105
f 65 104 106
f 106 71 65
f 71 106 107
f 107 79 71
f 79 107 108
f 109 110 79
f 79 108 109
f 111 109 108
f 111 84 110
f 84 111 107
f 107 7 84
f 7 107 87
f 47 50 61
f 56 61 50
f 22 29 39
f 34 39 29
f 1 47 61
f 11 22 47
f 39 47 22
f 47 1 11
f 111 108 107
f 106 104 94
f 99 94 104
f 91 94 92
f 106 91 107
f 107 91 89
f 94 91 106
f 112 113 114
f 113 112 115
f 115 116 113
f 116 115 117
f 118 115 112
f 115 118 119
f 119 117 115
f 117 119 120
f 121 119 118
f 121 120 119
f 120 121 122
f 117 123 116
f 123 117 124
f 120 124 117
f 124 120 125
f 122 125 120
f 125 122 126
f 127 126 122
f 124 128 123
f 128 124 129
f 125 129 124
f 129 125 130
f 126 130 125
f 129 131 128
f 131 129 132
f 132 133 131
f 133 132 134
f 130 132 129
f 132 130 135
f 135 134 132
f 134 135 136
f 126 135 130
f 126 136 135
f 136 126 137
f 127 137 126
f 134 138 133
f 138 134 139
f 136 139 134
f 139 136 140
f 137 140 136
f 140 137 127
f 139 141 138
f 141 139 142
f 142 143 141
f 143 142 144
f 140 142 139
f 142 140 145
f 145 144 142
f 144 145 146
f 127 145 140
f 127 146 145
f 146 127 147
f 144 148 143
f 148 144 149
f 146 149 144
f 149 146 150
f 147 150 146
f 150 147 151
f 127 151 147
f 149 152 148
f 152 149 153
f 150 153 149
f 153 150 154
f 151 154 150
f 153 155 152
f 155 153 156
f 156 157 155
f 157 156 158
f 154 156 153
f 156 154 159
f 159 158 156
f 158 159 160
f 151 159 154
f 151 160 159
f 160 151 161
f 158 114 157
f 114 158 112
f 160 112 158
f 112 160 118
f 161 118 160
f 118 161 121
f 121 161 122
f 114 148 157
f 152 155 148
f 157 148 155
f 148 133 143
f 138 141 133
f 143 133 141
f 133 116 131
f 123 128 116
f 131 116 128
f 116 148 113
f 113 148 114
f 116 133 148
f 122 161 127
f 151 127 161
f 162 163 164
f 163 162 165
f 166 165 162
f 165 166 167
f 168 167 166
f 167 168 169
f 164 163 170
f 163 165 171
f 167 171 165
f 171 167 172
f 167 169 173
f 173 172 167
f 172 173 174
f 175 170 163
f 171 175 163
f 175 171 176
f 172 176 171
f 176 172 177
f 174 177 172
f 177 174 178
f 170 175 179
f 180 179 175
f 176 180 175
f 180 176 181
f 177 181 176
f 181 177 182
f 177 178 183
f 183 182 177
f 182 183 184
f 180 181 185
f 181 182 186
f 186 185 181
f 185 186 187
f 184 186 182
f 186 184 188
f 188 187 186
f 187 188 189
f 179 180 190
f 180 185 191
f 187 191 185
f 191 187 192
f 189 192 187
f 192 189 193
f 194 190 180
f 191 194 180
f 194 191 195
f 192 195 191
f 195 192 196
f 193 196 192
f 196 193 197
f 190 194 198
f 194 195 199
f 195 196 200
f 200 199 195
f 199 200 201
f 197 200 196
f 200 197 202
f 202 201 200
f 201 202 203
f 204 198 194
f 199 204 194
f 204 199 205
f 199 201 206
f 203 206 201
f 206 203 207
f 206 205 199
f 205 206 208
f 207 208 206
f 208 207 209
f 198 204 210
f 211 210 204
f 205 211 204
f 211 205 212
f 208 212 205
f 212 208 213
f 209 213 208
f 213 209 214
f 211 212 215
f 213 215 212
f 215 213 216
f 213 214 217
f 217 216 213
f 216 217 218
f 210 211 164
f 215 164 211
f 164 215 162
f 216 162 215
f 162 216 166
f 218 166 216
f 166 218 168
f 219 169 168
f 169 219 220
f 221 222 219
f 222 221 223
f 223 220 222
f 220 223 224
f 220 173 169
f 173 220 225
f 225 174 173
f 174 225 226
f 224 225 220
f 225 224 227
f 227 226 225
f 226 227 228
f 229 223 221
f 229 224 223
f 224 229 230
f 230 227 224
f 227 230 231
f 231 228 227
f 228 231 232
f 226 178 174
f 178 226 233
f 228 233 226
f 233 228 234
f 233 183 178
f 183 233 235
f 235 184 183
f 184 235 236
f 234 235 233
f 235 234 237
f 237 236 235
f 236 237 238
f 232 234 228
f 234 232 239
f 237 234 240
f 240 238 237
f 238 240 241
f 239 240 234
f 240 239 242
f 242 241 240
f 241 242 243
f 236 188 184
f 188 236 244
f 244 189 188
f 189 244 245
f 238 244 236
f 244 238 246
f 246 245 244
f 245 246 247
f 245 193 189
f 193 245 248
f 247 248 245
f 248 247 249
f 241 246 238
f 246 241 250
f 250 247 246
f 247 250 251
f 243 250 241
f 250 243 252
f 252 251 250
f 251 252 253
f 251 249 247
f 249 251 254
f 253 254 251
f 254 253 255
f 248 197 193
f 197 248 256
f 249 256 248
f 256 249 257
f 256 202 197
f 202 256 258
f 258 203 202
f 203 258 259
f 257 258 256
f 258 257 260
f 260 259 258
f 259 260 261
f 254 257 249
f 257 254 262
f 255 262 254
f 262 255 263
f 262 260 257
f 260 262 264
f 264 261 260
f 261 264 265
f 263 264 262
f 264 263 266
f 266 265 264
f 265 266 267
f 259 207 203
f 261 207 259
f 261 209 207
f 214 209 268
f 261 267 269
f 269 209 261
f 209 269 270
f 270 268 209
f 268 270 271
f 218 217 272
f 268 217 214
f 217 268 273
f 273 272 217
f 272 273 274
f 272 168 218
f 168 272 275
f 274 276 272
f 276 274 277
f 277 275 276
f 275 277 221
f 271 273 268
f 273 271 278
f 278 274 273
f 274 278 279
f 279 277 274
f 279 221 277
f 221 279 280
f 168 275 219
f 221 219 275
f 221 280 229
f 281 230 229
f 230 281 282
f 283 282 281
f 282 283 284
f 282 231 230
f 282 232 231
f 232 282 285
f 284 285 282
f 285 284 286
f 287 284 283
f 284 287 288
f 288 286 284
f 286 288 289
f 290 288 287
f 288 290 291
f 291 289 288
f 289 291 292
f 293 292 290
f 292 293 294
f 295 294 293
f 294 295 296
f 285 239 232
f 286 239 285
f 239 286 297
f 289 297 286
f 297 289 298
f 297 242 239
f 242 297 299
f 299 243 242
f 243 299 300
f 298 299 297
f 298 300 299
f 300 298 301
f 292 298 289
f 298 292 302
f 294 302 292
f 296 302 294
f 302 296 303
f 302 301 298
f 301 302 304
f 303 304 302
f 304 303 305
f 300 252 243
f 252 300 306
f 306 253 252
f 253 306 307
f 301 306 300
f 301 307 306
f 307 301 308
f 304 308 301
f 308 304 309
f 305 309 304
f 309 305 310
f 308 253 307
f 308 255 253
f 255 308 311
f 309 311 308
f 311 309 312
f 310 312 309
f 312 310 313
f 263 255 314
f 311 314 255
f 314 311 315
f 312 315 311
f 315 312 316
f 313 316 312
f 266 263 317
f 317 267 266
f 267 317 318
f 314 317 263
f 317 314 319
f 319 318 317
f 318 319 320
f 315 319 314
f 315 320 319
f 320 315 321
f 316 321 315
f 321 316 322
f 313 322 316
f 322 313 323
f 318 269 267
f 269 318 324
f 320 324 318
f 324 320 325
f 324 270 269
f 270 324 326
f 325 326 324
f 326 325 327
f 321 325 320
f 321 327 325
f 327 321 328
f 326 271 270
f 271 326 329
f 327 329 326
f 329 327 330
f 328 330 327
f 330 328 331
f 322 328 321
f 322 331 328
f 331 322 332
f 332 322 333
f 323 333 322
f 329 278 271
f 278 329 334
f 334 279 278
f 279 334 335
f 330 334 329
f 334 330 336
f 336 335 334
f 335 336 337
f 335 280 279
f 280 335 281
f 337 281 335
f 281 337 283
f 331 336 330
f 331 337 336
f 337 331 338
f 338 283 337
f 283 338 287
f 332 338 331
f 338 332 339
f 339 287 338
f 287 339 340
f 333 340 332
f 340 333 341
f 341 333 342
f 281 229 280
f 287 340 290
f 341 290 340
f 290 341 293
f 342 293 341
f 293 342 295
f 190 198 343
f 210 343 198
f 343 170 190
f 179 190 170
f 295 342 323
f 333 323 342
f 323 313 296
f 305 296 313
f 295 323 296
f 344 345 346
f 345 344 347
f 347 348 345
f 349 347 344
f 347 349 350
f 350 348 347
f 348 350 351
f 352 350 349
f 350 352 353
f 353 351 350
f 354 348 355
f 355 356 354
f 356 355 357
f 351 355 348
f 355 351 358
f 358 357 355
f 357 358 359
f 357 360 356
f 360 357 361
f 359 361 357
f 361 359 362
f 361 363 360
f 363 361 364
f 362 364 361
f 365 363 366
f 366 346 365
f 346 366 344
f 364 366 363
f 366 364 367
f 367 344 366
f 344 367 349
f 367 364 368
f 368 349 367
f 349 368 352
f 369 370 352
f 370 369 371
f 371 353 370
f 353 371 372
f 372 351 353
f 351 372 373
f 374 371 369
f 374 372 371
f 372 374 375
f 375 373 372
f 373 375 376
f 377 375 374
f 375 377 378
f 378 376 375
f 379 378 377
f 378 379 380
f 380 376 378
f 376 380 381
f 382 380 379
f 380 382 383
f 383 381 380
f 384 383 382
f 383 384 385
f 385 381 383
f 381 385 386
f 373 358 351
f 358 373 387
f 387 359 358
f 359 387 388
f 376 387 373
f 387 376 389
f 389 388 387
f 388 389 390
f 381 389 376
f 389 381 391
f 391 390 389
f 390 391 392
f 386 391 381
f 391 386 393
f 393 392 391
f 392 393 394
f 388 362 359
f 362 388 395
f 395 364 362
f 364 395 396
f 390 395 388
f 395 390 397
f 397 396 395
f 392 397 390
f 397 392 398
f 398 396 397
f 396 398 399
f 394 398 392
f 398 394 400
f 400 399 398
f 399 400 401
f 396 368 364
f 368 396 402
f 368 402 403
f 403 352 368
f 352 403 369
f 402 396 404
f 404 403 402
f 404 369 403
f 369 404 374
f 404 396 405
f 405 374 404
f 374 405 377
f 399 405 396
f 405 399 406
f 406 377 405
f 377 406 379
f 406 399 407
f 407 379 406
f 379 407 382
f 401 407 399
f 407 401 408
f 408 382 407
f 382 408 384
f 409 385 384
f 385 409 410
f 410 386 385
f 386 410 411
f 412 410 409
f 410 412 413
f 413 411 410
f 411 413 414
f 415 413 412
f 413 415 416
f 416 414 413
f 414 416 417
f 418 416 415
f 416 418 419
f 419 417 416
f 420 419 418
f 419 420 421
f 421 417 419
f 417 421 422
f 411 393 386
f 393 411 423
f 423 394 393
f 394 423 424
f 414 423 411
f 423 414 425
f 425 424 423
f 424 425 426
f 417 425 414
f 425 417 427
f 427 426 425
f 426 427 428
f 422 427 417
f 427 422 429
f 429 428 427
f 428 429 430
f 424 400 394
f 400 424 431
f 431 401 400
f 401 431 432
f 426 431 424
f 431 426 433
f 433 432 431
f 432 433 434
f 428 433 426
f 433 428 435
f 435 434 433
f 434 435 436
f 430 435 428
f 435 430 437
f 437 436 435
f 436 437 438
f 432 408 401
f 408 432 439
f 439 384 408
f 384 439 409
f 434 439 432
f 439 434 440
f 440 409 439
f 409 440 412
f 436 440 434
f 440 436 441
f 441 412 440
f 412 441 415
f 441 436 442
f 442 415 441
f 415 442 418
f 438 442 436
f 442 438 443
f 443 418 442
f 418 443 420
f 363 365 360
f 346 345 365
f 348 354 345
f 356 360 354
f 365 345 360
f 354 360 345
f 430 429 437
f 422 421 429
f 420 443 421
f 438 437 443
f 429 421 437
f 443 437 421
f 444 445 446
f 445 444 447
f 447 448 445
f 448 447 449
f 450 447 444
f 447 450 451
f 451 449 447
f 449 451 452
f 449 453 448
f 453 449 454
f 454 455 453
f 455 454 456
f 452 454 449
f 454 452 457
f 457 456 454
f 456 457 458
f 456 459 455
f 459 456 460
f 460 461 459
f 461 460 462
f 458 460 456
f 460 458 463
f 463 462 460
f 462 463 464
f 462 465 461
f 465 462 466
f 466 446 465
f 446 466 444
f 464 466 462
f 466 464 467
f 467 444 466
f 444 467 450
f 468 451 450
f 451 468 469
f 469 452 451
f 452 469 470
f 471 469 468
f 469 471 472
f 472 470 469
f 470 472 473
f 474 472 471
f 472 474 475
f 475 473 472
f 473 475 476
f 477 475 474
f 475 477 478
f 478 476 475
f 476 478 479
f 470 457 452
f 457 470 480
f 480 458 457
f 458 480 481
f 473 480 470
f 480 473 482
f 482 481 480
f 481 482 483
f 476 482 473
f 482 476 484
f 484 483 482
f 483 484 485
f 479 484 476
f 484 479 486
f 486 485 484
f 485 486 487
f 481 463 458
f 463 481 488
f 488 464 463
f 464 488 489
f 483 488 481
f 488 483 490
f 490 489 488
f 489 490 491
f 485 490 483
f 490 485 492
f 492 491 490
f 491 492 493
f 487 492 485
f 492 487 494
f 494 493 492
f 493 494 495
f 489 467 464
f 467 489 496
f 496 450 467
f 450 496 468
f 491 496 489
f 496 491 497
f 497 468 496
f 468 497 471
f 493 497 491
f 497 493 498
f 498 471 497
f 471 498 474
f 495 498 493
f 498 495 499
f 499 474 498
f 474 499 477
f 500 478 477
f 478 500 501
f 501 479 478
f 479 501 502
f 503 501 500
f 501 503 504
f 504 502 501
f 502 504 505
f 506 504 503
f 504 506 507
f 507 505 504
f 505 507 508
f 509 507 506
f 507 509 510
f 510 508 507
f 508 510 511
f 502 486 479
f 486 502 512
f 512 487 486
f 487 512 513
f 505 512 502
f 512 505 514
f 514 513 512
f 513 514 515
f 508 514 505
f 514 508 516
f 516 515 514
f 515 516 517
f 511 516 508
f 516 511 518
f 518 517 516
f 517 518 519
f 513 494 487
f 494 513 520
f 520 495 494
f 495 520 521
f 515 520 513
f 520 515 522
f 522 521 520
f 521 522 523
f 517 522 515
f 522 517 524
f 524 523 522
f 523 524 525
f 519 524 517
f 524 519 526
f 526 525 524
f 525 526 527
f 521 499 495
f 499 521 528
f 528 477 499
f 477 528 500
f 523 528 521
f 528 523 529
f 529 500 528
f 500 529 503
f 525 529 523
f 529 525 530
f 530 503 529
f 503 530 506
f 527 530 525
f 530 527 531
f 531 506 530
f 506 531 509
f 461 465 459
f 446 445 465
f 448 453 445
f 455 459 453
f 465 445 459
f 453 459 445
f 519 518 526
f 511 510 518
f 509 531 510
f 527 526 531
f 518 510 526
f 531 526 510
f 532 533 534
f 533 532 535
f 535 536 533
f 536 535 537
f 538 535 532
f 535 538 539
f 539 537 535
f 537 539 540
f 537 541 536
f 541 537 542
f 542 543 541
f 543 542 544
f 540 542 537
f 542 540 545
f 545 544 542
f 544 545 546
f 544 547 543
f 547 544 548
f 548 549 547
f 549 548 550
f 546 548 544
f 548 546 551
f 551 550 548
f 550 551 552
f 550 553 549
f 553 550 554
f 554 534 553
f 534 554 532
f 552 554 550
f 554 552 555
f 555 532 554
f 532 555 538
f 556 539 538
f 539 556 557
f 557 540 539
f 540 557 558
f 559 557 556
f 557 559 560
f 560 558 557
f 558 560 561
f 562 560 559
f 560 562 563
f 563 561 560
f 561 563 564
f 565 563 562
f 563 565 566
f 566 564 563
f 564 566 567
f 558 545 540
f 545 558 568
f 568 546 545
f 546 568 569
f 561 568 558
f 568 561 570
f 570 569 568
f 569 570 571
f 564 570 561
f 570 564 572
f 572 571 570
f 571 572 573
f 567 572 564
f 572 567 574
f 574 573 572
f 573 574 575
f 569 551 546
f 551 569 576
f 576 552 551
f 552 576 577
f 571 576 569
f 576 571 578
f 578 577 576
f 577 578 579
f 573 578 571
f 578 573 580
f 580 579 578
f 579 580 581
f 575 580 573
f 580 575 582
f 582 581 580
f 581 582 583
f 577 555 552
f 555 577 584
f 584 538 555
f 538 584 556
f 579 584 577
f 584 579 585
f 585 556 584
f 556 585 559
f 581 585 579
f 585 581 586
f 586 559 585
f 559 586 562
f 583 586 581
f 586 583 587
f 587 562 586
f 562 587 565
f 588 566 565
f 566 588 589
f 589 567 566
f 567 589 590
f 591 589 588
f 589 591 592
f 592 590 589
f 590 592 593
f 594 592 591
f 592 594 595
f 595 593 592
f 593 595 596
f 597 595 594
f 595 597 598
f 598 596 595
f 596 598 599
f 590 574 567
f 574 590 600
f 600 575 574
f 575 600 601
f 593 600 590
f 600 593 602
f 602 601 600
f 601 602 603
f 596 602 593
f 602 596 604
f 604 603 602
f 603 604 605
f 599 604 596
f 604 599 606
f 606 605 604
f 605 606 607
f 601 582 575
f 582 601 608
f 608 583 582
f 583 608 609
f 603 608 601
f 608 603 610
f 610 609 608
f 609 610 611
f 605 610 603
f 610 605 612
f 612 611 610
f 611 612 613
f 607 612 605
f 612 607 614
f 614 613 612
f 613 614 615
f 609 587 583
f 587 609 616
f 616 565 587
f 565 616 588
f 611 616 609
f 616 611 617
f 617 588 616
f 588 617 591
f 613 617 611
f 617 613 618
f 618 591 617
f 591 618 594
f 615 618 613
f 618 615 619
f 619 594 618
f 594 619 597
f 549 553 547
f 534 533 553
f 536 541 533
f 543 547 541
f 553 533 547
f 541 547 533
f 607 606 614
f 599 598 606
f 597 619 598
f 615 614 619
f 606 598 614
f 619 614 598
f 620 621 622
f 621 620 623
f 623 624 621
f 625 623 620
f 623 625 626
f 626 624 623
f 624 626 627
f 628 626 625
f 626 628 629
f 629 627 626
f 630 624 631
f 631 632 630
f 632 631 633
f 627 631 624
f 631 627 634
f 634 633 631
f 633 634 635
f 633 636 632
f 636 633 637
f 635 637 633
f 637 635 638
f 637 639 636
f 639 637 640
f 638 640 637
f 641 639 642
f 642 622 641
f 622 642 620
f 640 642 639
f 642 640 643
f 643 620 642
f 620 643 625
f 643 640 644
f 644 625 643
f 625 644 628
f 645 646 628
f 646 645 647
f 647 629 646
f 629 647 648
f 648 627 629
f 627 648 649
f 650 647 645
f 650 648 647
f 648 650 651
f 651 649 648
f 649 651 652
f 653 651 650
f 651 653 654
f 654 652 651
f 655 654 653
f 654 655 656
f 656 652 654
f 652 656 657
f 658 656 655
f 656 658 659
f 659 657 656
f 660 659 658
f 659 660 661
f 661 657 659
f 657 661 662
f 649 634 627
f 634 649 663
f 663 635 634
f 635 663 664
f 652 663 649
f 663 652 665
f 665 664 663
f 664 665 666
f 657 665 652
f 665 657 667
f 667 666 665
f 666 667 668
f 662 667 657
f 667 662 669
f 669 668 667
f 668 669 670
f 664 638 635
f 638 664 671
f 671 640 638
f 640 671 672
f 666 671 664
f 671 666 673
f 673 672 671
f 668 673 666
f 673 668 674
f 674 672 673
f 672 674 675
f 670 674 668
f 674 670 676
f 676 675 674
f 675 676 677
f 672 644 640
f 644 672 678
f 644 678 679
f 679 628 644
f 628 679 645
f 678 672 680
f 680 679 678
f 680 645 679
f 645 680 650
f 680 672 681
f 681 650 680
f 650 681 653
f 675 681 672
f 681 675 682
f 682 653 681
f 653 682 655
f 682 675 683
f 683 655 682
f 655 683 658
f 677 683 675
f 683 677 684
f 684 658 683
f 658 684 660
f 685 661 660
f 661 685 686
f 686 662 661
f 662 686 687
f 688 686 685
f 686 688 689
f 689 687 686
f 687 689 690
f 691 689 688
f 689 691 692
f 692 690 689
f 690 692 693
f 694 692 691
f 692 694 695
f 695 693 692
f 696 695 694
f 695 696 697
f 697 693 695
f 693 697 698
f 687 669 662
f 669 687 699
f 699 670 669
f 670 699 700
f 690 699 687
f 699 690 701
f 701 700 699
f 700 701 702
f 693 701 690
f 701 693 703
f 703 702 701
f 702 703 704
f 698 703 693
f 703 698 705
f 705 704 703
f 704 705 706
f 700 676 670
f 676 700 707
f 707 677 676
f 677 707 708
f 702 707 700
f 707 702 709
f 709 708 707
f 708 709 710
f 704 709 702
f 709 704 711
f 711 710 709
f 710 711 712
f 706 711 704
f 711 706 713
f 713 712 711
f 712 713 714
f 708 684 677
f 684 708 715
f 715 660 684
f 660 715 685
f 710 715 708
f 715 710 716
f 716 685 715
f 685 716 688
f 712 716 710
f 716 712 717
f 717 688 716
f 688 717 691
f 717 712 718
f 718 691 717
f 691 718 694
f 714 718 712
f 718 714 719
f 719 694 718
f 694 719 696
f 639 641 636
f 622 621 641
f 624 630 621
f 632 636 630
f 641 621 636
f 630 636 621
f 706 705 713
f 698 697 705
f 696 719 697
f 714 713 719
f 705 697 713
f 719 713 697
f 720 721 722
f 721 720 723
f 724 723 721
f 723 724 725
f 726 723 720
f 725 726 723
f 726 725 727
f 727 728 726
f 728 727 729
f 729 730 728
f 730 729 731
f 732 725 724
f 725 732 733
f 734 733 732
f 733 734 735
f 733 727 725
f 727 733 736
f 735 736 733
f 736 735 737
f 736 729 727
f 729 736 738
f 738 731 729
f 731 738 739
f 737 738 736
f 738 737 740
f 740 739 738
f 739 740 741
f 731 742 730
f 742 743 744
f 745 744 743
f 744 745 746
f 747 746 745
f 746 747 748
f 739 742 731
f 742 739 749
f 749 744 742
f 744 749 750
f 741 749 739
f 749 741 751
f 751 750 749
f 750 751 752
f 750 746 744
f 746 750 753
f 752 753 750
f 753 752 754
f 753 748 746
f 748 753 755
f 754 755 753
f 755 754 756
f 757 748 747
f 748 757 758
f 759 758 757
f 760 761 762
f 755 758 748
f 758 755 763
f 756 763 755
f 763 756 764
f 763 759 758
f 759 763 765
f 764 765 763
f 765 764 766
f 765 761 759
f 761 765 767
f 767 762 761
f 762 767 768
f 766 767 765
f 767 766 769
f 769 768 767
f 768 769 770
f 771 772 773
f 762 771 760
f 771 762 774
f 774 773 771
f 773 774 775
f 776 773 772
f 773 776 777
f 775 777 773
f 777 775 778
f 722 777 776
f 777 722 721
f 778 721 777
f 721 778 724
f 768 774 762
f 774 768 779
f 779 775 774
f 775 779 780
f 770 779 768
f 779 770 781
f 781 780 779
f 780 781 782
f 780 778 775
f 778 780 783
f 782 783 780
f 783 782 784
f 783 724 778
f 724 783 732
f 784 732 783
f 732 784 734
f 785 735 734
f 735 785 786
f 786 737 735
f 737 786 787
f 787 740 737
f 740 787 788
f 788 741 740
f 741 788 789
f 790 787 785
f 787 790 791
f 792 791 790
f 791 792 793
f 791 788 787
f 788 791 794
f 794 789 788
f 789 794 795
f 793 794 791
f 794 793 796
f 796 795 794
f 795 796 797
f 789 751 741
f 751 789 798
f 798 752 751
f 752 798 799
f 795 798 789
f 798 795 800
f 800 799 798
f 797 800 795
f 800 797 801
f 801 799 800
f 799 801 802
f 799 754 752
f 754 799 803
f 802 803 799
f 803 756 754
f 756 803 804
f 804 803 805
f 802 805 803
f 804 764 756
f 764 804 806
f 805 806 804
f 806 766 764
f 766 806 807
f 807 806 808
f 805 808 806
f 807 769 766
f 769 807 809
f 809 770 769
f 770 809 810
f 808 809 807
f 809 808 811
f 811 810 809
f 810 811 812
f 811 808 813
f 813 812 811
f 812 813 814
f 810 781 770
f 781 810 815
f 815 782 781
f 782 815 816
f 816 784 782
f 816 734 784
f 734 816 785
f 812 815 810
f 815 812 817
f 817 816 815
f 816 817 818
f 814 817 812
f 817 814 819
f 819 818 817
f 818 819 820
f 818 785 816
f 785 818 790
f 820 790 818
f 790 820 792
f 821 793 792
f 793 821 822
f 823 822 821
f 822 823 824
f 822 796 793
f 796 822 825
f 825 797 796
f 797 825 826
f 824 825 822
f 824 826 825
f 826 824 827
f 828 824 823
f 824 828 829
f 830 829 828
f 829 830 831
f 829 827 824
f 827 829 832
f 831 832 829
f 832 831 833
f 826 801 797
f 801 826 834
f 834 802 801
f 802 834 835
f 827 834 826
f 834 827 836
f 836 835 834
f 835 836 837
f 832 837 827
f 837 832 838
f 833 838 832
f 835 805 802
f 805 835 839
f 837 839 835
f 838 839 837
f 839 838 840
f 833 840 838
f 840 833 841
f 839 808 805
f 808 839 842
f 842 839 843
f 840 843 839
f 843 840 844
f 841 844 840
f 844 841 845
f 842 813 808
f 813 842 846
f 846 814 813
f 814 846 847
f 843 846 842
f 846 843 848
f 848 847 846
f 847 848 849
f 844 849 843
f 849 844 850
f 845 850 844
f 850 845 851
f 847 819 814
f 819 847 852
f 852 820 819
f 820 852 853
f 849 852 847
f 849 853 852
f 853 849 854
f 853 792 820
f 792 853 821
f 854 821 853
f 821 854 823
f 850 854 849
f 854 850 855
f 851 855 850
f 855 851 856
f 855 823 854
f 823 855 828
f 856 828 855
f 828 856 830
f 759 761 747
f 760 771 761
f 772 722 771
f 726 728 722
f 730 742 728
f 743 747 742
f 761 771 747
f 722 728 771
f 742 747 728
f 771 728 747
f 841 833 845
f 830 856 831
f 851 845 856
f 833 831 845
f 856 845 831
f 857 858 859
f 860 859 858
f 858 861 860
f 862 860 861
f 861 863 862
f 864 862 863
f 863 857 864
f 859 864 857
f 859 860 865
f 866 862 864
f 864 859 866
f 865 866 859
f 867 865 860
f 860 862 867
f 868 867 862
f 862 866 868
f 865 867 869
f 869 867 870
f 871 870 867
f 872 867 868
f 867 872 871
f 873 871 872
f 868 866 872
f 872 866 873
f 874 873 866
f 869 866 865
f 866 869 874
f 870 874 869
f 857 861 858
f 861 857 863
f 871 874 870
f 874 871 873
f 875 876 877
f 878 877 876
f 876 879 878
f 880 878 879
f 879 881 880
f 882 880 881
f 881 875 882
f 877 882 875
f 877 878 883
f 884 883 878
f 883 884 885
f 886 885 884
f 878 880 884
f 884 880 887
f 884 887 886
f 880 882 888
f 880 888 887
f 887 888 889
f 882 877 888
f 883 888 877
f 885 888 883
f 888 885 889
f 885 886 890
f 891 890 886
f 892 886 887
f 886 892 891
f 893 891 892
f 887 889 892
f 892 889 893
f 894 893 889
f 890 889 885
f 889 890 894
f 875 879 876
f 879 875 881
f 891 894 890
f 894 891 893
f 895 896 897
f 896 895 898
f 899 900 896
f 896 898 899
f 901 899 898
f 902 898 895
f 898 902 903
f 904 901 898
f 898 903 904
f 905 904 903
f 903 902 906
f 903 906 905
f 907 905 906
f 908 906 902
f 906 908 909
f 906 909 907
f 910 907 909
f 909 908 911
f 909 911 910
f 912 910 911
f 897 911 908
f 911 897 896
f 911 896 912
f 900 912 896
f 900 899 913
f 914 913 899
f 899 901 914
f 915 914 901
f 913 914 916
f 917 914 915
f 918 916 914
f 914 917 918
f 901 904 915
f 919 915 904
f 904 905 919
f 915 919 917
f 920 919 905
f 921 917 919
f 919 920 921
f 922 907 910
f 923 905 907
f 907 922 923
f 905 923 920
f 924 923 922
f 925 920 923
f 923 924 925
f 913 912 900
f 910 912 922
f 926 922 912
f 912 913 926
f 916 926 913
f 922 926 924
f 927 924 926
f 926 916 927
f 916 918 928
f 918 917 928
f 929 928 917
f 930 928 929
f 917 921 929
f 931 929 921
f 929 931 930
f 921 920 931
f 932 931 920
f 931 932 930
f 933 930 932
f 920 925 932
f 934 932 925
f 932 934 933
f 925 924 934
f 935 934 924
f 934 935 933
f 936 933 935
f 924 927 935
f 927 916 935
f 928 935 916
f 935 928 936
f 897 902 895
f 902 897 908
f 930 936 928
f 936 930 933
f 937 938 939
f 938 937 940
f 941 942 938
f 938 940 941
f 943 941 940
f 944 940 937
f 940 944 945
f 946 943 940
f 940 945 946
f 947 946 945
f 945 944 948
f 945 948 947
f 949 947 948
f 950 948 944
f 948 950 951
f 948 951 949
f 952 949 951
f 951 950 953
f 951 953 952
f 954 952 953
f 939 953 950
f 953 939 938
f 953 938 954
f 942 954 938
f 942 941 955
f 956 955 941
f 941 943 956
f 957 956 943
f 955 956 958
f 959 956 957
f 960 958 956
f 956 959 960
f 943 946 957
f 961 957 946
f 946 947 961
f 957 961 959
f 962 961 947
f 963 959 961
f 961 962 963
f 964 949 952
f 965 947 949
f 949 964 965
f 947 965 962
f 966 965 964
f 967 962 965
f 965 966 967
f 955 954 942
f 952 954 964
f 968 964 954
f 954 955 968
f 958 968 955
f 964 968 966
f 969 966 968
f 968 958 969
f 958 960 970
f 960 959 970
f 971 970 959
f 972 970 971
f 959 963 971
f 973 971 963
f 971 973 972
f 963 962 973
f 974 973 962
f 973 974 972
f 975 972 974
f 962 967 974
f 976 974 967
f 974 976 975
f 967 966 976
f 977 976 966
f 976 977 975
f 978 975 977
f 966 969 977
f 969 958 977
f 970 977 958
f 977 970 978
f 939 944 937
f 944 939 950
f 972 978 970
f 978 972 975
f 979 980 981
f 982 981 980
f 981 982 983
f 984 983 982
f 983 984 985
f 986 985 984
f 985 986 979
f 980 979 986
f 987 982 980
f 982 987 988
f 988 984 982
f 984 988 989
f 989 986 984
f 986 989 990
f 990 980 986
f 980 990 987
f 991 988 987
f 988 991 992
f 992 989 988
f 989 992 993
f 993 990 989
f 990 993 994
f 994 987 990
f 987 994 991
f 981 983 979
f 985 979 983
f 991 994 992
f 993 992 994
f 995 996 997
f 998 997 996
f 997 998 999
f 1000 999 998
f 999 1000 1001
f 1002 1001 1000
f 1001 1002 995
f 996 995 1002
f 1003 998 996
f 998 1003 1004
f 1004 1000 998
f 1000 1004 1005
f 1005 1002 1000
f 1002 1005 1006
f 1006 996 1002
f 996 1006 1003
f 1007 1004 1003
f 1004 1007 1008
f 1008 1005 1004
f 1005 1008 1009
f 1009 1006 1005
f 1006 1009 1010
f 1010 1003 1006
f 1003 1010 1007
f 997 999 995
f 1001 995 999
f 1007 1010 1008
f 1009 1008 1010
f 1011 1012 1013
f 1012 1011 1014
f 1015 1016 1012
f 1012 1014 1015
f 1017 1015 1014
f 1018 1014 1011
f 1014 1018 1019
f 1020 1017 1014
f 1014 1019 1020
f 1021 1020 1019
f 1019 1018 1022
f 1019 1022 1021
f 1023 1021 1022
f 1024 1022 1018
f 1022 1024 1025
f 1022 1025 1023
f 1026 1023 1025
f 1025 1024 1027
f 1025 1027 1026
f 1028 1026 1027
f 1013 1027 1024
f 1027 1013 1012
f 1027 1012 1028
f 1016 1028 1012
f 1016 1015 1029
f 1030 1029 1015
f 1015 1017 1030
f 1031 1030 1017
f 1029 1030 1032
f 1033 1030 1031
f 1034 1032 1030
f 1030 1033 1034
f 1017 1020 1031
f 1035 1031 1020
f 1020 1021 1035
f 1031 1035 1033
f 1036 1035 1021
f 1037 1033 1035
f 1035 1036 1037
f 1038 1023 1026
f 1039 1021 1023
f 1023 1038 1039
f 1021 1039 1036
f 1040 1039 1038
f 1041 1036 1039
f 1039 1040 1041
f 1029 1028 1016
f 1026 1028 1038
f 1042 1038 1028
f 1028 1029 1042
f 1032 1042 1029
f 1038 1042 1040
f 1043 1040 1042
f 1042 1032 1043
f 1032 1034 1044
f 1034 1033 1044
f 1045 1044 1033
f 1046 1044 1045
f 1033 1037 1045
f 1047 1045 1037
f 1045 1047 1046
f 1037 1036 1047
f 1048 1047 1036
f 1047 1048 1046
f 1049 1046 1048
f 1036 1041 1048
f 1050 1048 1041
f 1048 1050 1049
f 1041 1040 1050
f 1051 1050 1040
f 1050 1051 1049
f 1052 1049 1051
f 1040 1043 1051
f 1043 1032 1051
f 1044 1051 1032
f 1051 1044 1052
f 1013 1018 1011
f 1018 1013 1024
f 1046 1052 1044
f 1052 1046 1049
f 1053 1054 1055
f 1054 1053 1056
f 1057 1056 1053
f 1056 1057 1058
f 1059 1058 1057
f 1058 1059 1060
f 1055 1060 1059
f 1060 1055 1054
f 1054 1056 1061
f 1062 1061 1056
f 1056 1058 1062
f 1063 1062 1058
f 1058 1060 1063
f 1064 1063 1060
f 1060 1054 1064
f 1061 1064 1054
f 1061 1062 1065
f 1066 1065 1062
f 1062 1063 1066
f 1067 1066 1063
f 1063 1064 1067
f 1068 1067 1064
f 1064 1061 1068
f 1065 1068 1061
f 1055 1057 1053
f 1057 1055 1059
f 1066 1068 1065
f 1068 1066 1067
f 1069 1070 1071
f 1070 1069 1072
f 1073 1074 1070
f 1070 1072 1073
f 1075 1073 1072
f 1076 1072 1069
f 1072 1076 1077
f 1078 1075 1072
f 1072 1077 1078
f 1079 1078 1077
f 1077 1076 1080
f 1077 1080 1079
f 1081 1079 1080
f 1082 1080 1076
f 1080 1082 1083
f 1080 1083 1081
f 1084 1081 1083
f 1083 1082 1085
f 1083 1085 1084
f 1086 1084 1085
f 1071 1085 1082
f 1085 1071 1070
f 1085 1070 1086
f 1074 1086 1070
f 1074 1073 1087
f 1088 1087 1073
f 1073 1075 1088
f 1089 1088 1075
f 1087 1088 1090
f 1091 1088 1089
f 1092 1090 1088
f 1088 1091 1092
f 1075 1078 1089
f 1093 1089 1078
f 1078 1079 1093
f 1089 1093 1091
f 1094 1093 1079
f 1095 1091 1093
f 1093 1094 1095
f 1096 1081 1084
f 1097 1079 1081
f 1081 1096 1097
f 1079 1097 1094
f 1098 1097 1096
f 1099 1094 1097
f 1097 1098 1099
f 1087 1086 1074
f 1084 1086 1096
f 1100 1096 1086
f 1086 1087 1100
f 1090 1100 1087
f 1096 1100 1098
f 1101 1098 1100
f 1100 1090 1101
f 1090 1092 1102
f 1092 1091 1102
f 1103 1102 1091
f 1104 1102 1103
f 1091 1095 1103
f 1105 1103 1095
f 1103 1105 1104
f 1095 1094 1105
f 1106 1105 1094
f 1105 1106 1104
f 1107 1104 1106
f 1094 1099 1106
f 1108 1106 1099
f 1106 1108 1107
f 1099 1098 1108
f 1109 1108 1098
f 1108 1109 1107
f 1110 1107 1109
f 1098 1101 1109
f 1101 1090 1109
f 1102 1109 1090
f 1109 1102 1110
f 1071 1076 1069
f 1076 1071 1082
f 1104 1110 1102
f 1110 1104 1107
f 1111 1112 1113
f 1114 1113 1112
f 1112 1115 1114
f 1116 1114 1115
f 1115 1117 1116
f 1118 1116 1117
f 1117 1111 1118
f 1113 1118 1111
f 1113 1114 1119
f 1120 1116 1118
f 1118 1113 1120
f 1119 1120 1113
f 1121 1119 1114
f 1114 1116 1121
f 1122 1121 1116
f 1116 1120 1122
f 1119 1121 1123
f 1123 1121 1124
f 1125 1124 1121
f 1126 1121 1122
f 1121 1126 1125
f 1127 1125 1126
f 1122 1120 1126
f 1126 1120 1127
f 1128 1127 1120
f 1123 1120 1119
f 1120 1123 1128
f 1124 1128 1123
f 1111 1115 1112
f 1115 1111 1117
f 1125 1128 1124
f 1128 1125 1127
f 1129 1130 1131
f 1132 1131 1130
f 1130 1133 1132
f 1134 1132 1133
f 1133 1135 1134
f 1136 1134 1135
f 1135 1129 1136
f 1131 1136 1129
f 1131 1132 1137
f 1138 1134 1136
f 1136 1131 1138
f 1137 1138 1131
f 1139 1137 1132
f 1132 1134 1139
f 1140 1139 1134
f 1134 1138 1140
f 1137 1139 1141
f 1141 1139 1142
f 1143 1142 1139
f 1144 1139 1140
f 1139 1144 1143
f 1145 1143 1144
f 1140 1138 1144
f 1144 1138 1145
f 1146 1145 1138
f 1141 1138 1137
f 1138 1141 1146
f 1142 1146 1141
f 1129 1133 1130
f 1133 1129 1135
f 1143 1146 1142
f 1146 1143 1145
f 1147 1148 1149
f 1150 1149 1148
f 1148 1151 1150
f 1152 1150 1151
f 1151 1153 1152
f 1154 1152 1153
f 1153 1147 1154
f 1149 1154 1147
f 1149 1150 1155
f 1156 1155 1150
f 1155 1156 1157
f 1158 1157 1156
f 1150 1152 1156
f 1156 1152 1159
f 1156 1159 1158
f 1152 1154 1160
f 1152 1160 1159
f 1159 1160 1161
f 1154 1149 1160
f 1155 1160 1149
f 1157 1160 1155
f 1160 1157 1161
f 1157 1158 1162
f 1163 1162 1158
f 1164 1158 1159
f 1158 1164 1163
f 1165 1163 1164
f 1159 1161 1164
f 1164 1161 1165
f 1166 1165 1161
f 1162 1161 1157
f 1161 1162 1166
f 1147 1151 1148
f 1151 1147 1153
f 1163 1166 1162
f 1166 1163 1165
f 1167 1168 1169
f 1170 1169 1168
f 1168 1171 1170
f 1172 1170 1171
f 1171 1173 1172
f 1174 1172 1173
f 1173 1167 1174
f 1169 1174 1167
f 1169 1170 1175
f 1176 1175 1170
f 1175 1176 1177
f 1178 1177 1176
f 1170 1172 1176
f 1176 1172 1179
f 1176 1179 1178
f 1172 1174 1180
f 1172 1180 1179
f 1179 1180 1181
f 1174 1169 1180
f 1175 1180 1169
f 1177 1180 1175
f 1180 1177 1181
f 1177 1178 1182
f 1183 1182 1178
f 1184 1178 1179
f 1178 1184 1183
f 1185 1183 1184
f 1179 1181 1184
f 1184 1181 1185
f 1186 1185 1181
f 1182 1181 1177
f 1181 1182 1186
f 1167 1171 1168
f 1171 1167 1173
f 1183 1186 1182
f 1186 1183 1185
f 1187 1188 1189
f 1190 1189 1188
f 1188 1191 1190
f 1192 1190 1191
f 1191 1193 1192
f 1194 1192 1193
f 1193 1187 1194
f 1189 1194 1187
f 1189 1190 1195
f 1196 1192 1194
f 1194 1189 1196
f 1195 1196 1189
f 1197 1195 1190
f 1190 1192 1197
f 1198 1197 1192
f 1192 1196 1198
f 1195 1197 1199
f 1199 1197 1200
f 1201 1200 1197
f 1202 1197 1198
f 1197 1202 1201
f 1203 1201 1202
f 1198 1196 1202
f 1202 1196 1203
f 1204 1203 1196
f 1199 1196 1195
f 1196 1199 1204
f 1200 1204 1199
f 1187 1191 1188
f 1191 1187 1193
f 1201 1204 1200
f 1204 1201 1203
f 1205 1206 1207
f 1208 1207 1206
f 1206 1209 1208
f 1210 1208 1209
f 1209 1211 1210
f 1212 1210 1211
f 1211 1205 1212
f 1207 1212 1205
f 1207 1208 1213
f 1214 1213 1208
f 1213 1214 1215
f 1216 1215 1214
f 1208 1210 1214
f 1214 1210 1217
f 1214 1217 1216
f 1210 1212 1218
f 1210 1218 1217
f 1217 1218 1219
f 1212 1207 1218
f 1213 1218 1207
f 1215 1218 1213
f 1218 1215 1219
f 1215 1216 1220
f 1221 1220 1216
f 1222 1216 1217
f 1216 1222 1221
f 1223 1221 1222
f 1217 1219 1222
f 1222 1219 1223
f 1224 1223 1219
f 1220 1219 1215
f 1219 1220 1224
f 1205 1209 1206
f 1209 1205 1211
f 1221 1224 1220
f 1224 1221 1223
f 1225 1226 1227
f 1226 1225 1228
f 1228 1229 1226
f 1229 1228 1230
f 1230 1231 1229
f 1231 1230 1232
f 1232 1227 1231
f 1227 1232 1225
f 1233 1228 1225
f 1232 1230 1234
f 1234 1225 1232
f 1225 1234 1233
f 1228 1233 1235
f 1235 1230 1228
f 1230 1235 1236
f 1236 1234 1230
f 1237 1235 1233
f 1238 1235 1237
f 1235 1238 1239
f 1236 1235 1240
f 1239 1240 1235
f 1240 1239 1241
f 1240 1234 1236
f 1241 1234 1240
f 1234 1241 1242
f 1233 1234 1237
f 1242 1237 1234
f 1237 1242 1238
f 1226 1229 1227
f 1231 1227 1229
f 1238 1242 1239
f 1241 1239 1242
f 1243 1244 1245
f 1246 1245 1244
f 1244 1247 1248
f 1248 1246 1244
f 1246 1248 1249
f 1245 1246 1250
f 1251 1250 1246
f 1246 1249 1252
f 1252 1251 1246
f 1251 1252 1253
f 1254 1250 1251
f 1253 1254 1251
f 1254 1253 1255
f 1250 1254 1256
f 1257 1256 1254
f 1255 1257 1254
f 1257 1255 1258
f 1259 1256 1257
f 1258 1259 1257
f 1259 1258 1260
f 1256 1259 1243
f 1244 1243 1259
f 1260 1244 1259
f 1244 1260 1247
f 1261 1248 1247
f 1248 1261 1262
f 1262 1249 1248
f 1249 1262 1263
f 1264 1262 1261
f 1263 1262 1265
f 1262 1264 1266
f 1266 1265 1262
f 1263 1252 1249
f 1252 1263 1267
f 1267 1253 1252
f 1265 1267 1263
f 1253 1267 1268
f 1267 1265 1269
f 1269 1268 1267
f 1258 1255 1270
f 1255 1253 1271
f 1271 1270 1255
f 1268 1271 1253
f 1270 1271 1272
f 1271 1268 1273
f 1273 1272 1271
f 1247 1260 1261
f 1270 1260 1258
f 1260 1270 1274
f 1274 1261 1260
f 1261 1274 1264
f 1272 1274 1270
f 1274 1272 1275
f 1275 1264 1274
f 1276 1266 1264
f 1276 1265 1266
f 1265 1276 1277
f 1277 1276 1278
f 1277 1269 1265
f 1269 1277 1279
f 1278 1279 1277
f 1279 1268 1269
f 1268 1279 1280
f 1278 1280 1279
f 1280 1278 1281
f 1280 1273 1268
f 1273 1280 1282
f 1281 1282 1280
f 1282 1272 1273
f 1272 1282 1283
f 1281 1283 1282
f 1283 1281 1284
f 1283 1275 1272
f 1283 1264 1275
f 1264 1283 1276
f 1284 1276 1283
f 1245 1250 1243
f 1256 1243 1250
f 1276 1284 1278
f 1281 1278 1284
f 1285 1286 1287
f 1286 1285 1288
f 1288 1289 1286
f 1289 1288 1290
f 1290 1291 1289
f 1291 1290 1292
f 1292 1287 1291
f 1287 1292 1285
f 1293 1288 1285
f 1292 1290 1294
f 1294 1285 1292
f 1285 1294 1293
f 1288 1293 1295
f 1295 1290 1288
f 1290 1295 1296
f 1296 1294 1290
f 1297 1295 1293
f 1298 1295 1297
f 1295 1298 1299
f 1296 1295 1300
f 1299 1300 1295
f 1300 1299 1301
f 1300 1294 1296
f 1301 1294 1300
f 1294 1301 1302
f 1293 1294 1297
f 1302 1297 1294
f 1297 1302 1298
f 1286 1289 1287
f 1291 1287 1289
f 1298 1302 1299
f 1301 1299 1302
f 1303 1304 1305
f 1306 1305 1304
f 1304 1307 1308
f 1308 1306 1304
f 1306 1308 1309
f 1305 1306 1310
f 1311 1310 1306
f 1306 1309 1312
f 1312 1311 1306
f 1311 1312 1313
f 1314 1310 1311
f 1313 1314 1311
f 1314 1313 1315
f 1310 1314 1316
f 1317 1316 1314
f 1315 1317 1314
f 1317 1315 1318
f 1319 1316 1317
f 1318 1319 1317
f 1319 1318 1320
f 1316 1319 1303
f 1304 1303 1319
f 1320 1304 1319
f 1304 1320 1307
f 1321 1308 1307
f 1308 1321 1322
f 1322 1309 1308
f 1309 1322 1323
f 1324 1322 1321
f 1323 1322 1325
f 1322 1324 1326
f 1326 1325 1322
f 1323 1312 1309
f 1312 1323 1327
f 1327 1313 1312
f 1325 1327 1323
f 1313 1327 1328
f 1327 1325 1329
f 1329 1328 1327
f 1318 1315 1330
f 1315 1313 1331
f 1331 1330 1315
f 1328 1331 1313
f 1330 1331 1332
f 1331 1328 1333
f 1333 1332 1331
f 1307 1320 1321
f 1330 1320 1318
f 1320 1330 1334
f 1334 1321 1320
f 1321 1334 1324
f 1332 1334 1330
f 1334 1332 1335
f 1335 1324 1334
f 1336 1326 1324
f 1336 1325 1326
f 1325 1336 1337
f 1337 1336 1338
f 1337 1329 1325
f 1329 1337 1339
f 1338 1339 1337
f 1339 1328 1329
f 1328 1339 1340
f 1338 1340 1339
f 1340 1338 1341
f 1340 1333 1328
f 1333 1340 1342
f 1341 1342 1340
f 1342 1332 1333
f 1332 1342 1343
f 1341 1343 1342
f 1343 1341 1344
f 1343 1335 1332
f 1343 1324 1335
f 1324 1343 1336
f 1344 1336 1343
f 1305 1310 1303
f 1316 1303 1310
f 1336 1344 1338
f 1341 1338 1344
f 1345 1346 1347
f 1346 1345 1348
f 1348 1349 1346
f 1349 1348 1350
f 1350 1351 1349
f 1351 1350 1352
f 1352 1347 1351
f 1347 1352 1345
f 1353 1348 1345
f 1348 1353 1354
f 1355 1354 1353
f 1354 1355 1356
f 1354 1350 1348
f 1357 1350 1354
f 1356 1357 1354
f 1358 1352 1350
f 1357 1358 1350
f 1358 1357 1359
f 1358 1345 1352
f 1345 1358 1353
f 1353 1358 1355
f 1359 1355 1358
f 1360 1356 1355
f 1356 1360 1361
f 1357 1356 1362
f 1361 1362 1356
f 1362 1361 1363
f 1362 1359 1357
f 1363 1359 1362
f 1359 1363 1364
f 1355 1359 1360
f 1364 1360 1359
f 1346 1349 1347
f 1351 1347 1349
f 1360 1364 1361
f 1363 1361 1364
f 1365 1366 1367
f 1366 1365 1368
f 1368 1369 1366
f 1369 1368 1370
f 1370 1371 1369
f 1371 1370 1372
f 1372 1367 1371
f 1367 1372 1365
f 1373 1368 1365
f 1368 1373 1374
f 1375 1374 1373
f 1374 1375 1376
f 1374 1370 1368
f 1377 1370 1374
f 1376 1377 1374
f 1378 1372 1370
f 1377 1378 1370
f 1379 1378 1377
f 1378 1365 1372
f 1365 1378 1373
f 1373 1378 1375
f 1379 1375 1378
f 1380 1376 1375
f 1376 1380 1381
f 1377 1376 1382
f 1381 1382 1376
f 1382 1381 1383
f 1382 1379 1377
f 1383 1379 1382
f 1379 1383 1384
f 1375 1379 1380
f 1384 1380 1379
f 1366 1369 1367
f 1371 1367 1369
f 1380 1384 1381
f 1383 1381 1384
f 1385 1386 1387
f 1388 1387 1386
f 1387 1388 1389
f 1390 1389 1388
f 1389 1390 1391
f 1392 1391 1390
f 1391 1392 1385
f 1386 1385 1392
f 1393 1388 1386
f 1388 1393 1394
f 1394 1390 1388
f 1390 1394 1395
f 1395 1392 1390
f 1392 1395 1396
f 1396 1386 1392
f 1386 1396 1393
f 1397 1394 1393
f 1394 1397 1398
f 1398 1395 1394
f 1395 1398 1399
f 1399 1396 1395
f 1396 1399 1400
f 1400 1393 1396
f 1393 1400 1397
f 1387 1389 1385
f 1391 1385 1389
f 1397 1400 1398
f 1399 1398 1400
f 1401 1402 1403
f 1402 1401 1404
f 1404 1405 1402
f 1405 1404 1406
f 1406 1407 1405
f 1407 1406 1408
f 1408 1403 1407
f 1403 1408 1401
f 1409 1404 1401
f 1408 1406 1410
f 1410 1401 1408
f 1401 1410 1409
f 1404 1409 1411
f 1411 1406 1404
f 1406 1411 1412
f 1412 1410 1406
f 1413 1411 1409
f 1414 1411 1413
f 1411 1414 1415
f 1412 1411 1416
f 1415 1416 1411
f 1416 1415 1417
f 1416 1410 1412
f 1417 1410 1416
f 1410 1417 1418
f 1409 1410 1413
f 1418 1413 1410
f 1413 1418 1414
f 1402 1405 1403
f 1407 1403 1405
f 1414 1418 1415
f 1417 1415 1418
f 1419 1420 1421
f 1422 1421 1420
f 1420 1423 1424
f 1424 1422 1420
f 1422 1424 1425
f 1421 1422 1426
f 1427 1426 1422
f 1422 1425 1428
f 1428 1427 1422
f 1427 1428 1429
f 1430 1426 1427
f 1429 1430 1427
f 1430 1429 1431
f 1426 1430 1432
f 1433 1432 1430
f 1431 1433 1430
f 1433 1431 1434
f 1435 1432 1433
f 1434 1435 1433
f 1435 1434 1436
f 1432 1435 1419
f 1420 1419 1435
f 1436 1420 1435
f 1420 1436 1423
f 1437 1424 1423
f 1424 1437 1438
f 1438 1425 1424
f 1425 1438 1439
f 1440 1438 1437
f 1439 1438 1441
f 1438 1440 1442
f 1442 1441 1438
f 1439 1428 1425
f 1428 1439 1443
f 1443 1429 1428
f 1441 1443 1439
f 1429 1443 1444
f 1443 1441 1445
f 1445 1444 1443
f 1434 1431 1446
f 1431 1429 1447
f 1447 1446 1431
f 1444 1447 1429
f 1446 1447 1448
f 1447 1444 1449
f 1449 1448 1447
f 1423 1436 1437
f 1446 1436 1434
f 1436 1446 1450
f 1450 1437 1436
f 1437 1450 1440
f 1448 1450 1446
f 1450 1448 1451
f 1451 1440 1450
f 1452 1442 1440
f 1452 1441 1442
f 1441 1452 1453
f 1453 1452 1454
f 1453 1445 1441
f 1445 1453 1455
f 1454 1455 1453
f 1455 1444 1445
f 1444 1455 1456
f 1454 1456 1455
f 1456 1454 1457
f 1456 1449 1444
f 1449 1456 1458
f 1457 1458 1456
f 1458 1448 1449
f 1448 1458 1459
f 1457 1459 1458
f 1459 1457 1460
f 1459 1451 1448
f 1459 1440 1451
f 1440 1459 1452
f 1460 1452 1459
f 1421 1426 1419
f 1432 1419 1426
f 1452 1460 1454
f 1457 1454 1460
f 1461 1462 1463
f 1464 1463 1462
f 1463 1464 1465
f 1466 1465 1464
f 1465 1466 1467
f 1468 1467 1466
f 1467 1468 1461
f 1462 1461 1468
f 1469 1464 1462
f 1464 1469 1470
f 1470 1466 1464
f 1466 1470 1471
f 1471 1468 1466
f 1468 1471 1472
f 1472 1462 1468
f 1462 1472 1469
f 1473 1470 1469
f 1470 1473 1474
f 1474 1471 1470
f 1471 1474 1475
f 1475 1472 1471
f 1472 1475 1476
f 1476 1469 1472
f 1469 1476 1473
f 1463 1465 1461
f 1467 1461 1465
f 1473 1476 1474
f 1475 1474 1476
f 1477 1478 1479
f 1480 1479 1478
f 1479 1480 1481
f 1482 1481 1480
f 1481 1482 1483
f 1484 1483 1482
f 1483 1484 1477
f 1478 1477 1484
f 1485 1480 1478
f 1480 1485 1486
f 1486 1482 1480
f 1482 1486 1487
f 1487 1484 1482
f 1484 1487 1488
f 1488 1478 1484
f 1478 1488 1485
f 1489 1486 1485
f 1486 1489 1490
f 1490 1487 1486
f 1487 1490 1491
f 1491 1488 1487
f 1488 1491 1492
f 1492 1485 1488
f 1485 1492 1489
f 1479 1481 1477
f 1483 1477 1481
f 1489 1492 1490
f 1491 1490 1492
f 1493 1494 1495
f 1496 1495 1494
f 1494 1497 1498
f 1498 1496 1494
f 1496 1498 1499
f 1495 1496 1500
f 1501 1500 1496
f 1496 1499 1502
f 1502 1501 1496
f 1501 1502 1503
f 1504 1500 1501
f 1503 1504 1501
f 1504 1503 1505
f 1500 1504 1506
f 1507 1506 1504
f 1505 1507 1504
f 1507 1505 1508
f 1509 1506 1507
f 1508 1509 1507
f 1509 1508 1510
f 1506 1509 1493
f 1494 1493 1509
f 1510 1494 1509
f 1494 1510 1497
f 1511 1498 1497
f 1498 1511 1512
f 1512 1499 1498
f 1499 1512 1513
f 1514 1512 1511
f 1513 1512 1515
f 1512 1514 1516
f 1516 1515 1512
f 1513 1502 1499
f 1502 1513 1517
f 1517 1503 1502
f 1515 1517 1513
f 1503 1517 1518
f 1517 1515 1519
f 1519 1518 1517
f 1508 1505 1520
f 1505 1503 1521
f 1521 1520 1505
f 1518 1521 1503
f 1520 1521 1522
f 1521 1518 1523
f 1523 1522 1521
f 1497 1510 1511
f 1520 1510 1508
f 1510 1520 1524
f 1524 1511 1510
f 1511 1524 1514
f 1522 1524 1520
f 1524 1522 1525
f 1525 1514 1524
f 1526 1516 1514
f 1526 1515 1516
f 1515 1526 1527
f 1527 1526 1528
f 1527 1519 1515
f 1519 1527 1529
f 1528 1529 1527
f 1529 1518 1519
f 1518 1529 1530
f 1528 1530 1529
f 1530 1528 1531
f 1530 1523 1518
f 1523 1530 1532
f 1531 1532 1530
f 1532 1522 1523
f 1522 1532 1533
f 1531 1533 1532
f 1533 1531 1534
f 1533 1525 1522
f 1533 1514 1525
f 1514 1533 1526
f 1534 1526 1533
f 1495 1500 1493
f 1506 1493 1500
f 1526 1534 1528
f 1531 1528 1534
f 1535 1536 1537
f 1536 1535 1538
f 1538 1539 1536
f 1539 1538 1540
f 1540 1541 1539
f 1541 1540 1542
f 1542 1537 1541
f 1537 1542 1535
f 1543 1538 1535
f 1542 1540 1544
f 1544 1535 1542
f 1535 1544 1543
f 1538 1543 1545
f 1545 1540 1538
f 1540 1545 1546
f 1546 1544 1540
f 1547 1545 1543
f 1548 1545 1547
f 1545 1548 1549
f 1546 1545 1550
f 1549 1550 1545
f 1550 1549 1551
f 1550 1544 1546
f 1551 1544 1550
f 1544 1551 1552
f 1543 1544 1547
f 1552 1547 1544
f 1547 1552 1548
f 1536 1539 1537
f 1541 1537 1539
f 1548 1552 1549
f 1551 1549 1552
f 1553 1554 1555
f 1554 1553 1556
f 1556 1557 1554
f 1557 1556 1558
f 1558 1559 1557
f 1559 1558 1560
f 1560 1555 1559
f 1555 1560 1553
f 1561 1556 1553
f 1556 1561 1562
f 1563 1562 1561
f 1562 1563 1564
f 1562 1558 1556
f 1565 1558 1562
f 1564 1565 1562
f 1566 1560 1558
f 1565 1566 1558
f 1567 1566 1565
f 1566 1553 1560
f 1553 1566 1561
f 1561 1566 1563
f 1567 1563 1566
f 1568 1564 1563
f 1564 1568 1569
f 1565 1564 1570
f 1569 1570 1564
f 1570 1569 1571
f 1570 1567 1565
f 1571 1567 1570
f 1567 1571 1572
f 1563 1567 1568
f 1572 1568 1567
f 1554 1557 1555
f 1559 1555 1557
f 1568 1572 1569
f 1571 1569 1572
f 1573 1574 1575
f 1574 1573 1576
f 1576 1577 1574
f 1577 1576 1578
f 1578 1579 1577
f 1579 1578 1580
f 1580 1575 1579
f 1575 1580 1573
f 1581 1576 1573
f 1576 1581 1582
f 1583 1582 1581
f 1582 1583 1584
f 1582 1578 1576
f 1585 1578 1582
f 1584 1585 1582
f 1586 1580 1578
f 1585 1586 1578
f 1587 1586 1585
f 1586 1573 1580
f 1573 1586 1581
f 1581 1586 1583
f 1587 1583 1586
f 1588 1584 1583
f 1584 1588 1589
f 1585 1584 1590
f 1589 1590 1584
f 1590 1589 1591
f 1590 1587 1585
f 1591 1587 1590
f 1587 1591 1592
f 1583 1587 1588
f 1592 1588 1587
f 1574 1577 1575
f 1579 1575 1577
f 1588 1592 1589
f 1591 1589 1592
f 1593 1594 1595
f 1596 1595 1594
f 1595 1596 1597
f 1598 1597 1596
f 1597 1598 1599
f 1600 1599 1598
f 1599 1600 1593
f 1594 1593 1600
f 1601 1596 1594
f 1596 1601 1602
f 1602 1598 1596
f 1598 1602 1603
f 1603 1600 1598
f 1600 1603 1604
f 1604 1594 1600
f 1594 1604 1601
f 1605 1602 1601
f 1602 1605 1606
f 1606 1603 1602
f 1603 1606 1607
f 1607 1604 1603
f 1604 1607 1608
f 1608 1601 1604
f 1601 1608 1605
f 1595 1597 1593
f 1599 1593 1597
f 1605 1608 1606
f 1607 1606 1608
f 1609 1610 1611
f 1610 1609 1612
f 1613 1612 1609
f 1612 1613 1614
f 1615 1614 1613
f 1614 1615 1616
f 1611 1616 1615
f 1616 1611 1610
f 1610 1612 1617
f 1618 1617 1612
f 1612 1614 1618
f 1619 1618 1614
f 1614 1616 1619
f 1620 1619 1616
f 1616 1610 1620
f 1617 1620 1610
f 1617 1618 1621
f 1622 1621 1618
f 1618 1619 1622
f 1623 1622 1619
f 1619 1620 1623
f 1624 1623 1620
f 1620 1617 1624
f 1621 1624 1617
f 1611 1613 1609
f 1613 1611 1615
f 1622 1624 1621
f 1624 1622 1623

