# https://github.com/mikedh/trimesh

o m41.off
v 0.51376100 0.07387780 0.42661600
v 0.51499200 0.07470290 0.42384500
v 0.51639800 0.07798070 0.42172300
v 0.51688100 0.08113810 0.42191700
v 0.51656800 0.08363790 0.42384500
v 0.51528600 0.08469140 0.42758900
v 0.51367600 0.08261950 0.43076300
v 0.51268200 0.07863590 0.43150800
v 0.51288500 0.07507440 0.42938700
v 0.50000000 0.05768490 0.46771600
v 0.50000000 0.06196620 0.46609300
v 0.50000000 0.06747200 0.46037500
v 0.50285200 0.06121460 0.46425100
v 0.50271400 0.06555850 0.46153400
v 0.50184200 0.07130250 0.45485400
v 0.50123400 0.05779000 0.46451500
v 0.50293500 0.05881610 0.45659300
v 0.50158200 0.05879050 0.46388100
v 0.50279500 0.06017750 0.45898400
v 0.50445800 0.06415900 0.44828200
v 0.50459100 0.06219280 0.44789300
v 0.50265400 0.06166640 0.45647700
v 0.50338300 0.05807430 0.43709400
v 0.50458900 0.05973730 0.43871800
v 0.50308900 0.05761310 0.44459800
v 0.50476900 0.05973250 0.44525400
v 0.50583600 0.06520690 0.44478100
v 0.50648400 0.06758340 0.44228700
v 0.50747400 0.06651190 0.43818300
v 0.50663100 0.06851960 0.44590500
v 0.50650200 0.06922950 0.44155300
v 0.50752100 0.06881990 0.43874900
v 0.50706300 0.07033040 0.44267400
v 0.50631800 0.07062370 0.45004100
v 0.50675600 0.07356030 0.44450700
v 0.50700500 0.07317900 0.44152600
v 0.50403800 0.07071380 0.45414200
v 0.50555700 0.07786650 0.44408600
v 0.50590300 0.07329600 0.44862700
v 0.50278100 0.07711890 0.44775000
v 0.50291500 0.07885960 0.44508100
v 0.50000000 0.05675970 0.45566400
v 0.50179200 0.05730390 0.43702500
v 0.50277600 0.05972980 0.46354700
v 0.59274700 0.10847900 0.31862400
v 0.55486700 0.09882290 0.34700200
v 0.55431400 0.09816680 0.31933400
v 0.57498100 0.10244100 0.28492000
v 0.51163300 0.03383770 0.26518000
v 0.51025100 0.03515450 0.25947400
v 0.50957500 0.03318120 0.26891800
v 0.51269000 0.03560150 0.26022200
v 0.51343800 0.03521630 0.26493400
v 0.50950500 0.03219030 0.27898400
v 0.51315500 0.03497870 0.27075900
v 0.51569400 0.04089390 0.26088600
v 0.50626900 0.03448600 0.26710000
v 0.51227200 0.04199970 0.24839500
v 0.51329500 0.04469900 0.24708000
v 0.51079500 0.04323080 0.24605500
v 0.50670500 0.04336340 0.24665100
v 0.51015600 0.03857720 0.25123500
v 0.50802300 0.03839850 0.25288900
v 0.50629700 0.04031850 0.25261100
v 0.50000000 0.03665000 0.26142000
v 0.51426100 0.02993320 0.29369500
v 0.50000000 0.02993000 0.27920600
v 0.50000000 0.02640280 0.29535800
v 0.51255700 0.05194570 0.23146400
v 0.50579900 0.05458580 0.22268300
v 0.50000000 0.05400430 0.22268100
v 0.50000000 0.04287400 0.24636000
v 0.51819200 0.04710690 0.25345700
v 0.51961900 0.03854700 0.27709100
v 0.51988400 0.05040600 0.25338300
v 0.52022600 0.03648390 0.29190200
v 0.52413100 0.04336380 0.29582800
v 0.51702900 0.03498290 0.27849700
v 0.51763900 0.03293010 0.29289500
v 0.51347700 0.05609350 0.22284700
v 0.51445100 0.08545440 0.43111800
v 0.51220500 0.08003240 0.43401300
v 0.51527900 0.07330660 0.42191200
v 0.51829600 0.07926180 0.41841400
v 0.51289600 0.07272300 0.42872400
v 0.50950900 0.06964780 0.43001000
v 0.51378400 0.06920670 0.42115300
v 0.51740500 0.08805570 0.42611600
v 0.52145400 0.08717000 0.41421000
v 0.52195600 0.09399540 0.41090600
v 0.51373600 0.09413240 0.42868100
v 0.51665100 0.09678970 0.42182600
v 0.50788600 0.07114960 0.43497500
v 0.50898500 0.07417280 0.43610200
v 0.50844300 0.07842420 0.43947800
v 0.51141000 0.08899640 0.43452900
v 0.50703700 0.09650610 0.43074500
v 0.50728100 0.09980360 0.42370300
v 0.50000000 0.09783270 0.43149700
v 0.50000000 0.10094200 0.42457900
v 0.50431300 0.08349500 0.44168800
v 0.50000000 0.08522310 0.44171500
v 0.50000000 0.07917730 0.44517500
v 0.50718500 0.09048980 0.43592900
v 0.50000000 0.09219930 0.43680800
v 0.53601500 0.07812410 0.35124500
v 0.55611600 0.08303950 0.34843500
v 0.53420200 0.07786650 0.33959100
v 0.55530000 0.08820610 0.36124900
v 0.53097900 0.09126400 0.36786100
v 0.55580900 0.09454520 0.36211500
v 0.53071700 0.08189070 0.36648400
v 0.53057500 0.09885380 0.35072000
v 0.53099200 0.07038460 0.36550800
v 0.53440800 0.07155920 0.35278700
v 0.52472700 0.09692080 0.36765900
v 0.52614700 0.09016850 0.37961500
v 0.52740800 0.07566700 0.37626900
v 0.53436400 0.09351740 0.27772700
v 0.52609200 0.09636220 0.28915600
v 0.52362400 0.09508290 0.27816800
v 0.55130800 0.09609460 0.28543000
v 0.53000700 0.09859980 0.31237100
v 0.52626200 0.09745060 0.30264400
v 0.52815400 0.09995440 0.33671800
v 0.53438300 0.08308540 0.30155100
v 0.53374600 0.08724620 0.28546400
v 0.53103900 0.08452990 0.28392900
v 0.54900400 0.08794080 0.29369900
v 0.53527000 0.07953630 0.32813600
v 0.53382600 0.08862460 0.26254200
v 0.52701300 0.08618920 0.26432900
v 0.51773400 0.09582570 0.26256800
v 0.52096500 0.09229820 0.25596500
v 0.55464000 0.09336050 0.26800800
v 0.54572100 0.09572750 0.26987200
v 0.55555200 0.08427520 0.32661700
v 0.52667000 0.07658450 0.25536400
v 0.52456200 0.08216910 0.25116200
v 0.52031100 0.08807780 0.24024400
v 0.51359000 0.09643980 0.24617600
v 0.51744100 0.09275260 0.24312300
v 0.51485000 0.09912550 0.27172400
v 0.52980000 0.07138110 0.26895200
v 0.53355800 0.07166900 0.29071600
v 0.51669500 0.09934650 0.28519000
v 0.53467900 0.06995740 0.30313100
v 0.53537400 0.06690280 0.32181400
v 0.51807500 0.10053100 0.30685000
v 0.53510500 0.06683710 0.33986700
v 0.51875500 0.10075900 0.34179600
v 0.51889500 0.10109600 0.32865100
v 0.52014300 0.10214100 0.37021000
v 0.51995200 0.10242500 0.35672100
v 0.52314000 0.09729800 0.38063600
v 0.50652100 0.09836280 0.24140200
v 0.50788600 0.10074300 0.26488400
v 0.51050600 0.10267200 0.28882700
v 0.51066800 0.10354100 0.31059100
v 0.51146400 0.10366400 0.32678800
v 0.50958100 0.10274000 0.33891300
v 0.52372400 0.07876530 0.39113600
v 0.52501300 0.08437220 0.38586700
v 0.52445500 0.08947870 0.39293000
v 0.52284100 0.09458630 0.39561100
v 0.51982600 0.09869480 0.39300000
v 0.51843800 0.10204000 0.38266300
v 0.51008900 0.10256800 0.38323200
v 0.51232300 0.10366000 0.36977300
v 0.51083700 0.10399400 0.35485400
v 0.54644700 0.09019700 0.25898400
v 0.53750900 0.08808350 0.24942300
v 0.54702500 0.09360350 0.25957200
v 0.50517400 0.10174900 0.08841490
v 0.48931500 0.10551600 0.02500000
v 0.51586100 0.10537500 0.02595460
v 0.52073000 0.10063200 0.08947500
v 0.49107600 0.09338760 0.17215600
v 0.50000000 0.09721330 0.12998800
v 0.51907100 0.09578690 0.13080500
v 0.51771700 0.09126680 0.17217400
v 0.50892400 0.09338760 0.17215600
v 0.51711900 0.09141640 0.18043400
v 0.50740400 0.09574240 0.20914600
v 0.49147700 0.09357000 0.18023900
v 0.49259600 0.09574240 0.20914600
v 0.51409300 0.09489010 0.22811300
v 0.50000000 0.09870490 0.23869700
v 0.50000000 0.10183100 0.26596500
v 0.50000000 0.10369000 0.28814400
v 0.50000000 0.10305000 0.31200200
v 0.49041900 0.10274000 0.33891300
v 0.50000000 0.10208200 0.32774500
v 0.49569100 0.06982490 0.16534900
v 0.50672000 0.07012120 0.16552600
v 0.50690000 0.07962990 0.12512900
v 0.51692100 0.08902730 0.08626470
v 0.49645500 0.08890850 0.08392410
v 0.50709000 0.08888050 0.08425910
v 0.51161200 0.07121930 0.16648100
v 0.51739400 0.08076080 0.12834800
v 0.52677800 0.08912260 0.09162520
v 0.53723600 0.10444800 0.03351800
v 0.51426500 0.07266910 0.16766100
v 0.52300900 0.08160990 0.13185000
v 0.53908600 0.08959460 0.09913810
v 0.54029400 0.09641110 0.06730560
v 0.54827800 0.10382500 0.03932140
v 0.54342700 0.10004300 0.06942600
v 0.53926900 0.09537300 0.10019600
v 0.53325400 0.09742280 0.09601040
v 0.53428400 0.10149600 0.06409300
v 0.53089100 0.08911020 0.13647100
v 0.52949900 0.09063570 0.13619600
v 0.52209900 0.08342890 0.17559900
v 0.52153000 0.08650060 0.17412800
v 0.52514400 0.09332150 0.13345800
v 0.51973000 0.08960540 0.17246900
v 0.52044800 0.08385360 0.18688500
v 0.52032600 0.08758690 0.18279800
v 0.51773900 0.09108750 0.20601100
v 0.51968200 0.07899470 0.19329700
v 0.51950400 0.08809110 0.19509400
v 0.52014900 0.08027010 0.20721100
v 0.52003200 0.08467080 0.21454000
v 0.51917900 0.08822100 0.21726800
v 0.52228000 0.07670800 0.22881500
v 0.52190100 0.08331900 0.23747800
v 0.51038300 0.10266700 0.39996800
v 0.50000000 0.10337700 0.40634300
v 0.50000000 0.10316100 0.38443500
v 0.50000000 0.10184200 0.37019400
v 0.50000000 0.10218600 0.35322900
v 0.50000000 0.03657730 0.35859800
v 0.49297900 0.04872150 0.38162200
v 0.50702100 0.04872150 0.38162200
v 0.50000000 0.04817910 0.38125700
v 0.51346000 0.05073040 0.38180100
v 0.51041600 0.02950390 0.34264000
v 0.51015200 0.03441800 0.35377500
v 0.51981600 0.03643380 0.35298600
v 0.51987400 0.03177890 0.34187900
v 0.51894800 0.02940840 0.33085100
v 0.51070300 0.02723480 0.33148000
v 0.51743400 0.02825990 0.31964700
v 0.50936900 0.02591880 0.32017800
v 0.50000000 0.02541830 0.32064100
v 0.50000000 0.02669920 0.33184600
v 0.51609000 0.02809240 0.30729300
v 0.50946100 0.02578140 0.30778400
v 0.50000000 0.02500000 0.30834800
v 0.51140900 0.06011720 0.20563900
v 0.50553300 0.05933110 0.20606800
v 0.49723400 0.05919740 0.20633600
v 0.51042400 0.06251150 0.19061200
v 0.50512600 0.06129390 0.19449800
v 0.51075600 0.06463160 0.18295200
v 0.50459800 0.06325580 0.18347000
v 0.49481000 0.06183910 0.19067200
v 0.51409100 0.06467680 0.18813800
v 0.51464700 0.06148130 0.20443000
v 0.51543000 0.06416930 0.19379900
v 0.51446300 0.07106130 0.17395400
v 0.51718000 0.06733060 0.19259800
v 0.51595100 0.07034970 0.18142700
v 0.51790200 0.07286870 0.18704500
v 0.51688000 0.07327040 0.17820300
v 0.51727000 0.07534420 0.16926400
v 0.51959400 0.07620090 0.19779400
v 0.51845900 0.07653820 0.17932900
v 0.53269300 0.08476300 0.13734700
v 0.55062800 0.09138540 0.10563500
v 0.56486100 0.09679800 0.07981420
v 0.54482600 0.09010720 0.10219900
v 0.52960700 0.08327630 0.13542500
v 0.56820200 0.09956380 0.06504760
v 0.57036800 0.10282900 0.05011810
v 0.56247000 0.10335300 0.04552640
v 0.55318200 0.09559900 0.09062930
v 0.54903300 0.09635280 0.08859160
v 0.52152100 0.08065960 0.17190900
v 0.53357100 0.08792130 0.13794500
v 0.53498300 0.08656780 0.13849600
v 0.52116300 0.08075240 0.17485000
v 0.51988000 0.07906100 0.18575400
v 0.52012000 0.06484230 0.21625800
v 0.52221200 0.07156430 0.22547600
v 0.52330400 0.06264050 0.24098000
v 0.52700600 0.06897620 0.25454500
v 0.53062300 0.06494080 0.27575200
v 0.52797100 0.05657440 0.27535100
v 0.53276300 0.06352610 0.29018200
v 0.53277700 0.05830560 0.30284300
v 0.53198100 0.04992980 0.32721700
v 0.53459100 0.06285940 0.30941000
v 0.53487200 0.06134370 0.33415400
v 0.53398900 0.06424830 0.35299900
v 0.53133600 0.05266940 0.35202400
v 0.52690400 0.07112300 0.37585600
v 0.52302200 0.07090500 0.38601700
v 0.52274500 0.07404370 0.39052900
v 0.51643800 0.06605450 0.40442200
v 0.52209400 0.08031760 0.40282100
v 0.51868600 0.07221330 0.40735100
v 0.52315200 0.08878090 0.40692900
v 0.51874600 0.09828520 0.41414300
v 0.51986300 0.09868290 0.40367700
v 0.50000000 0.10254600 0.41681700
v 0.50993700 0.10163800 0.41607700
v 0.50970000 0.05367630 0.39929900
v 0.50359000 0.05285480 0.40784600
v 0.50527000 0.05089250 0.39105700
v 0.50000000 0.05128390 0.39430400
v 0.50000000 0.05249250 0.40792600
v 0.51233900 0.05273980 0.38839600
v 0.51150200 0.05637860 0.40345900
v 0.51644400 0.05769630 0.39021400
v 0.51801700 0.05615830 0.38343500
v 0.51551600 0.05262970 0.38251700
v 0.52014600 0.06247030 0.38670500
v 0.52210600 0.05425430 0.37369000
v 0.52776000 0.05507250 0.36403100
v 0.52422800 0.04758000 0.36343300
v 0.52273200 0.03839870 0.35300500
v 0.52932300 0.04683530 0.35105000
v 0.52969000 0.04366900 0.33841400
v 0.52654500 0.03788820 0.33938700
v 0.52570100 0.04104730 0.35181600
v 0.52301300 0.03381450 0.34091500
v 0.53012200 0.04517160 0.32644300
v 0.52580400 0.03672830 0.32783600
v 0.52268800 0.03512120 0.31049900
v 0.52204000 0.03175020 0.32976500
v 0.51931400 0.03116730 0.30578600
v 0.52265500 0.04754010 0.27471700
v 0.51857800 0.05808220 0.22763800
v 0.51687600 0.05634640 0.22738600
v 0.51911800 0.06274700 0.21539400
v 0.52346600 0.05693960 0.25416800
v 0.53060900 0.05114950 0.30819700
v 0.53150200 0.04828480 0.33915500
v 0.52451800 0.06071550 0.37474800
v 0.51114300 0.06250170 0.41902500
v 0.50488800 0.05706030 0.42813100
v 0.50789000 0.05666240 0.41816700
v 0.50638100 0.07635070 0.44319600
v 0.50000000 0.05472700 0.42826400
v 0.49820800 0.05730390 0.43702500
v 0.50207800 0.05544660 0.42820000
v 0.50605100 0.05478860 0.41800900
v 0.84018000 0.13628100 0.32790800
v 0.85190100 0.13819800 0.33725500
v 0.84742900 0.13947700 0.34701800
v 0.85747800 0.13669300 0.34322200
v 0.87457600 0.13474900 0.33636100
v 0.86601200 0.13847100 0.32825600
v 0.71287300 0.12239100 0.30962400
v 0.72113600 0.12417400 0.31246900
v 0.71577800 0.12766300 0.28426900
v 0.70529900 0.12394700 0.30351700
v 0.72835600 0.12602000 0.31005500
v 0.71445200 0.12034600 0.37412500
v 0.74670900 0.12718500 0.30987600
v 0.72684200 0.13105800 0.30645900
v 0.72652200 0.13350400 0.30804100
v 0.75329200 0.12957100 0.31125800
v 0.74950400 0.13258200 0.30994400
v 0.68094500 0.11833300 0.29995600
v 0.69288700 0.12133700 0.27528900
v 0.69132200 0.11983500 0.27385800
v 0.80117200 0.13603000 0.30729200
v 0.81375400 0.14089300 0.29410900
v 0.80144500 0.13698400 0.30727900
v 0.77231600 0.13122900 0.32355500
v 0.79764900 0.12979000 0.32163200
v 0.76707400 0.13578100 0.31832500
v 0.70495300 0.12701100 0.30316100
v 0.70056400 0.12968100 0.30726200
v 0.68157200 0.12579900 0.29865200
v 0.84272000 0.13070400 0.34906600
v 0.86880400 0.13099200 0.33944100
v 0.84534100 0.13163100 0.33905600
v 0.73917700 0.13386200 0.31797100
v 0.71624800 0.13444900 0.31583200
v 0.74472200 0.13471400 0.29583800
v 0.79059300 0.14043700 0.29856900
v 0.78292900 0.13740900 0.32569500
v 0.81472500 0.13280500 0.31998000
v 0.80490300 0.13878700 0.34246000
v 0.79452900 0.13797100 0.33331900
v 0.75354900 0.14087900 0.35910200
v 0.72241200 0.14254000 0.36384600
v 0.77535600 0.14171300 0.35606100
v 0.68870800 0.12838200 0.30333900
v 0.67423200 0.13493400 0.35271200
v 0.66522800 0.12382800 0.30004000
v 0.79178600 0.13917000 0.22615000
v 0.79256400 0.14048600 0.22702900
v 0.79274800 0.14088800 0.22153700
v 0.78803900 0.13690600 0.23995100
v 0.79099000 0.14140800 0.22680200
v 0.78710100 0.14209900 0.21864300
v 0.78907600 0.14231500 0.22276800
v 0.78248100 0.14256600 0.22564300
v 0.77705400 0.14301500 0.21702900
v 0.78834700 0.14024800 0.22130800
v 0.78108800 0.13997000 0.22288200
v 0.78662600 0.13643300 0.23857000
v 0.78430600 0.13737700 0.24948600
v 0.78245400 0.13532700 0.25363300
v 0.76464000 0.14267400 0.22502100
v 0.77301600 0.13886700 0.23214700
v 0.78252900 0.13628100 0.23959300
v 0.78121900 0.13479200 0.25199200
v 0.76699200 0.13196800 0.28006200
v 0.76532100 0.13167900 0.28684600
v 0.77182700 0.13475100 0.27503000
v 0.76622300 0.13545100 0.28039600
v 0.75152500 0.13682600 0.28185700
v 0.74425600 0.13784900 0.27150300
v 0.75030000 0.13415800 0.27889500
v 0.73676800 0.13511300 0.28491700
v 0.74451300 0.13180500 0.29338500
v 0.75634400 0.12903400 0.30234000
v 0.76237500 0.13227800 0.29285500
v 0.75581900 0.13242100 0.30291000
v 0.83960600 0.13922900 0.24062900
v 0.84018000 0.14063700 0.24133800
v 0.84065700 0.14048300 0.23627700
v 0.83387000 0.13815100 0.25697100
v 0.83351600 0.13967600 0.25735100
v 0.83870400 0.14145800 0.24083500
v 0.83602000 0.14127100 0.23259300
v 0.83736000 0.14191200 0.23668900
v 0.83149900 0.14232700 0.23833100
v 0.82746500 0.14186800 0.22942900
v 0.83691500 0.13973300 0.23550800
v 0.83065500 0.13949200 0.23595000
v 0.83250400 0.13776800 0.24876900
v 0.83428500 0.13766200 0.25181200
v 0.76260000 0.13344900 0.22664700
v 0.76303100 0.13461100 0.22713500
v 0.76235400 0.13505800 0.22165200
v 0.75945100 0.13133600 0.23936100
v 0.75944700 0.13286400 0.24001400
v 0.75933400 0.13462300 0.23506900
v 0.75532300 0.13647100 0.21933100
v 0.75846500 0.13648000 0.22382300
v 0.74887300 0.13676500 0.22978600
v 0.74015500 0.13755500 0.22138200
v 0.75739300 0.13439100 0.22249400
v 0.75885900 0.13143000 0.23421700
v 0.74972200 0.13415400 0.22537700
v 0.73355100 0.12981600 0.22642900
v 0.73362200 0.13102800 0.22667000
v 0.73219200 0.13135500 0.22188000
v 0.73304400 0.12937400 0.23519300
v 0.73188900 0.12758900 0.23853200
v 0.73065500 0.13054900 0.23787000
v 0.72252600 0.13378500 0.22044700
v 0.72901300 0.13302100 0.22401600
v 0.72310300 0.13378800 0.22793100
v 0.72757300 0.13101300 0.22278700
v 0.73073300 0.12778700 0.23347500
v 0.71816800 0.13138900 0.22754300
v 0.81319200 0.14048900 0.23276500
v 0.81388000 0.14180700 0.23356100
v 0.81394700 0.14214600 0.22853200
v 0.81009100 0.13837400 0.24537500
v 0.81241600 0.14268700 0.23332000
v 0.80903800 0.14327500 0.22566800
v 0.81073600 0.14352900 0.22954700
v 0.80035300 0.14413300 0.22382600
v 0.81012400 0.14147500 0.22821000
v 0.80391200 0.14117700 0.22946700
v 0.80676400 0.13826700 0.24137800
v 0.80879500 0.13786900 0.24406600
v 0.82390100 0.14058300 0.26922400
v 0.81874500 0.14203000 0.23302600
v 0.82545200 0.13917000 0.24030700
v 0.82496600 0.13723100 0.26965400
v 0.80775100 0.13695300 0.29982300
v 0.81304500 0.13686100 0.28853500
v 0.82221500 0.13926500 0.27763400
v 0.80748700 0.13837300 0.30025500
v 0.80582800 0.13983800 0.29770300
v 0.79867500 0.14140900 0.28725600
v 0.79326900 0.14120700 0.27601100
v 0.79806500 0.13847400 0.28462700
v 0.75502300 0.13033400 0.25190600
v 0.74307200 0.13038500 0.27495100
v 0.72990200 0.13767600 0.22714400
v 0.73820900 0.13347900 0.23606400
v 0.75194800 0.13091600 0.23940200
v 0.75064200 0.12906700 0.25625700
v 0.74271800 0.12728300 0.27430000
v 0.74219000 0.12767900 0.28048400
v 0.75014900 0.13052100 0.26381500
v 0.74217900 0.12903800 0.28104600
v 0.73079300 0.13253200 0.26670400
v 0.71982900 0.13328600 0.25610900
v 0.72887700 0.12975100 0.26364000
v 0.72226000 0.12832700 0.27242000
v 0.71468700 0.13237600 0.26746100
v 0.73824800 0.12727200 0.28392200
v 0.70956400 0.13046900 0.27934800
v 0.73395000 0.12663900 0.29565200
v 0.73451900 0.12886800 0.29612100
v 0.73123800 0.13067500 0.29529600
v 0.73766800 0.13061400 0.28417400
v 0.72495800 0.13103500 0.27474200
v 0.71651000 0.13048800 0.28414200
v 0.72983600 0.12832000 0.24662300
v 0.72605400 0.12565200 0.25610900
v 0.71351800 0.13392600 0.23792600
v 0.71309600 0.13427800 0.22309800
v 0.70664500 0.13271500 0.22812700
v 0.71160200 0.13111800 0.23578700
v 0.72477000 0.12557400 0.25235800
v 0.71458700 0.12375600 0.27631500
v 0.71390500 0.12331600 0.28251900
v 0.71887100 0.12587000 0.27352200
v 0.71518400 0.12700200 0.27718900
v 0.72206000 0.12827100 0.25975200
v 0.70713100 0.12989600 0.26491200
v 0.69479300 0.12710700 0.26507300
v 0.70612200 0.12851500 0.25481400
v 0.69499400 0.12543700 0.28228700
v 0.68930900 0.12368400 0.28051900
v 0.70444600 0.12317000 0.29125400
v 0.70840200 0.12253900 0.29298000
v 0.70998200 0.12331700 0.29393100
v 0.71436300 0.12478400 0.28297500
v 0.70686000 0.12681000 0.29337700
v 0.70143200 0.12859900 0.27321900
v 0.69557900 0.12863700 0.28400300
v 0.69896400 0.12219300 0.30406900
v 0.80864600 0.13932100 0.24969100
v 0.80519500 0.13709100 0.25779300
v 0.80031100 0.13907300 0.26225400
v 0.78021600 0.13854100 0.27695400
v 0.78947800 0.14377700 0.23066400
v 0.79913000 0.14043200 0.23432900
v 0.80123400 0.13570400 0.26219300
v 0.79125600 0.13342700 0.28150200
v 0.78708000 0.13230300 0.29281300
v 0.79937700 0.13694500 0.27037700
v 0.78688500 0.13360200 0.29336400
v 0.78512000 0.13534800 0.29120900
v 0.77102400 0.13864100 0.27197100
v 0.77927100 0.13587900 0.27405800
v 0.78613200 0.13182100 0.29148700
v 0.76304500 0.13621000 0.28463600
v 0.77081300 0.13306600 0.29163300
v 0.78008100 0.13158500 0.30381900
v 0.78102400 0.13242600 0.30501700
v 0.77893600 0.13492900 0.30455400
v 0.77046100 0.13593600 0.29394700
v 0.76564700 0.12859600 0.32028600
v 0.81377500 0.13148000 0.31814100
v 0.80310200 0.13099700 0.32264600
v 0.81525900 0.13154000 0.32013200
v 0.80699600 0.13157600 0.32762600
v 0.82522800 0.13098600 0.33734900
v 0.83749500 0.13112400 0.32656000
v 0.83870900 0.13109200 0.32874900
v 0.83240500 0.13578700 0.31851800
v 0.81840800 0.13088600 0.33394500
v 0.82792800 0.13990700 0.34647700
v 0.83586800 0.13843900 0.32476100
v 0.96586200 0.14053700 0.30877800
v 0.95892300 0.14024000 0.31138000
v 0.94685700 0.13712200 0.31623700
v 0.93995700 0.13751900 0.31804500
v 0.94402100 0.13903800 0.31590100
v 0.95975400 0.14165000 0.30431100
v 0.95916900 0.14166700 0.30776000
v 0.94789000 0.14372600 0.29851800
v 0.93562700 0.14170000 0.30729700
v 0.94633000 0.14058400 0.30432600
v 0.94610200 0.13705900 0.31453600
v 0.92874300 0.14370000 0.27352600
v 0.92325600 0.14282600 0.27655700
v 0.91394600 0.13895000 0.28233200
v 0.89454700 0.13650400 0.29193600
v 0.92266400 0.14435900 0.26961300
v 0.92270100 0.14429300 0.27304800
v 0.91110800 0.14555300 0.26506500
v 0.89720900 0.14234500 0.27605800
v 0.91299900 0.13874400 0.28066000
v 0.90646800 0.14180000 0.27132800
v 0.88760800 0.14607700 0.25094700
v 0.88328200 0.14489600 0.25441800
v 0.87263400 0.13941100 0.26390600
v 0.86856100 0.13953400 0.26675000
v 0.88192300 0.14691700 0.24793900
v 0.88230200 0.14634600 0.25122800
v 0.87126400 0.14724900 0.24523100
v 0.87512900 0.14036200 0.25958600
v 0.86802900 0.14329200 0.25195000
v 0.93066800 0.13522900 0.32107400
v 0.93110600 0.14427000 0.29611500
v 0.90599100 0.14152800 0.30022900
v 0.93006500 0.13523000 0.31904800
v 0.90717900 0.13319100 0.32467100
v 0.88887600 0.13196200 0.33142300
v 0.88826800 0.13223800 0.32866300
v 0.88859400 0.13364900 0.33104200
v 0.90727800 0.13491600 0.32583100
v 0.88669600 0.13935400 0.32034300
v 0.90671800 0.13944000 0.31305900
v 0.88475100 0.13982400 0.30744000
v 0.86565100 0.13397200 0.32638600
v 0.84975600 0.13449500 0.32191500
v 0.89396600 0.13755700 0.29084900
v 0.89493700 0.13515100 0.29223300
v 0.89565700 0.14498100 0.26486700
v 0.89121900 0.14000800 0.27500400
v 0.89365400 0.13549000 0.28895200
v 0.90438400 0.13688400 0.28496000
v 0.87951900 0.13384300 0.29966200
v 0.87235000 0.13353600 0.30735700
v 0.85681700 0.13270500 0.31620600
v 0.87980100 0.13562700 0.30095900
v 0.86405200 0.13488800 0.31294800
v 0.87632900 0.13986400 0.28735300
v 0.85569500 0.14057900 0.29021600
v 0.87310200 0.14206100 0.27492800
v 0.87552300 0.13810100 0.28464100
v 0.84429000 0.13655200 0.30911000
v 0.84025300 0.13918900 0.30116300
v 0.85060700 0.13241200 0.32251200
v 0.84499000 0.13843600 0.31143200
v 0.86775800 0.14054000 0.26597600
v 0.86091800 0.13660700 0.27433300
v 0.86018300 0.13845900 0.27367200
v 0.85583700 0.14295900 0.26088900
v 0.86479100 0.14429400 0.25563700
v 0.85243400 0.14580400 0.24989400
v 0.86242700 0.14616700 0.24601500
v 0.85494700 0.14124700 0.25853300
v 0.86797400 0.13825000 0.26520200
v 0.85928400 0.13690900 0.27145600
v 0.84823500 0.13565200 0.28544500
v 0.83560000 0.13527500 0.30222600
v 0.83468400 0.13506900 0.30064500
v 0.83504400 0.13678300 0.30203200
v 0.82941300 0.14052000 0.29188700
v 0.84351000 0.14154900 0.27437800
v 0.82185900 0.14254900 0.28265800
v 0.83875700 0.14359300 0.26310300
v 0.84242900 0.13973700 0.27190200
v 0.82843600 0.13870900 0.28942800
v 0.82575100 0.13338500 0.30682600
v 0.82716900 0.13334000 0.30904700
v 0.82648000 0.13500800 0.30886700
v 0.82054200 0.13918500 0.29968200
v 0.64486800 0.12024300 0.30041700
v 0.62534500 0.12199100 0.33404800
v 0.97500000 0.14237700 0.35932100
v 0.96761600 0.14244500 0.36042000
v 0.95455400 0.14027500 0.36384500
v 0.94549400 0.14133500 0.36269600
v 0.96854000 0.14275200 0.35667100
v 0.95883400 0.14152800 0.34556700
v 0.95408100 0.13969100 0.36221700
v 0.95615300 0.14015100 0.35175900
v 0.93692400 0.14009000 0.36493900
v 0.93084700 0.13862800 0.36650000
v 0.92343100 0.14014800 0.35137500
v 0.94172600 0.14061700 0.34028300
v 0.92634000 0.13772700 0.36461800
v 0.87572300 0.13385000 0.36439600
v 0.87599600 0.13501800 0.36822600
v 0.87579400 0.13612400 0.36753900
v 0.87558100 0.13676100 0.36638100
v 0.87500700 0.13712400 0.35388900
v 0.91374400 0.13826400 0.33888600
v 0.89259400 0.13573700 0.35217100
v 0.87320600 0.13622600 0.34080700
v 0.85793900 0.13368700 0.35357100
v 0.86050700 0.13321400 0.37026400
v 0.86017200 0.13498400 0.36937600
v 0.85967400 0.13655900 0.36765000
v 0.85774600 0.13775500 0.35469400
v 0.66923700 0.11967900 0.28326800
v 0.67045300 0.11499500 0.30806400
v 0.68033300 0.11794200 0.28091200
v 0.65689600 0.11549800 0.27802700
v 0.64860600 0.11574600 0.27825300
v 0.65000100 0.10998800 0.30688800
v 0.66107100 0.11325300 0.30773700
v 0.66308100 0.11687400 0.27781000
v 0.66786800 0.11814700 0.27958600
v 0.62624100 0.10432500 0.30432100
v 0.63630400 0.11202900 0.27770400
v 0.62644400 0.11129100 0.27727100
v 0.64764800 0.11436000 0.27567500
v 0.60230600 0.09863770 0.29871900
v 0.61403300 0.10695000 0.27502300
v 0.60597300 0.10552300 0.27542300
v 0.62489700 0.11056400 0.27367400
v 0.59932300 0.10253000 0.27398600
v 0.59226200 0.10067500 0.27249900
v 0.59105400 0.09610150 0.29762900
v 0.58564900 0.10104000 0.27421900
v 0.57371800 0.09676360 0.29715800
v 0.57841500 0.09839810 0.27037400
v 0.57074300 0.09634090 0.27183700
v 0.56338200 0.09601530 0.27062200
v 0.68006100 0.12269400 0.28205500
v 0.66409000 0.12283600 0.27976100
v 0.66987500 0.12253500 0.27272000
v 0.65744800 0.12071600 0.28073300
v 0.63573900 0.11669100 0.27985200
v 0.64403400 0.11874500 0.27655600
v 0.64971700 0.11781200 0.25989000
v 0.62228400 0.11476500 0.29446400
v 0.62548000 0.11396200 0.27505300
v 0.61371400 0.11061600 0.27652400
v 0.60510000 0.10923500 0.29103200
v 0.60033800 0.10754900 0.28630700
v 0.59123800 0.10503300 0.28462500
v 0.59328700 0.10382200 0.25883300
v 0.59925800 0.10651800 0.27248800
v 0.57813000 0.10259700 0.27149700
v 0.58091300 0.10292400 0.27321200
v 0.57091500 0.10050200 0.27232100
v 0.55652500 0.09770050 0.26890200
v 0.56088300 0.09083420 0.22565100
v 0.56102100 0.09269660 0.24461900
v 0.57129700 0.09429970 0.22722500
v 0.57248400 0.09689960 0.22274800
v 0.63722100 0.11175200 0.24673400
v 0.63084100 0.11179300 0.24435700
v 0.62817200 0.11226200 0.25969100
v 0.63779200 0.11590800 0.24816200
v 0.61622300 0.10979200 0.24146800
v 0.60540100 0.10518000 0.26134200
v 0.60662900 0.10456300 0.24959200
v 0.60759900 0.10485400 0.23913400
v 0.68527600 0.12450700 0.25033500
v 0.67290800 0.12086100 0.26460000
v 0.67694500 0.12001400 0.24695000
v 0.68382400 0.12028400 0.25315400
v 0.58327900 0.10016100 0.25569900
v 0.65173200 0.11741000 0.23429700
v 0.65031600 0.11801500 0.23394600
v 0.65298200 0.11610700 0.24519000
v 0.64945500 0.11786800 0.24729500
v 0.65103300 0.11572600 0.26046300
v 0.68131900 0.12388400 0.26915100
v 0.68079900 0.11966100 0.26736000
v 0.64895100 0.11702200 0.22125100
v 0.64955700 0.11784100 0.22600600
v 0.65276200 0.11564600 0.23429300
v 0.64368300 0.11599000 0.21919900
v 0.64591800 0.11751200 0.22304200
v 0.64113100 0.11649700 0.22859900
v 0.63961000 0.11404200 0.21945600
v 0.64970100 0.11551400 0.22575200
v 0.64591000 0.11498600 0.22227800
v 0.64146600 0.11320400 0.22482000
v 0.65115000 0.11462100 0.23355700
v 0.69876900 0.12510200 0.23208600
v 0.69889600 0.12562900 0.23677100
v 0.69952300 0.12405100 0.24826900
v 0.70093900 0.12265100 0.24493100
v 0.69761900 0.12493000 0.24905200
v 0.69076900 0.12483200 0.22986600
v 0.69526900 0.12608400 0.23363800
v 0.69875600 0.12323300 0.23631900
v 0.69492200 0.12352400 0.23274700
v 0.69911400 0.12161600 0.24388400
v 0.69067200 0.12234700 0.23466700
v 0.63192300 0.11215200 0.22681100
v 0.63927300 0.11247100 0.22910300
v 0.65111400 0.11425100 0.24404300
v 0.64936300 0.11452900 0.25922800
v 0.63656400 0.11688100 0.26350500
v 0.63609400 0.11248700 0.26216400
v 0.70030100 0.12189300 0.25204200
v 0.68197600 0.12357000 0.23333300
v 0.68548300 0.12100000 0.24339800
v 0.69838900 0.12077100 0.25055900
v 0.65780000 0.11676900 0.26433100
v 0.65800300 0.12118900 0.26574700
v 0.66361800 0.11763200 0.23410600
v 0.65823100 0.11778500 0.22903500
v 0.66114700 0.12074900 0.24630500
v 0.67565000 0.12171600 0.23192400
v 0.67451200 0.12304700 0.23207700
v 0.67424000 0.12239600 0.22752900
v 0.67606900 0.12229700 0.23992400
v 0.67721700 0.12077300 0.24001700
v 0.67432000 0.12277500 0.24263900
v 0.66872200 0.12153000 0.22537100
v 0.67091500 0.12289400 0.22912700
v 0.66547200 0.12174200 0.23395000
v 0.66212200 0.11985200 0.22675700
v 0.67089400 0.12033100 0.22832400
v 0.67557400 0.11946000 0.23913000
v 0.66601600 0.11852500 0.23041000
v 0.67144200 0.11894600 0.26316800
v 0.67524400 0.11892700 0.24570800
v 0.58463000 0.09810690 0.20495500
v 0.58452300 0.09899890 0.20984100
v 0.58619400 0.09894680 0.22238100
v 0.58517100 0.09981690 0.22230800
v 0.58404900 0.09995420 0.21864200
v 0.57960000 0.09652900 0.20391700
v 0.57933900 0.09774820 0.20925300
v 0.57171300 0.09368750 0.20496500
v 0.57647500 0.09475020 0.21024600
v 0.58488200 0.09769360 0.21826700
v 0.60540600 0.10408400 0.21060900
v 0.60557800 0.10486700 0.21538300
v 0.60767100 0.10434100 0.22421400
v 0.60675700 0.10537000 0.22877000
v 0.60054000 0.10266400 0.20936000
v 0.60049200 0.10376400 0.21463400
v 0.59515600 0.10000600 0.21036700
v 0.59770800 0.10080300 0.21541400
v 0.60637400 0.10337400 0.22698200
v 0.63043000 0.11208200 0.22434200
v 0.62955200 0.11293000 0.22434700
v 0.62936100 0.11248100 0.21968400
v 0.63167100 0.11186100 0.23313200
v 0.62940700 0.11312800 0.23262100
v 0.62460800 0.11090000 0.21765200
v 0.62651000 0.11223200 0.22113300
v 0.61677900 0.10820100 0.21683900
v 0.62189100 0.10846000 0.22308200
v 0.63042800 0.11079300 0.23230200
v 0.55740200 0.08829280 0.20488300
v 0.55776500 0.08955240 0.20971100
v 0.55955900 0.09128030 0.22209900
v 0.55824600 0.09143820 0.22004900
v 0.55221100 0.08686550 0.20435200
v 0.54830100 0.08700410 0.20619700
v 0.54960600 0.08563090 0.21103000
v 0.55881400 0.08886260 0.21826700
v 0.58583400 0.09964280 0.23360400
v 0.58414900 0.10034900 0.23855900
v 0.58280300 0.10065300 0.23796600
v 0.56503500 0.09292220 0.21098200
v 0.58227400 0.09775400 0.24265700
v 0.58470000 0.09927310 0.24424800
v 0.58182500 0.10142600 0.25529100
v 0.57085500 0.09816720 0.25315300
v 0.57032000 0.09497410 0.25219200
v 0.56058600 0.09446470 0.25610700
v 0.60560900 0.10565400 0.22471300
v 0.59491800 0.10294700 0.22491500
v 0.59036500 0.09985640 0.21365400
v 0.59296100 0.10040200 0.24265900
v 0.60412400 0.10316900 0.24795800
v 0.60412000 0.10403700 0.26061600
v 0.60448900 0.10627300 0.26113900
v 0.60336900 0.10683200 0.26078600
v 0.62953200 0.11271900 0.24392300
v 0.62745300 0.11298500 0.24671700
v 0.60843500 0.10577200 0.22441300
v 0.62944100 0.11055800 0.24320400
v 0.62691500 0.11082300 0.25853600
v 0.55933900 0.09356540 0.24121300
v 0.54706500 0.09035780 0.23529300
v 0.54185000 0.08602970 0.21237400
v 0.54738300 0.08558910 0.21603100
v 0.55951500 0.09146250 0.24401100
v 0.55862800 0.09604140 0.25554100
v 0.53902700 0.08679760 0.22781000
v 0.54606900 0.08734050 0.23426200
v 0.84212100 0.12958000 0.36942600
v 0.84526700 0.13429300 0.37268900
v 0.59348500 0.09198040 0.33141200
v 0.66431100 0.11290300 0.34098900
v 0.78579300 0.12587100 0.35823800
v 0.59428400 0.09047230 0.35190900
v 0.66315900 0.11108400 0.35303400
v 0.63139700 0.10358500 0.33543300
v 0.66232300 0.10998400 0.36420700
v 0.62981500 0.10465000 0.36703100
v 0.65998000 0.11294900 0.37423900
v 0.59456400 0.09519280 0.36164700
v 0.62792300 0.11214200 0.37322800
v 0.65704800 0.11980300 0.38028700
v 0.59370500 0.10339300 0.36778200
v 0.59331700 0.10759200 0.35246400
v 0.62646300 0.11653500 0.35946200
v 0.67103800 0.12778900 0.37470000
v 0.67012500 0.12267200 0.38649300
v 0.68800900 0.12527700 0.39319600
v 0.69014500 0.13102400 0.38217600
v 0.69487300 0.13842200 0.35947800
v 0.69089100 0.11556600 0.36910800
v 0.67572900 0.11220700 0.35826500
v 0.68998800 0.11581100 0.37778400
v 0.67463700 0.11212500 0.37076800
v 0.68891000 0.12192400 0.38793700
v 0.67270300 0.11577800 0.38076400
v 0.71611300 0.12655700 0.39475300
v 0.71531500 0.12132400 0.38374100
v 0.71616500 0.13010500 0.39993600
v 0.75713400 0.12898500 0.39017400
v 0.75562600 0.12384900 0.38070700
v 0.74677300 0.13344100 0.40035400
v 0.71802000 0.13613600 0.38895300
v 0.74602900 0.13887400 0.38604400
v 0.73826400 0.12309900 0.36747200
v 0.76353400 0.12408300 0.37322100
v 0.76087900 0.12451400 0.36637700
v 0.79951300 0.12653300 0.36635400
v 0.79128400 0.12609000 0.37402500
v 0.79251200 0.12854200 0.38017900
v 0.79367500 0.13250200 0.38366400
v 0.77057900 0.13306700 0.39236500
v 0.78871600 0.13756200 0.37296700
v 0.76728800 0.13839800 0.38116500
v 0.81431800 0.13828600 0.36600900
v 0.82212000 0.13443600 0.37691200
v 0.80739700 0.12824000 0.35808600
v 0.81565400 0.12928500 0.36835100
v 0.81950200 0.13028600 0.37316600
v 0.49568700 0.08349500 0.44168800
v 0.49706500 0.05881610 0.45659300
v 0.49540900 0.06219280 0.44789300
v 0.49523100 0.05973250 0.44525400
v 0.49416400 0.06520690 0.44478100
v 0.49293700 0.07033040 0.44267400
v 0.49336900 0.06851960 0.44590500
v 0.49324400 0.07356030 0.44450700
v 0.49368200 0.07062370 0.45004100
v 0.49554200 0.06415900 0.44828200
v 0.49722400 0.05972980 0.46354700
v 0.49596200 0.07071380 0.45414200
v 0.49409700 0.07329600 0.44862700
v 0.49714800 0.06121460 0.46425100
v 0.49728600 0.06555850 0.46153400
v 0.49876600 0.05779000 0.46451500
v 0.49691100 0.05761310 0.44459800
v 0.49780200 0.05964870 0.46132900
v 0.49734600 0.06166640 0.45647700
v 0.49661700 0.05807430 0.43709400
v 0.49541100 0.05973730 0.43871800
v 0.49351600 0.06758340 0.44228700
v 0.49252600 0.06651190 0.43818300
v 0.49349800 0.06922950 0.44155300
v 0.49247900 0.06881990 0.43874900
v 0.49299500 0.07317900 0.44152600
v 0.49444300 0.07786650 0.44408600
v 0.49361900 0.07635070 0.44319600
v 0.49815800 0.07130250 0.45485400
v 0.49708500 0.07885960 0.44508100
v 0.48623900 0.07387780 0.42661600
v 0.48500800 0.07470290 0.42384500
v 0.48360200 0.07798070 0.42172300
v 0.48311900 0.08113810 0.42191700
v 0.48343200 0.08363790 0.42384500
v 0.48471400 0.08469140 0.42758900
v 0.48632400 0.08261950 0.43076300
v 0.48731800 0.07863590 0.43150800
v 0.48711500 0.07507440 0.42938700
v 0.44568600 0.09816680 0.31933400
v 0.40725300 0.10847900 0.31862400
v 0.44513300 0.09882290 0.34700200
v 0.42501900 0.10244100 0.28492000
v 0.48866200 0.03398690 0.26350500
v 0.48974900 0.03515450 0.25947400
v 0.48731000 0.03560150 0.26022200
v 0.48731700 0.03445220 0.26589400
v 0.49049500 0.03219030 0.27898400
v 0.48684500 0.03497870 0.27075900
v 0.48430600 0.04089390 0.26088600
v 0.49373100 0.03448600 0.26710000
v 0.48772800 0.04199970 0.24839500
v 0.48670500 0.04469900 0.24708000
v 0.48920500 0.04323080 0.24605500
v 0.49329500 0.04336340 0.24665100
v 0.48984400 0.03857720 0.25123500
v 0.49197700 0.03839850 0.25288900
v 0.49370300 0.04031850 0.25261100
v 0.48573900 0.02993320 0.29369500
v 0.48744300 0.05194570 0.23146400
v 0.49420100 0.05458580 0.22268300
v 0.48180800 0.04710690 0.25345700
v 0.48038100 0.03854700 0.27709100
v 0.48011600 0.05040600 0.25338300
v 0.47977400 0.03648390 0.29190200
v 0.47586900 0.04336380 0.29582800
v 0.48297100 0.03498290 0.27849700
v 0.48236100 0.03293010 0.29289500
v 0.48652300 0.05609350 0.22284700
v 0.48554900 0.08545440 0.43111800
v 0.48779500 0.08003240 0.43401300
v 0.48472100 0.07330660 0.42191200
v 0.48170400 0.07926180 0.41841400
v 0.48710400 0.07272300 0.42872400
v 0.49049100 0.06964780 0.43001000
v 0.48621600 0.06920670 0.42115300
v 0.48138600 0.08426440 0.42064400
v 0.47854600 0.08717000 0.41421000
v 0.48259500 0.08805570 0.42611600
v 0.47804400 0.09399540 0.41090600
v 0.48626400 0.09413240 0.42868100
v 0.48334900 0.09678970 0.42182600
v 0.49211400 0.07114960 0.43497500
v 0.49101500 0.07417280 0.43610200
v 0.49155700 0.07842420 0.43947800
v 0.48859000 0.08899640 0.43452900
v 0.49296300 0.09650610 0.43074500
v 0.49271900 0.09980360 0.42370300
v 0.49281500 0.09048980 0.43592900
v 0.46398500 0.07812410 0.35124500
v 0.44388400 0.08303950 0.34843500
v 0.46579800 0.07786650 0.33959100
v 0.44470000 0.08820610 0.36124900
v 0.46902100 0.09126400 0.36786100
v 0.44419100 0.09454520 0.36211500
v 0.46928300 0.08189070 0.36648400
v 0.46942500 0.09885380 0.35072000
v 0.46900800 0.07038460 0.36550800
v 0.46559200 0.07155920 0.35278700
v 0.47527300 0.09692080 0.36765900
v 0.47385300 0.09016850 0.37961500
v 0.47259200 0.07566700 0.37626900
v 0.46563600 0.09351740 0.27772700
v 0.47390800 0.09636220 0.28915600
v 0.47637600 0.09508290 0.27816800
v 0.44869200 0.09609460 0.28543000
v 0.46999200 0.09859980 0.31237100
v 0.47373800 0.09745060 0.30264400
v 0.47184600 0.09995440 0.33671800
v 0.46561700 0.08308540 0.30155100
v 0.46625400 0.08724620 0.28546400
v 0.46896100 0.08452990 0.28392900
v 0.45099600 0.08794080 0.29369900
v 0.46473000 0.07953630 0.32813600
v 0.46617400 0.08862460 0.26254200
v 0.47298700 0.08618920 0.26432900
v 0.48226600 0.09582570 0.26256800
v 0.47903500 0.09229820 0.25596500
v 0.44536000 0.09336050 0.26800800
v 0.45427900 0.09572750 0.26987200
v 0.44444800 0.08427520 0.32661700
v 0.47333000 0.07658450 0.25536400
v 0.47543800 0.08216910 0.25116200
v 0.47968900 0.08807780 0.24024400
v 0.48641000 0.09643980 0.24617600
v 0.48255900 0.09275260 0.24312300
v 0.48515000 0.09912550 0.27172400
v 0.47020000 0.07138110 0.26895200
v 0.46644200 0.07166900 0.29071600
v 0.48330500 0.09934650 0.28519000
v 0.46532100 0.06995740 0.30313100
v 0.46462600 0.06690280 0.32181400
v 0.48192500 0.10053100 0.30685000
v 0.46489500 0.06683710 0.33986700
v 0.48124500 0.10075900 0.34179600
v 0.48110500 0.10109600 0.32865100
v 0.47985700 0.10214100 0.37021000
v 0.48004800 0.10242500 0.35672100
v 0.47686000 0.09729800 0.38063600
v 0.49347900 0.09836280 0.24140200
v 0.49211400 0.10074300 0.26488400
v 0.48949400 0.10267200 0.28882700
v 0.48933200 0.10354100 0.31059100
v 0.48853600 0.10366400 0.32678800
v 0.47627600 0.07876530 0.39113600
v 0.47498700 0.08437220 0.38586700
v 0.47554500 0.08947870 0.39293000
v 0.47715900 0.09458630 0.39561100
v 0.48017400 0.09869480 0.39300000
v 0.48156200 0.10204000 0.38266300
v 0.48991100 0.10256800 0.38323200
v 0.48767700 0.10366000 0.36977300
v 0.48916300 0.10399400 0.35485400
v 0.45355300 0.09019700 0.25898400
v 0.46249100 0.08808350 0.24942300
v 0.45297500 0.09360350 0.25957200
v 0.47463900 0.10511500 0.02812540
v 0.48446100 0.10109200 0.08912850
v 0.48092900 0.09578690 0.13080500
v 0.48228300 0.09126680 0.17217400
v 0.48288100 0.09141640 0.18043400
v 0.48590700 0.09489010 0.22811300
v 0.49310000 0.07962990 0.12512900
v 0.49087000 0.07041760 0.16570300
v 0.48307900 0.08902730 0.08626470
v 0.48838800 0.07121930 0.16648100
v 0.48260600 0.08076080 0.12834800
v 0.47322200 0.08912260 0.09162520
v 0.46276400 0.10444800 0.03351800
v 0.48573500 0.07266910 0.16766100
v 0.47699100 0.08160990 0.13185000
v 0.46091400 0.08959460 0.09913810
v 0.45970600 0.09641110 0.06730560
v 0.45172200 0.10382500 0.03932140
v 0.45657300 0.10004300 0.06942600
v 0.46073100 0.09537300 0.10019600
v 0.46674600 0.09742280 0.09601040
v 0.46571600 0.10149600 0.06409300
v 0.46910900 0.08911020 0.13647100
v 0.47050100 0.09063570 0.13619600
v 0.47790100 0.08342890 0.17559900
v 0.47847000 0.08650060 0.17412800
v 0.47485600 0.09332150 0.13345800
v 0.48027000 0.08960540 0.17246900
v 0.47955200 0.08385360 0.18688500
v 0.47967400 0.08758690 0.18279800
v 0.48226100 0.09108750 0.20601100
v 0.48031800 0.07899470 0.19329700
v 0.48049600 0.08809110 0.19509400
v 0.47985100 0.08027010 0.20721100
v 0.47996800 0.08467080 0.21454000
v 0.48082100 0.08822100 0.21726800
v 0.47772000 0.07670800 0.22881500
v 0.47809900 0.08331900 0.23747800
v 0.48961700 0.10266700 0.39996800
v 0.48551200 0.05168000 0.38215900
v 0.48018400 0.03643380 0.35298600
v 0.48984800 0.03441800 0.35377500
v 0.48012600 0.03177890 0.34187900
v 0.48958400 0.02950390 0.34264000
v 0.48105200 0.02940840 0.33085100
v 0.48929700 0.02723480 0.33148000
v 0.48256600 0.02825990 0.31964700
v 0.49063100 0.02591880 0.32017800
v 0.48391000 0.02809240 0.30729300
v 0.49053900 0.02578140 0.30778400
v 0.48859100 0.06011720 0.20563900
v 0.48957600 0.06251150 0.19061200
v 0.48924400 0.06463160 0.18295200
v 0.49540200 0.06325580 0.18347000
v 0.48590900 0.06467680 0.18813800
v 0.48535300 0.06148130 0.20443000
v 0.48457000 0.06416930 0.19379900
v 0.48553700 0.07106130 0.17395400
v 0.48282000 0.06733060 0.19259800
v 0.48404900 0.07034970 0.18142700
v 0.48209800 0.07286870 0.18704500
v 0.48312000 0.07327040 0.17820300
v 0.48273000 0.07534420 0.16926400
v 0.48040600 0.07620090 0.19779400
v 0.48154100 0.07653820 0.17932900
v 0.46730700 0.08476300 0.13734700
v 0.44937200 0.09138540 0.10563500
v 0.43513900 0.09679800 0.07981420
v 0.45517400 0.09010720 0.10219900
v 0.47039300 0.08327630 0.13542500
v 0.43179800 0.09956380 0.06504760
v 0.42963200 0.10282900 0.05011810
v 0.43753000 0.10335300 0.04552640
v 0.44681800 0.09559900 0.09062930
v 0.45096700 0.09635280 0.08859160
v 0.47847900 0.08065960 0.17190900
v 0.46642900 0.08792130 0.13794500
v 0.46501700 0.08656780 0.13849600
v 0.47883700 0.08075240 0.17485000
v 0.48012000 0.07906100 0.18575400
v 0.47988000 0.06484230 0.21625800
v 0.47778800 0.07156430 0.22547600
v 0.47669600 0.06264050 0.24098000
v 0.47299400 0.06897620 0.25454500
v 0.46937700 0.06494080 0.27575200
v 0.47202900 0.05657440 0.27535100
v 0.46723700 0.06352610 0.29018200
v 0.46722300 0.05830560 0.30284300
v 0.46801900 0.04992980 0.32721700
v 0.46540900 0.06285940 0.30941000
v 0.46512800 0.06134370 0.33415400
v 0.46849800 0.04828480 0.33915500
v 0.46601100 0.06424830 0.35299900
v 0.46866400 0.05266940 0.35202400
v 0.47697800 0.07090500 0.38601700
v 0.47309600 0.07112300 0.37585600
v 0.47725500 0.07404370 0.39052900
v 0.48356200 0.06605450 0.40442200
v 0.47790600 0.08031760 0.40282100
v 0.48131400 0.07221330 0.40735100
v 0.47684800 0.08878090 0.40692900
v 0.48125400 0.09828520 0.41414300
v 0.48013700 0.09868290 0.40367700
v 0.49006300 0.10163800 0.41607700
v 0.49030000 0.05367630 0.39929900
v 0.49641000 0.05285480 0.40784600
v 0.49473000 0.05089250 0.39105700
v 0.48766100 0.05273980 0.38839600
v 0.48849800 0.05637860 0.40345900
v 0.48355600 0.05769630 0.39021400
v 0.48198300 0.05615830 0.38343500
v 0.47985400 0.06247030 0.38670500
v 0.47789400 0.05425430 0.37369000
v 0.47224000 0.05507250 0.36403100
v 0.47577200 0.04758000 0.36343300
v 0.47726800 0.03839870 0.35300500
v 0.47067700 0.04683530 0.35105000
v 0.47031000 0.04366900 0.33841400
v 0.47345500 0.03788820 0.33938700
v 0.47429900 0.04104730 0.35181600
v 0.47698700 0.03381450 0.34091500
v 0.46987800 0.04517160 0.32644300
v 0.47419600 0.03672830 0.32783600
v 0.47731200 0.03512120 0.31049900
v 0.47796000 0.03175020 0.32976500
v 0.48068600 0.03116730 0.30578600
v 0.47734500 0.04754010 0.27471700
v 0.48142200 0.05808220 0.22763800
v 0.48312400 0.05634640 0.22738600
v 0.48088200 0.06274700 0.21539400
v 0.47653400 0.05693960 0.25416800
v 0.46939100 0.05114950 0.30819700
v 0.47548100 0.06071550 0.37474800
v 0.48885700 0.06250170 0.41902500
v 0.49511200 0.05706030 0.42813100
v 0.49211000 0.05666240 0.41816700
v 0.49792200 0.05544660 0.42820000
v 0.49394900 0.05478860 0.41800900
v 0.15982000 0.13628100 0.32790800
v 0.14809900 0.13819800 0.33725500
v 0.15257100 0.13947700 0.34701800
v 0.14252200 0.13669300 0.34322200
v 0.12542400 0.13474900 0.33636100
v 0.13398800 0.13847100 0.32825600
v 0.28712700 0.12239100 0.30962400
v 0.27886400 0.12417400 0.31246900
v 0.28422200 0.12766300 0.28426900
v 0.29470100 0.12394700 0.30351700
v 0.27164500 0.12602000 0.31005500
v 0.28554800 0.12034600 0.37412500
v 0.25329100 0.12718500 0.30987600
v 0.27315800 0.13105800 0.30645900
v 0.27347800 0.13350400 0.30804100
v 0.24670800 0.12957100 0.31125800
v 0.25049600 0.13258200 0.30994400
v 0.31905500 0.11833300 0.29995600
v 0.30711300 0.12133700 0.27528900
v 0.30867800 0.11983500 0.27385800
v 0.19882800 0.13603000 0.30729200
v 0.18624600 0.14089300 0.29410900
v 0.19855500 0.13698400 0.30727900
v 0.22768400 0.13122900 0.32355500
v 0.20235100 0.12979000 0.32163200
v 0.23292600 0.13578100 0.31832500
v 0.29504700 0.12701100 0.30316100
v 0.29943600 0.12968100 0.30726200
v 0.31842800 0.12579900 0.29865200
v 0.15728000 0.13070400 0.34906600
v 0.13119600 0.13099200 0.33944100
v 0.15465900 0.13163100 0.33905600
v 0.26082300 0.13386200 0.31797100
v 0.28375200 0.13444900 0.31583200
v 0.25527800 0.13471400 0.29583800
v 0.20940700 0.14043700 0.29856900
v 0.21707100 0.13740900 0.32569500
v 0.18527500 0.13280500 0.31998000
v 0.19509700 0.13878700 0.34246000
v 0.20547100 0.13797100 0.33331900
v 0.24645100 0.14087900 0.35910200
v 0.27758800 0.14254000 0.36384600
v 0.22464400 0.14171300 0.35606100
v 0.31129200 0.12838200 0.30333900
v 0.32576800 0.13493400 0.35271200
v 0.33477200 0.12382800 0.30004000
v 0.20821400 0.13917000 0.22615000
v 0.20743600 0.14048600 0.22702900
v 0.20725200 0.14088800 0.22153700
v 0.21196100 0.13690600 0.23995100
v 0.20901000 0.14140800 0.22680200
v 0.21289900 0.14209900 0.21864300
v 0.21092400 0.14231500 0.22276800
v 0.21751900 0.14256600 0.22564300
v 0.22294600 0.14301500 0.21702900
v 0.21165300 0.14024800 0.22130800
v 0.21891200 0.13997000 0.22288200
v 0.21577500 0.13688800 0.23571400
v 0.21337400 0.13643300 0.23857000
v 0.21569400 0.13737700 0.24948600
v 0.21754600 0.13532700 0.25363300
v 0.23536000 0.14267400 0.22502100
v 0.22698400 0.13886700 0.23214700
v 0.21878100 0.13479200 0.25199200
v 0.23300800 0.13196800 0.28006200
v 0.23467900 0.13167900 0.28684600
v 0.22817300 0.13475100 0.27503000
v 0.23377700 0.13545100 0.28039600
v 0.24847500 0.13682600 0.28185700
v 0.25574400 0.13784900 0.27150300
v 0.24970000 0.13415800 0.27889500
v 0.26323200 0.13511300 0.28491700
v 0.25548700 0.13180500 0.29338500
v 0.24365600 0.12903400 0.30234000
v 0.23762500 0.13227800 0.29285500
v 0.24418100 0.13242100 0.30291000
v 0.16039400 0.13922900 0.24062900
v 0.15982000 0.14063700 0.24133800
v 0.15934300 0.14048300 0.23627700
v 0.16613000 0.13815100 0.25697100
v 0.16648400 0.13967600 0.25735100
v 0.16129600 0.14145800 0.24083500
v 0.16398000 0.14127100 0.23259300
v 0.16264000 0.14191200 0.23668900
v 0.16850100 0.14232700 0.23833100
v 0.17253500 0.14186800 0.22942900
v 0.16308500 0.13973300 0.23550800
v 0.16934500 0.13949200 0.23595000
v 0.16749600 0.13776800 0.24876900
v 0.16571500 0.13766200 0.25181200
v 0.23740000 0.13344900 0.22664700
v 0.23696900 0.13461100 0.22713500
v 0.23764600 0.13505800 0.22165200
v 0.24054900 0.13133600 0.23936100
v 0.24055300 0.13286400 0.24001400
v 0.24066600 0.13462300 0.23506900
v 0.24467700 0.13647100 0.21933100
v 0.24153500 0.13648000 0.22382300
v 0.25112700 0.13676500 0.22978600
v 0.25984500 0.13755500 0.22138200
v 0.24260700 0.13439100 0.22249400
v 0.24114100 0.13143000 0.23421700
v 0.25027800 0.13415400 0.22537700
v 0.26644900 0.12981600 0.22642900
v 0.26637800 0.13102800 0.22667000
v 0.26780800 0.13135500 0.22188000
v 0.26695600 0.12937400 0.23519300
v 0.26737400 0.12785600 0.23487400
v 0.26934500 0.13054900 0.23787000
v 0.27747400 0.13378500 0.22044700
v 0.27098700 0.13302100 0.22401600
v 0.27689700 0.13378800 0.22793100
v 0.27242700 0.13101300 0.22278700
v 0.26926700 0.12778700 0.23347500
v 0.28183200 0.13138900 0.22754300
v 0.18680800 0.14048900 0.23276500
v 0.18612000 0.14180700 0.23356100
v 0.18605300 0.14214600 0.22853200
v 0.18990900 0.13837400 0.24537500
v 0.18758400 0.14268700 0.23332000
v 0.19096200 0.14327500 0.22566800
v 0.18926400 0.14352900 0.22954700
v 0.19490400 0.14377000 0.23193800
v 0.19964700 0.14413300 0.22382600
v 0.18987600 0.14147500 0.22821000
v 0.19608800 0.14117700 0.22946700
v 0.19323600 0.13826700 0.24137800
v 0.19120500 0.13786900 0.24406600
v 0.17609900 0.14058300 0.26922400
v 0.18125500 0.14203000 0.23302600
v 0.17454800 0.13917000 0.24030700
v 0.17503400 0.13723100 0.26965400
v 0.19224900 0.13695300 0.29982300
v 0.18695500 0.13686100 0.28853500
v 0.17778500 0.13926500 0.27763400
v 0.19251300 0.13837300 0.30025500
v 0.19417200 0.13983800 0.29770300
v 0.20132500 0.14140900 0.28725600
v 0.20673100 0.14120700 0.27601100
v 0.20193500 0.13847400 0.28462700
v 0.24497700 0.13033400 0.25190600
v 0.25692800 0.13038500 0.27495100
v 0.27009800 0.13767600 0.22714400
v 0.26179100 0.13347900 0.23606400
v 0.24805200 0.13091600 0.23940200
v 0.24935800 0.12906700 0.25625700
v 0.25728200 0.12728300 0.27430000
v 0.25781000 0.12767900 0.28048400
v 0.24985100 0.13052100 0.26381500
v 0.25782100 0.12903800 0.28104600
v 0.26920800 0.13253200 0.26670400
v 0.28017100 0.13328600 0.25610900
v 0.27112300 0.12975100 0.26364000
v 0.27774000 0.12832700 0.27242000
v 0.28531300 0.13237600 0.26746100
v 0.26175200 0.12727200 0.28392200
v 0.29043600 0.13046900 0.27934800
v 0.26605000 0.12663900 0.29565200
v 0.26548100 0.12886800 0.29612100
v 0.26876200 0.13067500 0.29529600
v 0.26233200 0.13061400 0.28417400
v 0.27504200 0.13103500 0.27474200
v 0.28349000 0.13048800 0.28414200
v 0.26884700 0.12732200 0.24218900
v 0.27016400 0.12832000 0.24662300
v 0.27394600 0.12565200 0.25610900
v 0.28648200 0.13392600 0.23792600
v 0.28690400 0.13427800 0.22309800
v 0.29335500 0.13271500 0.22812700
v 0.28839800 0.13111800 0.23578700
v 0.27523000 0.12760400 0.23889100
v 0.27523000 0.12557400 0.25235800
v 0.28541300 0.12375600 0.27631500
v 0.28609500 0.12331600 0.28251900
v 0.28112900 0.12587000 0.27352200
v 0.28481600 0.12700200 0.27718900
v 0.27794000 0.12827100 0.25975200
v 0.29286900 0.12989600 0.26491200
v 0.30520700 0.12710700 0.26507300
v 0.29387800 0.12851500 0.25481400
v 0.30500600 0.12543700 0.28228700
v 0.31069100 0.12368400 0.28051900
v 0.29555400 0.12317000 0.29125400
v 0.29159800 0.12253900 0.29298000
v 0.29001800 0.12331700 0.29393100
v 0.28563700 0.12478400 0.28297500
v 0.29314000 0.12681000 0.29337700
v 0.29856800 0.12859900 0.27321900
v 0.30442100 0.12863700 0.28400300
v 0.30103600 0.12219300 0.30406900
v 0.19135400 0.13932100 0.24969100
v 0.19480500 0.13709100 0.25779300
v 0.19968900 0.13907300 0.26225400
v 0.21052200 0.14377700 0.23066400
v 0.20087000 0.14043200 0.23432900
v 0.19876600 0.13570400 0.26219300
v 0.20874400 0.13342700 0.28150200
v 0.21292000 0.13230300 0.29281300
v 0.20062300 0.13694500 0.27037700
v 0.21311500 0.13360200 0.29336400
v 0.21488000 0.13534800 0.29120900
v 0.21978400 0.13854100 0.27695400
v 0.22897600 0.13864100 0.27197100
v 0.22072900 0.13587900 0.27405800
v 0.21386800 0.13182100 0.29148700
v 0.23695500 0.13621000 0.28463600
v 0.22918700 0.13306600 0.29163300
v 0.21991900 0.13158500 0.30381900
v 0.21897600 0.13242600 0.30501700
v 0.22106400 0.13492900 0.30455400
v 0.22953900 0.13593600 0.29394700
v 0.23435300 0.12859600 0.32028600
v 0.18622500 0.13148000 0.31814100
v 0.19689800 0.13099700 0.32264600
v 0.18474100 0.13154000 0.32013200
v 0.19300400 0.13157600 0.32762600
v 0.17477200 0.13098600 0.33734900
v 0.16250500 0.13112400 0.32656000
v 0.16129100 0.13109200 0.32874900
v 0.16759500 0.13578700 0.31851800
v 0.18159200 0.13088600 0.33394500
v 0.17207200 0.13990700 0.34647700
v 0.16413200 0.13843900 0.32476100
v 0.03413760 0.14053700 0.30877800
v 0.04107690 0.14024000 0.31138000
v 0.05314260 0.13712200 0.31623700
v 0.06004280 0.13751900 0.31804500
v 0.05597890 0.13903800 0.31590100
v 0.04024620 0.14165000 0.30431100
v 0.04083130 0.14166700 0.30776000
v 0.05210990 0.14372600 0.29851800
v 0.06437300 0.14170000 0.30729700
v 0.05367040 0.14058400 0.30432600
v 0.05389750 0.13705900 0.31453600
v 0.07125720 0.14370000 0.27352600
v 0.07674390 0.14282600 0.27655700
v 0.08605360 0.13895000 0.28233200
v 0.10545300 0.13650400 0.29193600
v 0.07733590 0.14435900 0.26961300
v 0.07729920 0.14429300 0.27304800
v 0.08889220 0.14555300 0.26506500
v 0.10279100 0.14234500 0.27605800
v 0.08700130 0.13874400 0.28066000
v 0.09353210 0.14180000 0.27132800
v 0.11239300 0.14607700 0.25094700
v 0.11671800 0.14489600 0.25441800
v 0.12736600 0.13941100 0.26390600
v 0.13143900 0.13953400 0.26675000
v 0.11807700 0.14691700 0.24793900
v 0.11769800 0.14634600 0.25122800
v 0.12873600 0.14724900 0.24523100
v 0.12487100 0.14036200 0.25958600
v 0.13197100 0.14329200 0.25195000
v 0.06933190 0.13522900 0.32107400
v 0.06889360 0.14427000 0.29611500
v 0.09400940 0.14152800 0.30022900
v 0.06993540 0.13523000 0.31904800
v 0.09282080 0.13319100 0.32467100
v 0.11112400 0.13196200 0.33142300
v 0.11173200 0.13223800 0.32866300
v 0.11140600 0.13364900 0.33104200
v 0.09272210 0.13491600 0.32583100
v 0.11330400 0.13935400 0.32034300
v 0.09328200 0.13944000 0.31305900
v 0.11524900 0.13982400 0.30744000
v 0.13434800 0.13397200 0.32638600
v 0.15024400 0.13449500 0.32191500
v 0.10603400 0.13755700 0.29084900
v 0.10506300 0.13515100 0.29223300
v 0.10434300 0.14498100 0.26486700
v 0.10878100 0.14000800 0.27500400
v 0.10634600 0.13549000 0.28895200
v 0.09561570 0.13688400 0.28496000
v 0.12048100 0.13384300 0.29966200
v 0.12765000 0.13353600 0.30735700
v 0.14318300 0.13270500 0.31620600
v 0.12019900 0.13562700 0.30095900
v 0.13594800 0.13488800 0.31294800
v 0.12367100 0.13986400 0.28735300
v 0.14430500 0.14057900 0.29021600
v 0.12689700 0.14206100 0.27492800
v 0.12447700 0.13810100 0.28464100
v 0.15974700 0.13918900 0.30116300
v 0.15571000 0.13655200 0.30911000
v 0.14939300 0.13241200 0.32251200
v 0.15501000 0.13843600 0.31143200
v 0.13224200 0.14054000 0.26597600
v 0.13908300 0.13660700 0.27433300
v 0.13981700 0.13845900 0.27367200
v 0.14416300 0.14295900 0.26088900
v 0.13520900 0.14429400 0.25563700
v 0.14756600 0.14580400 0.24989400
v 0.13757300 0.14616700 0.24601500
v 0.14505300 0.14124700 0.25853300
v 0.13202600 0.13825000 0.26520200
v 0.14071600 0.13690900 0.27145600
v 0.15176500 0.13565200 0.28544500
v 0.16440000 0.13527500 0.30222600
v 0.16531600 0.13506900 0.30064500
v 0.16495600 0.13678300 0.30203200
v 0.17058700 0.14052000 0.29188700
v 0.15649000 0.14154900 0.27437800
v 0.17814100 0.14254900 0.28265800
v 0.16124300 0.14359300 0.26310300
v 0.15757100 0.13973700 0.27190200
v 0.17156400 0.13870900 0.28942800
v 0.17424900 0.13338500 0.30682600
v 0.17283100 0.13334000 0.30904700
v 0.17385000 0.13549000 0.30862600
v 0.17945800 0.13918500 0.29968200
v 0.35513200 0.12024300 0.30041700
v 0.37465500 0.12199100 0.33404800
v 0.02500000 0.14237700 0.35932100
v 0.03238440 0.14244500 0.36042000
v 0.04544600 0.14027500 0.36384500
v 0.05450560 0.14133500 0.36269600
v 0.03145970 0.14275200 0.35667100
v 0.04116640 0.14152800 0.34556700
v 0.04591880 0.13969100 0.36221700
v 0.04384660 0.14015100 0.35175900
v 0.06307650 0.14009000 0.36493900
v 0.06915290 0.13862800 0.36650000
v 0.07656950 0.14014800 0.35137500
v 0.05827360 0.14061700 0.34028300
v 0.07365980 0.13772700 0.36461800
v 0.12427700 0.13385000 0.36439600
v 0.12400400 0.13501800 0.36822600
v 0.12420600 0.13612400 0.36753900
v 0.12441900 0.13676100 0.36638100
v 0.12499300 0.13712400 0.35388900
v 0.08625550 0.13826400 0.33888600
v 0.10740600 0.13573700 0.35217100
v 0.12679400 0.13622600 0.34080700
v 0.14206100 0.13368700 0.35357100
v 0.13949300 0.13321400 0.37026400
v 0.13982800 0.13498400 0.36937600
v 0.14032600 0.13655900 0.36765000
v 0.14225400 0.13775500 0.35469400
v 0.33076200 0.11967900 0.28326800
v 0.32954700 0.11499500 0.30806400
v 0.31966700 0.11794200 0.28091200
v 0.34310400 0.11549800 0.27802700
v 0.35139400 0.11574600 0.27825300
v 0.34999900 0.10998800 0.30688800
v 0.33892900 0.11325300 0.30773700
v 0.33691900 0.11687400 0.27781000
v 0.33213200 0.11814700 0.27958600
v 0.37375900 0.10432500 0.30432100
v 0.36369600 0.11202900 0.27770400
v 0.37355600 0.11129100 0.27727100
v 0.35235200 0.11436000 0.27567500
v 0.39769400 0.09863770 0.29871900
v 0.38596700 0.10695000 0.27502300
v 0.39402700 0.10552300 0.27542300
v 0.37510300 0.11056400 0.27367400
v 0.40067700 0.10253000 0.27398600
v 0.40773800 0.10067500 0.27249900
v 0.40894600 0.09610150 0.29762900
v 0.41435100 0.10104000 0.27421900
v 0.42628200 0.09676360 0.29715800
v 0.42158500 0.09839810 0.27037400
v 0.42925700 0.09634090 0.27183700
v 0.43661800 0.09601530 0.27062200
v 0.31993900 0.12269400 0.28205500
v 0.33591000 0.12283600 0.27976100
v 0.33012500 0.12253500 0.27272000
v 0.34255200 0.12071600 0.28073300
v 0.36426100 0.11669100 0.27985200
v 0.35596600 0.11874500 0.27655600
v 0.35028300 0.11781200 0.25989000
v 0.37771600 0.11476500 0.29446400
v 0.37452000 0.11396200 0.27505300
v 0.38628600 0.11061600 0.27652400
v 0.39490000 0.10923500 0.29103200
v 0.39966200 0.10754900 0.28630700
v 0.40876200 0.10503300 0.28462500
v 0.40671300 0.10382200 0.25883300
v 0.40074200 0.10651800 0.27248800
v 0.42187000 0.10259700 0.27149700
v 0.41908700 0.10292400 0.27321200
v 0.42908500 0.10050200 0.27232100
v 0.44347500 0.09770050 0.26890200
v 0.43911700 0.09083420 0.22565100
v 0.43897900 0.09269660 0.24461900
v 0.42751600 0.09689960 0.22274800
v 0.36277900 0.11175200 0.24673400
v 0.36915900 0.11179300 0.24435700
v 0.37182800 0.11226200 0.25969100
v 0.36220800 0.11590800 0.24816200
v 0.38377700 0.10979200 0.24146800
v 0.39459900 0.10518000 0.26134200
v 0.39337100 0.10456300 0.24959200
v 0.39240100 0.10485400 0.23913400
v 0.31472400 0.12450700 0.25033500
v 0.32709200 0.12086100 0.26460000
v 0.32305500 0.12001400 0.24695000
v 0.31617600 0.12028400 0.25315400
v 0.41672100 0.10016100 0.25569900
v 0.34826800 0.11741000 0.23429700
v 0.34968400 0.11801500 0.23394600
v 0.34701800 0.11610700 0.24519000
v 0.35054500 0.11786800 0.24729500
v 0.34896700 0.11572600 0.26046300
v 0.31868000 0.12388400 0.26915100
v 0.31920100 0.11966100 0.26736000
v 0.35104900 0.11702200 0.22125100
v 0.35044300 0.11784100 0.22600600
v 0.34723800 0.11564600 0.23429300
v 0.35631700 0.11599000 0.21919900
v 0.35408200 0.11751200 0.22304200
v 0.35886900 0.11649700 0.22859900
v 0.36039000 0.11404200 0.21945600
v 0.35029900 0.11551400 0.22575200
v 0.35409000 0.11498600 0.22227800
v 0.35853400 0.11320400 0.22482000
v 0.34885000 0.11462100 0.23355700
v 0.30123100 0.12510200 0.23208600
v 0.30110400 0.12562900 0.23677100
v 0.30047700 0.12405100 0.24826900
v 0.29906100 0.12265100 0.24493100
v 0.30238100 0.12493000 0.24905200
v 0.30923100 0.12483200 0.22986600
v 0.30473100 0.12608400 0.23363800
v 0.30124400 0.12323300 0.23631900
v 0.30507800 0.12352400 0.23274700
v 0.30088600 0.12161600 0.24388400
v 0.30932800 0.12234700 0.23466700
v 0.36807700 0.11215200 0.22681100
v 0.36072700 0.11247100 0.22910300
v 0.34888600 0.11425100 0.24404300
v 0.35063700 0.11452900 0.25922800
v 0.36343600 0.11688100 0.26350500
v 0.36390600 0.11248700 0.26216400
v 0.29969900 0.12189300 0.25204200
v 0.31802400 0.12357000 0.23333300
v 0.31451700 0.12100000 0.24339800
v 0.30161100 0.12077100 0.25055900
v 0.34220000 0.11676900 0.26433100
v 0.34199700 0.12118900 0.26574700
v 0.33638200 0.11763200 0.23410600
v 0.34176900 0.11778500 0.22903500
v 0.33885300 0.12074900 0.24630500
v 0.32576000 0.12239600 0.22752900
v 0.32548800 0.12304700 0.23207700
v 0.32393100 0.12229700 0.23992400
v 0.32278300 0.12077300 0.24001700
v 0.32568000 0.12277500 0.24263900
v 0.33127800 0.12153000 0.22537100
v 0.32908500 0.12289400 0.22912700
v 0.33452800 0.12174200 0.23395000
v 0.33787800 0.11985200 0.22675700
v 0.32532400 0.12068200 0.23170600
v 0.32910600 0.12033100 0.22832400
v 0.32442600 0.11946000 0.23913000
v 0.33398400 0.11852500 0.23041000
v 0.32855800 0.11894600 0.26316800
v 0.32475600 0.11892700 0.24570800
v 0.41537000 0.09810690 0.20495500
v 0.41547700 0.09899890 0.20984100
v 0.41380600 0.09894680 0.22238100
v 0.41482900 0.09981690 0.22230800
v 0.41595100 0.09995420 0.21864200
v 0.42040000 0.09652900 0.20391700
v 0.42066100 0.09774820 0.20925300
v 0.42828700 0.09368750 0.20496500
v 0.42105300 0.09563020 0.20840200
v 0.41511800 0.09769360 0.21826700
v 0.39459400 0.10408400 0.21060900
v 0.39442200 0.10486700 0.21538300
v 0.39232900 0.10434100 0.22421400
v 0.39324300 0.10537000 0.22877000
v 0.39439100 0.10565400 0.22471300
v 0.39946100 0.10266400 0.20936000
v 0.39950800 0.10376400 0.21463400
v 0.40484400 0.10000600 0.21036700
v 0.40229200 0.10080300 0.21541400
v 0.39362600 0.10337400 0.22698200
v 0.36957000 0.11208200 0.22434200
v 0.37063900 0.11248100 0.21968400
v 0.36832900 0.11186100 0.23313200
v 0.37059300 0.11312800 0.23262100
v 0.37539200 0.11090000 0.21765200
v 0.37349000 0.11223200 0.22113300
v 0.38322100 0.10820100 0.21683900
v 0.37810900 0.10846000 0.22308200
v 0.36957200 0.11079300 0.23230200
v 0.44259800 0.08829280 0.20488300
v 0.44223500 0.08955240 0.20971100
v 0.44044100 0.09128030 0.22209900
v 0.44175400 0.09143820 0.22004900
v 0.44778900 0.08686550 0.20435200
v 0.45169900 0.08700410 0.20619700
v 0.45039400 0.08563090 0.21103000
v 0.44118600 0.08886260 0.21826700
v 0.41416600 0.09964280 0.23360400
v 0.41585100 0.10034900 0.23855900
v 0.41719600 0.10065300 0.23796600
v 0.43496500 0.09292220 0.21098200
v 0.42721800 0.09418660 0.21821800
v 0.41772600 0.09775400 0.24265700
v 0.41530000 0.09927310 0.24424800
v 0.41817500 0.10142600 0.25529100
v 0.42914500 0.09816720 0.25315300
v 0.42968000 0.09497410 0.25219200
v 0.43941400 0.09446470 0.25610700
v 0.40508200 0.10294700 0.22491500
v 0.40963500 0.09985640 0.21365400
v 0.40703900 0.10040200 0.24265900
v 0.39587600 0.10316900 0.24795800
v 0.39588000 0.10403700 0.26061600
v 0.39551100 0.10627300 0.26113900
v 0.39663100 0.10683200 0.26078600
v 0.37046800 0.11271900 0.24392300
v 0.37254700 0.11298500 0.24671700
v 0.39156500 0.10577200 0.22441300
v 0.37055900 0.11055800 0.24320400
v 0.37308500 0.11082300 0.25853600
v 0.44066100 0.09356540 0.24121300
v 0.45293500 0.09035780 0.23529300
v 0.45815000 0.08602970 0.21237400
v 0.45261700 0.08558910 0.21603100
v 0.44048500 0.09146250 0.24401100
v 0.44137200 0.09604140 0.25554100
v 0.46097300 0.08679760 0.22781000
v 0.45393100 0.08734050 0.23426200
v 0.15787900 0.12958000 0.36942600
v 0.15473300 0.13429300 0.37268900
v 0.40651500 0.09198040 0.33141200
v 0.33568900 0.11290300 0.34098900
v 0.21420700 0.12587100 0.35823800
v 0.40571600 0.09047230 0.35190900
v 0.33684100 0.11108400 0.35303400
v 0.36860300 0.10358500 0.33543300
v 0.33767700 0.10998400 0.36420700
v 0.37018500 0.10465000 0.36703100
v 0.34002000 0.11294900 0.37423900
v 0.40543600 0.09519280 0.36164700
v 0.37207700 0.11214200 0.37322800
v 0.34295200 0.11980300 0.38028700
v 0.40629500 0.10339300 0.36778200
v 0.40668300 0.10759200 0.35246400
v 0.37353700 0.11653500 0.35946200
v 0.32896200 0.12778900 0.37470000
v 0.32987500 0.12267200 0.38649300
v 0.31199100 0.12527700 0.39319600
v 0.30985500 0.13102400 0.38217600
v 0.30512700 0.13842200 0.35947800
v 0.30910900 0.11556600 0.36910800
v 0.32427100 0.11220700 0.35826500
v 0.31001200 0.11581100 0.37778400
v 0.32536300 0.11212500 0.37076800
v 0.31109000 0.12192400 0.38793700
v 0.32729700 0.11577800 0.38076400
v 0.28388700 0.12655700 0.39475300
v 0.28468500 0.12132400 0.38374100
v 0.28383500 0.13010500 0.39993600
v 0.24286600 0.12898500 0.39017400
v 0.24437400 0.12384900 0.38070700
v 0.25322700 0.13344100 0.40035400
v 0.28198000 0.13613600 0.38895300
v 0.25397000 0.13887400 0.38604400
v 0.26173600 0.12309900 0.36747200
v 0.23646600 0.12408300 0.37322100
v 0.23912100 0.12451400 0.36637700
v 0.20048700 0.12653300 0.36635400
v 0.20871600 0.12609000 0.37402500
v 0.20748800 0.12854200 0.38017900
v 0.20632500 0.13250200 0.38366400
v 0.22942100 0.13306700 0.39236500
v 0.21128400 0.13756200 0.37296700
v 0.23271200 0.13839800 0.38116500
v 0.18568200 0.13828600 0.36600900
v 0.17788000 0.13443600 0.37691200
v 0.19260300 0.12824000 0.35808600
v 0.18434600 0.12928500 0.36835100
v 0.18049800 0.13028600 0.37316600
v 0.51768100 0.07883530 0.42802000
v 0.51710300 0.07685780 0.42747400
v 0.51801000 0.07832950 0.42582000
v 0.51802100 0.08053810 0.42678600
v 0.51720600 0.08082700 0.42899500
v 0.51653400 0.07862390 0.42971900
v 0.51585100 0.07499910 0.42660900
v 0.51708300 0.07658490 0.42417900
v 0.51775900 0.07882150 0.42346100
v 0.51788900 0.08115430 0.42417900
v 0.51727300 0.08306590 0.42660900
v 0.51607600 0.08264410 0.42947500
v 0.51499700 0.08013580 0.43109800
v 0.51466900 0.07701050 0.43052800
v 0.51503000 0.07530850 0.42884300
v 0.48231900 0.07883530 0.42802000
v 0.48289700 0.07685780 0.42747400
v 0.48199000 0.07832950 0.42582000
v 0.48197900 0.08053810 0.42678600
v 0.48279400 0.08082700 0.42899500
v 0.48346600 0.07862390 0.42971900
v 0.48414900 0.07499910 0.42660900
v 0.48291700 0.07658490 0.42417900
v 0.48224100 0.07882150 0.42346100
v 0.48211100 0.08115430 0.42417900
v 0.48272600 0.08306590 0.42660900
v 0.48392400 0.08264410 0.42947500
v 0.48500300 0.08013580 0.43109800
v 0.48533100 0.07701050 0.43052800
v 0.48497000 0.07530850 0.42884300
f 103 102 925
f 927 928 926
f 927 929 928
f 931 932 930
f 932 931 933
f 934 935 931
f 936 937 933
f 931 938 933
f 933 939 936
f 931 935 938
f 11 12 939
f 938 11 939
f 938 10 11
f 941 940 926
f 927 942 934
f 927 926 942
f 942 943 934
f 940 942 926
f 942 940 10
f 941 945 944
f 928 941 926
f 928 945 941
f 929 945 928
f 929 927 934
f 945 929 946
f 947 945 946
f 931 929 934
f 946 929 931
f 948 947 946
f 949 947 948
f 948 931 930
f 931 948 946
f 932 950 930
f 930 950 948
f 933 937 932
f 937 936 951
f 932 952 950
f 952 937 951
f 937 952 932
f 953 15 40
f 954 953 40
f 936 954 951
f 954 936 953
f 954 40 41
f 348 941 944
f 940 42 10
f 348 940 941
f 940 348 42
f 953 12 15
f 939 953 936
f 12 953 939
f 938 939 933
f 938 935 10
f 935 934 943
f 935 942 10
f 942 935 943
f 965 966 964
f 965 964 967
f 972 973 971
f 970 971 974
f 971 973 974
f 972 968 975
f 969 975 968
f 974 977 970
f 976 970 977
f 978 976 977
f 980 981 969
f 981 980 979
f 981 979 982
f 975 969 982
f 981 982 969
f 968 971 970
f 968 970 969
f 972 971 968
f 970 976 969
f 976 980 969
f 978 980 976
f 980 978 979
f 972 975 65
f 67 972 65
f 983 67 68
f 67 983 972
f 975 982 65
f 982 979 65
f 979 978 984
f 978 977 984
f 985 979 984
f 72 985 71
f 979 72 65
f 72 979 985
f 987 988 986
f 990 987 989
f 987 991 989
f 974 987 986
f 974 991 987
f 991 992 989
f 974 973 991
f 972 991 973
f 992 972 983
f 972 992 991
f 974 993 984
f 993 974 986
f 977 974 984
f 961 995 994
f 996 957 997
f 996 998 956
f 998 955 956
f 999 998 1000
f 996 1000 998
f 997 957 1001
f 957 958 1001
f 1001 958 959
f 997 1001 1002
f 996 956 957
f 998 963 955
f 963 998 962
f 960 961 994
f 998 995 962
f 961 962 995
f 994 1003 960
f 1001 959 1003
f 960 1003 959
f 1003 1004 1001
f 1006 1003 1005
f 1006 1004 1003
f 1004 1002 1001
f 999 1007 998
f 1007 1008 998
f 998 1009 995
f 998 1008 1009
f 1009 994 995
f 994 1009 951
f 1010 994 951
f 1003 1010 1005
f 1003 994 1010
f 1011 1012 1005
f 100 1011 99
f 100 1012 1011
f 1012 1006 1005
f 1010 1013 1005
f 925 1010 951
f 1013 925 102
f 925 1013 1010
f 105 1013 102
f 1011 105 99
f 1013 1011 1005
f 1011 1013 105
f 1015 1016 1014
f 1018 1019 1017
f 1017 1020 1018
f 1020 1017 1015
f 1015 1014 1020
f 966 1019 1018
f 1018 1021 966
f 1014 1023 1022
f 1023 1014 1016
f 1020 1014 1022
f 1024 1021 1018
f 1020 1025 1018
f 1026 1020 1022
f 1026 1025 1020
f 1025 1024 1018
f 1028 1029 1027
f 1027 1030 1028
f 1031 1032 1030
f 1032 1028 1030
f 1031 964 1033
f 1021 1033 964
f 1035 1036 1034
f 1035 1034 1037
f 1034 1038 1037
f 1040 1036 1039
f 1039 1036 1035
f 1027 1029 1039
f 1029 1041 1039
f 1040 1039 1042
f 1039 1041 1042
f 1039 1035 1043
f 1037 1043 1035
f 1030 1027 1044
f 1039 1044 1027
f 1045 1038 1016
f 1016 1015 1045
f 964 966 1021
f 1030 964 1031
f 1038 1045 1037
f 1040 1047 1046
f 1047 1042 1048
f 1042 1047 1040
f 1050 1042 1049
f 1042 1050 1048
f 1042 1041 1049
f 1052 1040 1046
f 1036 1052 1053
f 1052 1036 1040
f 1041 1029 1051
f 1029 1054 1051
f 1054 1029 1028
f 1055 1036 1053
f 1034 1055 1056
f 1055 1034 1036
f 1028 1032 1054
f 1032 1057 1054
f 1057 1032 1031
f 1016 1056 1058
f 1016 1038 1056
f 1038 1034 1056
f 1031 1033 1057
f 1060 1033 1059
f 1033 1060 1057
f 1023 1016 1058
f 1033 1021 1059
f 1062 1024 1061
f 1021 1062 1059
f 1062 1021 1024
f 1024 1063 1061
f 1025 1063 1024
f 1041 1064 1049
f 1065 1041 1051
f 1041 1065 1064
f 1066 1065 1051
f 1054 1066 1051
f 1057 1066 1054
f 1057 1067 1066
f 1060 1067 1057
f 1068 1060 1059
f 1060 1068 1067
f 192 1068 1059
f 1025 1026 1069
f 1070 1025 1069
f 1025 1070 1071
f 1063 1025 1071
f 1072 1063 1071
f 1074 1072 1073
f 1063 1074 1061
f 1074 1063 1072
f 1075 1074 1073
f 1074 1076 1061
f 1076 1074 1075
f 1062 1077 1059
f 1076 1062 1061
f 1076 1077 1062
f 1077 192 1059
f 1078 1079 1039
f 1039 1043 1078
f 1080 1044 1039
f 1039 1079 1080
f 1082 175 1081
f 175 1082 174
f 179 1083 178
f 1082 179 174
f 1082 1083 179
f 178 1083 1084
f 1085 178 1084
f 1085 185 178
f 186 185 1085
f 185 186 184
f 186 1085 1086
f 186 1064 188
f 1064 1086 1049
f 1086 1064 186
f 1064 1065 188
f 1065 189 188
f 1065 190 189
f 1065 1066 190
f 1066 1067 190
f 1067 191 190
f 1067 1068 191
f 1068 193 191
f 193 1068 192
f 1087 194 1088
f 1087 198 194
f 198 1087 1089
f 1081 198 1089
f 1081 175 198
f 1090 1091 1088
f 1091 1087 1088
f 1089 1091 1092
f 1089 1087 1091
f 1093 1089 1092
f 1093 1081 1089
f 1094 1095 1090
f 1095 1091 1090
f 1092 1095 1096
f 1092 1091 1095
f 1097 1092 1096
f 1097 1093 1092
f 1098 1093 1097
f 1101 1099 1100
f 1102 1099 1101
f 1098 1102 1093
f 1102 1098 1099
f 1102 1082 1093
f 1082 1081 1093
f 1103 1104 1100
f 1106 1103 1105
f 1106 1104 1103
f 1104 1101 1100
f 1107 1104 1106
f 1107 1101 1104
f 1108 1107 1106
f 1107 1108 1084
f 1107 1102 1101
f 1083 1107 1084
f 1102 1083 1082
f 1083 1102 1107
f 1106 1105 1109
f 1110 1106 1109
f 1110 1108 1106
f 1111 1108 1110
f 1108 1085 1084
f 1085 1108 1111
f 1113 1109 1112
f 1109 1113 1110
f 1113 1111 1110
f 1085 1111 1086
f 1114 1113 1112
f 1115 1113 1114
f 1116 1113 1115
f 1116 1111 1113
f 1117 1115 1114
f 1118 1115 1117
f 1115 1048 1116
f 1048 1115 1118
f 1111 1050 1086
f 1048 1111 1116
f 1048 1050 1111
f 1086 1050 1049
f 1118 1047 1048
f 1046 1118 1117
f 1046 1047 1118
f 1119 1075 1073
f 231 1119 230
f 1075 231 232
f 231 1075 1119
f 1076 1075 232
f 1077 1076 232
f 233 1077 232
f 192 1077 233
f 1121 235 1120
f 234 1122 239
f 1122 235 1121
f 235 1122 234
f 1124 1121 1123
f 1122 1124 239
f 1124 1122 1121
f 1125 1126 1123
f 1128 1125 1127
f 1126 1128 247
f 1128 1126 1125
f 1126 1124 1123
f 248 1126 247
f 1124 248 239
f 248 1124 1126
f 1129 1130 1127
f 1130 983 68
f 983 1130 1129
f 1130 1128 1127
f 251 1130 68
f 1128 251 247
f 251 1128 1130
f 993 985 984
f 254 993 1131
f 254 985 993
f 71 985 254
f 259 1131 1132
f 254 259 256
f 259 254 1131
f 1134 1132 1133
f 259 1134 258
f 1134 259 1132
f 194 1133 1088
f 1134 194 258
f 194 1134 1133
f 1132 1135 1133
f 1135 1136 1137
f 1136 1135 1132
f 1133 1090 1088
f 1090 1133 1135
f 1138 1137 1139
f 1137 1138 1135
f 1140 1138 1139
f 1138 1090 1135
f 1138 1094 1090
f 1140 1139 1141
f 1140 1141 1142
f 1142 1138 1140
f 1138 1143 1094
f 1143 1138 1142
f 1141 1144 1145
f 1142 1141 1145
f 1143 1142 1145
f 1148 1146 1147
f 1150 1148 1149
f 1146 1150 1143
f 1150 1146 1148
f 1143 1150 1094
f 1096 1150 1149
f 1150 1095 1094
f 1095 1150 1096
f 1148 1151 1149
f 1151 1096 1149
f 1153 1151 1152
f 1151 1153 1096
f 1097 1153 1098
f 1153 1097 1096
f 1151 1147 1152
f 1148 1147 1151
f 1147 1154 1152
f 1154 1155 1152
f 1155 1153 1152
f 1099 1155 1100
f 1153 1099 1098
f 1099 1153 1155
f 1157 1158 1156
f 1158 1154 1147
f 1154 1158 1157
f 1146 1158 1147
f 1156 1146 1143
f 1156 1158 1146
f 1103 1157 1105
f 1155 1103 1100
f 1157 1155 1154
f 1155 1157 1103
f 1159 1157 1156
f 1157 1159 1105
f 1145 1156 1143
f 1145 1159 1156
f 1159 1145 1160
f 1105 1159 1160
f 1105 1160 1109
f 1144 1160 1145
f 1160 1144 1112
f 1109 1160 1112
f 1162 1144 1161
f 1144 1114 1112
f 1162 1161 1163
f 1162 1117 1144
f 1117 1114 1144
f 1165 1164 1163
f 1164 1162 1163
f 1164 1117 1162
f 1164 1046 1117
f 1046 1164 1052
f 1166 1165 1163
f 1167 1165 1166
f 1165 1052 1164
f 1052 1165 1167
f 1053 1052 1167
f 1168 1169 1170
f 1170 1167 1168
f 1170 1055 1167
f 1056 1055 1170
f 1055 1053 1167
f 1169 1171 1170
f 1171 1056 1170
f 1058 1056 1171
f 1172 1173 1171
f 1173 1174 1022
f 1174 1173 1172
f 1173 1058 1171
f 1023 1173 1022
f 1173 1023 1058
f 1176 1175 1177
f 1026 1176 1177
f 1176 1026 1022
f 1026 1177 1069
f 1177 1175 1178
f 1179 1069 1177
f 1180 1177 1178
f 1180 1179 1177
f 1180 996 997
f 1002 1180 997
f 1179 1002 1181
f 1179 1180 1002
f 1071 1179 1181
f 1071 1070 1179
f 1070 1069 1179
f 1004 1006 1182
f 1002 1004 1181
f 1004 1072 1181
f 1183 1004 1182
f 1072 1183 1073
f 1183 1072 1004
f 1072 1071 1181
f 1012 100 308
f 1184 1012 308
f 1006 1184 1182
f 1184 1006 1012
f 1184 1119 1182
f 230 1184 308
f 230 1119 1184
f 1119 1183 1182
f 1183 1119 1073
f 1186 1187 313
f 1187 1186 1185
f 314 1186 313
f 313 1187 237
f 1188 1187 1185
f 235 1188 1120
f 1187 235 237
f 235 1187 1188
f 1188 1185 1189
f 1190 1188 1189
f 1120 1190 1191
f 1120 1188 1190
f 1191 1190 1192
f 1193 1191 1192
f 1195 1193 1194
f 1193 1195 1191
f 1195 1120 1191
f 1120 1196 1121
f 1196 1120 1195
f 1197 1195 1194
f 1199 1197 1198
f 1197 1200 1195
f 1200 1197 1199
f 1200 1196 1195
f 1201 1200 1199
f 1196 1201 1123
f 1201 1196 1200
f 1121 1196 1123
f 1202 1203 1198
f 1203 1202 1204
f 1203 1199 1198
f 1203 1205 1199
f 1205 1203 1204
f 1205 1201 1199
f 1125 1205 1127
f 1201 1125 1123
f 1125 1201 1205
f 990 989 1202
f 1204 1202 989
f 992 1204 989
f 1206 992 983
f 992 1206 1204
f 1206 1205 1204
f 1129 1206 983
f 1205 1129 1127
f 1129 1205 1206
f 1207 987 990
f 988 987 1207
f 1208 988 1207
f 988 1208 1209
f 986 988 1209
f 993 986 1209
f 1209 1208 1136
f 993 1136 1131
f 1136 993 1209
f 1137 1210 1139
f 1137 1208 1210
f 1136 1208 1137
f 1131 1136 1132
f 1139 1210 1161
f 1139 1161 1141
f 1163 1161 1210
f 1144 1141 1161
f 1211 1208 1207
f 1211 1210 1208
f 1163 1210 1211
f 1212 1207 990
f 1207 1166 1211
f 1166 1212 1167
f 1212 1166 1207
f 1166 1163 1211
f 990 1202 1212
f 1212 1168 1167
f 1169 1198 1172
f 1202 1169 1212
f 1169 1202 1198
f 1169 1168 1212
f 1171 1169 1172
f 1198 1197 1172
f 1197 1174 1172
f 1174 1197 1194
f 1174 1194 1022
f 1213 1193 1192
f 1193 1213 1194
f 1194 1176 1022
f 1176 1213 1192
f 1213 1176 1194
f 1176 1192 1175
f 1192 1190 1189
f 1175 1192 1178
f 1192 1189 1178
f 1189 1214 1178
f 1214 1216 1215
f 1216 1214 1189
f 1214 1215 999
f 1000 1214 999
f 1214 1000 1178
f 1215 945 999
f 945 947 999
f 999 947 949
f 1000 1180 1178
f 948 1007 949
f 999 949 1007
f 1000 996 1180
f 950 1007 948
f 950 1008 1007
f 1009 1008 950
f 952 1009 950
f 1009 952 951
f 925 954 103
f 954 925 951
f 348 1217 347
f 1217 348 944
f 1217 314 347
f 1217 1186 314
f 1218 1186 1217
f 1186 1218 1185
f 1215 944 945
f 944 1215 1217
f 1215 1216 1217
f 1216 1218 1217
f 1185 1216 1189
f 1185 1218 1216
f 1220 1221 1219
f 1220 1222 1221
f 1220 1223 1222
f 1224 1223 1220
f 1224 1220 1219
f 1226 1227 1225
f 1228 1225 1227
f 1226 1230 1229
f 1231 1229 1230
f 1229 1233 1232
f 1237 1238 1236
f 1240 1241 1239
f 1242 1243 1239
f 1244 1242 1239
f 1228 1246 1245
f 1237 1236 1247
f 1249 1250 1248
f 1251 1235 1244
f 1251 1252 1233
f 1235 1251 1253
f 1251 1233 1253
f 1241 1255 1254
f 1244 1254 1255
f 1257 1258 1256
f 1241 1256 1258
f 1258 1255 1241
f 1259 1244 1255
f 1251 1244 1259
f 1260 1251 1259
f 1252 1251 1260
f 1261 1258 1257
f 1255 1258 1261
f 1259 1255 1261
f 1262 1263 1247
f 1264 1247 1263
f 1266 1267 1265
f 1266 1265 1268
f 1269 1267 1266
f 1267 1271 1270
f 1272 1273 1270
f 1271 1272 1270
f 1267 1269 1271
f 1272 1271 1269
f 1267 1274 1265
f 1275 1276 1265
f 1274 1275 1265
f 1267 1270 1274
f 1275 1274 1270
f 1270 1273 1275
f 1277 1268 1265
f 1276 1277 1265
f 1268 1278 1266
f 1278 1269 1266
f 1278 1268 1279
f 1280 1273 1272
f 1281 1273 1280
f 1281 1275 1273
f 1276 1275 1281
f 1282 1277 1276
f 1268 1277 1282
f 1279 1268 1282
f 1282 1276 1283
f 1279 1282 1283
f 1283 1284 1279
f 1285 1279 1284
f 1285 1278 1279
f 1278 1285 1286
f 1286 1269 1278
f 1287 1272 1286
f 1269 1286 1272
f 1272 1287 1288
f 1288 1280 1272
f 1281 1280 1288
f 1289 1281 1288
f 1276 1281 1289
f 1283 1276 1289
f 1289 1288 1290
f 1290 1291 1289
f 1283 1289 1291
f 1291 1292 1283
f 1284 1283 1292
f 1234 1284 1292
f 1293 1284 1234
f 1293 1285 1284
f 1293 1234 1294
f 1294 1286 1293
f 1285 1293 1286
f 1286 1294 1253
f 1253 1287 1286
f 1287 1253 1290
f 1290 1288 1287
f 1253 1294 1235
f 1233 1290 1253
f 1290 1233 1229
f 1229 1291 1290
f 1291 1229 1231
f 1231 1292 1291
f 1234 1292 1231
f 1235 1294 1234
f 1296 1297 1295
f 1296 1295 1298
f 1298 1299 1296
f 1300 1297 1296
f 1299 1300 1296
f 1297 1302 1301
f 1303 1304 1301
f 1302 1303 1301
f 1297 1300 1302
f 1303 1302 1300
f 1297 1305 1295
f 1306 1307 1295
f 1305 1306 1295
f 1297 1301 1305
f 1306 1305 1301
f 1301 1304 1306
f 1308 1298 1295
f 1307 1308 1295
f 1310 1311 1309
f 1310 1309 1312
f 1312 1313 1310
f 1313 1314 1310
f 1311 1316 1315
f 1317 1318 1315
f 1316 1317 1315
f 1311 1310 1316
f 1314 1317 1316
f 1310 1314 1316
f 1311 1319 1309
f 1320 1309 1319
f 1319 1321 1320
f 1311 1315 1319
f 1321 1319 1315
f 1315 1318 1321
f 1320 1312 1309
f 1323 1324 1322
f 1325 1323 1322
f 1326 1325 1322
f 1325 1327 1323
f 1324 1329 1328
f 1329 1330 1328
f 1324 1323 1329
f 1327 1330 1329
f 1323 1327 1329
f 1324 1331 1322
f 1332 1322 1331
f 1331 1333 1332
f 1324 1328 1331
f 1333 1331 1328
f 1332 1326 1322
f 1335 1336 1334
f 1335 1334 1337
f 1338 1336 1335
f 1336 1340 1339
f 1341 1342 1339
f 1340 1341 1339
f 1336 1338 1340
f 1341 1340 1338
f 1336 1343 1334
f 1344 1345 1334
f 1343 1344 1334
f 1336 1339 1343
f 1344 1343 1339
f 1339 1342 1344
f 1346 1337 1334
f 1345 1346 1334
f 1347 1300 1299
f 1300 1347 1303
f 1348 1304 1303
f 1306 1304 1348
f 1349 1306 1348
f 1307 1306 1349
f 1350 1308 1307
f 1298 1308 1350
f 1350 1351 1298
f 1350 1307 1352
f 1351 1350 1352
f 1354 1353 1351
f 1298 1351 1353
f 1353 1299 1298
f 1353 1354 1355
f 1355 1347 1353
f 1299 1353 1347
f 1347 1355 1356
f 1356 1303 1347
f 1303 1356 1357
f 1357 1348 1303
f 1358 1349 1357
f 1349 1348 1357
f 1307 1349 1358
f 1352 1307 1358
f 1358 1239 1352
f 1351 1352 1239
f 1241 1351 1239
f 1354 1351 1241
f 1241 1355 1354
f 1355 1241 1254
f 1254 1356 1355
f 1356 1254 1357
f 1244 1357 1254
f 1244 1358 1357
f 1239 1358 1244
f 1313 1312 1359
f 1360 1314 1313
f 1314 1360 1317
f 1361 1318 1317
f 1318 1361 1362
f 1362 1321 1318
f 1363 1321 1362
f 1363 1320 1321
f 1364 1320 1363
f 1312 1320 1364
f 1359 1312 1364
f 1359 1364 1365
f 1365 1366 1359
f 1367 1359 1366
f 1368 1367 1366
f 1367 1313 1359
f 1367 1368 1360
f 1313 1367 1360
f 1369 1317 1360
f 1370 1361 1369
f 1317 1369 1361
f 1362 1361 1370
f 1371 1362 1370
f 1364 1362 1371
f 1365 1364 1371
f 1364 1363 1362
f 1372 1371 1370
f 1373 1372 1370
f 1374 1365 1371
f 1372 1374 1371
f 1227 1372 1373
f 1375 1227 1373
f 1376 1374 1372
f 1227 1376 1372
f 1366 1374 1376
f 1229 1366 1376
f 1366 1365 1374
f 1368 1366 1229
f 1377 1368 1229
f 1368 1377 1378
f 1378 1379 1368
f 1379 1360 1368
f 1380 1379 1378
f 1381 1380 1378
f 1369 1360 1379
f 1380 1369 1379
f 1373 1380 1381
f 1375 1373 1381
f 1370 1369 1380
f 1373 1370 1380
f 1252 1381 1378
f 1233 1252 1378
f 1246 1375 1381
f 1252 1246 1381
f 1375 1246 1228
f 1228 1227 1375
f 1226 1376 1227
f 1229 1376 1226
f 1232 1377 1229
f 1378 1377 1232
f 1233 1378 1232
f 1325 1326 1382
f 1382 1383 1325
f 1383 1327 1325
f 1384 1383 1382
f 1385 1330 1327
f 1386 1330 1385
f 1387 1386 1385
f 1386 1328 1330
f 1386 1387 1388
f 1388 1333 1386
f 1328 1386 1333
f 1389 1333 1388
f 1389 1332 1333
f 1332 1389 1390
f 1384 1382 1390
f 1326 1332 1390
f 1382 1326 1390
f 1384 1390 1391
f 1391 1392 1384
f 1384 1392 1393
f 1393 1383 1384
f 1394 1395 1393
f 1383 1393 1395
f 1395 1327 1383
f 1395 1394 1396
f 1396 1385 1395
f 1327 1395 1385
f 1385 1396 1397
f 1397 1387 1385
f 1398 1387 1397
f 1398 1388 1387
f 1391 1390 1398
f 1389 1388 1398
f 1390 1389 1398
f 1397 1391 1398
f 1400 1399 1397
f 1401 1391 1397
f 1399 1401 1397
f 1402 1391 1401
f 1392 1391 1402
f 1403 1392 1402
f 1404 1392 1403
f 1404 1393 1392
f 1404 1403 1405
f 1405 1394 1404
f 1393 1404 1394
f 1406 1394 1405
f 1407 1406 1405
f 1406 1396 1394
f 1397 1406 1407
f 1400 1397 1407
f 1397 1396 1406
f 1262 1407 1405
f 1246 1262 1405
f 1247 1400 1407
f 1262 1247 1407
f 1236 1399 1400
f 1401 1399 1236
f 1408 1401 1236
f 1402 1401 1408
f 1228 1402 1408
f 1403 1402 1228
f 1245 1403 1228
f 1405 1403 1245
f 1246 1405 1245
f 1337 1409 1335
f 1409 1338 1335
f 1409 1337 1410
f 1411 1338 1409
f 1338 1411 1341
f 1412 1342 1341
f 1413 1342 1412
f 1413 1344 1342
f 1345 1344 1413
f 1414 1346 1345
f 1337 1346 1414
f 1410 1337 1414
f 1414 1345 1415
f 1410 1414 1415
f 1415 1416 1410
f 1417 1410 1416
f 1418 1417 1416
f 1417 1409 1410
f 1417 1418 1419
f 1419 1411 1417
f 1409 1417 1411
f 1411 1419 1420
f 1420 1341 1411
f 1341 1420 1421
f 1421 1412 1341
f 1413 1412 1421
f 1422 1413 1421
f 1415 1413 1422
f 1415 1345 1413
f 1422 1423 1415
f 1422 1421 1424
f 1424 1425 1422
f 1423 1422 1425
f 1425 1426 1423
f 1416 1423 1426
f 1427 1416 1426
f 1416 1415 1423
f 1418 1416 1427
f 1418 1427 1428
f 1428 1419 1418
f 1419 1428 1429
f 1429 1420 1419
f 1420 1429 1424
f 1424 1421 1420
f 1244 1429 1428
f 1235 1424 1429
f 1244 1235 1429
f 1424 1235 1234
f 1234 1425 1424
f 1426 1425 1234
f 1430 1426 1234
f 1242 1426 1430
f 1427 1426 1242
f 1244 1427 1242
f 1428 1427 1244
f 1239 1432 1431
f 1431 1432 1433
f 1432 1434 1433
f 1435 1250 1219
f 1435 1437 1436
f 1437 1435 1219
f 1256 1433 1434
f 1256 1434 1438
f 1434 1439 1438
f 1438 1439 1436
f 1435 1436 1439
f 1239 1243 1432
f 1248 1222 1249
f 1257 1256 1440
f 1256 1441 1440
f 1441 1219 1440
f 1440 1219 1221
f 1443 1442 1444
f 1444 1445 1443
f 1445 1446 1443
f 1442 1448 1447
f 1449 1447 1448
f 1448 1450 1449
f 1442 1443 1448
f 1446 1450 1448
f 1443 1446 1448
f 1451 1452 1442
f 1447 1451 1442
f 1447 1449 1451
f 1442 1452 1444
f 1454 1453 1455
f 1455 1456 1454
f 1453 1458 1457
f 1459 1457 1458
f 1458 1460 1459
f 1453 1454 1458
f 1454 1460 1458
f 1461 1453 1457
f 1457 1462 1461
f 1457 1459 1462
f 1453 1461 1455
f 1464 1463 1465
f 1465 1466 1464
f 1463 1468 1467
f 1468 1469 1467
f 1463 1464 1468
f 1470 1463 1467
f 1467 1471 1470
f 1467 1469 1471
f 1463 1470 1465
f 1445 1444 1472
f 1473 1449 1450
f 1474 1451 1473
f 1449 1473 1451
f 1451 1474 1475
f 1475 1452 1451
f 1452 1475 1472
f 1472 1444 1452
f 1477 1472 1475
f 1476 1477 1475
f 1478 1477 1476
f 1479 1480 1477
f 1445 1472 1477
f 1480 1445 1477
f 1446 1445 1480
f 1480 1479 1481
f 1481 1482 1480
f 1446 1480 1482
f 1482 1450 1446
f 1482 1481 1483
f 1483 1474 1482
f 1450 1482 1474
f 1474 1473 1450
f 1474 1483 1478
f 1478 1476 1474
f 1476 1475 1474
f 1484 1478 1483
f 1485 1484 1483
f 1484 1249 1478
f 1250 1484 1485
f 1219 1250 1485
f 1250 1249 1484
f 1477 1478 1249
f 1477 1249 1222
f 1223 1477 1222
f 1223 1479 1477
f 1481 1479 1223
f 1224 1481 1223
f 1219 1485 1224
f 1481 1224 1485
f 1485 1483 1481
f 1456 1486 1454
f 1487 1456 1455
f 1460 1454 1486
f 1488 1459 1460
f 1489 1462 1488
f 1459 1488 1462
f 1462 1489 1490
f 1490 1491 1462
f 1491 1461 1462
f 1491 1490 1487
f 1487 1455 1491
f 1461 1491 1455
f 1487 1490 1492
f 1492 1493 1487
f 1493 1492 1494
f 1496 1495 1493
f 1487 1493 1495
f 1495 1456 1487
f 1495 1486 1456
f 1495 1496 1497
f 1486 1495 1497
f 1497 1460 1486
f 1498 1499 1497
f 1460 1497 1499
f 1499 1488 1460
f 1500 1499 1498
f 1501 1500 1498
f 1489 1488 1499
f 1500 1489 1499
f 1492 1500 1501
f 1494 1492 1501
f 1490 1489 1500
f 1492 1490 1500
f 1494 1501 1502
f 1438 1502 1501
f 1256 1438 1501
f 1436 1494 1502
f 1438 1436 1502
f 1494 1436 1437
f 1437 1503 1494
f 1503 1493 1494
f 1219 1503 1437
f 1496 1493 1503
f 1219 1485 1503
f 1496 1503 1485
f 1504 1485 1219
f 1441 1504 1219
f 1497 1496 1485
f 1504 1497 1485
f 1501 1504 1441
f 1256 1501 1441
f 1497 1504 1501
f 1501 1498 1497
f 1505 1464 1466
f 1466 1465 1506
f 1506 1507 1466
f 1507 1505 1466
f 1505 1507 1508
f 1508 1509 1505
f 1464 1505 1509
f 1509 1468 1464
f 1509 1508 1510
f 1510 1511 1509
f 1469 1468 1509
f 1511 1469 1509
f 1511 1510 1512
f 1512 1471 1511
f 1469 1511 1471
f 1513 1471 1512
f 1514 1513 1512
f 1513 1470 1471
f 1513 1514 1506
f 1506 1465 1513
f 1470 1513 1465
f 1506 1514 1515
f 1515 1516 1506
f 1516 1515 1517
f 1507 1506 1516
f 1518 1507 1516
f 1507 1518 1519
f 1519 1520 1507
f 1520 1508 1507
f 1520 1519 1521
f 1521 1522 1520
f 1508 1520 1522
f 1522 1510 1508
f 1523 1522 1521
f 1524 1523 1521
f 1512 1510 1522
f 1523 1512 1522
f 1515 1523 1524
f 1517 1515 1524
f 1514 1512 1523
f 1515 1514 1523
f 1524 1521 1240
f 1525 1517 1524
f 1239 1524 1240
f 1431 1525 1524
f 1239 1431 1524
f 1525 1431 1433
f 1433 1526 1525
f 1517 1525 1526
f 1526 1516 1517
f 1256 1526 1433
f 1518 1516 1526
f 1256 1527 1526
f 1518 1526 1527
f 1528 1527 1256
f 1241 1528 1256
f 1519 1518 1527
f 1528 1519 1527
f 1240 1528 1241
f 1521 1519 1528
f 1240 1521 1528
f 1264 1263 1529
f 1263 1530 1529
f 1532 1531 1533
f 1533 1534 1532
f 1536 1531 1535
f 1531 1532 1535
f 1532 1534 1535
f 1531 1538 1537
f 1536 1538 1531
f 1533 1531 1537
f 1534 1533 1539
f 1539 1533 1540
f 1541 1535 1534
f 1535 1541 1542
f 1542 1536 1535
f 1538 1536 1542
f 1543 1537 1538
f 1540 1533 1543
f 1537 1543 1533
f 1544 1545 1543
f 1545 1540 1543
f 1546 1540 1545
f 1546 1539 1540
f 1534 1539 1546
f 1547 1534 1546
f 1548 1541 1547
f 1534 1547 1541
f 1541 1548 1549
f 1549 1542 1541
f 1550 1538 1549
f 1538 1542 1549
f 1543 1538 1550
f 1544 1543 1550
f 1551 1550 1549
f 1552 1550 1551
f 1222 1552 1551
f 1544 1550 1552
f 1553 1545 1544
f 1546 1545 1553
f 1554 1546 1553
f 1547 1546 1554
f 1555 1547 1554
f 1547 1555 1556
f 1556 1548 1547
f 1548 1556 1222
f 1222 1551 1548
f 1551 1549 1548
f 1558 1236 1557
f 1557 1236 1559
f 1559 1236 1238
f 1561 1562 1560
f 1558 1557 1563
f 1560 1562 1564
f 1562 1563 1564
f 1563 1557 1564
f 1557 1565 1564
f 1562 1561 1566
f 1568 1566 1567
f 1566 1561 1567
f 1561 1569 1567
f 1566 1568 1570
f 1572 1570 1571
f 1570 1568 1571
f 1568 1573 1571
f 1570 1572 1574
f 1575 1576 1574
f 1576 1570 1574
f 1578 1576 1577
f 1576 1575 1577
f 1580 1578 1579
f 1578 1577 1579
f 1037 1578 1581
f 1578 1580 1581
f 1037 1581 1043
f 1400 1237 1247
f 1400 1247 1582
f 1582 1247 1557
f 1247 1264 1557
f 1583 1584 1264
f 1557 1264 1584
f 1585 1583 1264
f 1561 1585 1529
f 1264 1529 1585
f 1586 1587 1529
f 1587 1588 1529
f 1561 1529 1588
f 1568 1586 1589
f 1529 1589 1586
f 1568 1589 1590
f 1589 1592 1591
f 1591 1592 1572
f 1592 1593 1572
f 1595 1596 1594
f 1594 1596 1593
f 1595 1594 1577
f 1577 1594 967
f 1597 1598 967
f 1577 967 1598
f 1597 967 1599
f 1599 967 1581
f 967 1030 1581
f 1044 1600 1030
f 1581 1030 1600
f 1603 1602 1601
f 1605 1606 1604
f 1606 1605 1607
f 1609 1610 1608
f 1610 1611 1608
f 1613 1614 1612
f 1614 1613 1615
f 1575 1616 1577
f 1577 1616 1595
f 1620 1618 1617
f 1588 1621 1561
f 1619 1621 1588
f 1588 1617 1619
f 1617 1588 1620
f 1612 1622 1613
f 1623 1615 1613
f 1623 1613 1557
f 1557 1559 1623
f 1622 1582 1557
f 1557 1613 1622
f 1617 1625 1624
f 1626 1617 1624
f 1617 1618 1625
f 1624 1628 1627
f 1629 1630 1627
f 1628 1629 1627
f 1624 1625 1628
f 1629 1628 1625
f 1625 1618 1629
f 1624 1632 1631
f 1633 1634 1631
f 1632 1633 1631
f 1624 1627 1632
f 1633 1632 1627
f 1627 1630 1633
f 1634 1626 1624
f 1631 1634 1624
f 1637 1636 1635
f 1638 1637 1635
f 1637 1639 1636
f 1635 1641 1640
f 1635 1636 1641
f 1636 1639 1641
f 1635 1643 1642
f 1644 1642 1643
f 1643 1645 1644
f 1635 1640 1643
f 1645 1643 1640
f 1644 1638 1635
f 1642 1644 1635
f 1617 1626 1619
f 1618 1620 1607
f 1607 1629 1618
f 1629 1607 1646
f 1646 1630 1629
f 1647 1630 1646
f 1647 1633 1630
f 1648 1634 1647
f 1634 1633 1647
f 1626 1634 1648
f 1619 1626 1648
f 1619 1648 1649
f 1649 1621 1619
f 1621 1649 1569
f 1569 1561 1621
f 1587 1620 1588
f 1620 1587 1650
f 1650 1607 1620
f 1607 1650 1606
f 1605 1646 1607
f 1651 1604 1606
f 1647 1646 1605
f 1604 1647 1605
f 1649 1604 1651
f 1569 1649 1651
f 1648 1647 1604
f 1649 1648 1604
f 1651 1606 1568
f 1568 1567 1651
f 1569 1651 1567
f 1586 1650 1587
f 1650 1586 1568
f 1568 1606 1650
f 1652 1637 1638
f 1612 1641 1639
f 1653 1641 1612
f 1653 1640 1641
f 1654 1645 1653
f 1640 1653 1645
f 1655 1645 1654
f 1655 1644 1645
f 1638 1644 1655
f 1652 1638 1655
f 1652 1655 1238
f 1238 1237 1652
f 1652 1237 1400
f 1400 1637 1652
f 1637 1400 1639
f 1639 1400 1622
f 1622 1612 1639
f 1614 1653 1612
f 1654 1653 1614
f 1615 1654 1614
f 1655 1615 1623
f 1238 1655 1623
f 1655 1654 1615
f 1238 1623 1559
f 1582 1622 1400
f 1656 1621 1561
f 1561 1560 1656
f 1561 1621 1657
f 1657 1585 1561
f 1619 1621 1658
f 1659 1619 1658
f 1619 1659 1660
f 1621 1619 1660
f 1660 1657 1621
f 1663 1662 1661
f 1664 1663 1661
f 1663 1665 1662
f 1661 1667 1666
f 1668 1669 1666
f 1667 1668 1666
f 1661 1662 1667
f 1668 1667 1662
f 1662 1665 1668
f 1661 1671 1670
f 1672 1670 1671
f 1671 1673 1672
f 1661 1666 1671
f 1673 1671 1666
f 1666 1669 1673
f 1672 1664 1661
f 1670 1672 1661
f 1564 1656 1560
f 1585 1657 1583
f 1565 1557 1613
f 1613 1674 1565
f 1564 1565 1674
f 1674 1613 1614
f 1614 1675 1674
f 1621 1674 1675
f 1658 1621 1675
f 1656 1564 1674
f 1621 1656 1674
f 1657 1660 1665
f 1665 1583 1657
f 1663 1584 1665
f 1584 1583 1665
f 1613 1584 1663
f 1614 1613 1663
f 1613 1557 1584
f 1664 1614 1663
f 1675 1614 1664
f 1672 1675 1664
f 1658 1675 1672
f 1673 1658 1672
f 1658 1673 1669
f 1669 1659 1658
f 1668 1659 1669
f 1668 1660 1659
f 1660 1668 1665
f 1677 1676 1678
f 1678 1679 1677
f 1679 1680 1677
f 1676 1682 1681
f 1682 1683 1681
f 1676 1677 1682
f 1677 1680 1682
f 1684 1685 1676
f 1676 1681 1684
f 1681 1683 1684
f 1685 1678 1676
f 1687 1686 1688
f 1688 1689 1687
f 1689 1690 1687
f 1686 1692 1691
f 1692 1693 1691
f 1686 1687 1692
f 1687 1690 1692
f 1694 1695 1686
f 1691 1694 1686
f 1691 1693 1694
f 1695 1688 1686
f 1697 1696 1698
f 1698 1699 1697
f 1697 1701 1700
f 1701 1702 1700
f 1697 1699 1701
f 1697 1700 1696
f 1703 1704 1696
f 1700 1703 1696
f 1700 1702 1703
f 1704 1698 1696
f 1706 1705 1601
f 1601 1707 1706
f 1707 1708 1706
f 1705 1706 1709
f 1710 1709 1706
f 1706 1708 1710
f 1711 1712 1705
f 1711 1705 1709
f 1709 1710 1711
f 1712 1601 1705
f 1679 1678 1713
f 1713 1714 1679
f 1715 1680 1679
f 1714 1715 1679
f 1680 1715 1603
f 1603 1682 1680
f 1682 1603 1716
f 1716 1683 1682
f 1683 1716 1717
f 1717 1684 1683
f 1718 1685 1717
f 1685 1684 1717
f 1678 1685 1718
f 1713 1678 1718
f 1718 1719 1713
f 1714 1719 1616
f 1720 1714 1616
f 1713 1719 1714
f 1720 1715 1714
f 1715 1720 1721
f 1721 1603 1715
f 1603 1721 1602
f 1601 1716 1603
f 1717 1716 1601
f 1602 1717 1601
f 1718 1602 1722
f 1719 1718 1722
f 1718 1717 1602
f 1722 1602 1723
f 1722 1579 1719
f 1722 1723 1581
f 1581 1580 1722
f 1579 1722 1580
f 1616 1719 1579
f 1577 1616 1579
f 1720 1616 1577
f 1598 1720 1577
f 1720 1598 1597
f 1599 1721 1597
f 1720 1597 1721
f 1721 1599 1581
f 1581 1723 1721
f 1723 1602 1721
f 1689 1688 1611
f 1724 1692 1690
f 1692 1724 1725
f 1725 1693 1692
f 1726 1694 1725
f 1693 1725 1694
f 1695 1694 1726
f 1688 1695 1611
f 1611 1695 1727
f 1727 1610 1611
f 1610 1727 1728
f 1728 1609 1610
f 1729 1610 1609
f 1611 1610 1729
f 1729 1689 1611
f 1689 1729 1730
f 1730 1690 1689
f 1690 1730 1595
f 1595 1724 1690
f 1719 1713 1595
f 1724 1595 1713
f 1713 1725 1724
f 1726 1713 1719
f 1726 1725 1713
f 1728 1727 1726
f 1727 1695 1726
f 1726 1719 1616
f 1616 1575 1726
f 1728 1726 1575
f 1575 1574 1728
f 1572 1728 1574
f 1609 1728 1572
f 1729 1609 1572
f 1593 1729 1572
f 1729 1593 1596
f 1596 1730 1729
f 1730 1596 1595
f 1616 1719 1595
f 1699 1698 1605
f 1605 1731 1699
f 1732 1699 1731
f 1699 1732 1608
f 1608 1701 1699
f 1701 1608 1733
f 1733 1702 1701
f 1703 1702 1733
f 1734 1704 1703
f 1698 1704 1734
f 1605 1698 1734
f 1605 1734 1735
f 1735 1606 1605
f 1606 1735 1573
f 1573 1568 1606
f 1606 1568 1590
f 1731 1605 1606
f 1732 1606 1590
f 1589 1732 1590
f 1731 1606 1732
f 1732 1589 1591
f 1591 1608 1732
f 1608 1591 1609
f 1611 1733 1608
f 1703 1733 1611
f 1610 1703 1611
f 1735 1610 1609
f 1573 1735 1609
f 1734 1703 1610
f 1735 1734 1610
f 1572 1571 1609
f 1573 1609 1571
f 1572 1609 1591
f 1601 1736 1707
f 1708 1707 1736
f 1737 1710 1708
f 1710 1737 1738
f 1711 1710 1738
f 1739 1711 1738
f 1740 1712 1739
f 1712 1711 1739
f 1601 1712 1740
f 1740 1602 1601
f 1602 1740 1723
f 1736 1602 1723
f 1741 1736 1723
f 1736 1601 1602
f 1736 1741 1080
f 1080 1737 1736
f 1708 1736 1737
f 1737 1080 1079
f 1079 1742 1737
f 1742 1738 1737
f 1743 1742 1079
f 1078 1743 1079
f 1739 1738 1742
f 1743 1739 1742
f 1740 1743 1078
f 1740 1739 1743
f 1078 1043 1740
f 1723 1740 1043
f 1581 1723 1043
f 1741 1723 1581
f 1600 1741 1581
f 1044 1080 1600
f 1741 1600 1080
f 1552 1744 1544
f 1553 1544 1744
f 1248 1744 1552
f 1744 1745 1553
f 1746 1576 1578
f 1576 1746 1570
f 965 1593 1592
f 965 1594 1593
f 965 967 1594
f 1747 1236 1558
f 1747 1563 1562
f 1747 1558 1563
f 1748 1434 1432
f 1434 1748 1439
f 1556 1555 1745
f 1555 1554 1745
f 1553 1745 1554
f 1746 1045 1015
f 1015 1749 1746
f 1750 1751 1746
f 1749 1750 1746
f 1749 1752 1750
f 1750 1747 1751
f 1753 1754 1752
f 1755 1753 1752
f 1749 1755 1752
f 1756 1757 1754
f 1753 1756 1754
f 1758 1756 1753
f 1755 1758 1753
f 1019 1758 1755
f 1755 1017 1019
f 1017 1755 1749
f 1749 1015 1017
f 1759 1758 1019
f 1019 966 1759
f 965 1759 966
f 964 1030 967
f 1045 1746 1578
f 1037 1045 1578
f 1760 1756 1758
f 1759 1760 1758
f 1530 1760 1759
f 965 1530 1759
f 1761 1757 1756
f 1760 1761 1756
f 1263 1761 1760
f 1530 1263 1760
f 1530 1589 1529
f 1589 1530 965
f 965 1592 1589
f 1751 1747 1562
f 1566 1751 1562
f 1746 1751 1566
f 1570 1746 1566
f 1761 1762 1757
f 1763 1762 1761
f 1761 1764 1763
f 1764 1761 1263
f 1263 1765 1764
f 1246 1252 1765
f 1263 1246 1765
f 1262 1246 1263
f 1226 1225 1766
f 1408 1766 1228
f 1225 1228 1766
f 1408 1767 1766
f 1767 1408 1236
f 1236 1747 1767
f 1747 1750 1767
f 1768 1766 1767
f 1767 1769 1768
f 1769 1767 1750
f 1750 1752 1769
f 1770 1768 1769
f 1769 1771 1770
f 1754 1771 1769
f 1752 1754 1769
f 1763 1770 1771
f 1771 1762 1763
f 1762 1771 1754
f 1754 1757 1762
f 1772 1773 1768
f 1770 1772 1768
f 1774 1772 1770
f 1763 1774 1770
f 1775 1776 1773
f 1772 1775 1773
f 1777 1775 1772
f 1774 1777 1772
f 1778 1779 1777
f 1774 1778 1777
f 1774 1763 1764
f 1764 1778 1774
f 1260 1259 1779
f 1778 1260 1779
f 1765 1260 1778
f 1764 1765 1778
f 1765 1252 1260
f 1430 1234 1780
f 1231 1780 1234
f 1231 1230 1780
f 1226 1766 1230
f 1230 1781 1780
f 1773 1776 1781
f 1230 1773 1781
f 1773 1230 1766
f 1766 1768 1773
f 1782 1780 1781
f 1748 1782 1781
f 1781 1783 1748
f 1783 1781 1776
f 1776 1784 1783
f 1785 1784 1776
f 1776 1775 1785
f 1786 1785 1775
f 1775 1787 1786
f 1775 1777 1787
f 1788 1786 1787
f 1787 1789 1788
f 1789 1787 1777
f 1777 1779 1789
f 1261 1257 1788
f 1789 1261 1788
f 1259 1261 1789
f 1779 1259 1789
f 1748 1432 1243
f 1243 1782 1748
f 1430 1782 1242
f 1243 1242 1782
f 1430 1780 1782
f 1790 1791 1786
f 1788 1790 1786
f 1790 1788 1257
f 1257 1440 1790
f 1556 1745 1791
f 1790 1556 1791
f 1556 1790 1440
f 1440 1221 1556
f 1435 1792 1250
f 1792 1435 1439
f 1439 1748 1792
f 1783 1248 1250
f 1792 1783 1250
f 1748 1783 1792
f 1783 1793 1248
f 1784 1793 1783
f 1794 1744 1248
f 1793 1794 1248
f 1785 1794 1793
f 1784 1785 1793
f 1791 1745 1744
f 1794 1791 1744
f 1786 1791 1794
f 1785 1786 1794
f 1248 1552 1222
f 1556 1221 1222
f 102 103 101
f 26 21 17
f 27 21 26
f 35 30 33
f 30 35 34
f 44 20 30
f 39 37 34
f 13 30 34
f 14 34 37
f 44 30 13
f 12 11 14
f 11 13 14
f 10 13 11
f 17 18 16
f 16 18 10
f 16 25 17
f 19 21 20
f 17 21 19
f 22 19 20
f 19 18 17
f 18 19 22
f 24 25 23
f 25 26 17
f 24 26 25
f 24 27 26
f 21 27 20
f 27 24 28
f 24 29 28
f 27 30 20
f 27 28 30
f 29 31 28
f 29 32 31
f 30 31 33
f 31 30 28
f 36 35 33
f 36 33 31
f 39 34 35
f 37 39 38
f 346 35 36
f 39 346 38
f 346 39 35
f 40 37 38
f 37 40 15
f 38 41 40
f 43 42 348
f 25 43 23
f 42 16 10
f 16 43 25
f 43 16 42
f 15 14 37
f 15 12 14
f 14 13 34
f 44 13 10
f 20 44 22
f 18 44 10
f 44 18 22
f 46 45 47
f 47 45 48
f 51 50 49
f 53 49 52
f 55 54 49
f 49 53 55
f 53 52 56
f 55 53 56
f 51 54 57
f 57 50 51
f 59 56 52
f 52 58 59
f 58 60 59
f 63 62 50
f 62 63 61
f 61 63 64
f 50 57 64
f 64 63 50
f 52 49 50
f 49 54 51
f 58 52 50
f 62 58 50
f 62 60 58
f 60 62 61
f 57 54 65
f 54 67 65
f 67 66 68
f 66 67 54
f 64 57 65
f 61 64 65
f 60 61 69
f 59 60 69
f 61 70 69
f 70 72 71
f 72 61 65
f 61 72 70
f 75 74 73
f 74 77 76
f 78 74 76
f 74 56 73
f 78 56 74
f 79 78 76
f 55 56 78
f 78 54 55
f 54 79 66
f 79 54 78
f 80 56 69
f 56 80 73
f 56 59 69
f 82 7 81
f 3 83 84
f 85 83 2
f 1 85 2
f 85 86 87
f 87 83 85
f 3 84 4
f 88 5 4
f 89 88 4
f 4 84 89
f 2 83 3
f 9 85 1
f 85 9 8
f 7 6 81
f 82 85 8
f 8 7 82
f 88 81 6
f 88 6 5
f 88 92 91
f 90 92 88
f 89 90 88
f 93 86 85
f 94 93 85
f 95 85 82
f 94 85 95
f 81 95 82
f 95 81 38
f 81 96 38
f 96 88 91
f 81 88 96
f 98 97 91
f 97 100 99
f 98 100 97
f 92 98 91
f 104 96 91
f 96 101 38
f 101 104 102
f 104 101 96
f 104 105 102
f 105 97 99
f 97 104 91
f 104 97 105
f 108 107 106
f 111 110 109
f 112 109 110
f 109 112 107
f 106 107 112
f 111 46 110
f 113 110 46
f 115 106 114
f 106 115 108
f 106 112 114
f 113 116 110
f 117 112 110
f 112 118 114
f 117 118 112
f 116 117 110
f 121 120 119
f 122 119 120
f 124 123 122
f 120 124 122
f 47 123 125
f 125 113 47
f 128 127 126
f 126 127 129
f 130 126 129
f 128 132 131
f 128 131 127
f 121 119 131
f 133 121 131
f 131 132 134
f 133 131 134
f 127 131 135
f 135 129 127
f 119 122 136
f 136 131 119
f 130 137 108
f 107 108 137
f 46 47 113
f 47 122 123
f 137 130 129
f 139 132 138
f 134 139 140
f 139 134 132
f 134 142 141
f 142 134 140
f 133 134 141
f 132 144 138
f 144 128 145
f 128 144 132
f 121 133 143
f 146 121 143
f 121 146 120
f 128 147 145
f 147 126 148
f 126 147 128
f 124 120 146
f 149 124 146
f 124 149 123
f 148 108 150
f 130 108 148
f 126 130 148
f 125 123 149
f 125 152 151
f 152 125 149
f 108 115 150
f 113 125 151
f 116 154 153
f 154 113 151
f 113 154 116
f 155 116 153
f 155 117 116
f 156 133 141
f 133 157 143
f 157 133 156
f 157 158 143
f 158 146 143
f 158 149 146
f 159 149 158
f 159 152 149
f 152 160 151
f 160 152 159
f 160 161 151
f 118 117 162
f 117 163 162
f 163 117 164
f 117 155 164
f 155 165 164
f 165 167 166
f 167 155 153
f 155 167 165
f 167 168 166
f 169 167 153
f 167 169 168
f 170 154 151
f 154 169 153
f 170 169 154
f 161 170 151
f 172 171 131
f 135 131 171
f 136 173 131
f 172 131 173
f 174 176 175
f 174 179 177
f 179 180 177
f 180 182 181
f 182 179 178
f 179 182 180
f 182 183 181
f 182 184 183
f 185 182 178
f 182 185 184
f 184 187 183
f 184 186 188
f 156 184 188
f 187 156 141
f 156 187 184
f 157 156 188
f 189 157 188
f 190 157 189
f 158 157 190
f 159 158 190
f 191 159 190
f 160 159 191
f 161 193 192
f 193 160 191
f 160 193 161
f 196 195 194
f 198 196 194
f 196 199 197
f 198 199 196
f 175 199 198
f 175 176 199
f 201 200 195
f 196 201 195
f 201 197 202
f 196 197 201
f 203 199 176
f 199 203 197
f 205 204 200
f 201 205 200
f 205 202 206
f 201 202 205
f 202 207 206
f 197 207 202
f 208 197 203
f 197 208 207
f 209 211 210
f 209 212 211
f 212 208 203
f 208 212 209
f 177 212 203
f 174 203 176
f 203 174 177
f 214 213 210
f 213 216 215
f 214 216 213
f 211 214 210
f 214 217 216
f 211 217 214
f 217 218 216
f 218 217 181
f 212 217 211
f 217 180 181
f 180 212 177
f 212 180 217
f 215 216 219
f 216 220 219
f 218 220 216
f 218 221 220
f 183 218 181
f 218 183 221
f 219 223 222
f 223 219 220
f 221 223 220
f 223 224 222
f 223 225 224
f 223 226 225
f 221 226 223
f 187 221 183
f 225 227 224
f 225 228 227
f 140 225 226
f 225 140 228
f 142 221 187
f 221 140 226
f 142 140 221
f 142 187 141
f 139 228 140
f 228 138 227
f 139 138 228
f 168 229 166
f 229 231 230
f 231 168 232
f 168 231 229
f 168 169 232
f 169 170 232
f 170 233 232
f 233 161 192
f 170 161 233
f 236 235 234
f 235 236 237
f 240 234 239
f 236 240 238
f 240 236 234
f 240 241 238
f 241 239 242
f 240 239 241
f 244 243 242
f 243 246 245
f 246 244 247
f 244 246 243
f 239 244 242
f 244 248 247
f 239 248 244
f 250 249 245
f 66 250 68
f 250 66 249
f 246 250 245
f 250 251 68
f 251 246 247
f 246 251 250
f 70 80 69
f 80 253 252
f 253 70 254
f 70 253 80
f 70 71 254
f 252 256 255
f 253 256 252
f 253 254 256
f 255 258 257
f 256 258 255
f 256 259 258
f 195 258 194
f 258 195 257
f 260 255 257
f 261 260 262
f 260 261 255
f 200 257 195
f 257 200 260
f 262 263 264
f 263 262 260
f 263 265 264
f 200 263 260
f 204 263 200
f 264 265 266
f 266 265 267
f 263 267 265
f 268 263 204
f 263 268 267
f 269 266 270
f 266 267 270
f 267 268 270
f 271 273 272
f 273 275 274
f 275 271 268
f 271 275 273
f 275 268 204
f 275 206 274
f 205 275 204
f 275 205 206
f 276 273 274
f 206 276 274
f 276 278 277
f 278 276 206
f 278 207 208
f 207 278 206
f 272 276 277
f 272 273 276
f 279 272 277
f 280 279 277
f 278 280 277
f 280 209 210
f 209 278 208
f 278 209 280
f 283 282 281
f 279 283 272
f 283 279 282
f 283 271 272
f 271 281 268
f 283 281 271
f 282 213 215
f 213 280 210
f 280 282 279
f 282 280 213
f 282 284 281
f 284 282 215
f 281 270 268
f 284 270 281
f 270 284 285
f 284 215 285
f 285 215 219
f 285 269 270
f 269 285 222
f 285 219 222
f 269 287 286
f 224 269 222
f 286 287 288
f 227 287 269
f 224 227 269
f 289 290 288
f 287 289 288
f 227 289 287
f 138 289 227
f 289 138 144
f 290 291 288
f 290 292 291
f 144 290 289
f 290 144 292
f 144 145 292
f 294 293 295
f 292 295 293
f 147 295 292
f 147 148 295
f 145 147 292
f 296 294 295
f 148 296 295
f 148 150 296
f 297 341 296
f 298 297 114
f 297 298 341
f 150 297 296
f 297 115 114
f 115 297 150
f 300 299 301
f 299 118 301
f 118 299 114
f 301 118 162
f 300 301 302
f 162 303 301
f 301 304 302
f 303 304 301
f 83 304 84
f 304 89 84
f 89 303 305
f 304 303 89
f 303 164 305
f 163 164 303
f 162 163 303
f 92 90 306
f 90 89 305
f 165 90 305
f 90 307 306
f 307 165 166
f 165 307 90
f 164 165 305
f 100 98 308
f 98 309 308
f 309 92 306
f 92 309 98
f 229 309 306
f 309 230 308
f 229 230 309
f 307 229 306
f 229 307 166
f 312 311 313
f 311 312 310
f 311 314 313
f 312 313 237
f 312 315 310
f 315 236 238
f 236 312 237
f 312 236 315
f 310 315 316
f 315 317 316
f 317 319 318
f 319 315 238
f 315 319 317
f 317 318 320
f 318 321 320
f 321 323 322
f 323 321 318
f 319 323 318
f 324 319 238
f 319 324 323
f 323 325 322
f 325 327 326
f 328 325 323
f 325 328 327
f 324 328 323
f 328 329 327
f 329 324 242
f 324 329 328
f 324 241 242
f 241 324 238
f 331 330 326
f 330 331 332
f 327 331 326
f 333 331 327
f 331 333 332
f 329 333 327
f 333 243 245
f 243 329 242
f 329 243 333
f 76 77 330
f 330 332 76
f 332 79 76
f 79 334 66
f 334 79 332
f 333 334 332
f 334 249 66
f 249 333 245
f 333 249 334
f 74 335 77
f 74 75 335
f 75 336 335
f 336 75 337
f 75 73 337
f 73 80 337
f 336 337 261
f 261 80 252
f 80 261 337
f 338 262 264
f 336 262 338
f 336 261 262
f 261 252 255
f 338 264 286
f 286 264 266
f 286 288 338
f 266 269 286
f 336 339 335
f 338 339 336
f 338 288 339
f 335 340 77
f 291 335 339
f 340 291 292
f 291 340 335
f 288 291 339
f 330 77 340
f 293 340 292
f 326 294 341
f 294 330 340
f 330 294 326
f 293 294 340
f 294 296 341
f 325 326 341
f 298 325 341
f 325 298 322
f 322 298 114
f 321 342 320
f 342 321 322
f 299 322 114
f 342 299 320
f 299 342 322
f 320 299 300
f 317 320 316
f 320 300 302
f 316 320 302
f 343 316 302
f 345 343 344
f 343 345 316
f 344 343 86
f 343 87 86
f 87 343 302
f 24 344 86
f 29 24 86
f 29 86 32
f 304 87 302
f 93 31 32
f 32 86 93
f 83 87 304
f 93 36 31
f 94 36 93
f 94 95 36
f 95 346 36
f 346 95 38
f 41 101 103
f 101 41 38
f 347 43 348
f 349 43 347
f 43 349 23
f 314 349 347
f 311 349 314
f 311 350 349
f 350 311 310
f 23 344 24
f 344 23 349
f 345 344 349
f 350 345 349
f 345 310 316
f 350 310 345
f 353 352 351
f 354 352 353
f 355 352 354
f 355 356 352
f 352 356 351
f 359 358 357
f 357 360 359
f 362 358 361
f 361 363 362
f 365 361 364
f 370 369 368
f 373 372 371
f 375 374 371
f 374 376 371
f 378 360 377
f 368 369 379
f 382 381 380
f 367 383 376
f 384 383 365
f 383 367 385
f 365 383 385
f 387 373 386
f 386 376 387
f 390 389 388
f 388 373 390
f 387 390 373
f 376 391 387
f 376 383 391
f 383 392 391
f 383 384 392
f 390 393 389
f 390 387 393
f 387 391 393
f 395 394 379
f 379 396 395
f 399 398 397
f 397 398 400
f 399 401 398
f 403 399 402
f 405 404 402
f 404 403 402
f 401 399 403
f 403 404 401
f 406 399 397
f 408 407 397
f 407 406 397
f 402 399 406
f 406 407 402
f 405 402 407
f 400 408 397
f 409 400 398
f 401 409 398
f 400 409 410
f 405 411 404
f 405 412 411
f 407 412 405
f 407 408 412
f 408 413 412
f 408 414 413
f 408 400 414
f 400 410 414
f 413 414 415
f 414 410 415
f 416 415 410
f 410 417 416
f 409 417 410
f 417 409 418
f 401 418 409
f 404 419 418
f 418 401 404
f 419 404 420
f 411 420 404
f 411 412 420
f 412 421 420
f 412 413 421
f 413 415 421
f 420 421 422
f 423 422 421
f 421 415 423
f 424 423 415
f 415 416 424
f 416 366 424
f 416 425 366
f 417 425 416
f 366 425 426
f 418 426 425
f 425 417 418
f 426 418 385
f 419 385 418
f 385 419 422
f 420 422 419
f 426 385 367
f 422 365 385
f 365 422 361
f 423 361 422
f 361 423 363
f 424 363 423
f 424 366 363
f 426 367 366
f 429 428 427
f 427 428 430
f 431 430 428
f 429 432 428
f 432 431 428
f 434 429 433
f 436 435 433
f 435 434 433
f 432 429 434
f 434 435 432
f 437 429 427
f 439 438 427
f 438 437 427
f 433 429 437
f 437 438 433
f 436 433 438
f 430 440 427
f 440 439 427
f 443 442 441
f 441 442 444
f 445 444 442
f 446 445 442
f 448 443 447
f 450 449 447
f 449 448 447
f 442 443 448
f 449 446 448
f 446 442 448
f 451 443 441
f 441 452 451
f 453 451 452
f 447 443 451
f 451 453 447
f 450 447 453
f 444 452 441
f 456 455 454
f 455 457 454
f 457 458 454
f 459 457 455
f 461 456 460
f 462 461 460
f 455 456 461
f 462 459 461
f 459 455 461
f 463 456 454
f 454 464 463
f 465 463 464
f 460 456 463
f 463 465 460
f 458 464 454
f 468 467 466
f 466 467 469
f 468 470 467
f 472 468 471
f 473 472 471
f 470 468 472
f 474 468 466
f 476 475 466
f 475 474 466
f 471 468 474
f 474 475 471
f 473 471 475
f 469 477 466
f 477 476 466
f 432 478 431
f 478 432 435
f 436 479 435
f 436 438 479
f 438 480 479
f 438 439 480
f 440 481 439
f 440 430 481
f 482 481 430
f 439 481 483
f 481 482 483
f 484 485 482
f 482 430 484
f 431 484 430
f 485 484 486
f 478 486 484
f 484 431 478
f 486 478 487
f 435 487 478
f 487 435 488
f 479 488 435
f 480 489 488
f 479 480 488
f 480 439 489
f 439 483 489
f 371 489 483
f 483 482 371
f 482 373 371
f 482 485 373
f 486 373 485
f 373 486 386
f 487 386 486
f 386 487 488
f 488 376 386
f 489 376 488
f 489 371 376
f 444 445 490
f 446 491 445
f 491 446 449
f 450 492 449
f 492 450 493
f 453 493 450
f 453 494 493
f 452 494 453
f 452 495 494
f 452 444 495
f 444 490 495
f 495 490 496
f 497 496 490
f 490 498 497
f 498 499 497
f 445 498 490
f 499 498 491
f 498 445 491
f 449 500 491
f 492 501 500
f 500 449 492
f 492 493 501
f 493 502 501
f 493 495 502
f 495 496 502
f 494 495 493
f 502 503 501
f 503 504 501
f 496 505 502
f 505 503 502
f 503 359 504
f 359 506 504
f 505 507 503
f 507 359 503
f 505 497 507
f 497 361 507
f 496 497 505
f 497 499 361
f 499 508 361
f 508 499 509
f 510 509 499
f 491 510 499
f 510 511 509
f 511 512 509
f 491 500 510
f 500 511 510
f 511 504 512
f 504 506 512
f 500 501 511
f 501 504 511
f 512 384 509
f 384 365 509
f 506 378 512
f 378 384 512
f 378 506 360
f 359 360 506
f 507 358 359
f 507 361 358
f 508 364 361
f 508 509 364
f 509 365 364
f 513 458 457
f 459 513 457
f 513 514 458
f 462 515 459
f 462 516 515
f 516 517 515
f 460 516 462
f 517 516 518
f 465 518 516
f 516 460 465
f 465 464 518
f 458 514 519
f 464 458 519
f 519 514 520
f 521 520 514
f 521 514 522
f 513 522 514
f 524 523 522
f 522 513 524
f 459 524 513
f 523 524 525
f 515 525 524
f 524 459 515
f 525 515 526
f 517 526 515
f 517 527 526
f 518 527 517
f 519 520 527
f 518 464 527
f 464 519 527
f 520 526 527
f 528 529 526
f 520 530 526
f 530 528 526
f 520 531 530
f 520 521 531
f 521 532 531
f 521 533 532
f 522 533 521
f 532 533 534
f 523 534 533
f 533 522 523
f 523 535 534
f 535 536 534
f 525 535 523
f 535 526 536
f 526 529 536
f 525 526 535
f 536 394 534
f 394 378 534
f 529 379 536
f 379 394 536
f 528 368 529
f 528 530 368
f 530 537 368
f 530 531 537
f 531 360 537
f 531 532 360
f 532 377 360
f 532 534 377
f 534 378 377
f 538 469 467
f 470 538 467
f 469 538 539
f 470 540 538
f 540 470 541
f 472 541 470
f 541 472 542
f 473 542 472
f 473 543 542
f 475 543 473
f 475 476 543
f 477 544 476
f 477 469 544
f 469 539 544
f 476 544 545
f 544 539 545
f 546 545 539
f 539 547 546
f 547 548 546
f 538 547 539
f 548 547 549
f 540 549 547
f 547 538 540
f 549 540 541
f 542 550 541
f 542 543 550
f 543 551 550
f 543 545 551
f 476 545 543
f 552 551 545
f 550 551 553
f 554 553 551
f 551 552 554
f 555 554 552
f 552 546 555
f 546 556 555
f 545 546 552
f 546 548 556
f 556 548 557
f 549 557 548
f 557 549 558
f 541 558 549
f 558 541 553
f 550 553 541
f 558 376 557
f 553 367 558
f 367 376 558
f 367 553 366
f 554 366 553
f 554 555 366
f 555 559 366
f 555 374 559
f 555 556 374
f 556 376 374
f 556 557 376
f 561 371 560
f 561 560 562
f 563 561 562
f 382 564 351
f 566 564 565
f 564 566 351
f 562 388 563
f 563 388 567
f 568 563 567
f 568 567 565
f 565 564 568
f 375 371 561
f 354 380 381
f 388 389 569
f 570 388 569
f 351 570 569
f 351 569 353
f 571 572 573
f 574 573 572
f 575 574 572
f 577 571 576
f 576 578 577
f 579 577 578
f 572 571 577
f 579 575 577
f 575 572 577
f 581 580 571
f 580 576 571
f 578 576 580
f 581 571 573
f 582 583 584
f 585 584 583
f 587 582 586
f 586 588 587
f 589 587 588
f 583 582 587
f 589 583 587
f 582 590 586
f 591 586 590
f 588 586 591
f 590 582 584
f 592 593 594
f 595 594 593
f 597 592 596
f 598 597 596
f 593 592 597
f 592 599 596
f 600 596 599
f 598 596 600
f 599 592 594
f 573 574 601
f 578 602 579
f 580 603 602
f 602 578 580
f 603 580 604
f 581 604 580
f 604 581 601
f 573 601 581
f 601 606 604
f 606 605 604
f 606 607 605
f 609 608 606
f 601 574 606
f 574 609 606
f 574 575 609
f 608 609 610
f 611 610 609
f 609 575 611
f 579 611 575
f 610 611 612
f 603 612 611
f 611 579 603
f 602 603 579
f 612 603 607
f 605 607 603
f 604 605 603
f 607 613 612
f 613 614 612
f 381 613 607
f 613 382 614
f 382 351 614
f 381 382 613
f 607 606 381
f 381 606 354
f 606 355 354
f 608 355 606
f 608 610 355
f 610 356 355
f 614 351 356
f 356 610 614
f 612 614 610
f 615 585 583
f 585 616 584
f 583 589 615
f 588 617 589
f 591 618 617
f 617 588 591
f 618 591 619
f 620 619 591
f 590 620 591
f 619 620 616
f 584 616 620
f 620 590 584
f 619 616 621
f 622 621 616
f 621 622 623
f 624 625 622
f 622 616 624
f 585 624 616
f 615 624 585
f 625 624 626
f 624 615 626
f 589 626 615
f 628 627 626
f 626 589 628
f 617 628 589
f 628 629 627
f 629 630 627
f 617 618 628
f 618 629 628
f 629 621 630
f 621 623 630
f 618 619 629
f 619 621 629
f 627 630 631
f 630 567 631
f 567 388 631
f 623 565 630
f 565 567 630
f 565 623 566
f 632 566 623
f 622 632 623
f 632 351 566
f 622 625 632
f 614 351 632
f 632 625 614
f 614 633 351
f 633 570 351
f 625 626 614
f 626 633 614
f 633 631 570
f 631 388 570
f 633 626 631
f 627 631 626
f 593 634 595
f 594 595 635
f 636 635 595
f 634 636 595
f 636 634 637
f 638 637 634
f 634 593 638
f 597 638 593
f 637 638 639
f 640 639 638
f 597 598 638
f 598 640 638
f 639 640 641
f 600 641 640
f 640 598 600
f 600 642 641
f 642 643 641
f 599 642 600
f 643 642 635
f 594 635 642
f 642 599 594
f 643 635 644
f 645 644 635
f 644 645 646
f 635 636 645
f 636 647 645
f 647 636 648
f 649 648 636
f 637 649 636
f 648 649 650
f 651 650 649
f 649 637 651
f 639 651 637
f 651 652 650
f 652 653 650
f 639 641 651
f 641 652 651
f 652 644 653
f 644 646 653
f 641 643 652
f 643 644 652
f 650 653 372
f 646 654 653
f 653 371 372
f 654 560 653
f 560 371 653
f 560 654 562
f 655 562 654
f 654 646 655
f 645 655 646
f 655 656 562
f 656 388 562
f 645 647 655
f 647 656 655
f 656 657 388
f 657 373 388
f 647 648 656
f 648 657 656
f 657 372 373
f 648 650 657
f 650 372 657
f 395 396 658
f 659 395 658
f 660 661 662
f 660 665 664
f 661 660 664
f 663 661 664
f 667 660 666
f 667 665 660
f 660 662 666
f 668 662 661
f 661 663 668
f 662 668 669
f 664 670 663
f 670 664 671
f 665 671 664
f 665 667 671
f 666 672 667
f 662 669 672
f 672 666 662
f 674 673 672
f 669 674 672
f 669 675 674
f 668 675 669
f 668 663 675
f 663 676 675
f 670 677 676
f 676 663 670
f 677 670 678
f 671 678 670
f 667 679 678
f 671 667 678
f 667 672 679
f 672 673 679
f 679 680 678
f 679 681 680
f 681 354 680
f 679 673 681
f 674 682 673
f 674 675 682
f 675 683 682
f 675 676 683
f 676 684 683
f 684 676 685
f 677 685 676
f 685 677 354
f 680 354 677
f 678 680 677
f 368 687 686
f 368 686 688
f 368 688 370
f 691 690 689
f 686 687 692
f 691 689 693
f 692 691 693
f 686 692 693
f 694 686 693
f 690 691 695
f 695 697 696
f 690 695 696
f 698 690 696
f 697 695 699
f 699 701 700
f 697 699 700
f 702 697 700
f 701 699 703
f 705 704 703
f 699 705 703
f 705 707 706
f 704 705 706
f 707 709 708
f 706 707 708
f 707 129 710
f 709 707 710
f 710 129 135
f 369 529 379
f 379 529 711
f 379 711 686
f 396 379 686
f 713 712 396
f 396 686 713
f 712 714 396
f 714 690 658
f 658 396 714
f 716 715 658
f 717 716 658
f 658 690 717
f 715 697 718
f 718 658 715
f 718 697 719
f 721 718 720
f 721 720 701
f 722 721 701
f 725 724 723
f 725 723 722
f 723 724 706
f 723 706 48
f 727 726 48
f 48 706 727
f 48 726 728
f 48 728 710
f 122 48 710
f 729 136 122
f 122 710 729
f 732 731 730
f 731 733 730
f 736 735 734
f 735 736 737
f 740 739 738
f 741 740 738
f 744 743 742
f 743 744 745
f 746 704 706
f 746 706 724
f 748 750 747
f 751 717 690
f 751 749 717
f 747 717 749
f 717 747 750
f 752 742 743
f 745 753 743
f 743 753 686
f 688 686 753
f 711 752 686
f 743 686 752
f 755 747 754
f 747 756 754
f 748 747 755
f 758 754 757
f 760 759 757
f 759 758 757
f 755 754 758
f 758 759 755
f 748 755 759
f 762 754 761
f 764 763 761
f 763 762 761
f 757 754 762
f 762 763 757
f 760 757 763
f 756 764 754
f 764 761 754
f 766 767 765
f 767 768 765
f 769 767 766
f 771 765 770
f 766 765 771
f 769 766 771
f 773 765 772
f 772 774 773
f 775 773 774
f 770 765 773
f 773 775 770
f 768 774 765
f 774 772 765
f 756 747 749
f 750 748 737
f 759 737 748
f 737 759 776
f 760 776 759
f 760 777 776
f 763 777 760
f 764 778 777
f 763 764 777
f 764 756 778
f 756 749 778
f 778 749 779
f 751 779 749
f 779 751 698
f 690 698 751
f 750 716 717
f 716 750 780
f 737 780 750
f 780 737 736
f 776 735 737
f 734 781 736
f 776 777 735
f 777 734 735
f 734 779 781
f 779 698 781
f 777 778 734
f 778 779 734
f 736 781 697
f 696 697 781
f 781 698 696
f 780 715 716
f 715 780 697
f 736 697 780
f 767 782 768
f 771 742 769
f 771 783 742
f 770 783 771
f 775 784 783
f 783 770 775
f 775 785 784
f 774 785 775
f 774 768 785
f 768 782 785
f 785 782 370
f 369 370 782
f 369 782 529
f 767 529 782
f 529 767 769
f 529 769 752
f 742 752 769
f 783 744 742
f 783 784 744
f 784 745 744
f 745 785 753
f 785 370 753
f 784 785 745
f 753 370 688
f 752 711 529
f 751 786 690
f 689 690 786
f 751 690 787
f 714 787 690
f 751 749 788
f 749 789 788
f 789 749 790
f 749 751 790
f 787 790 751
f 793 792 791
f 792 794 791
f 794 795 791
f 796 794 792
f 798 793 797
f 800 799 797
f 799 798 797
f 792 793 798
f 798 799 792
f 796 792 799
f 801 793 791
f 791 802 801
f 803 801 802
f 797 793 801
f 801 803 797
f 800 797 803
f 795 802 791
f 786 693 689
f 787 714 712
f 686 694 743
f 804 743 694
f 694 693 804
f 743 804 744
f 805 744 804
f 804 751 805
f 751 788 805
f 693 786 804
f 786 751 804
f 790 787 796
f 712 796 787
f 713 794 796
f 712 713 796
f 713 743 794
f 743 744 794
f 686 743 713
f 744 795 794
f 744 805 795
f 805 802 795
f 805 788 802
f 788 803 802
f 803 788 800
f 789 800 788
f 789 799 800
f 790 799 789
f 799 790 796
f 806 807 808
f 809 808 807
f 810 809 807
f 812 806 811
f 813 812 811
f 807 806 812
f 810 807 812
f 815 814 806
f 814 811 806
f 813 811 814
f 808 815 806
f 816 817 818
f 819 818 817
f 853 819 817
f 821 816 820
f 822 821 820
f 817 816 821
f 853 817 821
f 824 823 816
f 823 820 816
f 822 820 823
f 818 824 816
f 827 826 825
f 825 826 828
f 829 828 826
f 831 827 830
f 832 831 830
f 826 827 831
f 829 826 831
f 830 827 825
f 834 833 825
f 833 830 825
f 832 830 833
f 828 834 825
f 835 836 730
f 837 730 836
f 838 837 836
f 836 835 839
f 839 840 836
f 838 836 840
f 842 841 835
f 835 841 839
f 840 839 841
f 730 842 835
f 808 809 843
f 844 843 809
f 810 845 809
f 845 844 809
f 845 810 733
f 812 733 810
f 733 812 846
f 813 846 812
f 814 732 846
f 846 813 814
f 814 815 732
f 815 847 732
f 815 808 847
f 808 843 847
f 848 847 843
f 848 844 746
f 844 849 746
f 848 843 844
f 845 849 844
f 849 845 850
f 733 850 845
f 850 733 731
f 846 730 733
f 732 851 731
f 846 732 730
f 732 847 851
f 847 848 851
f 731 851 852
f 708 851 848
f 852 851 710
f 709 710 851
f 851 708 709
f 848 746 708
f 746 706 708
f 746 849 706
f 849 727 706
f 727 849 726
f 850 728 726
f 726 849 850
f 728 850 710
f 852 710 850
f 731 852 850
f 818 819 741
f 821 854 853
f 854 821 855
f 822 855 821
f 823 856 855
f 855 822 823
f 823 824 856
f 824 818 741
f 824 741 857
f 740 857 741
f 857 740 858
f 739 858 740
f 740 859 739
f 740 741 859
f 819 859 741
f 859 819 860
f 853 860 819
f 860 853 724
f 854 724 853
f 843 848 724
f 724 854 843
f 855 843 854
f 843 856 848
f 855 856 843
f 857 858 856
f 824 857 856
f 848 856 746
f 704 746 856
f 856 858 704
f 703 704 858
f 858 701 703
f 858 739 701
f 739 859 701
f 859 722 701
f 722 859 725
f 860 725 859
f 725 860 724
f 848 746 724
f 828 829 735
f 861 735 829
f 829 862 861
f 862 829 738
f 831 738 829
f 738 831 863
f 832 863 831
f 832 833 863
f 834 864 833
f 834 828 864
f 828 735 864
f 864 735 865
f 736 865 735
f 865 736 702
f 697 702 736
f 697 736 719
f 735 861 736
f 736 862 719
f 862 718 719
f 736 861 862
f 718 862 720
f 738 720 862
f 720 738 739
f 863 741 738
f 863 833 741
f 833 740 741
f 740 865 739
f 865 702 739
f 833 864 740
f 864 865 740
f 700 701 739
f 739 702 700
f 739 701 720
f 866 730 837
f 837 838 866
f 840 867 838
f 867 840 868
f 840 841 868
f 841 869 868
f 842 870 869
f 841 842 869
f 842 730 870
f 731 870 730
f 870 731 852
f 731 866 852
f 866 871 852
f 730 866 731
f 871 866 173
f 867 173 866
f 866 838 867
f 173 867 172
f 872 172 867
f 868 872 867
f 872 873 172
f 873 171 172
f 868 869 872
f 869 873 872
f 873 870 171
f 869 870 873
f 135 171 870
f 870 852 135
f 852 710 135
f 852 871 710
f 871 729 710
f 173 136 729
f 729 871 173
f 874 681 673
f 673 682 874
f 874 380 681
f 875 874 682
f 705 876 707
f 876 705 699
f 722 45 721
f 723 45 722
f 48 45 723
f 368 877 687
f 692 877 691
f 687 877 692
f 563 878 561
f 878 563 568
f 684 685 875
f 683 684 875
f 875 682 683
f 137 876 107
f 879 107 876
f 881 880 876
f 880 879 876
f 882 879 880
f 877 880 881
f 884 883 882
f 883 885 882
f 885 879 882
f 887 886 884
f 886 883 884
f 886 888 883
f 888 885 883
f 888 111 885
f 109 885 111
f 885 109 879
f 107 879 109
f 888 889 111
f 46 111 889
f 889 45 46
f 122 47 48
f 876 137 707
f 137 129 707
f 886 890 888
f 890 889 888
f 890 659 889
f 659 45 889
f 887 891 886
f 891 890 886
f 891 395 890
f 395 659 890
f 718 659 658
f 659 718 45
f 721 45 718
f 877 881 691
f 881 695 691
f 881 876 695
f 876 699 695
f 892 891 887
f 892 893 891
f 894 891 893
f 891 894 395
f 895 395 894
f 384 378 895
f 378 395 895
f 378 394 395
f 357 358 896
f 896 537 360
f 360 357 896
f 897 537 896
f 537 897 368
f 877 368 897
f 880 877 897
f 896 898 897
f 899 897 898
f 897 899 880
f 882 880 899
f 898 900 899
f 901 899 900
f 901 884 899
f 884 882 899
f 900 893 901
f 892 901 893
f 901 892 884
f 887 884 892
f 903 902 898
f 902 900 898
f 902 904 900
f 904 893 900
f 906 905 903
f 905 902 903
f 905 907 902
f 907 904 902
f 909 908 907
f 908 904 907
f 893 904 894
f 908 894 904
f 391 392 909
f 392 908 909
f 392 895 908
f 895 894 908
f 384 895 392
f 366 559 910
f 910 363 366
f 362 363 910
f 896 358 362
f 911 362 910
f 906 903 911
f 903 362 911
f 362 903 896
f 898 896 903
f 910 912 911
f 912 878 911
f 913 911 878
f 911 913 906
f 914 906 913
f 914 915 906
f 905 906 915
f 915 916 905
f 917 905 916
f 907 905 917
f 916 918 917
f 919 917 918
f 917 919 907
f 909 907 919
f 389 393 918
f 393 919 918
f 393 391 919
f 391 909 919
f 561 878 375
f 912 375 878
f 912 559 374
f 374 375 912
f 910 559 912
f 921 920 916
f 920 918 916
f 918 920 389
f 569 389 920
f 875 685 921
f 685 920 921
f 920 685 569
f 353 569 685
f 922 564 382
f 564 922 568
f 878 568 922
f 380 913 382
f 913 922 382
f 913 878 922
f 923 913 380
f 923 914 913
f 874 924 380
f 924 923 380
f 924 915 923
f 915 914 923
f 875 921 874
f 921 924 874
f 921 916 924
f 916 915 924
f 681 380 354
f 353 685 354
f 1812 1811 1810
f 1813 1812 1810
f 1814 1813 1810
f 1815 1814 1810
f 1811 1815 1810
f 1811 1817 1816
f 1811 1812 1817
f 1812 1818 1817
f 1818 1812 1819
f 1813 1819 1812
f 1819 1813 1820
f 1820 1813 1821
f 1814 1821 1813
f 1821 1814 1822
f 1815 1822 1814
f 1815 1823 1822
f 1815 1811 1823
f 1811 1824 1823
f 1811 1816 1824
f 1816 956 955
f 1816 1817 956
f 1817 957 956
f 1817 1818 957
f 957 1818 958
f 1819 958 1818
f 958 1819 959
f 1820 959 1819
f 959 1820 960
f 1820 1821 960
f 1821 961 960
f 1822 961 1821
f 961 1822 962
f 1822 1823 962
f 1823 963 962
f 1824 963 1823
f 963 1824 955
f 1816 955 1824
f 1796 1797 1795
f 1797 1798 1795
f 1798 1799 1795
f 1799 1800 1795
f 1800 1796 1795
f 1802 1796 1801
f 1797 1796 1802
f 1803 1797 1802
f 1797 1803 1804
f 1804 1798 1797
f 1798 1804 1805
f 1798 1805 1806
f 1806 1799 1798
f 1799 1806 1807
f 1807 1800 1799
f 1808 1800 1807
f 1796 1800 1808
f 1809 1796 1808
f 1801 1796 1809
f 2 1801 1
f 1802 1801 2
f 3 1802 2
f 1803 1802 3
f 1803 3 4
f 4 1804 1803
f 1804 4 5
f 5 1805 1804
f 1805 5 6
f 1806 1805 6
f 7 1806 6
f 7 1807 1806
f 1807 7 8
f 1808 1807 8
f 9 1808 8
f 9 1809 1808
f 1809 9 1
f 1 1801 1809

