# https://github.com/mikedh/trimesh

o m28.off
v 0.23956100 0.44263400 0.97500000
v 0.23952700 0.44263800 0.97500000
v 0.23949600 0.44265100 0.97500000
v 0.23947000 0.44267100 0.97500000
v 0.23945000 0.44269700 0.97500000
v 0.23943700 0.44272800 0.97500000
v 0.23943300 0.44276200 0.97500000
v 0.23943700 0.44279600 0.97500000
v 0.23945000 0.44282600 0.97500000
v 0.23947000 0.44285200 0.97500000
v 0.23949600 0.44287200 0.97500000
v 0.23952700 0.44288500 0.97500000
v 0.23956100 0.44289000 0.97500000
v 0.23959500 0.44288500 0.97500000
v 0.23962600 0.44287200 0.97500000
v 0.23965100 0.44285200 0.97500000
v 0.23967100 0.44282600 0.97500000
v 0.23968400 0.44279600 0.97500000
v 0.23968900 0.44276200 0.97500000
v 0.23968400 0.44272800 0.97500000
v 0.23967100 0.44269700 0.97500000
v 0.23965100 0.44267100 0.97500000
v 0.23962600 0.44265100 0.97500000
v 0.23959500 0.44263800 0.97500000
v 0.23970200 0.44233100 0.97436700
v 0.23963700 0.44278400 0.97436700
v 0.23957800 0.44405900 0.97436700
v 0.23952800 0.44603800 0.97436700
v 0.23949000 0.44859800 0.97436700
v 0.23946500 0.45161800 0.97436700
v 0.23945600 0.45497900 0.97436700
v 0.23946500 0.45833700 0.97436700
v 0.23948900 0.46135900 0.97436700
v 0.23952800 0.46391700 0.97436700
v 0.23957800 0.46589600 0.97436700
v 0.23963700 0.46717300 0.97436700
v 0.23970200 0.46762400 0.97436700
v 0.23976800 0.46717300 0.97436700
v 0.23982700 0.46589600 0.97436700
v 0.23987600 0.46391700 0.97436700
v 0.23991500 0.46135900 0.97436700
v 0.23994000 0.45833700 0.97436700
v 0.23994900 0.45497900 0.97436700
v 0.23994000 0.45161800 0.97436700
v 0.23991500 0.44859800 0.97436700
v 0.23987700 0.44603800 0.97436700
v 0.23982700 0.44405900 0.97436700
v 0.23976800 0.44278400 0.97436700
v 0.23971500 0.44201300 0.97373400
v 0.23936100 0.47043600 0.97373400
v 0.23946200 0.47304000 0.97373400
v 0.23958200 0.47471900 0.97373400
v 0.23971500 0.47531400 0.97373400
v 0.23984800 0.47471900 0.97373400
v 0.23996800 0.47304000 0.97373400
v 0.23984800 0.44260800 0.97373400
v 0.23972800 0.44185100 0.97309800
v 0.23952500 0.44253300 0.97309800
v 0.23918800 0.44743600 0.97309800
v 0.23896400 0.46090800 0.97309800
v 0.23934200 0.47736000 0.97309800
v 0.23952400 0.47928200 0.97309800
v 0.23972700 0.47996400 0.97309800
v 0.23993000 0.47928200 0.97309800
v 0.24011300 0.47736000 0.97309800
v 0.24026800 0.44743600 0.97309800
v 0.24011300 0.44445500 0.97309800
v 0.23993100 0.44253300 0.97309800
v 0.23983800 0.44441500 0.96533900
v 0.23864800 0.44530500 0.96533900
v 0.23757900 0.44781500 0.96533900
v 0.23667200 0.45170600 0.96533900
v 0.23667200 0.48688000 0.96533900
v 0.23757800 0.49077100 0.96533900
v 0.23864800 0.49328100 0.96533900
v 0.23983700 0.49417000 0.96533900
v 0.24102700 0.49328100 0.96533900
v 0.24209700 0.49077100 0.96533900
v 0.24300300 0.48688000 0.96533900
v 0.24370400 0.45674300 0.96533900
v 0.24300400 0.45170700 0.96533900
v 0.24209700 0.44781500 0.96533900
v 0.24102800 0.44530500 0.96533900
v 0.23988700 0.44889600 0.95757700
v 0.23765400 0.44986100 0.95757700
v 0.23564700 0.45258500 0.95757700
v 0.23394600 0.45680900 0.95757700
v 0.23178300 0.46872100 0.95757700
v 0.23178300 0.48306600 0.95757700
v 0.23263100 0.48951300 0.95757700
v 0.23394500 0.49497800 0.95757700
v 0.23564700 0.49920000 0.95757700
v 0.23765400 0.50192400 0.95757700
v 0.23988700 0.50289100 0.95757700
v 0.24211900 0.50192500 0.95757700
v 0.24412700 0.49920000 0.95757700
v 0.24714300 0.46227200 0.95757700
v 0.24582800 0.45680900 0.95757700
v 0.24412700 0.45258500 0.95757700
v 0.24212000 0.44986100 0.95757700
v 0.23680700 0.45357700 0.94981800
v 0.23402600 0.45644800 0.94981800
v 0.23166900 0.46090000 0.94981800
v 0.22984800 0.46666000 0.94981800
v 0.22867300 0.47345600 0.94981800
v 0.22867300 0.48857400 0.94981800
v 0.24813000 0.50113000 0.94981800
v 0.24995100 0.49537000 0.94981800
v 0.25154200 0.48101500 0.94981800
v 0.25112600 0.47345600 0.94981800
v 0.24995100 0.46666000 0.94981800
v 0.24817400 0.46097000 0.94964300
v 0.24580500 0.45651200 0.94964300
v 0.23396400 0.50583600 0.94947000
v 0.23677400 0.50871200 0.94947000
v 0.24302600 0.45369900 0.94946900
v 0.23990000 0.45304600 0.94835100
v 0.23990000 0.51053500 0.94835200
v 0.22890200 0.49737700 0.94646500
v 0.23089500 0.50325700 0.94646500
v 0.23347300 0.50780200 0.94646500
v 0.23651600 0.51073500 0.94646500
v 0.24328500 0.51073500 0.94646500
v 0.24632700 0.50780200 0.94646500
v 0.22516800 0.49566000 0.93476100
v 0.22670500 0.50288800 0.93476100
v 0.22908700 0.50901500 0.93476100
v 0.23217000 0.51374900 0.93476100
v 0.23580700 0.51680500 0.93476100
v 0.23985300 0.51788700 0.93476100
v 0.24389900 0.51680500 0.93476100
v 0.24753700 0.51375000 0.93476100
v 0.25062000 0.50901500 0.93476100
v 0.25300200 0.50288900 0.93476100
v 0.25453900 0.47957700 0.93476100
v 0.25300300 0.47234900 0.93476100
v 0.25062000 0.46622200 0.93476100
v 0.24753700 0.46148800 0.93476000
v 0.23119500 0.46501200 0.92305600
v 0.22775300 0.46988500 0.92305600
v 0.22509300 0.47618800 0.92305600
v 0.22337800 0.48362700 0.92305600
v 0.25360300 0.52023500 0.90878900
v 0.25668000 0.51362200 0.90878900
v 0.23427500 0.46644300 0.90622300
v 0.21928100 0.49826900 0.90622300
v 0.22001100 0.50703600 0.90622300
v 0.22207100 0.51492100 0.90622300
v 0.22526500 0.52160100 0.90622300
v 0.22939800 0.52676400 0.90622300
v 0.23427400 0.53009400 0.90622300
v 0.24999900 0.52676400 0.90622300
v 0.25938600 0.50703700 0.90622300
v 0.26011600 0.49827000 0.90622300
v 0.24512300 0.46644300 0.90622300
v 0.23971100 0.46613300 0.90365700
v 0.21908300 0.49064900 0.90365700
v 0.26033900 0.49064900 0.90365700
v 0.23971600 0.53327500 0.90311400
v 0.24554600 0.53246000 0.90257300
v 0.22851900 0.47131300 0.90202900
v 0.22402100 0.47658100 0.90202900
v 0.22054400 0.48339700 0.90202900
v 0.21830200 0.49144100 0.90202900
v 0.21750700 0.50038700 0.90202900
v 0.21830200 0.50933000 0.90202900
v 0.22054400 0.51737400 0.90202900
v 0.22402000 0.52419000 0.90202900
v 0.22851900 0.52945800 0.90202900
v 0.23382600 0.53285700 0.90203000
v 0.25094200 0.52945800 0.90203000
v 0.25544100 0.52419100 0.90203000
v 0.25891700 0.51737500 0.90202900
v 0.26115900 0.50933100 0.90202900
v 0.26195400 0.50038700 0.90202900
v 0.26116000 0.49144100 0.90202900
v 0.25891800 0.48339700 0.90202900
v 0.25544100 0.47658100 0.90202900
v 0.25094300 0.47131300 0.90202900
v 0.23306100 0.46927300 0.89839900
v 0.22693900 0.47276200 0.89839900
v 0.22175000 0.47817300 0.89839900
v 0.21774000 0.48517300 0.89839900
v 0.21515400 0.49343500 0.89839900
v 0.21423700 0.50262200 0.89839900
v 0.21515400 0.51180900 0.89840000
v 0.21774000 0.52007100 0.89840000
v 0.22175000 0.52707200 0.89840000
v 0.22693800 0.53248300 0.89840000
v 0.23306000 0.53597200 0.89840000
v 0.23987000 0.53720700 0.89840000
v 0.24667900 0.53597200 0.89840000
v 0.25280100 0.53248100 0.89840000
v 0.25799000 0.52707200 0.89840000
v 0.26200000 0.52007100 0.89840000
v 0.26458600 0.51181000 0.89840000
v 0.26550200 0.50262300 0.89840000
v 0.26458600 0.49343500 0.89839900
v 0.26200000 0.48517400 0.89839900
v 0.25799000 0.47817300 0.89839900
v 0.25280200 0.47276200 0.89839900
v 0.24668000 0.46927300 0.89839900
v 0.22317400 0.47428900 0.89477200
v 0.21631900 0.47992900 0.89477200
v 0.21102100 0.48722400 0.89477200
v 0.20760400 0.49583200 0.89477200
v 0.20639300 0.50540600 0.89477200
v 0.20760400 0.51498300 0.89477200
v 0.21102000 0.52359000 0.89477200
v 0.21631800 0.53088600 0.89477300
v 0.26419900 0.53088600 0.89477300
v 0.26949700 0.52359100 0.89477300
v 0.27291400 0.51498300 0.89477300
v 0.27412500 0.50540700 0.89477200
v 0.27291400 0.49583200 0.89477200
v 0.26949800 0.48722500 0.89477200
v 0.26420000 0.47992900 0.89477200
v 0.25734500 0.47429000 0.89477200
v 0.24925600 0.47065500 0.89477200
v 0.24036200 0.47063900 0.89114500
v 0.23038000 0.47200500 0.89114500
v 0.22140600 0.47585600 0.89114500
v 0.21380000 0.48182800 0.89114500
v 0.20792200 0.48955400 0.89114500
v 0.20413100 0.49866900 0.89114500
v 0.20278800 0.50881300 0.89114500
v 0.20413100 0.51895300 0.89114500
v 0.20792200 0.52806900 0.89114500
v 0.21380000 0.53579500 0.89114500
v 0.22140500 0.54176700 0.89114600
v 0.23037900 0.54561800 0.89114600
v 0.24036100 0.54698400 0.89114600
v 0.25034300 0.54561800 0.89114600
v 0.25931700 0.54176800 0.89114600
v 0.26692300 0.53579500 0.89114600
v 0.27280100 0.52806900 0.89114600
v 0.27659100 0.51895400 0.89114500
v 0.27793500 0.50881300 0.89114500
v 0.27659100 0.49867000 0.89114500
v 0.27280100 0.48955500 0.89114500
v 0.26692300 0.48182900 0.89114500
v 0.25931700 0.47585600 0.89114500
v 0.25034400 0.47200600 0.89114500
v 0.18845600 0.53983500 0.86504600
v 0.19368800 0.53983500 0.87438000
v 0.19368800 0.54871200 0.86793000
v 0.19368800 0.54532100 0.85749500
v 0.19368800 0.53435000 0.85749500
v 0.19368800 0.53096100 0.86793000
v 0.20215300 0.54532100 0.87259500
v 0.20215300 0.54871200 0.86216300
v 0.20215300 0.53983500 0.85571300
v 0.20215300 0.53096100 0.86216300
v 0.20215300 0.53435000 0.87259500
v 0.20738500 0.53983500 0.86504600
v 0.18881600 0.53983500 0.86789700
v 0.18987000 0.53983500 0.87053200
v 0.19153600 0.53983500 0.87274900
v 0.18881600 0.54254700 0.86592800
v 0.18987000 0.54505200 0.86674100
v 0.19153600 0.54716100 0.86742500
v 0.18881600 0.54151200 0.86273900
v 0.18987000 0.54306000 0.86060900
v 0.19153600 0.54436200 0.85881500
v 0.18881600 0.53815900 0.86273900
v 0.18987000 0.53661100 0.86060900
v 0.19153600 0.53530800 0.85881500
v 0.18881600 0.53712300 0.86592800
v 0.18987000 0.53461900 0.86674100
v 0.19153600 0.53250900 0.86742500
v 0.19313400 0.54254700 0.87362800
v 0.19294500 0.54505200 0.87222600
v 0.19313400 0.54716100 0.87027800
v 0.19313400 0.54883800 0.86512100
v 0.19294500 0.54827600 0.86230300
v 0.19313400 0.54707400 0.85969700
v 0.19313400 0.54268800 0.85650800
v 0.19294500 0.53983500 0.85616900
v 0.19313400 0.53698500 0.85650800
v 0.19313400 0.53259600 0.85969700
v 0.19294500 0.53139400 0.86230300
v 0.19313400 0.53083500 0.86512100
v 0.19313400 0.53250900 0.87027800
v 0.19294500 0.53461900 0.87222600
v 0.19313400 0.53712300 0.87362800
v 0.19572000 0.54151200 0.87505600
v 0.19792000 0.54306000 0.87496900
v 0.20012000 0.54436200 0.87412800
v 0.19572000 0.54987300 0.86654600
v 0.19792000 0.55027100 0.86504600
v 0.20012100 0.54987300 0.86354700
v 0.19572000 0.54436200 0.85596400
v 0.19792000 0.54306000 0.85512400
v 0.20012100 0.54151200 0.85503600
v 0.19572000 0.53259600 0.85793300
v 0.19792000 0.53139400 0.85891200
v 0.20012100 0.53083500 0.86036000
v 0.19572000 0.53083500 0.86973200
v 0.19792000 0.53139400 0.87118000
v 0.20012100 0.53259600 0.87216000
v 0.19572000 0.53815900 0.87505600
v 0.19792000 0.53661100 0.87496900
v 0.20012100 0.53530800 0.87412800
v 0.19572000 0.54883800 0.86973200
v 0.19792000 0.54827600 0.87118000
v 0.20012000 0.54707400 0.87216000
v 0.19572000 0.54707400 0.85793300
v 0.19792000 0.54827600 0.85891200
v 0.20012100 0.54883800 0.86036000
v 0.19572000 0.53530800 0.85596400
v 0.19792000 0.53661100 0.85512400
v 0.20012100 0.53815900 0.85503600
v 0.19572000 0.52980000 0.86654600
v 0.19792000 0.52940200 0.86504600
v 0.20012100 0.52980000 0.86354700
v 0.20270700 0.54707400 0.87039600
v 0.20289600 0.54827600 0.86778900
v 0.20270700 0.54883800 0.86497200
v 0.20270700 0.54716100 0.85981400
v 0.20289600 0.54505200 0.85786600
v 0.20270700 0.54254700 0.85646200
v 0.20270700 0.53712300 0.85646200
v 0.20289600 0.53461900 0.85786600
v 0.20270700 0.53250900 0.85981400
v 0.20270700 0.53083500 0.86497200
v 0.20289600 0.53139400 0.86778900
v 0.20270700 0.53259600 0.87039600
v 0.20270700 0.53698500 0.87358500
v 0.20289600 0.53983500 0.87392300
v 0.20270700 0.54268800 0.87358500
v 0.20702500 0.54151200 0.86735300
v 0.20597100 0.54306000 0.86948300
v 0.20430500 0.54436200 0.87127800
v 0.20702500 0.54254700 0.86416400
v 0.20597100 0.54505200 0.86335200
v 0.20430500 0.54716100 0.86266500
v 0.20702500 0.53983500 0.86219600
v 0.20597100 0.53983500 0.85956100
v 0.20430500 0.53983500 0.85734300
v 0.20702500 0.53712300 0.86416400
v 0.20597100 0.53461900 0.86335200
v 0.20430500 0.53250900 0.86266500
v 0.20702500 0.53815900 0.86735300
v 0.20597100 0.53661100 0.86948300
v 0.20430500 0.53530800 0.87127800
v 0.18945500 0.54257800 0.86882200
v 0.19091300 0.54259900 0.87149300
v 0.19091300 0.54511300 0.86966600
v 0.18945500 0.54427300 0.86360300
v 0.19091300 0.54682100 0.86441300
v 0.19091300 0.54585900 0.86145200
v 0.18945500 0.53983500 0.86038100
v 0.19091300 0.54139100 0.85820700
v 0.19091300 0.53827900 0.85820700
v 0.18945500 0.53539800 0.86360300
v 0.19091300 0.53381100 0.86145200
v 0.19091300 0.53285000 0.86441300
v 0.18945500 0.53709300 0.86882200
v 0.19091300 0.53455700 0.86966600
v 0.19091300 0.53707500 0.87149300
v 0.19792000 0.53983500 0.87548200
v 0.20033500 0.53827900 0.87501500
v 0.20033500 0.54139100 0.87501500
v 0.19792000 0.54976100 0.86827100
v 0.20033500 0.54883500 0.86960700
v 0.20033500 0.54979700 0.86664800
v 0.19792000 0.54596900 0.85660500
v 0.20033500 0.54695400 0.85789400
v 0.20033500 0.54443700 0.85606700
v 0.19792000 0.53370400 0.85660500
v 0.20033500 0.53523400 0.85606700
v 0.20033500 0.53271900 0.85789400
v 0.19792000 0.52991300 0.86827100
v 0.20033500 0.52987400 0.86664800
v 0.20033500 0.53083500 0.86960700
v 0.19792000 0.54596900 0.87348700
v 0.19550600 0.54695400 0.87219600
v 0.19550600 0.54443700 0.87402600
v 0.19792000 0.54976100 0.86182200
v 0.19550600 0.54883500 0.86048600
v 0.19550600 0.54979700 0.86344400
v 0.19792000 0.53983500 0.85461100
v 0.19550600 0.53827900 0.85507700
v 0.19550600 0.54139100 0.85507700
v 0.19792000 0.52991300 0.86182200
v 0.19550600 0.52987400 0.86344400
v 0.19550600 0.53083500 0.86048600
v 0.19792000 0.53370400 0.87348700
v 0.19550600 0.53523400 0.87402600
v 0.19550600 0.53271900 0.87219600
v 0.20638600 0.54427300 0.86648700
v 0.20492800 0.54682100 0.86567900
v 0.20492800 0.54585900 0.86863800
v 0.20638600 0.54257800 0.86127000
v 0.20492800 0.54259900 0.85859900
v 0.20492800 0.54511300 0.86042700
v 0.20638600 0.53709300 0.86127000
v 0.20492800 0.53455700 0.86042700
v 0.20492800 0.53707500 0.85859900
v 0.20638600 0.53539800 0.86648700
v 0.20492800 0.53381100 0.86863800
v 0.20492800 0.53285000 0.86567900
v 0.20638600 0.53983500 0.86971200
v 0.20492800 0.54139100 0.87188500
v 0.20492800 0.53827900 0.87188500
v 0.27231900 0.53983500 0.86504600
v 0.27755000 0.53983500 0.87437900
v 0.27755000 0.54871200 0.86793000
v 0.27755000 0.54532100 0.85749400
v 0.27755000 0.53434900 0.85749400
v 0.27755000 0.53096100 0.86793000
v 0.28601500 0.54532100 0.87259500
v 0.28601500 0.54871200 0.86216200
v 0.28601500 0.53983500 0.85571300
v 0.28601500 0.53096100 0.86216200
v 0.28601500 0.53434900 0.87259500
v 0.29124700 0.53983500 0.86504600
v 0.27267900 0.53983500 0.86789600
v 0.27373200 0.53983500 0.87053200
v 0.27539800 0.53983500 0.87274900
v 0.27267900 0.54254700 0.86592800
v 0.27373200 0.54505200 0.86674000
v 0.27539800 0.54716100 0.86742500
v 0.27267900 0.54151200 0.86273900
v 0.27373200 0.54306000 0.86060900
v 0.27539800 0.54436200 0.85881400
v 0.27267900 0.53815900 0.86273900
v 0.27373200 0.53661000 0.86060900
v 0.27539800 0.53530800 0.85881400
v 0.27267900 0.53712300 0.86592800
v 0.27373200 0.53461900 0.86674000
v 0.27539800 0.53250900 0.86742500
v 0.27699700 0.54254700 0.87362800
v 0.27680700 0.54505200 0.87222600
v 0.27699700 0.54716100 0.87027800
v 0.27699700 0.54883800 0.86512000
v 0.27680700 0.54827600 0.86230300
v 0.27699700 0.54707400 0.85969600
v 0.27699700 0.54268800 0.85650700
v 0.27680700 0.53983500 0.85616900
v 0.27699700 0.53698500 0.85650700
v 0.27699700 0.53259600 0.85969600
v 0.27680700 0.53139400 0.86230300
v 0.27699700 0.53083500 0.86512000
v 0.27699700 0.53250900 0.87027800
v 0.27680700 0.53461900 0.87222600
v 0.27699700 0.53712300 0.87362800
v 0.27958300 0.54151200 0.87505600
v 0.28178300 0.54306000 0.87496900
v 0.28398300 0.54436200 0.87412800
v 0.27958300 0.54987300 0.86654600
v 0.28178300 0.55027100 0.86504600
v 0.28398300 0.54987300 0.86354600
v 0.27958300 0.54436200 0.85596400
v 0.28178300 0.54306000 0.85512300
v 0.28398300 0.54151200 0.85503600
v 0.27958300 0.53259600 0.85793300
v 0.28178300 0.53139400 0.85891200
v 0.28398300 0.53083500 0.86036000
v 0.27958300 0.53083500 0.86973200
v 0.28178300 0.53139400 0.87118000
v 0.28398300 0.53259600 0.87215900
v 0.27958300 0.53815900 0.87505600
v 0.28178300 0.53661000 0.87496900
v 0.28398300 0.53530800 0.87412800
v 0.27958300 0.54883800 0.86973200
v 0.28178300 0.54827600 0.87118000
v 0.28398300 0.54707400 0.87215900
v 0.27958300 0.54707400 0.85793300
v 0.28178300 0.54827600 0.85891200
v 0.28398300 0.54883800 0.86036000
v 0.27958300 0.53530800 0.85596400
v 0.28178300 0.53661000 0.85512300
v 0.28398300 0.53815900 0.85503600
v 0.27958300 0.52979900 0.86654600
v 0.28178300 0.52940200 0.86504600
v 0.28398300 0.52979900 0.86354600
v 0.28656900 0.54707400 0.87039600
v 0.28675900 0.54827600 0.86778900
v 0.28656900 0.54883800 0.86497200
v 0.28656900 0.54716100 0.85981400
v 0.28675900 0.54505200 0.85786600
v 0.28656900 0.54254700 0.85646100
v 0.28656900 0.53712300 0.85646100
v 0.28675900 0.53461900 0.85786600
v 0.28656900 0.53250900 0.85981400
v 0.28656900 0.53083500 0.86497200
v 0.28675900 0.53139400 0.86778900
v 0.28656900 0.53259600 0.87039600
v 0.28656900 0.53698500 0.87358500
v 0.28675900 0.53983500 0.87392300
v 0.28656900 0.54268800 0.87358500
v 0.29088700 0.54151200 0.86735300
v 0.28983400 0.54306000 0.86948300
v 0.28816800 0.54436200 0.87127800
v 0.29088700 0.54254700 0.86416400
v 0.28983400 0.54505200 0.86335200
v 0.28816800 0.54716100 0.86266500
v 0.29088700 0.53983500 0.86219600
v 0.28983400 0.53983500 0.85956000
v 0.28816800 0.53983500 0.85734300
v 0.29088700 0.53712300 0.86416400
v 0.28983400 0.53461900 0.86335200
v 0.28816800 0.53250900 0.86266500
v 0.29088700 0.53815900 0.86735300
v 0.28983400 0.53661000 0.86948300
v 0.28816800 0.53530800 0.87127800
v 0.27331800 0.54257800 0.86882200
v 0.27477600 0.54259800 0.87149300
v 0.27477600 0.54511300 0.86966500
v 0.27331800 0.54427200 0.86360300
v 0.27477600 0.54682000 0.86441300
v 0.27477600 0.54585900 0.86145200
v 0.27331800 0.53983500 0.86038100
v 0.27477600 0.54139100 0.85820700
v 0.27477600 0.53827900 0.85820700
v 0.27331800 0.53539800 0.86360300
v 0.27477600 0.53381100 0.86145200
v 0.27477600 0.53285000 0.86441300
v 0.27331800 0.53709200 0.86882200
v 0.27477600 0.53455700 0.86966500
v 0.27477600 0.53707400 0.87149300
v 0.28178300 0.53983500 0.87548100
v 0.28419800 0.53827900 0.87501500
v 0.28419800 0.54139100 0.87501500
v 0.28178300 0.54976000 0.86827100
v 0.28419800 0.54883500 0.86960600
v 0.28419800 0.54979600 0.86664800
v 0.28178300 0.54596900 0.85660500
v 0.28419800 0.54695400 0.85789400
v 0.28419800 0.54443600 0.85606700
v 0.28178300 0.53370400 0.85660500
v 0.28419800 0.53523400 0.85606700
v 0.28419800 0.53271900 0.85789400
v 0.28178300 0.52991200 0.86827100
v 0.28419800 0.52987400 0.86664800
v 0.28419800 0.53083500 0.86960600
v 0.28178300 0.54596900 0.87348700
v 0.27936800 0.54695400 0.87219500
v 0.27936800 0.54443600 0.87402600
v 0.28178300 0.54976000 0.86182100
v 0.27936800 0.54883500 0.86048600
v 0.27936800 0.54979600 0.86344400
v 0.28178300 0.53983500 0.85461100
v 0.27936800 0.53827900 0.85507700
v 0.27936800 0.54139100 0.85507700
v 0.28178300 0.52991200 0.86182100
v 0.27936800 0.52987400 0.86344400
v 0.27936800 0.53083500 0.86048600
v 0.28178300 0.53370400 0.87348700
v 0.27936800 0.53523400 0.87402600
v 0.27936800 0.53271900 0.87219500
v 0.29024800 0.54427200 0.86648700
v 0.28879000 0.54682000 0.86567900
v 0.28879000 0.54585900 0.86863700
v 0.29024800 0.54257800 0.86127000
v 0.28879000 0.54259800 0.85859900
v 0.28879000 0.54511300 0.86042700
v 0.29024800 0.53709200 0.86127000
v 0.28879000 0.53455700 0.86042700
v 0.28879000 0.53707400 0.85859900
v 0.29024800 0.53539800 0.86648700
v 0.28879000 0.53381100 0.86863700
v 0.28879000 0.53285000 0.86567900
v 0.29024800 0.53983500 0.86971100
v 0.28879000 0.54139100 0.87188500
v 0.28879000 0.53827900 0.87188500
v 0.16154600 0.11431700 0.49624700
v 0.16080500 0.11236800 0.50090700
v 0.15872200 0.10677700 0.50423100
v 0.15875800 0.10080800 0.51653000
v 0.16034200 0.10710800 0.51084400
v 0.15995700 0.10907200 0.50672300
v 0.16116800 0.09837630 0.52045500
v 0.16145400 0.09611220 0.52586400
v 0.16338000 0.10199800 0.52033700
v 0.16306000 0.10459000 0.51473900
v 0.16026300 0.09331110 0.53323300
v 0.16122800 0.09542810 0.53379800
v 0.16225800 0.09917030 0.52769800
v 0.15895700 0.08743270 0.54087200
v 0.15983600 0.08957250 0.54143200
v 0.15646600 0.07805900 0.55499800
v 0.15655100 0.07732000 0.56174000
v 0.15774700 0.08105230 0.55511600
v 0.15765800 0.08183350 0.55321100
v 0.15402600 0.07007280 0.56966500
v 0.15525100 0.07373380 0.56952100
v 0.15336100 0.06900440 0.58123500
v 0.14983100 0.06201520 0.59300800
v 0.14999500 0.06532080 0.59589400
v 0.15155600 0.06589760 0.59317100
v 0.14655400 0.06197860 0.59486700
v 0.14656500 0.05916220 0.60207200
v 0.15145100 0.06438380 0.60056400
v 0.15170700 0.06487130 0.59895600
v 0.14807700 0.06459150 0.59737600
v 0.14538000 0.05947340 0.60352900
v 0.15084800 0.06444340 0.60304200
v 0.15116500 0.06411320 0.60210400
v 0.14363500 0.06259590 0.60644200
v 0.14227100 0.06325300 0.60741900
v 0.15071600 0.06521110 0.60482300
v 0.15083300 0.06464780 0.60418100
v 0.14822200 0.06773420 0.60618100
v 0.15307000 0.06678110 0.60600900
v 0.15074200 0.06570780 0.60572400
v 0.14217600 0.06398740 0.60771300
v 0.14254900 0.06670920 0.60730200
v 0.14251600 0.06894750 0.60821300
v 0.15058900 0.07074090 0.60799300
v 0.14816500 0.07001890 0.60694800
v 0.14713300 0.07144980 0.61073800
v 0.15238900 0.07156650 0.61006700
v 0.15001700 0.07106800 0.60866600
v 0.14165000 0.07220840 0.61482400
v 0.14891200 0.07219280 0.61525200
v 0.14670200 0.07175890 0.61383900
v 0.14050500 0.07027700 0.61469800
v 0.13927400 0.06998000 0.61603600
v 0.14058500 0.07148070 0.61721500
v 0.14035000 0.07253900 0.61536200
v 0.13980700 0.06974410 0.61732700
v 0.13951000 0.06823990 0.62054900
v 0.14113200 0.06980360 0.62117100
v 0.14141300 0.06967530 0.62085000
v 0.14130700 0.07111770 0.61849300
v 0.13908600 0.06737720 0.62309800
v 0.13908500 0.06721170 0.62523100
v 0.14037800 0.06842700 0.62516800
v 0.13881200 0.06646380 0.62673500
v 0.14021700 0.06691380 0.62802200
v 0.14015700 0.06763920 0.62668300
v 0.13927500 0.06535770 0.62857900
v 0.14016100 0.06498810 0.63159600
v 0.14053900 0.06589530 0.62987900
v 0.13792100 0.05996560 0.63675000
v 0.14011000 0.06134870 0.63655600
v 0.13962200 0.06245340 0.63522600
v 0.13689800 0.05876020 0.63835800
v 0.13651300 0.05743390 0.64031400
v 0.13800300 0.05814860 0.64066600
v 0.13828300 0.05918210 0.63942700
v 0.13690900 0.05615060 0.64185500
v 0.13854700 0.05575340 0.64317300
v 0.13845600 0.05681460 0.64218500
v 0.13672700 0.05500700 0.64286400
v 0.13641200 0.05330300 0.64379500
v 0.13795400 0.05359660 0.64476000
v 0.13833000 0.05462150 0.64422000
v 0.13575300 0.05214040 0.64425500
v 0.13491400 0.04888670 0.64555200
v 0.13627400 0.05157340 0.64594300
v 0.13695100 0.05253720 0.64535400
v 0.13495400 0.04753300 0.64585100
v 0.13653200 0.04849480 0.64595800
v 0.13600600 0.05031130 0.64633800
v 0.13482300 0.04497940 0.64586100
v 0.13570000 0.04388430 0.64618700
v 0.13640100 0.04594100 0.64596800
v 0.13482500 0.04331390 0.64523700
v 0.13635300 0.04138440 0.64463600
v 0.13570100 0.04221870 0.64556400
v 0.13487600 0.04311620 0.64479200
v 0.13646400 0.04083530 0.64362500
v 0.13513200 0.04457290 0.64346700
v 0.13682200 0.04293320 0.64179500
v 0.13601100 0.04590940 0.64267500
v 0.13855200 0.04664800 0.63977600
v 0.13669400 0.05081400 0.64042800
v 0.13873400 0.04960320 0.63801200
v 0.13631200 0.05237190 0.63930900
v 0.13656200 0.05408890 0.63839900
v 0.13840000 0.05239800 0.63598500
v 0.13819500 0.05117060 0.63678500
v 0.13742500 0.05527400 0.63739000
v 0.13796900 0.05655990 0.63546000
v 0.13966700 0.05443650 0.63415500
v 0.13933400 0.05359460 0.63500700
v 0.13858400 0.05853100 0.63243700
v 0.14007900 0.05566140 0.63216900
v 0.13988600 0.05521390 0.63308200
v 0.13919200 0.06081560 0.62718000
v 0.13919100 0.06092780 0.62506500
v 0.14052900 0.05618610 0.62708300
v 0.14058300 0.05625450 0.62837400
v 0.13888300 0.06095080 0.62340200
v 0.13894300 0.06238950 0.62019400
v 0.13954300 0.05650590 0.62392300
v 0.13988700 0.05615950 0.62544300
v 0.13934400 0.06217910 0.61869700
v 0.14011900 0.05908550 0.61605100
v 0.14012700 0.05506950 0.62126300
v 0.13960800 0.05625550 0.62243600
v 0.14022900 0.05818060 0.61375000
v 0.14159400 0.05742820 0.61286100
v 0.14194800 0.05373780 0.61734800
v 0.14051300 0.05416490 0.61898500
v 0.14650000 0.05604850 0.61317000
v 0.14885100 0.05394930 0.61122700
v 0.15023300 0.05250730 0.61690700
v 0.14985900 0.05240330 0.61776700
v 0.14746700 0.05307020 0.61757700
v 0.14812500 0.05263930 0.61148200
v 0.14974200 0.04830610 0.61535200
v 0.15247800 0.04858350 0.61855300
v 0.15296000 0.05147150 0.61759300
v 0.15086400 0.05198200 0.61652100
v 0.15156700 0.04018420 0.62358600
v 0.14872800 0.03834590 0.62141100
v 0.14885100 0.03588980 0.62478200
v 0.15073000 0.03812000 0.62567200
v 0.15015700 0.03482310 0.62620100
v 0.15044800 0.03332700 0.62841000
v 0.15226800 0.03609660 0.62873500
v 0.15295200 0.03680830 0.62786100
v 0.15202700 0.03706690 0.62707900
v 0.14968000 0.03231740 0.63446500
v 0.14990400 0.03230970 0.63671100
v 0.15097700 0.03426270 0.63596600
v 0.14999400 0.03183220 0.64772400
v 0.15023600 0.03281290 0.64887800
v 0.15066600 0.03311880 0.64613100
v 0.14989400 0.03231680 0.65118100
v 0.15003800 0.03258910 0.65023600
v 0.14970700 0.03128770 0.64961400
v 0.14977300 0.03157590 0.65178700
v 0.14980500 0.03199640 0.65171200
v 0.14973300 0.03076700 0.64923100
v 0.14986900 0.03044320 0.65066800
v 0.14979900 0.03105490 0.65140500
v 0.14998400 0.02973990 0.64957700
v 0.15003200 0.02930130 0.64651400
v 0.15056800 0.02751130 0.64479200
v 0.15031900 0.02824450 0.64659300
v 0.14953900 0.02785220 0.63776700
v 0.14931000 0.02793300 0.63549100
v 0.15031900 0.02579970 0.63838100
v 0.15109600 0.02524610 0.63190800
v 0.15082100 0.02523600 0.63401400
v 0.15002900 0.02788310 0.62879700
v 0.15155700 0.02598080 0.62791400
v 0.15126500 0.02549440 0.62986000
v 0.15041900 0.02859610 0.62694500
v 0.15015500 0.03013770 0.62476300
v 0.15225200 0.02764140 0.62419900
v 0.14892400 0.03136360 0.62264700
v 0.14877500 0.03396110 0.61938300
v 0.15123100 0.02896630 0.62215800
v 0.15396800 0.04348900 0.60265800
v 0.15296300 0.03940210 0.60827000
v 0.14991600 0.04063100 0.61083700
v 0.14974500 0.04399950 0.60879000
v 0.14896800 0.04851790 0.60468600
v 0.14671500 0.05025320 0.60153700
v 0.14777400 0.05258640 0.59405800
v 0.15192500 0.04683970 0.59664800
v 0.15193600 0.04531070 0.59958900
v 0.15162200 0.05109490 0.58858600
v 0.15344100 0.04944670 0.59113300
v 0.15426900 0.04826010 0.59384800
v 0.14986300 0.05383750 0.59131900
v 0.15086500 0.05788570 0.58491700
v 0.15223200 0.05499860 0.58221100
v 0.15767200 0.07858640 0.54355800
v 0.15778300 0.08082690 0.53816700
v 0.15839200 0.07405380 0.53592100
v 0.15630300 0.06472950 0.55863000
v 0.15959800 0.09865290 0.49573900
v 0.16159500 0.09590870 0.48909700
v 0.16008000 0.08597110 0.50581800
v 0.16296000 0.10911400 0.48405500
v 0.16259600 0.10369100 0.48469500
v 0.16249300 0.11397000 0.48923800
v 0.16223400 0.11480100 0.49142500
v 0.16238100 0.11448600 0.49024200
v 0.16003100 0.11013000 0.49682400
v 0.16182300 0.11475400 0.49439300
v 0.16205300 0.11491500 0.49278600
v 0.16778600 0.11478400 0.49703200
v 0.16463100 0.11406400 0.49671700
v 0.16699500 0.11271500 0.50201900
v 0.16389000 0.11211400 0.50137700
v 0.16353700 0.10684300 0.51130900
v 0.16588000 0.10693700 0.51274600
v 0.16293200 0.10883000 0.50719800
v 0.16489200 0.10216500 0.52327200
v 0.16645600 0.10265600 0.52338800
v 0.16682800 0.10491600 0.51913000
v 0.16449900 0.10479200 0.51768500
v 0.16912200 0.09545610 0.53423800
v 0.16407800 0.09910750 0.52802000
v 0.16129000 0.08731900 0.54626300
v 0.16225600 0.09208870 0.53875200
v 0.15845400 0.07858950 0.56130800
v 0.16331100 0.08258560 0.55468000
v 0.15986900 0.08222030 0.55468400
v 0.15729700 0.07511100 0.56847300
v 0.15464300 0.06839410 0.58521700
v 0.15700400 0.06466670 0.59731900
v 0.15338300 0.06577230 0.59344600
v 0.14702500 0.07070900 0.61870200
v 0.15056200 0.07141010 0.61806400
v 0.14396700 0.07218450 0.61589800
v 0.14431100 0.06570530 0.62460500
v 0.14652100 0.06552530 0.62494300
v 0.14667600 0.06681920 0.62318100
v 0.14384500 0.06739100 0.62227100
v 0.14359800 0.06592610 0.62573800
v 0.14686200 0.06551200 0.62658500
v 0.14640400 0.06540430 0.62573500
v 0.14420400 0.06563690 0.62536300
v 0.14575900 0.06386600 0.62986700
v 0.14287300 0.06242750 0.63297900
v 0.14370800 0.06124140 0.63426900
v 0.14627000 0.06150810 0.63388900
v 0.14603200 0.06289460 0.63163800
v 0.14340800 0.06335130 0.63130700
v 0.14229000 0.05874990 0.63768400
v 0.14487900 0.05819320 0.63826200
v 0.14331700 0.05959970 0.63638100
v 0.14148100 0.05687830 0.63985000
v 0.14465700 0.05655910 0.64029200
v 0.14429200 0.05732930 0.63915400
v 0.14170100 0.05790460 0.63859000
v 0.14182700 0.05485580 0.64166800
v 0.14486800 0.05460540 0.64213200
v 0.14491500 0.05565560 0.64116500
v 0.14129700 0.05297560 0.64278700
v 0.14447500 0.05271410 0.64327200
v 0.14170800 0.05398860 0.64221000
v 0.13984900 0.05122930 0.64344500
v 0.14032500 0.04932590 0.64340100
v 0.14427000 0.05086540 0.64411900
v 0.14395900 0.05174550 0.64361000
v 0.14078000 0.05200710 0.64312500
v 0.13950200 0.04384870 0.64310700
v 0.14013000 0.04284260 0.64253600
v 0.14344300 0.04289340 0.64301900
v 0.14350300 0.04529920 0.64350000
v 0.14018200 0.04575070 0.64320900
v 0.14018100 0.04101470 0.64141400
v 0.14023700 0.04065170 0.64085900
v 0.14351900 0.04026540 0.64147400
v 0.14400000 0.04029530 0.64227400
v 0.14343900 0.04082150 0.64225400
v 0.14038800 0.04152620 0.64002400
v 0.14319400 0.04117640 0.64016500
v 0.14360100 0.04061190 0.64103500
v 0.14478900 0.04500150 0.63890900
v 0.14507000 0.04825570 0.63730200
v 0.14491200 0.04625980 0.63848200
v 0.14199000 0.04711310 0.63762600
v 0.14179000 0.05098200 0.63540700
v 0.14479400 0.04949220 0.63670800
v 0.14161500 0.04975370 0.63622300
v 0.14276300 0.05275670 0.63409100
v 0.14550700 0.05164280 0.63538000
v 0.14232800 0.05190430 0.63489600
v 0.14302500 0.05371300 0.63253900
v 0.14606700 0.05346250 0.63300200
v 0.14591700 0.05302510 0.63393000
v 0.14287500 0.05327530 0.63346700
v 0.14329300 0.05392190 0.63067100
v 0.14633500 0.05367140 0.63113400
v 0.14653500 0.05337460 0.62855200
v 0.14235900 0.05354250 0.62595800
v 0.14308800 0.05261530 0.62462000
v 0.14634100 0.05233270 0.62547100
v 0.14623800 0.05302040 0.62749300
v 0.14304800 0.05348680 0.62727600
v 0.14473000 0.05029620 0.62041500
v 0.14764600 0.05021090 0.62055700
v 0.14662200 0.05062430 0.62280100
v 0.14333000 0.05070350 0.62208900
v 0.15081800 0.03191670 0.63916100
v 0.15076900 0.03220560 0.64360600
v 0.15151600 0.03345250 0.64203200
v 0.15217800 0.03382780 0.63921900
v 0.15191800 0.03385270 0.63843100
v 0.15041300 0.02858760 0.64455200
v 0.15052800 0.02828100 0.64011600
v 0.15120500 0.02619290 0.64074900
v 0.15097000 0.02680310 0.64282700
v 0.15358400 0.05239880 0.58553400
v 0.15833400 0.06415070 0.55695200
v 0.16061000 0.07339880 0.53425000
v 0.16148400 0.06442950 0.55449500
v 0.16478800 0.09578320 0.48964600
v 0.16775700 0.09514170 0.48917200
v 0.16603000 0.08711420 0.50125700
v 0.16305600 0.08558870 0.50621000
v 0.16609500 0.10882000 0.48466200
v 0.16912100 0.10959500 0.48405000
v 0.17014400 0.10776900 0.48287800
v 0.16875400 0.10314100 0.48454600
v 0.16570700 0.10341600 0.48523600
v 0.16557700 0.11371900 0.48970400
v 0.16531900 0.11454700 0.49189500
v 0.16850800 0.11529100 0.49196900
v 0.16867700 0.11492900 0.49060900
v 0.16546600 0.11423200 0.49071200
v 0.16490800 0.11450000 0.49486300
v 0.16806300 0.11522100 0.49517900
v 0.16832700 0.11540600 0.49333100
v 0.16513700 0.11466100 0.49325600
v 0.17368500 0.11610000 0.50061100
v 0.17412600 0.11713400 0.49778800
v 0.17097000 0.11641400 0.49747200
v 0.17317000 0.11458300 0.50384200
v 0.17005200 0.11401600 0.50321000
v 0.16879000 0.10767400 0.51484600
v 0.17115100 0.10728900 0.51640200
v 0.17010300 0.10239000 0.52395700
v 0.17103600 0.10429200 0.52093600
v 0.16864500 0.10480700 0.51942300
v 0.15042600 0.06899470 0.62219500
v 0.15394000 0.06986120 0.62244900
v 0.15966800 0.07062310 0.62142200
v 0.15418400 0.07083830 0.61983200
v 0.15064200 0.07000430 0.62041900
v 0.14947900 0.06588840 0.62935400
v 0.15414100 0.06778950 0.62804900
v 0.15325400 0.06842300 0.62652200
v 0.15025600 0.06724560 0.62714700
v 0.14747000 0.05803430 0.64097300
v 0.15166000 0.06048320 0.63918800
v 0.15079500 0.05621150 0.64491800
v 0.14772700 0.05604350 0.64358500
v 0.15020700 0.05271550 0.64798500
v 0.15037100 0.05387220 0.64716700
v 0.14747700 0.05386230 0.64558600
v 0.14719000 0.05070480 0.64764500
v 0.14977000 0.05032870 0.64912000
v 0.14965300 0.04900330 0.64947300
v 0.14707900 0.04941460 0.64798700
v 0.14933700 0.04091890 0.64893100
v 0.14633200 0.04387030 0.64716000
v 0.14679900 0.04006030 0.64655100
v 0.14936400 0.03980500 0.64819200
v 0.14641000 0.04001970 0.64514000
v 0.14951200 0.03974380 0.64720700
v 0.14943500 0.03963050 0.64771400
v 0.14683100 0.03983970 0.64613900
v 0.15024700 0.04118310 0.64593100
v 0.14966000 0.04016080 0.64657000
v 0.14652700 0.04044570 0.64454700
v 0.14776100 0.04685710 0.64059200
v 0.15134200 0.05197950 0.63837600
v 0.14801200 0.05036830 0.63830100
v 0.14884600 0.05368750 0.63556600
v 0.15190100 0.05422510 0.63619500
v 0.14918200 0.05490710 0.63355200
v 0.15228200 0.05556420 0.63394200
v 0.15209200 0.05500130 0.63510300
v 0.14903400 0.05446600 0.63448000
v 0.15287100 0.05631850 0.62990100
v 0.14973900 0.05549860 0.62976700
v 0.15015300 0.05447030 0.62298900
v 0.15318800 0.05561880 0.62261400
v 0.15411200 0.05590510 0.62361200
v 0.15009800 0.05502880 0.62509000
v 0.15112000 0.05381180 0.62028200
v 0.15457000 0.05477300 0.62025100
v 0.15553400 0.05516920 0.62101700
v 0.15335100 0.05518880 0.62137400
v 0.15031700 0.05409640 0.62164900
v 0.15147800 0.05309210 0.61850300
v 0.15649200 0.05343340 0.61865800
v 0.15910500 0.05396600 0.61961600
v 0.15466900 0.05416170 0.61938400
v 0.15121500 0.05343690 0.61915600
v 0.15297600 0.05246980 0.61733500
v 0.15590500 0.05227380 0.61763900
v 0.15755700 0.05269100 0.61830100
v 0.15254900 0.05248750 0.61806300
v 0.17100400 0.09347030 0.48875000
v 0.17418800 0.09332030 0.48855300
v 0.17130100 0.08268430 0.50559000
v 0.16905800 0.08542040 0.50079600
v 0.17341700 0.10855500 0.48070600
v 0.17607500 0.10877800 0.48045800
v 0.17549600 0.10332000 0.48281900
v 0.17229900 0.10370300 0.48304100
v 0.17256500 0.11096600 0.48381000
v 0.17595300 0.10960300 0.48166600
v 0.17233400 0.11413700 0.48669300
v 0.17214400 0.11598900 0.48877500
v 0.17536000 0.11666400 0.48869800
v 0.17507600 0.11424000 0.48606400
v 0.17183100 0.11701800 0.49144500
v 0.17502000 0.11776200 0.49151900
v 0.17521100 0.11735300 0.48998200
v 0.17199900 0.11665500 0.49008500
v 0.17133100 0.11698100 0.49506300
v 0.17448600 0.11770200 0.49537900
v 0.17478400 0.11791100 0.49328900
v 0.17159500 0.11716700 0.49321500
v 0.17983400 0.11473700 0.50137900
v 0.18022400 0.11565200 0.49888200
v 0.17721000 0.11688000 0.49825800
v 0.17676900 0.11584600 0.50108100
v 0.17932100 0.11325500 0.50462200
v 0.17624000 0.11432800 0.50431000
v 0.16041600 0.06754960 0.62768000
v 0.15909600 0.06895910 0.62534500
v 0.16015500 0.06671370 0.62916200
v 0.15746100 0.06754350 0.62857100
v 0.15423500 0.05717530 0.64395000
v 0.15749700 0.05645520 0.64377600
v 0.15324200 0.05246560 0.64844800
v 0.15657000 0.05302630 0.64712900
v 0.15342000 0.05362140 0.64763100
v 0.15311400 0.05005310 0.64962800
v 0.15598600 0.04991800 0.64910100
v 0.15657000 0.05079940 0.64846900
v 0.15587100 0.04862850 0.64943700
v 0.15300000 0.04872660 0.64998600
v 0.15264800 0.04064360 0.64944200
v 0.15617200 0.04034320 0.64843000
v 0.15270000 0.03954860 0.64867000
v 0.15621500 0.03923290 0.64768900
v 0.15282600 0.03947000 0.64771200
v 0.15632900 0.03910510 0.64682900
v 0.15626600 0.03902770 0.64724800
v 0.15275200 0.03935840 0.64821900
v 0.15640800 0.03952940 0.64621100
v 0.15294200 0.03991620 0.64717100
v 0.15676700 0.04505710 0.64267200
v 0.15730300 0.04799230 0.64091800
v 0.15373800 0.04669390 0.64241500
v 0.15466900 0.05170550 0.63888200
v 0.15784400 0.05072240 0.63905300
v 0.15494600 0.05397440 0.63665900
v 0.15794900 0.05287470 0.63706700
v 0.15532200 0.05531400 0.63440500
v 0.15829200 0.05409940 0.63504400
v 0.15813900 0.05365290 0.63598100
v 0.15513500 0.05475080 0.63556700
v 0.15884300 0.05470420 0.63124300
v 0.15591800 0.05606090 0.63036800
v 0.15723700 0.05576490 0.62566800
v 0.15981700 0.05427220 0.62720900
v 0.15652900 0.05558590 0.62301600
v 0.15869500 0.05506410 0.62297900
v 0.16073600 0.05411070 0.62441000
v 0.16002900 0.05409080 0.62570100
v 0.15739400 0.05543780 0.62419600
v 0.17727100 0.09306640 0.48902300
v 0.18026000 0.09270850 0.49016000
v 0.17807900 0.08467780 0.50217100
v 0.17438700 0.08243040 0.50606100
v 0.17918200 0.10852200 0.48093100
v 0.18162100 0.10788000 0.48195600
v 0.18157600 0.10294000 0.48445400
v 0.17855800 0.10306800 0.48328500
v 0.18150400 0.10865900 0.48312400
v 0.17903400 0.10931200 0.48217900
v 0.17845500 0.11644900 0.48912700
v 0.18160400 0.11338500 0.48809500
v 0.17909200 0.11497000 0.48763700
v 0.17810500 0.11750900 0.49198900
v 0.18108500 0.11625600 0.49285500
v 0.18125300 0.11589400 0.49149500
v 0.17829600 0.11709900 0.49045200
v 0.17757100 0.11744800 0.49584900
v 0.18058500 0.11622000 0.49647300
v 0.18084800 0.11640500 0.49462500
v 0.17786900 0.11765800 0.49375900
v 0.18622300 0.11228600 0.50000700
v 0.18320900 0.11351500 0.49938300
v 0.18329500 0.10756500 0.51042000
v 0.18549000 0.11035100 0.50467300
v 0.18242700 0.11146400 0.50437600
v 0.17377600 0.10208700 0.52452100
v 0.17627800 0.10119000 0.52498700
v 0.17994300 0.10401600 0.51927400
v 0.17553600 0.10638100 0.51769600
v 0.17429200 0.08830300 0.54501400
v 0.17278600 0.08254990 0.55384500
v 0.17213100 0.08029600 0.55780400
v 0.16878300 0.08208380 0.55549900
v 0.16927200 0.07293620 0.57344300
v 0.16719900 0.06672900 0.58860300
v 0.16077700 0.07045620 0.62085500
v 0.16635000 0.06986050 0.62241500
v 0.16890000 0.06990040 0.62131300
v 0.16151800 0.07054650 0.61989800
v 0.16709100 0.06708460 0.62834800
v 0.16241900 0.06872680 0.62585900
v 0.16579200 0.06198200 0.63386200
v 0.16645600 0.06357860 0.63167200
v 0.16308900 0.06371100 0.63148900
v 0.16183000 0.06069100 0.63571300
v 0.16520100 0.06142280 0.63488100
v 0.16407200 0.05678230 0.64139500
v 0.16417000 0.05838410 0.63921400
v 0.16089800 0.05498950 0.64318600
v 0.16406900 0.05478490 0.64371000
v 0.16430200 0.05582020 0.64243700
v 0.16162300 0.05565310 0.64224000
v 0.16000300 0.05310320 0.64489800
v 0.16304500 0.05285270 0.64536100
v 0.16305700 0.05091030 0.64659400
v 0.16292300 0.05197390 0.64592400
v 0.15964100 0.04933730 0.64696700
v 0.16349200 0.04725210 0.64714100
v 0.16337900 0.04990790 0.64691300
v 0.16019300 0.05012000 0.64660200
v 0.15999000 0.04241380 0.64617600
v 0.16319300 0.03970910 0.64649200
v 0.16374700 0.04046570 0.64705300
v 0.15991600 0.03934410 0.64554700
v 0.16003500 0.03869430 0.64444100
v 0.16335100 0.03842140 0.64494700
v 0.16329000 0.03835210 0.64536500
v 0.15997400 0.03862490 0.64486000
v 0.16077300 0.03940670 0.64342000
v 0.16352300 0.03933300 0.64407000
v 0.16010400 0.03896100 0.64407700
v 0.16003700 0.04409750 0.64132800
v 0.16308000 0.04384560 0.64178000
v 0.16318600 0.04248340 0.64254300
v 0.15997000 0.04248830 0.64223600
v 0.16048500 0.04674880 0.64006700
v 0.16366400 0.04648730 0.64055100
v 0.16321200 0.04512140 0.64128900
v 0.16017100 0.04537160 0.64082500
v 0.16438800 0.04890550 0.63923800
v 0.16421200 0.04767050 0.64006600
v 0.16103300 0.04793230 0.63958200
v 0.16399800 0.05081170 0.63767900
v 0.16410900 0.04990820 0.63857800
v 0.16093100 0.05017000 0.63809400
v 0.16122400 0.05203550 0.63563300
v 0.16426500 0.05178500 0.63609600
v 0.16411400 0.05134180 0.63703500
v 0.16107200 0.05159220 0.63657100
v 0.16149700 0.05226180 0.63373300
v 0.16453800 0.05201140 0.63419700
v 0.16510600 0.05175500 0.63201800
v 0.16276400 0.05135670 0.62928900
v 0.16363700 0.05100570 0.62693100
v 0.16646000 0.05092060 0.62697300
v 0.16619800 0.05060960 0.62875800
v 0.16288000 0.05085030 0.62826000
v 0.16562400 0.05379420 0.62174200
v 0.16703900 0.05338160 0.62364700
v 0.16424400 0.05360290 0.62356400
v 0.16644700 0.05152120 0.58622300
v 0.16099300 0.04762580 0.59492100
v 0.17594000 0.07212000 0.53658400
v 0.17208900 0.06480630 0.55483800
v 0.17009400 0.06077220 0.56411000
v 0.16699700 0.06381420 0.55532200
v 0.18340000 0.09385440 0.49155600
v 0.18616000 0.09402420 0.49290200
v 0.18234900 0.08400080 0.50915000
v 0.18100200 0.08588190 0.50353800
v 0.18407200 0.10662200 0.48500100
v 0.18491200 0.10829600 0.48645600
v 0.18754800 0.10705500 0.48793100
v 0.18722700 0.10164500 0.48851500
v 0.18448700 0.10184600 0.48694300
v 0.18717200 0.11194200 0.49299500
v 0.18440500 0.11128900 0.48987800
v 0.18393100 0.11402200 0.49432000
v 0.18691100 0.11276900 0.49518500
v 0.18705800 0.11245400 0.49400200
v 0.18410000 0.11366000 0.49296000
v 0.18348600 0.11395100 0.49752900
v 0.18650000 0.11272300 0.49815400
v 0.18673000 0.11288400 0.49654600
v 0.18375000 0.11413700 0.49568100
v 0.18930800 0.11203200 0.50047700
v 0.18871000 0.10886600 0.50747900
v 0.18949900 0.10605800 0.50576000
v 0.18856700 0.11008300 0.50513800
v 0.18603300 0.10546200 0.51400500
v 0.18508600 0.09863060 0.52051200
v 0.18918900 0.10428000 0.50890300
v 0.18799800 0.10706000 0.51044400
v 0.17862900 0.10082200 0.52271400
v 0.17936000 0.09438960 0.52962700
v 0.18171100 0.09676440 0.52363800
v 0.18194200 0.10341600 0.51678100
v 0.17731600 0.09793080 0.52999200
v 0.17611700 0.08813520 0.54528300
v 0.17755400 0.08851370 0.54177700
v 0.17561500 0.09173340 0.54005900
v 0.17424200 0.08040790 0.55586600
v 0.17252300 0.07434890 0.56754200
v 0.17452000 0.07584710 0.55886400
v 0.17374900 0.07873600 0.55877800
v 0.17023000 0.06327840 0.58497300
v 0.16957600 0.06706760 0.58517900
v 0.16449400 0.06412420 0.59853600
v 0.16849100 0.05852290 0.59981300
v 0.16915500 0.05994520 0.59651800
v 0.16805900 0.06457040 0.59480500
v 0.16576800 0.06312820 0.60265000
v 0.16967500 0.05699820 0.60724100
v 0.17091900 0.05793130 0.60242700
v 0.16644000 0.06334920 0.60090700
v 0.16612000 0.06322340 0.60516900
v 0.17115100 0.05977070 0.61020500
v 0.16980900 0.05871510 0.61007700
v 0.16969800 0.05685350 0.60892700
v 0.16594300 0.06300620 0.60418600
v 0.17275500 0.06064260 0.61174800
v 0.17163600 0.06029940 0.61069100
v 0.16558100 0.06342590 0.60644500
v 0.16786100 0.06540040 0.60877200
v 0.17290800 0.06387130 0.61276900
v 0.17267200 0.06127770 0.61235600
v 0.16559200 0.06462420 0.60755600
v 0.16529500 0.06933280 0.61043100
v 0.17290800 0.06623850 0.61368900
v 0.16781700 0.06746540 0.60981200
v 0.16308700 0.06898840 0.60902500
v 0.16832100 0.06992380 0.61273800
v 0.17324300 0.06638000 0.61463200
v 0.16584600 0.06985230 0.61101300
v 0.16278600 0.07119980 0.61554800
v 0.16498200 0.07087270 0.61785600
v 0.17175100 0.06924290 0.61997300
v 0.17309700 0.06713020 0.62072300
v 0.17287600 0.06672300 0.61754800
v 0.16768900 0.06984030 0.61595700
v 0.17314500 0.06966620 0.62153700
v 0.17385400 0.06664800 0.62222400
v 0.17313300 0.06976860 0.62075800
v 0.16978000 0.06962070 0.62308700
v 0.17225700 0.06562410 0.62505800
v 0.17305200 0.06655580 0.62344800
v 0.17211100 0.06947630 0.62243400
v 0.16846000 0.06915840 0.62494500
v 0.17041000 0.06719750 0.62755000
v 0.17168000 0.06523420 0.62857600
v 0.17222900 0.06535190 0.62646200
v 0.16935700 0.06913150 0.62417100
v 0.16949700 0.06446070 0.63256000
v 0.17118800 0.06390840 0.63139900
v 0.17016000 0.06604930 0.63036500
v 0.17021400 0.06295990 0.63304300
v 0.16851900 0.06351020 0.63420100
v 0.16715000 0.05808530 0.64223000
v 0.16866100 0.05743690 0.64143800
v 0.16731100 0.05564000 0.64526700
v 0.16897500 0.05492690 0.64458800
v 0.16906600 0.05609650 0.64325100
v 0.16751500 0.05672010 0.64401900
v 0.16592500 0.05343160 0.64753000
v 0.16806900 0.05375420 0.64595000
v 0.16632900 0.05442070 0.64654900
v 0.16583200 0.05121370 0.64919600
v 0.16746600 0.05120210 0.64865200
v 0.16569800 0.05227690 0.64852600
v 0.16649500 0.04731760 0.65023700
v 0.16789100 0.04575430 0.65041900
v 0.16801600 0.04996590 0.64945100
v 0.16635900 0.05000260 0.64986800
v 0.16661500 0.04116220 0.65105100
v 0.16765800 0.04188020 0.65084000
v 0.16623800 0.04346880 0.65053000
v 0.16611800 0.03952500 0.64994400
v 0.16764200 0.04087610 0.65058600
v 0.16659900 0.04015810 0.65079700
v 0.16616200 0.03841070 0.64920900
v 0.16765900 0.04021470 0.65021500
v 0.16613500 0.03886390 0.64957400
v 0.16627500 0.03828270 0.64834500
v 0.16771000 0.04001700 0.64977000
v 0.16621400 0.03821310 0.64876300
v 0.16781100 0.04045360 0.64919900
v 0.16650200 0.04150040 0.64584500
v 0.16796700 0.04147370 0.64844600
v 0.16663500 0.04038420 0.64650800
v 0.16590400 0.04431340 0.64409300
v 0.16747700 0.04292300 0.64744500
v 0.16601200 0.04294970 0.64484500
v 0.16647700 0.04723810 0.64238900
v 0.16788900 0.04871110 0.64531400
v 0.16769400 0.04990910 0.64055900
v 0.16904100 0.05157220 0.64268200
v 0.16873900 0.05015460 0.64438100
v 0.16744300 0.04869460 0.64139400
v 0.16710200 0.05212090 0.63845400
v 0.16865100 0.05402810 0.64013100
v 0.16863500 0.05286010 0.64146900
v 0.16716000 0.05122820 0.63936700
v 0.16739400 0.05335530 0.63643400
v 0.16728700 0.05289480 0.63737100
v 0.16918300 0.05640020 0.63584400
v 0.16838700 0.05384770 0.63140900
v 0.17073900 0.05846820 0.62953600
v 0.17014600 0.05837700 0.63162800
v 0.16799600 0.05394690 0.63264300
v 0.17221600 0.05918190 0.62616300
v 0.17156300 0.05838080 0.62806500
v 0.16935200 0.05370630 0.62999400
v 0.17018300 0.05353710 0.62544600
v 0.17233700 0.05883330 0.62127800
v 0.17234600 0.05897130 0.62464700
v 0.16995500 0.05318210 0.62724400
v 0.16924800 0.05336940 0.62231700
v 0.17211100 0.05611280 0.61923600
v 0.17278300 0.05827590 0.62004600
v 0.17005700 0.05332260 0.62406400
v 0.16646700 0.05262240 0.62010800
v 0.17128300 0.05504950 0.61739000
v 0.17255100 0.05536210 0.61833800
v 0.16902400 0.05308540 0.62125700
v 0.15969800 0.05181940 0.61830900
v 0.16399400 0.05356460 0.61654600
v 0.16622900 0.05473970 0.61612300
v 0.16130000 0.05252510 0.61877900
v 0.15854100 0.04812360 0.61941600
v 0.16442800 0.05084140 0.61524600
v 0.15974200 0.05094160 0.61842600
v 0.15722300 0.03971980 0.62440300
v 0.16072400 0.03858870 0.62214500
v 0.16332900 0.04576190 0.61784900
v 0.15660600 0.03775920 0.62667800
v 0.15753600 0.03716600 0.62707000
v 0.15915000 0.03507560 0.62636800
v 0.15709200 0.03854620 0.62566700
v 0.15501600 0.03592430 0.62927900
v 0.15625700 0.03283410 0.62923800
v 0.15741100 0.03422690 0.62733900
v 0.15607100 0.03646680 0.62815800
v 0.15468400 0.03529010 0.63079200
v 0.15413300 0.03384610 0.63723900
v 0.15468000 0.03194750 0.63742400
v 0.15416900 0.03435890 0.63463300
v 0.15203400 0.03345710 0.64210400
v 0.15199700 0.03210110 0.64379000
v 0.15319100 0.03171540 0.63952800
v 0.15284300 0.03369940 0.63933300
v 0.15100200 0.03274990 0.64899500
v 0.15143200 0.03305580 0.64624700
v 0.15066000 0.03225380 0.65129800
v 0.15080300 0.03252600 0.65035300
v 0.15053900 0.03151290 0.65190400
v 0.15119400 0.03116540 0.64984000
v 0.15057000 0.03193340 0.65182900
v 0.15063500 0.03038010 0.65078500
v 0.15056500 0.03099190 0.65152200
v 0.15075000 0.02967690 0.64969400
v 0.15133400 0.02744800 0.64490900
v 0.15151900 0.02917900 0.64674100
v 0.15108400 0.02818150 0.64671000
v 0.15184000 0.02613970 0.64084600
v 0.15285100 0.02809060 0.64047000
v 0.15177000 0.02847500 0.64476000
v 0.15156000 0.02675560 0.64291600
v 0.15499300 0.02746530 0.63635800
v 0.15423100 0.02746580 0.63848100
v 0.15312200 0.02556890 0.63880900
v 0.15399100 0.02500780 0.63234900
v 0.15368600 0.02500000 0.63445100
v 0.15469700 0.02572220 0.62839200
v 0.15610100 0.02738340 0.62972300
v 0.15440500 0.02523580 0.63033900
v 0.15519900 0.02739880 0.62464800
v 0.15728900 0.02955040 0.62585000
v 0.15629900 0.02811210 0.62784100
v 0.16042500 0.03300210 0.62115800
v 0.15914900 0.03052200 0.62420600
v 0.15684900 0.02850380 0.62301400
v 0.16108000 0.04281950 0.60371100
v 0.16615500 0.04775240 0.60376200
v 0.16565400 0.04644940 0.60853900
v 0.16226500 0.03965610 0.61270800
v 0.16436900 0.04540860 0.59875900
v 0.16810900 0.04636320 0.59829900
v 0.16998500 0.04980170 0.59806800
v 0.16939800 0.04903830 0.60136100
v 0.16380500 0.04439240 0.60135800
v 0.16816900 0.05142650 0.58649100
v 0.16842400 0.05178290 0.59455100
v 0.16746200 0.04735280 0.59539100
v 0.16997500 0.05645040 0.57758300
v 0.17183400 0.06077790 0.56831100
v 0.17061400 0.05898840 0.58048500
v 0.17769400 0.07246340 0.53886400
v 0.18163100 0.08482390 0.52942300
v 0.17830600 0.07913860 0.54129500
v 0.17473600 0.07076780 0.55540300
v 0.17363100 0.06522500 0.55707500
v 0.18935600 0.09362390 0.49332700
v 0.18974400 0.09617170 0.50033300
v 0.18532200 0.08389360 0.50966500
v 0.19072100 0.10682900 0.48828500
v 0.19035700 0.10140600 0.48892600
v 0.19025400 0.11168500 0.49346900
v 0.18999600 0.11251600 0.49565500
v 0.19035900 0.10753500 0.50005600
v 0.19014200 0.11220000 0.49447200
v 0.18958500 0.11246900 0.49862400
v 0.18981400 0.11263000 0.49701600
v 0.32109200 0.10864400 0.49366600
v 0.32183500 0.10632700 0.49815600
v 0.32392400 0.10737500 0.50457700
v 0.32389600 0.10179100 0.51705400
v 0.32230600 0.10209600 0.50857200
v 0.32268800 0.10399100 0.50441900
v 0.32148900 0.10034600 0.52143700
v 0.32120700 0.09765800 0.52664800
v 0.31927500 0.09810820 0.51858500
v 0.31959100 0.10073000 0.51300200
v 0.32240300 0.09381400 0.53353100
v 0.32143600 0.09201990 0.53227200
v 0.32040100 0.09428780 0.52548300
v 0.32371600 0.09174090 0.54294500
v 0.32283500 0.08993640 0.54166500
v 0.32621800 0.08694570 0.55920600
v 0.32613600 0.08225630 0.56410500
v 0.32493400 0.08493140 0.55698800
v 0.32502200 0.08588800 0.55516500
v 0.32866900 0.08084400 0.57475200
v 0.32744100 0.07860050 0.57185500
v 0.32933900 0.07266780 0.58300800
v 0.33287800 0.06814240 0.59593100
v 0.33271200 0.06380640 0.59525400
v 0.33114900 0.06552170 0.59306000
v 0.33615500 0.06674220 0.59715700
v 0.33614900 0.06303380 0.60394400
v 0.33125800 0.06083150 0.59897100
v 0.33100100 0.06174990 0.59756400
v 0.33463100 0.06314070 0.59676600
v 0.33733400 0.06171740 0.60464400
v 0.33186100 0.05889470 0.60051900
v 0.33154400 0.05982560 0.60016900
v 0.33907700 0.05747950 0.60412500
v 0.34044100 0.05630850 0.60425100
v 0.33199400 0.05703700 0.60107600
v 0.33187700 0.05789110 0.60109400
v 0.33448600 0.05437520 0.60001800
v 0.32963800 0.05511890 0.60063300
v 0.33196700 0.05602760 0.60127400
v 0.34053600 0.05561110 0.60387800
v 0.34016000 0.05417660 0.60152800
v 0.34019200 0.05203990 0.60039900
v 0.33211700 0.05105400 0.59887700
v 0.33454100 0.05231910 0.59876100
v 0.33557400 0.04849630 0.60010100
v 0.33031800 0.04893470 0.59957600
v 0.33268900 0.05032870 0.59905900
v 0.34105800 0.04487980 0.60215100
v 0.33379500 0.04456010 0.60243200
v 0.33600600 0.04592190 0.60185800
v 0.34220400 0.04621760 0.60355000
v 0.34343600 0.04538350 0.60463900
v 0.34212400 0.04351600 0.60424600
v 0.34235800 0.04425510 0.60224400
v 0.34290400 0.04454660 0.60564900
v 0.34320200 0.04304540 0.60887200
v 0.34157900 0.04156340 0.60807300
v 0.34129900 0.04189180 0.60796400
v 0.34140300 0.04276960 0.60534500
v 0.34362800 0.04164680 0.61117200
v 0.34363000 0.04011930 0.61267000
v 0.34233600 0.03938620 0.61169700
v 0.34390400 0.03944840 0.61420900
v 0.34249900 0.03817320 0.61469000
v 0.34255800 0.03873200 0.61327400
v 0.34344200 0.03874650 0.61624100
v 0.34255700 0.03667250 0.61846300
v 0.34217800 0.03740500 0.61666400
v 0.34480300 0.03595320 0.62562500
v 0.34261300 0.03521230 0.62443900
v 0.34310000 0.03552150 0.62273800
v 0.34582800 0.03549660 0.62758200
v 0.34621400 0.03485080 0.62985600
v 0.34472400 0.03412150 0.62953300
v 0.34444300 0.03440670 0.62794500
v 0.34582000 0.03449540 0.63182900
v 0.34418300 0.03374070 0.63297900
v 0.34427200 0.03381520 0.63153100
v 0.34600300 0.03445730 0.63335400
v 0.34632000 0.03483960 0.63525800
v 0.34477800 0.03391140 0.63565200
v 0.34440000 0.03366630 0.63451900
v 0.34698000 0.03523480 0.63644400
v 0.34782100 0.03633270 0.63977100
v 0.34646000 0.03430640 0.63796300
v 0.34578100 0.03413750 0.63684600
v 0.34778300 0.03697390 0.64100000
v 0.34620400 0.03627310 0.64033100
v 0.34672900 0.03481480 0.63918400
v 0.34791500 0.03860790 0.64296300
v 0.34704000 0.03906150 0.64401100
v 0.34633700 0.03790730 0.64229400
v 0.34791500 0.04015670 0.64383700
v 0.34638800 0.04185670 0.64492800
v 0.34704000 0.04061010 0.64488500
v 0.34786400 0.04062460 0.64370300
v 0.34627700 0.04298420 0.64469900
v 0.34760600 0.04070290 0.64173500
v 0.34591700 0.04303770 0.64191500
v 0.34672600 0.04045020 0.64020200
v 0.34418300 0.04219610 0.63777000
v 0.34603900 0.03901930 0.63500000
v 0.34399800 0.04164800 0.63437300
v 0.34641900 0.03887470 0.63308800
v 0.34616700 0.03846810 0.63118700
v 0.34433000 0.04140390 0.63092900
v 0.34453600 0.04158050 0.63238400
v 0.34530300 0.03847940 0.62963000
v 0.34475800 0.03913090 0.62740400
v 0.34306000 0.04149560 0.62819000
v 0.34339400 0.04138360 0.62938400
v 0.34414000 0.04017960 0.62395100
v 0.34264700 0.04222940 0.62597500
v 0.34284100 0.04181770 0.62690500
v 0.34352900 0.04273840 0.61882100
v 0.34352900 0.04428640 0.61737600
v 0.34219500 0.04578830 0.62230400
v 0.34214100 0.04475530 0.62308200
v 0.34383600 0.04554520 0.61629000
v 0.34377400 0.04707780 0.61312600
v 0.34317900 0.04800330 0.62002900
v 0.34283600 0.04706130 0.62127100
v 0.34337300 0.04835980 0.61232500
v 0.34259900 0.05237500 0.61299400
v 0.34259600 0.05096450 0.61941900
v 0.34311400 0.04930300 0.61926600
v 0.34249000 0.05471930 0.61220800
v 0.34112500 0.05588390 0.61221200
v 0.34077500 0.05481900 0.61792200
v 0.34221000 0.05329060 0.61864800
v 0.33622000 0.05653360 0.61346300
v 0.33386900 0.05937080 0.61382000
v 0.33249000 0.05594610 0.61857400
v 0.33286400 0.05535440 0.61920700
v 0.33525600 0.05507160 0.61857600
v 0.33459700 0.06001760 0.61498900
v 0.33298400 0.05983850 0.62079300
v 0.33024800 0.05720710 0.62263600
v 0.32976400 0.05608660 0.61980600
v 0.33186000 0.05657990 0.61872800
v 0.33116700 0.05875140 0.63230500
v 0.33400800 0.06159940 0.63231800
v 0.33388800 0.06059550 0.63636600
v 0.33200700 0.05847990 0.63522800
v 0.33258300 0.06019390 0.63809400
v 0.33229300 0.05946350 0.64066000
v 0.33047200 0.05743420 0.63874500
v 0.32978600 0.05764560 0.63763800
v 0.33071100 0.05807870 0.63693900
v 0.33306400 0.05547410 0.64532600
v 0.33284100 0.05375880 0.64677500
v 0.33176600 0.05307400 0.64479900
v 0.33275500 0.04562900 0.65421900
v 0.33251200 0.04411430 0.65420900
v 0.33208200 0.04602250 0.65220900
v 0.33285600 0.04266920 0.65607000
v 0.33271100 0.04321790 0.65525400
v 0.33304300 0.04453170 0.65585000
v 0.33297700 0.04268150 0.65702700
v 0.33294500 0.04246820 0.65665700
v 0.33301700 0.04515910 0.65600400
v 0.33288100 0.04426670 0.65717500
v 0.33295200 0.04330900 0.65718000
v 0.33276700 0.04555440 0.65701200
v 0.33271800 0.04818260 0.65538000
v 0.33218300 0.05065260 0.65564400
v 0.33243300 0.04880170 0.65624000
v 0.33321000 0.05581550 0.65086800
v 0.33343800 0.05750680 0.64934400
v 0.33243100 0.05666410 0.65283500
v 0.33165300 0.06197860 0.64909800
v 0.33192900 0.06037170 0.65045900
v 0.33271700 0.06266630 0.64507900
v 0.33119000 0.06456600 0.64596700
v 0.33148300 0.06338760 0.64759100
v 0.33232600 0.06362680 0.64334200
v 0.33258800 0.06430750 0.64075900
v 0.33049300 0.06634390 0.64230700
v 0.33381700 0.06514050 0.63846100
v 0.33396300 0.06597150 0.63437400
v 0.33151200 0.06705570 0.63998200
v 0.32875700 0.07265840 0.61632100
v 0.32976800 0.07098660 0.62306000
v 0.33281400 0.06823050 0.62377100
v 0.33298300 0.06763330 0.61987500
v 0.33375400 0.06787270 0.61377700
v 0.33600600 0.06917030 0.61042500
v 0.33494200 0.07339950 0.60383000
v 0.33079600 0.07510890 0.60989300
v 0.33078700 0.07383890 0.61295500
v 0.33109400 0.07854940 0.60145300
v 0.32927700 0.07765770 0.60435100
v 0.32845100 0.07634050 0.60700400
v 0.33285100 0.07469290 0.60111000
v 0.33184400 0.07699520 0.59389300
v 0.33047800 0.08092310 0.59436500
v 0.32500800 0.09536980 0.55144900
v 0.32489300 0.09805940 0.54626700
v 0.32428900 0.10413400 0.55001100
v 0.32639200 0.09273180 0.57175100
v 0.32305200 0.11910300 0.50534100
v 0.32105500 0.12595500 0.50317300
v 0.32258300 0.11953300 0.52153400
v 0.31967800 0.12132800 0.48981600
v 0.32004600 0.12432400 0.49438200
v 0.32014300 0.11423600 0.48942800
v 0.32040200 0.11202700 0.49019700
v 0.32025500 0.11313600 0.48967800
v 0.32261000 0.11089400 0.49724600
v 0.32081300 0.10978300 0.49214100
v 0.32058400 0.11091100 0.49098400
v 0.31485100 0.10774100 0.49380900
v 0.31800700 0.10844700 0.49416100
v 0.31564600 0.10525100 0.49859900
v 0.31875100 0.10613000 0.49865000
v 0.31911100 0.10191000 0.50907200
v 0.31676800 0.10074800 0.50992100
v 0.31971300 0.10378200 0.50490800
v 0.31776300 0.09575220 0.52034200
v 0.31619900 0.09534770 0.52003900
v 0.31582400 0.09715660 0.51557200
v 0.31815200 0.09834420 0.51474000
v 0.31354200 0.09166360 0.53252600
v 0.31858100 0.09408090 0.52573700
v 0.32138400 0.08768440 0.54649400
v 0.32041200 0.09037140 0.53801300
v 0.32423200 0.08177040 0.56285400
v 0.31936900 0.08427840 0.55552800
v 0.32281100 0.08451070 0.55581400
v 0.32539400 0.07851830 0.57012400
v 0.32805800 0.07000960 0.58603300
v 0.32570400 0.06313400 0.59666500
v 0.32932300 0.06539110 0.59333200
v 0.33568500 0.04287170 0.60578700
v 0.33214700 0.04290890 0.60483800
v 0.33874100 0.04407190 0.60285700
v 0.33840500 0.04156680 0.61341600
v 0.33619500 0.04142300 0.61377000
v 0.33603800 0.04194080 0.61164600
v 0.33886900 0.04227080 0.61062600
v 0.33911800 0.04055650 0.61397700
v 0.33585400 0.04017360 0.61483500
v 0.33631200 0.04089390 0.61437200
v 0.33851200 0.04103020 0.61395600
v 0.33696000 0.03871800 0.61820600
v 0.33984800 0.03725860 0.62131100
v 0.33901400 0.03703300 0.62304800
v 0.33645100 0.03715180 0.62259700
v 0.33668800 0.03798530 0.62008900
v 0.33931200 0.03794550 0.61952800
v 0.34043500 0.03601880 0.62715200
v 0.33784700 0.03593340 0.62794800
v 0.33940700 0.03647020 0.62566300
v 0.34124600 0.03556240 0.62997900
v 0.33807100 0.03542840 0.63050500
v 0.33843500 0.03580520 0.62918400
v 0.34102500 0.03586830 0.62838300
v 0.34090300 0.03546970 0.63269700
v 0.33786100 0.03527500 0.63318400
v 0.33781400 0.03534070 0.63175800
v 0.34143500 0.03582130 0.63485600
v 0.33825600 0.03561780 0.63536500
v 0.34102200 0.03561250 0.63370900
v 0.34288400 0.03644050 0.63661800
v 0.34240900 0.03769750 0.63804700
v 0.33846300 0.03615730 0.63732600
v 0.33877400 0.03598160 0.63632500
v 0.34195200 0.03618520 0.63581600
v 0.34323600 0.04144320 0.64205500
v 0.34260900 0.04252730 0.64245800
v 0.33929500 0.04212410 0.64272700
v 0.33923400 0.04020920 0.64119300
v 0.34255500 0.04014250 0.64066300
v 0.34255900 0.04456190 0.64313700
v 0.34250300 0.04522030 0.64305900
v 0.33922200 0.04499690 0.64374700
v 0.33874100 0.04436500 0.64423800
v 0.33930200 0.04404200 0.64382300
v 0.34235100 0.04529800 0.64185200
v 0.33954500 0.04541430 0.64220800
v 0.33913900 0.04511060 0.64320000
v 0.33794800 0.04391740 0.63846900
v 0.33766300 0.04305670 0.63494300
v 0.33782300 0.04343590 0.63723100
v 0.34074500 0.04354330 0.63603000
v 0.34094100 0.04275630 0.63164000
v 0.33793800 0.04271720 0.63361400
v 0.34111600 0.04292070 0.63310500
v 0.33996600 0.04262340 0.62943400
v 0.33722300 0.04235170 0.63111300
v 0.34040100 0.04255520 0.63060400
v 0.33970200 0.04319800 0.62770300
v 0.33666100 0.04300330 0.62819000
v 0.33681100 0.04257340 0.62912200
v 0.33985300 0.04276820 0.62863500
v 0.33943400 0.04449460 0.62634200
v 0.33639200 0.04430000 0.62683000
v 0.33619200 0.04646900 0.62539800
v 0.34036700 0.04834880 0.62360500
v 0.33963800 0.04996970 0.62345500
v 0.33638500 0.04949850 0.62421600
v 0.33648900 0.04750750 0.62498800
v 0.33967800 0.04737460 0.62449400
v 0.33799600 0.05468150 0.62252700
v 0.33508000 0.05462690 0.62268100
v 0.33610500 0.05264260 0.62380700
v 0.33939600 0.05313710 0.62329200
v 0.33192800 0.05213420 0.64865000
v 0.33197900 0.04854360 0.65128500
v 0.33123000 0.04894800 0.64931800
v 0.33056700 0.05086160 0.64722200
v 0.33082700 0.05144900 0.64669600
v 0.33233700 0.05014470 0.65466500
v 0.33222100 0.05373960 0.65204900
v 0.33154600 0.05459730 0.65405400
v 0.33178100 0.05261290 0.65492300
v 0.32912900 0.08004890 0.59849100
v 0.32436100 0.09438940 0.57111400
v 0.32207100 0.10583500 0.54943700
v 0.32121000 0.09609170 0.56931900
v 0.31786200 0.12561400 0.50361900
v 0.31489300 0.12638900 0.50380400
v 0.31663000 0.12229200 0.51772100
v 0.31960700 0.11947900 0.52207600
v 0.31654300 0.12105100 0.49042800
v 0.31351700 0.12102200 0.48943800
v 0.31249500 0.12309300 0.49008400
v 0.31388800 0.12479000 0.49470200
v 0.31693600 0.12408500 0.49493700
v 0.31705900 0.11404000 0.48991600
v 0.31731700 0.11183000 0.49069100
v 0.31412700 0.11129300 0.49016600
v 0.31395800 0.11256800 0.48956900
v 0.31717000 0.11293800 0.49017200
v 0.31772900 0.10958600 0.49263500
v 0.31457300 0.10888000 0.49228300
v 0.31430800 0.11017700 0.49095300
v 0.31749900 0.11071300 0.49147800
v 0.30895200 0.10415300 0.49509600
v 0.30851000 0.10565000 0.49248900
v 0.31166600 0.10635600 0.49284100
v 0.30946900 0.10265200 0.49833500
v 0.31258800 0.10350200 0.49836600
v 0.31385800 0.09866560 0.51070400
v 0.31149800 0.09772030 0.51199700
v 0.31255200 0.09508270 0.52060600
v 0.31161700 0.09617400 0.51720700
v 0.31400700 0.09700190 0.51584200
v 0.33228600 0.04129700 0.60934300
v 0.32877200 0.04054470 0.60884000
v 0.32304200 0.04084090 0.60759100
v 0.32852600 0.04192180 0.60640900
v 0.33206900 0.04200890 0.60742800
v 0.33323800 0.03780990 0.61632400
v 0.32857300 0.03758700 0.61402500
v 0.32946000 0.03834910 0.61256000
v 0.33245900 0.03862800 0.61386600
v 0.33525600 0.03395800 0.62981000
v 0.33106400 0.03375090 0.62678300
v 0.33193400 0.03210750 0.63373900
v 0.33500200 0.03323690 0.63301400
v 0.33252600 0.03200490 0.63838900
v 0.33236000 0.03188850 0.63697700
v 0.33525400 0.03310610 0.63597100
v 0.33554400 0.03355860 0.63971300
v 0.33296500 0.03267000 0.64094700
v 0.33308300 0.03325140 0.64219000
v 0.33565700 0.03412640 0.64092100
v 0.33340500 0.03886360 0.64803400
v 0.33640700 0.03832400 0.64463700
v 0.33594300 0.04123880 0.64716500
v 0.33337800 0.04014600 0.64841200
v 0.33633100 0.04234620 0.64628900
v 0.33323100 0.04093950 0.64782600
v 0.33330700 0.04062370 0.64823900
v 0.33591100 0.04169680 0.64706800
v 0.33249400 0.04099210 0.64590300
v 0.33308200 0.04115950 0.64709700
v 0.33621400 0.04252650 0.64558200
v 0.33497500 0.04143490 0.63812700
v 0.33138800 0.03983910 0.63277600
v 0.33471900 0.04093250 0.63396500
v 0.33388300 0.04089430 0.62966400
v 0.33082700 0.04006620 0.62965400
v 0.33354500 0.04165310 0.62743500
v 0.33044400 0.04093140 0.62717900
v 0.33063500 0.04040390 0.62835700
v 0.33369400 0.04122590 0.62836900
v 0.32985400 0.04354200 0.62400400
v 0.33298600 0.04417230 0.62454800
v 0.33257100 0.05002540 0.62098000
v 0.32953500 0.04957360 0.61985600
v 0.32861000 0.04862540 0.62027700
v 0.33262600 0.04805660 0.62190200
v 0.33160300 0.05252200 0.61974400
v 0.32815200 0.05192720 0.61898500
v 0.32718800 0.05108560 0.61917300
v 0.32937100 0.05080010 0.61938900
v 0.33240600 0.05129210 0.62040500
v 0.33124600 0.05434730 0.61915100
v 0.32623000 0.05400860 0.61898500
v 0.32361800 0.05293220 0.61919000
v 0.32805400 0.05298490 0.61889500
v 0.33150900 0.05362550 0.61930700
v 0.32974800 0.05564210 0.61887600
v 0.32681800 0.05553460 0.61921900
v 0.32516600 0.05475900 0.61932300
v 0.33017400 0.05507280 0.61933100
v 0.31164700 0.12778600 0.50481000
v 0.30846300 0.12803300 0.50479600
v 0.31136400 0.12181900 0.52389600
v 0.31360300 0.12373300 0.51872000
v 0.30922000 0.12425100 0.48808300
v 0.30656100 0.12429700 0.48775100
v 0.30714600 0.12599700 0.49344900
v 0.31034200 0.12558100 0.49330100
v 0.31007100 0.12032400 0.48823200
v 0.30668300 0.12284200 0.48789500
v 0.31030000 0.11607700 0.48765600
v 0.31048900 0.11329100 0.48757500
v 0.30727300 0.11291600 0.48700600
v 0.30755800 0.11649200 0.48717000
v 0.31080300 0.11058500 0.48850300
v 0.30761300 0.11004900 0.48797800
v 0.30742200 0.11149000 0.48730400
v 0.31063400 0.11186000 0.48790700
v 0.31130400 0.10783700 0.49085700
v 0.30814800 0.10713100 0.49050500
v 0.30784900 0.10859700 0.48900200
v 0.31103900 0.10913400 0.48952700
v 0.30280400 0.10443900 0.49662900
v 0.30241200 0.10576400 0.49432300
v 0.30542500 0.10545300 0.49298300
v 0.30586800 0.10395500 0.49559000
v 0.30332000 0.10290800 0.49984900
v 0.30640000 0.10245700 0.49882900
v 0.32229900 0.03802250 0.61396700
v 0.32361700 0.03890550 0.61138700
v 0.32256100 0.03742440 0.61556000
v 0.32525400 0.03734450 0.61454700
v 0.32849300 0.03222830 0.63237600
v 0.32523100 0.03282450 0.63281300
v 0.32949100 0.03181070 0.63887500
v 0.32616200 0.03246030 0.63759500
v 0.32931200 0.03169330 0.63746500
v 0.32962200 0.03245760 0.64148200
v 0.32674900 0.03294760 0.64124400
v 0.32616400 0.03286500 0.64016300
v 0.32686500 0.03351880 0.64244800
v 0.32973700 0.03303610 0.64272800
v 0.33009500 0.03864860 0.64857100
v 0.32657000 0.03961640 0.64814800
v 0.33004300 0.03994400 0.64891300
v 0.32652700 0.04089800 0.64852200
v 0.32991700 0.04072790 0.64835800
v 0.32641300 0.04163850 0.64806700
v 0.32647600 0.04136680 0.64839600
v 0.32999100 0.04041120 0.64876900
v 0.32633500 0.04183940 0.64734400
v 0.32980000 0.04085590 0.64766800
v 0.32597000 0.04099710 0.64083600
v 0.32543100 0.04045380 0.63745900
v 0.32899800 0.04014210 0.63941900
v 0.32806200 0.03962660 0.63330900
v 0.32488800 0.04012750 0.63416900
v 0.32778200 0.03987130 0.63014100
v 0.32478000 0.04026510 0.63124400
v 0.32740400 0.04073670 0.62766600
v 0.32443500 0.04102800 0.62900500
v 0.32458900 0.04059690 0.62994900
v 0.32759200 0.04020910 0.62884400
v 0.32388300 0.04355040 0.62609800
v 0.32680600 0.04334880 0.62449900
v 0.32548600 0.04714020 0.62170400
v 0.32290700 0.04691800 0.62383600
v 0.32619400 0.04928650 0.62013700
v 0.32402800 0.04965030 0.62051100
v 0.32198800 0.04916600 0.62216000
v 0.32269500 0.04818980 0.62300500
v 0.32532900 0.04847780 0.62100800
v 0.30538000 0.12783500 0.50529000
v 0.30239200 0.12719400 0.50629200
v 0.30458300 0.12315600 0.52016500
v 0.30827800 0.12162100 0.52439000
v 0.30345500 0.12409900 0.48824800
v 0.30101700 0.12372600 0.48939600
v 0.30106600 0.12498800 0.49478600
v 0.30408300 0.12580100 0.49393900
v 0.30113300 0.12233100 0.48955100
v 0.30360200 0.12263500 0.48844500
v 0.30417800 0.11272500 0.48744400
v 0.30103100 0.11548500 0.48912500
v 0.30354200 0.11481700 0.48761900
v 0.30452800 0.10985100 0.48847200
v 0.30155000 0.10999300 0.48998500
v 0.30138100 0.11126800 0.48938900
v 0.30433700 0.11129200 0.48779800
v 0.30506400 0.10693300 0.49099900
v 0.30205100 0.10724400 0.49233900
v 0.30178600 0.10854100 0.49100900
v 0.30476500 0.10840000 0.48949600
v 0.29641700 0.10706500 0.49761900
v 0.29942900 0.10675400 0.49627900
v 0.29935200 0.10212300 0.50793100
v 0.29715300 0.10473400 0.50210100
v 0.30021500 0.10424700 0.50106000
v 0.30887900 0.09484420 0.52119700
v 0.30637800 0.09506320 0.52218200
v 0.30270900 0.09762260 0.51634300
v 0.30711400 0.09731200 0.51352000
v 0.30838000 0.08800570 0.54492700
v 0.30989400 0.08493970 0.55501100
v 0.31055100 0.08335540 0.55928300
v 0.31389800 0.08397220 0.55643500
v 0.31342100 0.07610650 0.57497500
v 0.31550400 0.06848380 0.58947500
v 0.32193400 0.04138220 0.60735400
v 0.31636100 0.04056920 0.60880800
v 0.31381000 0.04138750 0.60806700
v 0.32119200 0.04205740 0.60666900
v 0.31562400 0.03780890 0.61474700
v 0.32029400 0.03866020 0.61189300
v 0.31692800 0.03686480 0.62220100
v 0.31626300 0.03751580 0.61957000
v 0.31963000 0.03757130 0.61935400
v 0.32089200 0.03627700 0.62438300
v 0.31752000 0.03644340 0.62328500
v 0.31865500 0.03443680 0.63102700
v 0.31855500 0.03507780 0.62839800
v 0.32183100 0.03421810 0.63355400
v 0.31866000 0.03394750 0.63404500
v 0.31842600 0.03425720 0.63243300
v 0.32110500 0.03451560 0.63243700
v 0.32272800 0.03411930 0.63610000
v 0.31968700 0.03392470 0.63658700
v 0.31967600 0.03422860 0.63886700
v 0.31981000 0.03405850 0.63762200
v 0.32309400 0.03495490 0.64031500
v 0.31924400 0.03616140 0.64202100
v 0.31935500 0.03462850 0.63984000
v 0.32254100 0.03473100 0.63948000
v 0.32275000 0.04001120 0.64511000
v 0.31954900 0.04150690 0.64738200
v 0.31899400 0.04059140 0.64716200
v 0.32282600 0.04246630 0.64705700
v 0.32270700 0.04373100 0.64684400
v 0.31939200 0.04351870 0.64737500
v 0.31945300 0.04324280 0.64769700
v 0.32276800 0.04345500 0.64716600
v 0.32196800 0.04405530 0.64564100
v 0.31921800 0.04360460 0.64611300
v 0.32263800 0.04383890 0.64640600
v 0.32270000 0.04264280 0.64070400
v 0.31965700 0.04245750 0.64118500
v 0.31955200 0.04274900 0.64271900
v 0.32276800 0.04298150 0.64252000
v 0.32224900 0.04190430 0.63786200
v 0.31907100 0.04170080 0.63837100
v 0.31952400 0.04201420 0.63989200
v 0.32256500 0.04220890 0.63940500
v 0.31834400 0.04115230 0.63567400
v 0.31852200 0.04131190 0.63715200
v 0.32170000 0.04151530 0.63664300
v 0.31873200 0.04112110 0.63321200
v 0.31862200 0.04101320 0.63448200
v 0.32180100 0.04121670 0.63397300
v 0.32150500 0.04190290 0.63096200
v 0.31846400 0.04170830 0.63144900
v 0.31861600 0.04127430 0.63239200
v 0.32165800 0.04146890 0.63190500
v 0.32123200 0.04321240 0.62956700
v 0.31819000 0.04301780 0.63005500
v 0.31762200 0.04485120 0.62885100
v 0.31996400 0.04719820 0.62740400
v 0.31909000 0.04923020 0.62615600
v 0.31626700 0.04925220 0.62624600
v 0.31653000 0.04808500 0.62763100
v 0.31984700 0.04831200 0.62713000
v 0.31710000 0.05141270 0.62068300
v 0.31568500 0.05021790 0.62222300
v 0.31847900 0.05013960 0.62200200
v 0.31626700 0.08008250 0.59959500
v 0.32172600 0.07592480 0.60817400
v 0.30674200 0.10486600 0.55190500
v 0.31060500 0.09558410 0.56924300
v 0.31260500 0.09107530 0.57829300
v 0.31569800 0.09585210 0.57031800
v 0.29925100 0.12538700 0.50630900
v 0.29649100 0.12424600 0.50704200
v 0.30031500 0.11824400 0.52516600
v 0.30165900 0.12133400 0.52011900
v 0.29856700 0.12220200 0.49231500
v 0.29772700 0.12001100 0.49196700
v 0.29509200 0.11967800 0.49386400
v 0.29541700 0.12270800 0.49838400
v 0.29815600 0.12378300 0.49722100
v 0.29546600 0.11265700 0.49337500
v 0.29823200 0.11546600 0.49187500
v 0.29870500 0.11030600 0.49263600
v 0.29572600 0.11044800 0.49414900
v 0.29557900 0.11155600 0.49363000
v 0.29853600 0.11158100 0.49203900
v 0.29915100 0.10789300 0.49475300
v 0.29613800 0.10820400 0.49609300
v 0.29590800 0.10933100 0.49493600
v 0.29888700 0.10919000 0.49342300
v 0.29333200 0.10686700 0.49811300
v 0.29393400 0.10353900 0.50503900
v 0.29314700 0.10666000 0.50608400
v 0.29407600 0.10455000 0.50260200
v 0.29661600 0.10072800 0.51184300
v 0.29757000 0.10013500 0.52126000
v 0.29345900 0.10539600 0.50946800
v 0.29464900 0.10242900 0.50832900
v 0.30402600 0.09704130 0.52100100
v 0.30330300 0.09587980 0.53037100
v 0.30094800 0.09894070 0.52470100
v 0.30070900 0.09991770 0.51519800
v 0.30534400 0.09332400 0.52789500
v 0.30655600 0.08790780 0.54522700
v 0.30511700 0.09034940 0.54268300
v 0.30705300 0.08959660 0.53911400
v 0.30844000 0.08476750 0.55795000
v 0.31016700 0.07971880 0.57009700
v 0.30816600 0.08540250 0.56337100
v 0.30893500 0.08361220 0.56110200
v 0.31247400 0.07348190 0.58978200
v 0.31312500 0.07088890 0.58701200
v 0.31821400 0.06254900 0.59785700
v 0.31422200 0.06517100 0.60296400
v 0.31355500 0.06678090 0.59975700
v 0.31464800 0.06512050 0.59511300
v 0.31694200 0.06003780 0.60126200
v 0.31304100 0.06046110 0.60890500
v 0.31179500 0.06354860 0.60509600
v 0.31626900 0.06123110 0.59997200
v 0.31659100 0.05804700 0.60280800
v 0.31156400 0.05640800 0.60868500
v 0.31290700 0.05718450 0.60941300
v 0.31301800 0.05926180 0.61010000
v 0.31676700 0.05893930 0.60234300
v 0.30996000 0.05466460 0.60900800
v 0.31107900 0.05569510 0.60859300
v 0.31713000 0.05693940 0.60347300
v 0.31484900 0.05388720 0.60345500
v 0.30980400 0.05180700 0.60719100
v 0.31004200 0.05379100 0.60891200
v 0.31711900 0.05531780 0.60327000
v 0.31741200 0.05008900 0.60151100
v 0.30980300 0.04958120 0.60596800
v 0.31489200 0.05176310 0.60254100
v 0.31962100 0.05138790 0.60087300
v 0.31438700 0.04794090 0.60253900
v 0.30946700 0.04876730 0.60646600
v 0.31686100 0.04930880 0.60148700
v 0.31992200 0.04496940 0.60337100
v 0.31772700 0.04341150 0.60510300
v 0.31095900 0.04283630 0.60770700
v 0.30961600 0.04361920 0.60980600
v 0.30983500 0.04631340 0.60807800
v 0.31502000 0.04552910 0.60467200
v 0.30956500 0.04136570 0.60838700
v 0.30885900 0.04277900 0.61114000
v 0.30957700 0.04189670 0.60780800
v 0.31293100 0.04020810 0.60942100
v 0.31045800 0.04126670 0.61374700
v 0.30966200 0.04190140 0.61199800
v 0.31060000 0.04080040 0.60911000
v 0.31425200 0.03908170 0.61097000
v 0.31230400 0.03834690 0.61414500
v 0.31103600 0.03882240 0.61630700
v 0.31048600 0.04036630 0.61485800
v 0.31335500 0.03969230 0.61049200
v 0.31322200 0.03626800 0.61946200
v 0.31153100 0.03751200 0.61913800
v 0.31255600 0.03692830 0.61683400
v 0.31250600 0.03686300 0.62092100
v 0.31420100 0.03562220 0.62124600
v 0.31557600 0.03295870 0.63056300
v 0.31406600 0.03398190 0.63054900
v 0.31541800 0.03220410 0.63438800
v 0.31375500 0.03318230 0.63449600
v 0.31366200 0.03345500 0.63274100
v 0.31521300 0.03246640 0.63275800
v 0.31680600 0.03189070 0.63753500
v 0.31466200 0.03289320 0.63627100
v 0.31640200 0.03200660 0.63614600
v 0.31690100 0.03204010 0.64030500
v 0.31526800 0.03246390 0.63996300
v 0.31703400 0.03187010 0.63906000
v 0.31624200 0.03374680 0.64395800
v 0.31484700 0.03461240 0.64527100
v 0.31471800 0.03264590 0.64142300
v 0.31637600 0.03230400 0.64166400
v 0.31612700 0.03708010 0.64919600
v 0.31508300 0.03678030 0.64850900
v 0.31650200 0.03599670 0.64709500
v 0.31662500 0.03898030 0.64973900
v 0.31510000 0.03762010 0.64911600
v 0.31614400 0.03792010 0.64980200
v 0.31658100 0.04026020 0.65012000
v 0.31508300 0.03832900 0.64938400
v 0.31660800 0.03968910 0.65000800
v 0.31646800 0.04100400 0.64966300
v 0.31503200 0.03879700 0.64924900
v 0.31653000 0.04072830 0.64998500
v 0.31493100 0.03895430 0.64854800
v 0.31623800 0.04085070 0.64559100
v 0.31477400 0.03887520 0.64728200
v 0.31610700 0.04106050 0.64687200
v 0.31683400 0.04038470 0.64231100
v 0.31526300 0.03871010 0.64552900
v 0.31672700 0.04068560 0.64383800
v 0.31625800 0.03981000 0.63897500
v 0.31484500 0.03662190 0.63972600
v 0.31503800 0.03949500 0.63575100
v 0.31369000 0.03679880 0.63584100
v 0.31399300 0.03640880 0.63801900
v 0.31529000 0.03963580 0.63721900
v 0.31562700 0.03968550 0.63270500
v 0.31407800 0.03717500 0.63232000
v 0.31409500 0.03690020 0.63407500
v 0.31557100 0.03955980 0.63397600
v 0.31533400 0.04043930 0.63046100
v 0.31544100 0.04001760 0.63141600
v 0.31354200 0.03893410 0.62774700
v 0.31433900 0.04397260 0.62685300
v 0.31198300 0.04243670 0.62210800
v 0.31257600 0.04089280 0.62352300
v 0.31473000 0.04296310 0.62757100
v 0.31050400 0.04456130 0.61939200
v 0.31115800 0.04361910 0.62122900
v 0.31337400 0.04514720 0.62605100
v 0.31254200 0.04873910 0.62325700
v 0.31038200 0.04852760 0.61651900
v 0.31037300 0.04585810 0.61857900
v 0.31277000 0.04759000 0.62468500
v 0.31347600 0.05124400 0.62137600
v 0.31061000 0.05184040 0.61729100
v 0.30993600 0.04982980 0.61615400
v 0.31266700 0.04993590 0.62253300
v 0.31625700 0.05341740 0.62053000
v 0.31143700 0.05393850 0.61692000
v 0.31016900 0.05301080 0.61728900
v 0.31369900 0.05223940 0.62091100
v 0.32302500 0.05531250 0.61999500
v 0.31872800 0.05554090 0.61752100
v 0.31649100 0.05510890 0.61634700
v 0.32142400 0.05449900 0.61975500
v 0.32418600 0.05684080 0.62353800
v 0.31829500 0.05828690 0.61877100
v 0.32298200 0.05578760 0.62074200
v 0.32551200 0.05842280 0.63318200
v 0.32201200 0.06087860 0.63259400
v 0.31939900 0.05955810 0.62433600
v 0.32613200 0.05794010 0.63614700
v 0.32520200 0.05802080 0.63685200
v 0.32359000 0.05990260 0.63800100
v 0.32564400 0.05820860 0.63489300
v 0.32772400 0.05712760 0.63922500
v 0.32648500 0.05914490 0.64156500
v 0.32532900 0.05970450 0.63927600
v 0.32666800 0.05763780 0.63808800
v 0.32805700 0.05637630 0.64068300
v 0.32861100 0.05236580 0.64593400
v 0.32806500 0.05344420 0.64750700
v 0.32857400 0.05403230 0.64386600
v 0.33071100 0.04888980 0.64936000
v 0.33075100 0.04846940 0.65148300
v 0.32955500 0.05198250 0.64903800
v 0.32990200 0.05085610 0.64739300
v 0.33174700 0.04406530 0.65433200
v 0.33131600 0.04597350 0.65233100
v 0.33209000 0.04262020 0.65619200
v 0.33194600 0.04316890 0.65537600
v 0.33221200 0.04263240 0.65714900
v 0.33155600 0.04443640 0.65608900
v 0.33218000 0.04241920 0.65677900
v 0.33211600 0.04421770 0.65729800
v 0.33218600 0.04326000 0.65730300
v 0.33200200 0.04550540 0.65713500
v 0.33141700 0.05060370 0.65576700
v 0.33123100 0.04808740 0.65561800
v 0.33166700 0.04875270 0.65636200
v 0.33091100 0.05455650 0.65415700
v 0.32989800 0.05359090 0.65242000
v 0.33098100 0.05005780 0.65488400
v 0.33119200 0.05257500 0.65501600
v 0.32775600 0.05714220 0.65025500
v 0.32851800 0.05551600 0.65161900
v 0.32962900 0.05648400 0.65328400
v 0.32875800 0.06179330 0.64956100
v 0.32906400 0.06018840 0.65091800
v 0.32805000 0.06436510 0.64647000
v 0.32664500 0.06227760 0.64605200
v 0.32834400 0.06318670 0.64809400
v 0.32754600 0.06615530 0.64277900
v 0.32545400 0.06385090 0.64190200
v 0.32644600 0.06325050 0.64428400
v 0.32231400 0.06522600 0.63624000
v 0.32359300 0.06448610 0.64009900
v 0.32589500 0.06669620 0.64088100
v 0.32164600 0.07228050 0.61750500
v 0.31656700 0.06906990 0.61375500
v 0.31707100 0.06624800 0.61782400
v 0.32046700 0.06742170 0.62571000
v 0.31835400 0.07440920 0.61233600
v 0.31461200 0.07414710 0.61130600
v 0.31273300 0.07211350 0.60852300
v 0.31332200 0.07008220 0.61122400
v 0.31891900 0.07307120 0.61478600
v 0.31454500 0.07993790 0.59983900
v 0.31429200 0.07353460 0.60474600
v 0.31525800 0.07573910 0.60868000
v 0.31273200 0.08353250 0.59026300
v 0.31086700 0.08785300 0.58098800
v 0.31209200 0.07967740 0.59018400
v 0.30498900 0.10289800 0.55310600
v 0.30103900 0.10218500 0.53756600
v 0.30437200 0.09674540 0.54955400
v 0.30795300 0.09131900 0.56503600
v 0.30906300 0.09360180 0.57035800
v 0.29329500 0.12417800 0.50761900
v 0.29290800 0.11717300 0.51017000
v 0.29734200 0.11791800 0.52557700
v 0.29191900 0.11955100 0.49426200
v 0.29228700 0.12254700 0.49882800
v 0.29238300 0.11245900 0.49387400
v 0.29264200 0.11025100 0.49464300
v 0.29228300 0.11008100 0.50128700
v 0.29249500 0.11135900 0.49412400
v 0.29305400 0.10800600 0.49658700
v 0.29282400 0.10913400 0.49543000
v 0.19164300 0.10421800 0.49588600
v 0.19160900 0.10421800 0.49589100
v 0.19157800 0.10421700 0.49590400
v 0.19155200 0.10421700 0.49592400
v 0.19153200 0.10421600 0.49595000
v 0.19151900 0.10421500 0.49598000
v 0.19151500 0.10421400 0.49601400
v 0.19151900 0.10421300 0.49604800
v 0.19153200 0.10421300 0.49607900
v 0.19155200 0.10421200 0.49610500
v 0.19157800 0.10421100 0.49612500
v 0.19160900 0.10421100 0.49613800
v 0.19164300 0.10421100 0.49614200
v 0.19167700 0.10421100 0.49613800
v 0.19170800 0.10421100 0.49612500
v 0.19173300 0.10421200 0.49610500
v 0.19175300 0.10421300 0.49607900
v 0.19176600 0.10421300 0.49604800
v 0.19177100 0.10421400 0.49601400
v 0.19176600 0.10421500 0.49598000
v 0.19175300 0.10421600 0.49595000
v 0.19173300 0.10421700 0.49592400
v 0.19170800 0.10421700 0.49590400
v 0.19167700 0.10421800 0.49589100
v 0.18442200 0.10524600 0.47595200
v 0.18226600 0.10523500 0.47632600
v 0.18032900 0.10520600 0.47737900
v 0.17868600 0.10515900 0.47901200
v 0.17741700 0.10510000 0.48112500
v 0.17659900 0.10503000 0.48361800
v 0.17630800 0.10495100 0.48639200
v 0.17659900 0.10487300 0.48916500
v 0.17741700 0.10480300 0.49165800
v 0.17868600 0.10474300 0.49377100
v 0.18032900 0.10469700 0.49540400
v 0.18226600 0.10466700 0.49645700
v 0.18442200 0.10465700 0.49683100
v 0.18657700 0.10466700 0.49645700
v 0.18851500 0.10469700 0.49540400
v 0.19015700 0.10474300 0.49377100
v 0.19142600 0.10480300 0.49165800
v 0.19224500 0.10487300 0.48916500
v 0.19253500 0.10495100 0.48639200
v 0.19224500 0.10503000 0.48361800
v 0.19142600 0.10510000 0.48112500
v 0.19015700 0.10515900 0.47901200
v 0.18851500 0.10520600 0.47737900
v 0.18657700 0.10523500 0.47632600
v 0.17550100 0.10521600 0.49346200
v 0.18559700 0.10511800 0.49698200
v 0.18807600 0.10515600 0.49560200
v 0.19017800 0.10521600 0.49346200
v 0.19180100 0.10529300 0.49069300
v 0.19284900 0.10538400 0.48742700
v 0.17869900 0.10641400 0.46682700
v 0.17033700 0.10587500 0.48639100
v 0.17584000 0.10561300 0.49589900
v 0.18791800 0.10561300 0.49589900
v 0.19034100 0.10568200 0.49341000
v 0.19221300 0.10577100 0.49019100
v 0.19342100 0.10610800 0.47793900
v 0.19221300 0.10621300 0.47414000
v 0.16521400 0.10746900 0.47960900
v 0.16728500 0.10718600 0.48974500
v 0.16965500 0.10707300 0.49381200
v 0.17633900 0.10692800 0.49898200
v 0.16552300 0.10780000 0.47400500
v 0.16552300 0.10749300 0.48486800
v 0.19119400 0.10723900 0.49388800
v 0.18030700 0.10723100 0.50005700
v 0.18444300 0.10836900 0.45925200
v 0.19605100 0.10798700 0.47914800
v 0.19548800 0.10814500 0.47354700
v 0.17208200 0.10885300 0.46023300
v 0.17208200 0.10779800 0.49761500
v 0.19418900 0.10863400 0.46800200
v 0.18838900 0.10885300 0.46023300
v 0.18021500 0.10912800 0.45692600
v 0.17587100 0.10910500 0.45771000
v 0.16865600 0.10894400 0.46334700
v 0.16609800 0.10881700 0.46778100
v 0.16444800 0.10866800 0.47301300
v 0.19177400 0.10894400 0.46334700
v 0.18455900 0.10910500 0.45771000
v 0.18001900 0.11319800 0.45507600
v 0.17465100 0.11317300 0.45595700
v 0.16982500 0.11310300 0.45844100
v 0.16573500 0.11299400 0.46229300
v 0.16257400 0.11285400 0.46727700
v 0.16053500 0.11268800 0.47315800
v 0.15981200 0.11250300 0.47969900
v 0.16053500 0.11231800 0.48624000
v 0.16257400 0.11215200 0.49212100
v 0.16573500 0.11201200 0.49710500
v 0.16982500 0.11190300 0.50095700
v 0.17465100 0.11183300 0.50344100
v 0.18001900 0.11180800 0.50432200
v 0.19746500 0.11285400 0.46727700
v 0.19430300 0.11299400 0.46229300
v 0.19021300 0.11310300 0.45844100
v 0.18538700 0.11317300 0.45595700
v 0.17398500 0.11721200 0.45628200
v 0.16843700 0.11713700 0.45890200
v 0.16373500 0.11702100 0.46296500
v 0.16010100 0.11687100 0.46822200
v 0.15775800 0.11669400 0.47442500
v 0.15692700 0.11649700 0.48132500
v 0.15775800 0.11629900 0.48822500
v 0.16010100 0.11612200 0.49442800
v 0.16373500 0.11597200 0.49968500
v 0.16843700 0.11585600 0.50374800
v 0.17398500 0.11578100 0.50636800
v 0.18632700 0.11578100 0.50636800
v 0.20255400 0.11669400 0.47442500
v 0.19352200 0.11981800 0.50624900
v 0.19874500 0.11994000 0.50205200
v 0.20630700 0.12048400 0.48309000
v 0.19874400 0.12102300 0.46412700
v 0.15294600 0.12445600 0.48478600
v 0.15395100 0.12424500 0.49209200
v 0.15678400 0.12405600 0.49866100
v 0.16117800 0.12389600 0.50422800
v 0.16686300 0.12377400 0.50853100
v 0.15265200 0.12867000 0.47879400
v 0.17372700 0.12766200 0.51348000
v 0.18174100 0.12763500 0.51448800
v 0.15492500 0.13286900 0.47281000
v 0.19884500 0.13318600 0.46237600
v 0.16653700 0.13504200 0.46235200
v 0.15471000 0.13386800 0.50281600
v 0.20646100 0.13492200 0.46698000
v 0.19191900 0.13513700 0.45936800
v 0.18345500 0.13611600 0.45819300
v 0.17479500 0.13700500 0.45909900
v 0.15989400 0.13677500 0.46686400
v 0.21292300 0.13661700 0.47297300
v 0.15115100 0.13685000 0.49640900
v 0.15994400 0.13646800 0.50987400
v 0.14988100 0.13801600 0.48837500
v 0.21779000 0.13827700 0.48017100
v 0.20189500 0.13880500 0.46171300
v 0.16722500 0.13840900 0.51551300
v 0.18540000 0.14133700 0.45641700
v 0.19484900 0.14130600 0.45756000
v 0.17631400 0.14248300 0.45683600
v 0.16770500 0.14238400 0.46012500
v 0.21137100 0.14225000 0.46522600
v 0.16057500 0.14344200 0.46452600
v 0.20480700 0.14361200 0.45931300
v 0.18738800 0.14616600 0.45233700
v 0.17744900 0.14612500 0.45359000
v 0.16851400 0.14601700 0.45712700
v 0.16094200 0.14585200 0.46261200
v 0.15508900 0.14564000 0.46970900
v 0.15131500 0.14539100 0.47808300
v 0.14997800 0.14511500 0.48739700
v 0.15131600 0.14483900 0.49671100
v 0.15509000 0.14459300 0.50508500
v 0.16094200 0.14438500 0.51218200
v 0.16851500 0.14422500 0.51766700
v 0.17745000 0.14412300 0.52120400
v 0.18738800 0.14409000 0.52245700
v 0.19732700 0.14413000 0.52120400
v 0.20626100 0.14423800 0.51766700
v 0.21383400 0.14440300 0.51218200
v 0.21968600 0.14461500 0.50508500
v 0.22346000 0.14486400 0.49671100
v 0.22479800 0.14514100 0.48739700
v 0.22346000 0.14541600 0.47808300
v 0.21968600 0.14566300 0.46970900
v 0.21383300 0.14587100 0.46261200
v 0.20626100 0.14603000 0.45712700
v 0.19732600 0.14613200 0.45359000
v 0.18746600 0.14637300 0.45210800
v 0.17750900 0.14633200 0.45336700
v 0.16855800 0.14622300 0.45692000
v 0.16097200 0.14605500 0.46242900
v 0.15510900 0.14584000 0.46955700
v 0.15132800 0.14558600 0.47796800
v 0.14998800 0.14530600 0.48732300
v 0.15132800 0.14502600 0.49667900
v 0.15510900 0.14477500 0.50508900
v 0.16097200 0.14456400 0.51221800
v 0.16855900 0.14440100 0.51772700
v 0.17751000 0.14429800 0.52128000
v 0.18746600 0.14426400 0.52253900
v 0.19742300 0.14430500 0.52128000
v 0.20637400 0.14441400 0.51772700
v 0.21396000 0.14458200 0.51221800
v 0.21982300 0.14479800 0.50508900
v 0.22360400 0.14505100 0.49667900
v 0.22494400 0.14533200 0.48732300
v 0.22360400 0.14561100 0.47796800
v 0.21982300 0.14586200 0.46955700
v 0.21396000 0.14607300 0.46242900
v 0.20637300 0.14623600 0.45692000
v 0.19742200 0.14633900 0.45336700
v 0.18754400 0.14654800 0.45187200
v 0.17756900 0.14650700 0.45313700
v 0.16860200 0.14639800 0.45670600
v 0.16100200 0.14623200 0.46224000
v 0.15512900 0.14601800 0.46940000
v 0.15134100 0.14576600 0.47784900
v 0.14999900 0.14548700 0.48724600
v 0.15134100 0.14521000 0.49664400
v 0.15512900 0.14496100 0.50509300
v 0.16100300 0.14475100 0.51225300
v 0.16860300 0.14458900 0.51778700
v 0.17757000 0.14448700 0.52135600
v 0.18754500 0.14445300 0.52262100
v 0.19751900 0.14449400 0.52135600
v 0.20648600 0.14460300 0.51778700
v 0.21408600 0.14476900 0.51225300
v 0.21996000 0.14498300 0.50509300
v 0.22374700 0.14523400 0.49664400
v 0.22509000 0.14551300 0.48724600
v 0.22374700 0.14579100 0.47784900
v 0.21995900 0.14604000 0.46940000
v 0.21408600 0.14625000 0.46224000
v 0.20648600 0.14641100 0.45670600
v 0.19751800 0.14651400 0.45313700
v 0.18762200 0.14675600 0.45163100
v 0.17763000 0.14671500 0.45290100
v 0.16864600 0.14660400 0.45648600
v 0.16103300 0.14643500 0.46204600
v 0.15514900 0.14621700 0.46923900
v 0.15135400 0.14596200 0.47772600
v 0.15001000 0.14567800 0.48716700
v 0.15135500 0.14539600 0.49660800
v 0.15514900 0.14514300 0.50509500
v 0.16103300 0.14493000 0.51228800
v 0.16864700 0.14476600 0.51784700
v 0.17763000 0.14466200 0.52143200
v 0.18762300 0.14462700 0.52270300
v 0.19761500 0.14466800 0.52143200
v 0.20659800 0.14477900 0.51784700
v 0.21421200 0.14494800 0.51228800
v 0.22009600 0.14516600 0.50509500
v 0.22389000 0.14542100 0.49660800
v 0.22523500 0.14570500 0.48716700
v 0.22389000 0.14598700 0.47772600
v 0.22009600 0.14624000 0.46923900
v 0.21421100 0.14645300 0.46204600
v 0.20659800 0.14661700 0.45648600
v 0.19761500 0.14672100 0.45290100
v 0.18770000 0.14693000 0.45138100
v 0.17769000 0.14688900 0.45265700
v 0.16869100 0.14677900 0.45625900
v 0.16106400 0.14661100 0.46184500
v 0.15516900 0.14639500 0.46907200
v 0.15136800 0.14614200 0.47759900
v 0.15002100 0.14586000 0.48708300
v 0.15136800 0.14558000 0.49656800
v 0.15516900 0.14532900 0.50509500
v 0.16106400 0.14511700 0.51232200
v 0.16869100 0.14495400 0.51790800
v 0.17769100 0.14485000 0.52150900
v 0.18770100 0.14481600 0.52278600
v 0.19771100 0.14485700 0.52150900
v 0.20671000 0.14496700 0.51790800
v 0.21433700 0.14513500 0.51232200
v 0.22023200 0.14535100 0.50509500
v 0.22403300 0.14560500 0.49656900
v 0.22538000 0.14588600 0.48708400
v 0.22403300 0.14616700 0.47759900
v 0.22023200 0.14641800 0.46907200
v 0.21433700 0.14663000 0.46184500
v 0.20670900 0.14679200 0.45625900
v 0.19771000 0.14689600 0.45265700
v 0.18777800 0.14713900 0.45112600
v 0.17775000 0.14709700 0.45240800
v 0.16873500 0.14698600 0.45602700
v 0.16109400 0.14681500 0.46163900
v 0.15518900 0.14659600 0.46890000
v 0.15138100 0.14633800 0.47746700
v 0.15003200 0.14605200 0.48699700
v 0.15138200 0.14576700 0.49652700
v 0.15519000 0.14551200 0.50509500
v 0.16109500 0.14529600 0.51235600
v 0.16873600 0.14513100 0.51796800
v 0.17775100 0.14502500 0.52158700
v 0.18777900 0.14499000 0.52286900
v 0.19780700 0.14503200 0.52158700
v 0.20682200 0.14514400 0.51796800
v 0.21446200 0.14531400 0.51235600
v 0.22036700 0.14553400 0.50509500
v 0.22417500 0.14579200 0.49652700
v 0.22552500 0.14607800 0.48699700
v 0.22417500 0.14636300 0.47746700
v 0.22036700 0.14661800 0.46890000
v 0.21446200 0.14683300 0.46163900
v 0.20682100 0.14699900 0.45602700
v 0.19780600 0.14710400 0.45240800
v 0.18785600 0.14734800 0.45086300
v 0.17781000 0.14730600 0.45215100
v 0.16878000 0.14719300 0.45578800
v 0.16112500 0.14701900 0.46142700
v 0.15521000 0.14679600 0.46872300
v 0.15139500 0.14653400 0.47733200
v 0.15004300 0.14624300 0.48690800
v 0.15139600 0.14595400 0.49648400
v 0.15521000 0.14569400 0.50509300
v 0.16112600 0.14547500 0.51238900
v 0.16878000 0.14530700 0.51802800
v 0.17781100 0.14520000 0.52166400
v 0.18785700 0.14516400 0.52295300
v 0.19790200 0.14520700 0.52166400
v 0.20693300 0.14532000 0.51802800
v 0.21458700 0.14549400 0.51238900
v 0.22050200 0.14571700 0.50509300
v 0.22431700 0.14597900 0.49648400
v 0.22566900 0.14627000 0.48690800
v 0.22431700 0.14655900 0.47733200
v 0.22050200 0.14681900 0.46872300
v 0.21458700 0.14703800 0.46142700
v 0.20693200 0.14720600 0.45578800
v 0.19790100 0.14731300 0.45215100
v 0.18958900 0.15168900 0.44585500
v 0.17916700 0.15164300 0.44727100
v 0.16979800 0.15152000 0.45126300
v 0.16185800 0.15133200 0.45745500
v 0.15572100 0.15109000 0.46546700
v 0.22345700 0.15111300 0.46546700
v 0.21732000 0.15135100 0.45745500
v 0.20937900 0.15153400 0.45126300
v 0.20001000 0.15165000 0.44727100
v 0.19117200 0.15601100 0.44273100
v 0.18042900 0.15596100 0.44424400
v 0.17077100 0.15582800 0.44851400
v 0.16258500 0.15562500 0.45513500
v 0.15625900 0.15536300 0.46370200
v 0.16258600 0.15381200 0.51497000
v 0.22608500 0.15538700 0.46370200
v 0.21975900 0.15564500 0.45513500
v 0.21157300 0.15584200 0.44851400
v 0.20191500 0.15596900 0.44424400
v 0.19254700 0.16029000 0.44106900
v 0.18153500 0.16023700 0.44266000
v 0.17163500 0.16009600 0.44714900
v 0.16324400 0.15988000 0.45410900
v 0.15257700 0.15927400 0.47374100
v 0.15676000 0.15822600 0.50800700
v 0.17163500 0.15774200 0.52397300
v 0.18153600 0.15760800 0.52846200
v 0.23251800 0.15930200 0.47374100
v 0.22185100 0.15990000 0.45410900
v 0.21346000 0.16011000 0.44714900
v 0.20356000 0.16024500 0.44266000
v 0.19368400 0.16449400 0.44049300
v 0.18244400 0.16444000 0.44214800
v 0.15288800 0.16270500 0.49905900
v 0.19368500 0.16169000 0.53303900
v 0.23599400 0.16310600 0.48676600
v 0.22359400 0.16409300 0.45405500
v 0.21502900 0.16431000 0.44681600
v 0.20492500 0.16444800 0.44214800
v 0.19512000 0.17288500 0.44129900
v 0.18346700 0.17282700 0.44305600
v 0.17299200 0.17267300 0.44801300
v 0.16411300 0.17243800 0.45570000
v 0.15725100 0.17213400 0.46564700
v 0.15282600 0.17177700 0.47738200
v 0.15125800 0.17138100 0.49043600
v 0.15282700 0.17098600 0.50349000
v 0.15725200 0.17063100 0.51522500
v 0.16411400 0.17033300 0.52517200
v 0.17299200 0.17010300 0.53285900
v 0.18346800 0.16995600 0.53781600
v 0.19512100 0.16990700 0.53957300
v 0.20677400 0.16996400 0.53781600
v 0.21724900 0.17011800 0.53285900
v 0.22612800 0.17035400 0.52517200
v 0.23299000 0.17065800 0.51522500
v 0.23741500 0.17101500 0.50349000
v 0.23898300 0.17141100 0.49043600
v 0.23741400 0.17180600 0.47738200
v 0.23298900 0.17216000 0.46564700
v 0.22612700 0.17245900 0.45570000
v 0.21724800 0.17268900 0.44801300
v 0.20677300 0.17283500 0.44305600
v 0.19511800 0.17291700 0.44130500
v 0.18346500 0.17285500 0.44306200
v 0.17298900 0.17269800 0.44802000
v 0.16411000 0.17245900 0.45570900
v 0.15724800 0.17215300 0.46565700
v 0.15282300 0.17179400 0.47739400
v 0.15125500 0.17139700 0.49045100
v 0.15282300 0.17100300 0.50350700
v 0.15724900 0.17065000 0.51524500
v 0.16411100 0.17035400 0.52519300
v 0.17299100 0.17012700 0.53288200
v 0.18346700 0.16998400 0.53784000
v 0.19512000 0.16993900 0.53959700
v 0.20677400 0.17000000 0.53784000
v 0.21725000 0.17015700 0.53288200
v 0.22612900 0.17039600 0.52519300
v 0.23299100 0.17070200 0.51524500
v 0.23741600 0.17106100 0.50350700
v 0.23898400 0.17145800 0.49045100
v 0.23741500 0.17185200 0.47739400
v 0.23299000 0.17220500 0.46565700
v 0.22612700 0.17250200 0.45570900
v 0.21724800 0.17272900 0.44802000
v 0.20677200 0.17287100 0.44306200
v 0.19511700 0.17292700 0.44131000
v 0.18346300 0.17286600 0.44306700
v 0.17298700 0.17271000 0.44802600
v 0.16410700 0.17247400 0.45571700
v 0.15724500 0.17217100 0.46566700
v 0.15281900 0.17181600 0.47740700
v 0.15125100 0.17142400 0.49046600
v 0.15282000 0.17103400 0.50352500
v 0.15724600 0.17068500 0.51526500
v 0.16410900 0.17039200 0.52521500
v 0.17298800 0.17016800 0.53290500
v 0.18346500 0.17002700 0.53786400
v 0.19511900 0.16998200 0.53962100
v 0.20677300 0.17004300 0.53786400
v 0.21725000 0.17019800 0.53290500
v 0.22613000 0.17043500 0.52521500
v 0.23299200 0.17073800 0.51526500
v 0.23741700 0.17109200 0.50352500
v 0.23898500 0.17148500 0.49046600
v 0.23741700 0.17187500 0.47740700
v 0.23299100 0.17222300 0.46566700
v 0.22612800 0.17251700 0.45571700
v 0.21724800 0.17274100 0.44802600
v 0.20677100 0.17288200 0.44306700
v 0.19511600 0.17297800 0.44131600
v 0.18346200 0.17291700 0.44307400
v 0.17298400 0.17276000 0.44803400
v 0.16410400 0.17252000 0.45572500
v 0.15724200 0.17221400 0.46567700
v 0.15281600 0.17185500 0.47741900
v 0.15124800 0.17145800 0.49048100
v 0.15281700 0.17106400 0.50354200
v 0.15724300 0.17071100 0.51528400
v 0.16410600 0.17041400 0.52523600
v 0.17298600 0.17018700 0.53292800
v 0.18346400 0.17004400 0.53788800
v 0.19511800 0.16999900 0.53964500
v 0.20677300 0.17006000 0.53788800
v 0.21725000 0.17021800 0.53292800
v 0.22613000 0.17045700 0.52523600
v 0.23299300 0.17076300 0.51528400
v 0.23741900 0.17112200 0.50354200
v 0.23898700 0.17151900 0.49048100
v 0.23741800 0.17191400 0.47741900
v 0.23299200 0.17226600 0.46567700
v 0.22612900 0.17256300 0.45572500
v 0.21724800 0.17279000 0.44803400
v 0.20677100 0.17293300 0.44307400
v 0.19511500 0.17298800 0.44132100
v 0.18346000 0.17292800 0.44307900
v 0.17298200 0.17277200 0.44804000
v 0.16410100 0.17253500 0.45573300
v 0.15723800 0.17223200 0.46568700
v 0.15281300 0.17187800 0.47743200
v 0.15124400 0.17148500 0.49049600
v 0.15281300 0.17109500 0.50356000
v 0.15724000 0.17074600 0.51530400
v 0.16410300 0.17045300 0.52525800
v 0.17298400 0.17022900 0.53295100
v 0.18346200 0.17008700 0.53791200
v 0.19511700 0.17004200 0.53967000
v 0.20677200 0.17010300 0.53791200
v 0.21725000 0.17025900 0.53295100
v 0.22613100 0.17049600 0.52525800
v 0.23299400 0.17079800 0.51530400
v 0.23742000 0.17115300 0.50356000
v 0.23898800 0.17154600 0.49049600
v 0.23741900 0.17193600 0.47743200
v 0.23299300 0.17228500 0.46568700
v 0.22612900 0.17257800 0.45573300
v 0.21724900 0.17280200 0.44804000
v 0.20677000 0.17294400 0.44307900
v 0.19511400 0.17304000 0.44132700
v 0.18345800 0.17297900 0.44308600
v 0.17298000 0.17282100 0.44804800
v 0.16409900 0.17258200 0.45574200
v 0.15723500 0.17227500 0.46569800
v 0.15280900 0.17191600 0.47744400
v 0.15124100 0.17151900 0.49051100
v 0.15281000 0.17112500 0.50357700
v 0.15723600 0.17077200 0.51532400
v 0.16410000 0.17047500 0.52527900
v 0.17298100 0.17024800 0.53297400
v 0.18346000 0.17010500 0.53793500
v 0.19511600 0.17006000 0.53969400
v 0.20677200 0.17012100 0.53793500
v 0.21725000 0.17027900 0.53297400
v 0.22613100 0.17051800 0.52527900
v 0.23299500 0.17082400 0.51532400
v 0.23742100 0.17118300 0.50357700
v 0.23898900 0.17158000 0.49051100
v 0.23742000 0.17197500 0.47744400
v 0.23299400 0.17232800 0.46569800
v 0.22613000 0.17262500 0.45574200
v 0.21724900 0.17285200 0.44804800
v 0.20677000 0.17299500 0.44308600
v 0.19511300 0.17305000 0.44133200
v 0.18345600 0.17298900 0.44309100
v 0.17297700 0.17283300 0.44805400
v 0.16409600 0.17259700 0.45575000
v 0.15723200 0.17229400 0.46570800
v 0.15280600 0.17193900 0.47745700
v 0.15123700 0.17154600 0.49052600
v 0.15280600 0.17115600 0.50359500
v 0.15723300 0.17080700 0.51534300
v 0.16409700 0.17051300 0.52530100
v 0.17297900 0.17028900 0.53299700
v 0.18345800 0.17014800 0.53796000
v 0.19511500 0.17010300 0.53971900
v 0.20677100 0.17016400 0.53796000
v 0.21725000 0.17032000 0.53299700
v 0.22613200 0.17055600 0.52530100
v 0.23299600 0.17085900 0.51534300
v 0.23742200 0.17121400 0.50359500
v 0.23899100 0.17160700 0.49052600
v 0.23742200 0.17199700 0.47745700
v 0.23299500 0.17234600 0.46570800
v 0.22613100 0.17264000 0.45575000
v 0.21724900 0.17286400 0.44805400
v 0.20676900 0.17300500 0.44309100
v 0.19281300 0.18552400 0.44329300
v 0.18092600 0.18546000 0.44517300
v 0.17023900 0.18529300 0.45047800
v 0.16118200 0.18504100 0.45870500
v 0.15418200 0.18471700 0.46935000
v 0.14966900 0.18433800 0.48190900
v 0.14806900 0.18391800 0.49587900
v 0.14966900 0.18350100 0.50985000
v 0.15418300 0.18312800 0.52240900
v 0.16118400 0.18281400 0.53305400
v 0.17024100 0.18257400 0.54128000
v 0.18092800 0.18242200 0.54658500
v 0.19281500 0.18237400 0.54846600
v 0.20470300 0.18243800 0.54658500
v 0.21538900 0.18260500 0.54128000
v 0.22444600 0.18285700 0.53305400
v 0.23144600 0.18318100 0.52240900
v 0.23596000 0.18356000 0.50985000
v 0.23755900 0.18398000 0.49587900
v 0.23595900 0.18439700 0.48190900
v 0.23144500 0.18477000 0.46935000
v 0.22444500 0.18508400 0.45870500
v 0.21538700 0.18532500 0.45047800
v 0.20470100 0.18547600 0.44517300
v 0.19277500 0.18563000 0.44329900
v 0.18088600 0.18556700 0.44518000
v 0.17019700 0.18540200 0.45048900
v 0.16113800 0.18515200 0.45872100
v 0.15413700 0.18483200 0.46937200
v 0.14962200 0.18445700 0.48194000
v 0.14802200 0.18404200 0.49591900
v 0.14962200 0.18362900 0.50989900
v 0.15413800 0.18326000 0.52246600
v 0.16113900 0.18294900 0.53311800
v 0.17019900 0.18271200 0.54135000
v 0.18088800 0.18256200 0.54665800
v 0.19277800 0.18251400 0.54854000
v 0.20466700 0.18257800 0.54665800
v 0.21535600 0.18274300 0.54135000
v 0.22441500 0.18299300 0.53311800
v 0.23141600 0.18331300 0.52246600
v 0.23593100 0.18368800 0.50989900
v 0.23753100 0.18410300 0.49591900
v 0.23593100 0.18451600 0.48194000
v 0.23141500 0.18488500 0.46937200
v 0.22441400 0.18519600 0.45872100
v 0.21535400 0.18543300 0.45048900
v 0.20466500 0.18558300 0.44518000
v 0.19273800 0.18577700 0.44330500
v 0.18084500 0.18571300 0.44518800
v 0.17015400 0.18554600 0.45050000
v 0.16109300 0.18529300 0.45873700
v 0.15409100 0.18496900 0.46939500
v 0.14957500 0.18458900 0.48197000
v 0.14797400 0.18416900 0.49595900
v 0.14957500 0.18375100 0.50994700
v 0.15409200 0.18337800 0.52252300
v 0.16109500 0.18306300 0.53318100
v 0.17015600 0.18282300 0.54141800
v 0.18084700 0.18267100 0.54673000
v 0.19274000 0.18262300 0.54861300
v 0.20463200 0.18268700 0.54673000
v 0.21532300 0.18285400 0.54141800
v 0.22438400 0.18310700 0.53318100
v 0.23138700 0.18343100 0.52252300
v 0.23590300 0.18381100 0.50994700
v 0.23750300 0.18423100 0.49595900
v 0.23590200 0.18464900 0.48197000
v 0.23138600 0.18502200 0.46939500
v 0.22438300 0.18533700 0.45873700
v 0.21532100 0.18557700 0.45050000
v 0.20463000 0.18572900 0.44518800
v 0.19270000 0.18592400 0.44331100
v 0.18080500 0.18585900 0.44519500
v 0.17011100 0.18569000 0.45051000
v 0.16104800 0.18543400 0.45875200
v 0.15404400 0.18510600 0.46941700
v 0.14952800 0.18472200 0.48200100
v 0.14792700 0.18429700 0.49599800
v 0.14952800 0.18387400 0.50999500
v 0.15404600 0.18349600 0.52257800
v 0.16105000 0.18317700 0.53324300
v 0.17011400 0.18293400 0.54148600
v 0.18080700 0.18278000 0.54680100
v 0.19270200 0.18273100 0.54868500
v 0.20459700 0.18279600 0.54680100
v 0.21529000 0.18296500 0.54148600
v 0.22435300 0.18322100 0.53324300
v 0.23135700 0.18354900 0.52257800
v 0.23587400 0.18393300 0.50999500
v 0.23747400 0.18435800 0.49599800
v 0.23587300 0.18478200 0.48200100
v 0.23135600 0.18516000 0.46941700
v 0.22435100 0.18547800 0.45875200
v 0.21528800 0.18572100 0.45051000
v 0.20459500 0.18587500 0.44519500
v 0.19266100 0.18603000 0.44331500
v 0.18076400 0.18596600 0.44520000
v 0.17006900 0.18579900 0.45051900
v 0.16100400 0.18554600 0.45876700
v 0.15399800 0.18522100 0.46943900
v 0.14948000 0.18484100 0.48203000
v 0.14787900 0.18442000 0.49603600
v 0.14948100 0.18400200 0.51004200
v 0.15399900 0.18362800 0.52263400
v 0.16100500 0.18331300 0.53330600
v 0.17007000 0.18307200 0.54155400
v 0.18076600 0.18292000 0.54687200
v 0.19266300 0.18287200 0.54875800
v 0.20456100 0.18293600 0.54687200
v 0.21525600 0.18310300 0.54155400
v 0.22432100 0.18335700 0.53330600
v 0.23132700 0.18368100 0.52263400
v 0.23584500 0.18406100 0.51004300
v 0.23744600 0.18448200 0.49603600
v 0.23584400 0.18490000 0.48203000
v 0.23132600 0.18527400 0.46943900
v 0.22432000 0.18558900 0.45876700
v 0.21525500 0.18583000 0.45051900
v 0.20455900 0.18598200 0.44520000
v 0.19262300 0.18613600 0.44331900
v 0.18072300 0.18607200 0.44520500
v 0.17002500 0.18590700 0.45052700
v 0.16095800 0.18565700 0.45878000
v 0.15395100 0.18533600 0.46945900
v 0.14943300 0.18496000 0.48205900
v 0.14783100 0.18454400 0.49607400
v 0.14943300 0.18413000 0.51008900
v 0.15395200 0.18376000 0.52268900
v 0.16096000 0.18344800 0.53336800
v 0.17002700 0.18321000 0.54162100
v 0.18072500 0.18306000 0.54694300
v 0.19262500 0.18301300 0.54882900
v 0.20452500 0.18307700 0.54694300
v 0.21522300 0.18324200 0.54162100
v 0.22429000 0.18349200 0.53336800
v 0.23129700 0.18381300 0.52268900
v 0.23581600 0.18418900 0.51008900
v 0.23741700 0.18460500 0.49607400
v 0.23581500 0.18501900 0.48205900
v 0.23129600 0.18538900 0.46945900
v 0.22428800 0.18570100 0.45878000
v 0.21522100 0.18593900 0.45052700
v 0.20452300 0.18608900 0.44520500
v 0.19258500 0.18628300 0.44332300
v 0.18068200 0.18621900 0.44521100
v 0.16998200 0.18605200 0.45053600
v 0.16091300 0.18579800 0.45879400
v 0.15390500 0.18547300 0.46948000
v 0.14938500 0.18509200 0.48208800
v 0.14778300 0.18467100 0.49611200
v 0.14938500 0.18425200 0.51013600
v 0.15390600 0.18387800 0.52274300
v 0.16091500 0.18356200 0.53342900
v 0.16998400 0.18332100 0.54168700
v 0.18068400 0.18316900 0.54701200
v 0.19258700 0.18312100 0.54890000
v 0.20448900 0.18318600 0.54701200
v 0.21518900 0.18335300 0.54168700
v 0.22425800 0.18360600 0.53342900
v 0.23126700 0.18393100 0.52274300
v 0.23578600 0.18431200 0.51013600
v 0.23738800 0.18473300 0.49611200
v 0.23578600 0.18515200 0.48208800
v 0.23126600 0.18552700 0.46948000
v 0.22425600 0.18584200 0.45879400
v 0.21518700 0.18608300 0.45053600
v 0.20448700 0.18623500 0.44521100
v 0.15758500 0.19425600 0.47308200
v 0.18898700 0.19675400 0.46418500
v 0.14972300 0.19605300 0.48641300
v 0.17626300 0.19877300 0.47076600
v 0.14447800 0.19783600 0.50062900
v 0.15618700 0.19657000 0.54220500
v 0.16539700 0.19637200 0.54889300
v 0.17626500 0.19624700 0.55320600
v 0.22051700 0.19661500 0.54220600
v 0.22763500 0.19688500 0.53355200
v 0.22763400 0.19820600 0.49041900
v 0.22051600 0.19846700 0.48176600
v 0.14803800 0.20056300 0.53686500
v 0.21027100 0.20020000 0.55079400
v 0.23118700 0.20156500 0.50697000
v 0.15414600 0.20560100 0.49834000
v 0.14702600 0.20537600 0.50534100
v 0.14243400 0.20511600 0.51360200
v 0.14243400 0.20454600 0.53198000
v 0.19842000 0.20385500 0.55614300
v 0.21850600 0.20415200 0.54724200
v 0.22562600 0.20437600 0.54024100
v 0.23021800 0.20463700 0.53198000
v 0.23184600 0.20492300 0.52279100
v 0.13984400 0.20851000 0.52850000
v 0.16242500 0.20773700 0.55448200
v 0.21762900 0.20793800 0.54977400
v 0.22475800 0.20813200 0.54368300
v 0.22935500 0.20835700 0.53649500
v 0.21762800 0.20924200 0.50722600
v 0.17249500 0.21296300 0.50997800
v 0.14521600 0.21258200 0.52162700
v 0.14061100 0.21239400 0.52767900
v 0.13897900 0.21218800 0.53441100
v 0.14061100 0.21198600 0.54114300
v 0.14521600 0.21164900 0.53364400
v 0.15235700 0.21150100 0.53877300
v 0.18462200 0.21131000 0.54620000
v 0.20764900 0.21143800 0.54273700
v 0.21688800 0.21156800 0.53877300
v 0.22402800 0.21173100 0.53364400
v 0.22863200 0.21207700 0.54114300
v 0.22863200 0.21248500 0.52768000
v 0.22402700 0.21266300 0.52162700
v 0.14453500 0.21615800 0.53029900
v 0.13992300 0.21600500 0.53515000
v 0.13828900 0.21583800 0.54054600
v 0.13992300 0.21551600 0.53239000
v 0.14453500 0.21537300 0.53724100
v 0.15168700 0.21525400 0.54135200
v 0.16094100 0.21516600 0.54453000
v 0.19614900 0.21514000 0.54657900
v 0.20706700 0.21521400 0.54453000
v 0.21632000 0.21532100 0.54135200
v 0.22347200 0.21545400 0.53724100
v 0.22808300 0.21560800 0.53239000
v 0.22971800 0.21593300 0.54054600
v 0.22808300 0.21609600 0.53515000
v 0.22347100 0.21624000 0.53029900
v 0.21631900 0.21635900 0.52618800
v 0.13959500 0.21959600 0.54298800
v 0.13796100 0.21931400 0.53341000
v 0.13959500 0.21919500 0.53738300
v 0.14420700 0.21909200 0.54095400
v 0.15135800 0.21900900 0.54398100
v 0.17152700 0.21891900 0.54782900
v 0.13919900 0.21997700 0.53458400
v 0.14081100 0.21986700 0.53829400
v 0.14535800 0.21977200 0.54162900
v 0.15240900 0.21969600 0.54445500
v 0.16153300 0.21964300 0.54664000
v 0.14239500 0.22050600 0.53921400
v 0.14685900 0.22042000 0.54230900
v 0.15378200 0.22035300 0.54493200
v 0.22773200 0.22065300 0.53921400
v 0.22931400 0.22076000 0.53577200
v 0.22773100 0.22086200 0.53233000
v 0.14288100 0.22127300 0.53697700
v 0.14442600 0.22118000 0.54014700
v 0.14878500 0.22110300 0.54299700
v 0.15554400 0.22104200 0.54541300
v 0.16429000 0.22100100 0.54728000
v 0.21663100 0.22114700 0.54541300
v 0.22339000 0.22123100 0.54299700
v 0.14701300 0.22199600 0.53530500
v 0.14701300 0.22182100 0.54109100
v 0.15123800 0.22174900 0.54369200
v 0.15779100 0.22169400 0.54589700
v 0.16626900 0.22165700 0.54760000
v 0.17627100 0.22164100 0.54869900
v 0.18739800 0.22164800 0.54908800
v 0.14885900 0.22257300 0.53944200
v 0.15029600 0.22249700 0.54205200
v 0.15435300 0.22243400 0.54439800
v 0.16064300 0.22238500 0.54638700
v 0.16878200 0.22235300 0.54792400
v 0.19974900 0.22310200 0.54352100
v 0.18106200 0.22350900 0.53229000
v 0.15444900 0.22313800 0.54302900
v 0.15829300 0.22308100 0.54511500
v 0.16425200 0.22303800 0.54688200
v 0.17196400 0.22301000 0.54824800
v 0.18106300 0.22299900 0.54912900
v 0.20130500 0.22303400 0.54912900
v 0.21040300 0.22307700 0.54824800
v 0.21811500 0.22313100 0.54688200
v 0.22407400 0.22319500 0.54511500
v 0.22791700 0.22326500 0.54302900
v 0.22927900 0.22333800 0.54070900
v 0.22791700 0.22340500 0.53839000
v 0.21040200 0.22353300 0.53317100
v 0.16287100 0.22400500 0.53827000
v 0.15978800 0.22382300 0.54408300
v 0.16287200 0.22377400 0.54588500
v 0.16765400 0.22373800 0.54741300
v 0.17384100 0.22371500 0.54859400
v 0.18114200 0.22370700 0.54935500
v 0.19738300 0.22374100 0.54935500
v 0.20468400 0.22377900 0.54859400
v 0.21087100 0.22382700 0.54741300
v 0.21565300 0.22388400 0.54588500
v 0.21873700 0.22394500 0.54408300
v 0.16641900 0.22454100 0.54516800
v 0.16890700 0.22450100 0.54667700
v 0.17276500 0.22447000 0.54795600
v 0.17775700 0.22445100 0.54894400
v 0.18364700 0.22444400 0.54958100
v 0.20263900 0.22450300 0.54894400
v 0.20763100 0.22454300 0.54795600
v 0.21148900 0.22458900 0.54667700
v 0.21397700 0.22463900 0.54516800
v 0.17386900 0.22522100 0.54629500
v 0.17576900 0.22518800 0.54749600
v 0.17871700 0.22516400 0.54851300
v 0.18253100 0.22514800 0.54930000
v 0.18070400 0.22596600 0.54651900
v 0.18117200 0.22593800 0.54748800
v 0.18249300 0.22591500 0.54835800
v 0.18454200 0.22589700 0.54909700
v 0.18719300 0.22588500 0.54966700
v 0.19032100 0.22588100 0.55003500
v 0.20040600 0.22591300 0.54966700
v 0.20305700 0.22593500 0.54909700
v 0.20510600 0.22596200 0.54835800
v 0.20642700 0.22599000 0.54748800
v 0.19456900 0.22674400 0.54613800
v 0.19261600 0.22673700 0.54621300
v 0.19085900 0.22672800 0.54642500
v 0.18937000 0.22671500 0.54675400
v 0.18822000 0.22670000 0.54717900
v 0.18747800 0.22668300 0.54768100
v 0.18721500 0.22666600 0.54824000
v 0.18747800 0.22665000 0.54879800
v 0.18822000 0.22663700 0.54930000
v 0.18937000 0.22662700 0.54972600
v 0.19085900 0.22662000 0.55005500
v 0.19261600 0.22661700 0.55026700
v 0.19457000 0.22661900 0.55034200
v 0.19652400 0.22662600 0.55026700
v 0.19828000 0.22663500 0.55005500
v 0.19976900 0.22664800 0.54972600
v 0.20092000 0.22666300 0.54930000
v 0.20166100 0.22668000 0.54879800
v 0.20192400 0.22669700 0.54824000
v 0.20166100 0.22671300 0.54768100
v 0.20091900 0.22672600 0.54717900
v 0.19976900 0.22673600 0.54675400
v 0.19828000 0.22674300 0.54642500
v 0.19652300 0.22674600 0.54621300
v 0.19234500 0.22731400 0.55025800
v 0.19231200 0.22731400 0.55026300
v 0.19228100 0.22731400 0.55027500
v 0.19225500 0.22731300 0.55029600
v 0.19223500 0.22731200 0.55032100
v 0.19222200 0.22731100 0.55035200
v 0.19221700 0.22731000 0.55038600
v 0.19222200 0.22730900 0.55042000
v 0.19223500 0.22730800 0.55045100
v 0.19225500 0.22730800 0.55047700
v 0.19228100 0.22730700 0.55049700
v 0.19231200 0.22730700 0.55051000
v 0.19234500 0.22730700 0.55051400
v 0.19237900 0.22730700 0.55051000
v 0.19241000 0.22730700 0.55049700
v 0.19243600 0.22730800 0.55047700
v 0.19245600 0.22730900 0.55045100
v 0.19246900 0.22731000 0.55042000
v 0.19247400 0.22731100 0.55038600
v 0.19246900 0.22731200 0.55035200
v 0.19245600 0.22731300 0.55032100
v 0.19243600 0.22731300 0.55029600
v 0.19241000 0.22731400 0.55027500
v 0.19237900 0.22731400 0.55026300
v 0.30440300 0.48958300 0.65770300
v 0.30437300 0.48956700 0.65771100
v 0.30434200 0.48956000 0.65771800
v 0.30430900 0.48956000 0.65772300
v 0.30427800 0.48957000 0.65772600
v 0.30424900 0.48958800 0.65772700
v 0.30422500 0.48961100 0.65772500
v 0.30420800 0.48963900 0.65772100
v 0.30419900 0.48967300 0.65771500
v 0.30419900 0.48970300 0.65770800
v 0.30420700 0.48973400 0.65770000
v 0.30422300 0.48976200 0.65769100
v 0.30424700 0.48978500 0.65768100
v 0.30427600 0.48980100 0.65767300
v 0.30430800 0.48980800 0.65766600
v 0.30434000 0.48980800 0.65766100
v 0.30437200 0.48979800 0.65765800
v 0.30440000 0.48978300 0.65765800
v 0.30442400 0.48975700 0.65765900
v 0.30444200 0.48972900 0.65766400
v 0.30445000 0.48969600 0.65766900
v 0.30445000 0.48966500 0.65767700
v 0.30444200 0.48963400 0.65768500
v 0.30442600 0.48960600 0.65769400
v 0.31417100 0.45631300 0.65916800
v 0.30973600 0.45607200 0.65993500
v 0.30493100 0.45722300 0.66043900
v 0.30001600 0.45967100 0.66066100
v 0.29525100 0.46331800 0.66058200
v 0.29089400 0.46807100 0.66018200
v 0.28741900 0.47347400 0.65949000
v 0.28514400 0.47895500 0.65858800
v 0.28409100 0.48424300 0.65753500
v 0.28428400 0.48907000 0.65638800
v 0.28574500 0.49316900 0.65520700
v 0.28849700 0.49626500 0.65405000
v 0.29230300 0.49799300 0.65304000
v 0.29673900 0.49823400 0.65227400
v 0.30154300 0.49708300 0.65176900
v 0.30645800 0.49463800 0.65154700
v 0.31122300 0.49098800 0.65162600
v 0.31558100 0.48623800 0.65202600
v 0.31905500 0.48083400 0.65271800
v 0.32133100 0.47535400 0.65361900
v 0.32238300 0.47006600 0.65467300
v 0.32219100 0.46523600 0.65582000
v 0.32072900 0.46114000 0.65700100
v 0.31723700 0.44045100 0.65768400
v 0.30310600 0.44607700 0.65864900
v 0.29610300 0.45158700 0.65849800
v 0.28964400 0.45869700 0.65789000
v 0.28443000 0.46672000 0.65687200
v 0.28093900 0.47481500 0.65556000
v 0.27921500 0.48258500 0.65404100
v 0.27930200 0.48963400 0.65239800
v 0.28124300 0.49556600 0.65071600
v 0.29049200 0.50237100 0.64766000
v 0.29686500 0.50255600 0.64659600
v 0.33488700 0.46042200 0.65023900
v 0.33285900 0.44744200 0.65356400
v 0.33917900 0.43099600 0.65169300
v 0.33261700 0.42818400 0.65339500
v 0.32480900 0.42813000 0.65465900
v 0.31622200 0.43063600 0.65545600
v 0.30732300 0.43550700 0.65575700
v 0.29857900 0.44254600 0.65553200
v 0.29045500 0.45155500 0.65475300
v 0.28383000 0.46166800 0.65347700
v 0.27931600 0.47181800 0.65185500
v 0.27697800 0.48151600 0.64998800
v 0.27688000 0.49027000 0.64798100
v 0.27908700 0.49758300 0.64593600
v 0.28366500 0.50296900 0.64395800
v 0.29022800 0.50578100 0.64225600
v 0.29803600 0.50583500 0.64099200
v 0.30662300 0.50333000 0.64019500
v 0.31552100 0.49845700 0.63989400
v 0.32426600 0.49141900 0.64011900
v 0.33239000 0.48241100 0.64089900
v 0.33901400 0.47229900 0.64217400
v 0.34586700 0.45244900 0.64566300
v 0.34375800 0.43638100 0.64971500
v 0.36928000 0.40099800 0.63827300
v 0.36061700 0.39770400 0.64042300
v 0.33783800 0.40311400 0.64282400
v 0.32504800 0.41114300 0.64301900
v 0.31220900 0.42227300 0.64250400
v 0.29998400 0.43616700 0.64125300
v 0.27671300 0.49342800 0.63174900
v 0.27886100 0.50370200 0.62903100
v 0.28449200 0.51092600 0.62645800
v 0.29315400 0.51422000 0.62430800
v 0.30385600 0.51340200 0.62278200
v 0.31593400 0.50880900 0.62190700
v 0.32872400 0.50078000 0.62171300
v 0.34156300 0.48965000 0.62222700
v 0.35378800 0.47575700 0.62347800
v 0.36408800 0.46044600 0.62536500
v 0.37150000 0.44532200 0.62767300
v 0.37587300 0.43110000 0.63025900
v 0.37705900 0.41849500 0.63298200
v 0.37491100 0.40822200 0.63570000
v 0.39193400 0.37788500 0.62445400
v 0.38199000 0.37442500 0.62684800
v 0.36940200 0.37604400 0.62849200
v 0.35496900 0.38229700 0.62936000
v 0.33948800 0.39273900 0.62942900
v 0.32375700 0.40692400 0.62867200
v 0.27776100 0.49485600 0.61572300
v 0.29573300 0.51895900 0.60727100
v 0.30832100 0.51734200 0.60562700
v 0.32275500 0.51108800 0.60475800
v 0.33823600 0.50064700 0.60469000
v 0.35396700 0.48646200 0.60544700
v 0.36914900 0.46898000 0.60705400
v 0.38216600 0.44990200 0.60937600
v 0.39178600 0.43122000 0.61215200
v 0.39779100 0.41380600 0.61521400
v 0.39996200 0.39853000 0.61839600
v 0.39808300 0.38626600 0.62153200
v 0.28636900 0.51862400 0.59332100
v 0.35308100 0.37652100 0.61181500
v 0.33485200 0.39357600 0.61079500
v 0.30150000 0.43681700 0.60614800
v 0.29710800 0.52270500 0.58700200
v 0.32741700 0.51218000 0.58457600
v 0.34514300 0.49939900 0.58468800
v 0.36337100 0.48234300 0.58570800
v 0.38119500 0.46156700 0.58765200
v 0.39672400 0.43910200 0.59035500
v 0.40847900 0.41728300 0.59351300
v 0.28980300 0.45860700 0.60265200
v 0.41641000 0.39687400 0.59662400
v 0.41975600 0.37933400 0.60014200
v 0.41843900 0.36546600 0.60355800
v 0.41244100 0.35597800 0.60637800
v 0.40165900 0.35262600 0.60888100
v 0.38763200 0.35523300 0.61052700
v 0.37150100 0.36299600 0.61098400
v 0.27876000 0.49644000 0.59501000
v 0.28239700 0.47901200 0.59573100
v 0.27883500 0.49684500 0.59218000
v 0.28001800 0.51090800 0.58874100
v 0.27889500 0.49736600 0.58932700
v 0.39855100 0.34482800 0.59608300
v 0.42866400 0.34014900 0.58574400
v 0.41771800 0.33731300 0.58815400
v 0.38905700 0.34807700 0.58366700
v 0.36918300 0.36391500 0.58319300
v 0.32756000 0.40920700 0.57939700
v 0.29447000 0.46077900 0.57278200
v 0.28436700 0.48380600 0.56908000
v 0.27910500 0.50347700 0.56537700
v 0.27909300 0.51865000 0.56187200
v 0.28474200 0.52818500 0.55876200
v 0.29568600 0.53085900 0.55639000
v 0.31061500 0.52666000 0.55496700
v 0.43847300 0.36089500 0.57278300
v 0.43848400 0.34572200 0.57628800
v 0.43911700 0.32830600 0.56723500
v 0.27852300 0.51950600 0.54878900
v 0.28412100 0.52925700 0.54563800
v 0.29526100 0.53182300 0.54325900
v 0.32910300 0.51619500 0.54144600
v 0.43867300 0.37413900 0.55671300
v 0.43324900 0.31875000 0.55740700
v 0.41765700 0.32369600 0.55876300
v 0.28554400 0.48204000 0.54334600
v 0.37344800 0.47490900 0.53090200
v 0.44996300 0.33104800 0.55188500
v 0.44903100 0.31465800 0.54284600
v 0.28670100 0.48040200 0.53056200
v 0.28014000 0.50171100 0.52668800
v 0.27928000 0.51793500 0.52307700
v 0.28460900 0.52782900 0.51993600
v 0.29581700 0.53010300 0.51761400
v 0.31154400 0.52481800 0.51631300
v 0.33070500 0.51278000 0.51602400
v 0.41867200 0.41501000 0.52452000
v 0.45350000 0.34077500 0.53609300
v 0.45436000 0.32455300 0.53970500
v 0.45657600 0.30234900 0.51696000
v 0.44569000 0.30044600 0.51914500
v 0.43012500 0.30622500 0.52030500
v 0.28847900 0.52028600 0.49353800
v 0.29936500 0.52218800 0.49135300
v 0.31493000 0.51641000 0.49019300
v 0.45291600 0.34971700 0.50659900
v 0.46005900 0.32825100 0.51041500
v 0.46145300 0.31204500 0.51393800
v 0.46179200 0.29175000 0.49105200
v 0.45145700 0.29029700 0.49304500
v 0.41753600 0.30960500 0.49402000
v 0.31068900 0.43938300 0.48115400
v 0.29785900 0.46476300 0.47734500
v 0.46607400 0.30105200 0.48821600
v 0.46868100 0.29140500 0.46250700
v 0.46492800 0.28220800 0.46225300
v 0.45537200 0.28127800 0.46399900
v 0.44109800 0.28720100 0.45895600
v 0.29789900 0.49754900 0.43329600
v 0.30727800 0.49839000 0.43159700
v 0.32144100 0.49171800 0.43086900
v 0.33935800 0.47839600 0.43107600
v 0.36000200 0.45928900 0.43218300
v 0.42664000 0.37783200 0.44032700
v 0.45723000 0.32557700 0.44750000
v 0.46539800 0.30508100 0.45092800
v 0.29815400 0.48014200 0.41518400
v 0.34331000 0.38949900 0.40680200
v 0.30421200 0.47783200 0.39265400
v 0.31212100 0.47795000 0.39135900
v 0.32462500 0.47106300 0.39094700
v 0.34078800 0.45800800 0.39137300
v 0.45151700 0.27079900 0.39479600
v 0.38695500 0.33047600 0.39135400
v 0.45777400 0.26930700 0.38672700
v 0.40692000 0.30678600 0.38621800
v 0.31100300 0.44296800 0.37011900
v 0.45942300 0.27592500 0.38493400
v 0.42432500 0.28770900 0.38042600
v 0.40707700 0.30512800 0.37916500
v 0.38802900 0.32663600 0.37724800
v 0.31038700 0.45776400 0.35938800
v 0.31713400 0.45741100 0.35838800
v 0.43832200 0.27384600 0.37397600
v 0.40715300 0.30337100 0.37214800
v 0.31042500 0.44690600 0.35448100
v 0.32917500 0.44595500 0.35169400
v 0.45338000 0.28492600 0.36900100
v 0.45063900 0.26123600 0.34624300
v 0.44480400 0.26176500 0.34705600
v 0.43499800 0.26815300 0.34715200
v 0.40650900 0.29558500 0.34537800
v 0.33955600 0.38238800 0.33604900
v 0.31683800 0.42767100 0.32922500
v 0.31792700 0.43329500 0.32775100
v 0.32376200 0.43276600 0.32693800
v 0.33356900 0.42637700 0.32684200
v 0.37922100 0.37936600 0.33038900
v 0.42901100 0.31214200 0.33794500
v 0.45172900 0.26685900 0.34476800
v 0.44419900 0.25575100 0.31987000
v 0.32689400 0.39561700 0.30634900
v 0.32474500 0.41062100 0.30322600
v 0.33004600 0.41018200 0.30247700
v 0.44522900 0.26084900 0.31852700
v 0.43609900 0.25091300 0.29361400
v 0.43119700 0.25110400 0.29435600
v 0.34761600 0.34559900 0.28591500
v 0.43726300 0.25556800 0.29235200
v 0.43133800 0.26323200 0.28174500
v 0.43017700 0.25033500 0.28002000
v 0.42546600 0.25033200 0.28077500
v 0.41795500 0.25457700 0.28099800
v 0.33565800 0.36127400 0.26953100
v 0.33355200 0.36949700 0.26796800
v 0.33956600 0.37392100 0.26598200
v 0.42420900 0.27433100 0.27543000
v 0.43147900 0.25475700 0.27878900
v 0.41822500 0.25391700 0.26032300
v 0.41383200 0.25354200 0.26111400
v 0.40718000 0.25671000 0.26144800
v 0.33927900 0.34474200 0.25198700
v 0.33799700 0.35186100 0.25054700
v 0.33957800 0.35588200 0.24936500
v 0.40844600 0.28632100 0.25440200
v 0.41464800 0.27470700 0.25609200
v 0.41852300 0.26505700 0.25770100
v 0.41980500 0.25793800 0.25914100
v 0.40241300 0.26256500 0.24007500
v 0.39843500 0.26173500 0.24090500
v 0.39287400 0.26356100 0.24137400
v 0.37052400 0.28217600 0.24065500
v 0.34941300 0.31181900 0.23718800
v 0.34530600 0.32067100 0.23580000
v 0.34303500 0.32817700 0.23443000
v 0.34277200 0.33390100 0.23314900
v 0.34468600 0.33740700 0.23203300
v 0.34866500 0.33823700 0.23120200
v 0.35422500 0.33641100 0.23073300
v 0.36098600 0.33220800 0.23062000
v 0.40179400 0.27930100 0.23630700
v 0.40406400 0.27179500 0.23767700
v 0.40432700 0.26607100 0.23895800
v 0.39227400 0.27965000 0.21696800
v 0.39004500 0.26625400 0.21855700
v 0.38652900 0.26509400 0.21939000
v 0.38201800 0.26580100 0.21994900
v 0.37680100 0.26820600 0.22023100
v 0.37116800 0.27214100 0.22022300
v 0.35497400 0.29096500 0.21846700
v 0.35135200 0.29783300 0.21746200
v 0.34903400 0.30420600 0.21636000
v 0.34810600 0.30976700 0.21522500
v 0.34865400 0.31419800 0.21411200
v 0.35076600 0.31717900 0.21308400
v 0.35428200 0.31833900 0.21225400
v 0.35879300 0.31763100 0.21169200
v 0.36401000 0.31522600 0.21141300
v 0.36964200 0.31129100 0.21141800
v 0.38583700 0.29246700 0.21317400
v 0.38945900 0.28559900 0.21418100
v 0.39270500 0.27366500 0.21641900
v 0.39215700 0.26923500 0.21753100
v 0.38504600 0.25832400 0.19428200
v 0.38196300 0.25702800 0.19507600
v 0.37827200 0.25705400 0.19566100
v 0.37419500 0.25830600 0.19602500
v 0.36995400 0.26068800 0.19615500
v 0.36577100 0.26410100 0.19603700
v 0.36186700 0.26845000 0.19565800
v 0.35866400 0.27331400 0.19504500
v 0.35645900 0.27818400 0.19427400
v 0.35528600 0.28282200 0.19339200
v 0.35517800 0.28699500 0.19244400
v 0.35617000 0.29046700 0.19148300
v 0.35829700 0.29300400 0.19055500
v 0.36138000 0.29430000 0.18976000
v 0.36507100 0.29427400 0.18917600
v 0.36914800 0.29302200 0.18881200
v 0.37338800 0.29064000 0.18868100
v 0.37757200 0.28722700 0.18880100
v 0.38147500 0.28287800 0.18918100
v 0.38467800 0.27801300 0.18979100
v 0.38688300 0.27314400 0.19056200
v 0.38805700 0.26850600 0.19144700
v 0.38816400 0.26433300 0.19239200
v 0.38717200 0.26086100 0.19335600
v 0.38399700 0.24503600 0.17061100
v 0.38126500 0.24368800 0.17136200
v 0.37818400 0.24328800 0.17194700
v 0.37492700 0.24378600 0.17235400
v 0.37166600 0.24513400 0.17256700
v 0.36857800 0.24728200 0.17256400
v 0.36583400 0.25018100 0.17233400
v 0.36373900 0.25355600 0.17189000
v 0.36247700 0.25704800 0.17128500
v 0.36205000 0.26048100 0.17056000
v 0.36245800 0.26367700 0.16975800
v 0.36370200 0.26645900 0.16891400
v 0.36578200 0.26865100 0.16807400
v 0.36851300 0.26999900 0.16732500
v 0.37159400 0.27039900 0.16673800
v 0.37485200 0.26990100 0.16633100
v 0.37811200 0.26855200 0.16612000
v 0.38120100 0.26640500 0.16612000
v 0.38394400 0.26350600 0.16635100
v 0.38604000 0.26013100 0.16679500
v 0.38730100 0.25663900 0.16739900
v 0.38772800 0.25320600 0.16812500
v 0.38732000 0.25001000 0.16893000
v 0.38607700 0.24722800 0.16977300
v 0.38515700 0.24348800 0.14142700
v 0.38673100 0.24203900 0.14150900
v 0.38772200 0.24016200 0.14178600
v 0.38805500 0.23806300 0.14221700
v 0.38775900 0.23585900 0.14277300
v 0.38686800 0.23366800 0.14342400
v 0.38335400 0.22922100 0.14379100
v 0.38103800 0.22785400 0.14447800
v 0.37863800 0.22703800 0.14505200
v 0.37627500 0.22677200 0.14549300
v 0.37407100 0.22705700 0.14578000
v 0.37214700 0.22789100 0.14589500
v 0.37062700 0.22927400 0.14581800
v 0.36968500 0.23108300 0.14555200
v 0.36939500 0.23311900 0.14512900
v 0.36972300 0.23526600 0.14458000
v 0.37063600 0.23741200 0.14393700
v 0.37210100 0.23944000 0.14323400
v 0.37408600 0.24123700 0.14249900
v 0.37640100 0.24260400 0.14181200
v 0.37880200 0.24342000 0.14124000
v 0.38116500 0.24368500 0.14079900
v 0.38336900 0.24340100 0.14051200
v 0.38533800 0.23101800 0.14305700
v 0.38083000 0.22214900 0.13421100
v 0.37870500 0.22119800 0.13477000
v 0.37669100 0.22066700 0.13521600
v 0.37489200 0.22057300 0.13552600
v 0.37340800 0.22093200 0.13568300
v 0.37234100 0.22176000 0.13566200
v 0.37182000 0.22299000 0.13546000
v 0.37187600 0.22448300 0.13510600
v 0.37698700 0.23125300 0.13272200
v 0.38326100 0.23408900 0.13106100
v 0.38506000 0.23418400 0.13075100
v 0.38654400 0.23382500 0.13059700
v 0.38761100 0.23299600 0.13061500
v 0.38813200 0.23176600 0.13081700
v 0.38807600 0.23027400 0.13117100
v 0.38748700 0.22861100 0.13165000
v 0.38640900 0.22686700 0.13222500
v 0.38099800 0.21618800 0.12394200
v 0.37600300 0.21408500 0.12522900
v 0.37488800 0.21408200 0.12540800
v 0.37418900 0.21447500 0.12542900
v 0.37399400 0.21524100 0.12528300
v 0.37430500 0.21628600 0.12499100
v 0.37956800 0.22185400 0.12286100
v 0.38650000 0.22526000 0.12096100
v 0.38761400 0.22526300 0.12078400
v 0.38831400 0.22486900 0.12076100
v 0.38850800 0.22410300 0.12090700
v 0.38819800 0.22305800 0.12120000
v 0.38475000 0.21894900 0.12270200
v 0.38081300 0.21125800 0.11349100
v 0.37804400 0.20926100 0.11439600
v 0.37640700 0.20812700 0.11491900
v 0.37616400 0.20799000 0.11499100
v 0.37636600 0.20818000 0.11491400
v 0.37697600 0.20866700 0.11470400
v 0.37918300 0.21034800 0.11396300
v 0.38231400 0.21267400 0.11292200
v 0.38546700 0.21497200 0.11188700
v 0.38773000 0.21658000 0.11115100
v 0.38837700 0.21701800 0.11094600
v 0.38862000 0.21715500 0.11087400
v 0.38841800 0.21696500 0.11095100
v 0.38685000 0.21574100 0.11148700
v 0.38412200 0.21369300 0.11239700
v 0.30779300 0.48170800 0.65781700
v 0.30624600 0.48330300 0.65798000
v 0.30620700 0.48334400 0.65798400
v 0.30520400 0.48437700 0.65805600
v 0.30517100 0.48441000 0.65805900
v 0.30442200 0.48518100 0.65808700
v 0.30439300 0.48521000 0.65808900
v 0.30377500 0.48584300 0.65808900
v 0.30375000 0.48586800 0.65809000
v 0.30319800 0.48643000 0.65806800
v 0.30317600 0.48645300 0.65806700
v 0.30264200 0.48699600 0.65802200
v 0.30262000 0.48701900 0.65802100
v 0.30208700 0.48755800 0.65795000
v 0.30206700 0.48757800 0.65794700
v 0.30151700 0.48813200 0.65784400
v 0.30149800 0.48815200 0.65783900
v 0.30087600 0.48877500 0.65768600
v 0.30085500 0.48879600 0.65767900
v 0.30007600 0.48957200 0.65743500
v 0.30005200 0.48959600 0.65742600
v 0.29889200 0.49074400 0.65697400
v 0.31068500 0.47871200 0.65742300
v 0.28476800 0.49962600 0.64921300
v 0.29675000 0.49286900 0.65595300
v 0.31564200 0.47357700 0.65662000
v 0.34720300 0.40172100 0.64332200
v 0.27837900 0.49980600 0.61706500
v 0.27883800 0.49683500 0.59218500
v 0.27883800 0.49683200 0.59218300
v 0.27883400 0.49684000 0.59222000
v 0.28382800 0.48620800 0.55378600
v 0.28544400 0.48237800 0.54328300
v 0.28546700 0.48231700 0.54311000
v 0.28557300 0.48208300 0.54247900
v 0.28616700 0.48096100 0.53940700
v 0.28881200 0.47629300 0.52848300
v 0.28568500 0.48184000 0.54178200
v 0.29363200 0.46875200 0.51110900
v 0.29098900 0.47293800 0.52028600
v 0.30036700 0.45823400 0.48882900
v 0.29972200 0.45927800 0.49086800
v 0.40708500 0.30511900 0.37916600
v 0.40708500 0.30512000 0.37916900
v 0.40707500 0.30515500 0.37928100
v 0.18927300 0.48958200 0.65770300
v 0.18930300 0.48956600 0.65771100
v 0.18933400 0.48955900 0.65771800
v 0.18936700 0.48955900 0.65772300
v 0.18939800 0.48956900 0.65772600
v 0.18942700 0.48958700 0.65772600
v 0.18945100 0.48961000 0.65772500
v 0.18946800 0.48963800 0.65772100
v 0.18947700 0.48967100 0.65771500
v 0.18947700 0.48970200 0.65770700
v 0.18946900 0.48973300 0.65769900
v 0.18945300 0.48976100 0.65769000
v 0.18942900 0.48978400 0.65768100
v 0.18940000 0.48980000 0.65767300
v 0.18936800 0.48980700 0.65766600
v 0.18933600 0.48980700 0.65766100
v 0.18930400 0.48979700 0.65765800
v 0.18927600 0.48978200 0.65765700
v 0.18925200 0.48975600 0.65765900
v 0.18923400 0.48972800 0.65766300
v 0.18922600 0.48969400 0.65766900
v 0.18922600 0.48966400 0.65767600
v 0.18923400 0.48963300 0.65768500
v 0.18924900 0.48960500 0.65769400
v 0.17569900 0.45804200 0.65815700
v 0.17950600 0.45631200 0.65916700
v 0.18394100 0.45607100 0.65993400
v 0.18874500 0.45722200 0.66043800
v 0.19366000 0.45967000 0.66066100
v 0.19842600 0.46331700 0.66058200
v 0.20278300 0.46807000 0.66018200
v 0.20625700 0.47347400 0.65949000
v 0.20853200 0.47895400 0.65858800
v 0.20958500 0.48424200 0.65753500
v 0.20939200 0.48906900 0.65638800
v 0.20793100 0.49316800 0.65520700
v 0.20517900 0.49626500 0.65405000
v 0.20137200 0.49799200 0.65304000
v 0.19693700 0.49823300 0.65227300
v 0.19213300 0.49708200 0.65176900
v 0.18721800 0.49463700 0.65154700
v 0.18245200 0.49098900 0.65162600
v 0.17809500 0.48623600 0.65202600
v 0.17462100 0.48083300 0.65271700
v 0.17234600 0.47535200 0.65361900
v 0.17129300 0.47006400 0.65467300
v 0.17148600 0.46523500 0.65581900
v 0.17294700 0.46113800 0.65700100
v 0.17006600 0.44063600 0.65661900
v 0.18340100 0.44231300 0.65836900
v 0.19057100 0.44607500 0.65864900
v 0.19757400 0.45158600 0.65849800
v 0.20403200 0.45869600 0.65789000
v 0.20924600 0.46671900 0.65687100
v 0.21273700 0.47481400 0.65556000
v 0.21446100 0.48258400 0.65404100
v 0.21437400 0.48963300 0.65239800
v 0.21243300 0.49556500 0.65071600
v 0.20859400 0.49998700 0.64907800
v 0.20318400 0.50237100 0.64766000
v 0.19681000 0.50255500 0.64659500
v 0.17567700 0.49142000 0.64578100
v 0.16921800 0.48431100 0.64638900
v 0.15449800 0.43099400 0.65169300
v 0.16106000 0.42818200 0.65339500
v 0.16886900 0.42812800 0.65465900
v 0.17745500 0.43063500 0.65545600
v 0.18635400 0.43550600 0.65575700
v 0.19509900 0.44254500 0.65553200
v 0.20322200 0.45155400 0.65475200
v 0.20984600 0.46166700 0.65347700
v 0.21436000 0.47181800 0.65185500
v 0.21669900 0.48151500 0.64998800
v 0.21679600 0.49026900 0.64798100
v 0.21458900 0.49758200 0.64593600
v 0.21001100 0.50296800 0.64395800
v 0.20344800 0.50578000 0.64225600
v 0.19564000 0.50583400 0.64099100
v 0.18705300 0.50332900 0.64019400
v 0.17815400 0.49845600 0.63989300
v 0.16941000 0.49141700 0.64011800
v 0.16128600 0.48240900 0.64089800
v 0.15466200 0.47229700 0.64217300
v 0.14992000 0.43637900 0.64971400
v 0.12439800 0.40099600 0.63827200
v 0.14376200 0.39852000 0.64194800
v 0.15584000 0.40311200 0.64282300
v 0.16863000 0.41114100 0.64301800
v 0.18146800 0.42227200 0.64250400
v 0.19369300 0.43616600 0.64125200
v 0.21696300 0.49342700 0.63174900
v 0.21481500 0.50370100 0.62903000
v 0.20918400 0.51092500 0.62645800
v 0.20052100 0.51421900 0.62430800
v 0.18981900 0.51340100 0.62278100
v 0.17774200 0.50880700 0.62190700
v 0.16495200 0.50077900 0.62171200
v 0.15211300 0.48964800 0.62222600
v 0.13988900 0.47575500 0.62347700
v 0.12958800 0.46044400 0.62536400
v 0.12217700 0.44532000 0.62767200
v 0.11780500 0.43109700 0.63025800
v 0.11661800 0.41849200 0.63298100
v 0.11876600 0.40822000 0.63569900
v 0.10174400 0.37788200 0.62445300
v 0.11168800 0.37442200 0.62684700
v 0.12427600 0.37604200 0.62849100
v 0.13871000 0.38229500 0.62936000
v 0.15419000 0.39273700 0.62942800
v 0.16992100 0.40692200 0.62867200
v 0.19794200 0.51895800 0.60727000
v 0.18535500 0.51734100 0.60562700
v 0.17092100 0.51108600 0.60475800
v 0.15544000 0.50064500 0.60468900
v 0.13971000 0.48646000 0.60544600
v 0.12452700 0.46897700 0.60705300
v 0.11151100 0.44989900 0.60937500
v 0.10189200 0.43121700 0.61215100
v 0.09588720 0.41380300 0.61521300
v 0.09371590 0.39852700 0.61839500
v 0.09559540 0.38626300 0.62153100
v 0.20730700 0.51862300 0.59332100
v 0.21361500 0.51016100 0.59263300
v 0.19656800 0.52270400 0.58700100
v 0.16625900 0.51217800 0.58457500
v 0.14853400 0.49939700 0.58468700
v 0.13030500 0.48234000 0.58570700
v 0.11248200 0.46156400 0.58765100
v 0.09695340 0.43909900 0.59035400
v 0.08519850 0.41728000 0.59351200
v 0.14039600 0.37630500 0.61149700
v 0.17652000 0.41423000 0.60852300
v 0.20387400 0.45860700 0.60265200
v 0.21158900 0.47881400 0.59921900
v 0.21493500 0.49635200 0.59570100
v 0.07726860 0.39687100 0.59662300
v 0.07392260 0.37933100 0.60014100
v 0.07523970 0.36546200 0.60355700
v 0.08123810 0.35597500 0.60637700
v 0.09202020 0.35262400 0.60888000
v 0.10579300 0.35495700 0.61021400
v 0.06501580 0.34014600 0.58574300
v 0.07596170 0.33730900 0.58815300
v 0.10462200 0.34807400 0.58366600
v 0.12449600 0.36391200 0.58319200
v 0.16611900 0.40920600 0.57939600
v 0.19920700 0.46077800 0.57278200
v 0.20931000 0.48380500 0.56907900
v 0.21457200 0.50347600 0.56537700
v 0.21458300 0.51864900 0.56187200
v 0.20893400 0.52818500 0.55876200
v 0.19799000 0.53085800 0.55639000
v 0.18306100 0.52665900 0.55496700
v 0.05520640 0.36089100 0.57278200
v 0.05519500 0.34571900 0.57628700
v 0.05456230 0.32830200 0.56723300
v 0.21515300 0.51950500 0.54878800
v 0.20955500 0.52925600 0.54563700
v 0.19841500 0.53182200 0.54325900
v 0.16457300 0.51619300 0.54144500
v 0.05500590 0.37413500 0.55671200
v 0.06043100 0.31874700 0.55740600
v 0.12023000 0.47490700 0.53090100
v 0.04371700 0.33104400 0.55188400
v 0.04464920 0.31465400 0.54284500
v 0.21353700 0.50171100 0.52668800
v 0.21439700 0.51793400 0.52307700
v 0.20906700 0.52782900 0.51993500
v 0.19785900 0.53010200 0.51761300
v 0.18213200 0.52481700 0.51631300
v 0.16297100 0.51277900 0.51602400
v 0.07500650 0.41500600 0.52451800
v 0.04018000 0.34077100 0.53609200
v 0.03931990 0.32454900 0.53970300
v 0.03710420 0.30234500 0.51695900
v 0.04799110 0.30044200 0.51914400
v 0.06355580 0.30622200 0.52030300
v 0.08270940 0.31885000 0.52045500
v 0.10436400 0.33749400 0.51961800
v 0.20519800 0.52028500 0.49353700
v 0.19431100 0.52218700 0.49135200
v 0.17874600 0.51640900 0.49019300
v 0.04076400 0.34971300 0.50659800
v 0.03362110 0.32824700 0.51041400
v 0.03222780 0.31204000 0.51393600
v 0.03188920 0.29174600 0.49105100
v 0.04222420 0.29029300 0.49304400
v 0.02760700 0.30104800 0.48821500
v 0.02500000 0.29140000 0.46250500
v 0.02875360 0.28220400 0.46225100
v 0.03830940 0.28127400 0.46399800
v 0.05258370 0.28719700 0.45895400
v 0.19577800 0.49754800 0.43329600
v 0.18639900 0.49838900 0.43159700
v 0.17223700 0.49171700 0.43086900
v 0.15431900 0.47839500 0.43107500
v 0.13367600 0.45928700 0.43218200
v 0.06703950 0.37782800 0.44032600
v 0.03645030 0.32557300 0.44749900
v 0.02828330 0.30507700 0.45092600
v 0.11096400 0.33977500 0.43406900
v 0.19251700 0.46573700 0.41803100
v 0.19552400 0.48014100 0.41518400
v 0.18946600 0.47783100 0.39265400
v 0.18155700 0.47794900 0.39135900
v 0.16905400 0.47106100 0.39094600
v 0.15289000 0.45800600 0.39137200
v 0.04216550 0.27079500 0.39479500
v 0.03590810 0.26930300 0.38672600
v 0.03425930 0.27592100 0.38493200
v 0.18329200 0.45776300 0.35938700
v 0.17654500 0.45740900 0.35838700
v 0.10521400 0.32453300 0.37025100
v 0.17133000 0.41806100 0.35923500
v 0.18325400 0.44690500 0.35448000
v 0.16450300 0.44595300 0.35169400
v 0.04030220 0.28492200 0.36899900
v 0.04304350 0.26123200 0.34624100
v 0.04887820 0.26176100 0.34705500
v 0.05868480 0.26815000 0.34715000
v 0.13959200 0.36087200 0.33869100
v 0.15412500 0.38238700 0.33604900
v 0.16551800 0.40130100 0.33350400
v 0.17684200 0.42767000 0.32922500
v 0.17575200 0.43329300 0.32775000
v 0.16991700 0.43276500 0.32693700
v 0.16011100 0.42637600 0.32684200
v 0.11446000 0.37936400 0.33038800
v 0.06467090 0.31213900 0.33794300
v 0.04195400 0.26685600 0.34476700
v 0.04948430 0.25574700 0.31986900
v 0.16678600 0.39561500 0.30634800
v 0.16893500 0.41062000 0.30322500
v 0.16363400 0.41018000 0.30247700
v 0.04845410 0.26084500 0.31852500
v 0.05758450 0.25090900 0.29361300
v 0.06248610 0.25110100 0.29435500
v 0.07048480 0.25593000 0.29452100
v 0.14606500 0.34559700 0.28591400
v 0.05642010 0.25556400 0.29235100
v 0.06234510 0.26322900 0.28174400
v 0.06350670 0.25033100 0.28001800
v 0.06821760 0.25032800 0.28077400
v 0.15802400 0.36127200 0.26953000
v 0.16012900 0.36949500 0.26796800
v 0.15411500 0.37391900 0.26598100
v 0.06947450 0.27432800 0.27542900
v 0.06220420 0.25475300 0.27878700
v 0.07545870 0.25391400 0.26032200
v 0.07985150 0.25353900 0.26111300
v 0.08650370 0.25670700 0.26144700
v 0.13606900 0.31046500 0.25696900
v 0.15440300 0.34474100 0.25198700
v 0.15568500 0.35186000 0.25054700
v 0.15410400 0.35588000 0.24936400
v 0.08523630 0.28631800 0.25440000
v 0.07903540 0.27470400 0.25609100
v 0.07515970 0.26505400 0.25769900
v 0.07387780 0.25793400 0.25914000
v 0.09127030 0.26256200 0.24007400
v 0.09524860 0.26173200 0.24090400
v 0.10080900 0.26355800 0.24137300
v 0.14837700 0.32066900 0.23580000
v 0.15064700 0.32817500 0.23442900
v 0.15091000 0.33389900 0.23314800
v 0.14899600 0.33740500 0.23203200
v 0.14501700 0.33823500 0.23120200
v 0.13945700 0.33640800 0.23073300
v 0.13269600 0.33220600 0.23062000
v 0.09188920 0.27929800 0.23630600
v 0.08961890 0.27179200 0.23767600
v 0.08935590 0.26606800 0.23895700
v 0.10141000 0.27964800 0.21696700
v 0.10363800 0.26625100 0.21855600
v 0.10715500 0.26509100 0.21938900
v 0.11166600 0.26579800 0.21994800
v 0.11688200 0.26820400 0.22023000
v 0.12251500 0.27213900 0.22022200
v 0.13870900 0.29096300 0.21846600
v 0.14464900 0.30420400 0.21635900
v 0.14557700 0.30976500 0.21522400
v 0.14502900 0.31419600 0.21411100
v 0.14291700 0.31717600 0.21308400
v 0.13940000 0.31833700 0.21225300
v 0.13488900 0.31762900 0.21169200
v 0.12967300 0.31522300 0.21141200
v 0.12404000 0.31128900 0.21141700
v 0.10784600 0.29246400 0.21317300
v 0.10422400 0.28559600 0.21418000
v 0.10097800 0.27366200 0.21641800
v 0.10152700 0.26923200 0.21752800
v 0.10863800 0.25832100 0.19428100
v 0.11172100 0.25702500 0.19507500
v 0.11541200 0.25705100 0.19566000
v 0.11948900 0.25830400 0.19602400
v 0.12373000 0.26068500 0.19615400
v 0.12791300 0.26409900 0.19603700
v 0.13181600 0.26844800 0.19565700
v 0.13501900 0.27331200 0.19504500
v 0.13722400 0.27818100 0.19427300
v 0.13839700 0.28282000 0.19338900
v 0.13850500 0.28699300 0.19244300
v 0.13751300 0.29046500 0.19148200
v 0.13538600 0.29300200 0.19055400
v 0.13230300 0.29429800 0.18975900
v 0.12861200 0.29427200 0.18917500
v 0.12453600 0.29301900 0.18881100
v 0.12029500 0.29063800 0.18868000
v 0.11611100 0.28722400 0.18880000
v 0.11220800 0.28287500 0.18918000
v 0.10900500 0.27801100 0.18979000
v 0.10680000 0.27314200 0.19056100
v 0.10562700 0.26850300 0.19144600
v 0.10551900 0.26433000 0.19239100
v 0.10651100 0.26085800 0.19335500
v 0.10968700 0.24503300 0.17061000
v 0.11241900 0.24368500 0.17136100
v 0.11550000 0.24328500 0.17194600
v 0.11875800 0.24378400 0.17235300
v 0.12201800 0.24513200 0.17256600
v 0.12510600 0.24728000 0.17256400
v 0.12785000 0.25017900 0.17233300
v 0.12994500 0.25355400 0.17189000
v 0.13120700 0.25704600 0.17128500
v 0.13163400 0.26047800 0.17055900
v 0.13122600 0.26367400 0.16975700
v 0.12998200 0.26645700 0.16891400
v 0.12790200 0.26864900 0.16807300
v 0.12517100 0.26999600 0.16732400
v 0.12209000 0.27039700 0.16673700
v 0.11883200 0.26989800 0.16633000
v 0.11557200 0.26855000 0.16612000
v 0.11248300 0.26640200 0.16611900
v 0.10974000 0.26350300 0.16635000
v 0.10764400 0.26012800 0.16679400
v 0.10638300 0.25663600 0.16739800
v 0.10595600 0.25320300 0.16812400
v 0.10636400 0.25000800 0.16892900
v 0.10760800 0.24722500 0.16977200
v 0.10852700 0.24348500 0.14142600
v 0.10695400 0.24203600 0.14150800
v 0.10596200 0.24015900 0.14178500
v 0.10563000 0.23806000 0.14221600
v 0.10592500 0.23585700 0.14277200
v 0.10681700 0.23366500 0.14342300
v 0.11033100 0.22921800 0.14379000
v 0.11264700 0.22785100 0.14447700
v 0.11504700 0.22703500 0.14505100
v 0.11741000 0.22677000 0.14549200
v 0.11961400 0.22705400 0.14577900
v 0.12153700 0.22788800 0.14589400
v 0.12305800 0.22927200 0.14581700
v 0.12399900 0.23108100 0.14555100
v 0.12429000 0.23311600 0.14512800
v 0.12396200 0.23526400 0.14457900
v 0.12304800 0.23740900 0.14393600
v 0.12158300 0.23943800 0.14323300
v 0.11959900 0.24123400 0.14249800
v 0.11728300 0.24260100 0.14181100
v 0.11488300 0.24341700 0.14123900
v 0.11252000 0.24368300 0.14079800
v 0.11031600 0.24339800 0.14051100
v 0.10834700 0.23101500 0.14305600
v 0.11285500 0.22214700 0.13421000
v 0.11498000 0.22119600 0.13476900
v 0.11699300 0.22066500 0.13521500
v 0.11879300 0.22057000 0.13552500
v 0.12027700 0.22092900 0.13568200
v 0.12134400 0.22175800 0.13566100
v 0.12186500 0.22298800 0.13545900
v 0.12180800 0.22448000 0.13510500
v 0.11669700 0.23125100 0.13272100
v 0.11042400 0.23408600 0.13106000
v 0.10862400 0.23418100 0.13075000
v 0.10714000 0.23382200 0.13059300
v 0.10607300 0.23299300 0.13061400
v 0.10555200 0.23176300 0.13081600
v 0.10560900 0.23027100 0.13117000
v 0.10619800 0.22860800 0.13164900
v 0.10727600 0.22686400 0.13222400
v 0.11268800 0.21618500 0.12394100
v 0.11768300 0.21408200 0.12522800
v 0.11879700 0.21407900 0.12540800
v 0.11949600 0.21447300 0.12542800
v 0.11969100 0.21523800 0.12528200
v 0.11938000 0.21628400 0.12499000
v 0.11411700 0.22185100 0.12286000
v 0.10718500 0.22525700 0.12096000
v 0.10607100 0.22526000 0.12078300
v 0.10537100 0.22486600 0.12076000
v 0.10517700 0.22410100 0.12090600
v 0.10548700 0.22305600 0.12119900
v 0.10893500 0.21894600 0.12270100
v 0.11287300 0.21125500 0.11349000
v 0.11564100 0.20925900 0.11439500
v 0.11727800 0.20812400 0.11491800
v 0.11752100 0.20798700 0.11499000
v 0.11731900 0.20817800 0.11491300
v 0.11671000 0.20866400 0.11470300
v 0.11450300 0.21034500 0.11396200
v 0.11137100 0.21267100 0.11292100
v 0.10821800 0.21496900 0.11188600
v 0.10595500 0.21657700 0.11115000
v 0.10530800 0.21701600 0.11094500
v 0.10506500 0.21715200 0.11087300
v 0.10526700 0.21696200 0.11095000
v 0.10683500 0.21573800 0.11148600
v 0.10956300 0.21369000 0.11239600
v 0.18253200 0.49097400 0.65169600
v 0.18285000 0.49129100 0.65161900
v 0.18110400 0.48951800 0.65175000
v 0.17744100 0.48577500 0.65181100
v 0.17783300 0.48617700 0.65185900
v 0.14642500 0.44265100 0.64706100
v 0.13216700 0.39672900 0.63985400
v 0.12065100 0.36224500 0.61091200
v 0.21118600 0.49079300 0.55478800
v 0.20268800 0.47433600 0.51065100
v 0.17595500 0.43098900 0.42340700
v 0.15962800 0.39777900 0.35970900
v 0.15838300 0.39355700 0.35141400
v 0.15261700 0.37584200 0.32599800
v 0.15437200 0.38267100 0.33566700
v 0.15429300 0.38236700 0.33523800
v 0.15781700 0.39208700 0.34943200
v 0.15764300 0.39161700 0.34874500
v 0.15442100 0.38287900 0.33598200
v 0.07269430 0.26474800 0.30961200
v 0.10450100 0.26660700 0.24630700
v 0.22140600 0.47585500 0.89114500
v 0.20278800 0.50881200 0.89114500
v 0.20792200 0.52806800 0.89114500
v 0.21380000 0.53579400 0.89114500
v 0.23037900 0.54561700 0.89114600
v 0.27280100 0.48955400 0.89114500
v 0.26692300 0.48182800 0.89114500
v 0.25034400 0.47200500 0.89114500
v 0.21164200 0.54236200 0.88660300
v 0.21987600 0.54880400 0.88660300
v 0.22959100 0.55295900 0.88660300
v 0.24039700 0.55443000 0.88660300
v 0.25120400 0.55295900 0.88660300
v 0.26091900 0.54880400 0.88660300
v 0.20694600 0.54728100 0.88206400
v 0.21849900 0.55406900 0.88206400
v 0.22887100 0.55844700 0.88206400
v 0.24040800 0.55999800 0.88206400
v 0.25194600 0.55844700 0.88206400
v 0.26231800 0.55406900 0.88206400
v 0.27387400 0.54728200 0.88206400
v 0.19604200 0.53066000 0.87752100
v 0.20068400 0.54136200 0.87752100
v 0.20495500 0.55043400 0.87752100
v 0.26362000 0.55744300 0.87752200
v 0.27586100 0.55043500 0.87752200
v 0.28477300 0.53066100 0.87752100
v 0.24040200 0.47409500 0.87384500
v 0.22764200 0.47573500 0.87384500
v 0.21617000 0.48035900 0.87384500
v 0.20644800 0.48753100 0.87384500
v 0.19893400 0.49681100 0.87384500
v 0.19408800 0.50775900 0.87384500
v 0.19895600 0.55234600 0.87384500
v 0.24040100 0.56578400 0.87384600
v 0.25316200 0.56414300 0.87384600
v 0.28185900 0.55234700 0.87384600
v 0.28187000 0.54306800 0.87384600
v 0.28187000 0.49681200 0.87384500
v 0.27435600 0.48753200 0.87384500
v 0.26463400 0.48036000 0.87384500
v 0.25316300 0.47573500 0.87384500
v 0.24039400 0.47371000 0.87016900
v 0.22710600 0.47539200 0.87016900
v 0.21516000 0.48013900 0.87016900
v 0.19721000 0.54451500 0.87016900
v 0.19723100 0.55404100 0.87017000
v 0.22710500 0.56615000 0.87017000
v 0.26562700 0.56140300 0.87017000
v 0.28356300 0.55404100 0.87017000
v 0.28862300 0.50827000 0.87016900
v 0.26562800 0.48013900 0.87016900
v 0.25368200 0.47539200 0.87016900
v 0.24038400 0.47258700 0.86649300
v 0.22657200 0.47432500 0.86649300
v 0.21415600 0.47922400 0.86649300
v 0.20363200 0.48681900 0.86649300
v 0.18839400 0.52114500 0.86649300
v 0.19922300 0.55546800 0.86649400
v 0.21415500 0.56306400 0.86649400
v 0.28155000 0.55546900 0.86649400
v 0.28527000 0.54564100 0.86649400
v 0.26661300 0.47922400 0.86649300
v 0.25419600 0.47432600 0.86649300
v 0.24037400 0.46995000 0.86219700
v 0.22594800 0.47176700 0.86219700
v 0.21298000 0.47689600 0.86219700
v 0.20198900 0.48485000 0.86219700
v 0.19349400 0.49514200 0.86219700
v 0.29467200 0.52079200 0.86219700
v 0.28725300 0.49514300 0.86219700
v 0.27875900 0.48485100 0.86219700
v 0.26776700 0.47689700 0.86219700
v 0.25479900 0.47176700 0.86219700
v 0.24036500 0.46559500 0.85790300
v 0.22531800 0.46752000 0.85790300
v 0.21179100 0.47295100 0.85790300
v 0.18575100 0.50513900 0.85790300
v 0.29497900 0.50514000 0.85790400
v 0.28040500 0.48137800 0.85790300
v 0.26894000 0.47295200 0.85790300
v 0.25541300 0.46752000 0.85790300
v 0.18938300 0.48808500 0.85360700
v 0.18342600 0.50183500 0.85360700
v 0.18131500 0.51712800 0.85360700
v 0.18342600 0.53242400 0.85360700
v 0.18938300 0.54617400 0.85360700
v 0.19361100 0.55782700 0.85360800
v 0.27015000 0.56683500 0.85360800
v 0.28711100 0.55782800 0.85360800
v 0.29729700 0.53242500 0.85360800
v 0.29940800 0.51712900 0.85360800
v 0.29729700 0.50183600 0.85360700
v 0.29134000 0.48808600 0.85360700
v 0.19791300 0.55764000 0.84728400
v 0.21006800 0.56760900 0.84728400
v 0.22440900 0.57403500 0.84728400
v 0.24036100 0.57631400 0.84728400
v 0.25631300 0.57403600 0.84728400
v 0.28280900 0.55764100 0.84728400
v 0.29220300 0.54474200 0.84728400
v 0.24036200 0.43869200 0.84095600
v 0.22414400 0.44117200 0.84095600
v 0.20956400 0.44817000 0.84095600
v 0.19720700 0.45902200 0.84095600
v 0.18765700 0.47306400 0.84095700
v 0.29306700 0.47306500 0.84095700
v 0.28351700 0.45902300 0.84095700
v 0.27116000 0.44817100 0.84095700
v 0.25658000 0.44117200 0.84095600
v 0.24036200 0.42893800 0.83279400
v 0.22380200 0.43160700 0.83279400
v 0.20891300 0.43913700 0.83279400
v 0.24036100 0.57822400 0.83279600
v 0.25692200 0.57555300 0.83279600
v 0.27181000 0.56802500 0.83279600
v 0.28442900 0.45081400 0.83279500
v 0.27181100 0.43913700 0.83279500
v 0.25692300 0.43160700 0.83279500
v 0.22310600 0.57521700 0.81625500
v 0.20642100 0.56553300 0.80154800
v 0.24036300 0.38898800 0.78684300
v 0.22187300 0.39233300 0.78684300
v 0.20525000 0.40177100 0.78684300
v 0.19116100 0.41640600 0.78684300
v 0.18027300 0.43534400 0.78684300
v 0.17325100 0.45768700 0.78684400
v 0.17076200 0.48254100 0.78684400
v 0.17325000 0.50739600 0.78684400
v 0.18027200 0.52974100 0.78684400
v 0.19116000 0.54867600 0.78684500
v 0.20524800 0.56331300 0.78684500
v 0.22187100 0.57275200 0.78684500
v 0.24036100 0.57609700 0.78684500
v 0.25885100 0.57275200 0.78684500
v 0.27547400 0.56331400 0.78684500
v 0.28956300 0.54867700 0.78684500
v 0.30045100 0.52974200 0.78684500
v 0.30747300 0.50739700 0.78684500
v 0.30996200 0.48254300 0.78684400
v 0.30747400 0.45768800 0.78684400
v 0.30045200 0.43534500 0.78684400
v 0.28956400 0.41640700 0.78684400
v 0.27547600 0.40177100 0.78684300
v 0.25885300 0.39233300 0.78684300
v 0.24036300 0.38856900 0.78645600
v 0.22185600 0.39192100 0.78645600
v 0.20521900 0.40137800 0.78645600
v 0.19111800 0.41604200 0.78645600
v 0.18022000 0.43501700 0.78645600
v 0.17319200 0.45740500 0.78645700
v 0.17070100 0.48230800 0.78645700
v 0.17319100 0.50721100 0.78645700
v 0.18021900 0.52960000 0.78645700
v 0.19111700 0.54857600 0.78645800
v 0.20521700 0.56324100 0.78645800
v 0.22185500 0.57269800 0.78645800
v 0.24036100 0.57604800 0.78645800
v 0.25886800 0.57269800 0.78645800
v 0.27550500 0.56324200 0.78645800
v 0.28960600 0.54857700 0.78645800
v 0.30050400 0.52960100 0.78645800
v 0.30753200 0.50721200 0.78645800
v 0.31002300 0.48230900 0.78645700
v 0.30753300 0.45740600 0.78645700
v 0.30050500 0.43501800 0.78645700
v 0.28960700 0.41604300 0.78645700
v 0.27550700 0.40137800 0.78645600
v 0.25887000 0.39192100 0.78645600
v 0.24036300 0.38814800 0.78606900
v 0.22184000 0.39150600 0.78606900
v 0.20518800 0.40098200 0.78606900
v 0.19107500 0.41567600 0.78606900
v 0.18016700 0.43468900 0.78606900
v 0.17313300 0.45712000 0.78607000
v 0.17064000 0.48207500 0.78607000
v 0.17313200 0.50702600 0.78607000
v 0.18016600 0.52946100 0.78607000
v 0.19107300 0.54847400 0.78607000
v 0.20518700 0.56316700 0.78607100
v 0.22183800 0.57264400 0.78607100
v 0.24036100 0.57600200 0.78607100
v 0.25888400 0.57264400 0.78607100
v 0.27553600 0.56316800 0.78607100
v 0.28964900 0.54847500 0.78607100
v 0.30055700 0.52946200 0.78607100
v 0.30759100 0.50702800 0.78607000
v 0.31008400 0.48207600 0.78607000
v 0.30759200 0.45712200 0.78607000
v 0.30055800 0.43469000 0.78607000
v 0.28965100 0.41567700 0.78606900
v 0.27553700 0.40098300 0.78606900
v 0.25888600 0.39150700 0.78606900
v 0.24036300 0.38772500 0.78568200
v 0.22182400 0.39109000 0.78568200
v 0.20515700 0.40058400 0.78568200
v 0.19103100 0.41530700 0.78568200
v 0.18011400 0.43435800 0.78568200
v 0.17307400 0.45683600 0.78568200
v 0.17057900 0.48183900 0.78568300
v 0.17307400 0.50684200 0.78568300
v 0.18011300 0.52931800 0.78568300
v 0.19103000 0.54836900 0.78568300
v 0.20515600 0.56309300 0.78568400
v 0.22182200 0.57258800 0.78568400
v 0.24036100 0.57595300 0.78568400
v 0.25890000 0.57258800 0.78568400
v 0.27556700 0.56309300 0.78568400
v 0.28969300 0.54837000 0.78568400
v 0.30061000 0.52931900 0.78568400
v 0.30765000 0.50684300 0.78568300
v 0.31014500 0.48184000 0.78568300
v 0.30765100 0.45683700 0.78568300
v 0.30061100 0.43435900 0.78568300
v 0.28969400 0.41530800 0.78568200
v 0.27556800 0.40058500 0.78568200
v 0.25890200 0.39109000 0.78568200
v 0.21891600 0.56225000 0.74722500
v 0.24036100 0.56631800 0.74722600
v 0.19887600 0.54789700 0.74191400
v 0.26220800 0.55959500 0.74191500
v 0.28184700 0.54789800 0.74191500
v 0.18116300 0.52627300 0.73660400
v 0.29956000 0.52627400 0.73660400
v 0.16365000 0.48761500 0.71863100
v 0.31707400 0.48761600 0.71863200
v 0.24036400 0.27639700 0.70065700
v 0.21540100 0.28103900 0.70065700
v 0.19296000 0.29413800 0.70065700
v 0.28776900 0.29413900 0.70065800
v 0.26532700 0.28104000 0.70065800
v 0.24036500 0.24915700 0.67696700
v 0.21361200 0.25402200 0.67696700
v 0.16917600 0.28903200 0.67696700
v 0.16946200 0.48221900 0.67839900
v 0.18976400 0.50345200 0.67839900
v 0.21371700 0.51714600 0.67839900
v 0.24036200 0.52199800 0.67839900
v 0.26700700 0.51714400 0.67839900
v 0.29096100 0.50345300 0.67839900
v 0.31126300 0.48222100 0.67839900
v 0.31155200 0.28903300 0.67696800
v 0.29116800 0.26774800 0.67696700
v 0.26711800 0.25402200 0.67696700
v 0.18792000 0.25820300 0.66553000
v 0.15061400 0.30797800 0.66553000
v 0.15061300 0.44792900 0.66553200
v 0.21274500 0.51169900 0.66553200
v 0.24036200 0.51665900 0.66553300
v 0.26797900 0.51169900 0.66553300
v 0.29280700 0.49770600 0.66553300
v 0.33011300 0.44793100 0.66553200
v 0.33011400 0.30797900 0.66553100
v 0.24036500 0.23314700 0.65695200
v 0.13777400 0.33662000 0.65695300
v 0.13777400 0.41149000 0.65695400
v 0.14850700 0.44514400 0.65695400
v 0.16515100 0.47366800 0.65695500
v 0.18668700 0.49571100 0.65695500
v 0.29403800 0.49571200 0.65695500
v 0.31557400 0.47367000 0.65695500
v 0.33221900 0.44514600 0.65695500
v 0.34295200 0.41149200 0.65695500
v 0.21145200 0.23284000 0.64837400
v 0.26927500 0.50805900 0.64837800
v 0.12963500 0.36787600 0.64171100
v 0.21094500 0.50672600 0.64171200
v 0.26977900 0.50672600 0.64171200
v 0.35109200 0.36787800 0.64171100
v 0.34713300 0.32962200 0.64171100
v 0.26978200 0.22902600 0.64171000
v 0.35450400 0.36381500 0.62971400
v 0.24036200 0.50897200 0.61969500
v 0.29956300 0.23256000 0.61969200
v 0.12020300 0.35784000 0.61100500
v 0.27228500 0.50250700 0.61100700
v 0.36052500 0.35784200 0.61100600
v 0.11738200 0.35482000 0.60231800
v 0.27303500 0.50120300 0.60232000
v 0.36334500 0.35482300 0.60231900
v 0.11309900 0.34967200 0.58912400
v 0.24036200 0.50434000 0.58912600
v 0.27417200 0.49880900 0.58912600
v 0.24036200 0.50145100 0.57593200
v 0.27531100 0.49583300 0.57593200
v 0.24036600 0.17955600 0.55960300
v 0.20400900 0.18523000 0.55960300
v 0.17132500 0.20123800 0.55960300
v 0.14362400 0.22606300 0.55960300
v 0.10351500 0.33824100 0.55960400
v 0.24036300 0.49693000 0.55960600
v 0.27671900 0.49125500 0.55960600
v 0.33710700 0.22606500 0.55960400
v 0.30940600 0.20124000 0.55960400
v 0.27672200 0.18523000 0.55960300
v 0.27819600 0.48555900 0.54247900
v 0.38277400 0.33237100 0.54247800
v 0.24036600 0.16970000 0.52848000
v 0.20132500 0.17535900 0.52848000
v 0.09340980 0.32796500 0.52848100
v 0.24036300 0.48623300 0.52848300
v 0.27940400 0.48057400 0.52848300
v 0.16293200 0.18776300 0.50835700
v 0.10561700 0.24259500 0.50039200
v 0.24036300 0.47556700 0.50039500
v 0.39643800 0.32072000 0.50039400
v 0.37511300 0.24259800 0.50039300
v 0.35097800 0.21112300 0.49916700
v 0.31930500 0.18692900 0.49916700
v 0.28114200 0.17201400 0.50835700
v 0.08900830 0.27905200 0.49763500
v 0.39172100 0.27905500 0.49763600
v 0.24036600 0.16551500 0.48473300
v 0.19830700 0.17094600 0.48473300
v 0.12845000 0.21004100 0.48473300
v 0.08771080 0.27707900 0.48473400
v 0.19830400 0.46394000 0.48473600
v 0.28242200 0.46394000 0.48473600
v 0.39867900 0.31744500 0.48473500
v 0.28266300 0.45941100 0.47336600
v 0.19780900 0.45479600 0.46199600
v 0.40054300 0.31334800 0.46199500
v 0.15881900 0.18836300 0.44528800
v 0.19742100 0.44786700 0.44529100
v 0.28330500 0.44786800 0.44529100
v 0.19702400 0.44072600 0.42858600
v 0.28370300 0.44072700 0.42858600
v 0.35569000 0.21237500 0.42858400
v 0.32266800 0.19099800 0.42858400
v 0.28370600 0.17721300 0.42858400
v 0.32358800 0.41842600 0.40820500
v 0.40533000 0.30591000 0.40820400
v 0.38279000 0.24016000 0.40820400
v 0.12191600 0.21539100 0.37796900
v 0.09570360 0.23986500 0.37796900
v 0.19585000 0.41744200 0.37797100
v 0.32489600 0.40524600 0.37797200
v 0.40792200 0.30086300 0.37797100
v 0.15482700 0.19867200 0.35141200
v 0.07687500 0.26578500 0.35141200
v 0.19532000 0.40389000 0.35141400
v 0.24036400 0.40790600 0.35141400
v 0.28540900 0.40389100 0.35141500
v 0.32590300 0.39256300 0.35141500
v 0.40385600 0.26578800 0.35141300
v 0.07541250 0.26035300 0.32485500
v 0.15406000 0.37588000 0.32485700
v 0.32666900 0.37588200 0.32485700
v 0.40531900 0.26035600 0.32485600
v 0.11928400 0.21465200 0.31977400
v 0.09248840 0.23494200 0.31977400
v 0.15395300 0.37205200 0.31977600
v 0.19486100 0.38216500 0.31977600
v 0.38824300 0.23494500 0.31977500
v 0.15386300 0.36802600 0.31469500
v 0.32686600 0.36802800 0.31469500
v 0.40569600 0.25730500 0.31469400
v 0.36157500 0.21403100 0.31469400
v 0.32686800 0.19868900 0.31469400
v 0.28595400 0.37348100 0.30961400
v 0.07480460 0.25396700 0.30504200
v 0.15374200 0.35982200 0.30504400
v 0.15371400 0.19744300 0.30047200
v 0.24036700 0.18464300 0.29590300
v 0.19473000 0.18783900 0.29590300
v 0.09205660 0.22894200 0.29590300
v 0.07472620 0.25029400 0.29590300
v 0.15370100 0.35123600 0.29590400
v 0.24036500 0.36345300 0.29590400
v 0.32702800 0.35123700 0.29590500
v 0.40600600 0.25029700 0.29590400
v 0.38867600 0.22894500 0.29590400
v 0.36180200 0.21084700 0.29590300
v 0.32703000 0.19686000 0.29590300
v 0.28600300 0.18784000 0.29590300
v 0.24036600 0.19680300 0.26395400
v 0.19670300 0.20502800 0.27811800
v 0.16028400 0.20099200 0.24856500
v 0.12098700 0.20783500 0.28391300
v 0.07753190 0.24469600 0.28391300
v 0.32556100 0.33901400 0.28391500
v 0.40320000 0.24469900 0.28391400
v 0.30972700 0.19633500 0.24385400
v 0.28403000 0.20502900 0.27811800
v 0.12388900 0.20384800 0.27192300
v 0.08148960 0.23815700 0.27192300
v 0.15724000 0.32594500 0.27192400
v 0.35684300 0.31378300 0.27192500
v 0.40513400 0.25881700 0.27192400
v 0.38262000 0.21959000 0.27192400
v 0.35684400 0.20385000 0.27192300
v 0.10272600 0.21334100 0.25993300
v 0.08094150 0.24980200 0.25993300
v 0.39979000 0.24980500 0.25993400
v 0.39409000 0.23060500 0.25993400
v 0.11071000 0.20240900 0.24359500
v 0.13420300 0.28222500 0.24359500
v 0.16460200 0.29253300 0.24359600
v 0.28026200 0.29918100 0.24359600
v 0.37002200 0.26889100 0.24359600
v 0.38517200 0.25315500 0.24359600
v 0.39054200 0.23565200 0.24359600
v 0.38517300 0.21814800 0.24359600
v 0.37002300 0.20241200 0.24359500
v 0.20702200 0.18048500 0.19761200
v 0.12041400 0.21031600 0.23345100
v 0.10639800 0.20325900 0.22725500
v 0.10143000 0.21943200 0.22725500
v 0.10639800 0.23560500 0.22725500
v 0.12041400 0.25014400 0.22725600
v 0.33858300 0.26246900 0.22725700
v 0.37433500 0.23560700 0.22725600
v 0.37930300 0.21943400 0.22725600
v 0.37433500 0.20326100 0.22725600
v 0.15703900 0.17877500 0.17765600
v 0.11925800 0.19071800 0.20765000
v 0.11480200 0.20183700 0.20989600
v 0.12085100 0.21421100 0.20785600
v 0.13335600 0.22725800 0.20785600
v 0.17783500 0.24686200 0.20785600
v 0.24036600 0.25432700 0.20785700
v 0.30289700 0.24686300 0.20785700
v 0.32798700 0.23831700 0.20785700
v 0.34737700 0.22726000 0.20785700
v 0.35988100 0.21421300 0.20785700
v 0.36076800 0.18809000 0.20785600
v 0.34567200 0.09938090 0.09234490
v 0.28037900 0.16592000 0.18321200
v 0.12994400 0.18090200 0.19314900
v 0.12909100 0.19650200 0.19703000
v 0.14073300 0.20751800 0.19703100
v 0.15878700 0.21685500 0.19703100
v 0.20970800 0.22872400 0.19703100
v 0.27102500 0.22872500 0.19703100
v 0.29858600 0.22407200 0.19703100
v 0.34000000 0.20752000 0.19703100
v 0.35164200 0.19650400 0.19703100
v 0.35082500 0.18477600 0.19315000
v 0.14835900 0.19128700 0.18539000
v 0.18660200 0.20581200 0.18539100
v 0.21205500 0.20989500 0.18539100
v 0.26867900 0.20989600 0.18539100
v 0.31570300 0.19948200 0.18539100
v 0.33237500 0.19128900 0.18539100
v 0.23520800 0.14133800 0.16287900
v 0.14392200 0.17338400 0.17614400
v 0.34039900 0.17289600 0.17972100
v 0.15708200 0.17804700 0.17077900
v 0.19213100 0.19057300 0.16943900
v 0.28860200 0.19057400 0.16943900
v 0.32291400 0.17692400 0.16943900
v 0.12566800 0.10953200 0.10257500
v 0.33331600 0.16888900 0.17077900
v 0.15064800 0.16456900 0.16541400
v 0.17459000 0.18115400 0.16541400
v 0.30614300 0.18115600 0.16541400
v 0.33175000 0.15957800 0.16541400
v 0.14265300 0.15098800 0.14790600
v 0.15287600 0.15957100 0.14790600
v 0.26728900 0.17609500 0.14790600
v 0.32785800 0.15957300 0.14790600
v 0.33808100 0.15099000 0.14790600
v 0.21048300 0.11131000 0.12960600
v 0.13056200 0.12891700 0.13039800
v 0.13448900 0.13801200 0.13039800
v 0.18497100 0.15847400 0.13039800
v 0.33516900 0.14619000 0.13039800
v 0.34624600 0.13801400 0.13039800
v 0.35017300 0.12891900 0.13039800
v 0.29379300 0.10410800 0.11675300
v 0.13820400 0.13337900 0.11288700
v 0.32401900 0.13984600 0.11288800
v 0.34253100 0.13338100 0.11288800
v 0.35446900 0.12575300 0.11288800
v 0.35870100 0.11726700 0.11288800
v 0.24036800 0.09598630 0.11133100
v 0.11429900 0.10793100 0.09695820
v 0.11880700 0.11555500 0.09695830
v 0.34921000 0.12241000 0.09695920
v 0.36192900 0.11555700 0.09695920
v 0.36643600 0.10793400 0.09695910
v 0.27841300 0.08478690 0.07890220
v 0.18043300 0.08666710 0.08368770
v 0.10666200 0.09975990 0.08102930
v 0.11144300 0.10620700 0.08102940
v 0.12493200 0.11200200 0.08102950
v 0.14584900 0.11691500 0.08102960
v 0.20484700 0.12316000 0.08102990
v 0.24036800 0.12402800 0.08103000
v 0.30782200 0.12071300 0.08103020
v 0.33488700 0.11691700 0.08103030
v 0.35580400 0.11200500 0.08103030
v 0.36929300 0.10620900 0.08103030
v 0.37407400 0.09976250 0.08103030
v 0.14060000 0.08903530 0.08023730
v 0.11852200 0.08297060 0.06509790
v 0.10428400 0.08744250 0.06509790
v 0.09923800 0.09241720 0.06509790
v 0.24036800 0.11114400 0.07356280
v 0.10250400 0.09516780 0.06101450
v 0.16823700 0.10542500 0.06101480
v 0.20238400 0.10715700 0.06101500
v 0.24036800 0.10777100 0.06947930
v 0.27835200 0.10715700 0.06101520
v 0.38334400 0.09061180 0.06101540
v 0.37823200 0.08605280 0.06101540
v 0.36380800 0.08195410 0.06101530
v 0.13801600 0.07781850 0.05692840
v 0.10075900 0.08470510 0.05692840
v 0.09558160 0.08885160 0.05692840
v 0.11536500 0.09672590 0.05692860
v 0.13801600 0.09988550 0.05692870
v 0.16732300 0.10232700 0.05692880
v 0.20190300 0.10390200 0.07031740
v 0.24036800 0.10446100 0.07878180
v 0.27883300 0.10390300 0.07031770
v 0.31341300 0.10232900 0.05692930
v 0.34272100 0.07782050 0.05692910
v 0.11384000 0.08001260 0.05284490
v 0.09905530 0.08337790 0.05284490
v 0.09381530 0.08712170 0.04672620
v 0.09905520 0.09086520 0.05284500
v 0.16643200 0.09928850 0.05975360
v 0.20143400 0.10071000 0.07313960
v 0.24036800 0.10121400 0.07313980
v 0.27930200 0.10071100 0.07313990
v 0.31430400 0.09929000 0.05975410
v 0.34396900 0.09708580 0.05284590
v 0.38168100 0.09086800 0.05284600
v 0.38692100 0.08712450 0.05284600
v 0.38168100 0.08338060 0.05284590
v 0.09713440 0.08204350 0.04194550
v 0.09182310 0.08528580 0.04194550
v 0.09713430 0.08852830 0.04194550
v 0.11212000 0.09144320 0.04806440
v 0.24036800 0.09749140 0.07682330
v 0.27983100 0.09705560 0.06835920
v 0.36861600 0.09144570 0.04806530
v 0.38360200 0.08853100 0.04806530
v 0.38891300 0.08528870 0.04806530
v 0.38360200 0.08204620 0.04806520
v 0.34537800 0.07666070 0.04806500
v 0.09532700 0.08083440 0.03716480
v 0.08994880 0.08356220 0.03716480
v 0.38540900 0.08629310 0.03556120
v 0.39078800 0.08356520 0.03556110
v 0.38540900 0.08083720 0.03556110
v 0.37023400 0.07838460 0.04328190
v 0.31625500 0.07469920 0.05018990
v 0.16363500 0.07493840 0.04540870
v 0.16323500 0.07505220 0.04439620
v 0.13228900 0.07625420 0.03749040
v 0.16286000 0.07519860 0.04338620
v 0.13176900 0.07632040 0.03647790
v 0.10774100 0.07777180 0.03647780
v 0.09224560 0.07948450 0.03036160
v 0.08675360 0.08138980 0.03036160
v 0.09224560 0.08329520 0.03036160
v 0.10774100 0.08500840 0.03647790
v 0.13176900 0.08646030 0.03647800
v 0.16286000 0.08758250 0.04338640
v 0.19954200 0.08830640 0.05677500
v 0.24034700 0.08856300 0.06523930
v 0.28115200 0.08830720 0.05677520
v 0.31783500 0.08758400 0.04338690
v 0.34892500 0.08646240 0.03647870
v 0.37295400 0.08501080 0.03647880
v 0.38844900 0.08329820 0.02875540
v 0.39394100 0.08139290 0.02875540
v 0.38844900 0.07948750 0.02875540
v 0.37295400 0.07777440 0.03647870
v 0.34892600 0.07632250 0.03647860
v 0.31783500 0.07519990 0.04338680
v 0.31746200 0.07448170 0.04237420
v 0.29699100 0.07471860 0.04237420
v 0.26299100 0.07642270 0.05576250
v 0.24316300 0.08286620 0.06422680
v 0.25093700 0.08444870 0.06422680
v 0.26299100 0.08579000 0.05576260
v 0.27858800 0.08682660 0.05576270
v 0.29699100 0.08749510 0.04237430
v 0.31746100 0.08773220 0.04237440
v 0.33793200 0.08749560 0.03546870
v 0.35633400 0.08682750 0.03546880
v 0.37193200 0.08579110 0.03546880
v 0.38398600 0.08445040 0.02774540
v 0.39175900 0.08286810 0.02774540
v 0.39451400 0.08110780 0.02774540
v 0.39175900 0.07934780 0.02774540
v 0.38398600 0.07776540 0.02774540
v 0.37193200 0.07642400 0.03546870
v 0.35633400 0.07538750 0.03546870
v 0.33793200 0.07471900 0.03546860
v 0.33012000 0.07493480 0.03409460
v 0.31290000 0.07514220 0.04100280
v 0.29742000 0.07572780 0.04100280
v 0.28429900 0.07663570 0.05439120
v 0.27415900 0.07781070 0.05439120
v 0.26762100 0.07919710 0.05439120
v 0.26530300 0.08073950 0.05439120
v 0.26762100 0.08228160 0.05439120
v 0.27415900 0.08366820 0.05439120
v 0.28429900 0.08484360 0.05439130
v 0.29742000 0.08575210 0.04100290
v 0.31290000 0.08633770 0.04100290
v 0.33012000 0.08654560 0.03409470
v 0.34733900 0.08633810 0.03409480
v 0.36282000 0.08575280 0.03409480
v 0.37594000 0.08484470 0.03409490
v 0.38608000 0.08366960 0.02637400
v 0.39261900 0.08228310 0.02637400
v 0.39493600 0.08074100 0.02637400
v 0.39261900 0.07919860 0.02637400
v 0.38608000 0.07781200 0.02637400
v 0.37594000 0.07663680 0.03409480
v 0.36282000 0.07572850 0.03409470
v 0.34733900 0.07514260 0.03409470
v 0.33643100 0.07555680 0.03272320
v 0.32107600 0.07572980 0.03963150
v 0.29557100 0.07697560 0.03963140
v 0.28652900 0.07795540 0.05301730
v 0.28069700 0.07911190 0.05301720
v 0.27863100 0.08039820 0.05301730
v 0.28069700 0.08168480 0.05301730
v 0.28652800 0.08284110 0.05301730
v 0.29557100 0.08382160 0.03963140
v 0.30727100 0.08457920 0.03963150
v 0.32107600 0.08506790 0.03963150
v 0.33643100 0.08524120 0.03272330
v 0.35178700 0.08506830 0.03272340
v 0.36559100 0.08457980 0.03272340
v 0.37729100 0.08382250 0.03272350
v 0.38633400 0.08284240 0.02500010
v 0.39216500 0.08168610 0.02500010
v 0.39423200 0.08039960 0.02500010
v 0.39216500 0.07911330 0.02500000
v 0.38633400 0.07795660 0.02500000
v 0.37729200 0.07697650 0.03272340
v 0.36559100 0.07621860 0.03272330
v 0.35178700 0.07573020 0.03272330
v 0.33365800 0.07648620 0.03135180
v 0.31211500 0.07697840 0.03825750
v 0.30347100 0.07754200 0.03825740
v 0.29679000 0.07827140 0.03825740
v 0.29248200 0.07913220 0.03825740
v 0.29095500 0.08008960 0.03825740
v 0.29248200 0.08104730 0.03825740
v 0.29679000 0.08190780 0.03825750
v 0.30347100 0.08263740 0.03825750
v 0.37052700 0.08190860 0.03135200
v 0.37483500 0.08104810 0.03135200
v 0.37636100 0.08009050 0.03135200
v 0.37483500 0.07913300 0.03135200
v 0.37052700 0.07827220 0.03135200
v 0.36384600 0.07754290 0.03135190
v 0.35520200 0.07697890 0.03135190
v 0.34500300 0.07661530 0.03135190
v 0.33236900 0.07707890 0.03075460
v 0.32282300 0.07718230 0.03766280
v 0.29772200 0.08074250 0.03766280
v 0.32282300 0.08276500 0.03766290
v 0.33236900 0.08286870 0.03075460
v 0.34191500 0.08276530 0.03075470
v 0.35777000 0.08202050 0.03075470
v 0.36701600 0.08074330 0.03075470
v 0.36830100 0.07997430 0.03075470
v 0.36701700 0.07920500 0.03075470
v 0.36339100 0.07851360 0.03075470
v 0.35777000 0.07792760 0.03075470
v 0.35049700 0.07747460 0.03075460
v 0.34191500 0.07718250 0.03075460
v 0.32515200 0.07793490 0.03706810
v 0.31906100 0.07800480 0.03706810
v 0.31358400 0.07820240 0.03706810
v 0.30894300 0.07850870 0.03706810
v 0.30535700 0.07890490 0.03706810
v 0.30304300 0.07937250 0.03706810
v 0.30222400 0.07989260 0.03706810
v 0.30304300 0.08041290 0.03706810
v 0.30535600 0.08088050 0.03706810
v 0.30894300 0.08127680 0.03706810
v 0.31358400 0.08158320 0.03706810
v 0.31906100 0.08178090 0.03706810
v 0.32515200 0.08185090 0.03706820
v 0.33124300 0.08178110 0.03015990
v 0.33671900 0.08158350 0.03015990
v 0.34136000 0.08127720 0.03015990
v 0.34494700 0.08088100 0.03015990
v 0.34726000 0.08041340 0.03015990
v 0.34808000 0.07989310 0.03015990
v 0.34726000 0.07937300 0.03015990
v 0.34494700 0.07890540 0.03015990
v 0.34136000 0.07850910 0.03015990
v 0.33671900 0.07820270 0.03015990
v 0.33124300 0.07800500 0.03015990
v 0.30849400 0.08015230 0.03647080
v 0.30845900 0.08015690 0.03647080
v 0.30842900 0.08017000 0.03647080
v 0.30840300 0.08019000 0.03647080
v 0.30838300 0.08021590 0.03647080
v 0.30837000 0.08024660 0.03647080
v 0.30836500 0.08028070 0.03647080
v 0.30837000 0.08031460 0.03647080
v 0.30838300 0.08034530 0.03647080
v 0.30840300 0.08037120 0.03647080
v 0.30842900 0.08039120 0.03647080
v 0.30845900 0.08040430 0.03647080
v 0.30849400 0.08040890 0.03647080
v 0.30852800 0.08040430 0.03647080
v 0.30855800 0.08039120 0.03647080
v 0.30858400 0.08037120 0.03647080
v 0.30860400 0.08034530 0.03647080
v 0.30861700 0.08031460 0.03647080
v 0.30862200 0.08028050 0.03647080
v 0.30861700 0.08024660 0.03647080
v 0.30860400 0.08021590 0.03647080
v 0.30858400 0.08019000 0.03647080
v 0.30855800 0.08017000 0.03647080
v 0.30852800 0.08015690 0.03647080
v 0.19843400 0.50093200 0.64888900
v 0.20154800 0.50241900 0.64738700
v 0.19688000 0.50019900 0.64969200
v 0.19463100 0.49903500 0.65020300
v 0.19181200 0.49759200 0.65094500
v 0.19085800 0.49706200 0.65094200
v 0.18681800 0.49483900 0.65102500
v 0.18580900 0.49425000 0.65083700
v 0.17116100 0.47935100 0.65098700
v 0.16361400 0.47158900 0.64931100
v 0.16225000 0.46924100 0.64943800
v 0.20649800 0.50447500 0.64304600
v 0.20324800 0.50319600 0.64635100
v 0.20231900 0.50276800 0.64689500
v 0.15571200 0.45818500 0.64895500
v 0.14772400 0.44479300 0.64741700
v 0.13362000 0.40616300 0.64180600
v 0.13239200 0.39795700 0.64025600
v 0.13594800 0.41250700 0.64342200
v 0.21128000 0.50574900 0.63401300
v 0.21349200 0.50539800 0.62842600
v 0.21049300 0.50584400 0.63571900
v 0.20973000 0.50566700 0.63802000
v 0.20822900 0.50508300 0.64026700
v 0.20735800 0.50475700 0.64171200
v 0.14604500 0.44202900 0.64692700
v 0.14583600 0.44139500 0.64689400
v 0.14168900 0.42894000 0.64601200
v 0.12841500 0.38081500 0.63134900
v 0.12778700 0.37871700 0.62971300
v 0.12735600 0.37737600 0.62867600
v 0.21454100 0.50382200 0.61343000
v 0.21465500 0.50422400 0.61664000
v 0.21452900 0.50495500 0.62299800
v 0.21390700 0.50524700 0.62649100
v 0.12218900 0.36508200 0.61516100
v 0.21456800 0.50234300 0.60232000
v 0.21467000 0.50277100 0.60532700
v 0.21444800 0.50164800 0.59838900
v 0.21457500 0.50353700 0.61100700
v 0.12185800 0.36444300 0.61425700
v 0.12178500 0.36429300 0.61406000
v 0.21446100 0.50145600 0.59721700
v 0.21446600 0.50157100 0.59791200
v 0.12144200 0.36365700 0.61311600
v 0.12138200 0.36353700 0.61295200
v 0.21447400 0.50126100 0.59604600
v 0.21447800 0.50138400 0.59676900
v 0.12102900 0.36290800 0.61196900
v 0.12098000 0.36281500 0.61183600
v 0.21448800 0.50106900 0.59487400
v 0.21449100 0.50119500 0.59562700
v 0.21449200 0.50101500 0.59455300
v 0.21449300 0.50105100 0.59476500
v 0.21449600 0.50096100 0.59423100
v 0.21449700 0.50099700 0.59444600
v 0.12067000 0.36227800 0.61096600
v 0.21450100 0.50091000 0.59391000
v 0.21450100 0.50094600 0.59412700
v 0.11980500 0.36085900 0.60846900
v 0.11977300 0.36080400 0.60838100
v 0.21453500 0.50047700 0.59129200
v 0.21453800 0.50078400 0.59312700
v 0.11927400 0.36006400 0.60692100
v 0.11889100 0.35959700 0.60576300
v 0.21458200 0.50002600 0.58868000
v 0.21457800 0.50012100 0.58912600
v 0.21457100 0.50038000 0.59066700
v 0.11804100 0.35867200 0.60314900
v 0.21467200 0.49947500 0.58609900
v 0.21461800 0.49993300 0.58824100
v 0.11601400 0.35688100 0.59664400
v 0.11787500 0.35854900 0.60261700
v 0.21433200 0.49808000 0.57977300
v 0.21443100 0.49821100 0.58032300
v 0.21476700 0.49889000 0.58327500
v 0.21471700 0.49937500 0.58559300
v 0.21468500 0.49944400 0.58595200
v 0.11560000 0.35663500 0.59527100
v 0.11400100 0.35543700 0.59006200
v 0.21332600 0.49640400 0.57340500
v 0.21366200 0.49688300 0.57494000
v 0.21381200 0.49718100 0.57593200
v 0.11201200 0.35396400 0.58349000
v 0.11338600 0.35504200 0.58799800
v 0.21217600 0.49452000 0.56706300
v 0.21271700 0.49527300 0.56957000
v 0.10793400 0.34816700 0.57119800
v 0.11047900 0.35184500 0.57884100
v 0.21169000 0.49245400 0.55960600
v 0.21184800 0.49296700 0.56143300
v 0.10381200 0.34257200 0.55885400
v 0.10625800 0.34595400 0.56616200
v 0.21072400 0.48950400 0.55097400
v 0.10210400 0.34040900 0.55370100
v 0.09966120 0.33716100 0.54646200
v 0.20749200 0.48207800 0.53025700
v 0.20915000 0.48574100 0.54021000
v 0.20947700 0.48660700 0.54249200
v 0.09615350 0.33279700 0.53598000
v 0.09085720 0.32593600 0.52061800
v 0.09071290 0.32574100 0.52014600
v 0.20377600 0.47599500 0.51486900
v 0.20622600 0.47994500 0.52495500
v 0.20710400 0.48139800 0.52844900
v 0.08485220 0.31829000 0.50107800
v 0.08460300 0.31795700 0.50021000
v 0.08370250 0.31631700 0.49367900
v 0.08786760 0.32224900 0.51095200
v 0.19302800 0.45924100 0.47817300
v 0.19463600 0.46168400 0.48276200
v 0.19526900 0.46270900 0.48473600
v 0.19560400 0.46323700 0.48588900
v 0.19859800 0.46807400 0.49532700
v 0.19923800 0.46906900 0.49767600
v 0.08107500 0.31093900 0.46697900
v 0.08235740 0.31404800 0.48314300
v 0.08258140 0.31450900 0.48572000
v 0.08248710 0.31432500 0.48473400
v 0.18466700 0.44582300 0.45241300
v 0.18769700 0.45049200 0.46103200
v 0.19155400 0.45682900 0.47336600
v 0.19208500 0.45769000 0.47517500
v 0.18800700 0.45100300 0.46199600
v 0.18880600 0.45230200 0.46470600
v 0.18426100 0.44513200 0.45109700
v 0.18216800 0.44167800 0.44402600
v 0.18258700 0.44236200 0.44529100
v 0.07945680 0.30798100 0.44800300
v 0.17768300 0.43388300 0.42858600
v 0.17940800 0.43673600 0.43450000
v 0.17983300 0.43749400 0.43610200
v 0.07782330 0.30422500 0.42712000
v 0.17173900 0.42329700 0.40820500
v 0.17411600 0.42748800 0.41664200
v 0.17001600 0.42025600 0.40284200
v 0.17489000 0.42896600 0.41967100
v 0.07626900 0.29986000 0.40679500
v 0.16471600 0.40979000 0.38231800
v 0.16892600 0.41799700 0.39869500
v 0.16898600 0.41812400 0.39895200
v 0.07517970 0.29612100 0.39167200
v 0.16303400 0.40618000 0.37547200
v 0.16374400 0.40765600 0.37797100
v 0.07471980 0.29421400 0.38480000
v 0.16138200 0.40244900 0.36865900
v 0.16251500 0.40501500 0.37347600
v 0.07440410 0.29230300 0.37797000
v 0.07413880 0.29078400 0.37306900
v 0.15993400 0.39886200 0.36184500
v 0.07359700 0.28624600 0.36067200
v 0.07337580 0.28300300 0.35141300
v 0.07316030 0.28116600 0.34646200
v 0.07276290 0.27088600 0.32272800
v 0.07273600 0.26989000 0.32032800
v 0.07293070 0.27710500 0.33759200
v 0.07283360 0.27181300 0.32485500
v 0.07293710 0.27719800 0.33780600
v 0.14814000 0.36247100 0.31101900
v 0.15107400 0.37075000 0.31977600
v 0.15116700 0.37106900 0.32018600
v 0.14945400 0.36607700 0.31469500
v 0.14961700 0.36659500 0.31531900
v 0.15247400 0.37514700 0.32485700
v 0.07267720 0.26259800 0.30504300
v 0.07264050 0.26184300 0.30344700
v 0.07265000 0.26050200 0.30047300
v 0.07261440 0.25975400 0.29889200
v 0.07262720 0.25841000 0.29590300
v 0.07269810 0.26862800 0.31775100
v 0.07271040 0.26718300 0.31469300
v 0.07267560 0.26624100 0.31278200
v 0.07266510 0.26394200 0.30797600
v 0.07273730 0.26962700 0.31977400
v 0.13991900 0.33635800 0.28706400
v 0.14055200 0.33830100 0.28875000
v 0.14784700 0.36124600 0.30961400
v 0.14800300 0.36195200 0.31046300
v 0.14660800 0.35681100 0.30504400
v 0.14680800 0.35762200 0.30595700
v 0.14520200 0.35211300 0.30047400
v 0.14548000 0.35313900 0.30155700
v 0.14365800 0.34719600 0.29590400
v 0.14402600 0.34846700 0.29717600
v 0.07343290 0.25693200 0.29110700
v 0.13889100 0.33278800 0.28391400
v 0.07532730 0.25439800 0.28117800
v 0.07536550 0.25436900 0.28098600
v 0.07502280 0.25465900 0.28264600
v 0.07450990 0.25528500 0.28522800
v 0.07474360 0.25494300 0.28391300
v 0.13667200 0.32594400 0.27872600
v 0.07728550 0.25349100 0.27119000
v 0.07877460 0.25345600 0.26479500
v 0.08143230 0.25429200 0.26119300
v 0.07710330 0.25353600 0.27192300
v 0.12847000 0.30117500 0.25993400
v 0.12742200 0.29855000 0.25833600
v 0.12800700 0.29991600 0.25907900
v 0.12831000 0.30074800 0.25964800
v 0.13267300 0.31339500 0.26900200
v 0.13418900 0.31753700 0.27192400
v 0.13486000 0.31960900 0.27358100
v 0.13512500 0.32063000 0.27441900
v 0.08241410 0.25476200 0.25993300
v 0.09205870 0.25937400 0.25000900
v 0.09556930 0.26104900 0.24872600
v 0.10186500 0.26476700 0.24689100
v 0.10982400 0.27081600 0.24540800
v 0.11072300 0.27164100 0.24564300
v 0.11241600 0.27353200 0.24633700
v 0.11610500 0.27830900 0.24833700
v 0.11911200 0.28278300 0.25040100
v 0.11982300 0.28407000 0.25105900
v 0.12123200 0.28656400 0.25227000
v 0.12642900 0.29625100 0.25708900
v 0.12670800 0.29692200 0.25745900
v 0.30781500 0.48168300 0.65781400
v 0.30622700 0.48332300 0.65798200
v 0.30518800 0.48439500 0.65805700
v 0.30440700 0.48519400 0.65808800
v 0.30376300 0.48585600 0.65808900
v 0.30318700 0.48644300 0.65806700
v 0.30263100 0.48700700 0.65802200
v 0.30207700 0.48756800 0.65794800
v 0.30150800 0.48814200 0.65784100
v 0.30086600 0.48878600 0.65768200
v 0.30006400 0.48958500 0.65743000
v 0.29887900 0.49075700 0.65696800
v 0.29676600 0.49285400 0.65596100
v 0.29047300 0.49716300 0.65352600
v 0.29436800 0.49516100 0.65465200
v 0.31639200 0.47230800 0.65658100
v 0.31357600 0.47571500 0.65695500
v 0.32156200 0.46347500 0.65632800
v 0.31066100 0.47873700 0.65742700
v 0.28578800 0.49921800 0.65010600
v 0.32738500 0.45362400 0.65511500
v 0.33178300 0.44620300 0.65402300
v 0.33629000 0.43441600 0.65269100
v 0.33768600 0.43035600 0.65208100
v 0.28170600 0.50066400 0.64480400
v 0.28416600 0.49981300 0.64837700
v 0.33304000 0.44409400 0.65361000
v 0.34219500 0.41775800 0.64895700
v 0.34618400 0.40729100 0.64516900
v 0.34682500 0.40382200 0.64399400
v 0.34774000 0.39934900 0.64210700
v 0.27847200 0.50106400 0.63275100
v 0.27895500 0.50115600 0.63606600
v 0.28040700 0.50084100 0.64118000
v 0.28057800 0.50079500 0.64171200
v 0.35156200 0.38643600 0.63203800
v 0.35235400 0.38429700 0.62971400
v 0.35248700 0.38397100 0.62937100
v 0.27818600 0.50031800 0.62210600
v 0.27824500 0.50070300 0.62709200
v 0.27826600 0.50085700 0.62974900
v 0.35384800 0.38141500 0.62554900
v 0.35753600 0.37424800 0.61528100
v 0.27847200 0.49909300 0.60922300
v 0.27844200 0.49918000 0.61004300
v 0.27881800 0.49782400 0.59933900
v 0.27880000 0.49791200 0.59990800
v 0.27845000 0.49925700 0.61100700
v 0.35788900 0.37369200 0.61426900
v 0.35793200 0.37361900 0.61414400
v 0.35778400 0.37386600 0.61456600
v 0.27882200 0.49766000 0.59815800
v 0.27881300 0.49780400 0.59917900
v 0.35818500 0.37324500 0.61339800
v 0.35832100 0.37302600 0.61300100
v 0.27882600 0.49749600 0.59697700
v 0.27881800 0.49764500 0.59802200
v 0.35858200 0.37265800 0.61222300
v 0.35870900 0.37246300 0.61185100
v 0.27882200 0.49748300 0.59686600
v 0.35878100 0.37236400 0.61163200
v 0.35881500 0.37231400 0.61153300
v 0.35888800 0.37221500 0.61131300
v 0.35892100 0.37216700 0.61121600
v 0.35899000 0.37207500 0.61100600
v 0.35902700 0.37202100 0.61089800
v 0.27883100 0.49719900 0.59482300
v 0.35966100 0.37123700 0.60898600
v 0.35989500 0.37091600 0.60829100
v 0.27883600 0.49683800 0.59220200
v 0.27882500 0.49718400 0.59468700
v 0.36056500 0.37018800 0.60623200
v 0.36075700 0.36995300 0.60565200
v 0.27910900 0.49633000 0.58953200
v 0.27908600 0.49636300 0.58967700
v 0.36144900 0.36930100 0.60345000
v 0.36159800 0.36913700 0.60298200
v 0.27939500 0.49576900 0.58689300
v 0.27937300 0.49580200 0.58701800
v 0.27934400 0.49584600 0.58720100
v 0.27914800 0.49625600 0.58912600
v 0.36345100 0.36776100 0.59694500
v 0.36361600 0.36761300 0.59641700
v 0.28025700 0.49417400 0.58053000
v 0.27994000 0.49463800 0.58220400
v 0.36527100 0.36663200 0.59086100
v 0.36560200 0.36649600 0.58971700
v 0.28135500 0.49241600 0.57416600
v 0.28096500 0.49297700 0.57593200
v 0.28077600 0.49323600 0.57682000
v 0.36756300 0.36551800 0.58308200
v 0.28262200 0.49032700 0.56785200
v 0.28179200 0.49159100 0.57145300
v 0.28154500 0.49206700 0.57294600
v 0.28361000 0.48681800 0.55552800
v 0.28352800 0.48708700 0.55632000
v 0.28281400 0.48941200 0.56440100
v 0.37879900 0.35063700 0.54899100
v 0.28809200 0.47742600 0.53102600
v 0.28776600 0.47798500 0.53231400
v 0.38089100 0.34798200 0.54247800
v 0.39633200 0.32849800 0.49348600
v 0.39639500 0.32838900 0.49306800
v 0.39283100 0.33309200 0.50744400
v 0.39546400 0.32991300 0.49940800
v 0.30178300 0.45609200 0.48473600
v 0.30365800 0.45329100 0.47906700
v 0.39723800 0.32706400 0.48726400
v 0.39737300 0.32676200 0.48473500
v 0.39800900 0.32553800 0.47609700
v 0.39817400 0.32519000 0.47336500
v 0.39875300 0.32411800 0.46615600
v 0.30902500 0.44469700 0.46199600
v 0.30764300 0.44681800 0.46599100
v 0.30735100 0.44726000 0.46688700
v 0.31189600 0.44034400 0.45321700
v 0.30542900 0.45038600 0.47336600
v 0.30386600 0.45295500 0.47836500
v 0.39885000 0.32395900 0.46489000
v 0.39903200 0.32363100 0.46199500
v 0.31311900 0.43833500 0.44905700
v 0.31445800 0.43613600 0.44483500
v 0.31431900 0.43636000 0.44529100
v 0.40013100 0.32172900 0.44964100
v 0.40045200 0.32108400 0.44529000
v 0.39970900 0.32250400 0.45428000
v 0.40138600 0.31941900 0.43578200
v 0.31913600 0.42819100 0.42858600
v 0.31858300 0.42911200 0.43031900
v 0.32050300 0.42591800 0.42413400
v 0.31597100 0.43343700 0.43918500
v 0.40346000 0.31503100 0.41437100
v 0.32683100 0.41472700 0.40361300
v 0.32670800 0.41492300 0.40392300
v 0.32615200 0.41584800 0.40541500
v 0.32527300 0.41739800 0.40820500
v 0.32332800 0.42083000 0.41395800
v 0.32124600 0.42450200 0.42126400
v 0.32586700 0.41635000 0.40624900
v 0.40403300 0.31352500 0.40820400
v 0.40555700 0.30962800 0.39319000
v 0.40363500 0.31461800 0.41271300
v 0.33349300 0.40262600 0.38324900
v 0.33243600 0.40447300 0.38630400
v 0.33541100 0.39876700 0.37642200
v 0.40708500 0.30512000 0.37916700
v 0.40635500 0.30738000 0.38594900
v 0.40682700 0.30598300 0.38187300
v 0.33706400 0.39513100 0.36958700
v 0.40779800 0.30271600 0.37219600
v 0.33878000 0.39119400 0.36281100
v 0.33725000 0.39466900 0.36868600
v 0.40967500 0.29375300 0.35000900
v 0.40986000 0.29213800 0.34563800
v 0.40966400 0.29389800 0.35042100
v 0.40927900 0.29729900 0.35991800
v 0.40963800 0.29424000 0.35141400
v 0.34449700 0.37507400 0.33694800
v 0.34428500 0.37558700 0.33762200
v 0.34069900 0.38499100 0.35141500
v 0.41034000 0.28223000 0.32391500
v 0.41045400 0.28032800 0.31977600
v 0.41033300 0.28264300 0.32485600
v 0.41045500 0.28025800 0.31961600
v 0.34790600 0.36249700 0.31977600
v 0.34934700 0.35809100 0.31469500
v 0.34874500 0.35982700 0.31656800
v 0.35017500 0.35559800 0.31186600
v 0.34730900 0.36430400 0.32184200
v 0.34661300 0.36666200 0.32485700
v 0.41052400 0.27262100 0.30504400
v 0.41048400 0.27441000 0.30849700
v 0.41050800 0.27204400 0.30387300
v 0.41054900 0.27028200 0.30047400
v 0.41053100 0.26969800 0.29928300
v 0.41057000 0.26794800 0.29590400
v 0.41019700 0.26735500 0.29396600
v 0.41044400 0.27981500 0.31874900
v 0.41048300 0.27765300 0.31469500
v 0.41046700 0.27706700 0.31354200
v 0.41050100 0.27497600 0.30961400
v 0.35303400 0.34489900 0.30047400
v 0.35437200 0.34023900 0.29590500
v 0.35402500 0.34135800 0.29692600
v 0.35750000 0.33074300 0.28776400
v 0.35069100 0.35356200 0.30961400
v 0.35028400 0.35510700 0.31127700
v 0.35178400 0.34936000 0.30504400
v 0.35140100 0.35070100 0.30640200
v 0.35265700 0.34615400 0.30167300
v 0.41001700 0.26705300 0.29306200
v 0.35877800 0.32631500 0.28391500
v 0.35862800 0.32680800 0.28432300
v 0.35939000 0.32446000 0.28245000
v 0.35903700 0.32547500 0.28324500
v 0.35886200 0.32604600 0.28370100
v 0.40809100 0.26359500 0.28253800
v 0.40766700 0.26308800 0.28068000
v 0.40843500 0.26393900 0.28391400
v 0.40489800 0.26250700 0.27338600
v 0.40403600 0.26266400 0.27192400
v 0.40723500 0.26260500 0.27872400
v 0.40687900 0.26225100 0.27702400
v 0.40366700 0.26277600 0.27141300
v 0.39952400 0.26422800 0.26576300
v 0.39596800 0.26559700 0.26119200
v 0.40751100 0.26290200 0.27999300
v 0.37490500 0.28808500 0.25993500
v 0.37171900 0.29444100 0.26349700
v 0.36918500 0.29972100 0.26656300
v 0.36578100 0.30832500 0.27192500
v 0.39301400 0.26709300 0.25796300
v 0.38717000 0.27239600 0.25734100
v 0.39383800 0.26663900 0.25877500
v 0.39497300 0.26603200 0.25993500
v 0.38581300 0.27380100 0.25730800
v 0.37900900 0.28163200 0.25764800
v 0.37762700 0.28324600 0.25776200
v 0.37701300 0.28410600 0.25790300
v 0.37696700 0.28419000 0.25794500
v 0.27835900 0.49988000 0.61768200
v 0.27506300 0.12032900 0.46287600
v 0.27508200 0.12034300 0.46285100
v 0.27509300 0.12036200 0.46282600
v 0.27509700 0.12038300 0.46280100
v 0.27509200 0.12040600 0.46277800
v 0.27507900 0.12043000 0.46275900
v 0.27505800 0.12045300 0.46274400
v 0.27503200 0.12047200 0.46273500
v 0.27500200 0.12048800 0.46273300
v 0.27497100 0.12049700 0.46273700
v 0.27494000 0.12050100 0.46274800
v 0.27491100 0.12049900 0.46276400
v 0.27488600 0.12049100 0.46278600
v 0.27486700 0.12047600 0.46281100
v 0.27485600 0.12045800 0.46283600
v 0.27485300 0.12043700 0.46286100
v 0.27485800 0.12041400 0.46288400
v 0.27487100 0.12039000 0.46290300
v 0.27489100 0.12036700 0.46291900
v 0.27491800 0.12034700 0.46292700
v 0.27494700 0.12033200 0.46292900
v 0.27497900 0.12032300 0.46292500
v 0.27500900 0.12031800 0.46291400
v 0.27503800 0.12032100 0.46289800
v 0.29370700 0.11046500 0.46525700
v 0.29485200 0.11141900 0.46365500
v 0.29538400 0.11272900 0.46196200
v 0.29532300 0.11430700 0.46026800
v 0.29468700 0.11606500 0.45865900
v 0.29349400 0.11791100 0.45722400
v 0.29176400 0.11975900 0.45605100
v 0.28965700 0.12141300 0.45527500
v 0.28740000 0.12271500 0.45495700
v 0.28511200 0.12362700 0.45508000
v 0.28291400 0.12411100 0.45562700
v 0.28092400 0.12413000 0.45657900
v 0.27926300 0.12364800 0.45791900
v 0.27811900 0.12269400 0.45952100
v 0.27758700 0.12138400 0.46121400
v 0.27764800 0.11980600 0.46290800
v 0.27828400 0.11804900 0.46451700
v 0.27947700 0.11620200 0.46595200
v 0.28120600 0.11435500 0.46712500
v 0.28331400 0.11270000 0.46790100
v 0.28557100 0.11139800 0.46821900
v 0.28785900 0.11048700 0.46809500
v 0.29005700 0.11000300 0.46754900
v 0.29204700 0.10998300 0.46659700
v 0.28755300 0.12480900 0.45331800
v 0.27854900 0.12367000 0.45897100
v 0.27789000 0.12197200 0.46114800
v 0.27800300 0.11992100 0.46333300
v 0.27886200 0.11763100 0.46541400
v 0.28044000 0.11521900 0.46727600
v 0.30404700 0.10723100 0.46515100
v 0.29595800 0.12237800 0.45257800
v 0.28580200 0.12655300 0.45299600
v 0.27794300 0.12253000 0.46123800
v 0.27808800 0.12015100 0.46376500
v 0.27909600 0.11749300 0.46617300
v 0.28678300 0.10934900 0.47129700
v 0.29019600 0.10735100 0.47180600
v 0.30445000 0.12075900 0.45237800
v 0.29609200 0.12647200 0.45023000
v 0.29173700 0.12825100 0.45041900
v 0.28381100 0.12929000 0.45316500
v 0.30818400 0.11723600 0.45467000
v 0.30066900 0.12409500 0.45085300
v 0.27772500 0.12124000 0.46520100
v 0.28059700 0.12887400 0.45571200
v 0.30613000 0.10172300 0.47286600
v 0.28487300 0.11054200 0.47391200
v 0.28911500 0.10719300 0.47549600
v 0.31366500 0.10680900 0.46441900
v 0.28780400 0.13041200 0.45128100
v 0.29390600 0.10435100 0.47677500
v 0.30305500 0.10137700 0.47554800
v 0.31072100 0.10213600 0.47124900
v 0.31300500 0.10407700 0.46800900
v 0.31380000 0.11003800 0.46110300
v 0.31239600 0.11368900 0.45779800
v 0.30984900 0.11754100 0.45483200
v 0.29875700 0.10233800 0.47687900
v 0.30735200 0.10118300 0.47393800
v 0.31346700 0.10377500 0.47438000
v 0.31635100 0.10611900 0.47040700
v 0.31777200 0.10929500 0.46624100
v 0.31776900 0.11308900 0.46209600
v 0.31637800 0.11728900 0.45818700
v 0.31363600 0.12168100 0.45472900
v 0.30958000 0.12605200 0.45193700
v 0.30458500 0.12994200 0.45013100
v 0.29919000 0.13297600 0.44945500
v 0.29368500 0.13507000 0.44986100
v 0.28835900 0.13614000 0.45129900
v 0.28350000 0.13610100 0.45371900
v 0.27939800 0.13486900 0.45707300
v 0.29367500 0.10566800 0.48199700
v 0.29918000 0.10357400 0.48159200
v 0.30450600 0.10250400 0.48015400
v 0.30936500 0.10254300 0.47773400
v 0.31790800 0.10930800 0.47247300
v 0.31970500 0.11281000 0.46776600
v 0.31995300 0.11694100 0.46312800
v 0.31867900 0.12146900 0.45879900
v 0.31591200 0.12616500 0.45501800
v 0.31167800 0.13079600 0.45202500
v 0.30636400 0.13487500 0.45016500
v 0.30054700 0.13800900 0.44958300
v 0.29454500 0.14011700 0.45021400
v 0.28867400 0.14111600 0.45199400
v 0.28325100 0.14092200 0.45485800
v 0.27522000 0.13681100 0.46328100
v 0.28676500 0.11124400 0.48558800
v 0.27196500 0.13709200 0.47085700
v 0.27147100 0.13270500 0.47589800
v 0.27967200 0.11821900 0.48772900
v 0.29771300 0.10876700 0.48923500
v 0.31455800 0.13980600 0.45333500
v 0.30884800 0.14408100 0.45144900
v 0.30245900 0.14728300 0.45107200
v 0.29574800 0.14933300 0.45211200
v 0.28907200 0.15015500 0.45447900
v 0.32024200 0.13888000 0.45787200
v 0.28252400 0.15374300 0.46004400
v 0.27661200 0.15171100 0.46515900
v 0.32424500 0.13709600 0.46414800
v 0.30289400 0.11589400 0.49780100
v 0.32455000 0.12790700 0.47696900
v 0.30424100 0.15737300 0.45465700
v 0.29537400 0.11753800 0.50259400
v 0.31010300 0.11757500 0.49534600
v 0.31673800 0.12029800 0.49059800
v 0.32205000 0.12437900 0.48496600
v 0.32637000 0.13423800 0.47206100
v 0.28764500 0.12044200 0.50611100
v 0.31192200 0.15642500 0.45630200
v 0.29688500 0.16199600 0.45756900
v 0.31862000 0.15241600 0.45887000
v 0.28011900 0.12463700 0.50811500
v 0.30323300 0.11828200 0.50376000
v 0.28894600 0.16456500 0.46192300
v 0.31842300 0.12205800 0.49591500
v 0.31148500 0.11963300 0.50196200
v 0.32443100 0.12613900 0.49032000
v 0.32775500 0.13107800 0.48328600
v 0.29581700 0.11976200 0.51129700
v 0.32974400 0.13703900 0.47764200
v 0.30457700 0.11903000 0.50967400
v 0.32152300 0.12203600 0.50177200
v 0.32712100 0.12613400 0.49454600
v 0.33048500 0.13133800 0.48720000
v 0.33161400 0.13731600 0.48009800
v 0.33050800 0.14373900 0.47360300
v 0.32716700 0.15027400 0.46807600
v 0.32158900 0.15659200 0.46388100
v 0.31427000 0.16201900 0.46151200
v 0.30601800 0.16604200 0.46113800
v 0.29729800 0.16856800 0.46263300
v 0.28857400 0.16950600 0.46586900
v 0.28031300 0.16876200 0.47072200
v 0.27298000 0.16624400 0.47706500
v 0.26738200 0.16214600 0.48429100
v 0.26401800 0.15694200 0.49163700
v 0.26288900 0.15096400 0.49873900
v 0.26399500 0.14454100 0.50523400
v 0.26733600 0.13800600 0.51076100
v 0.27291400 0.13168900 0.51495600
v 0.28023300 0.12626100 0.51732500
v 0.28848500 0.12223800 0.51769900
v 0.29720500 0.11971200 0.51620400
v 0.30592900 0.11877400 0.51296700
v 0.31419000 0.11951800 0.50811500
v 0.32169700 0.12200300 0.50203600
v 0.32730300 0.12611000 0.49479600
v 0.33066600 0.13132900 0.48743300
v 0.33178700 0.13732600 0.48031200
v 0.33066500 0.14377000 0.47379600
v 0.32730200 0.15032800 0.46825000
v 0.32169600 0.15667100 0.46403700
v 0.31434600 0.16212100 0.46165300
v 0.30606300 0.16616300 0.46126900
v 0.29731300 0.16870400 0.46275800
v 0.28856300 0.16965100 0.46599400
v 0.28028100 0.16891000 0.47085200
v 0.27293100 0.16639000 0.47720500
v 0.26732600 0.16228200 0.48444500
v 0.26396300 0.15706400 0.49180800
v 0.26284200 0.15106700 0.49892900
v 0.26396300 0.14462300 0.50544500
v 0.26732700 0.13806400 0.51099100
v 0.27293300 0.13172200 0.51520500
v 0.28028200 0.12627200 0.51758800
v 0.28856500 0.12223000 0.51797300
v 0.29731500 0.11968900 0.51648300
v 0.30606500 0.11874200 0.51324700
v 0.31434800 0.11948300 0.50838900
v 0.32186500 0.12194200 0.50228200
v 0.32747900 0.12606000 0.49502700
v 0.33084200 0.13129400 0.48764800
v 0.33195500 0.13731300 0.48051100
v 0.33081900 0.14378200 0.47397800
v 0.32743400 0.15036900 0.46841500
v 0.32180200 0.15674100 0.46418800
v 0.31442300 0.16221900 0.46179300
v 0.30611000 0.16628500 0.46140200
v 0.29733100 0.16884400 0.46288800
v 0.28855600 0.16980400 0.46612700
v 0.28025200 0.16906900 0.47099000
v 0.27288800 0.16654600 0.47735400
v 0.26727400 0.16242900 0.48460900
v 0.26391100 0.15719400 0.49198700
v 0.26279800 0.15117600 0.49912500
v 0.26393400 0.14470600 0.50565800
v 0.26731800 0.13811900 0.51122000
v 0.27295100 0.13174800 0.51544800
v 0.28033000 0.12626900 0.51784300
v 0.28864300 0.12220400 0.51823400
v 0.29742100 0.11964400 0.51674700
v 0.30619700 0.11868500 0.51350900
v 0.31450100 0.11942000 0.50864500
v 0.32204900 0.12190100 0.50255100
v 0.32767000 0.12602800 0.49528200
v 0.33103200 0.13127700 0.48788600
v 0.33213500 0.13731500 0.48072800
v 0.33098300 0.14380700 0.47417500
v 0.32757500 0.15041800 0.46859300
v 0.32191300 0.15681600 0.46434600
v 0.31450100 0.16231800 0.46193600
v 0.30615600 0.16640400 0.46153400
v 0.29734800 0.16897900 0.46301400
v 0.28854500 0.16994800 0.46625200
v 0.28021900 0.16921800 0.47112000
v 0.27283900 0.16669300 0.47749300
v 0.26721800 0.16256600 0.48476200
v 0.26385600 0.15731600 0.49215900
v 0.26275200 0.15127900 0.49931600
v 0.26390500 0.14478700 0.50586900
v 0.26731300 0.13817500 0.51145200
v 0.27297400 0.13177800 0.51569800
v 0.28038600 0.12627600 0.51810900
v 0.28873100 0.12219000 0.51851100
v 0.29754000 0.11961500 0.51703000
v 0.30634200 0.11864500 0.51379300
v 0.31466900 0.11937600 0.50892400
v 0.32222600 0.12183200 0.50280100
v 0.32785500 0.12596800 0.49551800
v 0.33121600 0.13123400 0.48810600
v 0.33231100 0.13729500 0.48093100
v 0.33114300 0.14381300 0.47436100
v 0.32771300 0.15045400 0.46876100
v 0.32202300 0.15688200 0.46450000
v 0.31458000 0.16241400 0.46207700
v 0.30620400 0.16652400 0.46166800
v 0.29736700 0.16911900 0.46314500
v 0.28853800 0.17010100 0.46638400
v 0.28019000 0.16937700 0.47125800
v 0.27279400 0.16685000 0.47764200
v 0.26716600 0.16271300 0.48492500
v 0.26380500 0.15744700 0.49233700
v 0.26270900 0.15138700 0.49951200
v 0.26387800 0.14486900 0.50608200
v 0.26730800 0.13822800 0.51168100
v 0.27299700 0.13179900 0.51594300
v 0.28044000 0.12626800 0.51836600
v 0.28881600 0.12215700 0.51877500
v 0.29765400 0.11956300 0.51729700
v 0.30648300 0.11858000 0.51405900
v 0.31483100 0.11930500 0.50918500
v 0.32242000 0.12178200 0.50307500
v 0.32805500 0.12592800 0.49577800
v 0.33141400 0.13121000 0.48834800
v 0.33250000 0.13728900 0.48115300
v 0.33131300 0.14383100 0.47456200
v 0.32785900 0.15049800 0.46894200
v 0.32213800 0.15695300 0.46466100
v 0.31466200 0.16251000 0.46222200
v 0.30625300 0.16664200 0.46180100
v 0.29738300 0.16925200 0.46327200
v 0.28852700 0.17024600 0.46650900
v 0.28015600 0.16952600 0.47138700
v 0.27274500 0.16699700 0.47778100
v 0.26710900 0.16285100 0.48507800
v 0.26375000 0.15756900 0.49250800
v 0.26266500 0.15149000 0.49970300
v 0.26385100 0.14494800 0.50629400
v 0.26730500 0.13828100 0.51191400
v 0.27302600 0.13182600 0.51619500
v 0.28050200 0.12626900 0.51863400
v 0.28891200 0.12213700 0.51905500
v 0.29778100 0.11952600 0.51758400
v 0.30663700 0.11853300 0.51434700
v 0.31500800 0.11925300 0.50946900
v 0.32261800 0.12172800 0.50335200
v 0.32826100 0.12588400 0.49604000
v 0.33161800 0.13118000 0.48859200
v 0.33269200 0.13728000 0.48137800
v 0.33148800 0.14384600 0.47476500
v 0.32800800 0.15053900 0.46912400
v 0.32225600 0.15702200 0.46482300
v 0.31474500 0.16260400 0.46236800
v 0.30630100 0.16675800 0.46193500
v 0.29740000 0.16938600 0.46339900
v 0.28851600 0.17039100 0.46663400
v 0.28012300 0.16967600 0.47151600
v 0.27269500 0.16714400 0.47791900
v 0.26705200 0.16298800 0.48523100
v 0.26369500 0.15769200 0.49267900
v 0.26262100 0.15159200 0.49989300
v 0.26382500 0.14502600 0.50650500
v 0.26730500 0.13833300 0.51214700
v 0.27305700 0.13185100 0.51644800
v 0.28056800 0.12626800 0.51890300
v 0.28901100 0.12211400 0.51933600
v 0.29791200 0.11948700 0.51787200
v 0.30679700 0.11848200 0.51463700
v 0.31519000 0.11919600 0.50975500
v 0.32635300 0.12085500 0.50902700
v 0.33215300 0.12521500 0.50141400
v 0.33548400 0.13085000 0.49361000
v 0.33636200 0.13739500 0.48600700
v 0.33480700 0.14448700 0.47899300
v 0.29074100 0.12194200 0.52523100
v 0.30028100 0.11893500 0.52386700
v 0.30973400 0.11767600 0.52063000
v 0.31859400 0.11827800 0.51564200
v 0.32889400 0.12124400 0.51396000
v 0.33483600 0.12577300 0.50609200
v 0.33816200 0.13167700 0.49799300
v 0.33890200 0.13857300 0.49006900
v 0.33708500 0.14607500 0.48272800
v 0.29746600 0.17626800 0.46895900
v 0.29165900 0.12283400 0.53039500
v 0.30170800 0.11954300 0.52909800
v 0.31161800 0.11809600 0.52584600
v 0.32085700 0.11862100 0.52076000
v 0.33055900 0.12262400 0.51823600
v 0.33662200 0.12729100 0.51015700
v 0.33995300 0.13341300 0.50181400
v 0.34059100 0.14059000 0.49362900
v 0.33393300 0.15650300 0.47941700
v 0.30747900 0.17669000 0.47017500
v 0.28674300 0.18179400 0.47469300
v 0.27719300 0.18132500 0.47986700
v 0.28192700 0.12989600 0.53398800
v 0.30246400 0.12108300 0.53363700
v 0.31274300 0.11949200 0.53036600
v 0.32229300 0.11996100 0.52519200
v 0.33161300 0.12474000 0.52193900
v 0.33777900 0.12952400 0.51368200
v 0.31759600 0.17521500 0.47342800
v 0.26752400 0.18304300 0.48928900
v 0.27204300 0.13980900 0.53449700
v 0.30276300 0.12332900 0.53757200
v 0.31334800 0.12161900 0.53428000
v 0.32315500 0.12204100 0.52902800
v 0.33292300 0.13051200 0.52811000
v 0.33928700 0.13549800 0.51953600
v 0.34266900 0.14210700 0.51063600
v 0.34312200 0.14990500 0.50186300
v 0.34069800 0.15845500 0.49367000
v 0.33545000 0.16732100 0.48650900
v 0.32743000 0.17606700 0.48083300
v 0.31737000 0.18376900 0.47729800
v 0.30636500 0.18968900 0.47617900
v 0.29501300 0.19367100 0.47735400
v 0.28391300 0.19555800 0.48070300
v 0.27366500 0.19519500 0.48610500
v 0.26486800 0.19242300 0.49344000
v 0.25850400 0.18743800 0.50201400
v 0.25512200 0.18082800 0.51091400
v 0.25466900 0.17303000 0.51968700
v 0.25709300 0.16448000 0.52788000
v 0.26234100 0.15561400 0.53504100
v 0.27036100 0.14686900 0.54071700
v 0.28042100 0.13916700 0.54425200
v 0.29142700 0.13324700 0.54537100
v 0.30277900 0.12926400 0.54419600
v 0.31387800 0.12737700 0.54084700
v 0.32412600 0.12774000 0.53544500
v 0.33293100 0.13053800 0.52812800
v 0.33929400 0.13552100 0.51955000
v 0.34267500 0.14212900 0.51064700
v 0.34312600 0.14992600 0.50187200
v 0.34070000 0.15847600 0.49367600
v 0.33545000 0.16734200 0.48651300
v 0.32742800 0.17608900 0.48083600
v 0.31736600 0.18379300 0.47730100
v 0.30635900 0.18971500 0.47618200
v 0.29500700 0.19370000 0.47735800
v 0.28390700 0.19559100 0.48070900
v 0.27365900 0.19523000 0.48611400
v 0.26486200 0.19246100 0.49345200
v 0.25849900 0.18747800 0.50202900
v 0.25511900 0.18087000 0.51093200
v 0.25466800 0.17307300 0.51970800
v 0.25709400 0.16452300 0.52790400
v 0.26234400 0.15565700 0.53506600
v 0.27036500 0.14691000 0.54074300
v 0.28042700 0.13920600 0.54427900
v 0.29143400 0.13328400 0.54539800
v 0.30278700 0.12929900 0.54422100
v 0.31388700 0.12740900 0.54087000
v 0.32413400 0.12776900 0.53546600
v 0.33293200 0.13054900 0.52813200
v 0.33929500 0.13553300 0.51955400
v 0.34267600 0.14214200 0.51065200
v 0.34312700 0.14994200 0.50187700
v 0.34070100 0.15849600 0.49368300
v 0.33545100 0.16736600 0.48652200
v 0.32742900 0.17611800 0.48084600
v 0.31736700 0.18382600 0.47731300
v 0.30635900 0.18975300 0.47619600
v 0.29500600 0.19374100 0.47737400
v 0.28390600 0.19563400 0.48072700
v 0.27365800 0.19527500 0.48613300
v 0.26486100 0.19250700 0.49347100
v 0.25849700 0.18752300 0.50204900
v 0.25511600 0.18091300 0.51095100
v 0.25466500 0.17311300 0.51972600
v 0.25709100 0.16456000 0.52792100
v 0.26234100 0.15568900 0.53508200
v 0.27036300 0.14693700 0.54075700
v 0.28042600 0.13922900 0.54429000
v 0.29143300 0.13330200 0.54540700
v 0.30278600 0.12931400 0.54422900
v 0.31388600 0.12742100 0.54087700
v 0.32413500 0.12778000 0.53547100
v 0.33294500 0.13058800 0.52816300
v 0.33930900 0.13557200 0.51958400
v 0.34268900 0.14218200 0.51068000
v 0.34313800 0.14998100 0.50190200
v 0.34071000 0.15853300 0.49370500
v 0.33545800 0.16740200 0.48654000
v 0.32743300 0.17615300 0.48086100
v 0.31736700 0.18385900 0.47732400
v 0.30635700 0.18978400 0.47620400
v 0.29500100 0.19377100 0.47738000
v 0.28389800 0.19566300 0.48073000
v 0.27364900 0.19530300 0.48613500
v 0.26485100 0.19253400 0.49347400
v 0.25848700 0.18755000 0.50205200
v 0.25510700 0.18094100 0.51095700
v 0.25465800 0.17314200 0.51973400
v 0.25708600 0.16459000 0.52793100
v 0.26233900 0.15572000 0.53509600
v 0.27036400 0.14697000 0.54077500
v 0.28042900 0.13926300 0.54431200
v 0.29143900 0.13333800 0.54543200
v 0.30279500 0.12935100 0.54425700
v 0.31389800 0.12745900 0.54090600
v 0.32414700 0.12781900 0.53550100
v 0.33294600 0.13059900 0.52816700
v 0.33931000 0.13558400 0.51958800
v 0.34269000 0.14219500 0.51068400
v 0.34314000 0.14999700 0.50190800
v 0.34071200 0.15855300 0.49371100
v 0.33545900 0.16742700 0.48654800
v 0.32743400 0.17618200 0.48087100
v 0.31736800 0.18389300 0.47733700
v 0.30635700 0.18982200 0.47621800
v 0.29500100 0.19381300 0.47739600
v 0.28389800 0.19570700 0.48074800
v 0.27364700 0.19534900 0.48615400
v 0.26484900 0.19258000 0.49349300
v 0.25848500 0.18759600 0.50207200
v 0.25510500 0.18098400 0.51097600
v 0.25465500 0.17318200 0.51975200
v 0.25708300 0.16462600 0.52794800
v 0.26233600 0.15575300 0.53511100
v 0.27036100 0.14699800 0.54078800
v 0.28042700 0.13928600 0.54432300
v 0.29143800 0.13335700 0.54544100
v 0.30279400 0.12936600 0.54426400
v 0.31389700 0.12747200 0.54091200
v 0.32414700 0.12783000 0.53550600
v 0.33296000 0.13063900 0.52819800
v 0.33932300 0.13562300 0.51961800
v 0.34270300 0.14223400 0.51071200
v 0.34315100 0.15003600 0.50193300
v 0.34072100 0.15859000 0.49373400
v 0.33546500 0.16746300 0.48656700
v 0.32743700 0.17621600 0.48088600
v 0.31736800 0.18392600 0.47734800
v 0.30635400 0.18985400 0.47622600
v 0.29499500 0.19384300 0.47740100
v 0.28389000 0.19573600 0.48075100
v 0.27363900 0.19537700 0.48615600
v 0.26483900 0.19260800 0.49349500
v 0.25847500 0.18762300 0.50207500
v 0.25509600 0.18101200 0.51098100
v 0.25464800 0.17321100 0.51976000
v 0.25707800 0.16465600 0.52795900
v 0.26233300 0.15578400 0.53512600
v 0.27036200 0.14703100 0.54080700
v 0.28043100 0.13932100 0.54434500
v 0.29144400 0.13339300 0.54546700
v 0.30280300 0.12940400 0.54429200
v 0.31390800 0.12751000 0.54094200
v 0.32416000 0.12787000 0.53553700
v 0.33296000 0.13064900 0.52820200
v 0.33932400 0.13563500 0.51962200
v 0.34270400 0.14224800 0.51071600
v 0.34315300 0.15005200 0.50193800
v 0.34072200 0.15861000 0.49374000
v 0.33546700 0.16748700 0.48657500
v 0.32743800 0.17624500 0.48089600
v 0.31736900 0.18396000 0.47736000
v 0.30635500 0.18989200 0.47624000
v 0.29499500 0.19388400 0.47741700
v 0.28389000 0.19578000 0.48076900
v 0.27363700 0.19542200 0.48617500
v 0.26483800 0.19265400 0.49351400
v 0.25847300 0.18766800 0.50209500
v 0.25509400 0.18105500 0.51100000
v 0.25464500 0.17325100 0.51977800
v 0.25707500 0.16469300 0.52797600
v 0.26233100 0.15581600 0.53514100
v 0.27036000 0.14705800 0.54082000
v 0.28042900 0.13934300 0.54435600
v 0.29144300 0.13341100 0.54547600
v 0.30280300 0.12941900 0.54429900
v 0.31390800 0.12752300 0.54094800
v 0.32416000 0.12788100 0.53554100
v 0.33727400 0.14120300 0.53409600
v 0.34370400 0.14634200 0.52531600
v 0.34698100 0.15324000 0.51614800
v 0.34717700 0.16143700 0.50706200
v 0.34435900 0.17047400 0.49852900
v 0.33859900 0.17989000 0.49101900
v 0.32996700 0.18922700 0.48500100
v 0.31925300 0.19749900 0.48116800
v 0.30762100 0.20391300 0.47982300
v 0.29569800 0.20829300 0.48085000
v 0.28411000 0.21046500 0.48413400
v 0.27348600 0.21025400 0.48956100
v 0.26445200 0.20748500 0.49701600
v 0.25802200 0.20234600 0.50579600
v 0.25474400 0.19544900 0.51496400
v 0.25454900 0.18725100 0.52404900
v 0.25736600 0.17821500 0.53258200
v 0.26312600 0.16879800 0.54009300
v 0.27175900 0.15946200 0.54611100
v 0.28247300 0.15119000 0.54994400
v 0.29410500 0.14477600 0.55128900
v 0.30602800 0.14039600 0.55026200
v 0.31761600 0.13822400 0.54697700
v 0.32824000 0.13843500 0.54155000
v 0.33733000 0.14129200 0.53413700
v 0.34376100 0.14643300 0.52535500
v 0.34703800 0.15333500 0.51618600
v 0.34723200 0.16153800 0.50709900
v 0.34441200 0.17058200 0.49856500
v 0.33864800 0.18000700 0.49105400
v 0.33001100 0.18935300 0.48503600
v 0.31929300 0.19763400 0.48120300
v 0.30765600 0.20405500 0.47985800
v 0.29572800 0.20844200 0.48088600
v 0.28413600 0.21061900 0.48417200
v 0.27350900 0.21041000 0.48960100
v 0.26447300 0.20764200 0.49705700
v 0.25804200 0.20250100 0.50583900
v 0.25476400 0.19559900 0.51500800
v 0.25457000 0.18739600 0.52409500
v 0.25739000 0.17835200 0.53262900
v 0.26315400 0.16892700 0.54014000
v 0.27179100 0.15958100 0.54615800
v 0.28251000 0.15130000 0.54999100
v 0.29414700 0.14487900 0.55133600
v 0.30607500 0.14049200 0.55030800
v 0.31766600 0.13831500 0.54702200
v 0.32829400 0.13852400 0.54159400
v 0.33739900 0.14140900 0.53420500
v 0.34383100 0.14655100 0.52542000
v 0.34710700 0.15345400 0.51624700
v 0.34729700 0.16165900 0.50715500
v 0.34447200 0.17070600 0.49861500
v 0.33870200 0.18013300 0.49109800
v 0.33005800 0.18948100 0.48507300
v 0.31933100 0.19776500 0.48123500
v 0.30768600 0.20418800 0.47988500
v 0.29575100 0.20857600 0.48090900
v 0.28415400 0.21075300 0.48419200
v 0.27352200 0.21054500 0.48962000
v 0.26448400 0.20777600 0.49707700
v 0.25805200 0.20263400 0.50586200
v 0.25477600 0.19573000 0.51503500
v 0.25458600 0.18752500 0.52412700
v 0.25741100 0.17847900 0.53266700
v 0.26318000 0.16905200 0.54018400
v 0.27182500 0.15970400 0.54620900
v 0.28255200 0.15142000 0.55004800
v 0.29419600 0.14499700 0.55139800
v 0.30613100 0.14060900 0.55037300
v 0.31772800 0.13843200 0.54709000
v 0.32836000 0.13864000 0.54166200
v 0.33746800 0.14152600 0.53427300
v 0.34390100 0.14666900 0.52548500
v 0.34717500 0.15357400 0.51630800
v 0.34736200 0.16178100 0.50721100
v 0.34453300 0.17082900 0.49866600
v 0.33875600 0.18025900 0.49114200
v 0.33010500 0.18960900 0.48511100
v 0.31937000 0.19789500 0.48126600
v 0.30771800 0.20432000 0.47991100
v 0.29577600 0.20870900 0.48093200
v 0.28417300 0.21088700 0.48421300
v 0.27353700 0.21067900 0.48964000
v 0.26449500 0.20791000 0.49709800
v 0.25806300 0.20276600 0.50588500
v 0.25478800 0.19586100 0.51506200
v 0.25460100 0.18765400 0.52415900
v 0.25743100 0.17860600 0.53270500
v 0.26320700 0.16917600 0.54022800
v 0.27185900 0.15982600 0.54626000
v 0.28259400 0.15154000 0.55010400
v 0.29424600 0.14511500 0.55145900
v 0.30618800 0.14072600 0.55043900
v 0.31779100 0.13854800 0.54715800
v 0.32842700 0.13875600 0.54173100
v 0.33752600 0.14161300 0.53431400
v 0.34395900 0.14675900 0.52552500
v 0.34723300 0.15366800 0.51634600
v 0.34741900 0.16188100 0.50724800
v 0.34458700 0.17093700 0.49870200
v 0.33880700 0.18037500 0.49117700
v 0.33015000 0.18973500 0.48514600
v 0.31941100 0.19802900 0.48130100
v 0.30775400 0.20446200 0.47994700
v 0.29580800 0.20885700 0.48096900
v 0.28420100 0.21104000 0.48425100
v 0.27356100 0.21083400 0.48967900
v 0.26451700 0.20806500 0.49713900
v 0.25808400 0.20292000 0.50592800
v 0.25481000 0.19601100 0.51510700
v 0.25462400 0.18779800 0.52420500
v 0.25745700 0.17874200 0.53275200
v 0.26323600 0.16930400 0.54027600
v 0.27189300 0.15994400 0.54630800
v 0.28263200 0.15165000 0.55015200
v 0.29428900 0.14521700 0.55150600
v 0.30623500 0.14082200 0.55048500
v 0.31784300 0.13863900 0.54720200
v 0.32848200 0.13884400 0.54177400
v 0.33758400 0.14170100 0.53435600
v 0.34401800 0.14684900 0.52556500
v 0.34729200 0.15376200 0.51638500
v 0.34747600 0.16198100 0.50728600
v 0.34464100 0.17104400 0.49873800
v 0.33885800 0.18049100 0.49121300
v 0.33019700 0.18985900 0.48518100
v 0.31945300 0.19816300 0.48133600
v 0.30779100 0.20460300 0.47998300
v 0.29584000 0.20900500 0.48100500
v 0.28422900 0.21119200 0.48428900
v 0.27358600 0.21099000 0.48971900
v 0.26454000 0.20822100 0.49718000
v 0.25810600 0.20307400 0.50597100
v 0.25483200 0.19616000 0.51515200
v 0.25464800 0.18794100 0.52425100
v 0.25748300 0.17887800 0.53279900
v 0.26326600 0.16943200 0.54032400
v 0.27192700 0.16006300 0.54635600
v 0.28267100 0.15176000 0.55020000
v 0.29433300 0.14531900 0.55155400
v 0.30628400 0.14091700 0.55053100
v 0.31789500 0.13873000 0.54724700
v 0.32853800 0.13893300 0.54181700
v 0.33765500 0.14181700 0.53442400
v 0.34409000 0.14696600 0.52563000
v 0.34736200 0.15388100 0.51644600
v 0.34754300 0.16210200 0.50734200
v 0.34470300 0.17116700 0.49878800
v 0.33891300 0.18061600 0.49125700
v 0.33024500 0.18998700 0.48521900
v 0.31949300 0.19829200 0.48136800
v 0.30782400 0.20473500 0.48000900
v 0.29586600 0.20913800 0.48102800
v 0.28424900 0.21132600 0.48431000
v 0.27360200 0.21112300 0.48973900
v 0.26455300 0.20835400 0.49720100
v 0.25811800 0.20320500 0.50599400
v 0.25484600 0.19629000 0.51517900
v 0.25466500 0.18806900 0.52428300
v 0.25750500 0.17900400 0.53283700
v 0.26329400 0.16955500 0.54036800
v 0.27196300 0.16018400 0.54640600
v 0.28271500 0.15187900 0.55025700
v 0.29438400 0.14543600 0.55161500
v 0.30634200 0.14103300 0.55059700
v 0.31795900 0.13884500 0.54731500
v 0.32860600 0.13904800 0.54188600
v 0.34277500 0.17827800 0.50581400
v 0.32924700 0.16373400 0.53183300
v 0.33939300 0.19079700 0.49717900
v 0.33370800 0.17363300 0.52227200
v 0.33369800 0.20301100 0.49002400
v 0.29728500 0.22529900 0.48334200
v 0.28666300 0.22644800 0.48727100
v 0.27660700 0.22554900 0.49316900
v 0.25544200 0.20390300 0.52727100
v 0.25680600 0.19608600 0.53518700
v 0.28668100 0.16892300 0.55041300
v 0.29730500 0.16584200 0.54860700
v 0.30756300 0.22726300 0.48215800
v 0.25744200 0.21535100 0.51975100
v 0.27419400 0.18080100 0.54951000
v 0.33155600 0.20360000 0.50243700
v 0.33133600 0.21037400 0.49509900
v 0.32860000 0.21710100 0.48904400
v 0.31586900 0.22867000 0.48255300
v 0.26272100 0.22527300 0.51226100
v 0.25582500 0.21299400 0.52912500
v 0.25604400 0.20622000 0.53646200
v 0.25878000 0.19949300 0.54251700
v 0.26408800 0.19316800 0.54687500
v 0.32124900 0.22997300 0.48452300
v 0.28856800 0.23883000 0.49077600
v 0.25592800 0.21751700 0.53014700
v 0.25551200 0.21131100 0.53716700
v 0.25750000 0.20525700 0.54284500
v 0.28539900 0.19072300 0.54516700
v 0.31412700 0.21008500 0.51587200
v 0.32380000 0.22649100 0.49312800
v 0.32260400 0.23183400 0.48784700
v 0.31900300 0.23661700 0.48435800
v 0.31327900 0.24031600 0.48309800
v 0.31528900 0.23367300 0.48851900
v 0.30709300 0.23453100 0.49158700
v 0.28096700 0.22848600 0.51100700
v 0.26839000 0.21865200 0.52795800
v 0.26512700 0.21308300 0.53566700
v 0.26403600 0.20747900 0.54235400
v 0.25603700 0.21106100 0.54322400
v 0.26536100 0.20257900 0.54797300
v 0.27254700 0.20029700 0.54696300
v 0.31951700 0.23480100 0.49210200
v 0.31915600 0.23938800 0.48723900
v 0.31648200 0.24333000 0.48421800
v 0.32087600 0.23725900 0.48784100
v 0.31451700 0.23878100 0.48927900
v 0.30701900 0.23899300 0.49271300
v 0.29880000 0.23791900 0.49791200
v 0.27448400 0.22750700 0.52123900
v 0.26880400 0.22258800 0.52942000
v 0.26498600 0.21751100 0.53686300
v 0.26318300 0.21254500 0.54319900
v 0.26354400 0.20795800 0.54806200
v 0.25702300 0.21294200 0.54667200
v 0.26182400 0.21008700 0.54746000
v 0.26818300 0.20856500 0.54602200
v 0.27568100 0.20835300 0.54258900
v 0.31521700 0.24704800 0.48674100
v 0.32272300 0.24116800 0.48863300
v 0.31890800 0.24312700 0.48834700
v 0.31343600 0.24384500 0.49023800
v 0.30669000 0.24337600 0.49405500
v 0.29091000 0.23910100 0.50647900
v 0.32133600 0.24197200 0.48951900
v 0.31771900 0.24377400 0.48931100
v 0.31245300 0.24436500 0.49124200
v 0.30591100 0.24380300 0.49506200
v 0.29846600 0.24214900 0.50052600
v 0.31627400 0.24428200 0.49050100
v 0.31122800 0.24474900 0.49246000
v 0.30491200 0.24410400 0.49626700
v 0.26079600 0.21595800 0.54883200
v 0.26215100 0.21326500 0.55112800
v 0.26556400 0.21162100 0.55126100
v 0.31773900 0.24318700 0.49207700
v 0.31454000 0.24467200 0.49201500
v 0.30973300 0.24502200 0.49399000
v 0.30366600 0.24430000 0.49775800
v 0.29668800 0.24257400 0.50307800
v 0.26395400 0.22402600 0.53951300
v 0.26123300 0.22026000 0.54498500
v 0.31643200 0.24121700 0.49592400
v 0.31242500 0.24486200 0.49388300
v 0.30787700 0.24509800 0.49585300
v 0.30209100 0.24431200 0.49955400
v 0.29540000 0.24257100 0.50474800
v 0.28813600 0.23994300 0.51119800
v 0.28063300 0.23649600 0.51866600
v 0.31260000 0.24368700 0.49618100
v 0.30985900 0.24485500 0.49624300
v 0.30559700 0.24498700 0.49818900
v 0.30013100 0.24415200 0.50178700
v 0.29377500 0.24242000 0.50680900
v 0.27688100 0.22975200 0.52989500
v 0.29684000 0.22894700 0.52114800
v 0.30670300 0.24454500 0.49916900
v 0.30276100 0.24458300 0.50106000
v 0.29766200 0.24371800 0.50451000
v 0.29170300 0.24202000 0.50930000
v 0.28517800 0.23955500 0.51520800
v 0.27201900 0.23283600 0.52904400
v 0.26671400 0.22926200 0.53557400
v 0.26264700 0.22584200 0.54132700
v 0.25999600 0.22275000 0.54602500
v 0.25894200 0.22016100 0.54938700
v 0.25966300 0.21824700 0.55113700
v 0.26215500 0.21723800 0.55102400
v 0.27715500 0.21976300 0.54089300
v 0.30476000 0.23923500 0.50706600
v 0.30273800 0.24391900 0.50290700
v 0.29948600 0.24403200 0.50437900
v 0.29532000 0.24340800 0.50711000
v 0.29048000 0.24210000 0.51092400
v 0.28520800 0.24015800 0.51564800
v 0.27465100 0.23477200 0.52675300
v 0.27043400 0.23187100 0.53201300
v 0.26722900 0.22907500 0.53666000
v 0.26517900 0.22652700 0.54046900
v 0.26442300 0.22436800 0.54321300
v 0.29792200 0.24290700 0.50753800
v 0.29526000 0.24303200 0.50870700
v 0.29186700 0.24255900 0.51089400
v 0.28793900 0.24152600 0.51395900
v 0.28366900 0.23997400 0.51776100
v 0.27176500 0.23327400 0.53097200
v 0.26920500 0.23099500 0.53473400
v 0.26758300 0.22891000 0.53782300
v 0.26701100 0.22713400 0.54005600
v 0.29253300 0.24162300 0.51268800
v 0.29046600 0.24174900 0.51356400
v 0.28784500 0.24141300 0.51522100
v 0.28482200 0.24064300 0.51755100
v 0.28818100 0.24000100 0.51776300
v 0.28720600 0.24045600 0.51774200
v 0.28574400 0.24056600 0.51833800
v 0.28390100 0.24035200 0.51947900
v 0.28178300 0.23983300 0.52109000
v 0.27949500 0.23902700 0.52309900
v 0.27319400 0.23545000 0.53012500
v 0.27186700 0.23421100 0.53213900
v 0.27104600 0.23306700 0.53380000
v 0.27079000 0.23208000 0.53501000
v 0.27967800 0.23566500 0.52785800
v 0.28089600 0.23636000 0.52649600
v 0.28189100 0.23707700 0.52522000
v 0.28263100 0.23777800 0.52408600
v 0.28308400 0.23842800 0.52314900
v 0.28321900 0.23899000 0.52246500
v 0.28300300 0.23943000 0.52208900
v 0.28244600 0.23969400 0.52207200
v 0.28161600 0.23976500 0.52240200
v 0.28057300 0.23965200 0.52303900
v 0.27937800 0.23936500 0.52394100
v 0.27808900 0.23891600 0.52506700
v 0.27676700 0.23831600 0.52637700
v 0.27554900 0.23762000 0.52773900
v 0.27455400 0.23690400 0.52901500
v 0.27381400 0.23620300 0.53014900
v 0.27336100 0.23555300 0.53108600
v 0.27322600 0.23499000 0.53177000
v 0.27344200 0.23455100 0.53214700
v 0.27400000 0.23428600 0.53216400
v 0.27483000 0.23421600 0.53183300
v 0.27587200 0.23432900 0.53119600
v 0.27706800 0.23461500 0.53029400
v 0.27835600 0.23506400 0.52916800
v 0.27850300 0.23947600 0.52533900
v 0.27852200 0.23949000 0.52531500
v 0.27853300 0.23950800 0.52528900
v 0.27853600 0.23953000 0.52526400
v 0.27853100 0.23955300 0.52524100
v 0.27851900 0.23957600 0.52522200
v 0.27849800 0.23959900 0.52520700
v 0.27847100 0.23961900 0.52519800
v 0.27844200 0.23963400 0.52519600
v 0.27841100 0.23964400 0.52520000
v 0.27838000 0.23964800 0.52521100
v 0.27835100 0.23964600 0.52522700
v 0.27832600 0.23963800 0.52524900
v 0.27830700 0.23962300 0.52527400
v 0.27829600 0.23960500 0.52529900
v 0.27829300 0.23958400 0.52532400
v 0.27829800 0.23956100 0.52534700
v 0.27831100 0.23953700 0.52536700
v 0.27833100 0.23951400 0.52538200
v 0.27835800 0.23949400 0.52539100
v 0.27838700 0.23947900 0.52539300
v 0.27841900 0.23947000 0.52538800
v 0.27844900 0.23946500 0.52537700
v 0.27847800 0.23946700 0.52536100
f 1 26 25
f 1 2 26
f 2 27 26
f 2 3 27
f 3 28 27
f 3 4 28
f 4 29 28
f 4 5 29
f 5 30 29
f 5 6 30
f 6 31 30
f 6 7 31
f 7 32 31
f 7 8 32
f 8 33 32
f 8 9 33
f 9 34 33
f 9 10 34
f 10 35 34
f 10 11 35
f 11 36 35
f 11 12 36
f 12 37 36
f 12 13 37
f 13 38 37
f 13 14 38
f 14 39 38
f 14 15 39
f 15 40 39
f 15 16 40
f 16 41 40
f 16 17 41
f 17 42 41
f 17 18 42
f 18 43 42
f 18 19 43
f 19 44 43
f 19 20 44
f 20 45 44
f 20 21 45
f 21 46 45
f 21 22 46
f 22 47 46
f 22 23 47
f 23 48 47
f 23 24 48
f 24 25 48
f 24 1 25
f 25 58 49
f 25 26 58
f 26 27 58
f 30 31 60
f 31 32 60
f 32 33 60
f 33 34 50
f 34 51 50
f 34 35 51
f 35 52 51
f 35 36 52
f 36 53 52
f 36 37 53
f 37 54 53
f 37 38 54
f 38 55 54
f 38 39 55
f 46 67 45
f 46 47 67
f 47 56 67
f 47 48 56
f 48 49 56
f 48 25 49
f 49 58 57
f 27 59 58
f 27 28 59
f 28 29 59
f 29 30 59
f 50 51 61
f 51 62 61
f 51 52 62
f 52 63 62
f 52 53 63
f 53 64 63
f 53 54 64
f 54 65 64
f 54 55 65
f 44 66 43
f 44 45 66
f 45 67 66
f 67 56 68
f 56 57 68
f 56 49 57
f 57 70 69
f 57 58 70
f 58 71 70
f 58 72 71
f 58 59 72
f 59 88 72
f 59 30 88
f 60 33 73
f 33 50 73
f 50 74 73
f 50 61 74
f 61 75 74
f 61 62 75
f 62 76 75
f 62 63 76
f 63 77 76
f 63 64 77
f 64 78 77
f 64 65 78
f 65 79 78
f 65 55 79
f 55 109 79
f 55 39 109
f 39 40 109
f 41 80 40
f 41 42 80
f 42 43 80
f 43 81 80
f 43 66 81
f 66 82 81
f 66 67 82
f 67 83 82
f 67 68 83
f 68 69 83
f 68 57 69
f 69 85 84
f 69 70 85
f 70 86 85
f 70 71 86
f 71 87 86
f 71 72 87
f 72 104 87
f 72 88 104
f 88 30 89
f 30 60 89
f 60 90 89
f 60 73 90
f 73 91 90
f 73 92 91
f 73 74 92
f 74 93 92
f 74 75 93
f 75 94 93
f 75 76 94
f 76 95 94
f 76 77 95
f 77 96 95
f 77 78 96
f 78 79 96
f 40 97 109
f 40 80 97
f 80 98 97
f 80 81 98
f 81 99 98
f 81 82 99
f 82 100 99
f 82 83 100
f 83 84 100
f 83 69 84
f 84 101 117
f 84 85 101
f 85 102 101
f 85 86 102
f 86 103 102
f 86 87 103
f 87 104 103
f 104 88 105
f 88 89 105
f 89 106 105
f 89 90 106
f 90 91 120
f 91 114 120
f 91 92 114
f 92 115 114
f 92 93 115
f 93 118 115
f 93 94 118
f 94 123 118
f 94 95 123
f 95 124 123
f 95 96 124
f 96 107 124
f 96 108 107
f 96 79 108
f 79 109 108
f 109 97 110
f 97 111 110
f 97 112 111
f 97 98 112
f 98 113 112
f 98 99 113
f 99 116 113
f 99 100 116
f 100 117 116
f 100 84 117
f 106 90 119
f 90 120 119
f 120 114 121
f 114 122 121
f 114 115 122
f 115 118 122
f 117 145 156
f 117 101 145
f 101 139 145
f 101 102 139
f 102 140 139
f 102 103 140
f 103 141 140
f 103 104 141
f 104 142 141
f 104 105 142
f 105 125 142
f 105 106 125
f 106 126 125
f 106 119 126
f 119 127 126
f 119 120 127
f 120 128 127
f 120 121 128
f 121 129 128
f 121 122 129
f 122 130 129
f 122 118 130
f 118 131 130
f 118 123 131
f 123 132 131
f 123 124 132
f 124 133 132
f 124 107 133
f 107 134 133
f 107 108 134
f 108 135 134
f 108 109 135
f 109 110 135
f 110 136 135
f 110 111 136
f 111 137 136
f 111 112 137
f 112 138 137
f 112 113 138
f 113 155 138
f 113 116 155
f 116 156 155
f 116 117 156
f 129 130 159
f 130 160 159
f 130 131 160
f 131 152 160
f 131 132 152
f 132 143 152
f 132 133 143
f 133 134 143
f 145 139 161
f 139 162 161
f 139 140 162
f 140 163 162
f 140 141 163
f 141 157 163
f 141 142 157
f 142 146 157
f 142 125 146
f 125 147 146
f 125 148 147
f 125 126 148
f 126 149 148
f 126 127 149
f 127 150 149
f 127 128 150
f 128 151 150
f 128 129 151
f 129 159 151
f 143 134 144
f 134 153 144
f 134 154 153
f 134 135 154
f 135 158 154
f 135 177 158
f 135 136 177
f 136 178 177
f 136 137 178
f 137 179 178
f 137 138 179
f 138 155 179
f 157 146 165
f 146 166 165
f 146 147 166
f 147 148 166
f 152 143 172
f 143 173 172
f 143 144 173
f 144 153 173
f 156 145 180
f 145 161 180
f 166 148 167
f 148 149 167
f 173 153 174
f 153 175 174
f 153 154 175
f 154 158 175
f 167 149 168
f 149 150 168
f 160 152 171
f 152 172 171
f 163 157 164
f 157 165 164
f 168 150 169
f 150 170 169
f 150 151 170
f 151 159 170
f 175 158 176
f 158 177 176
f 156 180 220
f 180 161 181
f 161 182 181
f 161 162 182
f 162 183 182
f 162 163 183
f 163 184 183
f 163 164 184
f 164 185 184
f 164 165 185
f 165 186 185
f 165 166 186
f 166 187 186
f 166 167 187
f 167 188 187
f 167 168 188
f 168 189 188
f 168 169 189
f 169 190 189
f 169 170 190
f 170 191 190
f 170 159 191
f 159 192 191
f 159 160 192
f 160 193 192
f 160 171 193
f 171 194 193
f 171 172 194
f 172 195 194
f 172 173 195
f 173 196 195
f 173 174 196
f 174 197 196
f 174 175 197
f 175 198 197
f 175 176 198
f 176 199 198
f 176 177 199
f 177 200 199
f 177 178 200
f 178 201 200
f 178 179 201
f 179 202 201
f 179 155 202
f 155 220 202
f 155 156 220
f 180 181 203
f 181 204 203
f 181 182 204
f 182 205 204
f 182 183 205
f 183 206 205
f 183 184 206
f 184 207 206
f 184 185 207
f 185 208 207
f 185 186 208
f 186 209 208
f 186 187 209
f 187 210 209
f 187 188 210
f 188 189 210
f 189 190 231
f 190 191 231
f 193 194 211
f 194 212 211
f 194 195 212
f 195 213 212
f 195 196 213
f 196 214 213
f 196 197 214
f 197 215 214
f 197 198 215
f 198 216 215
f 198 199 216
f 199 217 216
f 199 200 217
f 200 218 217
f 200 201 218
f 201 219 218
f 201 202 219
f 202 220 219
f 220 180 221
f 180 222 221
f 180 203 222
f 203 223 222
f 203 204 223
f 204 224 223
f 204 205 224
f 205 225 224
f 205 206 225
f 206 226 225
f 206 207 226
f 207 227 226
f 207 208 227
f 208 228 227
f 208 209 228
f 209 229 228
f 209 210 229
f 210 230 229
f 210 189 230
f 189 231 230
f 231 191 232
f 191 233 232
f 191 192 233
f 192 234 233
f 192 193 234
f 193 235 234
f 193 211 235
f 211 236 235
f 211 212 236
f 212 237 236
f 212 213 237
f 213 238 237
f 213 214 238
f 214 239 238
f 214 215 239
f 215 240 239
f 215 216 240
f 216 241 240
f 216 217 241
f 217 242 241
f 217 218 242
f 218 243 242
f 218 219 243
f 219 220 243
f 11 10 12
f 24 2 1
f 23 2 24
f 23 3 2
f 22 3 23
f 22 4 3
f 21 4 22
f 20 4 21
f 18 4 19
f 17 4 18
f 16 4 17
f 16 6 5
f 16 7 6
f 16 9 8
f 15 10 16
f 14 10 15
f 13 10 14
f 12 10 13
f 19 4 20
f 16 5 4
f 16 8 7
f 16 10 9
f 244 256 259
f 256 257 346
f 256 346 259
f 259 346 260
f 257 258 347
f 257 347 346
f 346 347 348
f 346 348 260
f 260 348 261
f 258 245 271
f 258 271 347
f 347 271 272
f 347 272 348
f 348 272 273
f 348 273 261
f 261 273 246
f 244 259 262
f 259 260 349
f 259 349 262
f 262 349 263
f 260 261 350
f 260 350 349
f 349 350 351
f 349 351 263
f 263 351 264
f 261 246 274
f 261 274 350
f 350 274 275
f 350 275 351
f 351 275 276
f 351 276 264
f 264 276 247
f 244 262 265
f 262 263 352
f 262 352 265
f 265 352 266
f 263 264 353
f 263 353 352
f 352 353 354
f 352 354 266
f 266 354 267
f 264 247 277
f 264 277 353
f 353 277 278
f 353 278 354
f 354 278 279
f 354 279 267
f 267 279 248
f 244 265 268
f 265 266 355
f 265 355 268
f 268 355 269
f 266 267 356
f 266 356 355
f 355 356 357
f 355 357 269
f 269 357 270
f 267 248 280
f 267 280 356
f 356 280 281
f 356 281 357
f 357 281 282
f 357 282 270
f 270 282 249
f 244 268 256
f 268 269 358
f 268 358 256
f 256 358 257
f 269 270 359
f 269 359 358
f 358 359 360
f 358 360 257
f 257 360 258
f 270 249 283
f 270 283 359
f 359 283 284
f 359 284 360
f 360 284 285
f 360 285 258
f 258 285 245
f 245 301 286
f 301 302 361
f 301 361 286
f 286 361 287
f 302 303 362
f 302 362 361
f 361 362 363
f 361 363 287
f 287 363 288
f 303 254 328
f 303 328 362
f 362 328 329
f 362 329 363
f 363 329 330
f 363 330 288
f 288 330 250
f 246 304 289
f 304 305 364
f 304 364 289
f 289 364 290
f 305 306 365
f 305 365 364
f 364 365 366
f 364 366 290
f 290 366 291
f 306 250 316
f 306 316 365
f 365 316 317
f 365 317 366
f 366 317 318
f 366 318 291
f 291 318 251
f 247 307 292
f 307 308 367
f 307 367 292
f 292 367 293
f 308 309 368
f 308 368 367
f 367 368 369
f 367 369 293
f 293 369 294
f 309 251 319
f 309 319 368
f 368 319 320
f 368 320 369
f 369 320 321
f 369 321 294
f 294 321 252
f 248 310 295
f 310 311 370
f 310 370 295
f 295 370 296
f 311 312 371
f 311 371 370
f 370 371 372
f 370 372 296
f 296 372 297
f 312 252 322
f 312 322 371
f 371 322 323
f 371 323 372
f 372 323 324
f 372 324 297
f 297 324 253
f 249 313 298
f 313 314 373
f 313 373 298
f 298 373 299
f 314 315 374
f 314 374 373
f 373 374 375
f 373 375 299
f 299 375 300
f 315 253 325
f 315 325 374
f 374 325 326
f 374 326 375
f 375 326 327
f 375 327 300
f 300 327 254
f 250 306 288
f 306 305 376
f 306 376 288
f 288 376 287
f 305 304 377
f 305 377 376
f 376 377 378
f 376 378 287
f 287 378 286
f 304 246 273
f 304 273 377
f 377 273 272
f 377 272 378
f 378 272 271
f 378 271 286
f 286 271 245
f 251 309 291
f 309 308 379
f 309 379 291
f 291 379 290
f 308 307 380
f 308 380 379
f 379 380 381
f 379 381 290
f 290 381 289
f 307 247 276
f 307 276 380
f 380 276 275
f 380 275 381
f 381 275 274
f 381 274 289
f 289 274 246
f 252 312 294
f 312 311 382
f 312 382 294
f 294 382 293
f 311 310 383
f 311 383 382
f 382 383 384
f 382 384 293
f 293 384 292
f 310 248 279
f 310 279 383
f 383 279 278
f 383 278 384
f 384 278 277
f 384 277 292
f 292 277 247
f 253 315 297
f 315 314 385
f 315 385 297
f 297 385 296
f 314 313 386
f 314 386 385
f 385 386 387
f 385 387 296
f 296 387 295
f 313 249 282
f 313 282 386
f 386 282 281
f 386 281 387
f 387 281 280
f 387 280 295
f 295 280 248
f 254 303 300
f 303 302 388
f 303 388 300
f 300 388 299
f 302 301 389
f 302 389 388
f 388 389 390
f 388 390 299
f 299 390 298
f 301 245 285
f 301 285 389
f 389 285 284
f 389 284 390
f 390 284 283
f 390 283 298
f 298 283 249
f 255 334 331
f 334 335 391
f 334 391 331
f 331 391 332
f 335 336 392
f 335 392 391
f 391 392 393
f 391 393 332
f 332 393 333
f 336 251 318
f 336 318 392
f 392 318 317
f 392 317 393
f 393 317 316
f 393 316 333
f 333 316 250
f 255 337 334
f 337 338 394
f 337 394 334
f 334 394 335
f 338 339 395
f 338 395 394
f 394 395 396
f 394 396 335
f 335 396 336
f 339 252 321
f 339 321 395
f 395 321 320
f 395 320 396
f 396 320 319
f 396 319 336
f 336 319 251
f 255 340 337
f 340 341 397
f 340 397 337
f 337 397 338
f 341 342 398
f 341 398 397
f 397 398 399
f 397 399 338
f 338 399 339
f 342 253 324
f 342 324 398
f 398 324 323
f 398 323 399
f 399 323 322
f 399 322 339
f 339 322 252
f 255 343 340
f 343 344 400
f 343 400 340
f 340 400 341
f 344 345 401
f 344 401 400
f 400 401 402
f 400 402 341
f 341 402 342
f 345 254 327
f 345 327 401
f 401 327 326
f 401 326 402
f 402 326 325
f 402 325 342
f 342 325 253
f 255 331 343
f 331 332 403
f 331 403 343
f 343 403 344
f 332 333 404
f 332 404 403
f 403 404 405
f 403 405 344
f 344 405 345
f 333 250 330
f 333 330 404
f 404 330 329
f 404 329 405
f 405 329 328
f 405 328 345
f 345 328 254
f 406 418 421
f 418 419 508
f 418 508 421
f 421 508 422
f 419 420 509
f 419 509 508
f 508 509 510
f 508 510 422
f 422 510 423
f 420 407 433
f 420 433 509
f 509 433 434
f 509 434 510
f 510 434 435
f 510 435 423
f 423 435 408
f 406 421 424
f 421 422 511
f 421 511 424
f 424 511 425
f 422 423 512
f 422 512 511
f 511 512 513
f 511 513 425
f 425 513 426
f 423 408 436
f 423 436 512
f 512 436 437
f 512 437 513
f 513 437 438
f 513 438 426
f 426 438 409
f 406 424 427
f 424 425 514
f 424 514 427
f 427 514 428
f 425 426 515
f 425 515 514
f 514 515 516
f 514 516 428
f 428 516 429
f 426 409 439
f 426 439 515
f 515 439 440
f 515 440 516
f 516 440 441
f 516 441 429
f 429 441 410
f 406 427 430
f 427 428 517
f 427 517 430
f 430 517 431
f 428 429 518
f 428 518 517
f 517 518 519
f 517 519 431
f 431 519 432
f 429 410 442
f 429 442 518
f 518 442 443
f 518 443 519
f 519 443 444
f 519 444 432
f 432 444 411
f 406 430 418
f 430 431 520
f 430 520 418
f 418 520 419
f 431 432 521
f 431 521 520
f 520 521 522
f 520 522 419
f 419 522 420
f 432 411 445
f 432 445 521
f 521 445 446
f 521 446 522
f 522 446 447
f 522 447 420
f 420 447 407
f 407 463 448
f 463 464 523
f 463 523 448
f 448 523 449
f 464 465 524
f 464 524 523
f 523 524 525
f 523 525 449
f 449 525 450
f 465 416 490
f 465 490 524
f 524 490 491
f 524 491 525
f 525 491 492
f 525 492 450
f 450 492 412
f 408 466 451
f 466 467 526
f 466 526 451
f 451 526 452
f 467 468 527
f 467 527 526
f 526 527 528
f 526 528 452
f 452 528 453
f 468 412 478
f 468 478 527
f 527 478 479
f 527 479 528
f 528 479 480
f 528 480 453
f 453 480 413
f 409 469 454
f 469 470 529
f 469 529 454
f 454 529 455
f 470 471 530
f 470 530 529
f 529 530 531
f 529 531 455
f 455 531 456
f 471 413 481
f 471 481 530
f 530 481 482
f 530 482 531
f 531 482 483
f 531 483 456
f 456 483 414
f 410 472 457
f 472 473 532
f 472 532 457
f 457 532 458
f 473 474 533
f 473 533 532
f 532 533 534
f 532 534 458
f 458 534 459
f 474 414 484
f 474 484 533
f 533 484 485
f 533 485 534
f 534 485 486
f 534 486 459
f 459 486 415
f 411 475 460
f 475 476 535
f 475 535 460
f 460 535 461
f 476 477 536
f 476 536 535
f 535 536 537
f 535 537 461
f 461 537 462
f 477 415 487
f 477 487 536
f 536 487 488
f 536 488 537
f 537 488 489
f 537 489 462
f 462 489 416
f 412 468 450
f 468 467 538
f 468 538 450
f 450 538 449
f 467 466 539
f 467 539 538
f 538 539 540
f 538 540 449
f 449 540 448
f 466 408 435
f 466 435 539
f 539 435 434
f 539 434 540
f 540 434 433
f 540 433 448
f 448 433 407
f 413 471 453
f 471 470 541
f 471 541 453
f 453 541 452
f 470 469 542
f 470 542 541
f 541 542 543
f 541 543 452
f 452 543 451
f 469 409 438
f 469 438 542
f 542 438 437
f 542 437 543
f 543 437 436
f 543 436 451
f 451 436 408
f 414 474 456
f 474 473 544
f 474 544 456
f 456 544 455
f 473 472 545
f 473 545 544
f 544 545 546
f 544 546 455
f 455 546 454
f 472 410 441
f 472 441 545
f 545 441 440
f 545 440 546
f 546 440 439
f 546 439 454
f 454 439 409
f 415 477 459
f 477 476 547
f 477 547 459
f 459 547 458
f 476 475 548
f 476 548 547
f 547 548 549
f 547 549 458
f 458 549 457
f 475 411 444
f 475 444 548
f 548 444 443
f 548 443 549
f 549 443 442
f 549 442 457
f 457 442 410
f 416 465 462
f 465 464 550
f 465 550 462
f 462 550 461
f 464 463 551
f 464 551 550
f 550 551 552
f 550 552 461
f 461 552 460
f 463 407 447
f 463 447 551
f 551 447 446
f 551 446 552
f 552 446 445
f 552 445 460
f 460 445 411
f 417 496 493
f 496 497 553
f 496 553 493
f 493 553 494
f 497 498 554
f 497 554 553
f 553 554 555
f 553 555 494
f 494 555 495
f 498 413 480
f 498 480 554
f 554 480 479
f 554 479 555
f 555 479 478
f 555 478 495
f 495 478 412
f 417 499 496
f 499 500 556
f 499 556 496
f 496 556 497
f 500 501 557
f 500 557 556
f 556 557 558
f 556 558 497
f 497 558 498
f 501 414 483
f 501 483 557
f 557 483 482
f 557 482 558
f 558 482 481
f 558 481 498
f 498 481 413
f 417 502 499
f 502 503 559
f 502 559 499
f 499 559 500
f 503 504 560
f 503 560 559
f 559 560 561
f 559 561 500
f 500 561 501
f 504 415 486
f 504 486 560
f 560 486 485
f 560 485 561
f 561 485 484
f 561 484 501
f 501 484 414
f 417 505 502
f 505 506 562
f 505 562 502
f 502 562 503
f 506 507 563
f 506 563 562
f 562 563 564
f 562 564 503
f 503 564 504
f 507 416 489
f 507 489 563
f 563 489 488
f 563 488 564
f 564 488 487
f 564 487 504
f 504 487 415
f 417 493 505
f 493 494 565
f 493 565 505
f 505 565 506
f 494 495 566
f 494 566 565
f 565 566 567
f 565 567 506
f 506 567 507
f 495 412 492
f 495 492 566
f 566 492 491
f 566 491 567
f 567 491 490
f 567 490 507
f 507 490 416
f 569 783 781
f 572 790 784
f 576 792 787
f 585 797 793
f 584 588 798
f 605 612 1220
f 616 622 804
f 626 812 805
f 635 639 814
f 638 821 815
f 643 825 819
f 645 831 826
f 649 836 829
f 653 657 832
f 656 841 833
f 659 663 837
f 674 859 854
f 678 863 857
f 689 694 867
f 693 875 868
f 697 703 872
f 720 1335 1332
f 720 880 1335
f 759 764 885
f 764 768 886
f 767 892 887
f 770 897 889
f 772 898 893
f 774 902 898
f 775 906 899
f 778 781 903
f 782 911 909
f 785 916 912
f 788 792 914
f 595 1209 1201
f 599 1212 1205
f 611 1223 1217
f 802 807 921
f 806 811 917
f 810 925 917
f 820 824 926
f 823 929 926
f 834 936 933
f 834 938 936
f 845 944 939
f 844 947 941
f 850 948 947
f 858 951 950
f 862 956 951
f 869 967 959
f 874 972 963
f 873 976 968
f 701 708 973
f 887 891 980
f 890 984 977
f 901 994 988
f 900 998 991
f 904 909 995
f 907 1004 1002
f 913 1078 1004
f 913 915 1078
f 800 1204 1197
f 1213 606 1219
f 1221 614 1229
f 613 618 1224
f 617 1088 1225
f 918 924 1006
f 934 1018 1014
f 937 1021 1019
f 940 1026 1021
f 942 1028 1023
f 945 1031 1028
f 952 1039 1034
f 957 1041 1036
f 961 1048 1042
f 960 966 1044
f 709 1327 1321
f 712 717 1324
f 888 1155 885
f 979 1052 1155
f 978 1056 1049
f 982 1058 1053
f 986 990 1058
f 990 1061 1058
f 989 1065 1059
f 992 1069 1062
f 996 1001 1066
f 914 792 1075
f 796 1082 1079
f 799 1084 1083
f 920 1006 1090
f 1007 1010 1094
f 1010 1102 1098
f 1015 1017 1106
f 1024 1120 1114
f 1029 1128 1121
f 1030 1131 1125
f 1043 1146 1142
f 1046 1149 1143
f 964 971 1147
f 974 1320 1314
f 706 1321 1318
f 750 1379 1371
f 757 1151 1375
f 760 885 1151
f 1152 1051 1159
f 1050 1164 1156
f 1054 1057 1160
f 1057 1166 1161
f 1063 1174 1167
f 1067 1071 1171
f 1073 1178 1175
f 1073 1182 1176
f 1072 1186 1179
f 1076 1187 1183
f 791 1190 1187
f 1079 1191 1188
f 1080 1194 1191
f 1081 1083 1194
f 1083 1196 1192
f 1084 1200 1196
f 1226 1087 1232
f 1087 1236 1230
f 1086 1241 1233
f 919 1090 1237
f 1089 1244 1238
f 1091 1246 1242
f 1097 1247 1246
f 1096 1252 1247
f 1099 1255 1249
f 1103 1258 1253
f 1104 1262 1256
f 1107 1265 1259
f 1112 1268 1263
f 1111 1271 1266
f 1116 1274 1269
f 1123 1281 1276
f 1122 1282 1279
f 1126 1287 1282
f 1129 1291 1284
f 1132 1293 1288
f 1141 1301 1295
f 1144 1309 1302
f 1147 1313 1306
f 969 1317 1310
f 1325 716 1331
f 715 1332 1328
f 1333 879 1339
f 878 1341 1336
f 722 1343 1340
f 724 1346 1342
f 727 1348 1344
f 730 1349 1347
f 734 1356 1350
f 883 1359 1353
f 739 1364 1360
f 746 1370 1365
f 1150 1154 1383
f 1153 1390 1384
f 1152 1393 1386
f 1157 1395 1391
f 1165 1399 1396
f 1168 1401 1397
f 1172 1175 1400
f 765 581 578
f 920 1085 803
f 1045 965 1147
f 574 571 766
f 756 593 590
f 700 598 704
f 877 881 733
f 696 601 699
f 688 623 620
f 692 608 695
f 684 628 687
f 677 640 637
f 673 647 644
f 670 651 672
f 664 661 666
f 719 736 882
f 714 744 741
f 711 747 713
f 710 752 748
f 1387 1177 1181
f 1381 1385 1195
f 1377 1381 1199
f 1372 1378 1203
f 1319 1202 1208
f 1311 1316 1211
f 1322 1368 1374
f 1326 1330 1369
f 1329 1363 1367
f 1334 1357 1363
f 1334 1354 1358
f 1337 1351 1355
f 1307 1312 1215
f 1270 1275 1267
f 1283 1286 1261
f 1285 1250 1254
f 1289 1248 1251
f 1294 1245 1248
f 1296 1300 1240
f 1299 1231 1235
f 1303 1222 1228
f 1180 1185 1388
f 569 568 777
f 569 786 783
f 570 573 569
f 571 767 766
f 572 574 577
f 573 784 786
f 570 571 572
f 575 766 765
f 576 578 580
f 577 787 790
f 574 575 576
f 579 581 582
f 580 579 792
f 578 579 580
f 582 793 794
f 586 582 581
f 587 765 768
f 584 587 588
f 585 795 797
f 583 587 584
f 589 590 592
f 589 801 799
f 587 590 589
f 591 593 597
f 592 591 801
f 590 591 592
f 594 756 755
f 595 598 600
f 596 1201 1204
f 597 800 591
f 594 595 596
f 601 700 699
f 599 601 604
f 600 1205 1209
f 599 600 598
f 602 696 695
f 603 608 607
f 604 1216 1212
f 603 604 601
f 605 610 612
f 606 1220 1219
f 607 1213 1216
f 605 606 607
f 611 610 615
f 612 1217 1220
f 610 611 612
f 619 692 691
f 613 619 618
f 614 1224 1229
f 615 1221 1223
f 613 614 615
f 616 620 622
f 618 1225 1224
f 616 617 618
f 621 623 627
f 622 621 804
f 620 621 622
f 624 688 687
f 625 628 630
f 626 809 812
f 627 805 808
f 623 624 625
f 629 684 683
f 630 631 633
f 630 628 629
f 632 634 636
f 633 818 809
f 631 632 633
f 634 683 680
f 635 637 639
f 636 814 818
f 638 819 821
f 639 815 814
f 641 677 676
f 642 644 646
f 643 822 825
f 643 640 641
f 645 647 650
f 646 826 822
f 644 645 646
f 648 673 672
f 649 651 654
f 650 829 831
f 647 648 649
f 652 670 668
f 653 655 657
f 654 832 836
f 651 652 653
f 656 658 660
f 657 833 832
f 655 656 657
f 659 661 663
f 660 837 841
f 658 659 660
f 663 838 837
f 661 662 663
f 662 843 842
f 664 665 662
f 665 847 843
f 664 667 665
f 667 853 847
f 668 669 667
f 671 672 675
f 669 856 853
f 669 668 670
f 674 676 679
f 675 854 856
f 672 673 674
f 678 680 682
f 679 857 859
f 679 676 677
f 682 860 863
f 681 864 860
f 680 683 686
f 685 687 690
f 686 871 864
f 686 683 684
f 689 691 694
f 690 867 871
f 687 688 689
f 693 695 698
f 694 868 867
f 697 699 703
f 698 872 875
f 695 696 697
f 701 704 708
f 702 973 976
f 703 873 872
f 699 700 701
f 705 754 753
f 707 1318 1320
f 708 974 973
f 708 704 705
f 709 710 712
f 710 753 752
f 706 705 710
f 711 748 747
f 712 713 717
f 712 1324 1327
f 712 710 711
f 714 745 744
f 716 1328 1331
f 717 1325 1324
f 715 716 717
f 719 737 736
f 720 876 880
f 720 718 719
f 721 878 877
f 722 726 725
f 723 1340 1341
f 721 722 723
f 724 726 728
f 725 1342 1343
f 726 724 725
f 727 729 731
f 728 1344 1346
f 726 727 728
f 730 729 732
f 731 1347 1348
f 729 730 731
f 732 1352 1349
f 729 735 732
f 734 881 884
f 735 1350 1352
f 733 734 735
f 736 883 882
f 738 1361 1359
f 738 736 737
f 739 741 743
f 740 1360 1361
f 743 1362 1364
f 741 742 743
f 746 747 749
f 742 1365 1362
f 744 745 746
f 748 751 749
f 750 755 758
f 753 754 750
f 757 762 761
f 758 1375 1379
f 758 755 756
f 759 763 764
f 761 762 759
f 767 769 771
f 768 887 886
f 770 777 773
f 771 889 892
f 769 770 771
f 772 777 774
f 773 893 897
f 777 772 773
f 774 777 776
f 775 777 779
f 776 899 902
f 777 775 776
f 779 903 906
f 777 778 779
f 781 904 903
f 781 782 780
f 786 785 782
f 785 790 789
f 785 912 911
f 789 914 916
f 789 790 787
f 792 1076 1075
f 796 1083 1082
f 795 798 796
f 799 800 1084
f 802 808 807
f 803 921 920
f 617 1085 1088
f 803 617 804
f 806 812 811
f 807 917 921
f 807 808 805
f 812 809 810
f 810 922 925
f 813 809 818
f 817 818 814
f 820 825 824
f 821 819 820
f 823 822 828
f 822 823 824
f 828 932 929
f 826 827 828
f 830 836 835
f 827 933 932
f 831 829 830
f 834 841 840
f 839 842 846
f 840 939 938
f 840 841 837
f 844 843 849
f 845 941 944
f 844 845 846
f 849 843 847
f 850 853 852
f 848 847 853
f 851 856 855
f 852 950 948
f 851 852 853
f 854 858 855
f 857 862 858
f 862 953 956
f 863 860 861
f 861 958 953
f 861 860 864
f 866 871 870
f 865 962 958
f 864 871 866
f 869 875 874
f 870 959 962
f 867 868 869
f 874 968 972
f 874 963 967
f 877 882 881
f 879 1336 1339
f 880 1333 1335
f 876 877 878
f 884 1353 1356
f 884 881 882
f 885 886 888
f 885 1155 1151
f 887 892 891
f 890 897 896
f 891 977 980
f 891 892 889
f 895 985 981
f 896 981 984
f 893 894 895
f 894 988 987
f 900 906 905
f 901 991 994
f 899 900 901
f 905 995 998
f 903 904 905
f 907 911 910
f 908 1002 1001
f 909 996 995
f 911 913 910
f 913 916 915
f 915 1075 1078
f 915 916 914
f 918 925 924
f 919 1237 1241
f 920 1086 1085
f 923 1009 1008
f 924 1008 1006
f 928 927 926
f 928 1013 1009
f 928 929 932
f 931 1011 1013
f 932 933 930
f 934 936 935
f 930 1014 1011
f 935 1019 1018
f 937 938 939
f 940 944 943
f 942 947 946
f 943 1023 1026
f 944 941 942
f 945 948 950
f 949 1032 1031
f 952 956 955
f 949 1034 1032
f 955 1036 1039
f 955 956 953
f 953 958 957
f 957 962 961
f 957 1042 1041
f 958 962 957
f 960 967 966
f 961 1044 1048
f 961 962 959
f 964 972 971
f 966 1045 1044
f 964 965 966
f 969 976 975
f 970 1310 1313
f 969 970 971
f 975 1314 1317
f 974 975 976
f 978 984 983
f 979 1049 1052
f 978 979 980
f 982 981 986
f 983 1053 1056
f 983 984 981
f 986 987 990
f 981 985 986
f 989 994 993
f 990 1059 1061
f 992 998 997
f 993 1062 1065
f 993 994 991
f 997 1066 1069
f 998 995 996
f 999 1004 1003
f 1000 1074 1071
f 1001 1067 1066
f 1002 999 1000
f 1005 1008 1007
f 1006 1005 1090
f 1008 1005 1006
f 1007 1009 1010
f 1007 1094 1093
f 1008 1009 1007
f 1010 1098 1101
f 1010 1101 1094
f 1012 1010 1009
f 1012 1109 1102
f 1011 1016 1012
f 1015 1018 1017
f 1016 1106 1109
f 1011 1014 1015
f 1019 1020 1017
f 1020 1021 1022
f 1020 1113 1110
f 1022 1026 1025
f 1022 1117 1113
f 1024 1028 1027
f 1025 1114 1117
f 1023 1024 1025
f 1027 1118 1120
f 1027 1121 1124
f 1029 1027 1031
f 1029 1125 1128
f 1030 1134 1131
f 1033 1030 1031
f 1035 1039 1038
f 1033 1138 1134
f 1035 1033 1032
f 1038 1135 1138
f 1037 1038 1039
f 1037 1139 1135
f 1036 1040 1037
f 1042 1043 1040
f 1043 1048 1047
f 1043 1142 1139
f 1046 1147 1149
f 1047 1143 1146
f 1048 1044 1045
f 1050 1056 1055
f 1051 1156 1159
f 1052 1152 1155
f 1051 1052 1049
f 1054 1058 1057
f 1055 1160 1164
f 1054 1055 1056
f 1057 1061 1060
f 1057 1161 1160
f 1060 1170 1166
f 1064 1060 1061
f 1063 1069 1068
f 1064 1167 1170
f 1063 1064 1065
f 1068 1171 1174
f 1066 1067 1068
f 1071 1172 1171
f 1071 1074 1073
f 1073 1179 1182
f 1073 1176 1178
f 1074 1072 1073
f 1077 1183 1186
f 1078 1075 1076
f 791 1188 1190
f 1080 1082 1081
f 1082 1083 1081
f 1083 1192 1194
f 1084 1197 1200
f 1087 1233 1236
f 1087 1230 1232
f 1088 1226 1225
f 1088 1085 1086
f 1089 1093 1092
f 1090 1238 1237
f 1091 1094 1095
f 1092 1242 1244
f 1091 1092 1093
f 1097 1095 1094
f 1096 1101 1100
f 1096 1097 1094
f 1100 1249 1252
f 1099 1100 1101
f 1103 1102 1105
f 1099 1253 1255
f 1103 1099 1102
f 1104 1109 1108
f 1105 1256 1258
f 1105 1102 1109
f 1108 1259 1262
f 1112 1266 1268
f 1107 1263 1265
f 1112 1107 1110
f 1111 1269 1271
f 1116 1111 1113
f 1116 1272 1274
f 1115 1116 1117
f 1115 1278 1272
f 1119 1115 1120
f 1119 1276 1278
f 1123 1119 1118
f 1122 1128 1127
f 1123 1279 1281
f 1122 1123 1124
f 1126 1131 1130
f 1125 1126 1127
f 1129 1134 1133
f 1130 1284 1287
f 1131 1134 1129
f 1132 1138 1137
f 1133 1288 1291
f 1134 1138 1132
f 1137 1292 1293
f 1138 1135 1136
f 1136 1298 1292
f 1135 1139 1140
f 1140 1295 1298
f 1141 1305 1301
f 1141 1139 1142
f 1144 1149 1148
f 1145 1302 1305
f 1143 1144 1145
f 1148 1306 1309
f 1150 1155 1154
f 1151 1376 1375
f 1151 1155 1150
f 1152 1159 1158
f 1153 1386 1390
f 1154 1384 1383
f 1157 1164 1163
f 1158 1391 1393
f 1157 1158 1159
f 1162 1166 1165
f 1163 1394 1395
f 1162 1163 1164
f 1165 1170 1169
f 1165 1396 1394
f 1168 1174 1173
f 1169 1397 1399
f 1170 1167 1168
f 1173 1400 1401
f 1174 1171 1172
f 1175 1398 1400
f 1177 1182 1181
f 1176 1177 1178
f 1180 1186 1185
f 1181 1388 1387
f 1179 1180 1181
f 1184 1187 1189
f 1185 1389 1388
f 1183 1184 1185
f 1188 1189 1190
f 1193 1189 1191
f 1194 1192 1193
f 1195 1193 1192
f 1195 1200 1199
f 1198 1204 1203
f 1199 1378 1377
f 1197 1198 1199
f 1202 1209 1208
f 1203 1373 1372
f 1201 1202 1203
f 1206 1212 1211
f 1207 1316 1315
f 1208 1315 1319
f 1208 1209 1205
f 1210 1216 1215
f 1211 1312 1311
f 1211 1212 1216
f 1214 1219 1218
f 1215 1308 1307
f 1215 1216 1213
f 1218 1223 1222
f 1219 1220 1217
f 1222 1229 1228
f 1221 1222 1223
f 1227 1232 1231
f 1228 1304 1303
f 1229 1224 1225
f 1231 1236 1235
f 1230 1231 1232
f 1234 1241 1240
f 1235 1300 1299
f 1233 1234 1235
f 1239 1244 1243
f 1240 1297 1296
f 1241 1237 1238
f 1243 1246 1245
f 1242 1243 1244
f 1245 1247 1248
f 1245 1294 1297
f 1248 1252 1251
f 1250 1255 1254
f 1251 1290 1289
f 1250 1251 1252
f 1254 1286 1285
f 1257 1254 1255
f 1257 1262 1261
f 1256 1257 1258
f 1260 1265 1264
f 1261 1280 1283
f 1259 1260 1261
f 1264 1268 1267
f 1263 1264 1265
f 1267 1271 1270
f 1266 1267 1268
f 1270 1274 1273
f 1269 1270 1271
f 1273 1272 1275
f 1272 1273 1274
f 1275 1278 1277
f 1278 1275 1272
f 1277 1281 1280
f 1276 1277 1278
f 1279 1280 1281
f 1283 1287 1286
f 1283 1280 1282
f 1285 1291 1290
f 1285 1286 1287
f 1289 1293 1294
f 1289 1290 1291
f 1298 1297 1294
f 1296 1301 1300
f 1295 1296 1297
f 1299 1305 1304
f 1305 1299 1300
f 1303 1309 1308
f 1302 1303 1304
f 1307 1313 1312
f 1307 1308 1309
f 1311 1317 1316
f 1313 1310 1311
f 1315 1316 1317
f 1319 1321 1323
f 1320 1318 1319
f 1323 1374 1373
f 1322 1323 1321
f 1326 1331 1330
f 1322 1369 1368
f 1327 1324 1325
f 1330 1367 1366
f 1328 1329 1330
f 1334 1329 1332
f 1334 1339 1338
f 1334 1358 1357
f 1337 1341 1345
f 1338 1355 1354
f 1336 1337 1338
f 1340 1345 1341
f 1342 1345 1343
f 1344 1345 1346
f 1345 1349 1351
f 1347 1345 1348
f 1352 1351 1349
f 1351 1356 1355
f 1350 1351 1352
f 1354 1359 1358
f 1354 1355 1356
f 1357 1361 1363
f 1357 1358 1359
f 1363 1362 1367
f 1362 1363 1364
f 1366 1370 1369
f 1365 1366 1367
f 1368 1371 1374
f 1372 1379 1378
f 1372 1373 1374
f 1377 1382 1381
f 1378 1379 1375
f 1381 1383 1385
f 1382 1380 1381
f 1385 1390 1389
f 1383 1384 1385
f 1387 1393 1392
f 1392 1395 1398
f 1391 1392 1393
f 1394 1398 1395
f 1396 1398 1394
f 1397 1398 1399
f 1400 1398 1401
f 572 577 790
f 576 580 792
f 579 582 794
f 584 798 795
f 589 799 798
f 589 592 801
f 621 627 808
f 625 630 809
f 630 633 809
f 632 636 818
f 642 646 822
f 645 650 831
f 649 654 836
f 656 660 841
f 662 842 838
f 671 675 856
f 674 679 859
f 678 682 863
f 685 690 871
f 693 698 875
f 764 886 885
f 767 771 892
f 770 773 897
f 772 774 898
f 774 776 902
f 775 779 906
f 778 568 781
f 785 789 916
f 595 600 1209
f 599 604 1212
f 603 607 1216
f 611 615 1223
f 816 926 922
f 823 828 929
f 830 835 933
f 834 840 938
f 839 846 939
f 844 849 947
f 850 852 948
f 851 855 950
f 866 870 962
f 869 874 967
f 873 702 976
f 890 896 984
f 894 987 985
f 900 905 998
f 904 780 909
f 907 910 1004
f 800 596 1204
f 934 935 1018
f 940 943 1026
f 942 946 1028
f 952 955 1039
f 957 961 1042
f 709 712 1327
f 978 983 1056
f 982 986 1058
f 989 993 1065
f 992 997 1069
f 996 908 1001
f 999 1003 1074
f 1005 1007 1093
f 1020 1110 1106
f 1020 1022 1113
f 1022 1025 1117
f 1024 1027 1120
f 1035 1038 1138
f 1043 1047 1146
f 974 707 1320
f 750 758 1379
f 757 761 1151
f 1050 1055 1164
f 1057 1060 1166
f 1063 1068 1174
f 1067 1000 1071
f 1072 1077 1186
f 1076 792 1187
f 1080 1081 1194
f 1083 1084 1196
f 1086 919 1241
f 1089 1092 1244
f 1091 1095 1246
f 1096 1100 1252
f 1103 1105 1258
f 1104 1108 1262
f 1122 1127 1282
f 1126 1130 1287
f 1129 1133 1291
f 1132 1137 1293
f 1144 1148 1309
f 1147 970 1313
f 969 975 1317
f 878 723 1341
f 722 725 1343
f 724 728 1346
f 727 731 1348
f 730 732 1349
f 734 884 1356
f 883 738 1359
f 739 743 1364
f 746 749 1370
f 751 1371 1370
f 1150 1383 1380
f 1152 1158 1393
f 1157 1163 1395
f 1162 1165 1394
f 1165 1169 1399
f 1168 1173 1401
f 1172 1070 1175
f 765 578 575
f 767 777 769
f 767 570 777
f 762 590 763
f 756 590 762
f 763 587 768
f 754 594 755
f 704 594 754
f 704 598 594
f 721 729 726
f 877 729 721
f 877 733 729
f 692 610 609
f 691 620 619
f 688 620 691
f 695 608 602
f 687 628 624
f 683 631 629
f 683 634 631
f 680 637 634
f 677 637 680
f 673 641 676
f 673 644 641
f 672 651 648
f 668 655 652
f 668 658 655
f 666 658 668
f 666 661 658
f 719 882 876
f 714 737 718
f 714 741 737
f 713 747 745
f 1387 1392 1398
f 1387 1398 1177
f 1385 1389 1193
f 1381 1195 1199
f 1378 1198 1203
f 1319 1323 1373
f 1319 1373 1202
f 1316 1206 1211
f 1330 1366 1369
f 1334 1338 1354
f 1337 1345 1351
f 1312 1210 1215
f 1280 1260 1264
f 1277 1280 1264
f 1277 1264 1267
f 1275 1277 1267
f 1270 1273 1275
f 1286 1257 1261
f 1285 1290 1250
f 1289 1294 1248
f 1297 1239 1243
f 1297 1243 1245
f 1300 1234 1240
f 1304 1227 1231
f 1299 1304 1231
f 1303 1308 1214
f 1303 1214 1218
f 1303 1218 1222
f 1389 1184 1189
f 569 777 570
f 568 569 781
f 777 568 778
f 569 573 786
f 571 570 767
f 572 571 574
f 573 572 784
f 573 570 572
f 575 574 766
f 576 575 578
f 577 576 787
f 577 574 576
f 579 578 581
f 583 581 765
f 582 586 793
f 586 581 583
f 587 583 765
f 585 584 795
f 586 585 793
f 584 585 583
f 585 586 583
f 588 589 798
f 589 588 587
f 590 587 763
f 591 590 593
f 594 593 756
f 595 594 598
f 596 595 1201
f 597 596 800
f 597 593 594
f 594 596 597
f 601 598 700
f 600 599 1205
f 601 599 598
f 602 601 696
f 603 602 608
f 604 603 1216
f 601 602 603
f 605 609 610
f 606 605 1220
f 607 606 1213
f 609 608 692
f 609 605 608
f 605 607 608
f 612 611 1217
f 619 610 692
f 614 613 1224
f 615 614 1221
f 610 619 613
f 613 615 610
f 616 619 620
f 617 616 804
f 618 617 1225
f 616 618 619
f 621 620 623
f 624 623 688
f 625 624 628
f 626 625 809
f 627 626 805
f 627 623 626
f 623 625 626
f 629 628 684
f 630 629 631
f 632 631 634
f 633 632 818
f 635 634 637
f 636 635 814
f 636 634 635
f 643 637 640
f 638 643 819
f 639 638 815
f 643 638 637
f 638 639 637
f 641 640 677
f 642 641 644
f 643 642 822
f 642 643 641
f 645 644 647
f 646 645 826
f 648 647 673
f 649 648 651
f 650 649 829
f 649 650 647
f 652 651 670
f 653 652 655
f 654 653 832
f 653 654 651
f 656 655 658
f 657 656 833
f 659 658 661
f 660 659 837
f 662 661 664
f 663 662 838
f 662 665 843
f 667 664 666
f 665 667 847
f 667 666 668
f 667 669 853
f 671 670 672
f 669 671 856
f 671 669 670
f 674 673 676
f 675 674 854
f 674 675 672
f 678 677 680
f 679 678 857
f 678 679 677
f 682 681 860
f 681 682 680
f 681 686 864
f 681 680 686
f 685 684 687
f 686 685 871
f 685 686 684
f 689 688 691
f 690 689 867
f 689 690 687
f 693 692 695
f 694 693 868
f 694 692 693
f 694 691 692
f 697 696 699
f 698 697 872
f 698 695 697
f 701 700 704
f 702 701 973
f 703 702 873
f 701 702 703
f 703 699 701
f 705 704 754
f 707 706 1318
f 708 707 974
f 708 706 707
f 708 705 706
f 706 709 1321
f 710 705 753
f 709 706 710
f 711 710 748
f 712 711 713
f 714 713 745
f 716 715 1328
f 717 716 1325
f 717 713 715
f 713 714 715
f 720 714 718
f 715 720 1332
f 715 714 720
f 719 718 737
f 720 719 876
f 721 723 878
f 722 721 726
f 723 722 1340
f 725 724 1342
f 727 726 729
f 728 727 1344
f 731 730 1347
f 735 729 733
f 732 735 1352
f 734 733 881
f 735 734 1350
f 736 738 883
f 738 740 1361
f 740 738 737
f 739 737 741
f 740 739 1360
f 739 740 737
f 742 741 744
f 743 742 1362
f 746 745 747
f 742 746 1365
f 746 742 744
f 751 748 752
f 749 751 1370
f 749 747 748
f 750 754 755
f 751 750 1371
f 750 751 753
f 751 752 753
f 757 756 762
f 758 757 1375
f 757 758 756
f 759 762 763
f 760 759 885
f 761 760 1151
f 760 761 759
f 764 763 768
f 768 767 887
f 765 767 768
f 765 766 767
f 770 769 777
f 771 770 889
f 773 772 893
f 776 775 899
f 779 778 903
f 782 781 783
f 780 782 909
f 781 780 904
f 782 785 911
f 783 786 782
f 785 784 790
f 786 784 785
f 788 787 792
f 789 788 914
f 788 789 787
f 791 579 794
f 792 791 1187
f 579 791 792
f 796 793 797
f 791 796 1079
f 794 793 791
f 793 796 791
f 796 798 1083
f 797 795 796
f 798 799 1083
f 801 800 799
f 1084 800 1197
f 591 800 801
f 802 621 808
f 803 802 921
f 617 803 1085
f 804 621 802
f 802 803 804
f 806 805 812
f 807 806 917
f 805 806 807
f 811 810 917
f 811 812 810
f 810 813 922
f 813 810 809
f 813 817 922
f 817 813 818
f 816 815 821
f 817 816 922
f 816 817 815
f 817 814 815
f 820 819 825
f 816 820 926
f 820 816 821
f 824 823 926
f 824 825 822
f 827 826 831
f 828 827 932
f 828 822 826
f 830 829 836
f 827 830 933
f 830 827 831
f 834 833 841
f 835 834 933
f 836 832 835
f 832 834 835
f 832 833 834
f 839 838 842
f 840 839 939
f 839 837 838
f 839 840 837
f 845 844 941
f 846 845 939
f 843 844 842
f 844 846 842
f 849 848 947
f 848 849 847
f 848 850 947
f 848 853 850
f 852 851 950
f 853 856 851
f 858 854 859
f 855 858 950
f 856 854 855
f 862 857 863
f 858 862 951
f 858 859 857
f 862 861 953
f 862 863 861
f 861 865 958
f 864 865 861
f 865 866 962
f 865 864 866
f 869 868 875
f 870 869 959
f 871 867 870
f 867 869 870
f 874 873 968
f 872 874 875
f 872 873 874
f 877 876 882
f 879 878 1336
f 880 879 1333
f 879 880 878
f 880 876 878
f 884 883 1353
f 884 882 883
f 979 887 980
f 888 979 1155
f 888 886 887
f 887 979 888
f 890 889 897
f 891 890 977
f 890 891 889
f 894 893 898
f 895 894 985
f 896 895 981
f 895 896 893
f 896 897 893
f 901 898 902
f 894 901 988
f 898 901 894
f 900 899 906
f 901 900 991
f 902 899 901
f 905 904 995
f 906 903 905
f 907 909 911
f 908 907 1002
f 909 908 996
f 908 909 907
f 910 913 1004
f 913 912 916
f 913 911 912
f 915 914 1075
f 918 917 925
f 920 918 1006
f 919 920 1090
f 920 919 1086
f 920 921 918
f 921 917 918
f 927 922 926
f 923 927 1009
f 924 923 1008
f 925 923 924
f 925 922 923
f 922 927 923
f 928 926 929
f 927 928 1009
f 928 931 1013
f 931 928 932
f 931 930 1011
f 930 931 932
f 934 933 936
f 930 934 1014
f 933 934 930
f 937 936 938
f 935 937 1019
f 936 937 935
f 940 939 944
f 937 940 1021
f 940 937 939
f 942 941 947
f 943 942 1023
f 944 942 943
f 945 947 948
f 946 945 1028
f 946 947 945
f 945 949 1031
f 949 945 950
f 949 950 951
f 952 951 956
f 949 952 1034
f 952 949 951
f 955 954 1036
f 955 953 954
f 954 957 1036
f 954 953 957
f 960 959 967
f 961 960 1044
f 960 961 959
f 964 963 972
f 965 964 1147
f 966 965 1045
f 966 967 963
f 963 964 966
f 969 968 976
f 970 969 1310
f 971 970 1147
f 968 971 972
f 968 969 971
f 975 974 1314
f 974 976 973
f 978 977 984
f 979 978 1049
f 977 978 980
f 983 982 1053
f 981 982 983
f 986 985 987
f 989 988 994
f 990 989 1059
f 989 990 988
f 990 987 988
f 992 991 998
f 993 992 1062
f 993 991 992
f 997 996 1066
f 997 998 996
f 999 1002 1004
f 1000 999 1074
f 1001 1000 1067
f 1001 1002 1000
f 1077 1004 1078
f 1003 1077 1074
f 1004 1077 1003
f 1010 1012 1102
f 1013 1012 1009
f 1012 1016 1109
f 1011 1012 1013
f 1015 1014 1018
f 1016 1015 1106
f 1015 1016 1011
f 1017 1020 1106
f 1017 1018 1019
f 1020 1019 1021
f 1022 1021 1026
f 1024 1023 1028
f 1025 1024 1114
f 1026 1023 1025
f 1027 1028 1031
f 1118 1027 1124
f 1027 1029 1121
f 1029 1030 1125
f 1031 1030 1029
f 1030 1033 1134
f 1033 1031 1032
f 1035 1034 1039
f 1033 1035 1138
f 1034 1035 1032
f 1038 1037 1135
f 1039 1036 1037
f 1040 1036 1041
f 1037 1040 1139
f 1040 1043 1139
f 1041 1042 1040
f 1043 1042 1048
f 1046 1045 1147
f 1047 1046 1143
f 1045 1047 1048
f 1045 1046 1047
f 1050 1049 1056
f 1051 1050 1156
f 1052 1051 1152
f 1050 1051 1049
f 1054 1053 1058
f 1055 1054 1160
f 1054 1056 1053
f 1057 1058 1061
f 1064 1059 1065
f 1060 1064 1170
f 1059 1064 1061
f 1063 1062 1069
f 1064 1063 1167
f 1065 1062 1063
f 1068 1067 1171
f 1069 1066 1068
f 1070 1073 1175
f 1071 1070 1172
f 1070 1071 1073
f 1072 1074 1077
f 1073 1072 1179
f 1077 1076 1183
f 1076 1077 1078
f 791 1079 1188
f 1080 1079 1082
f 1079 1080 1191
f 1087 1086 1233
f 1088 1087 1226
f 1087 1088 1086
f 1089 1005 1093
f 1090 1089 1238
f 1090 1005 1089
f 1092 1091 1242
f 1091 1093 1094
f 1095 1097 1246
f 1097 1096 1247
f 1094 1101 1096
f 1099 1098 1102
f 1100 1099 1249
f 1101 1098 1099
f 1099 1103 1253
f 1105 1104 1256
f 1109 1104 1105
f 1107 1106 1110
f 1108 1107 1259
f 1108 1109 1107
f 1109 1106 1107
f 1112 1111 1266
f 1107 1112 1263
f 1113 1111 1112
f 1112 1110 1113
f 1111 1116 1269
f 1117 1116 1113
f 1115 1114 1120
f 1116 1115 1272
f 1115 1117 1114
f 1115 1119 1278
f 1118 1119 1120
f 1119 1123 1276
f 1118 1124 1123
f 1122 1121 1128
f 1123 1122 1279
f 1124 1121 1122
f 1126 1125 1131
f 1127 1126 1282
f 1127 1128 1125
f 1130 1129 1284
f 1130 1131 1129
f 1133 1132 1288
f 1134 1132 1133
f 1137 1136 1292
f 1137 1138 1136
f 1136 1140 1298
f 1136 1135 1140
f 1140 1141 1295
f 1139 1141 1140
f 1145 1142 1146
f 1141 1145 1305
f 1141 1142 1145
f 1144 1143 1149
f 1145 1144 1302
f 1146 1143 1145
f 1148 1147 1306
f 1147 1148 1149
f 1382 1150 1380
f 1151 1382 1376
f 1151 1150 1382
f 1153 1152 1386
f 1154 1153 1384
f 1153 1154 1155
f 1155 1152 1153
f 1157 1156 1164
f 1158 1157 1391
f 1156 1157 1159
f 1162 1161 1166
f 1163 1162 1394
f 1160 1161 1162
f 1162 1164 1160
f 1165 1166 1170
f 1168 1167 1174
f 1169 1168 1397
f 1169 1170 1168
f 1173 1172 1400
f 1173 1174 1172
f 1177 1175 1178
f 1175 1177 1398
f 1177 1176 1182
f 1180 1179 1186
f 1181 1180 1388
f 1182 1179 1181
f 1184 1183 1187
f 1185 1184 1389
f 1186 1183 1185
f 1189 1187 1190
f 1189 1188 1191
f 1193 1191 1194
f 1189 1193 1389
f 1195 1192 1196
f 1193 1195 1385
f 1195 1196 1200
f 1198 1197 1204
f 1199 1198 1378
f 1197 1199 1200
f 1202 1201 1209
f 1203 1202 1373
f 1203 1204 1201
f 1206 1205 1212
f 1207 1206 1316
f 1208 1207 1315
f 1206 1207 1208
f 1208 1205 1206
f 1211 1210 1312
f 1211 1216 1210
f 1214 1213 1219
f 1215 1214 1308
f 1214 1215 1213
f 1218 1217 1223
f 1218 1219 1217
f 1222 1221 1229
f 1227 1226 1232
f 1228 1227 1304
f 1226 1227 1228
f 1228 1229 1226
f 1229 1225 1226
f 1231 1230 1236
f 1234 1233 1241
f 1235 1234 1300
f 1236 1233 1235
f 1239 1238 1244
f 1240 1239 1297
f 1238 1240 1241
f 1238 1239 1240
f 1243 1242 1246
f 1245 1246 1247
f 1248 1247 1252
f 1250 1249 1255
f 1251 1250 1290
f 1249 1250 1252
f 1257 1253 1258
f 1254 1257 1286
f 1255 1253 1257
f 1257 1256 1262
f 1260 1259 1265
f 1261 1260 1280
f 1261 1262 1259
f 1264 1263 1268
f 1267 1266 1271
f 1270 1269 1274
f 1277 1276 1281
f 1280 1279 1282
f 1283 1282 1287
f 1285 1284 1291
f 1284 1285 1287
f 1289 1288 1293
f 1288 1289 1291
f 1292 1294 1293
f 1292 1298 1294
f 1296 1295 1301
f 1295 1297 1298
f 1305 1300 1301
f 1303 1302 1309
f 1302 1304 1305
f 1307 1306 1313
f 1309 1306 1307
f 1311 1310 1317
f 1313 1311 1312
f 1315 1314 1320
f 1317 1314 1315
f 1319 1318 1321
f 1320 1319 1315
f 1322 1321 1327
f 1323 1322 1374
f 1326 1325 1331
f 1322 1326 1369
f 1325 1326 1327
f 1326 1322 1327
f 1329 1328 1332
f 1330 1329 1367
f 1331 1328 1330
f 1334 1332 1335
f 1329 1334 1363
f 1334 1333 1339
f 1333 1334 1335
f 1337 1336 1341
f 1338 1337 1355
f 1339 1336 1338
f 1345 1340 1343
f 1345 1342 1346
f 1345 1344 1348
f 1345 1347 1349
f 1351 1350 1356
f 1354 1353 1359
f 1356 1353 1354
f 1361 1357 1359
f 1363 1360 1364
f 1360 1363 1361
f 1366 1365 1370
f 1365 1367 1362
f 1368 1370 1371
f 1370 1368 1369
f 1372 1371 1379
f 1372 1374 1371
f 1377 1376 1382
f 1376 1377 1378
f 1378 1375 1376
f 1381 1380 1383
f 1385 1384 1390
f 1387 1386 1393
f 1390 1386 1389
f 1386 1388 1389
f 1386 1387 1388
f 1392 1391 1395
f 1398 1396 1399
f 1398 1397 1401
f 1403 1617 1615
f 1406 1624 1618
f 1410 1626 1621
f 1419 1631 1627
f 1418 1422 1632
f 1439 1446 2054
f 1450 1456 1638
f 1460 1646 1639
f 1469 1473 1648
f 1472 1655 1649
f 1477 1659 1653
f 1479 1665 1660
f 1483 1670 1663
f 1487 1491 1666
f 1490 1675 1667
f 1493 1497 1671
f 1508 1693 1688
f 1512 1697 1691
f 1523 1528 1701
f 1527 1709 1702
f 1531 1537 1706
f 1554 2169 2166
f 1554 1714 2169
f 1593 1598 1719
f 1598 1602 1720
f 1601 1726 1721
f 1604 1731 1723
f 1606 1732 1727
f 1608 1736 1732
f 1609 1740 1733
f 1612 1615 1737
f 1616 1745 1743
f 1619 1750 1746
f 1622 1626 1748
f 1429 2043 2035
f 1433 2046 2039
f 1445 2057 2051
f 1636 1641 1755
f 1640 1645 1751
f 1644 1759 1751
f 1654 1658 1760
f 1657 1763 1760
f 1668 1770 1767
f 1668 1772 1770
f 1679 1778 1773
f 1678 1781 1775
f 1684 1782 1781
f 1692 1785 1784
f 1696 1790 1785
f 1703 1801 1793
f 1708 1806 1797
f 1707 1810 1802
f 1535 1542 1807
f 1721 1725 1814
f 1724 1818 1811
f 1735 1828 1822
f 1734 1832 1825
f 1738 1743 1829
f 1741 1838 1836
f 1747 1912 1838
f 1747 1749 1912
f 1634 2038 2031
f 2047 1440 2053
f 2055 1448 2063
f 1447 1452 2058
f 1451 1922 2059
f 1752 1758 1840
f 1768 1852 1848
f 1771 1855 1853
f 1774 1860 1855
f 1776 1862 1857
f 1779 1865 1862
f 1786 1873 1868
f 1791 1875 1870
f 1795 1882 1876
f 1794 1800 1878
f 1543 2161 2155
f 1546 1551 2158
f 1722 1989 1719
f 1813 1886 1989
f 1812 1890 1883
f 1816 1892 1887
f 1820 1824 1892
f 1824 1895 1892
f 1823 1899 1893
f 1826 1903 1896
f 1830 1835 1900
f 1748 1626 1909
f 1630 1916 1913
f 1633 1918 1917
f 1754 1840 1924
f 1841 1844 1928
f 1844 1936 1932
f 1849 1851 1940
f 1858 1954 1948
f 1863 1962 1955
f 1864 1965 1959
f 1877 1980 1976
f 1880 1983 1977
f 1798 1805 1981
f 1808 2154 2148
f 1540 2155 2152
f 1584 2213 2205
f 1591 1985 2209
f 1594 1719 1985
f 1986 1885 1993
f 1884 1998 1990
f 1888 1891 1994
f 1891 2000 1995
f 1897 2008 2001
f 1901 1905 2005
f 1907 2012 2009
f 1907 2016 2010
f 1906 2020 2013
f 1910 2021 2017
f 1625 2024 2021
f 1913 2025 2022
f 1914 2028 2025
f 1915 1917 2028
f 1917 2030 2026
f 1918 2034 2030
f 2060 1921 2066
f 1921 2070 2064
f 1920 2075 2067
f 1753 1924 2071
f 1923 2078 2072
f 1925 2080 2076
f 1931 2081 2080
f 1930 2086 2081
f 1933 2089 2083
f 1937 2092 2087
f 1938 2096 2090
f 1941 2099 2093
f 1946 2102 2097
f 1945 2105 2100
f 1950 2108 2103
f 1957 2115 2110
f 1956 2116 2113
f 1960 2121 2116
f 1963 2125 2118
f 1966 2127 2122
f 1975 2135 2129
f 1978 2143 2136
f 1981 2147 2140
f 1803 2151 2144
f 2159 1550 2165
f 1549 2166 2162
f 2167 1713 2173
f 1712 2175 2170
f 1556 2177 2174
f 1558 2180 2176
f 1561 2182 2178
f 1564 2183 2181
f 1568 2190 2184
f 1717 2193 2187
f 1573 2198 2194
f 1580 2204 2199
f 1984 1988 2217
f 1987 2224 2218
f 1986 2227 2220
f 1991 2229 2225
f 1999 2233 2230
f 2002 2235 2231
f 2006 2009 2234
f 1599 1415 1412
f 1754 1919 1637
f 1879 1799 1981
f 1408 1405 1600
f 1590 1427 1424
f 1534 1432 1538
f 1711 1715 1567
f 1530 1435 1533
f 1522 1457 1454
f 1526 1442 1529
f 1518 1462 1521
f 1511 1474 1471
f 1507 1481 1478
f 1504 1485 1506
f 1498 1495 1500
f 1553 1570 1716
f 1548 1578 1575
f 1545 1581 1547
f 1544 1586 1582
f 2221 2011 2015
f 2215 2219 2029
f 2211 2215 2033
f 2206 2212 2037
f 2153 2036 2042
f 2145 2150 2045
f 2156 2202 2208
f 2160 2164 2203
f 2163 2197 2201
f 2168 2191 2197
f 2168 2188 2192
f 2171 2185 2189
f 2141 2146 2049
f 2104 2109 2101
f 2117 2120 2095
f 2119 2084 2088
f 2123 2082 2085
f 2128 2079 2082
f 2130 2134 2074
f 2133 2065 2069
f 2137 2056 2062
f 2014 2019 2222
f 1403 1402 1611
f 1403 1620 1617
f 1404 1407 1403
f 1405 1601 1600
f 1406 1408 1411
f 1407 1618 1620
f 1404 1405 1406
f 1409 1600 1599
f 1410 1412 1414
f 1411 1621 1624
f 1408 1409 1410
f 1413 1415 1416
f 1414 1413 1626
f 1412 1413 1414
f 1416 1627 1628
f 1420 1416 1415
f 1421 1599 1602
f 1418 1421 1422
f 1419 1629 1631
f 1417 1421 1418
f 1423 1424 1426
f 1423 1635 1633
f 1421 1424 1423
f 1425 1427 1431
f 1426 1425 1635
f 1424 1425 1426
f 1428 1590 1589
f 1429 1432 1434
f 1430 2035 2038
f 1431 1634 1425
f 1428 1429 1430
f 1435 1534 1533
f 1433 1435 1438
f 1434 2039 2043
f 1433 1434 1432
f 1436 1530 1529
f 1437 1442 1441
f 1438 2050 2046
f 1437 1438 1435
f 1439 1444 1446
f 1440 2054 2053
f 1441 2047 2050
f 1439 1440 1441
f 1445 1444 1449
f 1446 2051 2054
f 1444 1445 1446
f 1453 1526 1525
f 1447 1453 1452
f 1448 2058 2063
f 1449 2055 2057
f 1447 1448 1449
f 1450 1454 1456
f 1452 2059 2058
f 1450 1451 1452
f 1455 1457 1461
f 1456 1455 1638
f 1454 1455 1456
f 1458 1522 1521
f 1459 1462 1464
f 1460 1643 1646
f 1461 1639 1642
f 1457 1458 1459
f 1463 1518 1517
f 1464 1465 1467
f 1464 1462 1463
f 1466 1468 1470
f 1467 1652 1643
f 1465 1466 1467
f 1468 1517 1514
f 1469 1471 1473
f 1470 1648 1652
f 1472 1653 1655
f 1473 1649 1648
f 1475 1511 1510
f 1476 1478 1480
f 1477 1656 1659
f 1477 1474 1475
f 1479 1481 1484
f 1480 1660 1656
f 1478 1479 1480
f 1482 1507 1506
f 1483 1485 1488
f 1484 1663 1665
f 1481 1482 1483
f 1486 1504 1502
f 1487 1489 1491
f 1488 1666 1670
f 1485 1486 1487
f 1490 1492 1494
f 1491 1667 1666
f 1489 1490 1491
f 1493 1495 1497
f 1494 1671 1675
f 1492 1493 1494
f 1497 1672 1671
f 1495 1496 1497
f 1496 1677 1676
f 1498 1499 1496
f 1499 1681 1677
f 1498 1501 1499
f 1501 1687 1681
f 1502 1503 1501
f 1505 1506 1509
f 1503 1690 1687
f 1503 1502 1504
f 1508 1510 1513
f 1509 1688 1690
f 1506 1507 1508
f 1512 1514 1516
f 1513 1691 1693
f 1513 1510 1511
f 1516 1694 1697
f 1515 1698 1694
f 1514 1517 1520
f 1519 1521 1524
f 1520 1705 1698
f 1520 1517 1518
f 1523 1525 1528
f 1524 1701 1705
f 1521 1522 1523
f 1527 1529 1532
f 1528 1702 1701
f 1531 1533 1537
f 1532 1706 1709
f 1529 1530 1531
f 1535 1538 1542
f 1536 1807 1810
f 1537 1707 1706
f 1533 1534 1535
f 1539 1588 1587
f 1541 2152 2154
f 1542 1808 1807
f 1542 1538 1539
f 1543 1544 1546
f 1544 1587 1586
f 1540 1539 1544
f 1545 1582 1581
f 1546 1547 1551
f 1546 2158 2161
f 1546 1544 1545
f 1548 1579 1578
f 1550 2162 2165
f 1551 2159 2158
f 1549 1550 1551
f 1553 1571 1570
f 1554 1710 1714
f 1554 1552 1553
f 1555 1712 1711
f 1556 1560 1559
f 1557 2174 2175
f 1555 1556 1557
f 1558 1560 1562
f 1559 2176 2177
f 1560 1558 1559
f 1561 1563 1565
f 1562 2178 2180
f 1560 1561 1562
f 1564 1563 1566
f 1565 2181 2182
f 1563 1564 1565
f 1566 2186 2183
f 1563 1569 1566
f 1568 1715 1718
f 1569 2184 2186
f 1567 1568 1569
f 1570 1717 1716
f 1572 2195 2193
f 1572 1570 1571
f 1573 1575 1577
f 1574 2194 2195
f 1577 2196 2198
f 1575 1576 1577
f 1580 1581 1583
f 1576 2199 2196
f 1578 1579 1580
f 1582 1585 1583
f 1584 1589 1592
f 1587 1588 1584
f 1591 1596 1595
f 1592 2209 2213
f 1592 1589 1590
f 1593 1597 1598
f 1595 1596 1593
f 1601 1603 1605
f 1602 1721 1720
f 1604 1611 1607
f 1605 1723 1726
f 1603 1604 1605
f 1606 1611 1608
f 1607 1727 1731
f 1611 1606 1607
f 1608 1611 1610
f 1609 1611 1613
f 1610 1733 1736
f 1611 1609 1610
f 1613 1737 1740
f 1611 1612 1613
f 1615 1738 1737
f 1615 1616 1614
f 1620 1619 1616
f 1619 1624 1623
f 1619 1746 1745
f 1623 1748 1750
f 1623 1624 1621
f 1626 1910 1909
f 1630 1917 1916
f 1629 1632 1630
f 1633 1634 1918
f 1636 1642 1641
f 1637 1755 1754
f 1451 1919 1922
f 1637 1451 1638
f 1640 1646 1645
f 1641 1751 1755
f 1641 1642 1639
f 1646 1643 1644
f 1644 1756 1759
f 1647 1643 1652
f 1651 1652 1648
f 1654 1659 1658
f 1655 1653 1654
f 1657 1656 1662
f 1656 1657 1658
f 1662 1766 1763
f 1660 1661 1662
f 1664 1670 1669
f 1661 1767 1766
f 1665 1663 1664
f 1668 1675 1674
f 1673 1676 1680
f 1674 1773 1772
f 1674 1675 1671
f 1678 1677 1683
f 1679 1775 1778
f 1678 1679 1680
f 1683 1677 1681
f 1684 1687 1686
f 1682 1681 1687
f 1685 1690 1689
f 1686 1784 1782
f 1685 1686 1687
f 1688 1692 1689
f 1691 1696 1692
f 1696 1787 1790
f 1697 1694 1695
f 1695 1792 1787
f 1695 1694 1698
f 1700 1705 1704
f 1699 1796 1792
f 1698 1705 1700
f 1703 1709 1708
f 1704 1793 1796
f 1701 1702 1703
f 1708 1802 1806
f 1708 1797 1801
f 1711 1716 1715
f 1713 2170 2173
f 1714 2167 2169
f 1710 1711 1712
f 1718 2187 2190
f 1718 1715 1716
f 1719 1720 1722
f 1719 1989 1985
f 1721 1726 1725
f 1724 1731 1730
f 1725 1811 1814
f 1725 1726 1723
f 1729 1819 1815
f 1730 1815 1818
f 1727 1728 1729
f 1728 1822 1821
f 1734 1740 1739
f 1735 1825 1828
f 1733 1734 1735
f 1739 1829 1832
f 1737 1738 1739
f 1741 1745 1744
f 1742 1836 1835
f 1743 1830 1829
f 1745 1747 1744
f 1747 1750 1749
f 1749 1909 1912
f 1749 1750 1748
f 1752 1759 1758
f 1753 2071 2075
f 1754 1920 1919
f 1757 1843 1842
f 1758 1842 1840
f 1762 1761 1760
f 1762 1847 1843
f 1762 1763 1766
f 1765 1845 1847
f 1766 1767 1764
f 1768 1770 1769
f 1764 1848 1845
f 1769 1853 1852
f 1771 1772 1773
f 1774 1778 1777
f 1776 1781 1780
f 1777 1857 1860
f 1778 1775 1776
f 1779 1782 1784
f 1783 1866 1865
f 1786 1790 1789
f 1783 1868 1866
f 1789 1870 1873
f 1789 1790 1787
f 1787 1792 1791
f 1791 1796 1795
f 1791 1876 1875
f 1792 1796 1791
f 1794 1801 1800
f 1795 1878 1882
f 1795 1796 1793
f 1798 1806 1805
f 1800 1879 1878
f 1798 1799 1800
f 1803 1810 1809
f 1804 2144 2147
f 1803 1804 1805
f 1809 2148 2151
f 1808 1809 1810
f 1812 1818 1817
f 1813 1883 1886
f 1812 1813 1814
f 1816 1815 1820
f 1817 1887 1890
f 1817 1818 1815
f 1820 1821 1824
f 1815 1819 1820
f 1823 1828 1827
f 1824 1893 1895
f 1826 1832 1831
f 1827 1896 1899
f 1827 1828 1825
f 1831 1900 1903
f 1832 1829 1830
f 1833 1838 1837
f 1834 1908 1905
f 1835 1901 1900
f 1836 1833 1834
f 1839 1842 1841
f 1840 1839 1924
f 1842 1839 1840
f 1841 1843 1844
f 1841 1928 1927
f 1842 1843 1841
f 1844 1932 1935
f 1844 1935 1928
f 1846 1844 1843
f 1846 1943 1936
f 1845 1850 1846
f 1849 1852 1851
f 1850 1940 1943
f 1845 1848 1849
f 1853 1854 1851
f 1854 1855 1856
f 1854 1947 1944
f 1856 1860 1859
f 1856 1951 1947
f 1858 1862 1861
f 1859 1948 1951
f 1857 1858 1859
f 1861 1952 1954
f 1861 1955 1958
f 1863 1861 1865
f 1863 1959 1962
f 1864 1968 1965
f 1867 1864 1865
f 1869 1873 1872
f 1867 1972 1968
f 1869 1867 1866
f 1872 1969 1972
f 1871 1872 1873
f 1871 1973 1969
f 1870 1874 1871
f 1876 1877 1874
f 1877 1882 1881
f 1877 1976 1973
f 1880 1981 1983
f 1881 1977 1980
f 1882 1878 1879
f 1884 1890 1889
f 1885 1990 1993
f 1886 1986 1989
f 1885 1886 1883
f 1888 1892 1891
f 1889 1994 1998
f 1888 1889 1890
f 1891 1895 1894
f 1891 1995 1994
f 1894 2004 2000
f 1898 1894 1895
f 1897 1903 1902
f 1898 2001 2004
f 1897 1898 1899
f 1902 2005 2008
f 1900 1901 1902
f 1905 2006 2005
f 1905 1908 1907
f 1907 2013 2016
f 1907 2010 2012
f 1908 1906 1907
f 1911 2017 2020
f 1912 1909 1910
f 1625 2022 2024
f 1914 1916 1915
f 1916 1917 1915
f 1917 2026 2028
f 1918 2031 2034
f 1921 2067 2070
f 1921 2064 2066
f 1922 2060 2059
f 1922 1919 1920
f 1923 1927 1926
f 1924 2072 2071
f 1925 1928 1929
f 1926 2076 2078
f 1925 1926 1927
f 1931 1929 1928
f 1930 1935 1934
f 1930 1931 1928
f 1934 2083 2086
f 1933 1934 1935
f 1937 1936 1939
f 1933 2087 2089
f 1937 1933 1936
f 1938 1943 1942
f 1939 2090 2092
f 1939 1936 1943
f 1942 2093 2096
f 1946 2100 2102
f 1941 2097 2099
f 1946 1941 1944
f 1945 2103 2105
f 1950 1945 1947
f 1950 2106 2108
f 1949 1950 1951
f 1949 2112 2106
f 1953 1949 1954
f 1953 2110 2112
f 1957 1953 1952
f 1956 1962 1961
f 1957 2113 2115
f 1956 1957 1958
f 1960 1965 1964
f 1959 1960 1961
f 1963 1968 1967
f 1964 2118 2121
f 1965 1968 1963
f 1966 1972 1971
f 1967 2122 2125
f 1968 1972 1966
f 1971 2126 2127
f 1972 1969 1970
f 1970 2132 2126
f 1969 1973 1974
f 1974 2129 2132
f 1975 2139 2135
f 1975 1973 1976
f 1978 1983 1982
f 1979 2136 2139
f 1977 1978 1979
f 1982 2140 2143
f 1984 1989 1988
f 1985 2210 2209
f 1985 1989 1984
f 1986 1993 1992
f 1987 2220 2224
f 1988 2218 2217
f 1991 1998 1997
f 1992 2225 2227
f 1991 1992 1993
f 1996 2000 1999
f 1997 2228 2229
f 1996 1997 1998
f 1999 2004 2003
f 1999 2230 2228
f 2002 2008 2007
f 2003 2231 2233
f 2004 2001 2002
f 2007 2234 2235
f 2008 2005 2006
f 2009 2232 2234
f 2011 2016 2015
f 2010 2011 2012
f 2014 2020 2019
f 2015 2222 2221
f 2013 2014 2015
f 2018 2021 2023
f 2019 2223 2222
f 2017 2018 2019
f 2022 2023 2024
f 2027 2023 2025
f 2028 2026 2027
f 2029 2027 2026
f 2029 2034 2033
f 2032 2038 2037
f 2033 2212 2211
f 2031 2032 2033
f 2036 2043 2042
f 2037 2207 2206
f 2035 2036 2037
f 2040 2046 2045
f 2041 2150 2149
f 2042 2149 2153
f 2042 2043 2039
f 2044 2050 2049
f 2045 2146 2145
f 2045 2046 2050
f 2048 2053 2052
f 2049 2142 2141
f 2049 2050 2047
f 2052 2057 2056
f 2053 2054 2051
f 2056 2063 2062
f 2055 2056 2057
f 2061 2066 2065
f 2062 2138 2137
f 2063 2058 2059
f 2065 2070 2069
f 2064 2065 2066
f 2068 2075 2074
f 2069 2134 2133
f 2067 2068 2069
f 2073 2078 2077
f 2074 2131 2130
f 2075 2071 2072
f 2077 2080 2079
f 2076 2077 2078
f 2079 2081 2082
f 2079 2128 2131
f 2082 2086 2085
f 2084 2089 2088
f 2085 2124 2123
f 2084 2085 2086
f 2088 2120 2119
f 2091 2088 2089
f 2091 2096 2095
f 2090 2091 2092
f 2094 2099 2098
f 2095 2114 2117
f 2093 2094 2095
f 2098 2102 2101
f 2097 2098 2099
f 2101 2105 2104
f 2100 2101 2102
f 2104 2108 2107
f 2103 2104 2105
f 2107 2106 2109
f 2106 2107 2108
f 2109 2112 2111
f 2112 2109 2106
f 2111 2115 2114
f 2110 2111 2112
f 2113 2114 2115
f 2117 2121 2120
f 2117 2114 2116
f 2119 2125 2124
f 2119 2120 2121
f 2123 2127 2128
f 2123 2124 2125
f 2132 2131 2128
f 2130 2135 2134
f 2129 2130 2131
f 2133 2139 2138
f 2139 2133 2134
f 2137 2143 2142
f 2136 2137 2138
f 2141 2147 2146
f 2141 2142 2143
f 2145 2151 2150
f 2147 2144 2145
f 2149 2150 2151
f 2153 2155 2157
f 2154 2152 2153
f 2157 2208 2207
f 2156 2157 2155
f 2160 2165 2164
f 2156 2203 2202
f 2161 2158 2159
f 2164 2201 2200
f 2162 2163 2164
f 2168 2163 2166
f 2168 2173 2172
f 2168 2192 2191
f 2171 2175 2179
f 2172 2189 2188
f 2170 2171 2172
f 2174 2179 2175
f 2176 2179 2177
f 2178 2179 2180
f 2179 2183 2185
f 2181 2179 2182
f 2186 2185 2183
f 2185 2190 2189
f 2184 2185 2186
f 2188 2193 2192
f 2188 2189 2190
f 2191 2195 2197
f 2191 2192 2193
f 2197 2196 2201
f 2196 2197 2198
f 2200 2204 2203
f 2199 2200 2201
f 2202 2205 2208
f 2206 2213 2212
f 2206 2207 2208
f 2211 2216 2215
f 2212 2213 2209
f 2215 2217 2219
f 2216 2214 2215
f 2219 2224 2223
f 2217 2218 2219
f 2221 2227 2226
f 2226 2229 2232
f 2225 2226 2227
f 2228 2232 2229
f 2230 2232 2228
f 2231 2232 2233
f 2234 2232 2235
f 1406 1411 1624
f 1410 1414 1626
f 1413 1416 1628
f 1418 1632 1629
f 1423 1633 1632
f 1423 1426 1635
f 1455 1461 1642
f 1459 1464 1643
f 1464 1467 1643
f 1466 1470 1652
f 1476 1480 1656
f 1479 1484 1665
f 1483 1488 1670
f 1490 1494 1675
f 1496 1676 1672
f 1505 1509 1690
f 1508 1513 1693
f 1512 1516 1697
f 1519 1524 1705
f 1527 1532 1709
f 1598 1720 1719
f 1601 1605 1726
f 1604 1607 1731
f 1606 1608 1732
f 1608 1610 1736
f 1609 1613 1740
f 1612 1402 1615
f 1619 1623 1750
f 1429 1434 2043
f 1433 1438 2046
f 1437 1441 2050
f 1445 1449 2057
f 1650 1760 1756
f 1657 1662 1763
f 1664 1669 1767
f 1668 1674 1772
f 1673 1680 1773
f 1678 1683 1781
f 1684 1686 1782
f 1685 1689 1784
f 1700 1704 1796
f 1703 1708 1801
f 1707 1536 1810
f 1724 1730 1818
f 1728 1821 1819
f 1734 1739 1832
f 1738 1614 1743
f 1741 1744 1838
f 1634 1430 2038
f 1768 1769 1852
f 1774 1777 1860
f 1776 1780 1862
f 1786 1789 1873
f 1791 1795 1876
f 1543 1546 2161
f 1812 1817 1890
f 1816 1820 1892
f 1823 1827 1899
f 1826 1831 1903
f 1830 1742 1835
f 1833 1837 1908
f 1839 1841 1927
f 1854 1944 1940
f 1854 1856 1947
f 1856 1859 1951
f 1858 1861 1954
f 1869 1872 1972
f 1877 1881 1980
f 1808 1541 2154
f 1584 1592 2213
f 1591 1595 1985
f 1884 1889 1998
f 1891 1894 2000
f 1897 1902 2008
f 1901 1834 1905
f 1906 1911 2020
f 1910 1626 2021
f 1914 1915 2028
f 1917 1918 2030
f 1920 1753 2075
f 1923 1926 2078
f 1925 1929 2080
f 1930 1934 2086
f 1937 1939 2092
f 1938 1942 2096
f 1956 1961 2116
f 1960 1964 2121
f 1963 1967 2125
f 1966 1971 2127
f 1978 1982 2143
f 1981 1804 2147
f 1803 1809 2151
f 1712 1557 2175
f 1556 1559 2177
f 1558 1562 2180
f 1561 1565 2182
f 1564 1566 2183
f 1568 1718 2190
f 1717 1572 2193
f 1573 1577 2198
f 1580 1583 2204
f 1585 2205 2204
f 1984 2217 2214
f 1986 1992 2227
f 1991 1997 2229
f 1996 1999 2228
f 1999 2003 2233
f 2002 2007 2235
f 2006 1904 2009
f 1599 1412 1409
f 1601 1611 1603
f 1601 1404 1611
f 1596 1424 1597
f 1590 1424 1596
f 1597 1421 1602
f 1588 1428 1589
f 1538 1428 1588
f 1538 1432 1428
f 1555 1563 1560
f 1711 1563 1555
f 1711 1567 1563
f 1526 1444 1443
f 1525 1454 1453
f 1522 1454 1525
f 1529 1442 1436
f 1521 1462 1458
f 1517 1465 1463
f 1517 1468 1465
f 1514 1471 1468
f 1511 1471 1514
f 1507 1475 1510
f 1507 1478 1475
f 1506 1485 1482
f 1502 1489 1486
f 1502 1492 1489
f 1500 1492 1502
f 1500 1495 1492
f 1553 1716 1710
f 1548 1571 1552
f 1548 1575 1571
f 1547 1581 1579
f 2221 2226 2232
f 2221 2232 2011
f 2219 2223 2027
f 2215 2029 2033
f 2212 2032 2037
f 2153 2157 2207
f 2153 2207 2036
f 2150 2040 2045
f 2164 2200 2203
f 2168 2172 2188
f 2171 2179 2185
f 2146 2044 2049
f 2114 2094 2098
f 2111 2114 2098
f 2111 2098 2101
f 2109 2111 2101
f 2104 2107 2109
f 2120 2091 2095
f 2119 2124 2084
f 2123 2128 2082
f 2131 2073 2077
f 2131 2077 2079
f 2134 2068 2074
f 2138 2061 2065
f 2133 2138 2065
f 2137 2142 2048
f 2137 2048 2052
f 2137 2052 2056
f 2223 2018 2023
f 1403 1611 1404
f 1402 1403 1615
f 1611 1402 1612
f 1403 1407 1620
f 1405 1404 1601
f 1406 1405 1408
f 1407 1406 1618
f 1407 1404 1406
f 1409 1408 1600
f 1410 1409 1412
f 1411 1410 1621
f 1411 1408 1410
f 1413 1412 1415
f 1417 1415 1599
f 1416 1420 1627
f 1420 1415 1417
f 1421 1417 1599
f 1419 1418 1629
f 1420 1419 1627
f 1418 1419 1417
f 1419 1420 1417
f 1422 1423 1632
f 1423 1422 1421
f 1424 1421 1597
f 1425 1424 1427
f 1428 1427 1590
f 1429 1428 1432
f 1430 1429 2035
f 1431 1430 1634
f 1431 1427 1428
f 1428 1430 1431
f 1435 1432 1534
f 1434 1433 2039
f 1435 1433 1432
f 1436 1435 1530
f 1437 1436 1442
f 1438 1437 2050
f 1435 1436 1437
f 1439 1443 1444
f 1440 1439 2054
f 1441 1440 2047
f 1443 1442 1526
f 1443 1439 1442
f 1439 1441 1442
f 1446 1445 2051
f 1453 1444 1526
f 1448 1447 2058
f 1449 1448 2055
f 1444 1453 1447
f 1447 1449 1444
f 1450 1453 1454
f 1451 1450 1638
f 1452 1451 2059
f 1450 1452 1453
f 1455 1454 1457
f 1458 1457 1522
f 1459 1458 1462
f 1460 1459 1643
f 1461 1460 1639
f 1461 1457 1460
f 1457 1459 1460
f 1463 1462 1518
f 1464 1463 1465
f 1466 1465 1468
f 1467 1466 1652
f 1469 1468 1471
f 1470 1469 1648
f 1470 1468 1469
f 1477 1471 1474
f 1472 1477 1653
f 1473 1472 1649
f 1477 1472 1471
f 1472 1473 1471
f 1475 1474 1511
f 1476 1475 1478
f 1477 1476 1656
f 1476 1477 1475
f 1479 1478 1481
f 1480 1479 1660
f 1482 1481 1507
f 1483 1482 1485
f 1484 1483 1663
f 1483 1484 1481
f 1486 1485 1504
f 1487 1486 1489
f 1488 1487 1666
f 1487 1488 1485
f 1490 1489 1492
f 1491 1490 1667
f 1493 1492 1495
f 1494 1493 1671
f 1496 1495 1498
f 1497 1496 1672
f 1496 1499 1677
f 1501 1498 1500
f 1499 1501 1681
f 1501 1500 1502
f 1501 1503 1687
f 1505 1504 1506
f 1503 1505 1690
f 1505 1503 1504
f 1508 1507 1510
f 1509 1508 1688
f 1508 1509 1506
f 1512 1511 1514
f 1513 1512 1691
f 1512 1513 1511
f 1516 1515 1694
f 1515 1516 1514
f 1515 1520 1698
f 1515 1514 1520
f 1519 1518 1521
f 1520 1519 1705
f 1519 1520 1518
f 1523 1522 1525
f 1524 1523 1701
f 1523 1524 1521
f 1527 1526 1529
f 1528 1527 1702
f 1528 1526 1527
f 1528 1525 1526
f 1531 1530 1533
f 1532 1531 1706
f 1532 1529 1531
f 1535 1534 1538
f 1536 1535 1807
f 1537 1536 1707
f 1535 1536 1537
f 1537 1533 1535
f 1539 1538 1588
f 1541 1540 2152
f 1542 1541 1808
f 1542 1540 1541
f 1542 1539 1540
f 1540 1543 2155
f 1544 1539 1587
f 1543 1540 1544
f 1545 1544 1582
f 1546 1545 1547
f 1548 1547 1579
f 1550 1549 2162
f 1551 1550 2159
f 1551 1547 1549
f 1547 1548 1549
f 1554 1548 1552
f 1549 1554 2166
f 1549 1548 1554
f 1553 1552 1571
f 1554 1553 1710
f 1555 1557 1712
f 1556 1555 1560
f 1557 1556 2174
f 1559 1558 2176
f 1561 1560 1563
f 1562 1561 2178
f 1565 1564 2181
f 1569 1563 1567
f 1566 1569 2186
f 1568 1567 1715
f 1569 1568 2184
f 1570 1572 1717
f 1572 1574 2195
f 1574 1572 1571
f 1573 1571 1575
f 1574 1573 2194
f 1573 1574 1571
f 1576 1575 1578
f 1577 1576 2196
f 1580 1579 1581
f 1576 1580 2199
f 1580 1576 1578
f 1585 1582 1586
f 1583 1585 2204
f 1583 1581 1582
f 1584 1588 1589
f 1585 1584 2205
f 1584 1585 1587
f 1585 1586 1587
f 1591 1590 1596
f 1592 1591 2209
f 1591 1592 1590
f 1593 1596 1597
f 1594 1593 1719
f 1595 1594 1985
f 1594 1595 1593
f 1598 1597 1602
f 1602 1601 1721
f 1599 1601 1602
f 1599 1600 1601
f 1604 1603 1611
f 1605 1604 1723
f 1607 1606 1727
f 1610 1609 1733
f 1613 1612 1737
f 1616 1615 1617
f 1614 1616 1743
f 1615 1614 1738
f 1616 1619 1745
f 1617 1620 1616
f 1619 1618 1624
f 1620 1618 1619
f 1622 1621 1626
f 1623 1622 1748
f 1622 1623 1621
f 1625 1413 1628
f 1626 1625 2021
f 1413 1625 1626
f 1630 1627 1631
f 1625 1630 1913
f 1628 1627 1625
f 1627 1630 1625
f 1630 1632 1917
f 1631 1629 1630
f 1632 1633 1917
f 1635 1634 1633
f 1918 1634 2031
f 1425 1634 1635
f 1636 1455 1642
f 1637 1636 1755
f 1451 1637 1919
f 1638 1455 1636
f 1636 1637 1638
f 1640 1639 1646
f 1641 1640 1751
f 1639 1640 1641
f 1645 1644 1751
f 1645 1646 1644
f 1644 1647 1756
f 1647 1644 1643
f 1647 1651 1756
f 1651 1647 1652
f 1650 1649 1655
f 1651 1650 1756
f 1650 1651 1649
f 1651 1648 1649
f 1654 1653 1659
f 1650 1654 1760
f 1654 1650 1655
f 1658 1657 1760
f 1658 1659 1656
f 1661 1660 1665
f 1662 1661 1766
f 1662 1656 1660
f 1664 1663 1670
f 1661 1664 1767
f 1664 1661 1665
f 1668 1667 1675
f 1669 1668 1767
f 1670 1666 1669
f 1666 1668 1669
f 1666 1667 1668
f 1673 1672 1676
f 1674 1673 1773
f 1673 1671 1672
f 1673 1674 1671
f 1679 1678 1775
f 1680 1679 1773
f 1677 1678 1676
f 1678 1680 1676
f 1683 1682 1781
f 1682 1683 1681
f 1682 1684 1781
f 1682 1687 1684
f 1686 1685 1784
f 1687 1690 1685
f 1692 1688 1693
f 1689 1692 1784
f 1690 1688 1689
f 1696 1691 1697
f 1692 1696 1785
f 1692 1693 1691
f 1696 1695 1787
f 1696 1697 1695
f 1695 1699 1792
f 1698 1699 1695
f 1699 1700 1796
f 1699 1698 1700
f 1703 1702 1709
f 1704 1703 1793
f 1705 1701 1704
f 1701 1703 1704
f 1708 1707 1802
f 1706 1708 1709
f 1706 1707 1708
f 1711 1710 1716
f 1713 1712 2170
f 1714 1713 2167
f 1713 1714 1712
f 1714 1710 1712
f 1718 1717 2187
f 1718 1716 1717
f 1813 1721 1814
f 1722 1813 1989
f 1722 1720 1721
f 1721 1813 1722
f 1724 1723 1731
f 1725 1724 1811
f 1724 1725 1723
f 1728 1727 1732
f 1729 1728 1819
f 1730 1729 1815
f 1729 1730 1727
f 1730 1731 1727
f 1735 1732 1736
f 1728 1735 1822
f 1732 1735 1728
f 1734 1733 1740
f 1735 1734 1825
f 1736 1733 1735
f 1739 1738 1829
f 1740 1737 1739
f 1741 1743 1745
f 1742 1741 1836
f 1743 1742 1830
f 1742 1743 1741
f 1744 1747 1838
f 1747 1746 1750
f 1747 1745 1746
f 1749 1748 1909
f 1752 1751 1759
f 1754 1752 1840
f 1753 1754 1924
f 1754 1753 1920
f 1754 1755 1752
f 1755 1751 1752
f 1761 1756 1760
f 1757 1761 1843
f 1758 1757 1842
f 1759 1757 1758
f 1759 1756 1757
f 1756 1761 1757
f 1762 1760 1763
f 1761 1762 1843
f 1762 1765 1847
f 1765 1762 1766
f 1765 1764 1845
f 1764 1765 1766
f 1768 1767 1770
f 1764 1768 1848
f 1767 1768 1764
f 1771 1770 1772
f 1769 1771 1853
f 1770 1771 1769
f 1774 1773 1778
f 1771 1774 1855
f 1774 1771 1773
f 1776 1775 1781
f 1777 1776 1857
f 1778 1776 1777
f 1779 1781 1782
f 1780 1779 1862
f 1780 1781 1779
f 1779 1783 1865
f 1783 1779 1784
f 1783 1784 1785
f 1786 1785 1790
f 1783 1786 1868
f 1786 1783 1785
f 1789 1788 1870
f 1789 1787 1788
f 1788 1791 1870
f 1788 1787 1791
f 1794 1793 1801
f 1795 1794 1878
f 1794 1795 1793
f 1798 1797 1806
f 1799 1798 1981
f 1800 1799 1879
f 1800 1801 1797
f 1797 1798 1800
f 1803 1802 1810
f 1804 1803 2144
f 1805 1804 1981
f 1802 1805 1806
f 1802 1803 1805
f 1809 1808 2148
f 1808 1810 1807
f 1812 1811 1818
f 1813 1812 1883
f 1811 1812 1814
f 1817 1816 1887
f 1815 1816 1817
f 1820 1819 1821
f 1823 1822 1828
f 1824 1823 1893
f 1823 1824 1822
f 1824 1821 1822
f 1826 1825 1832
f 1827 1826 1896
f 1827 1825 1826
f 1831 1830 1900
f 1831 1832 1830
f 1833 1836 1838
f 1834 1833 1908
f 1835 1834 1901
f 1835 1836 1834
f 1911 1838 1912
f 1837 1911 1908
f 1838 1911 1837
f 1844 1846 1936
f 1847 1846 1843
f 1846 1850 1943
f 1845 1846 1847
f 1849 1848 1852
f 1850 1849 1940
f 1849 1850 1845
f 1851 1854 1940
f 1851 1852 1853
f 1854 1853 1855
f 1856 1855 1860
f 1858 1857 1862
f 1859 1858 1948
f 1860 1857 1859
f 1861 1862 1865
f 1952 1861 1958
f 1861 1863 1955
f 1863 1864 1959
f 1865 1864 1863
f 1864 1867 1968
f 1867 1865 1866
f 1869 1868 1873
f 1867 1869 1972
f 1868 1869 1866
f 1872 1871 1969
f 1873 1870 1871
f 1874 1870 1875
f 1871 1874 1973
f 1874 1877 1973
f 1875 1876 1874
f 1877 1876 1882
f 1880 1879 1981
f 1881 1880 1977
f 1879 1881 1882
f 1879 1880 1881
f 1884 1883 1890
f 1885 1884 1990
f 1886 1885 1986
f 1884 1885 1883
f 1888 1887 1892
f 1889 1888 1994
f 1888 1890 1887
f 1891 1892 1895
f 1898 1893 1899
f 1894 1898 2004
f 1893 1898 1895
f 1897 1896 1903
f 1898 1897 2001
f 1899 1896 1897
f 1902 1901 2005
f 1903 1900 1902
f 1904 1907 2009
f 1905 1904 2006
f 1904 1905 1907
f 1906 1908 1911
f 1907 1906 2013
f 1911 1910 2017
f 1910 1911 1912
f 1625 1913 2022
f 1914 1913 1916
f 1913 1914 2025
f 1921 1920 2067
f 1922 1921 2060
f 1921 1922 1920
f 1923 1839 1927
f 1924 1923 2072
f 1924 1839 1923
f 1926 1925 2076
f 1925 1927 1928
f 1929 1931 2080
f 1931 1930 2081
f 1928 1935 1930
f 1933 1932 1936
f 1934 1933 2083
f 1935 1932 1933
f 1933 1937 2087
f 1939 1938 2090
f 1943 1938 1939
f 1941 1940 1944
f 1942 1941 2093
f 1942 1943 1941
f 1943 1940 1941
f 1946 1945 2100
f 1941 1946 2097
f 1947 1945 1946
f 1946 1944 1947
f 1945 1950 2103
f 1951 1950 1947
f 1949 1948 1954
f 1950 1949 2106
f 1949 1951 1948
f 1949 1953 2112
f 1952 1953 1954
f 1953 1957 2110
f 1952 1958 1957
f 1956 1955 1962
f 1957 1956 2113
f 1958 1955 1956
f 1960 1959 1965
f 1961 1960 2116
f 1961 1962 1959
f 1964 1963 2118
f 1964 1965 1963
f 1967 1966 2122
f 1968 1966 1967
f 1971 1970 2126
f 1971 1972 1970
f 1970 1974 2132
f 1970 1969 1974
f 1974 1975 2129
f 1973 1975 1974
f 1979 1976 1980
f 1975 1979 2139
f 1975 1976 1979
f 1978 1977 1983
f 1979 1978 2136
f 1980 1977 1979
f 1982 1981 2140
f 1981 1982 1983
f 2216 1984 2214
f 1985 2216 2210
f 1985 1984 2216
f 1987 1986 2220
f 1988 1987 2218
f 1987 1988 1989
f 1989 1986 1987
f 1991 1990 1998
f 1992 1991 2225
f 1990 1991 1993
f 1996 1995 2000
f 1997 1996 2228
f 1994 1995 1996
f 1996 1998 1994
f 1999 2000 2004
f 2002 2001 2008
f 2003 2002 2231
f 2003 2004 2002
f 2007 2006 2234
f 2007 2008 2006
f 2011 2009 2012
f 2009 2011 2232
f 2011 2010 2016
f 2014 2013 2020
f 2015 2014 2222
f 2016 2013 2015
f 2018 2017 2021
f 2019 2018 2223
f 2020 2017 2019
f 2023 2021 2024
f 2023 2022 2025
f 2027 2025 2028
f 2023 2027 2223
f 2029 2026 2030
f 2027 2029 2219
f 2029 2030 2034
f 2032 2031 2038
f 2033 2032 2212
f 2031 2033 2034
f 2036 2035 2043
f 2037 2036 2207
f 2037 2038 2035
f 2040 2039 2046
f 2041 2040 2150
f 2042 2041 2149
f 2040 2041 2042
f 2042 2039 2040
f 2045 2044 2146
f 2045 2050 2044
f 2048 2047 2053
f 2049 2048 2142
f 2048 2049 2047
f 2052 2051 2057
f 2052 2053 2051
f 2056 2055 2063
f 2061 2060 2066
f 2062 2061 2138
f 2060 2061 2062
f 2062 2063 2060
f 2063 2059 2060
f 2065 2064 2070
f 2068 2067 2075
f 2069 2068 2134
f 2070 2067 2069
f 2073 2072 2078
f 2074 2073 2131
f 2072 2074 2075
f 2072 2073 2074
f 2077 2076 2080
f 2079 2080 2081
f 2082 2081 2086
f 2084 2083 2089
f 2085 2084 2124
f 2083 2084 2086
f 2091 2087 2092
f 2088 2091 2120
f 2089 2087 2091
f 2091 2090 2096
f 2094 2093 2099
f 2095 2094 2114
f 2095 2096 2093
f 2098 2097 2102
f 2101 2100 2105
f 2104 2103 2108
f 2111 2110 2115
f 2114 2113 2116
f 2117 2116 2121
f 2119 2118 2125
f 2118 2119 2121
f 2123 2122 2127
f 2122 2123 2125
f 2126 2128 2127
f 2126 2132 2128
f 2130 2129 2135
f 2129 2131 2132
f 2139 2134 2135
f 2137 2136 2143
f 2136 2138 2139
f 2141 2140 2147
f 2143 2140 2141
f 2145 2144 2151
f 2147 2145 2146
f 2149 2148 2154
f 2151 2148 2149
f 2153 2152 2155
f 2154 2153 2149
f 2156 2155 2161
f 2157 2156 2208
f 2160 2159 2165
f 2156 2160 2203
f 2159 2160 2161
f 2160 2156 2161
f 2163 2162 2166
f 2164 2163 2201
f 2165 2162 2164
f 2168 2166 2169
f 2163 2168 2197
f 2168 2167 2173
f 2167 2168 2169
f 2171 2170 2175
f 2172 2171 2189
f 2173 2170 2172
f 2179 2174 2177
f 2179 2176 2180
f 2179 2178 2182
f 2179 2181 2183
f 2185 2184 2190
f 2188 2187 2193
f 2190 2187 2188
f 2195 2191 2193
f 2197 2194 2198
f 2194 2197 2195
f 2200 2199 2204
f 2199 2201 2196
f 2202 2204 2205
f 2204 2202 2203
f 2206 2205 2213
f 2206 2208 2205
f 2211 2210 2216
f 2210 2211 2212
f 2212 2209 2210
f 2215 2214 2217
f 2219 2218 2224
f 2221 2220 2227
f 2224 2220 2223
f 2220 2222 2223
f 2220 2221 2222
f 2226 2225 2229
f 2232 2230 2233
f 2232 2231 2235
f 2236 2261 2260
f 2236 2237 2261
f 2237 2262 2261
f 2237 2238 2262
f 2238 2263 2262
f 2238 2239 2263
f 2239 2264 2263
f 2239 2240 2264
f 2240 2265 2264
f 2240 2241 2265
f 2241 2266 2265
f 2241 2242 2266
f 2242 2267 2266
f 2242 2243 2267
f 2243 2268 2267
f 2243 2244 2268
f 2244 2269 2268
f 2244 2245 2269
f 2245 2270 2269
f 2245 2246 2270
f 2246 2271 2270
f 2246 2247 2271
f 2247 2272 2271
f 2247 2248 2272
f 2248 2273 2272
f 2248 2249 2273
f 2249 2274 2273
f 2249 2250 2274
f 2250 2275 2274
f 2250 2251 2275
f 2251 2276 2275
f 2251 2252 2276
f 2252 2277 2276
f 2252 2253 2277
f 2253 2278 2277
f 2253 2254 2278
f 2254 2279 2278
f 2254 2255 2279
f 2255 2280 2279
f 2255 2256 2280
f 2256 2281 2280
f 2256 2257 2281
f 2257 2282 2281
f 2257 2258 2282
f 2258 2283 2282
f 2258 2259 2283
f 2259 2260 2283
f 2259 2236 2260
f 2260 2261 2290
f 2261 2262 2290
f 2266 2291 2265
f 2266 2267 2291
f 2267 2284 2291
f 2267 2268 2284
f 2268 2269 2284
f 2269 2292 2284
f 2269 2270 2292
f 2270 2271 2292
f 2272 2273 2285
f 2273 2286 2285
f 2273 2274 2286
f 2274 2287 2286
f 2274 2275 2287
f 2275 2288 2287
f 2275 2276 2288
f 2276 2289 2288
f 2276 2277 2289
f 2277 2278 2289
f 2278 2279 2296
f 2279 2297 2296
f 2279 2280 2297
f 2280 2281 2297
f 2281 2282 2297
f 2282 2283 2297
f 2283 2290 2297
f 2283 2260 2290
f 2262 2302 2290
f 2262 2263 2302
f 2263 2264 2302
f 2264 2291 2302
f 2264 2265 2291
f 2292 2271 2301
f 2271 2305 2301
f 2271 2272 2305
f 2272 2285 2305
f 2285 2286 2293
f 2286 2294 2293
f 2286 2287 2294
f 2287 2295 2294
f 2287 2288 2295
f 2288 2289 2295
f 2291 2284 2299
f 2284 2300 2299
f 2284 2292 2300
f 2289 2278 2307
f 2278 2296 2307
f 2290 2314 2306
f 2290 2309 2314
f 2290 2315 2309
f 2290 2302 2315
f 2302 2291 2298
f 2291 2303 2298
f 2291 2299 2303
f 2293 2294 2304
f 2294 2295 2304
f 2307 2296 2308
f 2296 2311 2308
f 2296 2297 2311
f 2297 2318 2311
f 2297 2312 2318
f 2297 2306 2312
f 2297 2290 2306
f 2315 2302 2316
f 2300 2292 2310
f 2292 2301 2310
f 2305 2285 2348
f 2285 2293 2348
f 2306 2314 2313
f 2348 2293 2350
f 2293 2304 2350
f 2316 2302 2317
f 2302 2298 2317
f 2312 2306 2319
f 2306 2313 2319
f 2313 2321 2320
f 2313 2314 2321
f 2314 2322 2321
f 2314 2309 2322
f 2309 2323 2322
f 2309 2315 2323
f 2315 2324 2323
f 2315 2316 2324
f 2316 2325 2324
f 2316 2317 2325
f 2317 2326 2325
f 2317 2298 2326
f 2298 2327 2326
f 2298 2303 2327
f 2303 2328 2327
f 2303 2299 2328
f 2299 2329 2328
f 2299 2300 2329
f 2300 2330 2329
f 2300 2310 2330
f 2310 2331 2330
f 2310 2301 2331
f 2301 2332 2331
f 2301 2305 2332
f 2305 2348 2332
f 2289 2307 2352
f 2307 2349 2352
f 2307 2308 2349
f 2308 2333 2349
f 2308 2311 2333
f 2311 2334 2333
f 2311 2318 2334
f 2318 2335 2334
f 2318 2312 2335
f 2312 2336 2335
f 2312 2319 2336
f 2319 2320 2336
f 2319 2313 2320
f 2320 2321 2337
f 2321 2338 2337
f 2321 2322 2338
f 2322 2339 2338
f 2322 2323 2339
f 2323 2340 2339
f 2323 2324 2340
f 2324 2341 2340
f 2324 2325 2341
f 2325 2342 2341
f 2325 2326 2342
f 2326 2343 2342
f 2326 2327 2343
f 2327 2344 2343
f 2327 2328 2344
f 2328 2345 2344
f 2328 2329 2345
f 2329 2346 2345
f 2329 2330 2346
f 2330 2347 2346
f 2330 2331 2347
f 2331 2332 2347
f 2350 2304 2351
f 2304 2295 2351
f 2295 2289 2402
f 2289 2352 2402
f 2333 2334 2353
f 2334 2335 2353
f 2341 2342 2354
f 2342 2355 2354
f 2342 2343 2355
f 2343 2356 2355
f 2343 2344 2356
f 2344 2357 2356
f 2344 2345 2357
f 2345 2358 2357
f 2345 2346 2358
f 2346 2347 2358
f 2347 2332 2361
f 2332 2348 2361
f 2295 2402 2351
f 2338 2339 2370
f 2339 2362 2370
f 2339 2340 2362
f 2340 2359 2362
f 2340 2341 2359
f 2341 2354 2359
f 2358 2347 2360
f 2347 2361 2360
f 2320 2369 2368
f 2320 2337 2369
f 2337 2364 2369
f 2337 2338 2364
f 2338 2370 2364
f 2355 2356 2365
f 2356 2357 2365
f 2352 2349 2375
f 2349 2371 2375
f 2349 2333 2371
f 2333 2366 2371
f 2333 2353 2366
f 2353 2363 2366
f 2353 2335 2363
f 2335 2367 2363
f 2335 2336 2367
f 2336 2368 2367
f 2336 2320 2368
f 2359 2354 2374
f 2354 2372 2374
f 2354 2355 2372
f 2355 2365 2372
f 2365 2357 2373
f 2357 2377 2373
f 2357 2358 2377
f 2358 2360 2377
f 2361 2348 2398
f 2348 2399 2398
f 2348 2350 2399
f 2350 2400 2399
f 2350 2351 2400
f 2402 2352 2403
f 2352 2375 2403
f 2362 2359 2390
f 2359 2374 2390
f 2377 2360 2396
f 2360 2397 2396
f 2360 2361 2397
f 2361 2398 2397
f 2366 2363 2376
f 2363 2367 2376
f 2376 2367 2379
f 2367 2368 2379
f 2368 2369 2378
f 2369 2364 2381
f 2364 2370 2381
f 2371 2366 2382
f 2366 2376 2382
f 2379 2368 2378
f 2378 2369 2380
f 2369 2381 2380
f 2381 2370 2383
f 2370 2389 2383
f 2370 2362 2389
f 2362 2390 2389
f 2372 2365 2393
f 2365 2373 2393
f 2375 2371 2405
f 2371 2382 2405
f 2382 2376 2384
f 2376 2379 2384
f 2400 2351 2401
f 2351 2402 2401
f 2378 2380 2385
f 2374 2372 2392
f 2372 2393 2392
f 2384 2379 2408
f 2379 2385 2408
f 2379 2378 2385
f 2385 2380 2386
f 2380 2387 2386
f 2380 2381 2387
f 2381 2383 2387
f 2393 2373 2394
f 2373 2377 2394
f 2403 2375 2404
f 2375 2405 2404
f 2387 2383 2388
f 2383 2389 2388
f 2390 2374 2391
f 2374 2392 2391
f 2394 2377 2395
f 2377 2396 2395
f 2405 2382 2406
f 2382 2407 2406
f 2382 2384 2407
f 2384 2408 2407
f 2385 2410 2409
f 2385 2386 2410
f 2386 2411 2410
f 2386 2387 2411
f 2387 2412 2411
f 2387 2388 2412
f 2388 2413 2412
f 2388 2389 2413
f 2389 2414 2413
f 2389 2390 2414
f 2390 2415 2414
f 2390 2391 2415
f 2391 2416 2415
f 2391 2392 2416
f 2392 2417 2416
f 2392 2393 2417
f 2393 2418 2417
f 2393 2394 2418
f 2394 2419 2418
f 2394 2395 2419
f 2395 2420 2419
f 2395 2396 2420
f 2396 2421 2420
f 2396 2397 2421
f 2397 2422 2421
f 2397 2398 2422
f 2398 2423 2422
f 2398 2399 2423
f 2399 2424 2423
f 2399 2400 2424
f 2400 2425 2424
f 2400 2401 2425
f 2401 2426 2425
f 2401 2402 2426
f 2402 2427 2426
f 2402 2403 2427
f 2403 2428 2427
f 2403 2404 2428
f 2404 2429 2428
f 2404 2405 2429
f 2405 2430 2429
f 2405 2406 2430
f 2406 2431 2430
f 2406 2407 2431
f 2407 2432 2431
f 2407 2408 2432
f 2408 2409 2432
f 2408 2385 2409
f 2409 2434 2433
f 2409 2410 2434
f 2410 2435 2434
f 2410 2411 2435
f 2411 2436 2435
f 2411 2412 2436
f 2412 2437 2436
f 2412 2413 2437
f 2413 2438 2437
f 2413 2414 2438
f 2414 2439 2438
f 2414 2415 2439
f 2415 2440 2439
f 2415 2416 2440
f 2416 2441 2440
f 2416 2417 2441
f 2417 2442 2441
f 2417 2418 2442
f 2418 2443 2442
f 2418 2419 2443
f 2419 2444 2443
f 2419 2420 2444
f 2420 2445 2444
f 2420 2421 2445
f 2421 2446 2445
f 2421 2422 2446
f 2422 2447 2446
f 2422 2423 2447
f 2423 2448 2447
f 2423 2424 2448
f 2424 2449 2448
f 2424 2425 2449
f 2425 2450 2449
f 2425 2426 2450
f 2426 2451 2450
f 2426 2427 2451
f 2427 2452 2451
f 2427 2428 2452
f 2428 2453 2452
f 2428 2429 2453
f 2429 2454 2453
f 2429 2430 2454
f 2430 2455 2454
f 2430 2431 2455
f 2431 2456 2455
f 2431 2432 2456
f 2432 2433 2456
f 2432 2409 2433
f 2433 2458 2457
f 2433 2434 2458
f 2434 2459 2458
f 2434 2435 2459
f 2435 2460 2459
f 2435 2436 2460
f 2436 2461 2460
f 2436 2437 2461
f 2437 2462 2461
f 2437 2438 2462
f 2438 2463 2462
f 2438 2439 2463
f 2439 2464 2463
f 2439 2440 2464
f 2440 2465 2464
f 2440 2441 2465
f 2441 2466 2465
f 2441 2442 2466
f 2442 2467 2466
f 2442 2443 2467
f 2443 2468 2467
f 2443 2444 2468
f 2444 2469 2468
f 2444 2445 2469
f 2445 2470 2469
f 2445 2446 2470
f 2446 2471 2470
f 2446 2447 2471
f 2447 2472 2471
f 2447 2448 2472
f 2448 2473 2472
f 2448 2449 2473
f 2449 2474 2473
f 2449 2450 2474
f 2450 2475 2474
f 2450 2451 2475
f 2451 2476 2475
f 2451 2452 2476
f 2452 2477 2476
f 2452 2453 2477
f 2453 2478 2477
f 2453 2454 2478
f 2454 2479 2478
f 2454 2455 2479
f 2455 2480 2479
f 2455 2456 2480
f 2456 2457 2480
f 2456 2433 2457
f 2457 2482 2481
f 2457 2458 2482
f 2458 2483 2482
f 2458 2459 2483
f 2459 2484 2483
f 2459 2460 2484
f 2460 2485 2484
f 2460 2461 2485
f 2461 2486 2485
f 2461 2462 2486
f 2462 2487 2486
f 2462 2463 2487
f 2463 2488 2487
f 2463 2464 2488
f 2464 2489 2488
f 2464 2465 2489
f 2465 2490 2489
f 2465 2466 2490
f 2466 2491 2490
f 2466 2467 2491
f 2467 2492 2491
f 2467 2468 2492
f 2468 2493 2492
f 2468 2469 2493
f 2469 2494 2493
f 2469 2470 2494
f 2470 2495 2494
f 2470 2471 2495
f 2471 2496 2495
f 2471 2472 2496
f 2472 2497 2496
f 2472 2473 2497
f 2473 2498 2497
f 2473 2474 2498
f 2474 2499 2498
f 2474 2475 2499
f 2475 2500 2499
f 2475 2476 2500
f 2476 2501 2500
f 2476 2477 2501
f 2477 2502 2501
f 2477 2478 2502
f 2478 2503 2502
f 2478 2479 2503
f 2479 2504 2503
f 2479 2480 2504
f 2480 2481 2504
f 2480 2457 2481
f 2481 2506 2505
f 2481 2482 2506
f 2482 2507 2506
f 2482 2483 2507
f 2483 2508 2507
f 2483 2484 2508
f 2484 2509 2508
f 2484 2485 2509
f 2485 2510 2509
f 2485 2486 2510
f 2486 2511 2510
f 2486 2487 2511
f 2487 2512 2511
f 2487 2488 2512
f 2488 2513 2512
f 2488 2489 2513
f 2489 2514 2513
f 2489 2490 2514
f 2490 2515 2514
f 2490 2491 2515
f 2491 2516 2515
f 2491 2492 2516
f 2492 2517 2516
f 2492 2493 2517
f 2493 2518 2517
f 2493 2494 2518
f 2494 2519 2518
f 2494 2495 2519
f 2495 2520 2519
f 2495 2496 2520
f 2496 2521 2520
f 2496 2497 2521
f 2497 2522 2521
f 2497 2498 2522
f 2498 2523 2522
f 2498 2499 2523
f 2499 2524 2523
f 2499 2500 2524
f 2500 2525 2524
f 2500 2501 2525
f 2501 2526 2525
f 2501 2502 2526
f 2502 2527 2526
f 2502 2503 2527
f 2503 2528 2527
f 2503 2504 2528
f 2504 2505 2528
f 2504 2481 2505
f 2505 2530 2529
f 2505 2506 2530
f 2506 2531 2530
f 2506 2507 2531
f 2507 2532 2531
f 2507 2508 2532
f 2508 2533 2532
f 2508 2509 2533
f 2509 2534 2533
f 2509 2510 2534
f 2510 2535 2534
f 2510 2511 2535
f 2511 2536 2535
f 2511 2512 2536
f 2512 2537 2536
f 2512 2513 2537
f 2513 2538 2537
f 2513 2514 2538
f 2514 2539 2538
f 2514 2515 2539
f 2515 2540 2539
f 2515 2516 2540
f 2516 2541 2540
f 2516 2517 2541
f 2517 2542 2541
f 2517 2518 2542
f 2518 2543 2542
f 2518 2519 2543
f 2519 2544 2543
f 2519 2520 2544
f 2520 2545 2544
f 2520 2521 2545
f 2521 2546 2545
f 2521 2522 2546
f 2522 2547 2546
f 2522 2523 2547
f 2523 2548 2547
f 2523 2524 2548
f 2524 2549 2548
f 2524 2525 2549
f 2525 2550 2549
f 2525 2526 2550
f 2526 2551 2550
f 2526 2527 2551
f 2527 2552 2551
f 2527 2528 2552
f 2528 2529 2552
f 2528 2505 2529
f 2529 2554 2553
f 2529 2530 2554
f 2530 2555 2554
f 2530 2531 2555
f 2531 2556 2555
f 2531 2532 2556
f 2532 2557 2556
f 2532 2533 2557
f 2533 2534 2557
f 2537 2538 2567
f 2538 2539 2567
f 2548 2549 2558
f 2549 2559 2558
f 2549 2550 2559
f 2550 2560 2559
f 2550 2551 2560
f 2551 2561 2560
f 2551 2552 2561
f 2552 2553 2561
f 2552 2529 2553
f 2553 2563 2562
f 2553 2554 2563
f 2554 2564 2563
f 2554 2555 2564
f 2555 2565 2564
f 2555 2556 2565
f 2556 2566 2565
f 2556 2557 2566
f 2557 2576 2566
f 2557 2534 2576
f 2534 2535 2576
f 2535 2536 2586
f 2536 2577 2586
f 2536 2537 2577
f 2537 2567 2577
f 2567 2539 2578
f 2539 2579 2578
f 2539 2540 2579
f 2540 2541 2579
f 2546 2547 2588
f 2547 2580 2588
f 2547 2548 2580
f 2548 2568 2580
f 2548 2558 2568
f 2558 2569 2568
f 2558 2559 2569
f 2559 2570 2569
f 2559 2560 2570
f 2560 2571 2570
f 2560 2561 2571
f 2561 2562 2571
f 2561 2553 2562
f 2562 2573 2572
f 2562 2563 2573
f 2563 2574 2573
f 2563 2564 2574
f 2564 2575 2574
f 2564 2565 2575
f 2565 2566 2575
f 2576 2535 2598
f 2535 2586 2598
f 2579 2541 2587
f 2541 2605 2587
f 2541 2542 2605
f 2542 2543 2605
f 2545 2546 2609
f 2546 2588 2609
f 2568 2569 2581
f 2569 2582 2581
f 2569 2570 2582
f 2570 2583 2582
f 2570 2571 2583
f 2571 2572 2583
f 2571 2562 2572
f 2572 2585 2584
f 2572 2573 2585
f 2573 2574 2585
f 2577 2567 2601
f 2567 2578 2601
f 2544 2545 2608
f 2545 2609 2608
f 2580 2568 2612
f 2568 2589 2612
f 2568 2581 2589
f 2581 2590 2589
f 2581 2582 2590
f 2582 2591 2590
f 2582 2583 2591
f 2583 2584 2591
f 2583 2572 2584
f 2585 2574 2594
f 2574 2575 2594
f 2586 2577 2600
f 2577 2601 2600
f 2601 2578 2602
f 2578 2579 2602
f 2543 2544 2607
f 2544 2608 2607
f 2588 2580 2611
f 2580 2612 2611
f 2584 2593 2592
f 2584 2585 2593
f 2585 2594 2593
f 2594 2575 2595
f 2575 2596 2595
f 2575 2566 2596
f 2566 2597 2596
f 2566 2576 2597
f 2576 2598 2597
f 2598 2586 2599
f 2586 2600 2599
f 2602 2579 2603
f 2579 2604 2603
f 2579 2587 2604
f 2587 2605 2604
f 2605 2543 2606
f 2543 2607 2606
f 2609 2588 2610
f 2588 2611 2610
f 2612 2589 2613
f 2589 2614 2613
f 2589 2590 2614
f 2590 2615 2614
f 2590 2591 2615
f 2591 2592 2615
f 2591 2584 2592
f 2592 2617 2616
f 2592 2593 2617
f 2593 2618 2617
f 2593 2594 2618
f 2594 2619 2618
f 2594 2595 2619
f 2595 2620 2619
f 2595 2596 2620
f 2596 2621 2620
f 2596 2597 2621
f 2597 2622 2621
f 2597 2598 2622
f 2598 2623 2622
f 2598 2599 2623
f 2599 2624 2623
f 2599 2600 2624
f 2600 2625 2624
f 2600 2601 2625
f 2601 2626 2625
f 2601 2602 2626
f 2602 2627 2626
f 2602 2603 2627
f 2603 2628 2627
f 2603 2604 2628
f 2604 2629 2628
f 2604 2605 2629
f 2605 2630 2629
f 2605 2606 2630
f 2606 2631 2630
f 2606 2607 2631
f 2607 2632 2631
f 2607 2608 2632
f 2608 2633 2632
f 2608 2609 2633
f 2609 2634 2633
f 2609 2610 2634
f 2610 2635 2634
f 2610 2611 2635
f 2611 2636 2635
f 2611 2612 2636
f 2612 2637 2636
f 2612 2613 2637
f 2613 2638 2637
f 2613 2614 2638
f 2614 2639 2638
f 2614 2615 2639
f 2615 2616 2639
f 2615 2592 2616
f 2616 2641 2640
f 2616 2617 2641
f 2617 2642 2641
f 2617 2618 2642
f 2618 2643 2642
f 2618 2619 2643
f 2619 2644 2643
f 2619 2620 2644
f 2620 2645 2644
f 2620 2621 2645
f 2621 2646 2645
f 2621 2622 2646
f 2622 2647 2646
f 2622 2623 2647
f 2623 2648 2647
f 2623 2624 2648
f 2624 2649 2648
f 2624 2625 2649
f 2625 2650 2649
f 2625 2626 2650
f 2626 2651 2650
f 2626 2627 2651
f 2627 2652 2651
f 2627 2628 2652
f 2628 2653 2652
f 2628 2629 2653
f 2629 2654 2653
f 2629 2630 2654
f 2630 2655 2654
f 2630 2631 2655
f 2631 2656 2655
f 2631 2632 2656
f 2632 2657 2656
f 2632 2633 2657
f 2633 2658 2657
f 2633 2634 2658
f 2634 2659 2658
f 2634 2635 2659
f 2635 2660 2659
f 2635 2636 2660
f 2636 2661 2660
f 2636 2637 2661
f 2637 2662 2661
f 2637 2638 2662
f 2638 2663 2662
f 2638 2639 2663
f 2639 2640 2663
f 2639 2616 2640
f 2640 2665 2664
f 2640 2641 2665
f 2641 2666 2665
f 2641 2642 2666
f 2642 2667 2666
f 2642 2643 2667
f 2643 2668 2667
f 2643 2644 2668
f 2644 2669 2668
f 2644 2645 2669
f 2645 2670 2669
f 2645 2646 2670
f 2646 2671 2670
f 2646 2647 2671
f 2647 2672 2671
f 2647 2648 2672
f 2648 2673 2672
f 2648 2649 2673
f 2649 2674 2673
f 2649 2650 2674
f 2650 2675 2674
f 2650 2651 2675
f 2651 2676 2675
f 2651 2652 2676
f 2652 2677 2676
f 2652 2653 2677
f 2653 2678 2677
f 2653 2654 2678
f 2654 2679 2678
f 2654 2655 2679
f 2655 2680 2679
f 2655 2656 2680
f 2656 2681 2680
f 2656 2657 2681
f 2657 2682 2681
f 2657 2658 2682
f 2658 2683 2682
f 2658 2659 2683
f 2659 2684 2683
f 2659 2660 2684
f 2660 2685 2684
f 2660 2661 2685
f 2661 2686 2685
f 2661 2662 2686
f 2662 2687 2686
f 2662 2663 2687
f 2663 2664 2687
f 2663 2640 2664
f 2664 2689 2688
f 2664 2665 2689
f 2665 2690 2689
f 2665 2666 2690
f 2666 2691 2690
f 2666 2667 2691
f 2667 2692 2691
f 2667 2668 2692
f 2668 2693 2692
f 2668 2669 2693
f 2669 2694 2693
f 2669 2670 2694
f 2670 2695 2694
f 2670 2671 2695
f 2671 2696 2695
f 2671 2672 2696
f 2672 2697 2696
f 2672 2673 2697
f 2673 2698 2697
f 2673 2674 2698
f 2674 2699 2698
f 2674 2675 2699
f 2675 2700 2699
f 2675 2676 2700
f 2676 2701 2700
f 2676 2677 2701
f 2677 2702 2701
f 2677 2678 2702
f 2678 2703 2702
f 2678 2679 2703
f 2679 2704 2703
f 2679 2680 2704
f 2680 2705 2704
f 2680 2681 2705
f 2681 2706 2705
f 2681 2682 2706
f 2682 2707 2706
f 2682 2683 2707
f 2683 2708 2707
f 2683 2684 2708
f 2684 2709 2708
f 2684 2685 2709
f 2685 2710 2709
f 2685 2686 2710
f 2686 2711 2710
f 2686 2687 2711
f 2687 2688 2711
f 2687 2664 2688
f 2688 2713 2712
f 2688 2689 2713
f 2689 2714 2713
f 2689 2690 2714
f 2690 2715 2714
f 2690 2691 2715
f 2691 2716 2715
f 2691 2692 2716
f 2692 2717 2716
f 2692 2693 2717
f 2693 2718 2717
f 2693 2694 2718
f 2694 2719 2718
f 2694 2695 2719
f 2695 2720 2719
f 2695 2696 2720
f 2696 2721 2720
f 2696 2697 2721
f 2697 2722 2721
f 2697 2698 2722
f 2698 2723 2722
f 2698 2699 2723
f 2699 2724 2723
f 2699 2700 2724
f 2700 2725 2724
f 2700 2701 2725
f 2701 2726 2725
f 2701 2702 2726
f 2702 2727 2726
f 2702 2703 2727
f 2703 2728 2727
f 2703 2704 2728
f 2704 2729 2728
f 2704 2705 2729
f 2705 2730 2729
f 2705 2706 2730
f 2706 2731 2730
f 2706 2707 2731
f 2707 2732 2731
f 2707 2708 2732
f 2708 2733 2732
f 2708 2709 2733
f 2709 2734 2733
f 2709 2710 2734
f 2710 2735 2734
f 2710 2711 2735
f 2711 2712 2735
f 2711 2688 2712
f 2712 2737 2736
f 2712 2713 2737
f 2713 2738 2737
f 2713 2714 2738
f 2714 2739 2738
f 2714 2715 2739
f 2715 2740 2739
f 2715 2716 2740
f 2716 2741 2740
f 2716 2717 2741
f 2717 2742 2741
f 2717 2718 2742
f 2718 2743 2742
f 2718 2719 2743
f 2719 2744 2743
f 2719 2720 2744
f 2720 2745 2744
f 2720 2721 2745
f 2721 2746 2745
f 2721 2722 2746
f 2722 2747 2746
f 2722 2723 2747
f 2723 2748 2747
f 2723 2724 2748
f 2724 2749 2748
f 2724 2725 2749
f 2725 2750 2749
f 2725 2726 2750
f 2726 2751 2750
f 2726 2727 2751
f 2727 2752 2751
f 2727 2728 2752
f 2728 2753 2752
f 2728 2729 2753
f 2729 2754 2753
f 2729 2730 2754
f 2730 2755 2754
f 2730 2731 2755
f 2731 2756 2755
f 2731 2732 2756
f 2732 2757 2756
f 2732 2733 2757
f 2733 2758 2757
f 2733 2734 2758
f 2734 2759 2758
f 2734 2735 2759
f 2735 2736 2759
f 2735 2712 2736
f 2738 2739 2763
f 2739 2764 2763
f 2739 2740 2764
f 2740 2765 2764
f 2740 2741 2765
f 2741 2742 2765
f 2749 2750 2774
f 2750 2775 2774
f 2750 2751 2775
f 2751 2776 2775
f 2751 2752 2776
f 2752 2777 2776
f 2752 2753 2777
f 2753 2778 2777
f 2753 2754 2778
f 2754 2755 2778
f 2736 2737 2761
f 2737 2762 2761
f 2737 2738 2762
f 2738 2763 2762
f 2765 2742 2766
f 2742 2767 2766
f 2742 2743 2767
f 2743 2744 2767
f 2748 2749 2773
f 2749 2774 2773
f 2778 2755 2779
f 2755 2756 2779
f 2736 2761 2760
f 2747 2748 2772
f 2748 2773 2772
f 2759 2736 2760
f 2767 2744 2768
f 2744 2769 2768
f 2744 2745 2769
f 2745 2770 2769
f 2745 2746 2770
f 2746 2771 2770
f 2746 2747 2771
f 2747 2772 2771
f 2779 2756 2780
f 2756 2781 2780
f 2756 2757 2781
f 2757 2782 2781
f 2757 2758 2782
f 2758 2783 2782
f 2758 2759 2783
f 2759 2760 2783
f 2760 2785 2784
f 2760 2761 2785
f 2761 2786 2785
f 2761 2762 2786
f 2762 2787 2786
f 2762 2763 2787
f 2763 2788 2787
f 2763 2764 2788
f 2764 2789 2788
f 2764 2765 2789
f 2765 2790 2789
f 2765 2766 2790
f 2766 2791 2790
f 2766 2767 2791
f 2767 2792 2791
f 2767 2768 2792
f 2768 2793 2792
f 2768 2769 2793
f 2769 2794 2793
f 2769 2770 2794
f 2770 2795 2794
f 2770 2771 2795
f 2771 2796 2795
f 2771 2772 2796
f 2772 2797 2796
f 2772 2773 2797
f 2773 2798 2797
f 2773 2774 2798
f 2774 2799 2798
f 2774 2775 2799
f 2775 2800 2799
f 2775 2776 2800
f 2776 2801 2800
f 2776 2777 2801
f 2777 2802 2801
f 2777 2778 2802
f 2778 2803 2802
f 2778 2779 2803
f 2779 2804 2803
f 2779 2780 2804
f 2780 2805 2804
f 2780 2781 2805
f 2781 2806 2805
f 2781 2782 2806
f 2782 2807 2806
f 2782 2783 2807
f 2783 2784 2807
f 2783 2760 2784
f 2784 2809 2808
f 2784 2785 2809
f 2785 2810 2809
f 2785 2786 2810
f 2786 2811 2810
f 2786 2787 2811
f 2787 2812 2811
f 2787 2788 2812
f 2788 2813 2812
f 2788 2789 2813
f 2789 2814 2813
f 2789 2790 2814
f 2790 2815 2814
f 2790 2791 2815
f 2791 2816 2815
f 2791 2792 2816
f 2792 2817 2816
f 2792 2793 2817
f 2793 2818 2817
f 2793 2794 2818
f 2794 2819 2818
f 2794 2795 2819
f 2795 2820 2819
f 2795 2796 2820
f 2796 2821 2820
f 2796 2797 2821
f 2797 2822 2821
f 2797 2798 2822
f 2798 2823 2822
f 2798 2799 2823
f 2799 2824 2823
f 2799 2800 2824
f 2800 2825 2824
f 2800 2801 2825
f 2801 2826 2825
f 2801 2802 2826
f 2802 2827 2826
f 2802 2803 2827
f 2803 2828 2827
f 2803 2804 2828
f 2804 2829 2828
f 2804 2805 2829
f 2805 2830 2829
f 2805 2806 2830
f 2806 2831 2830
f 2806 2807 2831
f 2807 2808 2831
f 2807 2784 2808
f 2808 2833 2832
f 2808 2809 2833
f 2809 2834 2833
f 2809 2810 2834
f 2810 2835 2834
f 2810 2811 2835
f 2811 2836 2835
f 2811 2812 2836
f 2812 2837 2836
f 2812 2813 2837
f 2813 2838 2837
f 2813 2814 2838
f 2814 2839 2838
f 2814 2815 2839
f 2815 2840 2839
f 2815 2816 2840
f 2816 2841 2840
f 2816 2817 2841
f 2817 2842 2841
f 2817 2818 2842
f 2818 2843 2842
f 2818 2819 2843
f 2819 2844 2843
f 2819 2820 2844
f 2820 2845 2844
f 2820 2821 2845
f 2821 2846 2845
f 2821 2822 2846
f 2822 2847 2846
f 2822 2823 2847
f 2823 2848 2847
f 2823 2824 2848
f 2824 2849 2848
f 2824 2825 2849
f 2825 2850 2849
f 2825 2826 2850
f 2826 2851 2850
f 2826 2827 2851
f 2827 2852 2851
f 2827 2828 2852
f 2828 2853 2852
f 2828 2829 2853
f 2829 2854 2853
f 2829 2830 2854
f 2830 2855 2854
f 2830 2831 2855
f 2831 2832 2855
f 2831 2808 2832
f 2832 2857 2856
f 2832 2833 2857
f 2833 2858 2857
f 2833 2834 2858
f 2834 2859 2858
f 2834 2835 2859
f 2835 2860 2859
f 2835 2836 2860
f 2836 2861 2860
f 2836 2837 2861
f 2837 2862 2861
f 2837 2838 2862
f 2838 2863 2862
f 2838 2839 2863
f 2839 2864 2863
f 2839 2840 2864
f 2840 2865 2864
f 2840 2841 2865
f 2841 2866 2865
f 2841 2842 2866
f 2842 2867 2866
f 2842 2843 2867
f 2843 2868 2867
f 2843 2844 2868
f 2844 2869 2868
f 2844 2845 2869
f 2845 2870 2869
f 2845 2846 2870
f 2846 2871 2870
f 2846 2847 2871
f 2847 2872 2871
f 2847 2848 2872
f 2848 2873 2872
f 2848 2849 2873
f 2849 2874 2873
f 2849 2850 2874
f 2850 2875 2874
f 2850 2851 2875
f 2851 2876 2875
f 2851 2852 2876
f 2852 2877 2876
f 2852 2853 2877
f 2853 2878 2877
f 2853 2854 2878
f 2854 2879 2878
f 2854 2855 2879
f 2855 2856 2879
f 2855 2832 2856
f 2856 2881 2880
f 2856 2857 2881
f 2857 2882 2881
f 2857 2858 2882
f 2858 2883 2882
f 2858 2859 2883
f 2859 2884 2883
f 2859 2860 2884
f 2860 2885 2884
f 2860 2861 2885
f 2861 2886 2885
f 2861 2862 2886
f 2862 2887 2886
f 2862 2863 2887
f 2863 2888 2887
f 2863 2864 2888
f 2864 2889 2888
f 2864 2865 2889
f 2865 2890 2889
f 2865 2866 2890
f 2866 2891 2890
f 2866 2867 2891
f 2867 2892 2891
f 2867 2868 2892
f 2868 2893 2892
f 2868 2869 2893
f 2869 2894 2893
f 2869 2870 2894
f 2870 2895 2894
f 2870 2871 2895
f 2871 2896 2895
f 2871 2872 2896
f 2872 2897 2896
f 2872 2873 2897
f 2873 2898 2897
f 2873 2874 2898
f 2874 2899 2898
f 2874 2875 2899
f 2875 2900 2899
f 2875 2876 2900
f 2876 2901 2900
f 2876 2877 2901
f 2877 2902 2901
f 2877 2878 2902
f 2878 2903 2902
f 2878 2879 2903
f 2879 2880 2903
f 2879 2856 2880
f 2880 2905 2904
f 2880 2881 2905
f 2881 2906 2905
f 2881 2882 2906
f 2882 2907 2906
f 2882 2883 2907
f 2883 2908 2907
f 2883 2884 2908
f 2884 2909 2908
f 2884 2885 2909
f 2885 2910 2909
f 2885 2886 2910
f 2886 2911 2910
f 2886 2887 2911
f 2887 2912 2911
f 2887 2888 2912
f 2888 2913 2912
f 2888 2889 2913
f 2889 2914 2913
f 2889 2890 2914
f 2890 2915 2914
f 2890 2891 2915
f 2891 2916 2915
f 2891 2892 2916
f 2892 2917 2916
f 2892 2893 2917
f 2893 2918 2917
f 2893 2894 2918
f 2894 2919 2918
f 2894 2895 2919
f 2895 2920 2919
f 2895 2896 2920
f 2896 2921 2920
f 2896 2897 2921
f 2897 2922 2921
f 2897 2898 2922
f 2898 2923 2922
f 2898 2899 2923
f 2899 2924 2923
f 2899 2900 2924
f 2900 2925 2924
f 2900 2901 2925
f 2901 2926 2925
f 2901 2902 2926
f 2902 2927 2926
f 2902 2903 2927
f 2903 2904 2927
f 2903 2880 2904
f 2906 2907 2928
f 2907 2908 2928
f 2904 2931 2929
f 2904 2905 2931
f 2905 2928 2931
f 2905 2906 2928
f 2928 2908 2930
f 2908 2932 2930
f 2908 2909 2932
f 2909 2910 2932
f 2922 2923 2942
f 2923 2938 2942
f 2923 2924 2938
f 2924 2939 2938
f 2924 2925 2939
f 2925 2926 2939
f 2926 2927 2939
f 2927 2904 2929
f 2932 2910 2952
f 2910 2911 2952
f 2911 2912 2940
f 2912 2933 2940
f 2912 2913 2933
f 2913 2934 2933
f 2913 2914 2934
f 2914 2935 2934
f 2914 2915 2935
f 2915 2916 2935
f 2918 2919 2936
f 2919 2937 2936
f 2919 2920 2937
f 2920 2921 2937
f 2952 2911 2946
f 2911 2940 2946
f 2917 2918 2941
f 2918 2936 2941
f 2921 2922 2951
f 2922 2942 2951
f 2939 2927 2929
f 2937 2921 2950
f 2921 2951 2950
f 2928 2930 2943
f 2930 2932 2945
f 2932 2952 2945
f 2916 2917 2947
f 2917 2941 2947
f 2928 2943 2931
f 2943 2930 2944
f 2930 2945 2944
f 2940 2933 2964
f 2933 2953 2964
f 2933 2934 2953
f 2934 2935 2953
f 2935 2916 2965
f 2916 2947 2965
f 2941 2936 2948
f 2936 2949 2948
f 2936 2937 2949
f 2937 2950 2949
f 2942 2938 2971
f 2938 2957 2971
f 2938 2939 2957
f 2944 2945 2960
f 2945 2952 2960
f 2953 2935 2993
f 2935 2965 2993
f 2947 2941 2966
f 2941 2954 2966
f 2941 2948 2954
f 2948 2955 2954
f 2948 2949 2955
f 2949 2956 2955
f 2949 2950 2956
f 2950 2951 2956
f 2951 2942 2970
f 2942 2971 2970
f 2957 2939 2929
f 2943 2944 2959
f 2944 2960 2959
f 2960 2952 2961
f 2952 2962 2961
f 2952 2946 2962
f 2946 2963 2962
f 2946 2940 2963
f 2940 2964 2963
f 2965 2947 2979
f 2947 2966 2979
f 2966 2954 2967
f 2954 2968 2967
f 2954 2955 2968
f 2955 2969 2968
f 2955 2956 2969
f 2956 2951 2969
f 2929 2931 2958
f 2931 2972 2958
f 2931 2943 2972
f 2943 2959 2972
f 2959 2973 2972
f 2959 2960 2973
f 2960 2974 2973
f 2960 2961 2974
f 2961 2975 2974
f 2961 2962 2975
f 2962 2976 2975
f 2962 2963 2976
f 2963 2977 2976
f 2963 2964 2977
f 2964 2978 2977
f 2964 2953 2978
f 2953 2993 2978
f 2979 2966 2980
f 2966 2981 2980
f 2966 2967 2981
f 2967 2982 2981
f 2967 2968 2982
f 2968 2983 2982
f 2968 2969 2983
f 2969 2984 2983
f 2969 2951 2984
f 2951 2985 2984
f 2951 2970 2985
f 2970 2986 2985
f 2970 2971 2986
f 2971 2987 2986
f 2971 2957 2987
f 2957 3024 2987
f 2957 2929 3024
f 2929 2958 3024
f 2958 2972 3012
f 2972 2988 3012
f 2972 2973 2988
f 2973 2989 2988
f 2973 2974 2989
f 2974 2990 2989
f 2974 2975 2990
f 2975 2991 2990
f 2975 2976 2991
f 2976 2992 2991
f 2976 2977 2992
f 2977 2998 2992
f 2977 2978 2998
f 2978 2993 2998
f 2993 2965 3018
f 2965 3031 3018
f 2965 2979 3031
f 2979 3032 3031
f 2979 2980 3032
f 2980 3010 3032
f 2980 2981 3010
f 2981 3011 3010
f 2981 2982 3011
f 2982 3002 3011
f 2982 2983 3002
f 2983 3003 3002
f 2983 2984 3003
f 2984 3004 3003
f 2984 2985 3004
f 2985 2986 3004
f 2986 2987 3004
f 2988 2989 2994
f 2989 2995 2994
f 2989 2990 2995
f 2990 2996 2995
f 2990 2991 2996
f 2991 2997 2996
f 2991 2992 2997
f 2992 2998 2997
f 2994 2995 2999
f 2995 3000 2999
f 2995 2996 3000
f 2996 3001 3000
f 2996 2997 3001
f 2997 2998 3001
f 2988 3005 3012
f 2988 2994 3005
f 2994 3006 3005
f 2994 2999 3006
f 2999 3007 3006
f 2999 3000 3007
f 3000 3008 3007
f 3000 3001 3008
f 3001 3009 3008
f 3001 2998 3009
f 2998 3017 3009
f 2998 2993 3017
f 2993 3018 3017
f 3005 3006 3013
f 3006 3014 3013
f 3006 3007 3014
f 3007 3015 3014
f 3007 3008 3015
f 3008 3016 3015
f 3008 3009 3016
f 3009 3017 3016
f 3012 3005 3019
f 3005 3020 3019
f 3005 3013 3020
f 3013 3021 3020
f 3013 3014 3021
f 3014 3022 3021
f 3014 3015 3022
f 3015 3023 3022
f 3015 3016 3023
f 3016 3017 3023
f 3011 3002 3035
f 3002 3036 3035
f 3002 3003 3036
f 3003 3037 3036
f 3003 3004 3037
f 2958 3012 3025
f 3012 3019 3039
f 3019 3020 3026
f 3020 3027 3026
f 3020 3021 3027
f 3021 3028 3027
f 3021 3022 3028
f 3022 3029 3028
f 3022 3023 3029
f 3023 3030 3029
f 3023 3017 3030
f 3017 3018 3030
f 3032 3010 3033
f 3010 3034 3033
f 3010 3011 3034
f 3011 3035 3034
f 3004 3038 3037
f 3004 2987 3038
f 2987 3024 3038
f 3024 2958 3025
f 3012 3039 3025
f 3039 3019 3040
f 3019 3026 3040
f 3026 3041 3040
f 3026 3027 3041
f 3027 3042 3041
f 3027 3028 3042
f 3028 3043 3042
f 3028 3029 3043
f 3029 3044 3043
f 3029 3030 3044
f 3030 3018 3044
f 3018 3031 3045
f 3031 3046 3045
f 3031 3032 3046
f 3032 3047 3046
f 3032 3033 3047
f 3033 3048 3047
f 3033 3034 3048
f 3034 3049 3048
f 3034 3035 3049
f 3035 3036 3049
f 3036 3037 3049
f 3037 3038 3049
f 3024 3025 3038
f 3039 3040 3050
f 3040 3051 3050
f 3040 3041 3051
f 3041 3052 3051
f 3041 3042 3052
f 3042 3053 3052
f 3042 3043 3053
f 3043 3054 3053
f 3043 3044 3054
f 3044 3018 3054
f 3045 3046 3055
f 3046 3056 3055
f 3046 3047 3056
f 3047 3057 3056
f 3047 3048 3057
f 3048 3058 3057
f 3048 3049 3058
f 3039 3050 3059
f 3050 3060 3059
f 3050 3051 3060
f 3051 3061 3060
f 3051 3052 3061
f 3052 3062 3061
f 3052 3053 3062
f 3053 3054 3062
f 3049 3038 3058
f 3025 3039 3063
f 3039 3059 3063
f 3059 3064 3063
f 3059 3065 3064
f 3059 3060 3065
f 3060 3066 3065
f 3060 3061 3066
f 3061 3067 3066
f 3061 3062 3067
f 3062 3068 3067
f 3062 3054 3068
f 3054 3018 3068
f 3018 3045 3086
f 3045 3069 3086
f 3045 3055 3069
f 3055 3070 3069
f 3055 3056 3070
f 3056 3071 3070
f 3056 3057 3071
f 3057 3072 3071
f 3057 3058 3072
f 3058 3038 3072
f 3025 3074 3073
f 3025 3075 3074
f 3025 3076 3075
f 3025 3063 3076
f 3063 3077 3076
f 3063 3078 3077
f 3063 3079 3078
f 3063 3080 3079
f 3063 3064 3080
f 3064 3081 3080
f 3064 3065 3081
f 3065 3082 3081
f 3065 3066 3082
f 3066 3083 3082
f 3066 3067 3083
f 3067 3084 3083
f 3067 3068 3084
f 3068 3085 3084
f 3068 3018 3085
f 3018 3086 3085
f 3086 3069 3087
f 3069 3088 3087
f 3069 3070 3088
f 3070 3089 3088
f 3070 3071 3089
f 3071 3090 3089
f 3071 3072 3090
f 3072 3091 3090
f 3072 3092 3091
f 3072 3093 3092
f 3072 3038 3093
f 3038 3094 3093
f 3038 3095 3094
f 3038 3096 3095
f 3038 3073 3096
f 3038 3025 3073
f 3073 3098 3097
f 3073 3074 3098
f 3074 3099 3098
f 3074 3075 3099
f 3075 3100 3099
f 3075 3076 3100
f 3076 3101 3100
f 3076 3077 3101
f 3077 3102 3101
f 3077 3078 3102
f 3078 3103 3102
f 3078 3079 3103
f 3079 3104 3103
f 3079 3080 3104
f 3080 3105 3104
f 3080 3081 3105
f 3081 3106 3105
f 3081 3082 3106
f 3082 3107 3106
f 3082 3083 3107
f 3083 3108 3107
f 3083 3084 3108
f 3084 3109 3108
f 3084 3085 3109
f 3085 3110 3109
f 3085 3086 3110
f 3086 3111 3110
f 3086 3087 3111
f 3087 3112 3111
f 3087 3088 3112
f 3088 3113 3112
f 3088 3089 3113
f 3089 3114 3113
f 3089 3090 3114
f 3090 3115 3114
f 3090 3091 3115
f 3091 3116 3115
f 3091 3092 3116
f 3092 3117 3116
f 3092 3093 3117
f 3093 3118 3117
f 3093 3094 3118
f 3094 3119 3118
f 3094 3095 3119
f 3095 3120 3119
f 3095 3096 3120
f 3096 3097 3120
f 3096 3073 3097
f 2247 2249 2248
f 2246 2249 2247
f 2246 2250 2249
f 2246 2251 2250
f 2245 2251 2246
f 2244 2251 2245
f 2243 2251 2244
f 2242 2251 2243
f 2241 2251 2242
f 2240 2251 2241
f 2239 2251 2240
f 2238 2251 2239
f 2237 2251 2238
f 2236 2251 2237
f 2259 2251 2236
f 2258 2251 2259
f 2257 2251 2258
f 2257 2252 2251
f 2257 2253 2252
f 2257 2254 2253
f 2257 2255 2254
f 2257 2256 2255
f 3120 3097 3098
f 3119 3120 3098
f 3119 3098 3099
f 3118 3119 3099
f 3118 3099 3100
f 3117 3118 3100
f 3116 3117 3100
f 3115 3116 3100
f 3114 3115 3100
f 3113 3114 3100
f 3112 3113 3100
f 3112 3100 3101
f 3112 3101 3102
f 3112 3102 3103
f 3112 3103 3104
f 3112 3104 3105
f 3112 3105 3106
f 3112 3106 3107
f 3112 3107 3108
f 3112 3108 3109
f 3112 3109 3110
f 3112 3110 3111
f 3145 3545 3544
f 3145 3146 3545
f 3146 3547 3546
f 3146 3147 3547
f 3147 3549 3548
f 3147 3148 3549
f 3148 3551 3550
f 3148 3149 3551
f 3149 3553 3552
f 3149 3150 3553
f 3150 3555 3554
f 3150 3151 3555
f 3151 3557 3556
f 3151 3152 3557
f 3152 3559 3558
f 3152 3153 3559
f 3153 3561 3560
f 3153 3154 3561
f 3154 3563 3562
f 3154 3155 3563
f 3155 3156 3564
f 3134 3133 3157
f 3158 3134 3157
f 3135 3134 3158
f 3159 3135 3158
f 3136 3135 3159
f 3160 3136 3159
f 3137 3136 3160
f 3161 3137 3160
f 3138 3137 3161
f 3162 3138 3161
f 3139 3138 3162
f 3163 3139 3162
f 3140 3139 3163
f 3164 3140 3163
f 3141 3140 3164
f 3165 3141 3164
f 3142 3141 3165
f 3166 3142 3165
f 3143 3142 3166
f 3167 3145 3565
f 3121 3144 3543
f 3168 3145 3180
f 3146 3145 3168
f 3169 3146 3168
f 3147 3146 3169
f 3148 3147 3169
f 3170 3148 3169
f 3149 3148 3170
f 3171 3149 3170
f 3150 3149 3171
f 3172 3150 3171
f 3151 3150 3172
f 3173 3151 3172
f 3152 3151 3173
f 3174 3152 3173
f 3153 3152 3174
f 3175 3153 3174
f 3154 3153 3175
f 3176 3154 3175
f 3155 3154 3176
f 3178 3157 3177
f 3158 3157 3178
f 3196 3158 3178
f 3159 3158 3196
f 3197 3159 3196
f 3160 3159 3197
f 3198 3160 3197
f 3161 3160 3198
f 3199 3161 3198
f 3162 3161 3199
f 3200 3162 3199
f 3163 3162 3200
f 3179 3163 3200
f 3164 3163 3179
f 3165 3164 3179
f 3166 3165 3179
f 3180 3166 3179
f 3145 3167 3180
f 3180 3181 3182
f 3168 3180 3182
f 3183 3168 3182
f 3184 3168 3183
f 3169 3168 3184
f 3185 3169 3184
f 3186 3169 3185
f 3170 3169 3186
f 3187 3170 3186
f 3171 3170 3187
f 3188 3171 3187
f 3172 3171 3188
f 3189 3172 3188
f 3173 3172 3189
f 3190 3173 3189
f 3174 3173 3190
f 3191 3174 3190
f 3175 3174 3191
f 3192 3175 3191
f 3176 3175 3192
f 3194 3566 3193
f 3177 3566 3194
f 3195 3177 3194
f 3178 3177 3195
f 3196 3178 3195
f 3201 3179 3200
f 3202 3179 3201
f 3180 3179 3202
f 3181 3180 3202
f 3204 3181 3203
f 3184 3183 3205
f 3206 3184 3205
f 3185 3184 3206
f 3207 3185 3206
f 3186 3185 3207
f 3208 3186 3207
f 3187 3186 3208
f 3188 3187 3208
f 3191 3190 3209
f 3212 3193 3211
f 3194 3193 3212
f 3213 3194 3212
f 3195 3194 3213
f 3214 3195 3213
f 3196 3195 3214
f 3215 3196 3214
f 3197 3196 3215
f 3216 3197 3215
f 3198 3197 3216
f 3217 3198 3216
f 3199 3198 3217
f 3218 3199 3217
f 3200 3199 3218
f 3219 3200 3218
f 3220 3200 3219
f 3201 3200 3220
f 3221 3201 3220
f 3222 3201 3221
f 3202 3201 3222
f 3203 3202 3222
f 3181 3202 3203
f 3224 3203 3223
f 3204 3203 3224
f 3225 3204 3224
f 3569 3204 3225
f 3226 3569 3225
f 3205 3569 3226
f 3206 3205 3227
f 3228 3206 3227
f 3207 3206 3228
f 3208 3207 3228
f 3252 3188 3208
f 3189 3188 3252
f 3261 3189 3252
f 3190 3189 3261
f 3229 3190 3261
f 3209 3190 3229
f 3211 3210 3241
f 3230 3211 3241
f 3212 3211 3230
f 3231 3212 3230
f 3213 3212 3231
f 3232 3213 3231
f 3214 3213 3232
f 3233 3214 3232
f 3215 3214 3233
f 3234 3215 3233
f 3216 3215 3234
f 3235 3216 3234
f 3217 3216 3235
f 3236 3217 3235
f 3218 3217 3236
f 3237 3218 3236
f 3219 3218 3237
f 3238 3219 3237
f 3220 3219 3238
f 3239 3220 3238
f 3221 3220 3239
f 3240 3221 3239
f 3222 3221 3240
f 3223 3222 3240
f 3203 3222 3223
f 3257 3223 3256
f 3224 3223 3257
f 3258 3224 3257
f 3225 3224 3258
f 3259 3225 3258
f 3226 3225 3259
f 3252 3208 3244
f 3229 3261 3260
f 3241 3210 3263
f 3230 3241 3245
f 3277 3230 3245
f 3231 3230 3277
f 3246 3231 3277
f 3232 3231 3246
f 3247 3232 3246
f 3233 3232 3247
f 3248 3233 3247
f 3234 3233 3248
f 3249 3234 3248
f 3235 3234 3249
f 3250 3235 3249
f 3236 3235 3250
f 3251 3236 3250
f 3237 3236 3251
f 3253 3237 3251
f 3238 3237 3253
f 3254 3238 3253
f 3239 3238 3254
f 3255 3239 3254
f 3240 3239 3255
f 3256 3240 3255
f 3223 3240 3256
f 3243 3227 3242
f 3228 3227 3243
f 3244 3228 3243
f 3208 3228 3244
f 3261 3572 3571
f 3573 3260 3571
f 3262 3263 3573
f 3263 3262 3264
f 3267 3256 3266
f 3257 3256 3267
f 3265 3257 3267
f 3258 3257 3265
f 3259 3258 3265
f 3256 3255 3266
f 3273 3264 3261
f 3263 3264 3273
f 3241 3263 3275
f 3276 3241 3275
f 3245 3241 3276
f 3277 3245 3276
f 3254 3253 3278
f 3279 3254 3278
f 3255 3254 3279
f 3266 3255 3279
f 3265 3267 3287
f 3268 3265 3287
f 3259 3265 3268
f 3269 3259 3268
f 3270 3243 3269
f 3244 3243 3270
f 3271 3244 3270
f 3252 3244 3271
f 3272 3252 3271
f 3261 3252 3272
f 3263 3273 3274
f 3275 3263 3274
f 3246 3277 3284
f 3247 3246 3284
f 3289 3247 3284
f 3248 3247 3289
f 3249 3248 3289
f 3251 3250 3285
f 3253 3251 3285
f 3278 3253 3285
f 3267 3266 3280
f 3293 3273 3574
f 3281 3273 3293
f 3274 3273 3281
f 3282 3274 3281
f 3275 3274 3282
f 3283 3275 3282
f 3276 3275 3283
f 3277 3276 3283
f 3299 3249 3289
f 3250 3249 3299
f 3285 3250 3299
f 3279 3278 3290
f 3280 3279 3290
f 3266 3279 3280
f 3286 3280 3291
f 3267 3280 3286
f 3287 3267 3286
f 3272 3271 3288
f 3288 3575 3574
f 3277 3283 3297
f 3284 3277 3297
f 3278 3285 3300
f 3290 3278 3300
f 3280 3290 3291
f 3271 3270 3314
f 3271 3579 3578
f 3288 3577 3576
f 3293 3575 3576
f 3281 3293 3294
f 3295 3281 3294
f 3282 3281 3295
f 3296 3282 3295
f 3283 3282 3296
f 3297 3283 3296
f 3284 3297 3298
f 3289 3284 3298
f 3300 3285 3308
f 3290 3300 3301
f 3291 3290 3301
f 3303 3291 3302
f 3286 3291 3303
f 3304 3286 3303
f 3287 3286 3304
f 3313 3287 3304
f 3268 3287 3313
f 3269 3268 3313
f 3295 3294 3305
f 3306 3295 3305
f 3296 3295 3306
f 3307 3296 3306
f 3297 3296 3307
f 3298 3297 3307
f 3289 3298 3325
f 3308 3285 3299
f 3300 3308 3309
f 3310 3300 3309
f 3301 3300 3310
f 3302 3301 3310
f 3291 3301 3302
f 3312 3302 3311
f 3303 3302 3312
f 3304 3303 3312
f 3293 3292 3315
f 3305 3294 3321
f 3322 3305 3321
f 3306 3305 3322
f 3323 3306 3322
f 3307 3306 3323
f 3298 3307 3323
f 3289 3325 3326
f 3299 3289 3326
f 3310 3309 3316
f 3311 3310 3316
f 3302 3310 3311
f 3319 3311 3318
f 3312 3311 3319
f 3320 3312 3319
f 3304 3312 3320
f 3313 3304 3320
f 3314 3270 3330
f 3293 3315 3339
f 3329 3293 3339
f 3294 3293 3329
f 3321 3294 3329
f 3298 3323 3324
f 3325 3298 3324
f 3299 3326 3327
f 3308 3299 3327
f 3328 3308 3327
f 3309 3308 3328
f 3317 3309 3328
f 3316 3309 3317
f 3318 3316 3317
f 3311 3316 3318
f 3313 3320 3336
f 3321 3329 3331
f 3332 3321 3331
f 3322 3321 3332
f 3323 3322 3332
f 3335 3318 3337
f 3319 3318 3335
f 3320 3319 3335
f 3330 3270 3336
f 3323 3332 3333
f 3334 3323 3333
f 3324 3323 3334
f 3325 3324 3334
f 3317 3328 3340
f 3337 3317 3340
f 3318 3317 3337
f 3320 3335 3346
f 3329 3339 3348
f 3344 3329 3348
f 3331 3329 3344
f 3345 3331 3344
f 3332 3331 3345
f 3333 3332 3345
f 3327 3326 3350
f 3328 3327 3350
f 3340 3328 3350
f 3320 3346 3341
f 3338 3320 3341
f 3336 3320 3338
f 3342 3586 3585
f 3342 3587 3586
f 3342 3343 3587
f 3330 3336 3355
f 3339 3330 3355
f 3333 3345 3349
f 3334 3333 3349
f 3343 3342 3347
f 3355 3336 3343
f 3352 3337 3351
f 3335 3337 3352
f 3353 3335 3352
f 3346 3335 3353
f 3341 3346 3353
f 3343 3347 3354
f 3355 3343 3354
f 3356 3339 3355
f 3348 3339 3356
f 3357 3348 3356
f 3344 3348 3357
f 3358 3344 3357
f 3345 3344 3358
f 3359 3345 3358
f 3349 3345 3359
f 3360 3349 3359
f 3334 3349 3360
f 3325 3334 3360
f 3361 3325 3360
f 3326 3325 3361
f 3350 3326 3361
f 3340 3350 3362
f 3351 3340 3362
f 3337 3340 3351
f 3369 3351 3363
f 3352 3351 3369
f 3375 3352 3369
f 3353 3352 3375
f 3355 3354 3370
f 3364 3355 3370
f 3356 3355 3364
f 3357 3356 3365
f 3366 3357 3365
f 3358 3357 3366
f 3359 3358 3366
f 3350 3361 3367
f 3362 3350 3367
f 3363 3362 3367
f 3351 3362 3363
f 3369 3363 3368
f 3364 3370 3376
f 3377 3364 3376
f 3356 3364 3377
f 3365 3356 3377
f 3366 3365 3378
f 3360 3359 3366
f 3361 3360 3379
f 3372 3361 3379
f 3367 3361 3372
f 3371 3367 3372
f 3368 3367 3371
f 3363 3367 3368
f 3370 3354 3394
f 3369 3368 3374
f 3375 3369 3374
f 3371 3372 3380
f 3368 3371 3380
f 3374 3368 3373
f 3368 3380 3373
f 3382 3373 3381
f 3374 3373 3382
f 3383 3374 3382
f 3375 3374 3383
f 3384 3370 3395
f 3376 3370 3384
f 3385 3376 3384
f 3377 3376 3385
f 3386 3377 3385
f 3365 3377 3386
f 3378 3365 3386
f 3360 3366 3378
f 3387 3379 3360
f 3388 3379 3387
f 3389 3379 3388
f 3372 3379 3389
f 3390 3372 3389
f 3380 3372 3390
f 3381 3380 3390
f 3373 3380 3381
f 3392 3381 3391
f 3382 3381 3392
f 3393 3382 3392
f 3383 3382 3393
f 3394 3383 3393
f 3384 3395 3396
f 3397 3384 3396
f 3398 3384 3397
f 3385 3384 3398
f 3399 3385 3398
f 3386 3385 3399
f 3400 3386 3399
f 3378 3386 3400
f 3401 3378 3400
f 3402 3378 3401
f 3360 3378 3402
f 3388 3387 3403
f 3404 3388 3403
f 3389 3388 3404
f 3405 3389 3404
f 3390 3389 3405
f 3391 3390 3405
f 3381 3390 3391
f 3408 3391 3407
f 3392 3391 3408
f 3409 3392 3408
f 3393 3392 3409
f 3410 3393 3409
f 3411 3393 3410
f 3394 3393 3411
f 3412 3394 3411
f 3395 3394 3412
f 3413 3395 3412
f 3414 3395 3413
f 3396 3395 3414
f 3415 3396 3414
f 3397 3396 3415
f 3416 3397 3415
f 3398 3397 3416
f 3417 3398 3416
f 3399 3398 3417
f 3418 3399 3417
f 3400 3399 3418
f 3419 3400 3418
f 3401 3400 3419
f 3420 3401 3419
f 3402 3401 3420
f 3421 3402 3420
f 3360 3402 3421
f 3422 3360 3421
f 3387 3360 3422
f 3423 3387 3422
f 3406 3387 3423
f 3403 3387 3406
f 3424 3403 3406
f 3404 3403 3424
f 3425 3404 3424
f 3405 3404 3425
f 3407 3405 3425
f 3391 3405 3407
f 3427 3407 3426
f 3408 3407 3427
f 3428 3408 3427
f 3409 3408 3428
f 3429 3409 3428
f 3410 3409 3429
f 3430 3410 3429
f 3411 3410 3430
f 3431 3411 3430
f 3432 3411 3431
f 3412 3411 3432
f 3433 3412 3432
f 3434 3412 3433
f 3413 3412 3434
f 3435 3413 3434
f 3414 3413 3435
f 3436 3414 3435
f 3415 3414 3436
f 3437 3415 3436
f 3416 3415 3437
f 3438 3416 3437
f 3417 3416 3438
f 3439 3417 3438
f 3418 3417 3439
f 3440 3418 3439
f 3419 3418 3440
f 3441 3419 3440
f 3420 3419 3441
f 3442 3420 3441
f 3421 3420 3442
f 3443 3421 3442
f 3444 3421 3443
f 3422 3421 3444
f 3445 3422 3444
f 3446 3422 3445
f 3423 3422 3446
f 3447 3423 3446
f 3406 3423 3447
f 3448 3406 3447
f 3424 3406 3448
f 3449 3424 3448
f 3425 3424 3449
f 3426 3425 3449
f 3407 3425 3426
f 3451 3426 3450
f 3427 3426 3451
f 3452 3427 3451
f 3428 3427 3452
f 3453 3428 3452
f 3429 3428 3453
f 3454 3429 3453
f 3430 3429 3454
f 3455 3430 3454
f 3431 3430 3455
f 3456 3431 3455
f 3432 3431 3456
f 3457 3432 3456
f 3433 3432 3457
f 3458 3433 3457
f 3434 3433 3458
f 3459 3434 3458
f 3435 3434 3459
f 3460 3435 3459
f 3436 3435 3460
f 3461 3436 3460
f 3437 3436 3461
f 3462 3437 3461
f 3438 3437 3462
f 3463 3438 3462
f 3439 3438 3463
f 3464 3439 3463
f 3440 3439 3464
f 3465 3440 3464
f 3441 3440 3465
f 3466 3441 3465
f 3442 3441 3466
f 3467 3442 3466
f 3443 3442 3467
f 3468 3443 3467
f 3444 3443 3468
f 3469 3444 3468
f 3445 3444 3469
f 3470 3445 3469
f 3446 3445 3470
f 3471 3446 3470
f 3447 3446 3471
f 3472 3447 3471
f 3448 3447 3472
f 3473 3448 3472
f 3449 3448 3473
f 3450 3449 3473
f 3426 3449 3450
f 3481 3450 3480
f 3451 3450 3481
f 3482 3451 3481
f 3452 3451 3482
f 3483 3452 3482
f 3453 3452 3483
f 3484 3453 3483
f 3454 3453 3484
f 3485 3454 3484
f 3455 3454 3485
f 3486 3455 3485
f 3456 3455 3486
f 3487 3456 3486
f 3457 3456 3487
f 3488 3457 3487
f 3458 3457 3488
f 3489 3458 3488
f 3459 3458 3489
f 3490 3459 3489
f 3460 3459 3490
f 3491 3460 3490
f 3461 3460 3491
f 3492 3461 3491
f 3462 3461 3492
f 3493 3462 3492
f 3463 3462 3493
f 3494 3463 3493
f 3464 3463 3494
f 3495 3464 3494
f 3465 3464 3495
f 3496 3465 3495
f 3466 3465 3496
f 3474 3466 3496
f 3467 3466 3474
f 3475 3467 3474
f 3468 3467 3475
f 3476 3468 3475
f 3469 3468 3476
f 3477 3469 3476
f 3470 3469 3477
f 3478 3470 3477
f 3471 3470 3478
f 3479 3471 3478
f 3472 3471 3479
f 3497 3472 3479
f 3473 3472 3497
f 3480 3473 3497
f 3450 3473 3480
f 3481 3480 3498
f 3499 3481 3498
f 3482 3481 3499
f 3500 3482 3499
f 3483 3482 3500
f 3501 3483 3500
f 3484 3483 3501
f 3502 3484 3501
f 3485 3484 3502
f 3503 3485 3502
f 3486 3485 3503
f 3504 3486 3503
f 3487 3486 3504
f 3505 3487 3504
f 3488 3487 3505
f 3489 3488 3505
f 3490 3489 3505
f 3506 3490 3505
f 3491 3490 3506
f 3492 3491 3506
f 3493 3492 3506
f 3507 3493 3506
f 3494 3493 3507
f 3495 3494 3507
f 3508 3495 3507
f 3496 3495 3508
f 3509 3496 3508
f 3474 3496 3509
f 3510 3474 3509
f 3475 3474 3510
f 3511 3475 3510
f 3476 3475 3511
f 3512 3476 3511
f 3477 3476 3512
f 3513 3477 3512
f 3478 3477 3513
f 3514 3478 3513
f 3479 3478 3514
f 3497 3479 3514
f 3498 3497 3514
f 3480 3497 3498
f 3499 3498 3515
f 3516 3499 3515
f 3500 3499 3516
f 3501 3500 3516
f 3517 3501 3516
f 3502 3501 3517
f 3518 3502 3517
f 3503 3502 3518
f 3519 3503 3518
f 3504 3503 3519
f 3520 3504 3519
f 3505 3504 3520
f 3521 3505 3520
f 3506 3505 3521
f 3522 3506 3521
f 3507 3506 3522
f 3508 3507 3522
f 3523 3508 3522
f 3509 3508 3523
f 3524 3509 3523
f 3510 3509 3524
f 3525 3510 3524
f 3511 3510 3525
f 3526 3511 3525
f 3512 3511 3526
f 3513 3512 3526
f 3527 3513 3526
f 3514 3513 3527
f 3515 3514 3527
f 3498 3514 3515
f 3529 3515 3528
f 3516 3515 3529
f 3530 3516 3529
f 3517 3516 3530
f 3531 3517 3530
f 3518 3517 3531
f 3532 3518 3531
f 3519 3518 3532
f 3533 3519 3532
f 3520 3519 3533
f 3534 3520 3533
f 3521 3520 3534
f 3535 3521 3534
f 3536 3521 3535
f 3522 3521 3536
f 3537 3522 3536
f 3538 3522 3537
f 3523 3522 3538
f 3539 3523 3538
f 3524 3523 3539
f 3540 3524 3539
f 3525 3524 3540
f 3526 3525 3540
f 3541 3526 3540
f 3527 3526 3541
f 3542 3527 3541
f 3528 3527 3542
f 3515 3527 3528
f 3134 3132 3133
f 3136 3127 3128
f 3139 3124 3138
f 3142 3121 3122
f 3142 3143 3144
f 3537 3540 3538
f 3121 3544 3122
f 3121 3543 3544
f 3122 3545 3546
f 3122 3544 3545
f 3146 3546 3545
f 3123 3547 3548
f 3547 3123 3122
f 3147 3548 3547
f 3124 3549 3550
f 3549 3124 3123
f 3148 3550 3549
f 3125 3551 3552
f 3551 3125 3124
f 3149 3552 3551
f 3126 3553 3554
f 3553 3126 3125
f 3150 3554 3553
f 3127 3555 3556
f 3555 3127 3126
f 3151 3556 3555
f 3128 3557 3558
f 3557 3128 3127
f 3152 3558 3557
f 3129 3559 3560
f 3559 3129 3128
f 3153 3560 3559
f 3130 3561 3562
f 3561 3130 3129
f 3154 3562 3561
f 3131 3563 3564
f 3563 3131 3130
f 3155 3564 3563
f 3564 3132 3131
f 3143 3565 3144
f 3143 3568 3565
f 3144 3565 3543
f 3145 3543 3565
f 3155 3566 3156
f 3177 3156 3566
f 3177 3157 3156
f 3564 3156 3567
f 3133 3567 3157
f 3567 3133 3132
f 3143 3166 3568
f 3132 3564 3567
f 3166 3167 3568
f 3180 3167 3166
f 3182 3181 3204
f 3193 3192 3211
f 3193 3176 3192
f 3193 3566 3176
f 3569 3182 3204
f 3183 3569 3205
f 3191 3210 3192
f 3211 3192 3210
f 3209 3570 3210
f 3226 3227 3205
f 5173 3229 3570
f 3570 3263 3210
f 3259 3242 3227
f 3260 3263 3570
f 3261 3571 3260
f 3262 3572 3264
f 3262 3571 3572
f 3260 3573 3263
f 3262 3573 3571
f 3261 3264 3572
f 3242 3259 3269
f 3243 3242 3269
f 3272 3574 3273
f 3293 3574 3575
f 3288 3576 3575
f 3288 3580 3577
f 3577 3292 3576
f 3271 3578 3288
f 3292 3578 3579
f 3580 3288 3578
f 3292 3580 3578
f 3292 3577 3580
f 3271 3581 3579
f 3292 3579 3582
f 3292 3582 3581
f 3269 3313 3270
f 3581 3315 3292
f 3314 3583 3581
f 3315 3581 3584
f 3315 3584 3583
f 3315 3583 3314
f 3336 3270 3313
f 3339 3314 3330
f 3314 3339 3315
f 3342 3585 3347
f 3341 3586 3338
f 3338 3586 3587
f 3343 3338 3587
f 3338 3343 3336
f 3341 3347 3585
f 3354 3341 3353
f 3375 3354 3353
f 3395 3370 3394
f 3375 3383 3354
f 3383 3394 3354
f 3588 3613 3612
f 3588 3589 3613
f 3589 3614 3613
f 3589 3590 3614
f 3590 3615 3614
f 3590 3591 3615
f 3591 3616 3615
f 3591 3592 3616
f 3592 3617 3616
f 3592 3593 3617
f 3593 3618 3617
f 3593 3594 3618
f 3594 3619 3618
f 3594 3595 3619
f 3595 3620 3619
f 3595 3596 3620
f 3596 3621 3620
f 3596 3597 3621
f 3597 3622 3621
f 3597 3598 3622
f 3598 3623 3622
f 3598 3599 3623
f 3599 3624 3623
f 3599 3600 3624
f 3600 3625 3624
f 3600 3601 3625
f 3601 3626 3625
f 3601 3602 3626
f 3602 3627 3626
f 3602 3603 3627
f 3603 3628 3627
f 3603 3604 3628
f 3604 3996 3628
f 3605 3996 3996
f 3996 3605 3630
f 3605 3606 3630
f 3606 3631 3630
f 3606 3607 3631
f 3607 3632 3631
f 3607 3608 3632
f 3608 3633 3632
f 3608 3609 3633
f 3609 3634 3633
f 3609 3610 3634
f 3610 3635 3634
f 3610 3611 3635
f 3611 3612 3635
f 3611 3588 3612
f 3612 3613 3636
f 3613 3637 3636
f 3613 3614 3637
f 3614 3615 3637
f 3615 3638 3637
f 3615 3616 3638
f 3616 3639 3638
f 3616 3617 3639
f 3617 3640 3639
f 3617 3618 3640
f 3618 3641 3640
f 3618 3619 3641
f 3619 3642 3641
f 3619 3620 3642
f 3620 3643 3642
f 3620 3621 3643
f 3621 3644 3643
f 3621 3622 3644
f 3622 3645 3644
f 3622 3623 3645
f 3623 3646 3645
f 3623 3624 3646
f 3624 3647 3646
f 3624 3625 3647
f 3626 3627 3666
f 3627 3628 3667
f 3997 3629 3649
f 3629 3650 3649
f 4000 3650 3998
f 3630 3999 4000
f 3632 3633 4001
f 3633 3634 4001
f 3634 3635 4001
f 3635 3612 3636
f 3636 3652 3651
f 3636 3653 3652
f 3636 3637 3653
f 3637 3654 3653
f 3637 3655 3654
f 3637 3638 3655
f 3638 3656 3655
f 3638 3639 3656
f 3639 3657 3656
f 3639 3640 3657
f 3640 3658 3657
f 3640 3641 3658
f 3641 3659 3658
f 3641 3642 3659
f 3642 3660 3659
f 3642 3643 3660
f 3643 3661 3660
f 3643 3644 3661
f 3644 3662 3661
f 3644 3645 3662
f 3645 3663 3662
f 3645 3646 3663
f 3648 3666 3665
f 3667 3649 3668
f 3649 3669 3668
f 3649 3650 3669
f 3650 3670 3669
f 4001 3635 3671
f 3635 3651 3671
f 3635 3636 3651
f 3651 3652 4002
f 3652 3673 4002
f 3652 3653 3673
f 3653 3674 3673
f 3653 3654 3674
f 3654 3675 3674
f 3654 3655 3675
f 3655 3676 3675
f 3655 3656 3676
f 3656 3677 3676
f 3656 3657 3677
f 3657 3658 3677
f 3660 3661 3678
f 3661 3679 3678
f 3661 3662 3679
f 3664 3682 3681
f 3664 3665 3682
f 3665 3683 3682
f 3665 3666 3683
f 3666 3684 3683
f 3666 3667 3684
f 3667 3685 3684
f 3667 3668 3685
f 3668 3686 3685
f 3668 3669 3686
f 3669 3687 3686
f 3669 3670 3687
f 3670 3688 3687
f 3670 3689 3688
f 3670 4001 3689
f 4001 3690 3689
f 3672 3693 3692
f 3673 3674 3695
f 3674 3696 3695
f 3674 3675 3696
f 3675 3697 3696
f 3675 3676 3697
f 3676 3677 3697
f 3658 3720 3677
f 3658 3659 3720
f 3659 3721 3720
f 3659 3660 3721
f 3660 3678 3721
f 3680 3698 3709
f 3680 3681 3698
f 3681 3699 3698
f 3681 3682 3699
f 3682 3700 3699
f 3682 3683 3700
f 3683 3701 3700
f 3683 3684 3701
f 3684 3702 3701
f 3684 3685 3702
f 3685 3703 3702
f 3685 3686 3703
f 3686 3704 3703
f 3686 3687 3704
f 3687 3705 3704
f 3687 3688 3705
f 3688 3706 3705
f 3688 3689 3706
f 3689 3707 3706
f 3689 3690 3707
f 3690 3708 3707
f 3690 3691 3708
f 3691 3692 3708
f 3691 3672 3692
f 3692 3727 3726
f 3692 3693 3727
f 3693 3728 3727
f 3693 3694 3728
f 3695 3718 4003
f 3695 3696 3718
f 3696 3697 3718
f 3677 3720 3719
f 3709 3698 3711
f 3698 3740 3711
f 3698 3699 3740
f 3699 3712 3740
f 3699 3700 3712
f 3700 3713 3712
f 3700 3701 3713
f 3701 3714 3713
f 3701 3702 3714
f 3702 3715 3714
f 3702 3703 3715
f 3703 3716 3715
f 3703 3704 3716
f 3704 3717 3716
f 3704 3705 3717
f 3705 3723 3717
f 3705 3706 3723
f 3706 3724 3723
f 3706 3707 3724
f 3707 3725 3724
f 3707 3708 3725
f 3708 3726 3725
f 3708 3692 3726
f 3697 3719 3718
f 3697 3677 3719
f 3721 3678 3722
f 3726 3730 3729
f 3726 3727 3730
f 3727 3728 3730
f 3725 3726 3729
f 3728 4003 3731
f 3710 3709 3738
f 3709 3739 3738
f 3709 3711 3739
f 3711 3740 3739
f 3723 3724 3741
f 3724 3742 3741
f 3724 3725 3742
f 3725 3729 3742
f 3718 3733 3732
f 3718 3719 3733
f 3719 3734 3733
f 3719 3720 3734
f 3720 3735 3734
f 3720 3721 3735
f 3721 3736 3735
f 3736 3710 3737
f 3710 3738 3737
f 3740 3712 3747
f 3712 3713 3747
f 3713 3750 3747
f 3713 3714 3750
f 3714 3715 3750
f 3716 3717 3748
f 3717 3723 3748
f 3723 3741 3748
f 3729 3730 3743
f 3736 3737 3744
f 3737 3745 3744
f 3737 3738 3745
f 3738 3746 3745
f 3738 3739 3746
f 3739 3740 3746
f 3715 3759 3750
f 3715 3716 3759
f 3716 3748 3759
f 3741 3742 3751
f 3742 3743 3751
f 3742 3729 3743
f 3743 3749 3752
f 3743 3730 3749
f 3730 3728 3749
f 3734 3735 4005
f 3735 4004 4005
f 3736 3744 3753
f 3746 3740 3757
f 3740 3747 3757
f 3748 3741 3760
f 3741 3751 3760
f 3751 3743 3752
f 3753 3744 3754
f 3744 3755 3754
f 3744 3745 3755
f 3745 3756 3755
f 3745 3746 3756
f 3746 3757 3756
f 3757 3747 3758
f 3747 3750 3758
f 3748 3760 3770
f 3760 3751 3761
f 3751 3752 3761
f 3752 3763 3762
f 3752 3749 3763
f 3749 3764 3763
f 3749 3728 3764
f 3728 3765 3764
f 3728 3731 3765
f 3733 3734 4005
f 3754 3755 3767
f 3755 3768 3767
f 3755 3756 3768
f 3756 3769 3768
f 3756 3757 3769
f 3757 3758 3769
f 3758 3750 3784
f 3748 3770 3759
f 3770 3760 3771
f 3760 3772 3771
f 3760 3761 3772
f 3761 3762 3772
f 3761 3752 3762
f 3762 3774 3773
f 3762 3763 3774
f 3763 3764 3774
f 3732 3733 3766
f 3754 3767 3780
f 3767 3781 3780
f 3767 3768 3781
f 3768 3782 3781
f 3768 3769 3782
f 3769 3758 3782
f 3784 3750 3785
f 3750 3759 3785
f 3771 3772 3775
f 3772 3773 3775
f 3772 3762 3773
f 3773 3778 3777
f 3773 3774 3778
f 3774 3779 3778
f 3774 3764 3779
f 3764 3765 3779
f 3766 3733 3788
f 3733 4006 3788
f 3733 4005 4006
f 4005 3753 3789
f 3753 3790 3789
f 3753 3754 3790
f 3754 3780 3790
f 3782 3758 3783
f 3758 3784 3783
f 3785 3759 3786
f 3759 3770 3786
f 3770 3787 3786
f 3770 3771 3787
f 3771 3776 3787
f 3771 3775 3776
f 3775 3777 3776
f 3775 3773 3777
f 3790 3780 3791
f 3780 3792 3791
f 3780 3781 3792
f 3781 3782 3792
f 3777 3795 3796
f 3777 3778 3795
f 3778 3779 3795
f 3792 3782 3793
f 3782 3794 3793
f 3782 3783 3794
f 3783 3784 3794
f 3787 3776 3797
f 3776 3796 3797
f 3776 3777 3796
f 3788 4006 4007
f 3789 3790 3802
f 3790 3798 3802
f 3790 3791 3798
f 3791 3799 3798
f 3791 3792 3799
f 3792 3793 3799
f 3785 3786 3804
f 3786 3787 3804
f 3787 3797 3804
f 4006 3789 3802
f 3799 3793 3803
f 3793 3794 3803
f 3788 4007 3800
f 4007 4006 3801
f 4006 3802 3801
f 3796 3806 3805
f 3796 3795 3806
f 3795 3807 3806
f 3800 4007 3808
f 4007 3809 3808
f 4007 4012 4013
f 4007 3801 3810
f 3801 3811 3810
f 3801 3802 3811
f 3802 3812 3811
f 3802 3798 3812
f 3798 3813 3812
f 3798 3799 3813
f 3799 3814 3813
f 3799 3803 3814
f 3803 3815 3814
f 3803 3794 3815
f 3794 3784 3815
f 3784 3816 3815
f 3784 3785 3816
f 3785 3804 3816
f 3804 3797 3817
f 3797 3805 3817
f 3797 3796 3805
f 3805 3824 3818
f 3805 3806 3824
f 3806 3807 3824
f 3800 3826 4015
f 3800 3808 3826
f 3809 4014 4010
f 3810 3811 3819
f 3811 3812 3820
f 3812 3821 3820
f 3812 3813 3821
f 3813 3814 3821
f 3816 3804 3822
f 3804 3817 3822
f 3817 3818 3822
f 3817 3805 3818
f 3818 3824 3823
f 3824 3807 3825
f 3826 3819 3831
f 3819 3832 3831
f 3819 3811 3832
f 3811 3820 3832
f 3820 3821 3833
f 3814 3815 3821
f 3815 3816 3834
f 3816 3828 3834
f 3816 3822 3828
f 3822 3827 3828
f 3822 3823 3827
f 3822 3818 3823
f 3823 3824 3830
f 3824 3825 3830
f 3828 3827 3835
f 3827 3823 3835
f 3823 3830 3829
f 3835 3823 3829
f 3829 3837 3836
f 3829 3830 3837
f 4015 3839 4016
f 4015 3826 3839
f 3826 3831 3840
f 3831 3841 3840
f 3831 3832 3841
f 3832 3842 3841
f 3832 3820 3842
f 3820 3833 3842
f 3821 3815 3833
f 3834 3843 3815
f 3834 3844 3843
f 3834 3845 3844
f 3834 3828 3845
f 3828 3846 3845
f 3828 3835 3846
f 3835 3836 3846
f 3835 3829 3836
f 3836 3848 3847
f 3836 3837 3848
f 3837 3849 3848
f 3839 3826 3850
f 3826 3840 3850
f 3840 3851 3850
f 3840 3852 3851
f 3840 3841 3852
f 3841 3853 3852
f 3841 3842 3853
f 3842 3854 3853
f 3842 3833 3854
f 3833 3855 3854
f 3833 3856 3855
f 3833 3815 3856
f 3843 3844 3857
f 3844 3858 3857
f 3844 3845 3858
f 3845 3859 3858
f 3845 3846 3859
f 3846 3847 3859
f 3846 3836 3847
f 3847 3862 3861
f 3847 3848 3862
f 3848 3863 3862
f 3848 3849 3863
f 3849 3864 3863
f 3849 4016 3864
f 4016 3865 3864
f 4016 3866 3865
f 4016 3839 3866
f 3839 3867 3866
f 3839 3850 3867
f 3850 3868 3867
f 3850 3851 3868
f 3851 3869 3868
f 3851 3852 3869
f 3852 3870 3869
f 3852 3853 3870
f 3853 3871 3870
f 3853 3854 3871
f 3854 3872 3871
f 3854 3855 3872
f 3855 3873 3872
f 3855 3856 3873
f 3856 3874 3873
f 3856 3815 3874
f 3815 3875 3874
f 3815 3843 3875
f 3843 3876 3875
f 3843 3860 3876
f 3843 3857 3860
f 3857 3877 3860
f 3857 3858 3877
f 3858 3878 3877
f 3858 3859 3878
f 3859 3861 3878
f 3859 3847 3861
f 3861 3880 3879
f 3861 3862 3880
f 3862 3881 3880
f 3862 3863 3881
f 3863 3882 3881
f 3863 3864 3882
f 3864 3883 3882
f 3864 3865 3883
f 3865 3884 3883
f 3865 3885 3884
f 3865 3866 3885
f 3866 3886 3885
f 3866 3887 3886
f 3866 3867 3887
f 3867 3888 3887
f 3867 3889 3888
f 3867 3868 3889
f 3868 3890 3889
f 3868 3869 3890
f 3869 3891 3890
f 3869 3870 3891
f 3870 3892 3891
f 3870 3871 3892
f 3871 3893 3892
f 3871 3872 3893
f 3872 3894 3893
f 3872 3873 3894
f 3873 3895 3894
f 3873 3874 3895
f 3874 3896 3895
f 3874 3897 3896
f 3874 3875 3897
f 3875 3898 3897
f 3875 3899 3898
f 3875 3876 3899
f 3876 3900 3899
f 3876 3860 3900
f 3860 3901 3900
f 3860 3877 3901
f 3877 3902 3901
f 3877 3878 3902
f 3878 3879 3902
f 3878 3861 3879
f 3879 3904 3903
f 3879 3880 3904
f 3880 3905 3904
f 3880 3881 3905
f 3881 3906 3905
f 3881 3882 3906
f 3882 3907 3906
f 3882 3883 3907
f 3883 3908 3907
f 3883 3884 3908
f 3884 3909 3908
f 3884 3885 3909
f 3885 3910 3909
f 3885 3886 3910
f 3886 3911 3910
f 3886 3887 3911
f 3887 3912 3911
f 3887 3888 3912
f 3888 3913 3912
f 3888 3889 3913
f 3889 3914 3913
f 3889 3890 3914
f 3890 3915 3914
f 3890 3891 3915
f 3891 3916 3915
f 3891 3892 3916
f 3892 3917 3916
f 3892 3893 3917
f 3893 3918 3917
f 3893 3894 3918
f 3894 3919 3918
f 3894 3895 3919
f 3895 3920 3919
f 3895 3896 3920
f 3896 3921 3920
f 3896 3897 3921
f 3897 3922 3921
f 3897 3898 3922
f 3898 3923 3922
f 3898 3899 3923
f 3899 3924 3923
f 3899 3900 3924
f 3900 3925 3924
f 3900 3901 3925
f 3901 3926 3925
f 3901 3902 3926
f 3902 3903 3926
f 3902 3879 3903
f 3903 3934 3933
f 3903 3904 3934
f 3904 3935 3934
f 3904 3905 3935
f 3905 3936 3935
f 3905 3906 3936
f 3906 3937 3936
f 3906 3907 3937
f 3907 3938 3937
f 3907 3908 3938
f 3908 3939 3938
f 3908 3909 3939
f 3909 3940 3939
f 3909 3910 3940
f 3910 3941 3940
f 3910 3911 3941
f 3911 3942 3941
f 3911 3912 3942
f 3912 3943 3942
f 3912 3913 3943
f 3913 3944 3943
f 3913 3914 3944
f 3914 3945 3944
f 3914 3915 3945
f 3915 3946 3945
f 3915 3916 3946
f 3916 3947 3946
f 3916 3917 3947
f 3917 3948 3947
f 3917 3918 3948
f 3918 3949 3948
f 3918 3919 3949
f 3919 3927 3949
f 3919 3920 3927
f 3920 3928 3927
f 3920 3921 3928
f 3921 3929 3928
f 3921 3922 3929
f 3922 3930 3929
f 3922 3923 3930
f 3923 3931 3930
f 3923 3924 3931
f 3924 3932 3931
f 3924 3925 3932
f 3925 3950 3932
f 3925 3926 3950
f 3926 3933 3950
f 3926 3903 3933
f 3933 3934 3951
f 3934 3952 3951
f 3934 3935 3952
f 3935 3953 3952
f 3935 3936 3953
f 3936 3954 3953
f 3936 3937 3954
f 3937 3955 3954
f 3937 3938 3955
f 3938 3956 3955
f 3938 3939 3956
f 3939 3957 3956
f 3939 3940 3957
f 3940 3958 3957
f 3940 3941 3958
f 3941 3942 3958
f 3942 3943 3958
f 3943 3959 3958
f 3943 3944 3959
f 3944 3945 3959
f 3945 3946 3959
f 3946 3960 3959
f 3946 3947 3960
f 3947 3948 3960
f 3948 3961 3960
f 3948 3949 3961
f 3949 3962 3961
f 3949 3927 3962
f 3927 3963 3962
f 3927 3928 3963
f 3928 3964 3963
f 3928 3929 3964
f 3929 3965 3964
f 3929 3930 3965
f 3930 3966 3965
f 3930 3931 3966
f 3931 3967 3966
f 3931 3932 3967
f 3932 3950 3967
f 3950 3951 3967
f 3950 3933 3951
f 3951 3952 3968
f 3952 3969 3968
f 3952 3953 3969
f 3953 3954 3969
f 3954 3970 3969
f 3954 3955 3970
f 3955 3971 3970
f 3955 3956 3971
f 3956 3972 3971
f 3956 3957 3972
f 3957 3973 3972
f 3957 3958 3973
f 3958 3974 3973
f 3958 3959 3974
f 3959 3975 3974
f 3959 3960 3975
f 3960 3961 3975
f 3961 3976 3975
f 3961 3962 3976
f 3962 3977 3976
f 3962 3963 3977
f 3963 3978 3977
f 3963 3964 3978
f 3964 3979 3978
f 3964 3965 3979
f 3965 3966 3979
f 3966 3980 3979
f 3966 3967 3980
f 3967 3968 3980
f 3967 3951 3968
f 3968 3982 3981
f 3968 3969 3982
f 3969 3983 3982
f 3969 3970 3983
f 3970 3984 3983
f 3970 3971 3984
f 3971 3985 3984
f 3971 3972 3985
f 3972 3986 3985
f 3972 3973 3986
f 3973 3987 3986
f 3973 3974 3987
f 3974 3988 3987
f 3974 3989 3988
f 3974 3975 3989
f 3975 3990 3989
f 3975 3991 3990
f 3975 3976 3991
f 3976 3992 3991
f 3976 3977 3992
f 3977 3993 3992
f 3977 3978 3993
f 3978 3979 3993
f 3979 3994 3993
f 3979 3980 3994
f 3980 3995 3994
f 3980 3981 3995
f 3980 3968 3981
f 3599 3601 3600
f 3611 3609 3588
f 3670 3631 3632
f 3996 3604 3605
f 3996 3629 3997
f 3996 3629 3996
f 3998 3630 4000
f 3998 3629 3996
f 3997 3649 3667
f 3999 3630 3631
f 3999 3670 3650
f 3648 3626 3666
f 3666 3627 3667
f 3671 3672 3691
f 3651 3672 3671
f 3671 3691 3690
f 3646 3664 3663
f 3664 3647 3665
f 3647 3648 3665
f 4002 3693 3672
f 3680 3663 3681
f 3679 3680 3710
f 3718 3731 4003
f 3732 3731 3718
f 3722 3710 3736
f 3735 3736 4004
f 4004 3753 4005
f 3788 3779 3765
f 3800 3795 3788
f 4007 3810 4008
f 4015 3807 3800
f 3800 3807 3795
f 4010 3810 4011
f 4007 4008 4012
f 4012 4008 4013
f 4014 3810 4010
f 4013 3810 4014
f 3819 3826 4009
f 3830 3825 3838
f 3838 3825 4016
f 3838 3837 3830
f 3838 4016 3849
f 4019 4020 4025
f 4020 4026 4025
f 4020 230 4026
f 230 4027 4026
f 230 4021 4027
f 4021 4028 4027
f 4021 232 4028
f 232 4029 4028
f 232 233 4029
f 233 4030 4029
f 233 234 4030
f 234 235 4030
f 235 236 4037
f 236 237 4037
f 220 4045 4044
f 220 221 4045
f 221 4046 4045
f 221 4017 4046
f 4017 4047 4046
f 4017 223 4047
f 223 4048 4047
f 223 224 4048
f 224 225 4048
f 225 4018 4074
f 4018 4038 4074
f 4018 227 4038
f 227 4031 4038
f 227 4019 4031
f 4019 4025 4031
f 4025 4032 4031
f 4025 4026 4032
f 4026 4033 4032
f 4026 4027 4033
f 4027 4034 4033
f 4027 4028 4034
f 4028 4035 4034
f 4028 4029 4035
f 4029 4036 4035
f 4029 4030 4036
f 4030 4037 4036
f 4030 235 4037
f 4037 237 4043
f 237 238 4043
f 239 4022 4055
f 4022 4056 4055
f 4022 4023 4056
f 4023 4057 4056
f 4023 242 4057
f 242 4058 4057
f 242 4024 4058
f 4024 4044 4058
f 4024 220 4044
f 4038 4031 4039
f 4031 4040 4039
f 4031 4032 4040
f 4033 4034 4051
f 4034 4052 4051
f 4034 4035 4052
f 4035 4041 4052
f 4035 4036 4041
f 4036 4042 4041
f 4036 4037 4042
f 238 239 4067
f 239 4055 4067
f 4048 225 4049
f 225 4074 4049
f 4039 4040 4050
f 4040 4064 4050
f 4040 4032 4064
f 4032 4033 4064
f 4033 4051 4064
f 4041 4053 4052
f 4041 4042 4053
f 4042 4054 4053
f 4042 4037 4054
f 4037 4043 4054
f 4043 238 4086
f 238 4067 4086
f 4044 4060 4059
f 4044 4045 4060
f 4045 4061 4060
f 4045 4046 4061
f 4046 4073 4061
f 4046 4047 4073
f 4047 4048 4073
f 4038 4039 4062
f 4039 4063 4062
f 4039 4050 4063
f 4052 4066 4065
f 4052 4053 4066
f 4053 4054 4066
f 4056 4057 4068
f 4057 4069 4068
f 4057 4058 4069
f 4058 4059 4069
f 4058 4044 4059
f 4059 4071 4070
f 4059 4060 4071
f 4060 4072 4071
f 4060 4061 4072
f 4061 4073 4072
f 4073 4048 4085
f 4048 4049 4085
f 4074 4038 4102
f 4038 4062 4102
f 4062 4063 4075
f 4063 4076 4075
f 4063 4050 4076
f 4050 4064 4076
f 4065 4066 4077
f 4066 4078 4077
f 4066 4054 4078
f 4054 4043 4078
f 4067 4055 4087
f 4055 4088 4087
f 4055 4056 4088
f 4056 4079 4088
f 4056 4068 4079
f 4068 4080 4079
f 4068 4069 4080
f 4069 4070 4080
f 4069 4059 4070
f 4070 4082 4081
f 4070 4071 4082
f 4071 4083 4082
f 4071 4072 4083
f 4072 4084 4083
f 4072 4073 4084
f 4073 4085 4084
f 4085 4049 4094
f 4049 4074 4094
f 4064 4051 4114
f 4051 4115 4114
f 4051 4052 4115
f 4052 4065 4115
f 4078 4043 4107
f 4043 4086 4107
f 4086 4067 4095
f 4067 4087 4095
f 4088 4079 4089
f 4079 4090 4089
f 4079 4080 4090
f 4080 4081 4090
f 4080 4070 4081
f 4081 4092 4091
f 4081 4082 4092
f 4082 4093 4092
f 4082 4083 4093
f 4083 4084 4093
f 4062 4075 4104
f 4075 4076 4104
f 4076 4064 4113
f 4064 4114 4113
f 4115 4065 4105
f 4065 4106 4105
f 4065 4077 4106
f 4077 4078 4106
f 4078 4107 4106
f 4087 4088 4096
f 4088 4097 4096
f 4088 4089 4097
f 4089 4098 4097
f 4089 4090 4098
f 4090 4091 4098
f 4090 4081 4091
f 4084 4085 4099
f 4085 4100 4099
f 4085 4094 4100
f 4094 4101 4100
f 4094 4074 4101
f 4074 4102 4101
f 4102 4062 4103
f 4062 4104 4103
f 4104 4076 4112
f 4076 4113 4112
f 4107 4086 4108
f 4086 4109 4108
f 4086 4095 4109
f 4095 4110 4109
f 4095 4087 4110
f 4087 4096 4110
f 4093 4084 4121
f 4084 4099 4121
f 4103 4104 4111
f 4104 4112 4111
f 4105 4106 4116
f 4106 4117 4116
f 4106 4107 4117
f 4091 4119 4118
f 4091 4092 4119
f 4092 4120 4119
f 4092 4093 4120
f 4093 4121 4120
f 4121 4099 4122
f 4099 4100 4122
f 4115 4105 4132
f 4105 4116 4132
f 4109 4110 4123
f 4110 4124 4123
f 4110 4096 4124
f 4096 4125 4124
f 4096 4097 4125
f 4097 4126 4125
f 4097 4098 4126
f 4098 4118 4126
f 4098 4091 4118
f 4118 4128 4127
f 4118 4119 4128
f 4119 4129 4128
f 4119 4120 4129
f 4120 4121 4129
f 4101 4102 4145
f 4102 4146 4145
f 4102 4103 4146
f 4103 4111 4146
f 4112 4113 4136
f 4113 4130 4136
f 4113 4114 4130
f 4114 4131 4130
f 4114 4115 4131
f 4115 4132 4131
f 4108 4109 4157
f 4109 4123 4157
f 4123 4124 4133
f 4124 4134 4133
f 4124 4125 4134
f 4125 4135 4134
f 4125 4126 4135
f 4126 4127 4135
f 4126 4118 4127
f 4121 4122 4142
f 4122 4100 4142
f 4111 4112 4137
f 4112 4136 4137
f 4132 4116 4153
f 4116 4154 4153
f 4116 4117 4154
f 4117 4155 4154
f 4117 4107 4155
f 4107 4108 4155
f 4127 4128 4139
f 4128 4140 4139
f 4128 4129 4140
f 4129 4121 4140
f 4146 4111 4147
f 4111 4137 4147
f 4136 4130 4150
f 4130 4151 4150
f 4130 4131 4151
f 4131 4152 4151
f 4131 4132 4152
f 4132 4153 4152
f 4155 4108 4156
f 4108 4157 4156
f 4157 4123 4158
f 4123 4159 4158
f 4123 4133 4159
f 4133 4160 4159
f 4133 4134 4160
f 4134 4161 4160
f 4134 4135 4161
f 4135 4127 4161
f 4127 4139 4138
f 4140 4121 4141
f 4121 4142 4141
f 4142 4100 4143
f 4100 4144 4143
f 4100 4101 4144
f 4101 4145 4144
f 4147 4137 4148
f 4137 4149 4148
f 4137 4136 4149
f 4136 4150 4149
f 4161 4127 4138
f 4138 4163 4162
f 4138 4139 4163
f 4139 4164 4163
f 4139 4140 4164
f 4140 4165 4164
f 4140 4141 4165
f 4141 4166 4165
f 4141 4142 4166
f 4142 4167 4166
f 4142 4143 4167
f 4143 4168 4167
f 4143 4144 4168
f 4144 4169 4168
f 4144 4145 4169
f 4145 4170 4169
f 4145 4146 4170
f 4146 4171 4170
f 4146 4147 4171
f 4147 4172 4171
f 4147 4148 4172
f 4148 4173 4172
f 4148 4149 4173
f 4149 4174 4173
f 4149 4150 4174
f 4150 4175 4174
f 4150 4151 4175
f 4151 4176 4175
f 4151 4152 4176
f 4152 4177 4176
f 4152 4153 4177
f 4153 4178 4177
f 4153 4154 4178
f 4154 4179 4178
f 4154 4155 4179
f 4155 4180 4179
f 4155 4156 4180
f 4156 4181 4180
f 4156 4157 4181
f 4157 4182 4181
f 4157 4158 4182
f 4158 4183 4182
f 4158 4159 4183
f 4159 4184 4183
f 4159 4160 4184
f 4160 4185 4184
f 4160 4161 4185
f 4161 4162 4185
f 4161 4138 4162
f 4162 4187 4186
f 4162 4163 4187
f 4163 4188 4187
f 4163 4164 4188
f 4164 4189 4188
f 4164 4165 4189
f 4165 4190 4189
f 4165 4166 4190
f 4166 4191 4190
f 4166 4167 4191
f 4167 4192 4191
f 4167 4168 4192
f 4168 4193 4192
f 4168 4169 4193
f 4169 4194 4193
f 4169 4170 4194
f 4170 4195 4194
f 4170 4171 4195
f 4171 4196 4195
f 4171 4172 4196
f 4172 4197 4196
f 4172 4173 4197
f 4173 4198 4197
f 4173 4174 4198
f 4174 4199 4198
f 4174 4175 4199
f 4175 4200 4199
f 4175 4176 4200
f 4176 4201 4200
f 4176 4177 4201
f 4177 4202 4201
f 4177 4178 4202
f 4178 4203 4202
f 4178 4179 4203
f 4179 4204 4203
f 4179 4180 4204
f 4180 4205 4204
f 4180 4181 4205
f 4181 4206 4205
f 4181 4182 4206
f 4182 4207 4206
f 4182 4183 4207
f 4183 4208 4207
f 4183 4184 4208
f 4184 4209 4208
f 4184 4185 4209
f 4185 4186 4209
f 4185 4162 4186
f 4186 4211 4210
f 4186 4187 4211
f 4187 4212 4211
f 4187 4188 4212
f 4188 4213 4212
f 4188 4189 4213
f 4189 4214 4213
f 4189 4190 4214
f 4190 4215 4214
f 4190 4191 4215
f 4191 4216 4215
f 4191 4192 4216
f 4192 4217 4216
f 4192 4193 4217
f 4193 4218 4217
f 4193 4194 4218
f 4194 4219 4218
f 4194 4195 4219
f 4195 4220 4219
f 4195 4196 4220
f 4196 4221 4220
f 4196 4197 4221
f 4197 4222 4221
f 4197 4198 4222
f 4198 4223 4222
f 4198 4199 4223
f 4199 4224 4223
f 4199 4200 4224
f 4200 4225 4224
f 4200 4201 4225
f 4201 4226 4225
f 4201 4202 4226
f 4202 4227 4226
f 4202 4203 4227
f 4203 4228 4227
f 4203 4204 4228
f 4204 4229 4228
f 4204 4205 4229
f 4205 4230 4229
f 4205 4206 4230
f 4206 4231 4230
f 4206 4207 4231
f 4207 4232 4231
f 4207 4208 4232
f 4208 4233 4232
f 4208 4209 4233
f 4209 4210 4233
f 4209 4186 4210
f 4218 4219 4239
f 4219 4236 4239
f 4219 4220 4236
f 4220 4234 4236
f 4220 4221 4234
f 4221 4235 4234
f 4221 4222 4235
f 4222 4237 4235
f 4222 4223 4237
f 4223 4238 4237
f 4223 4224 4238
f 4224 4240 4238
f 4224 4225 4240
f 4225 4226 4240
f 4230 4231 4258
f 4231 4246 4258
f 4231 4232 4246
f 4232 4233 4246
f 4210 4244 4243
f 4210 4211 4244
f 4211 4212 4244
f 4217 4218 4241
f 4218 4239 4241
f 4240 4226 4242
f 4226 4279 4242
f 4226 4227 4279
f 4227 4285 4279
f 4227 4228 4285
f 4228 4286 4285
f 4228 4229 4286
f 4229 4269 4286
f 4229 4230 4269
f 4230 4258 4269
f 4233 4210 4243
f 4244 4212 4245
f 4212 4213 4245
f 4216 4217 4272
f 4217 4241 4272
f 4245 4213 4250
f 4213 4262 4250
f 4213 4214 4262
f 4214 4215 4262
f 4239 4236 4252
f 4236 4253 4252
f 4236 4234 4253
f 4234 4254 4253
f 4234 4235 4254
f 4235 4255 4254
f 4235 4237 4255
f 4237 4238 4255
f 4262 4215 4271
f 4215 4282 4271
f 4215 4216 4282
f 4216 4272 4282
f 4255 4238 4256
f 4238 4257 4256
f 4238 4240 4257
f 4240 4242 4257
f 4246 4233 4247
f 4233 4243 4247
f 4243 4249 4248
f 4243 4244 4249
f 4244 4261 4249
f 4244 4245 4261
f 4245 4250 4261
f 4272 4241 4263
f 4241 4251 4263
f 4241 4239 4251
f 4239 4252 4251
f 4257 4242 4268
f 4242 4279 4268
f 4258 4246 4259
f 4246 4260 4259
f 4246 4247 4260
f 4247 4248 4260
f 4247 4243 4248
f 4263 4251 4274
f 4251 4275 4274
f 4251 4252 4275
f 4252 4264 4275
f 4252 4253 4264
f 4253 4265 4264
f 4253 4254 4265
f 4254 4266 4265
f 4254 4255 4266
f 4255 4267 4266
f 4255 4256 4267
f 4256 4277 4267
f 4256 4257 4277
f 4257 4268 4277
f 4248 4280 4270
f 4248 4249 4280
f 4249 4261 4280
f 4272 4263 4273
f 4263 4274 4273
f 4266 4267 4276
f 4267 4953 4954
f 4277 4268 4278
f 4268 4279 4278
f 4269 4258 4309
f 4258 4290 4309
f 4258 4259 4290
f 4259 4287 4290
f 4259 4260 4287
f 4260 4270 4287
f 4260 4248 4270
f 4261 4250 4305
f 4250 4262 4305
f 4746 4273 4274
f 3996 4274 4275
f 4265 4266 4281
f 4281 4266 3566
f 4967 4966 4276
f 4276 4964 4965
f 4277 4968 3568
f 4277 4278 4968
f 4278 4976 4975
f 4753 4282 4272
f 4762 4272 4273
f 4264 4265 4283
f 4265 4281 4284
f 4284 4281 4978
f 4279 4285 4981
f 4765 4282 4764
f 4758 4283 4757
f 4283 4265 4289
f 4265 4284 4289
f 4285 4286 4288
f 4766 4282 4765
f 4289 4284 4292
f 4284 4993 4992
f 4271 4282 4291
f 4291 4771 4777
f 4289 4775 4767
f 4293 5002 5001
f 4994 4288 4293
f 4288 4286 4293
f 4286 4269 4323
f 4269 4309 4323
f 4270 4303 4302
f 4270 4280 4303
f 4280 4304 4303
f 4280 4261 4304
f 4261 4305 4304
f 4305 4262 4320
f 4262 4271 4320
f 4271 4291 4294
f 4799 4294 4796
f 4773 4289 4772
f 4289 4292 4295
f 4292 4997 4996
f 4296 5029 5028
f 4296 5018 4293
f 4293 4286 4296
f 4287 4270 4302
f 4271 4294 4297
f 4814 4815 4807
f 4774 4298 4779
f 4772 4289 4298
f 4289 4299 4298
f 4289 4295 4299
f 4299 4295 4998
f 4300 4818 4809
f 4801 4300 4806
f 4298 4301 4300
f 4298 4299 4301
f 4301 4299 5030
f 4299 5032 5031
f 4309 4290 4310
f 4290 4287 4310
f 4320 4271 4327
f 4271 4306 4327
f 4271 4297 4306
f 4821 4307 4826
f 4300 4308 4307
f 4300 4301 4308
f 4308 4301 5044
f 4301 5041 5040
f 4296 4286 4328
f 4286 4323 4328
f 4310 4287 4311
f 4287 4302 4311
f 4827 4306 4828
f 4825 4307 4829
f 4307 4312 4317
f 4307 4308 4312
f 4312 4308 5047
f 5050 4296 4313
f 4296 4328 4313
f 4302 4315 4314
f 4302 4303 4315
f 4303 4319 4315
f 4303 4304 4319
f 4304 4305 4319
f 4327 4306 4316
f 4832 4833 4317
f 4317 4312 4318
f 4318 4312 5052
f 4312 3580 3578
f 5053 4313 5056
f 4323 4309 4324
f 4309 4325 4324
f 4309 4310 4325
f 4310 4326 4325
f 4310 4311 4326
f 4311 4314 4326
f 4311 4302 4314
f 4314 4330 4329
f 4314 4315 4330
f 4315 4319 4330
f 4319 4305 4331
f 4305 4320 4331
f 4837 4327 4316
f 4840 4317 4839
f 4317 4334 4321
f 4317 4318 4334
f 4318 3579 3582
f 5056 4313 4322
f 4313 4328 4322
f 4326 4314 4329
f 4842 4327 4841
f 5056 4322 5057
f 4320 4327 4332
f 4327 4853 4332
f 4843 4327 4842
f 4848 4333 4847
f 4849 4333 4848
f 4850 4321 4849
f 5058 4334 3583
f 5060 4335 5061
f 4335 5055 4322
f 4322 4328 4335
f 4330 4319 4339
f 4319 4331 4339
f 4858 4337 4857
f 4337 4858 4845
f 4333 4321 4337
f 4321 4334 4336
f 5069 4336 5070
f 5062 4335 5063
f 4860 4337 4859
f 5065 4336 5066
f 4336 5067 5066
f 5063 4335 4338
f 4335 4328 4338
f 4328 4323 4349
f 4323 4344 4349
f 4323 4324 4344
f 4324 4345 4344
f 4324 4325 4345
f 4325 4346 4345
f 4325 4326 4346
f 4326 4329 4346
f 4329 4381 4380
f 4329 4330 4381
f 4330 4339 4381
f 4331 4320 4351
f 4320 4332 4351
f 4340 4861 4855
f 4337 4321 4340
f 4321 4336 4341
f 4341 4336 5073
f 5076 4338 5077
f 4338 4328 4361
f 4328 4349 4361
f 4346 4329 4380
f 4866 4342 4865
f 4342 4867 4862
f 4340 4321 4342
f 4321 4341 4343
f 5080 4343 5081
f 4341 5075 5074
f 4381 4339 4355
f 4339 4350 4355
f 4339 4331 4350
f 4331 4351 4350
f 4351 4332 4356
f 4332 4873 4356
f 4870 4342 4869
f 4342 4321 4358
f 4321 4343 4358
f 5080 5082 4347
f 4347 5089 5088
f 5084 4338 4348
f 4338 4361 4348
f 4869 4342 4352
f 4342 4358 4352
f 4343 4347 4353
f 4353 4347 5085
f 5092 4348 4354
f 4348 4361 4354
f 4355 4350 4366
f 4350 4351 4366
f 4352 4358 4357
f 4358 4343 4359
f 4343 4360 4359
f 4343 4353 4360
f 4360 4353 5104
f 5109 5108 4354
f 4361 4349 4370
f 4349 4374 4370
f 4349 4344 4374
f 4344 4375 4374
f 4344 4345 4375
f 4345 4346 4375
f 4381 4355 4379
f 4355 4366 4379
f 4366 4351 4367
f 4351 4362 4367
f 4351 4356 4362
f 4356 4891 4362
f 4009 4363 4899
f 4008 4357 4012
f 4357 4358 4369
f 4358 4359 4376
f 4359 4364 4376
f 4359 4360 4364
f 4364 4360 5111
f 4365 5106 5105
f 5107 4361 5105
f 4361 4370 4365
f 4375 4346 4391
f 4346 4380 4391
f 4362 4889 4890
f 4896 4368 4895
f 4363 4369 4368
f 4369 4358 4385
f 4358 4376 4385
f 4376 4364 4372
f 4364 5122 5121
f 5113 4365 5114
f 5115 4365 5113
f 4362 4905 4906
f 4898 4371 4897
f 4895 4368 4371
f 4368 4369 4371
f 5118 4372 5119
f 5130 4373 5131
f 5114 4365 4373
f 4365 4370 4373
f 4367 4362 4377
f 4362 4907 4015
f 4913 4378 4912
f 4371 4369 4378
f 5138 4372 5139
f 5132 4373 5133
f 4377 4015 4908
f 4915 4378 4914
f 4376 4372 4386
f 5140 4386 5141
f 5124 4373 5123
f 4377 4901 4902
f 4917 4378 4916
f 5134 4386 5142
f 5125 4373 5126
f 4366 4367 4382
f 4367 4383 4382
f 4367 4377 4383
f 4377 4903 4904
f 4919 4384 4918
f 4916 4378 4384
f 4378 4369 4384
f 5135 4386 5136
f 5127 4387 5128
f 5126 4373 4387
f 4373 4388 4387
f 4373 4370 4388
f 4370 4389 4388
f 4370 4374 4389
f 4374 4390 4389
f 4374 4375 4390
f 4375 4391 4390
f 4380 4393 4392
f 4380 4381 4393
f 4381 4394 4393
f 4381 4379 4394
f 4379 4395 4394
f 4379 4366 4395
f 4366 4382 4395
f 4382 4383 4396
f 4384 4385 4403
f 4384 4369 4385
f 4376 4386 4397
f 5144 4397 5145
f 5128 4387 4398
f 4387 4388 4398
f 4389 4390 4399
f 4390 4400 4399
f 4390 4391 4400
f 4391 4392 4400
f 4391 4380 4392
f 4394 4395 4401
f 4395 4382 4401
f 4382 4396 4402
f 4923 4396 4922
f 4939 4403 4938
f 5144 5148 4404
f 5152 4405 5153
f 4405 5150 5149
f 5151 4398 5149
f 4398 4388 4406
f 4388 4407 4406
f 4388 4389 4407
f 4389 4399 4407
f 4401 4408 4394
f 4401 4382 4408
f 4382 4402 4408
f 4402 4928 4409
f 4930 4409 4929
f 4937 4403 4936
f 4385 4376 4415
f 4376 4397 4415
f 4397 4404 4427
f 5160 4427 5161
f 4404 5162 5161
f 4410 5158 5157
f 5153 4405 4410
f 4405 4411 4410
f 4405 4398 4411
f 4398 4406 4411
f 4406 4407 4399
f 4392 4393 4394
f 4394 4408 4412
f 4408 4423 4412
f 4408 4402 4423
f 4402 4424 4423
f 4402 4409 4424
f 4409 4425 4424
f 4409 4940 4941
f 4942 4425 4941
f 4944 4945 4413
f 4933 4934 4413
f 4935 4414 4934
f 4932 4403 4414
f 4403 4385 4414
f 4397 4427 4415
f 4416 5170 5169
f 4417 5165 5164
f 5166 4418 5164
f 5167 4410 5166
f 4410 4419 4418
f 4410 4411 4419
f 4411 4420 4419
f 4411 4406 4420
f 4406 4399 4420
f 4400 4392 4399
f 4392 4394 4421
f 4394 4412 4422
f 4412 4423 4422
f 4416 4417 4428
f 4417 4429 4428
f 4417 4418 4429
f 4418 4430 4429
f 4418 4419 4430
f 4419 4399 4430
f 4419 4420 4399
f 4399 4392 4421
f 4394 4431 4421
f 4394 4422 4431
f 4422 4432 4431
f 4422 4423 4432
f 4423 4433 4432
f 4423 4424 4433
f 4424 4434 4433
f 4424 4425 4434
f 4425 4435 4434
f 4425 4426 4435
f 4426 4436 4435
f 4426 4413 4436
f 4413 4414 4436
f 4414 4437 4436
f 4414 4385 4437
f 4385 4415 4437
f 4415 4438 4437
f 4415 4439 4438
f 4415 4427 4439
f 4427 4440 4439
f 4427 4416 4440
f 4416 4441 4440
f 4416 4428 4441
f 4428 4442 4441
f 4428 4429 4442
f 4429 4430 4442
f 4430 4443 4442
f 4430 4399 4443
f 4399 4444 4443
f 4399 4421 4444
f 4433 4434 4432
f 4431 4432 4445
f 4432 4446 4445
f 4432 4434 4446
f 4434 4447 4446
f 4434 4435 4447
f 4435 4448 4447
f 4435 4436 4448
f 4436 4449 4448
f 4436 4437 4449
f 4437 4450 4449
f 4437 4451 4450
f 4437 4438 4451
f 4438 4452 4451
f 4438 4439 4452
f 4439 4440 4452
f 4440 4454 4452
f 4440 4441 4454
f 4441 4442 4454
f 4442 4443 4454
f 4446 4455 4445
f 4446 4447 4455
f 4447 4448 4455
f 4448 4456 4455
f 4448 4449 4456
f 4449 4457 4456
f 4449 4458 4457
f 4449 4450 4458
f 4450 4459 4458
f 4450 4451 4459
f 4451 4452 4459
f 4452 4460 4459
f 4452 4454 4460
f 4453 4443 4454
f 4454 4453 4443
f 4445 4462 4431
f 4445 4455 4462
f 4460 4454 4463
f 4454 4443 4463
f 4444 4421 4461
f 4462 4455 4464
f 4455 4456 4465
f 4456 4457 4465
f 4458 4459 4466
f 4459 4460 4467
f 4460 4463 4467
f 4461 4421 4468
f 4421 4431 4468
f 4467 4463 4469
f 4463 4443 4469
f 4431 4462 4470
f 4462 4464 4470
f 4464 4455 4471
f 4455 4465 4471
f 4465 4457 4505
f 4457 4458 4476
f 4458 4466 4476
f 4466 4459 4472
f 4459 4467 4472
f 4467 4469 4473
f 4469 4443 4473
f 4431 4474 4468
f 4431 4470 4474
f 4470 4475 4474
f 4470 4464 4475
f 4464 4471 4475
f 4457 4476 4505
f 4476 4466 4506
f 4466 4488 4506
f 4466 4472 4488
f 4472 4477 4488
f 4472 4467 4477
f 4467 4478 4477
f 4467 4473 4478
f 4473 4443 4478
f 4444 4461 4443
f 4461 4468 4479
f 4468 4481 4480
f 4468 4474 4481
f 4474 4487 4481
f 4474 4475 4487
f 4475 4503 4487
f 4475 4471 4503
f 4471 4482 4503
f 4471 4465 4482
f 4488 4477 4483
f 4477 4484 4483
f 4477 4478 4484
f 4478 4485 4484
f 4478 4443 4485
f 4443 4461 4486
f 4461 4479 4486
f 4465 4505 4482
f 4476 4506 4505
f 4488 4483 4489
f 4483 4490 4489
f 4483 4484 4490
f 4484 4491 4490
f 4484 4485 4491
f 4485 4443 4491
f 4468 4480 4493
f 4480 4494 4493
f 4480 4481 4494
f 4481 4487 4494
f 4506 4488 4507
f 4488 4495 4507
f 4488 4489 4495
f 4489 4496 4495
f 4489 4490 4496
f 4490 4497 4496
f 4490 4491 4497
f 4491 4443 4497
f 4486 4479 4492
f 4492 4499 4498
f 4492 4479 4499
f 4479 4468 4499
f 4468 4493 4500
f 4493 4501 4500
f 4493 4494 4501
f 4494 4502 4501
f 4494 4487 4502
f 4487 4503 4502
f 4482 4505 4504
f 4507 4495 4508
f 4495 4509 4508
f 4495 4496 4509
f 4496 4510 4509
f 4496 4497 4510
f 4497 4443 4510
f 4486 4492 4498
f 4499 4468 4511
f 4468 4512 4511
f 4468 4513 4512
f 4468 4514 4513
f 4468 4500 4514
f 4500 4516 4514
f 4500 4501 4516
f 4501 4527 4516
f 4501 4502 4527
f 4502 4503 4527
f 4503 4482 4517
f 4482 4504 4517
f 4504 4505 4515
f 4505 4520 4515
f 4505 4506 4520
f 4507 4554 4506
f 4507 4508 4554
f 4508 4545 4554
f 4508 4509 4545
f 4509 4521 4545
f 4509 4510 4521
f 4510 4522 4521
f 4510 4443 4522
f 4443 4523 4522
f 4443 4486 4498
f 4499 4511 4524
f 4511 4535 4524
f 4511 4512 4535
f 4512 4513 4535
f 4517 4504 4518
f 4504 4519 4518
f 4504 4515 4519
f 4515 4520 4519
f 4523 4443 4534
f 4443 4498 4534
f 4535 4513 4525
f 4513 4526 4525
f 4513 4514 4526
f 4514 4516 4526
f 4527 4503 4528
f 4503 4529 4528
f 4503 4517 4529
f 4517 4530 4529
f 4517 4518 4530
f 4518 4531 4530
f 4518 4519 4531
f 4519 4532 4531
f 4519 4520 4532
f 4520 4533 4532
f 4520 4506 4533
f 4506 4544 4533
f 4506 4554 4544
f 4535 4525 4536
f 4525 4537 4536
f 4525 4526 4537
f 4526 4538 4537
f 4526 4516 4538
f 4516 4527 4538
f 4528 4529 4539
f 4529 4540 4539
f 4529 4530 4540
f 4530 4541 4540
f 4530 4531 4541
f 4531 4542 4541
f 4531 4532 4542
f 4532 4543 4542
f 4532 4533 4543
f 4533 4544 4543
f 4545 4521 4546
f 4521 4547 4546
f 4521 4522 4547
f 4522 4523 4547
f 4535 4536 4548
f 4536 4549 4548
f 4536 4537 4549
f 4537 4550 4549
f 4537 4538 4550
f 4538 4551 4550
f 4538 4527 4551
f 4527 4528 4551
f 4540 4541 4552
f 4541 4553 4552
f 4541 4542 4553
f 4542 4543 4553
f 4554 4545 4555
f 4545 4556 4555
f 4545 4546 4556
f 4546 4557 4556
f 4546 4547 4557
f 4547 4564 4557
f 4547 4523 4564
f 4523 4558 4564
f 4523 4534 4558
f 4534 4498 4558
f 4499 4568 4566
f 4499 4524 4568
f 4524 4535 4568
f 4535 4548 4559
f 4548 4560 4559
f 4548 4549 4560
f 4549 4574 4560
f 4549 4550 4574
f 4550 4551 4574
f 4554 4555 4561
f 4555 4562 4561
f 4555 4556 4562
f 4556 4563 4562
f 4556 4557 4563
f 4557 4564 4563
f 4558 4498 4565
f 4535 4559 4572
f 4559 4573 4572
f 4559 4560 4573
f 4560 4574 4573
f 4554 4561 4584
f 4561 4585 4584
f 4561 4562 4585
f 4562 4586 4585
f 4562 4563 4586
f 4563 4564 4586
f 4564 4558 4588
f 4558 4589 4588
f 4558 4565 4589
f 4565 4498 4589
f 4499 4566 4567
f 4566 4568 4567
f 4568 4535 4571
f 4535 4572 4571
f 4499 4567 4569
f 4567 4570 4569
f 4567 4568 4570
f 4568 4571 4570
f 4574 4551 4575
f 4551 4576 4575
f 4551 4528 4576
f 4528 4577 4576
f 4528 4539 4577
f 4539 4578 4577
f 4539 4540 4578
f 4540 4579 4578
f 4540 4552 4579
f 4552 4580 4579
f 4552 4553 4580
f 4553 4581 4580
f 4553 4543 4581
f 4543 4582 4581
f 4543 4544 4582
f 4544 4583 4582
f 4544 4554 4583
f 4554 4584 4583
f 4586 4564 4587
f 4564 4588 4587
f 4498 4591 4590
f 4498 4499 4591
f 4499 4498 4591
f 4569 4499 4498
f 4569 4592 4498
f 4569 4570 4592
f 4570 4498 4592
f 4570 4571 4498
f 4571 4572 4498
f 4572 4573 4498
f 4573 4593 4498
f 4573 4574 4593
f 4574 4594 4593
f 4574 4575 4594
f 4575 4595 4594
f 4575 4576 4595
f 4576 4596 4595
f 4576 4577 4596
f 4577 4597 4596
f 4577 4578 4597
f 4578 4598 4597
f 4578 4579 4598
f 4579 4599 4598
f 4579 4580 4599
f 4580 4600 4599
f 4580 4581 4600
f 4581 4601 4600
f 4581 4582 4601
f 4582 4602 4601
f 4582 4583 4602
f 4583 4603 4602
f 4583 4584 4603
f 4584 4604 4603
f 4584 4585 4604
f 4585 4605 4604
f 4585 4586 4605
f 4586 4606 4605
f 4586 4587 4606
f 4587 4607 4606
f 4587 4588 4607
f 4588 4608 4607
f 4588 4589 4608
f 4589 4609 4608
f 4589 4498 4609
f 4498 4590 4609
f 4590 4611 4610
f 4590 4591 4611
f 4591 4612 4611
f 4498 4591 4612
f 4498 4613 4612
f 4592 4498 4613
f 4592 4614 4613
f 4592 4498 4614
f 4498 4615 4614
f 4498 4616 4615
f 4498 4617 4616
f 4498 4593 4617
f 4593 4618 4617
f 4593 4594 4618
f 4594 4619 4618
f 4594 4595 4619
f 4595 4620 4619
f 4595 4596 4620
f 4596 4621 4620
f 4596 4597 4621
f 4597 4622 4621
f 4597 4598 4622
f 4598 4623 4622
f 4598 4599 4623
f 4599 4624 4623
f 4599 4600 4624
f 4600 4625 4624
f 4600 4601 4625
f 4601 4626 4625
f 4601 4602 4626
f 4602 4627 4626
f 4602 4603 4627
f 4603 4628 4627
f 4603 4604 4628
f 4604 4629 4628
f 4604 4605 4629
f 4605 4630 4629
f 4605 4606 4630
f 4606 4631 4630
f 4606 4607 4631
f 4607 4632 4631
f 4607 4608 4632
f 4608 4633 4632
f 4608 4609 4633
f 4609 4610 4633
f 4609 4590 4610
f 4610 4635 4634
f 4610 4611 4635
f 4611 4658 4635
f 4611 4612 4658
f 4612 4636 4658
f 4612 4613 4636
f 4613 4637 4636
f 4613 4614 4637
f 4614 4638 4637
f 4614 4615 4638
f 4615 4639 4638
f 4615 4616 4639
f 4616 4640 4639
f 4616 4617 4640
f 4617 4641 4640
f 4617 4618 4641
f 4618 4642 4641
f 4618 4619 4642
f 4619 4643 4642
f 4619 4620 4643
f 4620 4644 4643
f 4620 4621 4644
f 4621 4645 4644
f 4621 4622 4645
f 4622 4646 4645
f 4622 4623 4646
f 4623 4647 4646
f 4623 4624 4647
f 4624 4648 4647
f 4624 4625 4648
f 4625 4649 4648
f 4625 4626 4649
f 4626 4650 4649
f 4626 4627 4650
f 4627 4651 4650
f 4627 4628 4651
f 4628 4652 4651
f 4628 4629 4652
f 4629 4653 4652
f 4629 4630 4653
f 4630 4654 4653
f 4630 4631 4654
f 4631 4655 4654
f 4631 4632 4655
f 4632 4656 4655
f 4632 4633 4656
f 4633 4634 4656
f 4633 4610 4634
f 4634 4675 4657
f 4634 4635 4675
f 4635 4658 4675
f 4658 4636 4659
f 4636 4660 4659
f 4636 4637 4660
f 4637 4661 4660
f 4637 4638 4661
f 4638 4662 4661
f 4638 4639 4662
f 4639 4663 4662
f 4639 4640 4663
f 4640 4664 4663
f 4640 4641 4664
f 4641 4665 4664
f 4641 4642 4665
f 4642 4643 4665
f 4644 4645 4678
f 4645 4646 4678
f 4648 4649 4666
f 4649 4667 4666
f 4649 4650 4667
f 4650 4668 4667
f 4650 4651 4668
f 4651 4669 4668
f 4651 4652 4669
f 4652 4670 4669
f 4652 4653 4670
f 4653 4671 4670
f 4653 4654 4671
f 4654 4672 4671
f 4654 4655 4672
f 4655 4673 4672
f 4655 4656 4673
f 4656 4657 4673
f 4656 4634 4657
f 4657 4675 4674
f 4661 4662 4694
f 4662 4676 4694
f 4662 4663 4676
f 4663 4664 4676
f 4643 4644 4677
f 4644 4678 4677
f 4678 4646 4679
f 4646 4647 4679
f 4647 4680 4679
f 4647 4648 4680
f 4648 4666 4680
f 4666 4681 4680
f 4666 4667 4681
f 4667 4682 4681
f 4667 4668 4682
f 4668 4683 4682
f 4668 4669 4683
f 4669 4684 4683
f 4669 4670 4684
f 4670 4685 4684
f 4670 4671 4685
f 4671 4686 4685
f 4671 4672 4686
f 4672 4687 4686
f 4672 4673 4687
f 4673 4674 4687
f 4673 4657 4674
f 4674 4689 4688
f 4674 4675 4689
f 4675 4690 4689
f 4675 4658 4690
f 4658 4691 4690
f 4658 4659 4691
f 4659 4692 4691
f 4659 4660 4692
f 4660 4693 4692
f 4660 4661 4693
f 4661 4694 4693
f 4694 4676 4695
f 4676 4696 4695
f 4676 4664 4696
f 4664 4697 4696
f 4664 4665 4697
f 4665 4698 4697
f 4665 4643 4698
f 4643 4699 4698
f 4643 4677 4699
f 4677 4700 4699
f 4677 4678 4700
f 4678 4701 4700
f 4678 4679 4701
f 4679 4702 4701
f 4679 4703 4702
f 4679 4680 4703
f 4680 4704 4703
f 4680 4705 4704
f 4680 4681 4705
f 4681 4706 4705
f 4681 4682 4706
f 4682 4707 4706
f 4682 4683 4707
f 4683 4708 4707
f 4683 4684 4708
f 4684 4709 4708
f 4684 4685 4709
f 4685 4710 4709
f 4685 4686 4710
f 4686 4711 4710
f 4686 4687 4711
f 4687 4688 4711
f 4687 4674 4688
f 4688 4713 4712
f 4688 4689 4713
f 4689 4714 4713
f 4689 4690 4714
f 4690 4715 4714
f 4690 4691 4715
f 4691 4716 4715
f 4691 4692 4716
f 4692 4717 4716
f 4692 4693 4717
f 4693 4718 4717
f 4693 4694 4718
f 4694 4719 4718
f 4694 4695 4719
f 4695 4720 4719
f 4695 4696 4720
f 4696 4721 4720
f 4696 4697 4721
f 4697 4722 4721
f 4697 4698 4722
f 4698 4723 4722
f 4698 4699 4723
f 4699 4724 4723
f 4699 4700 4724
f 4700 4725 4724
f 4700 4701 4725
f 4701 4726 4725
f 4701 4702 4726
f 4702 4727 4726
f 4702 4703 4727
f 4703 4728 4727
f 4703 4704 4728
f 4704 4729 4728
f 4704 4705 4729
f 4705 4730 4729
f 4705 4706 4730
f 4706 4731 4730
f 4706 4707 4731
f 4707 4732 4731
f 4707 4708 4732
f 4708 4733 4732
f 4708 4709 4733
f 4709 4734 4733
f 4709 4710 4734
f 4710 4735 4734
f 4710 4711 4735
f 4711 4712 4735
f 4711 4688 4712
f 4728 4729 4727
f 3998 4274 3996
f 4000 4274 3998
f 4736 4275 4264
f 4264 4283 4737
f 4740 4275 4739
f 4742 4275 4741
f 4743 4275 4742
f 4744 4274 4000
f 4745 4274 4744
f 4750 4273 4746
f 4283 4760 4747
f 4737 4283 4748
f 4749 4737 4748
f 4751 4273 4750
f 4001 4273 4751
f 4752 4272 4754
f 4002 4282 4753
f 4757 4283 4755
f 4760 4283 4759
f 4761 4273 4001
f 4763 4272 4762
f 4754 4272 4763
f 4769 4289 4768
f 4770 4289 4769
f 4756 4289 4770
f 4778 4298 4783
f 4775 4289 4773
f 4780 4781 4777
f 4782 4298 4787
f 4291 4781 4785
f 4786 4298 4789
f 4788 4298 4791
f 4790 4298 4794
f 4792 4291 4785
f 4793 4298 4798
f 4797 4298 4803
f 4291 4795 4796
f 4803 4298 4802
f 4800 4294 4799
f 4804 4294 4800
f 4300 4813 4805
f 4294 4804 4808
f 4811 4300 4810
f 4812 4300 4811
f 4813 4300 4812
f 4818 4300 4817
f 4297 4815 4820
f 4826 4307 4825
f 4816 4307 4822
f 4828 4306 4823
f 4829 4317 4834
f 4306 4830 4831
f 4317 4840 4832
f 4834 4317 4833
f 4306 4835 4316
f 4844 4327 4837
f 4839 4321 4838
f 4847 4333 4846
f 4332 4854 4852
f 4853 4327 4843
f 4859 4337 4856
f 4867 4342 4866
f 4872 4342 4870
f 4874 4352 4879
f 4876 4352 4875
f 4878 4357 4882
f 4886 4356 4884
f 4885 4357 4008
f 4014 4012 4363
f 4362 4892 4889
f 4891 4356 4893
f 4356 4888 4893
f 4899 4363 4896
f 4377 4908 4900
f 4901 4377 4900
f 4903 4377 4902
f 4905 4362 4909
f 4907 4362 4906
f 4926 4396 4925
f 4396 4924 4922
f 4396 4926 4924
f 4938 4403 4937
f 4402 4931 4928
f 4931 4396 4923
f 4950 4413 4949
f 4940 4409 4930
f 4943 4426 4942
f 4016 4426 4943
f 4944 4426 4016
f 4946 4413 4945
f 4947 4413 4946
f 4948 4413 4947
f 4949 4413 4948
f 4951 4413 4950
f 4952 4933 4951
f 3595 3603 3596
f 3591 3605 3604
f 3589 3609 3590
f 3991 3992 3993
f 4294 4808 4807
f 4297 4824 4823
f 4723 4724 4725
f 4722 4723 4725
f 4722 4725 4726
f 4721 4722 4726
f 4721 4726 4727
f 4720 4721 4727
f 4719 4720 4727
f 4717 4718 4727
f 4716 4717 4727
f 4715 4716 4727
f 4714 4715 4727
f 4713 4714 4727
f 4732 4733 4727
f 4730 4731 4727
f 4729 4730 4727
f 4776 4777 4771
f 4784 4785 4781
f 4267 4277 4953
f 4276 4962 4963
f 4955 4267 4954
f 4956 4267 4955
f 4276 4961 4962
f 4957 4267 4956
f 4958 4267 4957
f 4276 4960 4961
f 4959 4267 4958
f 4276 4959 4960
f 4276 4267 4959
f 4277 4969 4971
f 4964 4276 4963
f 4967 4276 4965
f 4277 3568 4969
f 4970 4968 4278
f 4278 4973 4970
f 4953 4277 4971
f 4978 4281 3566
f 4266 4972 3566
f 4266 4966 4972
f 4278 4974 4973
f 4278 4979 4974
f 4979 4278 4975
f 4278 4279 4976
f 4279 4980 4976
f 4987 4284 4977
f 4279 4981 4980
f 4982 4981 4285
f 4285 3569 4982
f 4285 4983 3569
f 4284 4985 4984
f 4284 4986 4985
f 4284 4987 4986
f 4288 4988 4285
f 4285 4988 4983
f 4288 4989 4988
f 4292 4991 5173
f 4284 4992 4991
f 4288 4994 4990
f 4995 4994 4293
f 5001 5003 4995
f 4295 4996 4999
f 4299 5005 5004
f 4292 5000 4997
f 4293 5001 4995
f 5002 4293 5007
f 4299 5009 5008
f 4299 4998 5005
f 5007 4293 5011
f 4299 5004 5009
f 5011 4293 5014
f 4299 5008 5012
f 5014 4293 5016
f 5019 4299 5012
f 4293 5017 5016
f 5018 4296 5021
f 5021 4296 5025
f 4299 5027 5026
f 4299 5023 5022
f 4299 5019 5023
f 5033 4299 5026
f 4299 5022 5027
f 5025 4296 5028
f 4301 5037 5036
f 4299 5033 5032
f 5029 4296 5034
f 4301 5042 5041
f 4301 5030 5037
f 4296 5038 5035
f 4296 5039 5038
f 5046 4301 5040
f 4301 5036 5042
f 4308 5049 5048
f 4301 5046 5045
f 4296 5050 5043
f 4308 5044 5049
f 4312 5047 3574
f 3579 4318 5051
f 4312 3578 5052
f 4312 3574 3580
f 4313 5053 5050
f 5057 4322 5054
f 4334 5058 5059
f 4334 3584 3583
f 5070 4334 5059
f 4334 3582 3584
f 4335 5060 5055
f 4335 5062 5061
f 5064 5063 4338
f 4336 5065 5068
f 4336 5069 5067
f 4338 5071 5064
f 4336 5068 5073
f 4338 5072 5071
f 4341 5083 5081
f 4338 5076 5078
f 5079 5077 4338
f 4343 5080 4347
f 4347 5090 5089
f 4341 5074 5083
f 4348 5094 5084
f 4338 5084 5079
f 4353 5096 5095
f 4347 5087 5086
f 4347 5091 5087
f 4347 5088 5091
f 4347 5082 5090
f 5094 4348 5092
f 5093 5092 4354
f 4353 5085 5096
f 5100 5099 4354
f 4353 5095 5097
f 5100 4354 5098
f 5093 4354 5099
f 5104 4353 5101
f 4353 5097 5101
f 5098 4354 5102
f 5112 4360 5103
f 4365 5105 4361
f 5109 4361 5107
f 4354 5108 5102
f 5122 4364 5110
f 4360 5112 5111
f 5116 5114 4373
f 5106 4365 5115
f 4372 5117 5119
f 4372 5118 5120
f 5139 4372 5120
f 4364 5121 5117
f 5133 4373 5124
f 4373 5125 5123
f 4387 5127 5126
f 5129 5128 4398
f 4373 5130 5116
f 4373 5132 5131
f 4386 5134 5136
f 4386 5135 5137
f 5145 4386 5137
f 4372 5138 5141
f 4386 5140 5142
f 5129 4398 5143
f 4397 5144 4404
f 4404 5147 5146
f 5143 4398 5151
f 4404 5148 5147
f 4405 5155 5154
f 5163 4404 5146
f 4405 5152 5155
f 5156 5153 4410
f 5159 4405 5154
f 4410 5157 5156
f 5150 4405 5159
f 4427 5160 4416
f 4416 5172 5171
f 4404 5163 5162
f 4417 5164 4418
f 4417 5168 5165
f 4418 5166 4410
f 4410 5167 5158
f 4417 5169 5168
f 4416 5171 5170
f 4416 5160 5172
f 3145 3544 3543
f 3157 3567 3156
f 3565 3568 3167
f 3566 3155 3176
f 3183 3182 3569
f 3210 3191 3209
f 3570 3209 3229
f 3570 3229 3260
f 3273 3261 3272
f 3574 3272 3288
f 3581 3271 3314
f 3134 3131 3132
f 3135 3131 3134
f 3135 3130 3131
f 3136 3130 3135
f 3136 3129 3130
f 3136 3128 3129
f 3136 3126 3127
f 3136 3125 3126
f 3136 3124 3125
f 3137 3124 3136
f 3138 3124 3137
f 3140 3124 3139
f 3141 3124 3140
f 3142 3124 3141
f 3142 3123 3124
f 3142 3122 3123
f 3142 3144 3121
f 3531 3530 3532
f 3532 3530 3533
f 3530 3529 3533
f 3533 3529 3534
f 3529 3528 3534
f 3534 3528 3535
f 3528 3542 3535
f 3535 3542 3536
f 3542 3541 3536
f 3536 3541 3537
f 3541 3540 3537
f 3539 3538 3540
f 3122 3546 3547
f 3123 3548 3549
f 3124 3550 3551
f 3125 3552 3553
f 3126 3554 3555
f 3127 3556 3557
f 3128 3558 3559
f 3129 3560 3561
f 3130 3562 3563
f 3259 3227 3226
f 5173 3570 3229
f 3293 3576 3292
f 3341 3585 3586
f 3341 3354 3347
f 3997 3628 3996
f 3630 3998 3996
f 3626 3648 3625
f 3629 3998 3650
f 3647 3664 3646
f 3694 3693 4002
f 3722 3678 3710
f 3722 3736 3721
f 3736 3753 4004
f 4005 3789 4006
f 4013 3809 4007
f 4014 3809 4013
f 3809 4010 4011
f 3610 3609 3611
f 3670 3632 4001
f 3670 3999 3631
f 3667 3628 3997
f 3650 4000 3999
f 3648 3647 3625
f 4002 3672 3651
f 3690 4001 3671
f 3663 3664 3681
f 3673 3694 4002
f 3695 3694 3673
f 3663 3680 3662
f 3679 3662 3680
f 3694 3695 4003
f 4003 3728 3694
f 3709 3710 3680
f 3679 3710 3678
f 3766 3731 3732
f 3731 3766 3765
f 3765 3766 3788
f 3779 3788 3795
f 4009 3809 4011
f 3819 4009 4011
f 3819 4011 3810
f 4013 4008 3810
f 4009 3826 3808
f 3809 4009 3808
f 3807 4015 3825
f 4016 3825 4015
f 3838 3849 3837
f 4274 4745 4746
f 4275 4743 3996
f 4266 4276 4966
f 4272 4752 4753
f 4273 4761 4762
f 4747 4748 4283
f 4978 4977 4284
f 4289 4755 4283
f 4984 4993 4284
f 4755 4289 4756
f 4284 4991 4292
f 4989 4288 4990
f 4771 4291 4282
f 4768 4289 4767
f 5173 3570 4292
f 4796 4294 4291
f 4292 4996 4295
f 5017 4293 5018
f 4807 4297 4294
f 4297 4807 4815
f 4772 4298 4774
f 4999 4998 4295
f 5034 4296 5035
f 4297 4819 4824
f 4810 4300 4809
f 4298 4300 4801
f 4801 4802 4298
f 5031 5030 4299
f 5039 4296 5043
f 4822 4307 4821
f 4300 4307 4816
f 4816 4817 4300
f 5045 5044 4301
f 4307 4317 4829
f 5048 5047 4308
f 5052 5051 4318
f 4841 4327 4844
f 4316 4836 4837
f 4321 4839 4317
f 4318 3582 4334
f 4838 4321 4850
f 4854 4332 4853
f 4321 4333 4849
f 5054 4322 5055
f 4333 4337 4845
f 4845 4846 4333
f 4334 5070 4336
f 4857 4337 4860
f 4337 4340 4855
f 4855 4856 4337
f 5073 5075 4341
f 5072 4338 5078
f 4868 4332 4864
f 4340 4342 4862
f 4862 4863 4340
f 4341 5081 4343
f 4873 4332 4868
f 4006 4865 4342
f 4342 4872 4006
f 4883 4356 4880
f 4877 4356 4873
f 4880 4356 4877
f 4875 4352 4874
f 4871 4869 4352
f 4352 4876 4871
f 5086 5085 4347
f 4887 4356 4886
f 4882 4357 4881
f 4352 4357 4878
f 4878 4879 4352
f 5104 5103 4360
f 4354 4361 5109
f 4892 4362 4891
f 4888 4356 4887
f 4010 4363 4009
f 4357 4369 4012
f 5111 5110 4364
f 4909 4362 4890
f 4363 4368 4896
f 4364 5117 4372
f 4895 4371 4898
f 4015 4377 4362
f 4912 4378 4915
f 4372 5141 4386
f 4914 4378 4917
f 4904 4383 4377
f 4916 4384 4919
f 4920 4396 4383
f 4920 4383 4904
f 4911 4403 4910
f 4403 4921 4910
f 4384 4403 4911
f 4911 4918 4384
f 4386 5145 4397
f 4931 4402 4396
f 4927 4403 4939
f 5149 4398 4405
f 4929 4409 4928
f 4936 4403 4932
f 4404 5161 4427
f 4941 4425 4409
f 4413 4426 4944
f 4414 4413 4934
f 4932 4414 4935
f 5169 4417 4416
f 4738 4275 4736
f 4264 4737 4736
f 4739 4275 4738
f 4741 4275 4740
f 4759 4283 4758
f 4764 4282 4002
f 4771 4282 4766
f 4779 4298 4778
f 4291 4777 4781
f 4783 4298 4782
f 4787 4298 4786
f 4789 4298 4788
f 4791 4298 4790
f 4794 4298 4793
f 4798 4298 4797
f 4291 4792 4795
f 4806 4300 4805
f 4819 4297 4820
f 4823 4306 4297
f 4306 4827 4830
f 4306 4831 4835
f 4836 4316 4835
f 4851 4332 4852
f 4861 4340 4863
f 4864 4332 4851
f 4881 4357 4885
f 4884 4356 4883
f 4363 4010 4014
f 4369 4363 4012
f 4378 4913 4894
f 4371 4378 4894
f 4897 4371 4894
f 4925 4396 4920
f 4403 4927 4921
f 4426 4425 4942
f 4933 4413 4951
f 3598 3601 3599
f 3598 3602 3601
f 3597 3602 3598
f 3597 3603 3602
f 3596 3603 3597
f 3594 3603 3595
f 3593 3603 3594
f 3592 3603 3593
f 3591 3603 3592
f 3591 3604 3603
f 3591 3606 3605
f 3591 3607 3606
f 3591 3608 3607
f 3591 3609 3608
f 3590 3609 3591
f 3588 3609 3589
f 3983 3984 3985
f 3983 3985 3986
f 3982 3983 3986
f 3982 3986 3987
f 3981 3982 3987
f 3981 3987 3988
f 3995 3981 3988
f 3995 3988 3989
f 3994 3995 3989
f 3994 3989 3990
f 3993 3994 3990
f 3993 3990 3991
f 4718 4719 4727
f 4712 4713 4727
f 4735 4712 4727
f 4734 4735 4727
f 4733 4734 4727
f 4731 4732 4727
f 5000 4292 3570
f 5007 5006 5002
f 5011 5010 5007
f 5014 5013 5011
f 5016 5015 5014
f 5021 5020 5018
f 5025 5024 5021
f 5174 5199 5198
f 5174 5175 5199
f 5175 5200 5199
f 5175 5176 5200
f 5176 5201 5200
f 5176 5177 5201
f 5177 5202 5201
f 5177 5178 5202
f 5178 5203 5202
f 5178 5179 5203
f 5179 5204 5203
f 5179 5180 5204
f 5180 5205 5204
f 5180 5181 5205
f 5181 5206 5205
f 5181 5182 5206
f 5182 5207 5206
f 5182 5183 5207
f 5183 5208 5207
f 5183 5184 5208
f 5184 5209 5208
f 5184 5185 5209
f 5185 5210 5209
f 5185 5186 5210
f 5186 5211 5210
f 5186 5187 5211
f 5187 5212 5211
f 5187 5188 5212
f 5188 5213 5212
f 5188 5189 5213
f 5189 5214 5213
f 5189 5190 5214
f 5190 5215 5214
f 5190 5191 5215
f 5191 5216 5215
f 5191 5192 5216
f 5192 5217 5216
f 5192 5193 5217
f 5193 5218 5217
f 5193 5194 5218
f 5194 5219 5218
f 5194 5195 5219
f 5195 5220 5219
f 5195 5196 5220
f 5196 5221 5220
f 5196 5197 5221
f 5197 5198 5221
f 5197 5174 5198
f 5198 5199 5228
f 5199 5200 5228
f 5204 5229 5203
f 5204 5205 5229
f 5205 5222 5229
f 5205 5206 5222
f 5206 5207 5222
f 5207 5230 5222
f 5207 5208 5230
f 5208 5209 5230
f 5210 5211 5223
f 5211 5224 5223
f 5211 5212 5224
f 5212 5225 5224
f 5212 5213 5225
f 5213 5226 5225
f 5213 5214 5226
f 5214 5227 5226
f 5214 5215 5227
f 5215 5216 5227
f 5216 5217 5234
f 5217 5235 5234
f 5217 5218 5235
f 5218 5219 5235
f 5219 5220 5235
f 5220 5221 5235
f 5221 5228 5235
f 5221 5198 5228
f 5200 5240 5228
f 5200 5201 5240
f 5201 5202 5240
f 5202 5229 5240
f 5202 5203 5229
f 5230 5209 5239
f 5209 5243 5239
f 5209 5210 5243
f 5210 5223 5243
f 5223 5224 5231
f 5224 5232 5231
f 5224 5225 5232
f 5225 5233 5232
f 5225 5226 5233
f 5226 5227 5233
f 5229 5222 5237
f 5222 5238 5237
f 5222 5230 5238
f 5227 5216 5245
f 5216 5234 5245
f 5228 5252 5244
f 5228 5247 5252
f 5228 5253 5247
f 5228 5240 5253
f 5240 5229 5236
f 5229 5241 5236
f 5229 5237 5241
f 5231 5232 5242
f 5232 5233 5242
f 5245 5234 5246
f 5234 5249 5246
f 5234 5235 5249
f 5235 5256 5249
f 5235 5250 5256
f 5235 5244 5250
f 5235 5228 5244
f 5253 5240 5254
f 5238 5230 5248
f 5230 5239 5248
f 5243 5223 5286
f 5223 5231 5286
f 5244 5252 5251
f 5286 5231 5288
f 5231 5242 5288
f 5254 5240 5255
f 5240 5236 5255
f 5250 5244 5257
f 5244 5251 5257
f 5251 5259 5258
f 5251 5252 5259
f 5252 5260 5259
f 5252 5247 5260
f 5247 5261 5260
f 5247 5253 5261
f 5253 5262 5261
f 5253 5254 5262
f 5254 5263 5262
f 5254 5255 5263
f 5255 5264 5263
f 5255 5236 5264
f 5236 5265 5264
f 5236 5241 5265
f 5241 5266 5265
f 5241 5237 5266
f 5237 5267 5266
f 5237 5238 5267
f 5238 5268 5267
f 5238 5248 5268
f 5248 5269 5268
f 5248 5239 5269
f 5239 5270 5269
f 5239 5243 5270
f 5243 5286 5270
f 5227 5245 5290
f 5245 5287 5290
f 5245 5246 5287
f 5246 5271 5287
f 5246 5249 5271
f 5249 5272 5271
f 5249 5256 5272
f 5256 5273 5272
f 5256 5250 5273
f 5250 5274 5273
f 5250 5257 5274
f 5257 5258 5274
f 5257 5251 5258
f 5258 5259 5275
f 5259 5276 5275
f 5259 5260 5276
f 5260 5277 5276
f 5260 5261 5277
f 5261 5278 5277
f 5261 5262 5278
f 5262 5279 5278
f 5262 5263 5279
f 5263 5280 5279
f 5263 5264 5280
f 5264 5281 5280
f 5264 5265 5281
f 5265 5282 5281
f 5265 5266 5282
f 5266 5283 5282
f 5266 5267 5283
f 5267 5284 5283
f 5267 5268 5284
f 5268 5285 5284
f 5268 5269 5285
f 5269 5270 5285
f 5288 5242 5289
f 5242 5233 5289
f 5233 5227 5340
f 5227 5290 5340
f 5271 5272 5291
f 5272 5273 5291
f 5279 5280 5292
f 5280 5293 5292
f 5280 5281 5293
f 5281 5294 5293
f 5281 5282 5294
f 5282 5295 5294
f 5282 5283 5295
f 5283 5296 5295
f 5283 5284 5296
f 5284 5285 5296
f 5285 5270 5299
f 5270 5286 5299
f 5233 5340 5289
f 5276 5277 5308
f 5277 5300 5308
f 5277 5278 5300
f 5278 5297 5300
f 5278 5279 5297
f 5279 5292 5297
f 5296 5285 5298
f 5285 5299 5298
f 5258 5307 5306
f 5258 5275 5307
f 5275 5302 5307
f 5275 5276 5302
f 5276 5308 5302
f 5293 5294 5303
f 5294 5295 5303
f 5290 5287 5313
f 5287 5309 5313
f 5287 5271 5309
f 5271 5304 5309
f 5271 5291 5304
f 5291 5301 5304
f 5291 5273 5301
f 5273 5305 5301
f 5273 5274 5305
f 5274 5306 5305
f 5274 5258 5306
f 5297 5292 5312
f 5292 5310 5312
f 5292 5293 5310
f 5293 5303 5310
f 5303 5295 5311
f 5295 5315 5311
f 5295 5296 5315
f 5296 5298 5315
f 5299 5286 5336
f 5286 5337 5336
f 5286 5288 5337
f 5288 5338 5337
f 5288 5289 5338
f 5340 5290 5341
f 5290 5313 5341
f 5300 5297 5328
f 5297 5312 5328
f 5315 5298 5334
f 5298 5335 5334
f 5298 5299 5335
f 5299 5336 5335
f 5304 5301 5314
f 5301 5305 5314
f 5314 5305 5317
f 5305 5306 5317
f 5306 5307 5316
f 5307 5302 5319
f 5302 5308 5319
f 5309 5304 5320
f 5304 5314 5320
f 5317 5306 5316
f 5316 5307 5318
f 5307 5319 5318
f 5319 5308 5321
f 5308 5327 5321
f 5308 5300 5327
f 5300 5328 5327
f 5310 5303 5331
f 5303 5311 5331
f 5313 5309 5343
f 5309 5320 5343
f 5320 5314 5322
f 5314 5317 5322
f 5338 5289 5339
f 5289 5340 5339
f 5316 5318 5323
f 5312 5310 5330
f 5310 5331 5330
f 5322 5317 5346
f 5317 5323 5346
f 5317 5316 5323
f 5323 5318 5324
f 5318 5325 5324
f 5318 5319 5325
f 5319 5321 5325
f 5331 5311 5332
f 5311 5315 5332
f 5341 5313 5342
f 5313 5343 5342
f 5325 5321 5326
f 5321 5327 5326
f 5328 5312 5329
f 5312 5330 5329
f 5332 5315 5333
f 5315 5334 5333
f 5343 5320 5344
f 5320 5345 5344
f 5320 5322 5345
f 5322 5346 5345
f 5323 5348 5347
f 5323 5324 5348
f 5324 5349 5348
f 5324 5325 5349
f 5325 5350 5349
f 5325 5326 5350
f 5326 5351 5350
f 5326 5327 5351
f 5327 5352 5351
f 5327 5328 5352
f 5328 5353 5352
f 5328 5329 5353
f 5329 5354 5353
f 5329 5330 5354
f 5330 5355 5354
f 5330 5331 5355
f 5331 5356 5355
f 5331 5332 5356
f 5332 5357 5356
f 5332 5333 5357
f 5333 5358 5357
f 5333 5334 5358
f 5334 5359 5358
f 5334 5335 5359
f 5335 5360 5359
f 5335 5336 5360
f 5336 5361 5360
f 5336 5337 5361
f 5337 5362 5361
f 5337 5338 5362
f 5338 5363 5362
f 5338 5339 5363
f 5339 5364 5363
f 5339 5340 5364
f 5340 5365 5364
f 5340 5341 5365
f 5341 5366 5365
f 5341 5342 5366
f 5342 5367 5366
f 5342 5343 5367
f 5343 5368 5367
f 5343 5344 5368
f 5344 5369 5368
f 5344 5345 5369
f 5345 5370 5369
f 5345 5346 5370
f 5346 5347 5370
f 5346 5323 5347
f 5347 5372 5371
f 5347 5348 5372
f 5348 5373 5372
f 5348 5349 5373
f 5349 5374 5373
f 5349 5350 5374
f 5350 5375 5374
f 5350 5351 5375
f 5351 5376 5375
f 5351 5352 5376
f 5352 5377 5376
f 5352 5353 5377
f 5353 5378 5377
f 5353 5354 5378
f 5354 5379 5378
f 5354 5355 5379
f 5355 5380 5379
f 5355 5356 5380
f 5356 5381 5380
f 5356 5357 5381
f 5357 5382 5381
f 5357 5358 5382
f 5358 5383 5382
f 5358 5359 5383
f 5359 5384 5383
f 5359 5360 5384
f 5360 5385 5384
f 5360 5361 5385
f 5361 5386 5385
f 5361 5362 5386
f 5362 5387 5386
f 5362 5363 5387
f 5363 5388 5387
f 5363 5364 5388
f 5364 5389 5388
f 5364 5365 5389
f 5365 5390 5389
f 5365 5366 5390
f 5366 5391 5390
f 5366 5367 5391
f 5367 5392 5391
f 5367 5368 5392
f 5368 5393 5392
f 5368 5369 5393
f 5369 5394 5393
f 5369 5370 5394
f 5370 5371 5394
f 5370 5347 5371
f 5371 5396 5395
f 5371 5372 5396
f 5372 5397 5396
f 5372 5373 5397
f 5373 5398 5397
f 5373 5374 5398
f 5374 5399 5398
f 5374 5375 5399
f 5375 5400 5399
f 5375 5376 5400
f 5376 5401 5400
f 5376 5377 5401
f 5377 5402 5401
f 5377 5378 5402
f 5378 5403 5402
f 5378 5379 5403
f 5379 5404 5403
f 5379 5380 5404
f 5380 5405 5404
f 5380 5381 5405
f 5381 5406 5405
f 5381 5382 5406
f 5382 5407 5406
f 5382 5383 5407
f 5383 5408 5407
f 5383 5384 5408
f 5384 5409 5408
f 5384 5385 5409
f 5385 5410 5409
f 5385 5386 5410
f 5386 5411 5410
f 5386 5387 5411
f 5387 5412 5411
f 5387 5388 5412
f 5388 5413 5412
f 5388 5389 5413
f 5389 5414 5413
f 5389 5390 5414
f 5390 5415 5414
f 5390 5391 5415
f 5391 5416 5415
f 5391 5392 5416
f 5392 5417 5416
f 5392 5393 5417
f 5393 5418 5417
f 5393 5394 5418
f 5394 5395 5418
f 5394 5371 5395
f 5395 5420 5419
f 5395 5396 5420
f 5396 5421 5420
f 5396 5397 5421
f 5397 5422 5421
f 5397 5398 5422
f 5398 5423 5422
f 5398 5399 5423
f 5399 5424 5423
f 5399 5400 5424
f 5400 5425 5424
f 5400 5401 5425
f 5401 5426 5425
f 5401 5402 5426
f 5402 5427 5426
f 5402 5403 5427
f 5403 5428 5427
f 5403 5404 5428
f 5404 5429 5428
f 5404 5405 5429
f 5405 5430 5429
f 5405 5406 5430
f 5406 5431 5430
f 5406 5407 5431
f 5407 5432 5431
f 5407 5408 5432
f 5408 5433 5432
f 5408 5409 5433
f 5409 5434 5433
f 5409 5410 5434
f 5410 5435 5434
f 5410 5411 5435
f 5411 5436 5435
f 5411 5412 5436
f 5412 5437 5436
f 5412 5413 5437
f 5413 5438 5437
f 5413 5414 5438
f 5414 5439 5438
f 5414 5415 5439
f 5415 5440 5439
f 5415 5416 5440
f 5416 5441 5440
f 5416 5417 5441
f 5417 5442 5441
f 5417 5418 5442
f 5418 5419 5442
f 5418 5395 5419
f 5419 5444 5443
f 5419 5420 5444
f 5420 5445 5444
f 5420 5421 5445
f 5421 5446 5445
f 5421 5422 5446
f 5422 5447 5446
f 5422 5423 5447
f 5423 5448 5447
f 5423 5424 5448
f 5424 5449 5448
f 5424 5425 5449
f 5425 5450 5449
f 5425 5426 5450
f 5426 5451 5450
f 5426 5427 5451
f 5427 5452 5451
f 5427 5428 5452
f 5428 5453 5452
f 5428 5429 5453
f 5429 5454 5453
f 5429 5430 5454
f 5430 5455 5454
f 5430 5431 5455
f 5431 5456 5455
f 5431 5432 5456
f 5432 5457 5456
f 5432 5433 5457
f 5433 5458 5457
f 5433 5434 5458
f 5434 5459 5458
f 5434 5435 5459
f 5435 5460 5459
f 5435 5436 5460
f 5436 5461 5460
f 5436 5437 5461
f 5437 5462 5461
f 5437 5438 5462
f 5438 5463 5462
f 5438 5439 5463
f 5439 5464 5463
f 5439 5440 5464
f 5440 5465 5464
f 5440 5441 5465
f 5441 5466 5465
f 5441 5442 5466
f 5442 5443 5466
f 5442 5419 5443
f 5443 5468 5467
f 5443 5444 5468
f 5444 5469 5468
f 5444 5445 5469
f 5445 5470 5469
f 5445 5446 5470
f 5446 5471 5470
f 5446 5447 5471
f 5447 5472 5471
f 5447 5448 5472
f 5448 5473 5472
f 5448 5449 5473
f 5449 5474 5473
f 5449 5450 5474
f 5450 5475 5474
f 5450 5451 5475
f 5451 5476 5475
f 5451 5452 5476
f 5452 5477 5476
f 5452 5453 5477
f 5453 5478 5477
f 5453 5454 5478
f 5454 5479 5478
f 5454 5455 5479
f 5455 5480 5479
f 5455 5456 5480
f 5456 5481 5480
f 5456 5457 5481
f 5457 5482 5481
f 5457 5458 5482
f 5458 5483 5482
f 5458 5459 5483
f 5459 5484 5483
f 5459 5460 5484
f 5460 5485 5484
f 5460 5461 5485
f 5461 5486 5485
f 5461 5462 5486
f 5462 5487 5486
f 5462 5463 5487
f 5463 5488 5487
f 5463 5464 5488
f 5464 5489 5488
f 5464 5465 5489
f 5465 5490 5489
f 5465 5466 5490
f 5466 5467 5490
f 5466 5443 5467
f 5467 5492 5491
f 5467 5468 5492
f 5468 5493 5492
f 5468 5469 5493
f 5469 5494 5493
f 5469 5470 5494
f 5470 5495 5494
f 5470 5471 5495
f 5471 5472 5495
f 5475 5476 5505
f 5476 5477 5505
f 5486 5487 5496
f 5487 5497 5496
f 5487 5488 5497
f 5488 5498 5497
f 5488 5489 5498
f 5489 5499 5498
f 5489 5490 5499
f 5490 5491 5499
f 5490 5467 5491
f 5491 5501 5500
f 5491 5492 5501
f 5492 5502 5501
f 5492 5493 5502
f 5493 5503 5502
f 5493 5494 5503
f 5494 5504 5503
f 5494 5495 5504
f 5495 5514 5504
f 5495 5472 5514
f 5472 5473 5514
f 5473 5474 5524
f 5474 5515 5524
f 5474 5475 5515
f 5475 5505 5515
f 5505 5477 5516
f 5477 5517 5516
f 5477 5478 5517
f 5478 5479 5517
f 5484 5485 5526
f 5485 5518 5526
f 5485 5486 5518
f 5486 5506 5518
f 5486 5496 5506
f 5496 5507 5506
f 5496 5497 5507
f 5497 5508 5507
f 5497 5498 5508
f 5498 5509 5508
f 5498 5499 5509
f 5499 5500 5509
f 5499 5491 5500
f 5500 5511 5510
f 5500 5501 5511
f 5501 5512 5511
f 5501 5502 5512
f 5502 5513 5512
f 5502 5503 5513
f 5503 5504 5513
f 5514 5473 5536
f 5473 5524 5536
f 5517 5479 5525
f 5479 5543 5525
f 5479 5480 5543
f 5480 5481 5543
f 5483 5484 5547
f 5484 5526 5547
f 5506 5507 5519
f 5507 5520 5519
f 5507 5508 5520
f 5508 5521 5520
f 5508 5509 5521
f 5509 5510 5521
f 5509 5500 5510
f 5510 5523 5522
f 5510 5511 5523
f 5511 5512 5523
f 5515 5505 5539
f 5505 5516 5539
f 5482 5483 5546
f 5483 5547 5546
f 5518 5506 5550
f 5506 5527 5550
f 5506 5519 5527
f 5519 5528 5527
f 5519 5520 5528
f 5520 5529 5528
f 5520 5521 5529
f 5521 5522 5529
f 5521 5510 5522
f 5523 5512 5532
f 5512 5513 5532
f 5524 5515 5538
f 5515 5539 5538
f 5539 5516 5540
f 5516 5517 5540
f 5481 5482 5545
f 5482 5546 5545
f 5526 5518 5549
f 5518 5550 5549
f 5522 5531 5530
f 5522 5523 5531
f 5523 5532 5531
f 5532 5513 5533
f 5513 5534 5533
f 5513 5504 5534
f 5504 5535 5534
f 5504 5514 5535
f 5514 5536 5535
f 5536 5524 5537
f 5524 5538 5537
f 5540 5517 5541
f 5517 5542 5541
f 5517 5525 5542
f 5525 5543 5542
f 5543 5481 5544
f 5481 5545 5544
f 5547 5526 5548
f 5526 5549 5548
f 5550 5527 5551
f 5527 5552 5551
f 5527 5528 5552
f 5528 5553 5552
f 5528 5529 5553
f 5529 5530 5553
f 5529 5522 5530
f 5530 5555 5554
f 5530 5531 5555
f 5531 5556 5555
f 5531 5532 5556
f 5532 5557 5556
f 5532 5533 5557
f 5533 5558 5557
f 5533 5534 5558
f 5534 5559 5558
f 5534 5535 5559
f 5535 5560 5559
f 5535 5536 5560
f 5536 5561 5560
f 5536 5537 5561
f 5537 5562 5561
f 5537 5538 5562
f 5538 5563 5562
f 5538 5539 5563
f 5539 5564 5563
f 5539 5540 5564
f 5540 5565 5564
f 5540 5541 5565
f 5541 5566 5565
f 5541 5542 5566
f 5542 5567 5566
f 5542 5543 5567
f 5543 5568 5567
f 5543 5544 5568
f 5544 5569 5568
f 5544 5545 5569
f 5545 5570 5569
f 5545 5546 5570
f 5546 5571 5570
f 5546 5547 5571
f 5547 5572 5571
f 5547 5548 5572
f 5548 5573 5572
f 5548 5549 5573
f 5549 5574 5573
f 5549 5550 5574
f 5550 5575 5574
f 5550 5551 5575
f 5551 5576 5575
f 5551 5552 5576
f 5552 5577 5576
f 5552 5553 5577
f 5553 5554 5577
f 5553 5530 5554
f 5554 5579 5578
f 5554 5555 5579
f 5555 5580 5579
f 5555 5556 5580
f 5556 5581 5580
f 5556 5557 5581
f 5557 5582 5581
f 5557 5558 5582
f 5558 5583 5582
f 5558 5559 5583
f 5559 5584 5583
f 5559 5560 5584
f 5560 5585 5584
f 5560 5561 5585
f 5561 5586 5585
f 5561 5562 5586
f 5562 5587 5586
f 5562 5563 5587
f 5563 5588 5587
f 5563 5564 5588
f 5564 5589 5588
f 5564 5565 5589
f 5565 5590 5589
f 5565 5566 5590
f 5566 5591 5590
f 5566 5567 5591
f 5567 5592 5591
f 5567 5568 5592
f 5568 5593 5592
f 5568 5569 5593
f 5569 5594 5593
f 5569 5570 5594
f 5570 5595 5594
f 5570 5571 5595
f 5571 5596 5595
f 5571 5572 5596
f 5572 5597 5596
f 5572 5573 5597
f 5573 5598 5597
f 5573 5574 5598
f 5574 5599 5598
f 5574 5575 5599
f 5575 5600 5599
f 5575 5576 5600
f 5576 5601 5600
f 5576 5577 5601
f 5577 5578 5601
f 5577 5554 5578
f 5578 5603 5602
f 5578 5579 5603
f 5579 5604 5603
f 5579 5580 5604
f 5580 5605 5604
f 5580 5581 5605
f 5581 5606 5605
f 5581 5582 5606
f 5582 5607 5606
f 5582 5583 5607
f 5583 5608 5607
f 5583 5584 5608
f 5584 5609 5608
f 5584 5585 5609
f 5585 5610 5609
f 5585 5586 5610
f 5586 5611 5610
f 5586 5587 5611
f 5587 5612 5611
f 5587 5588 5612
f 5588 5613 5612
f 5588 5589 5613
f 5589 5614 5613
f 5589 5590 5614
f 5590 5615 5614
f 5590 5591 5615
f 5591 5616 5615
f 5591 5592 5616
f 5592 5617 5616
f 5592 5593 5617
f 5593 5618 5617
f 5593 5594 5618
f 5594 5619 5618
f 5594 5595 5619
f 5595 5620 5619
f 5595 5596 5620
f 5596 5621 5620
f 5596 5597 5621
f 5597 5622 5621
f 5597 5598 5622
f 5598 5623 5622
f 5598 5599 5623
f 5599 5624 5623
f 5599 5600 5624
f 5600 5625 5624
f 5600 5601 5625
f 5601 5602 5625
f 5601 5578 5602
f 5602 5627 5626
f 5602 5603 5627
f 5603 5628 5627
f 5603 5604 5628
f 5604 5629 5628
f 5604 5605 5629
f 5605 5630 5629
f 5605 5606 5630
f 5606 5631 5630
f 5606 5607 5631
f 5607 5632 5631
f 5607 5608 5632
f 5608 5633 5632
f 5608 5609 5633
f 5609 5634 5633
f 5609 5610 5634
f 5610 5635 5634
f 5610 5611 5635
f 5611 5636 5635
f 5611 5612 5636
f 5612 5637 5636
f 5612 5613 5637
f 5613 5638 5637
f 5613 5614 5638
f 5614 5639 5638
f 5614 5615 5639
f 5615 5640 5639
f 5615 5616 5640
f 5616 5641 5640
f 5616 5617 5641
f 5617 5642 5641
f 5617 5618 5642
f 5618 5643 5642
f 5618 5619 5643
f 5619 5644 5643
f 5619 5620 5644
f 5620 5645 5644
f 5620 5621 5645
f 5621 5646 5645
f 5621 5622 5646
f 5622 5647 5646
f 5622 5623 5647
f 5623 5648 5647
f 5623 5624 5648
f 5624 5649 5648
f 5624 5625 5649
f 5625 5626 5649
f 5625 5602 5626
f 5626 5651 5650
f 5626 5627 5651
f 5627 5652 5651
f 5627 5628 5652
f 5628 5653 5652
f 5628 5629 5653
f 5629 5654 5653
f 5629 5630 5654
f 5630 5655 5654
f 5630 5631 5655
f 5631 5656 5655
f 5631 5632 5656
f 5632 5657 5656
f 5632 5633 5657
f 5633 5658 5657
f 5633 5634 5658
f 5634 5659 5658
f 5634 5635 5659
f 5635 5660 5659
f 5635 5636 5660
f 5636 5661 5660
f 5636 5637 5661
f 5637 5662 5661
f 5637 5638 5662
f 5638 5663 5662
f 5638 5639 5663
f 5639 5664 5663
f 5639 5640 5664
f 5640 5665 5664
f 5640 5641 5665
f 5641 5666 5665
f 5641 5642 5666
f 5642 5667 5666
f 5642 5643 5667
f 5643 5668 5667
f 5643 5644 5668
f 5644 5669 5668
f 5644 5645 5669
f 5645 5670 5669
f 5645 5646 5670
f 5646 5671 5670
f 5646 5647 5671
f 5647 5672 5671
f 5647 5648 5672
f 5648 5673 5672
f 5648 5649 5673
f 5649 5650 5673
f 5649 5626 5650
f 5650 5675 5674
f 5650 5651 5675
f 5651 5676 5675
f 5651 5652 5676
f 5652 5677 5676
f 5652 5653 5677
f 5653 5678 5677
f 5653 5654 5678
f 5654 5679 5678
f 5654 5655 5679
f 5655 5680 5679
f 5655 5656 5680
f 5656 5681 5680
f 5656 5657 5681
f 5657 5682 5681
f 5657 5658 5682
f 5658 5683 5682
f 5658 5659 5683
f 5659 5684 5683
f 5659 5660 5684
f 5660 5685 5684
f 5660 5661 5685
f 5661 5686 5685
f 5661 5662 5686
f 5662 5687 5686
f 5662 5663 5687
f 5663 5688 5687
f 5663 5664 5688
f 5664 5689 5688
f 5664 5665 5689
f 5665 5690 5689
f 5665 5666 5690
f 5666 5691 5690
f 5666 5667 5691
f 5667 5692 5691
f 5667 5668 5692
f 5668 5693 5692
f 5668 5669 5693
f 5669 5694 5693
f 5669 5670 5694
f 5670 5695 5694
f 5670 5671 5695
f 5671 5696 5695
f 5671 5672 5696
f 5672 5697 5696
f 5672 5673 5697
f 5673 5674 5697
f 5673 5650 5674
f 5676 5677 5701
f 5677 5702 5701
f 5677 5678 5702
f 5678 5703 5702
f 5678 5679 5703
f 5679 5680 5703
f 5687 5688 5712
f 5688 5713 5712
f 5688 5689 5713
f 5689 5714 5713
f 5689 5690 5714
f 5690 5715 5714
f 5690 5691 5715
f 5691 5716 5715
f 5691 5692 5716
f 5692 5693 5716
f 5674 5675 5699
f 5675 5700 5699
f 5675 5676 5700
f 5676 5701 5700
f 5703 5680 5704
f 5680 5705 5704
f 5680 5681 5705
f 5681 5682 5705
f 5686 5687 5711
f 5687 5712 5711
f 5716 5693 5717
f 5693 5694 5717
f 5674 5699 5698
f 5685 5686 5710
f 5686 5711 5710
f 5697 5674 5698
f 5705 5682 5706
f 5682 5707 5706
f 5682 5683 5707
f 5683 5708 5707
f 5683 5684 5708
f 5684 5709 5708
f 5684 5685 5709
f 5685 5710 5709
f 5717 5694 5718
f 5694 5719 5718
f 5694 5695 5719
f 5695 5720 5719
f 5695 5696 5720
f 5696 5721 5720
f 5696 5697 5721
f 5697 5698 5721
f 5698 5723 5722
f 5698 5699 5723
f 5699 5724 5723
f 5699 5700 5724
f 5700 5725 5724
f 5700 5701 5725
f 5701 5726 5725
f 5701 5702 5726
f 5702 5727 5726
f 5702 5703 5727
f 5703 5728 5727
f 5703 5704 5728
f 5704 5729 5728
f 5704 5705 5729
f 5705 5730 5729
f 5705 5706 5730
f 5706 5731 5730
f 5706 5707 5731
f 5707 5732 5731
f 5707 5708 5732
f 5708 5733 5732
f 5708 5709 5733
f 5709 5734 5733
f 5709 5710 5734
f 5710 5735 5734
f 5710 5711 5735
f 5711 5736 5735
f 5711 5712 5736
f 5712 5737 5736
f 5712 5713 5737
f 5713 5738 5737
f 5713 5714 5738
f 5714 5739 5738
f 5714 5715 5739
f 5715 5740 5739
f 5715 5716 5740
f 5716 5741 5740
f 5716 5717 5741
f 5717 5742 5741
f 5717 5718 5742
f 5718 5743 5742
f 5718 5719 5743
f 5719 5744 5743
f 5719 5720 5744
f 5720 5745 5744
f 5720 5721 5745
f 5721 5722 5745
f 5721 5698 5722
f 5722 5747 5746
f 5722 5723 5747
f 5723 5748 5747
f 5723 5724 5748
f 5724 5749 5748
f 5724 5725 5749
f 5725 5750 5749
f 5725 5726 5750
f 5726 5751 5750
f 5726 5727 5751
f 5727 5752 5751
f 5727 5728 5752
f 5728 5753 5752
f 5728 5729 5753
f 5729 5754 5753
f 5729 5730 5754
f 5730 5755 5754
f 5730 5731 5755
f 5731 5756 5755
f 5731 5732 5756
f 5732 5757 5756
f 5732 5733 5757
f 5733 5758 5757
f 5733 5734 5758
f 5734 5759 5758
f 5734 5735 5759
f 5735 5760 5759
f 5735 5736 5760
f 5736 5761 5760
f 5736 5737 5761
f 5737 5762 5761
f 5737 5738 5762
f 5738 5763 5762
f 5738 5739 5763
f 5739 5764 5763
f 5739 5740 5764
f 5740 5765 5764
f 5740 5741 5765
f 5741 5766 5765
f 5741 5742 5766
f 5742 5767 5766
f 5742 5743 5767
f 5743 5768 5767
f 5743 5744 5768
f 5744 5769 5768
f 5744 5745 5769
f 5745 5746 5769
f 5745 5722 5746
f 5746 5771 5770
f 5746 5747 5771
f 5747 5772 5771
f 5747 5748 5772
f 5748 5773 5772
f 5748 5749 5773
f 5749 5774 5773
f 5749 5750 5774
f 5750 5775 5774
f 5750 5751 5775
f 5751 5776 5775
f 5751 5752 5776
f 5752 5777 5776
f 5752 5753 5777
f 5753 5778 5777
f 5753 5754 5778
f 5754 5779 5778
f 5754 5755 5779
f 5755 5780 5779
f 5755 5756 5780
f 5756 5781 5780
f 5756 5757 5781
f 5757 5782 5781
f 5757 5758 5782
f 5758 5783 5782
f 5758 5759 5783
f 5759 5784 5783
f 5759 5760 5784
f 5760 5785 5784
f 5760 5761 5785
f 5761 5786 5785
f 5761 5762 5786
f 5762 5787 5786
f 5762 5763 5787
f 5763 5788 5787
f 5763 5764 5788
f 5764 5789 5788
f 5764 5765 5789
f 5765 5790 5789
f 5765 5766 5790
f 5766 5791 5790
f 5766 5767 5791
f 5767 5792 5791
f 5767 5768 5792
f 5768 5793 5792
f 5768 5769 5793
f 5769 5770 5793
f 5769 5746 5770
f 5770 5795 5794
f 5770 5771 5795
f 5771 5796 5795
f 5771 5772 5796
f 5772 5797 5796
f 5772 5773 5797
f 5773 5798 5797
f 5773 5774 5798
f 5774 5799 5798
f 5774 5775 5799
f 5775 5800 5799
f 5775 5776 5800
f 5776 5801 5800
f 5776 5777 5801
f 5777 5802 5801
f 5777 5778 5802
f 5778 5803 5802
f 5778 5779 5803
f 5779 5804 5803
f 5779 5780 5804
f 5780 5805 5804
f 5780 5781 5805
f 5781 5806 5805
f 5781 5782 5806
f 5782 5807 5806
f 5782 5783 5807
f 5783 5808 5807
f 5783 5784 5808
f 5784 5809 5808
f 5784 5785 5809
f 5785 5810 5809
f 5785 5786 5810
f 5786 5811 5810
f 5786 5787 5811
f 5787 5812 5811
f 5787 5788 5812
f 5788 5813 5812
f 5788 5789 5813
f 5789 5814 5813
f 5789 5790 5814
f 5790 5815 5814
f 5790 5791 5815
f 5791 5816 5815
f 5791 5792 5816
f 5792 5817 5816
f 5792 5793 5817
f 5793 5794 5817
f 5793 5770 5794
f 5794 5819 5818
f 5794 5795 5819
f 5795 5820 5819
f 5795 5796 5820
f 5796 5821 5820
f 5796 5797 5821
f 5797 5822 5821
f 5797 5798 5822
f 5798 5823 5822
f 5798 5799 5823
f 5799 5824 5823
f 5799 5800 5824
f 5800 5825 5824
f 5800 5801 5825
f 5801 5826 5825
f 5801 5802 5826
f 5802 5827 5826
f 5802 5803 5827
f 5803 5828 5827
f 5803 5804 5828
f 5804 5829 5828
f 5804 5805 5829
f 5805 5830 5829
f 5805 5806 5830
f 5806 5831 5830
f 5806 5807 5831
f 5807 5832 5831
f 5807 5808 5832
f 5808 5833 5832
f 5808 5809 5833
f 5809 5834 5833
f 5809 5810 5834
f 5810 5835 5834
f 5810 5811 5835
f 5811 5836 5835
f 5811 5812 5836
f 5812 5837 5836
f 5812 5813 5837
f 5813 5838 5837
f 5813 5814 5838
f 5814 5839 5838
f 5814 5815 5839
f 5815 5840 5839
f 5815 5816 5840
f 5816 5841 5840
f 5816 5817 5841
f 5817 5818 5841
f 5817 5794 5818
f 5818 5843 5842
f 5818 5819 5843
f 5819 5844 5843
f 5819 5820 5844
f 5820 5845 5844
f 5820 5821 5845
f 5821 5846 5845
f 5821 5822 5846
f 5822 5847 5846
f 5822 5823 5847
f 5823 5848 5847
f 5823 5824 5848
f 5824 5849 5848
f 5824 5825 5849
f 5825 5850 5849
f 5825 5826 5850
f 5826 5851 5850
f 5826 5827 5851
f 5827 5852 5851
f 5827 5828 5852
f 5828 5853 5852
f 5828 5829 5853
f 5829 5854 5853
f 5829 5830 5854
f 5830 5855 5854
f 5830 5831 5855
f 5831 5856 5855
f 5831 5832 5856
f 5832 5857 5856
f 5832 5833 5857
f 5833 5858 5857
f 5833 5834 5858
f 5834 5859 5858
f 5834 5835 5859
f 5835 5860 5859
f 5835 5836 5860
f 5836 5861 5860
f 5836 5837 5861
f 5837 5862 5861
f 5837 5838 5862
f 5838 5863 5862
f 5838 5839 5863
f 5839 5864 5863
f 5839 5840 5864
f 5840 5865 5864
f 5840 5841 5865
f 5841 5842 5865
f 5841 5818 5842
f 5844 5845 5866
f 5845 5846 5866
f 5842 5869 5867
f 5842 5843 5869
f 5843 5866 5869
f 5843 5844 5866
f 5866 5846 5868
f 5846 5870 5868
f 5846 5847 5870
f 5847 5848 5870
f 5860 5861 5880
f 5861 5876 5880
f 5861 5862 5876
f 5862 5877 5876
f 5862 5863 5877
f 5863 5864 5877
f 5864 5865 5877
f 5865 5842 5867
f 5870 5848 5890
f 5848 5849 5890
f 5849 5850 5878
f 5850 5871 5878
f 5850 5851 5871
f 5851 5872 5871
f 5851 5852 5872
f 5852 5873 5872
f 5852 5853 5873
f 5853 5854 5873
f 5856 5857 5874
f 5857 5875 5874
f 5857 5858 5875
f 5858 5859 5875
f 5890 5849 5884
f 5849 5878 5884
f 5855 5856 5879
f 5856 5874 5879
f 5859 5860 5889
f 5860 5880 5889
f 5877 5865 5867
f 5875 5859 5888
f 5859 5889 5888
f 5866 5868 5881
f 5868 5870 5883
f 5870 5890 5883
f 5854 5855 5885
f 5855 5879 5885
f 5866 5881 5869
f 5881 5868 5882
f 5868 5883 5882
f 5878 5871 5902
f 5871 5891 5902
f 5871 5872 5891
f 5872 5873 5891
f 5873 5854 5903
f 5854 5885 5903
f 5879 5874 5886
f 5874 5887 5886
f 5874 5875 5887
f 5875 5888 5887
f 5880 5876 5909
f 5876 5895 5909
f 5876 5877 5895
f 5882 5883 5898
f 5883 5890 5898
f 5891 5873 5931
f 5873 5903 5931
f 5885 5879 5904
f 5879 5892 5904
f 5879 5886 5892
f 5886 5893 5892
f 5886 5887 5893
f 5887 5894 5893
f 5887 5888 5894
f 5888 5889 5894
f 5889 5880 5908
f 5880 5909 5908
f 5895 5877 5867
f 5881 5882 5897
f 5882 5898 5897
f 5898 5890 5899
f 5890 5900 5899
f 5890 5884 5900
f 5884 5901 5900
f 5884 5878 5901
f 5878 5902 5901
f 5903 5885 5917
f 5885 5904 5917
f 5904 5892 5905
f 5892 5906 5905
f 5892 5893 5906
f 5893 5907 5906
f 5893 5894 5907
f 5894 5889 5907
f 5867 5869 5896
f 5869 5910 5896
f 5869 5881 5910
f 5881 5897 5910
f 5897 5911 5910
f 5897 5898 5911
f 5898 5912 5911
f 5898 5899 5912
f 5899 5913 5912
f 5899 5900 5913
f 5900 5914 5913
f 5900 5901 5914
f 5901 5915 5914
f 5901 5902 5915
f 5902 5916 5915
f 5902 5891 5916
f 5891 5931 5916
f 5917 5904 5918
f 5904 5919 5918
f 5904 5905 5919
f 5905 5920 5919
f 5905 5906 5920
f 5906 5921 5920
f 5906 5907 5921
f 5907 5922 5921
f 5907 5889 5922
f 5889 5923 5922
f 5889 5908 5923
f 5908 5924 5923
f 5908 5909 5924
f 5909 5925 5924
f 5909 5895 5925
f 5895 5962 5925
f 5895 5867 5962
f 5867 5896 5962
f 5896 5910 5950
f 5910 5926 5950
f 5910 5911 5926
f 5911 5927 5926
f 5911 5912 5927
f 5912 5928 5927
f 5912 5913 5928
f 5913 5929 5928
f 5913 5914 5929
f 5914 5930 5929
f 5914 5915 5930
f 5915 5936 5930
f 5915 5916 5936
f 5916 5931 5936
f 5931 5903 5956
f 5903 5969 5956
f 5903 5917 5969
f 5917 5970 5969
f 5917 5918 5970
f 5918 5948 5970
f 5918 5919 5948
f 5919 5949 5948
f 5919 5920 5949
f 5920 5940 5949
f 5920 5921 5940
f 5921 5941 5940
f 5921 5922 5941
f 5922 5942 5941
f 5922 5923 5942
f 5923 5924 5942
f 5924 5925 5942
f 5926 5927 5932
f 5927 5933 5932
f 5927 5928 5933
f 5928 5934 5933
f 5928 5929 5934
f 5929 5935 5934
f 5929 5930 5935
f 5930 5936 5935
f 5932 5933 5937
f 5933 5938 5937
f 5933 5934 5938
f 5934 5939 5938
f 5934 5935 5939
f 5935 5936 5939
f 5926 5943 5950
f 5926 5932 5943
f 5932 5944 5943
f 5932 5937 5944
f 5937 5945 5944
f 5937 5938 5945
f 5938 5946 5945
f 5938 5939 5946
f 5939 5947 5946
f 5939 5936 5947
f 5936 5955 5947
f 5936 5931 5955
f 5931 5956 5955
f 5943 5944 5951
f 5944 5952 5951
f 5944 5945 5952
f 5945 5953 5952
f 5945 5946 5953
f 5946 5954 5953
f 5946 5947 5954
f 5947 5955 5954
f 5950 5943 5957
f 5943 5958 5957
f 5943 5951 5958
f 5951 5959 5958
f 5951 5952 5959
f 5952 5960 5959
f 5952 5953 5960
f 5953 5961 5960
f 5953 5954 5961
f 5954 5955 5961
f 5949 5940 5973
f 5940 5974 5973
f 5940 5941 5974
f 5941 5975 5974
f 5941 5942 5975
f 5896 5950 5963
f 5950 5957 5977
f 5957 5958 5964
f 5958 5965 5964
f 5958 5959 5965
f 5959 5966 5965
f 5959 5960 5966
f 5960 5967 5966
f 5960 5961 5967
f 5961 5968 5967
f 5961 5955 5968
f 5955 5956 5968
f 5970 5948 5971
f 5948 5972 5971
f 5948 5949 5972
f 5949 5973 5972
f 5942 5976 5975
f 5942 5925 5976
f 5925 5962 5976
f 5962 5896 5963
f 5950 5977 5963
f 5977 5957 5978
f 5957 5964 5978
f 5964 5979 5978
f 5964 5965 5979
f 5965 5980 5979
f 5965 5966 5980
f 5966 5981 5980
f 5966 5967 5981
f 5967 5982 5981
f 5967 5968 5982
f 5968 5956 5982
f 5956 5969 5983
f 5969 5984 5983
f 5969 5970 5984
f 5970 5985 5984
f 5970 5971 5985
f 5971 5986 5985
f 5971 5972 5986
f 5972 5987 5986
f 5972 5973 5987
f 5973 5974 5987
f 5974 5975 5987
f 5975 5976 5987
f 5962 5963 5976
f 5977 5978 5988
f 5978 5989 5988
f 5978 5979 5989
f 5979 5990 5989
f 5979 5980 5990
f 5980 5991 5990
f 5980 5981 5991
f 5981 5992 5991
f 5981 5982 5992
f 5982 5956 5992
f 5983 5984 5993
f 5984 5994 5993
f 5984 5985 5994
f 5985 5995 5994
f 5985 5986 5995
f 5986 5996 5995
f 5986 5987 5996
f 5977 5988 5997
f 5988 5998 5997
f 5988 5989 5998
f 5989 5999 5998
f 5989 5990 5999
f 5990 6000 5999
f 5990 5991 6000
f 5991 5992 6000
f 5987 5976 5996
f 5963 5977 6001
f 5977 5997 6001
f 5997 6002 6001
f 5997 6003 6002
f 5997 5998 6003
f 5998 6004 6003
f 5998 5999 6004
f 5999 6005 6004
f 5999 6000 6005
f 6000 6006 6005
f 6000 5992 6006
f 5992 5956 6006
f 5956 5983 6024
f 5983 6007 6024
f 5983 5993 6007
f 5993 6008 6007
f 5993 5994 6008
f 5994 6009 6008
f 5994 5995 6009
f 5995 6010 6009
f 5995 5996 6010
f 5996 5976 6010
f 5963 6012 6011
f 5963 6013 6012
f 5963 6014 6013
f 5963 6001 6014
f 6001 6015 6014
f 6001 6016 6015
f 6001 6017 6016
f 6001 6018 6017
f 6001 6002 6018
f 6002 6019 6018
f 6002 6003 6019
f 6003 6020 6019
f 6003 6004 6020
f 6004 6021 6020
f 6004 6005 6021
f 6005 6022 6021
f 6005 6006 6022
f 6006 6023 6022
f 6006 5956 6023
f 5956 6024 6023
f 6024 6007 6025
f 6007 6026 6025
f 6007 6008 6026
f 6008 6027 6026
f 6008 6009 6027
f 6009 6028 6027
f 6009 6010 6028
f 6010 6029 6028
f 6010 6030 6029
f 6010 6031 6030
f 6010 5976 6031
f 5976 6032 6031
f 5976 6033 6032
f 5976 6034 6033
f 5976 6011 6034
f 5976 5963 6011
f 6011 6036 6035
f 6011 6012 6036
f 6012 6037 6036
f 6012 6013 6037
f 6013 6038 6037
f 6013 6014 6038
f 6014 6039 6038
f 6014 6015 6039
f 6015 6040 6039
f 6015 6016 6040
f 6016 6041 6040
f 6016 6017 6041
f 6017 6042 6041
f 6017 6018 6042
f 6018 6043 6042
f 6018 6019 6043
f 6019 6044 6043
f 6019 6020 6044
f 6020 6045 6044
f 6020 6021 6045
f 6021 6046 6045
f 6021 6022 6046
f 6022 6047 6046
f 6022 6023 6047
f 6023 6048 6047
f 6023 6024 6048
f 6024 6049 6048
f 6024 6025 6049
f 6025 6050 6049
f 6025 6026 6050
f 6026 6051 6050
f 6026 6027 6051
f 6027 6052 6051
f 6027 6028 6052
f 6028 6053 6052
f 6028 6029 6053
f 6029 6054 6053
f 6029 6030 6054
f 6030 6055 6054
f 6030 6031 6055
f 6031 6056 6055
f 6031 6032 6056
f 6032 6057 6056
f 6032 6033 6057
f 6033 6058 6057
f 6033 6034 6058
f 6034 6035 6058
f 6034 6011 6035
f 5185 5187 5186
f 5184 5187 5185
f 5184 5188 5187
f 5184 5189 5188
f 5183 5189 5184
f 5182 5189 5183
f 5181 5189 5182
f 5180 5189 5181
f 5179 5189 5180
f 5178 5189 5179
f 5177 5189 5178
f 5176 5189 5177
f 5175 5189 5176
f 5174 5189 5175
f 5197 5189 5174
f 5196 5189 5197
f 5195 5189 5196
f 5195 5190 5189
f 5195 5191 5190
f 5195 5192 5191
f 5195 5193 5192
f 5195 5194 5193
f 6058 6035 6036
f 6057 6058 6036
f 6057 6036 6037
f 6056 6057 6037
f 6056 6037 6038
f 6055 6056 6038
f 6054 6055 6038
f 6053 6054 6038
f 6052 6053 6038
f 6051 6052 6038
f 6050 6051 6038
f 6050 6038 6039
f 6050 6039 6040
f 6050 6040 6041
f 6050 6041 6042
f 6050 6042 6043
f 6050 6043 6044
f 6050 6044 6045
f 6050 6045 6046
f 6050 6046 6047
f 6050 6047 6048
f 6050 6048 6049

